BaseFeatureIdx,GeometricSim,FunctionalJaccard
0,1.0,0.11146215089093896
1,0.78956866,0.6282278730534201
2,1.0,0.9908424908424909
3,0.883825,0.4639252336448598
4,1.0,0.9908424908424909
5,1.0,0.989010989010989
6,1.0,0.989010989010989
7,0.95911753,0.9424146147736299
8,1.0,0.9420035149384886
9,1.0,0.17712609970674487
10,1.0,0.9872029250457038
11,1.0,0.9418282548476454
12,1.0,0.9954212454212454
13,1.0,0.07875787578757876
14,1.0,0.9908424908424909
15,1.0,0.989010989010989
16,1.0,0.9908424908424909
17,1.0,0.9908424908424909
18,1.0,0.9908424908424909
19,0.99728817,0.09054487179487179
20,1.0,0.04587628865979381
21,1.0,0.9908424908424909
22,1.0,0.9908424908424909
23,0.9676868,0.9063802083333333
24,1.0,0.9908424908424909
25,1.0,0.218271476771347
26,1.0,0.9908424908424909
27,1.0,0.98992673992674
28,1.0,0.9908424908424909
29,1.0,0.8659450457951707
30,0.77476275,0.7833910957078113
31,1.0,0.9908424908424909
32,1.0,0.9908424908424909
33,1.0,0.9954001839926403
34,1.0,0.9880952380952381
35,0.9530683,0.1961904761904762
36,1.0,0.9908424908424909
37,1.0,0.9908424908424909
38,0.96613544,0.4111926605504587
39,0.6678762,0.8661927660464144
40,1.0,0.16505524861878454
41,1.0,0.8383280757097792
42,1.0,0.9908424908424909
43,1.0,0.9908424908424909
44,1.0,0.9880952380952381
45,1.0,0.9880952380952381
46,1.0,0.9908424908424909
47,0.9189252,0.7458322646832521
48,1.0,0.9517743403093721
49,0.977454,0.855393125246938
50,1.0,0.9908424908424909
51,1.0,0.9908424908424909
52,1.0,0.9908424908424909
53,0.96684855,0.8419110108673364
54,0.9989804,0.12238920020376974
55,1.0,0.03982300884955752
56,1.0,0.9908424908424909
57,1.0,0.9908424908424909
58,1.0,0.9880952380952381
59,0.8101252,0.37808417997097243
60,1.0,0.9615736505032022
61,0.8889547,0.12861189801699716
62,1.0,0.98992673992674
63,1.0,0.9908424908424909
64,1.0,0.9908424908424909
65,0.999842,0.3233654333502281
66,1.0,0.9908424908424909
67,1.0,0.9522522522522523
68,1.0,0.9717153284671532
69,1.0,0.9908424908424909
70,1.0,0.9908424908424909
71,1.0,0.9908424908424909
72,1.0,0.9836512261580381
73,1.0,0.9908424908424909
74,1.0,0.9908424908424909
75,1.0,0.588023088023088
76,1.0,0.9908424908424909
77,1.0,0.20266990291262135
78,0.7193395,0.366774650739016
79,1.0,0.856312292358804
80,1.0,0.8990509059534081
81,1.0,0.9908424908424909
82,1.0,0.9908424908424909
83,1.0,0.11950074147305981
84,0.95536244,0.6103151862464183
85,0.99996364,0.1580709979906229
86,0.92797977,0.6605070422535211
87,1.0,0.5710165825522711
88,0.7840232,0.8539148712559117
89,1.0,0.7930194805194806
90,1.0,0.7193133047210301
91,1.0,0.9908424908424909
92,0.9278219,0.5731958762886598
93,1.0,0.9845031905195989
94,1.0,0.9908424908424909
95,1.0,0.9908424908424909
96,1.0,0.9908424908424909
97,1.0,0.4841628959276018
98,1.0,0.9908424908424909
99,1.0,0.971093044263776
100,1.0,0.9908424908424909
101,1.0,0.9908424908424909
102,1.0,0.9908424908424909
103,1.0,0.9908424908424909
104,1.0,0.9908424908424909
105,1.0,0.9908424908424909
106,0.95809156,0.05407002511449254
107,1.0,0.9908424908424909
108,1.0,0.9880952380952381
109,1.0,0.9908424908424909
110,1.0,0.9908424908424909
111,1.0,0.9880952380952381
112,1.0,0.7935258092738408
113,1.0,0.9368888888888889
114,1.0,0.7946074544012688
115,1.0,0.9908424908424909
116,1.0,0.933273219116321
117,1.0,0.8220551378446115
118,1.0,0.5674074074074074
119,1.0,0.9330985915492958
120,0.9999827,0.1653211653211653
121,0.9999525,0.15425158116654955
122,0.9816466,0.9568974829858485
123,1.0,0.9908424908424909
124,1.0,0.9908424908424909
125,1.0,0.9908424908424909
126,1.0,0.9880952380952381
127,0.910031,0.5761786600496278
128,0.7297151,0.3826591314693635
129,1.0,0.9908424908424909
130,1.0,0.8563074352548037
131,1.0,0.98992673992674
132,1.0,0.9908424908424909
133,0.7280054,0.47447243022464264
134,0.92199355,0.46431654676258993
135,1.0,0.9880952380952381
136,1.0,0.9908424908424909
137,1.0,0.9917506874427131
138,1.0,0.4572250179726815
139,1.0,0.9908424908424909
140,0.99999774,0.08760199456029012
141,0.48258513,0.6843116328708645
142,0.94077164,0.7662364269616881
143,1.0,0.9470802919708029
144,0.9999996,0.3141263940520446
145,0.99999994,0.5854025583145221
146,1.0,0.971689497716895
147,1.0,0.48155067725361983
148,1.0,0.9908424908424909
149,1.0,0.9908424908424909
150,1.0,0.9908424908424909
151,1.0,0.9836065573770492
152,1.0,0.9908424908424909
153,1.0,0.9908424908424909
154,1.0,0.19134860050890584
155,1.0,0.9908424908424909
156,1.0,0.9908424908424909
157,1.0,0.9908424908424909
158,1.0,0.9908424908424909
159,1.0,0.1494234465086483
160,1.0,0.9908424908424909
161,0.5806672,0.47772194304857624
162,0.9579521,0.5735184726010414
163,1.0,0.9908424908424909
164,1.0,0.9579982126899017
165,1.0,0.9880952380952381
166,1.0,0.9880952380952381
167,0.9665058,0.8137525501020041
168,1.0,0.9660107334525939
169,1.0,0.9728997289972899
170,0.8507241,0.8774759814968568
171,0.9997142,0.10149634613153927
172,1.0,0.9908424908424909
173,1.0,0.9908424908424909
174,0.99802417,0.16381766381766383
175,1.0,0.15095238095238095
176,1.0,0.869602032176122
177,1.0,0.9908424908424909
178,1.0,0.8805194805194805
179,1.0,0.5854765506807866
180,1.0,0.9908424908424909
181,1.0,0.08737346830047948
182,0.9997329,0.1365583270345175
183,0.96107024,0.9536018268631928
184,0.68092006,0.4901172529313233
185,1.0,0.9658886894075404
186,1.0,0.9093264248704663
187,1.0,0.9908424908424909
188,1.0,0.9880952380952381
189,1.0,0.996316758747698
190,0.9508306,0.662873399715505
191,1.0,0.9826642335766423
192,1.0,0.6496062992125984
193,0.97680783,0.27372159090909093
194,1.0,0.9908424908424909
195,1.0,0.10586319218241043
196,1.0,0.9908424908424909
197,1.0,0.9646098003629764
198,1.0,0.9908424908424909
199,1.0,0.6539456662354464
200,0.98471826,0.5915032679738562
201,1.0,0.9436997319034852
202,1.0,0.06951949759018548
203,0.91857934,0.520122652357225
204,1.0,0.9490909090909091
205,0.9996643,0.502283105022831
206,0.5568892,0.0946223316912972
207,0.956331,0.9649465460526315
208,0.85621583,0.5722636103151862
209,1.0,0.9908424908424909
210,1.0,0.9917582417582418
211,1.0,0.9710144927536232
212,1.0,0.7455113192818111
213,1.0,0.9880952380952381
214,1.0,0.1375889583782618
215,1.0,0.14466885861906997
216,0.9644079,0.550531914893617
217,1.0,0.9908424908424909
218,1.0,0.9908424908424909
219,1.0,0.9908424908424909
220,0.75168186,0.10317356667101998
221,0.7747018,0.25688509021842354
222,0.9988745,0.14207086343309253
223,1.0,0.9650850492390332
224,1.0,0.9827429609445958
225,0.5804759,0.53770783847981
226,1.0,0.9908424908424909
227,1.0,0.9908424908424909
228,0.9999287,0.29918824893699264
229,0.6471199,0.6315557514323491
230,1.0,0.9908424908424909
231,1.0,0.9908424908424909
232,0.7242658,0.10577740016992354
233,0.9999991,0.1327337739733449
234,1.0,0.3388042203985932
235,1.0,0.6316981132075472
236,1.0,0.09398738251577185
237,0.99999654,0.07491289198606271
238,1.0,0.030689399555226093
239,0.9439645,0.8754246885617214
240,0.7846158,0.20563263615655414
241,0.99997646,0.17379780386217342
242,1.0,0.9744990892531876
243,0.9607792,0.7853507138423339
244,1.0,0.9908424908424909
245,0.9226393,0.9765422239968058
246,1.0,0.9908424908424909
247,0.99966353,0.11646191646191646
248,0.99807537,0.10704622985531113
249,0.9792305,0.7981029810298103
250,1.0,0.9908424908424909
251,1.0,0.9835766423357665
252,0.57472867,0.7978046103183315
253,1.0,0.9908424908424909
254,1.0,0.9880952380952381
255,1.0,0.9908424908424909
256,0.95274854,0.9674026244532389
257,1.0,0.9908424908424909
258,0.72646344,0.3325618223900597
259,1.0,0.9908424908424909
260,1.0,0.9908424908424909
261,1.0,0.9908424908424909
262,1.0,0.9657657657657658
263,1.0,0.7041699449252558
264,1.0,0.06993006993006994
265,1.0,0.09074752860157725
266,0.9999979,0.22982005141388176
267,1.0,0.9676258992805755
268,1.0,0.8283400809716599
269,1.0,0.989010989010989
270,1.0,0.9908424908424909
271,1.0,0.9880952380952381
272,1.0,0.9908424908424909
273,1.0,0.9908424908424909
274,0.944617,0.39705882352941174
275,1.0,0.9908424908424909
276,0.99455494,0.14497385241138872
277,1.0,0.8764607679465777
278,1.0,0.9496402877697842
279,1.0,0.8722871452420701
280,1.0,0.9908424908424909
281,0.9141692,0.3620029065926807
282,1.0,0.12097053726169844
283,1.0,0.9880843263061412
284,1.0,0.9431111111111111
285,1.0,0.9908424908424909
286,1.0,0.9908424908424909
287,1.0,0.9908424908424909
288,1.0,0.9338624338624338
289,1.0,0.9908424908424909
290,0.5433623,0.25696830851470026
291,1.0,0.07845701209545602
292,1.0,0.9908424908424909
293,1.0,0.9908424908424909
294,1.0,0.9908424908424909
295,1.0,0.9908424908424909
296,0.9999927,0.4066053059014618
297,1.0,0.9908424908424909
298,1.0,0.7113690537879573
299,1.0,0.9908424908424909
300,1.0,0.98992673992674
301,1.0,0.989010989010989
302,1.0,0.9826642335766423
303,1.0,0.23160467010589195
304,1.0,0.9899175068744271
305,1.0,0.9908424908424909
306,0.70865947,0.5549352956102512
307,1.0,0.5334947538337369
308,1.0,0.6594027441485069
309,0.7774695,0.8587282210631451
310,1.0,0.7739059967585089
311,1.0,0.9880952380952381
312,1.0,0.9917431192660551
313,0.89257294,0.6022203245089667
314,1.0,0.9367201426024956
315,0.42719427,0.31369936034115137
316,1.0,0.5742574257425742
317,1.0,0.9908172635445363
318,1.0,0.9908424908424909
319,1.0,0.9490909090909091
320,1.0,0.9908424908424909
321,1.0,0.9737318840579711
322,1.0,0.1404140414041404
323,1.0,0.9908424908424909
324,1.0,0.9972350230414746
325,1.0,0.9466101694915254
326,1.0,0.9476021314387212
327,1.0,0.9908424908424909
328,1.0,0.9871794871794872
329,1.0,0.9908424908424909
330,0.90745944,0.5466123280692817
331,0.9993272,0.19949622166246853
332,0.9575327,0.3143350604490501
333,1.0,0.9853747714808044
334,1.0,0.9908424908424909
335,0.9908662,0.9062454505750474
336,1.0,0.9908424908424909
337,1.0,0.9908424908424909
338,1.0,0.9908424908424909
339,1.0,0.9908424908424909
340,1.0,0.8249581239530989
341,1.0,0.6225266362252664
342,1.0,0.9908424908424909
343,0.99999994,0.9880952380952381
344,0.9903828,0.5686691133861309
345,1.0,0.9475555555555556
346,1.0,0.9862637362637363
347,1.0,0.9576576576576576
348,1.0,0.10952877156420053
349,1.0,0.9908424908424909
350,1.0,0.9908424908424909
351,1.0,0.9880952380952381
352,1.0,0.07738998482549317
353,1.0,0.8745454545454545
354,1.0,0.9908424908424909
355,1.0,0.9684400360685302
356,1.0,0.9880952380952381
357,1.0,0.20247046186895812
358,0.68666357,0.2493246464325441
359,0.7810836,0.7964108160543227
360,1.0,0.9908424908424909
361,1.0,0.9908424908424909
362,0.62088466,0.6066499372647428
363,1.0,0.7734311328443357
364,1.0,0.9908424908424909
365,1.0,0.989010989010989
366,1.0,0.9908424908424909
367,0.8597532,0.9214456391875747
368,0.999847,0.15269765863590093
369,1.0,0.21074007220216606
370,0.6304793,0.12516534391534392
371,0.99999,0.10674233211728144
372,1.0,0.9908424908424909
373,0.9999996,0.2709235209235209
374,0.9999213,0.14915362503992335
375,1.0,0.9908424908424909
376,0.99999994,0.9908424908424909
377,1.0,0.9908424908424909
378,0.9991345,0.6412051125989044
379,1.0,0.9908424908424909
380,1.0,0.9908424908424909
381,1.0,0.9908424908424909
382,0.9999963,0.3180389692017599
383,1.0,0.9908424908424909
384,0.9861288,0.6655633354551241
385,0.9999981,0.3123140987507436
386,1.0,0.9476021314387212
387,1.0,0.970216606498195
388,0.54795194,0.874509033778476
389,1.0,0.9908424908424909
390,1.0,0.9781221513217867
391,1.0,0.9972350230414746
392,1.0,0.9048843187660668
393,0.75401884,0.41162654139753374
394,1.0,0.9908424908424909
395,1.0,0.9908424908424909
396,1.0,0.9880952380952381
397,1.0,0.9527629233511586
398,1.0,0.9908424908424909
399,0.9188688,0.712746640842513
400,1.0,0.9880952380952381
401,0.8474565,0.787890858394742
402,1.0,0.1931356620633631
403,0.97480595,0.869475847893114
404,1.0,0.9738738738738739
405,0.9633783,0.8779808739862002
406,1.0,0.8519736842105263
407,1.0,0.8519437551695617
408,1.0,0.9908424908424909
409,1.0,0.9908424908424909
410,1.0,0.9908424908424909
411,1.0,0.9908424908424909
412,1.0,0.9908424908424909
413,1.0,0.9908424908424909
414,1.0,0.9880952380952381
415,1.0,0.9057412167952014
416,1.0,0.9816849816849816
417,1.0,0.9908424908424909
418,1.0,0.07318932655654384
419,1.0,0.9908424908424909
420,1.0,0.9808743169398907
421,0.938689,0.42825484764542937
422,1.0,0.9908424908424909
423,1.0,0.9908424908424909
424,1.0,0.9908424908424909
425,0.50778764,0.7483829236739974
426,1.0,0.22040332147093714
427,1.0,0.47474747474747475
428,1.0,0.1474129515131793
429,1.0,0.9908424908424909
430,1.0,0.9764279238440616
431,1.0,0.5662125340599455
432,1.0,0.9908424908424909
433,1.0,0.9908424908424909
434,1.0,0.9835315645013724
435,1.0,0.8816568047337278
436,1.0,0.6325254104769351
437,0.8709728,0.9299537231804796
438,0.9709716,0.5093153237074989
439,1.0,0.9908424908424909
440,1.0,0.9908424908424909
441,0.5884791,0.5201765447667087
442,1.0,0.9917506874427131
443,0.9550217,0.8019127897552277
444,1.0,0.9908424908424909
445,0.9554033,0.10985582095975899
446,1.0,0.035240866472680245
447,1.0,0.9908424908424909
448,1.0,0.9908424908424909
449,0.91409385,0.8439577203879264
450,1.0,0.9908424908424909
451,1.0,0.9908424908424909
452,1.0,0.9908424908424909
453,1.0,0.9908424908424909
454,1.0,0.9908424908424909
455,1.0,0.6132530120481928
456,1.0,0.9908424908424909
457,1.0,0.9908424908424909
458,0.37618196,0.8509384984025559
459,1.0,0.9908424908424909
460,1.0,0.9908424908424909
461,1.0,0.9908424908424909
462,1.0,0.9908424908424909
463,1.0,0.9635231316725978
464,1.0,0.7861271676300579
465,1.0,0.9880952380952381
466,1.0,0.9908424908424909
467,1.0,0.6594027441485069
468,0.6484006,0.8818787939098418
469,1.0,0.9224738675958188
470,1.0,0.9908424908424909
471,1.0,0.9410187667560321
472,1.0,0.9908424908424909
473,1.0,0.5315315315315315
474,1.0,0.824212271973466
475,1.0,0.9908424908424909
476,1.0,0.8318440292445166
477,0.6147377,0.22020725388601037
478,1.0,0.9748427672955975
479,1.0,0.8471074380165289
480,1.0,0.9908424908424909
481,1.0,0.9908424908424909
482,1.0,0.9827272727272728
483,1.0,0.9845874886672711
484,0.55271846,0.4339556592765461
485,1.0,0.989010989010989
486,1.0,0.9908424908424909
487,1.0,0.43333333333333335
488,1.0,0.9880952380952381
489,1.0,0.9737556561085973
490,1.0,0.6893880712625872
491,0.9570552,0.8192882168541398
492,1.0,0.28032683846637335
493,0.937818,0.425
494,1.0,0.9908424908424909
495,1.0,0.9880952380952381
496,0.86174405,0.6773392216395252
497,1.0,0.9908424908424909
498,1.0,0.9908424908424909
499,0.74805427,0.9310235888795282
500,1.0,0.9908424908424909
501,1.0,0.61995430312262
502,0.8116892,0.3611440426793124
503,1.0,0.06794682422451995
504,0.99933183,0.1294998791978739
505,0.7086446,0.579659754128896
506,1.0,0.9908424908424909
507,1.0,0.03317384370015949
508,1.0,0.09267530147387226
509,1.0,0.9880952380952381
510,1.0,0.10165369649805447
511,1.0,0.9853747714808044
512,0.99999994,0.9880952380952381
513,0.78307873,0.46383928571428573
514,1.0,0.9908424908424909
515,1.0,0.10806984426616328
516,1.0,0.9754322111010009
517,1.0,0.9880952380952381
518,1.0,0.98992673992674
519,1.0,0.989935956084172
520,0.6623402,0.8808618504435995
521,1.0,0.9908424908424909
522,1.0,0.9908424908424909
523,1.0,0.9908424908424909
524,1.0,0.9908424908424909
525,0.9912731,0.2953695042095416
526,1.0,0.9148566463944396
527,1.0,0.989010989010989
528,1.0,0.9908424908424909
529,0.9299102,0.8410397975615367
530,0.6765347,0.21790292078167683
531,1.0,0.5815217391304348
532,1.0,0.15037354951518042
533,1.0,0.2657757980697847
534,1.0,0.05414499847048027
535,0.6777072,0.764452992419957
536,0.9595394,0.3046215261784124
537,1.0,0.98992673992674
538,1.0,0.09782865234835969
539,1.0,0.9908424908424909
540,0.9999889,0.15023474178403756
541,1.0,0.9908424908424909
542,1.0,0.9908424908424909
543,0.92283756,0.9305587229190422
544,1.0,0.9908424908424909
545,1.0,0.9908424908424909
546,1.0,0.6600946372239748
547,1.0,0.9908424908424909
548,0.92538553,0.6981031258348918
549,1.0,0.6698187549251379
550,1.0,0.9908424908424909
551,0.98815936,0.8390131345402911
552,1.0,0.9908424908424909
553,1.0,0.040858179523584164
554,1.0,0.9781021897810219
555,1.0,0.2327605956471936
556,1.0,0.09416048901027442
557,1.0,0.10732498840982846
558,1.0,0.08711080586080586
559,1.0,0.9041916167664671
560,1.0,0.07332293291731669
561,1.0,0.34760885082084225
562,1.0,0.915944540727903
563,1.0,0.19112940100594422
564,0.98289657,0.8101604278074866
565,1.0,0.9880952380952381
566,1.0,0.13815187557182068
567,1.0,0.9880952380952381
568,0.79761,0.266882276843467
569,1.0,0.9908424908424909
570,1.0,0.9908424908424909
571,1.0,0.0410844629822732
572,1.0,0.9908424908424909
573,1.0,0.9908424908424909
574,1.0,0.6363636363636364
575,1.0,0.9400352733686067
576,1.0,0.1205761316872428
577,1.0,0.9908424908424909
578,1.0,0.5179856115107914
579,0.8435572,0.947190332326284
580,1.0,0.9908424908424909
581,1.0,0.9248188405797102
582,1.0,0.9908424908424909
583,1.0,0.2228454869964304
584,1.0,0.9908424908424909
585,1.0,0.9908424908424909
586,0.89058155,0.8865671641791045
587,1.0,0.9908424908424909
588,1.0,0.9908424908424909
589,1.0,0.9908424908424909
590,0.90192693,0.5895337301587301
591,1.0,0.9880952380952381
592,1.0,0.9791099000908265
593,1.0,0.9880952380952381
594,0.9339126,0.38489270386266095
595,0.99960315,0.11812981845312111
596,1.0,0.9880952380952381
597,1.0,0.9908424908424909
598,1.0,0.9954001839926403
599,1.0,0.6573795180722891
600,1.0,0.9908424908424909
601,1.0,0.8811305070656692
602,0.95842344,0.6277320465512347
603,1.0,0.15481775532298808
604,1.0,0.16572352465642684
605,1.0,0.15518518518518518
606,0.58542955,0.16333178222429037
607,1.0,0.957847533632287
608,0.9805198,0.9401628702938747
609,0.9696571,0.9531362653208363
610,0.7021335,0.19194794631964213
611,1.0,0.9880952380952381
612,1.0,0.9880952380952381
613,1.0,0.9908424908424909
614,1.0,0.873015873015873
615,0.9541855,0.5616388687454678
616,1.0,0.9908424908424909
617,1.0,0.9554545454545454
618,1.0,0.9908424908424909
619,1.0,0.989010989010989
620,0.96419317,0.7014068863383932
621,1.0,0.9500891265597148
622,1.0,0.9908424908424909
623,1.0,0.9908424908424909
624,1.0,0.4079045488441462
625,1.0,0.9908424908424909
626,0.9999645,0.28401229823212915
627,1.0,0.98992673992674
628,0.9382555,0.9076791260576202
629,1.0,0.8085106382978723
630,1.0,0.1125270497715797
631,1.0,0.9908424908424909
632,1.0,0.9908424908424909
633,0.99993443,0.15179392824287027
634,1.0,0.9908424908424909
635,1.0,0.9880952380952381
636,1.0,0.9908424908424909
637,0.9741104,0.7831635639854818
638,1.0,0.9908424908424909
639,1.0,0.9890210430009149
640,1.0,0.44418423106947696
641,1.0,0.9908424908424909
642,0.91861373,0.9493096845711982
643,1.0,0.9908424908424909
644,0.8357119,0.4564597499451634
645,1.0,0.9908424908424909
646,0.5328847,0.5051282051282051
647,1.0,0.996316758747698
648,0.84025025,0.4778761061946903
649,1.0,0.9908424908424909
650,1.0,0.9908424908424909
651,0.8507485,0.21524852569502947
652,0.8146913,0.9455578180259351
653,0.9999985,0.27615062761506276
654,0.90609443,0.6826855123674912
655,1.0,0.9908424908424909
656,0.8106362,0.3394243208279431
657,1.0,0.9908424908424909
658,0.970308,0.9834396214770623
659,1.0,0.969286359530262
660,1.0,0.9908424908424909
661,1.0,0.7889492753623188
662,1.0,0.9908424908424909
663,1.0,0.10304449648711944
664,0.9998609,0.14835505896958412
665,0.7275882,0.6587015978120052
666,1.0,0.9890009165902841
667,1.0,0.9908424908424909
668,1.0,0.9319727891156463
669,1.0,0.9908424908424909
670,1.0,0.8917089678510999
671,1.0,0.9908424908424909
672,1.0,0.9908424908424909
673,1.0,0.9908424908424909
674,1.0,0.416403785488959
675,1.0,0.9908424908424909
676,1.0,0.9908424908424909
677,1.0,0.9908424908424909
678,1.0,0.9908424908424909
679,0.99999994,0.10834834834834835
680,1.0,0.9908424908424909
681,1.0,0.3079584775086505
682,1.0,0.9853613906678865
683,1.0,0.47690014903129657
684,0.9445066,0.1508130081300813
685,1.0,0.9908424908424909
686,1.0,0.9908424908424909
687,0.9999666,0.3148375572178185
688,1.0,0.07455919395465994
689,1.0,0.9908424908424909
690,1.0,0.9430604982206405
691,1.0,0.9880952380952381
692,1.0,0.9908424908424909
693,0.41842544,0.20816904256394703
694,1.0,0.803486529318542
695,0.28370553,0.3451200573408195
696,0.575845,0.1949289168987249
697,1.0,0.07219442458899214
698,1.0,0.9880952380952381
699,1.0,0.9581478183437222
700,1.0,0.036636794939377965
701,1.0,0.9908424908424909
702,0.9999831,0.11534302535143579
703,1.0,0.9954001839926403
704,0.8153247,0.4619404680754374
705,0.76670307,0.4787701317715959
706,1.0,0.9525547445255474
707,1.0,0.9908424908424909
708,1.0,0.9908424908424909
709,1.0,0.9318584070796461
710,1.0,0.9519572953736655
711,1.0,0.9908424908424909
712,0.9758645,0.915381791483113
713,0.97653824,0.8021032504780115
714,1.0,0.9908424908424909
715,1.0,0.9908424908424909
716,1.0,0.9908424908424909
717,1.0,0.9908424908424909
718,1.0,0.9908424908424909
719,0.9726149,0.782227165986899
720,1.0,0.9908424908424909
721,0.99997526,0.23741007194244604
722,1.0,0.9780821917808219
723,1.0,0.2916666666666667
724,1.0,0.6136363636363636
725,1.0,0.9908424908424909
726,0.99999976,0.40115025161754136
727,0.96954495,0.09542163046017285
728,0.9427162,0.4750639386189258
729,1.0,0.9181184668989547
730,1.0,0.9853747714808044
731,1.0,0.9908424908424909
732,1.0,0.9981549815498155
733,1.0,0.9881170018281535
734,0.6298945,0.5777092611624985
735,0.41607445,0.8287303794953308
736,0.9663608,0.9301937903729943
737,0.8711375,0.9015468227424749
738,1.0,0.9908424908424909
739,1.0,0.9908424908424909
740,1.0,0.9908424908424909
741,1.0,0.9680073126142597
742,1.0,0.9908424908424909
743,1.0,0.044733631557543715
744,1.0,0.9880952380952381
745,1.0,0.9908424908424909
746,0.99999774,0.2583005064715813
747,1.0,0.9880952380952381
748,1.0,0.9908424908424909
749,1.0,0.9908424908424909
750,1.0,0.9748427672955975
751,0.9572987,0.4867992766726944
752,0.9999996,0.6248108925869894
753,1.0,0.9829136690647482
754,1.0,0.9035836177474402
755,0.9018713,0.6265750286368843
756,1.0,0.8211120064464141
757,0.92119634,0.5864496260448746
758,1.0,0.9908424908424909
759,1.0,0.9898523985239852
760,1.0,0.07811709127720601
761,1.0,0.9908424908424909
762,0.9572747,0.8892174984596426
763,1.0,0.09406175771971496
764,0.8412365,0.8541317114093959
765,0.95273644,0.5685345961589056
766,1.0,0.9604672057502246
767,1.0,0.11024844720496894
768,0.85653114,0.567221852098601
769,1.0,0.9908424908424909
770,1.0,0.11675447839831402
771,1.0,0.44531864673485444
772,1.0,0.9908424908424909
773,1.0,0.9172535211267606
774,1.0,0.10911094783247612
775,1.0,0.8246484698097601
776,1.0,0.9908424908424909
777,0.9305433,0.6051000281769513
778,1.0,0.9908424908424909
779,1.0,0.4289340101522843
780,0.9995717,0.11711497262556535
781,1.0,0.49047326367547633
782,1.0,0.9136442141623489
783,1.0,0.989010989010989
784,1.0,0.4521604938271605
785,1.0,0.9532794249775381
786,1.0,0.9908424908424909
787,0.94992346,0.6390996784565917
788,1.0,0.9908424908424909
789,1.0,0.9693693693693693
790,1.0,0.98992673992674
791,1.0,0.956989247311828
792,1.0,0.8283400809716599
793,1.0,0.9908424908424909
794,0.99770683,0.09479717813051146
795,1.0,0.9264448336252189
796,0.99984574,0.1027798098024872
797,1.0,0.9908424908424909
798,1.0,0.9827115559599636
799,0.8952673,0.6003725462100588
800,1.0,0.9908424908424909
801,1.0,0.9908424908424909
802,1.0,0.9962962962962963
803,0.5706679,0.6142386702211071
804,0.62377673,0.26784092972580353
805,1.0,0.9908424908424909
806,0.40254012,0.23361144219308702
807,0.91429937,0.7803454982267475
808,1.0,0.9944852941176471
809,1.0,0.9908424908424909
810,0.9564391,0.816607634789453
811,1.0,0.9908424908424909
812,0.93555,0.41898008449004226
813,0.93290156,0.49507735583684953
814,1.0,0.9908424908424909
815,0.9709287,0.34950143653878657
816,1.0,0.9737080689029919
817,1.0,0.9908424908424909
818,1.0,0.8024193548387096
819,1.0,0.10665013176251743
820,1.0,0.9734432234432234
821,1.0,0.9908424908424909
822,1.0,0.9908424908424909
823,1.0,0.9908424908424909
824,1.0,0.9908424908424909
825,0.7946718,0.820488423723438
826,0.5741708,0.1875177304964539
827,1.0,0.9908424908424909
828,1.0,0.9908424908424909
829,1.0,0.4134036144578313
830,1.0,0.9908424908424909
831,0.8382751,0.239805375347544
832,1.0,0.9908424908424909
833,1.0,0.8532751091703057
834,1.0,0.9908424908424909
835,0.9595832,0.9561899098027554
836,1.0,0.9908424908424909
837,0.9455506,0.3370679054515644
838,1.0,0.06564551422319474
839,1.0,0.09426795580110497
840,1.0,0.9880952380952381
841,1.0,0.9853747714808044
842,1.0,0.9908424908424909
843,0.68922824,0.5169398907103825
844,1.0,0.9908424908424909
845,1.0,0.9835766423357665
846,1.0,0.8932536293766012
847,0.9999869,0.18708881578947367
848,1.0,0.9908424908424909
849,1.0,0.11663641863278887
850,1.0,0.9881170018281535
851,0.7213771,0.5645220814368311
852,1.0,0.9908424908424909
853,0.62362474,0.920515574650913
854,1.0,0.9908424908424909
855,1.0,0.9596330275229358
856,1.0,0.9908424908424909
857,1.0,0.9908424908424909
858,1.0,0.9908424908424909
859,1.0,0.9908424908424909
860,1.0,0.9908424908424909
861,1.0,0.8932536293766012
862,0.9688849,0.6281893846363761
863,1.0,0.9908424908424909
864,1.0,0.9909008189262967
865,1.0,0.9908424908424909
866,0.98299515,0.7995079950799509
867,0.7796741,0.33216510903426794
868,1.0,0.8337617823479005
869,1.0,0.17070050111952234
870,1.0,0.887263339070568
871,1.0,0.43333333333333335
872,1.0,0.12604248623131392
873,1.0,0.9908424908424909
874,1.0,0.9440993788819876
875,1.0,0.9264448336252189
876,1.0,0.9908424908424909
877,1.0,0.996316758747698
878,1.0,0.08823529411764706
879,0.55636805,0.2651156499391316
880,1.0,0.9945105215004575
881,1.0,0.9476021314387212
882,1.0,0.9908424908424909
883,1.0,0.9908424908424909
884,0.9345871,0.6373359261059796
885,0.99999976,0.34477958236658934
886,1.0,0.9908424908424909
887,1.0,0.1146380173361006
888,1.0,0.9908424908424909
889,1.0,0.9908424908424909
890,0.9116503,0.976149042890777
891,1.0,0.9908424908424909
892,1.0,0.9643811219946572
893,1.0,0.996316758747698
894,1.0,0.989010989010989
895,0.9523387,0.9478934521914465
896,1.0,0.9908424908424909
897,0.89442277,0.570054945054945
898,0.989564,0.2413793103448276
899,1.0,0.9908424908424909
900,1.0,0.9717411121239745
901,0.6519299,0.4343933312750849
902,0.9211654,0.26674641148325356
903,1.0,0.4027879677182685
904,0.467568,0.697249800296702
905,1.0,0.9880952380952381
906,1.0,0.98992673992674
907,0.8895296,0.42853347502656747
908,0.9990187,0.13135351227869788
909,1.0,0.9908424908424909
910,1.0,0.9880952380952381
911,1.0,0.9908424908424909
912,1.0,0.9908424908424909
913,1.0,0.9908424908424909
914,1.0,0.7988915281076802
915,0.9740462,0.986930060860022
916,1.0,0.989010989010989
917,1.0,0.9908424908424909
918,0.99986255,0.16283185840707964
919,0.3570509,0.0795507721104352
920,1.0,0.9782214156079855
921,1.0,0.9880952380952381
922,0.92639863,0.5244410761652141
923,1.0,0.6927286942924159
924,0.9755202,0.3797909407665505
925,0.77687114,0.25894736842105265
926,1.0,0.10862700517872932
927,1.0,0.9908424908424909
928,1.0,0.1889452904681331
929,1.0,0.9908424908424909
930,0.6515611,0.5035690006798097
931,1.0,0.08874764595103578
932,1.0,0.9908424908424909
933,1.0,0.16548183254344392
934,1.0,0.9908424908424909
935,1.0,0.9908424908424909
936,1.0,0.9908424908424909
937,1.0,0.36363636363636365
938,1.0,0.9880952380952381
939,0.98323935,0.76049908703591
940,1.0,0.9880952380952381
941,0.9686135,0.8816378758797185
942,0.9651243,0.8593793294541424
943,1.0,0.651394422310757
944,1.0,0.9297629499561019
945,1.0,0.9808743169398907
946,1.0,0.9908424908424909
947,0.9389534,0.40432228283676036
948,1.0,0.6594027441485069
949,1.0,0.9908424908424909
950,1.0,0.95013357079252
951,1.0,0.18849089841456254
952,1.0,0.9908424908424909
953,1.0,0.9908424908424909
954,0.679418,0.8529214237743452
955,1.0,0.9880952380952381
956,0.9999996,0.29094181163767247
957,1.0,0.14816360601001669
958,1.0,0.9908424908424909
959,1.0,0.9908424908424909
960,1.0,0.9908424908424909
961,1.0,0.9908424908424909
962,1.0,0.9908424908424909
963,1.0,0.11240934730056407
964,1.0,0.9908424908424909
965,1.0,0.45652173913043476
966,1.0,0.98992673992674
967,0.6642347,0.15598650927487354
968,0.95054674,0.8082537154989384
969,1.0,0.9818181818181818
970,1.0,0.9834710743801653
971,1.0,0.9908424908424909
972,1.0,0.9908424908424909
973,1.0,0.9863013698630136
974,1.0,0.9908424908424909
975,1.0,0.03743769222611094
976,0.97224134,0.8452696728558797
977,1.0,0.9871794871794872
978,0.63887155,0.14005363237445148
979,1.0,0.8214849921011058
980,1.0,0.9899175068744271
981,0.4218545,0.8105912294440094
982,1.0,0.9844606946983546
983,1.0,0.9908424908424909
984,0.99997556,0.3102189781021898
985,1.0,0.9908424908424909
986,0.99998534,0.4497847919655667
987,1.0,0.4188880426504189
988,1.0,0.9908424908424909
989,0.9365372,0.9428571428571428
990,1.0,0.9908424908424909
991,1.0,0.9908424908424909
992,1.0,0.9908340971585701
993,1.0,0.9908424908424909
994,1.0,0.04778270509977827
995,1.0,0.9908424908424909
996,1.0,0.9908424908424909
997,1.0,0.9908424908424909
998,1.0,0.9890210430009149
999,0.90984523,0.8729011905973338
1000,1.0,0.9908424908424909
1001,1.0,0.9908424908424909
1002,1.0,0.9908424908424909
1003,1.0,0.9908424908424909
1004,1.0,0.9880952380952381
1005,0.80076796,0.5691056910569106
1006,1.0,0.9908424908424909
1007,1.0,0.9908424908424909
1008,1.0,0.9836214740673339
1009,0.9998222,0.1363806669164481
1010,0.9485186,0.7990179478496444
1011,0.8895267,0.80106921778278
1012,1.0,0.6896284829721362
1013,0.8409824,0.6596958174904943
1014,1.0,0.8457142857142858
1015,1.0,0.8762886597938144
1016,1.0,0.1396280400572246
1017,1.0,0.9908424908424909
1018,1.0,0.5545023696682464
1019,1.0,0.8609625668449198
1020,1.0,0.9863138686131386
1021,1.0,0.8664440734557596
1022,1.0,0.9908424908424909
1023,1.0,0.9908424908424909
1024,0.95298404,0.7694720334553058
1025,1.0,0.07493984187005844
1026,0.9510234,0.6686167989970748
1027,0.9999766,0.166015625
1028,1.0,0.9908424908424909
1029,1.0,0.9872842870118075
1030,1.0,0.07541241162608013
1031,1.0,0.9710407239819004
1032,0.8717988,0.3644775735766611
1033,1.0,0.9880952380952381
1034,1.0,0.9908424908424909
1035,1.0,0.9908424908424909
1036,1.0,0.3735207100591716
1037,1.0,0.7733549959382616
1038,0.9512321,0.4336823734729494
1039,1.0,0.27364066193853426
1040,1.0,0.9908424908424909
1041,1.0,0.9908424908424909
1042,1.0,0.03234714003944773
1043,1.0,0.9908424908424909
1044,0.9599039,0.5242560130452507
1045,1.0,0.9908424908424909
1046,0.951169,0.406187624750499
1047,1.0,0.15327955103472465
1048,1.0,0.9908424908424909
1049,0.69277763,0.8526449820581086
1050,0.9999502,0.14399469143994692
1051,1.0,0.9908424908424909
1052,1.0,0.98992673992674
1053,1.0,0.9127806563039723
1054,1.0,0.9899082568807339
1055,0.63341,0.051226551226551224
1056,1.0,0.8532654792196777
1057,1.0,0.9908424908424909
1058,1.0,0.9908424908424909
1059,0.9996534,0.14394961763382816
1060,0.9697863,0.5399924896733008
1061,0.9998137,0.3554805471664594
1062,1.0,0.9908424908424909
1063,0.6962438,0.34117003827227993
1064,0.95641017,0.7792508093109296
1065,1.0,0.7340720221606648
1066,1.0,0.9908424908424909
1067,1.0,0.9862511457378552
1068,1.0,0.46976401179941
1069,0.9999934,0.17138171381713818
1070,0.955192,0.7615323224261772
1071,1.0,0.98992673992674
1072,1.0,0.9908424908424909
1073,1.0,0.989010989010989
1074,1.0,0.9908424908424909
1075,1.0,0.7976653696498055
1076,0.9999995,0.29659442724458207
1077,1.0,0.7451737451737451
1078,1.0,0.9908424908424909
1079,1.0,0.8164915117219078
1080,0.9999998,0.20552532440351612
1081,1.0,0.8992869875222816
1082,1.0,0.9908424908424909
1083,0.92122155,0.8841005550114267
1084,1.0,0.9908424908424909
1085,0.43493465,0.6979913074121931
1086,1.0,0.7121831561733443
1087,1.0,0.9657657657657658
1088,1.0,0.9908424908424909
1089,1.0,0.028365136668385766
1090,0.7851915,0.32631107126848946
1091,1.0,0.9799086757990868
1092,1.0,0.8811002661934338
1093,1.0,0.9908424908424909
1094,0.99999994,0.430835734870317
1095,0.9407471,0.7073552425665102
1096,1.0,0.8764607679465777
1097,1.0,0.9908424908424909
1098,0.83390784,0.296319018404908
1099,1.0,0.9908424908424909
1100,1.0,0.7542857142857143
1101,1.0,0.9908424908424909
1102,1.0,0.9908424908424909
1103,1.0,0.9908424908424909
1104,1.0,0.9872029250457038
1105,1.0,0.9908424908424909
1106,1.0,0.992653810835629
1107,1.0,0.1571729957805907
1108,1.0,0.10925345408104029
1109,1.0,0.9908424908424909
1110,1.0,0.9908424908424909
1111,1.0,0.9908424908424909
1112,1.0,0.1639686684073107
1113,1.0,0.9908424908424909
1114,1.0,0.9836363636363636
1115,1.0,0.9944852941176471
1116,1.0,0.8721030042918455
1117,1.0,0.2120932379413801
1118,1.0,0.9029574861367837
1119,1.0,0.9880952380952381
1120,1.0,0.9908424908424909
1121,1.0,0.843520782396088
1122,1.0,0.466412213740458
1123,1.0,0.98992673992674
1124,1.0,0.8932536293766012
1125,1.0,0.9908424908424909
1126,1.0,0.9435483870967742
1127,1.0,0.9908424908424909
1128,1.0,0.8279143536875495
1129,1.0,0.9908424908424909
1130,0.9999994,0.2894898586355255
1131,1.0,0.6055900621118012
1132,1.0,0.9047202797202797
1133,0.99997926,0.24412665985699694
1134,1.0,0.5484351713859911
1135,1.0,0.09404502541757444
1136,1.0,0.6900726392251816
1137,0.9655784,0.6639765223771094
1138,0.75277984,0.7349177330895795
1139,1.0,0.9908424908424909
1140,1.0,0.9880952380952381
1141,1.0,0.9908424908424909
1142,1.0,0.9880952380952381
1143,1.0,0.9908424908424909
1144,1.0,0.9908424908424909
1145,1.0,0.9908424908424909
1146,1.0,0.023821464393179538
1147,1.0,0.9972350230414746
1148,1.0,0.9908424908424909
1149,1.0,0.11648723841780573
1150,1.0,0.9754768392370572
1151,1.0,0.6733902249806051
1152,1.0,0.9908424908424909
1153,1.0,0.94
1154,0.9390156,0.914187643020595
1155,1.0,0.9908424908424909
1156,1.0,0.9152981849611063
1157,1.0,0.9908424908424909
1158,1.0,0.9872146118721461
1159,1.0,0.2551299589603283
1160,0.9998728,0.1266410140334993
1161,1.0,0.9908424908424909
1162,1.0,0.9908424908424909
1163,1.0,0.9880952380952381
1164,1.0,0.989843028624192
1165,1.0,0.057499134049186
1166,1.0,0.489191353082466
1167,1.0,0.7551803530314658
1168,1.0,0.7842660178426601
1169,1.0,0.22268408551068883
1170,1.0,0.10862700517872932
1171,0.6472581,0.6998286833088595
1172,0.99430513,0.09227291409782162
1173,1.0,0.9880952380952381
1174,1.0,0.5395569620253164
1175,1.0,0.37601177336276675
1176,1.0,0.9880952380952381
1177,1.0,0.9297629499561019
1178,0.8370816,0.842682000650971
1179,0.6100147,0.2870967741935484
1180,1.0,0.9908424908424909
1181,1.0,0.9908424908424909
1182,1.0,0.9908424908424909
1183,1.0,0.9908424908424909
1184,1.0,0.630569306930693
1185,1.0,0.8662640207075065
1186,1.0,0.11305229936880072
1187,1.0,0.9917506874427131
1188,1.0,0.9880952380952381
1189,1.0,0.9908424908424909
1190,1.0,0.9908424908424909
1191,1.0,0.9908424908424909
1192,1.0,0.9908424908424909
1193,0.9350113,0.7542547425474255
1194,1.0,0.1343910405972935
1195,1.0,0.9880952380952381
1196,1.0,0.98992673992674
1197,1.0,0.9908424908424909
1198,1.0,0.9645704162976085
1199,1.0,0.9908424908424909
1200,0.6325104,0.8824226748572045
1201,1.0,0.9908424908424909
1202,0.9107871,0.8143248175182481
1203,1.0,0.980909090909091
1204,1.0,0.9908424908424909
1205,1.0,0.9908340971585701
1206,0.99999654,0.11552217453505007
1207,1.0,0.24379719525350593
1208,1.0,0.9880952380952381
1209,0.9999898,0.21428571428571427
1210,1.0,0.9908424908424909
1211,1.0,0.9908424908424909
1212,0.59595656,0.1609870740305523
1213,1.0,0.810920945395273
1214,0.9999898,0.24905251759610178
1215,1.0,0.8887938408896493
1216,1.0,0.9908424908424909
1217,1.0,0.9908424908424909
1218,0.9997429,0.15022761760242792
1219,0.99999964,0.288426209430496
1220,0.81890565,0.3430747431810131
1221,1.0,0.8085106382978723
1222,1.0,0.9908424908424909
1223,1.0,0.9908424908424909
1224,1.0,0.9908424908424909
1225,1.0,0.9871677360219981
1226,1.0,0.9880952380952381
1227,0.7327908,0.8680879413724184
1228,1.0,0.9908424908424909
1229,1.0,0.968065693430657
1230,0.96092886,0.6093609360936093
1231,1.0,0.9908424908424909
1232,1.0,0.9908424908424909
1233,1.0,0.9094827586206896
1234,1.0,0.9908424908424909
1235,1.0,0.9880952380952381
1236,1.0,0.8291630716134599
1237,1.0,0.9908424908424909
1238,1.0,0.9908424908424909
1239,1.0,0.03364993215739484
1240,1.0,0.4064981949458484
1241,0.99999994,0.9908424908424909
1242,1.0,0.9880952380952381
1243,1.0,0.1067360079247152
1244,1.0,0.10862700517872932
1245,0.99917287,0.10421116875190724
1246,1.0,0.9908424908424909
1247,1.0,0.6190476190476191
1248,1.0,0.9908424908424909
1249,1.0,0.9908424908424909
1250,1.0,0.29570552147239265
1251,1.0,0.9908424908424909
1252,1.0,0.9880952380952381
1253,1.0,0.22483766233766234
1254,0.60330874,0.6760214609987618
1255,1.0,0.9954001839926403
1256,1.0,0.10320733104238258
1257,1.0,0.8853448275862069
1258,1.0,0.9880952380952381
1259,1.0,0.9908424908424909
1260,1.0,0.9908424908424909
1261,1.0,0.9908424908424909
1262,1.0,0.9908424908424909
1263,1.0,0.9908424908424909
1264,1.0,0.11869565217391305
1265,1.0,0.09281767955801105
1266,1.0,0.8908934707903781
1267,1.0,0.9908424908424909
1268,1.0,0.9880952380952381
1269,1.0,0.9880952380952381
1270,1.0,0.9908424908424909
1271,1.0,0.9908424908424909
1272,1.0,0.9908424908424909
1273,1.0,0.9880952380952381
1274,0.99959385,0.07160429884759809
1275,0.8805591,0.4309723889555822
1276,1.0,0.7756410256410257
1277,1.0,0.9908424908424909
1278,1.0,0.989935956084172
1279,1.0,0.08724519510774607
1280,0.99999946,0.21771858714533873
1281,1.0,0.9908424908424909
1282,1.0,0.9908424908424909
1283,0.9610389,0.6915096337073894
1284,1.0,0.3067434210526316
1285,1.0,0.5336032388663967
1286,1.0,0.98992673992674
1287,1.0,0.9880952380952381
1288,1.0,0.9761904761904762
1289,1.0,0.8769230769230769
1290,0.97816914,0.10789382971389176
1291,1.0,0.10860979462875198
1292,1.0,0.8990509059534081
1293,1.0,0.9908424908424909
1294,1.0,0.9880952380952381
1295,1.0,0.9908424908424909
1296,1.0,0.9908424908424909
1297,1.0,0.756578947368421
1298,1.0,0.9908424908424909
1299,1.0,0.9680073126142597
1300,1.0,0.8845486111111112
1301,0.67700595,0.18210745318810428
1302,1.0,0.9908424908424909
1303,1.0,0.9908424908424909
1304,1.0,0.9880952380952381
1305,1.0,0.9908424908424909
1306,0.9372576,0.2769665567593029
1307,0.99995786,0.2604166666666667
1308,1.0,0.9908424908424909
1309,1.0,0.9908424908424909
1310,1.0,0.9890210430009149
1311,0.87959635,0.7027370366093082
1312,1.0,0.030689399555226093
1313,1.0,0.971945701357466
1314,0.66978174,0.5872222222222222
1315,1.0,0.989010989010989
1316,1.0,0.9880952380952381
1317,1.0,0.9908424908424909
1318,1.0,0.9908424908424909
1319,1.0,0.8087557603686636
1320,1.0,0.5173389950460014
1321,1.0,0.0944348682590495
1322,1.0,0.9908424908424909
1323,1.0,0.9908424908424909
1324,1.0,0.9908424908424909
1325,1.0,0.15058236272878536
1326,1.0,0.9908424908424909
1327,0.9868286,0.636098981077147
1328,1.0,0.9908424908424909
1329,1.0,0.9908424908424909
1330,1.0,0.9908424908424909
1331,1.0,0.9880952380952381
1332,1.0,0.8625314333612741
1333,1.0,0.989010989010989
1334,1.0,0.10285293188756711
1335,1.0,0.9908424908424909
1336,1.0,0.9908424908424909
1337,1.0,0.10699208443271768
1338,1.0,0.9712230215827338
1339,0.8937346,0.8441784325762226
1340,1.0,0.9880952380952381
1341,1.0,0.9908424908424909
1342,1.0,0.9271290605794557
1343,1.0,0.9880952380952381
1344,1.0,0.8532654792196777
1345,1.0,0.9908424908424909
1346,1.0,0.9605026929982047
1347,1.0,0.9908424908424909
1348,1.0,0.9844322344322345
1349,1.0,0.9599271402550091
1350,0.94855523,0.9400911886332308
1351,1.0,0.9908424908424909
1352,1.0,0.9908424908424909
1353,0.99991995,0.31975996570938703
1354,1.0,0.9880952380952381
1355,1.0,0.9908424908424909
1356,1.0,0.9908424908424909
1357,1.0,0.9908424908424909
1358,1.0,0.9908424908424909
1359,1.0,0.9908424908424909
1360,1.0,0.9165232358003442
1361,1.0,0.9881170018281535
1362,1.0,0.9908424908424909
1363,1.0,0.9908424908424909
1364,1.0,0.9908424908424909
1365,1.0,0.9908424908424909
1366,1.0,0.9908424908424909
1367,0.99991065,0.2891402714932127
1368,0.86900336,0.8692119323241317
1369,1.0,0.9880952380952381
1370,0.9999924,0.22316636851520572
1371,1.0,0.9880952380952381
1372,1.0,0.98992673992674
1373,1.0,0.9908424908424909
1374,1.0,0.31222707423580787
1375,1.0,0.9908424908424909
1376,1.0,0.9880952380952381
1377,1.0,0.842809364548495
1378,1.0,0.9908424908424909
1379,1.0,0.838272650296359
1380,1.0,0.989010989010989
1381,1.0,0.9908424908424909
1382,0.66755134,0.09663666508763619
1383,1.0,0.9908424908424909
1384,1.0,0.9880952380952381
1385,1.0,0.8728110599078341
1386,1.0,0.9908424908424909
1387,1.0,0.9880952380952381
1388,1.0,0.9908424908424909
1389,0.9999997,0.286399041342121
1390,0.99999005,0.17310549777117384
1391,1.0,0.9880952380952381
1392,1.0,0.9908424908424909
1393,1.0,0.9880952380952381
1394,1.0,0.9880952380952381
1395,1.0,0.7632221318144833
1396,1.0,0.9835766423357665
1397,1.0,0.9908424908424909
1398,1.0,0.9908424908424909
1399,0.9120888,0.12064382752510337
1400,1.0,0.4584450402144772
1401,1.0,0.9808743169398907
1402,1.0,0.9908424908424909
1403,1.0,0.989010989010989
1404,1.0,0.9908424908424909
1405,1.0,0.6911262798634812
1406,1.0,0.9816849816849816
1407,1.0,0.902461257976299
1408,1.0,0.9908424908424909
1409,1.0,0.9143598615916955
1410,1.0,0.9880952380952381
1411,1.0,0.9908424908424909
1412,1.0,0.989010989010989
1413,1.0,0.9908424908424909
1414,1.0,0.8557295960428689
1415,1.0,0.9528888888888889
1416,1.0,0.9908424908424909
1417,1.0,0.9908424908424909
1418,1.0,0.8632193494578816
1419,1.0,0.9908424908424909
1420,1.0,0.6914643696162882
1421,1.0,0.7899008115419297
1422,1.0,0.9890210430009149
1423,1.0,0.09702152757298732
1424,1.0,0.9880952380952381
1425,1.0,0.9880952380952381
1426,1.0,0.136986301369863
1427,1.0,0.9908424908424909
1428,0.9198217,0.7520340953118946
1429,1.0,0.9908424908424909
1430,1.0,0.9908424908424909
1431,1.0,0.9872146118721461
1432,1.0,0.9908424908424909
1433,0.9999986,0.39116335630320226
1434,1.0,0.9908424908424909
1435,1.0,0.9908424908424909
1436,1.0,0.9908424908424909
1437,0.41507652,0.09156327543424318
1438,1.0,0.9072340425531915
1439,1.0,0.1205761316872428
1440,1.0,0.9908424908424909
1441,1.0,0.9908424908424909
1442,0.9520534,0.6021361815754339
1443,1.0,0.9880952380952381
1444,1.0,0.9908424908424909
1445,1.0,0.9908340971585701
1446,1.0,0.9908424908424909
1447,1.0,0.755327545382794
1448,1.0,0.9799818016378526
1449,1.0,0.7691056910569106
1450,1.0,0.9818016378525932
1451,0.43636215,0.5756720265128268
1452,1.0,0.9908424908424909
1453,1.0,0.9908424908424909
1454,1.0,0.9880952380952381
1455,1.0,0.9880952380952381
1456,1.0,0.8802345058626466
1457,0.9289602,0.381088144452364
1458,0.9065819,0.4702549575070821
1459,1.0,0.9908424908424909
1460,1.0,0.9908424908424909
1461,1.0,0.31721632196757965
1462,1.0,0.7980295566502463
1463,1.0,0.9908424908424909
1464,1.0,0.673354735152488
1465,1.0,0.9880952380952381
1466,1.0,0.9908424908424909
1467,1.0,0.9471326164874552
1468,1.0,0.7223076923076923
1469,1.0,0.9880952380952381
1470,1.0,0.9908424908424909
1471,0.9999819,0.14077497333807323
1472,1.0,0.054325581395348835
1473,0.99999726,0.2911949685534591
1474,0.93111736,0.8890371586943133
1475,0.9997711,0.1953405017921147
1476,1.0,0.9908424908424909
1477,0.9009709,0.8098659665607296
1478,1.0,0.8676975945017182
1479,1.0,0.9944852941176471
1480,1.0,0.9908424908424909
1481,1.0,0.9908424908424909
1482,1.0,0.9908424908424909
1483,1.0,0.9908424908424909
1484,1.0,0.9908424908424909
1485,1.0,0.98992673992674
1486,1.0,0.9880952380952381
1487,1.0,0.14518760195758565
1488,1.0,0.9908424908424909
1489,1.0,0.9908424908424909
1490,1.0,0.9872029250457038
1491,1.0,0.9599271402550091
1492,1.0,0.26723352566049197
1493,0.964368,0.6554934823091247
1494,1.0,0.9908424908424909
1495,1.0,0.12239821966225946
1496,1.0,0.03947089947089947
1497,1.0,0.9908424908424909
1498,1.0,0.5794831636648394
1499,0.8695316,0.646279559242293
1500,1.0,0.971996386630533
1501,0.99999994,0.14485981308411214
1502,0.99995,0.1622926093514329
1503,1.0,0.9908424908424909
1504,1.0,0.9908424908424909
1505,1.0,0.045317220543806644
1506,1.0,0.996316758747698
1507,1.0,0.9880952380952381
1508,1.0,0.694488188976378
1509,1.0,0.9484444444444444
1510,1.0,0.1205761316872428
1511,1.0,0.5973101265822784
1512,1.0,0.4862043251304996
1513,0.9989201,0.0832247981245116
1514,1.0,0.9880952380952381
1515,1.0,0.9908424908424909
1516,1.0,0.9908424908424909
1517,1.0,0.8412955465587044
1518,1.0,0.9908424908424909
1519,1.0,0.9880952380952381
1520,1.0,0.0770294712203426
1521,1.0,0.9406554472984943
1522,0.74455607,0.8836078257986073
1523,1.0,0.9908424908424909
1524,1.0,0.9880952380952381
1525,1.0,0.27202472952086554
1526,1.0,0.8119935170178282
1527,1.0,0.9908424908424909
1528,0.9435068,0.9350411710887465
1529,1.0,0.9908424908424909
1530,1.0,0.9614695340501792
1531,1.0,0.10642750373692078
1532,1.0,0.9880952380952381
1533,1.0,0.9908424908424909
1534,1.0,0.06611165523996082
1535,0.9999988,0.17200674536256325
1536,1.0,0.9392314566577301
1537,1.0,0.2722488038277512
1538,1.0,0.16590794132524025
1539,1.0,0.7953846153846154
1540,1.0,0.9908424908424909
1541,1.0,0.9755656108597285
1542,1.0,0.9908424908424909
1543,1.0,0.9908424908424909
1544,0.9998097,0.18234932349323493
1545,0.93298185,0.5691590764668503
1546,1.0,0.9908424908424909
1547,1.0,0.48715953307392995
1548,1.0,0.8812709030100334
1549,1.0,0.9908424908424909
1550,1.0,0.9926402943882244
1551,1.0,0.9305799648506151
1552,1.0,0.9908424908424909
1553,1.0,0.9872146118721461
1554,0.9999448,0.1831604150039904
1555,1.0,0.6979332273449921
1556,1.0,0.9880952380952381
1557,1.0,0.9908424908424909
1558,1.0,0.941541186891054
1559,0.99935853,0.10069027611044418
1560,1.0,0.9908424908424909
1561,1.0,0.9880952380952381
1562,0.8823873,0.37623220153340636
1563,0.73790437,0.8566231542906056
1564,1.0,0.9908424908424909
1565,1.0,0.9908424908424909
1566,1.0,0.98992673992674
1567,1.0,0.9908424908424909
1568,0.6596181,0.8039056143205858
1569,1.0,0.9908424908424909
1570,1.0,0.7847790507364976
1571,0.9998989,0.15371209480655282
1572,0.9999999,0.422475106685633
1573,1.0,0.9908424908424909
1574,0.8829321,0.35163595336592707
1575,1.0,0.955237242614145
1576,1.0,0.9908424908424909
1577,1.0,0.6778471138845554
1578,1.0,0.9908424908424909
1579,1.0,0.9908424908424909
1580,0.8954079,0.32482993197278914
1581,1.0,0.9387755102040817
1582,1.0,0.98992673992674
1583,1.0,0.9908424908424909
1584,1.0,0.9908424908424909
1585,1.0,0.9908424908424909
1586,1.0,0.9333333333333333
1587,1.0,0.989010989010989
1588,1.0,0.6300844205679201
1589,1.0,0.05851755526657997
1590,1.0,0.9880952380952381
1591,1.0,0.9881061299176578
1592,0.93101424,0.28397711015736765
1593,1.0,0.9880952380952381
1594,1.0,0.9908424908424909
1595,1.0,0.9908424908424909
1596,1.0,0.9908424908424909
1597,1.0,0.2593516209476309
1598,1.0,0.9908424908424909
1599,1.0,0.9908424908424909
1600,1.0,0.9402023919043239
1601,1.0,0.9137466307277629
1602,1.0,0.9288849868305531
1603,0.9902964,0.1428790433849456
1604,0.999995,0.17789072426937738
1605,0.8881422,0.9554852320675106
1606,0.75906134,0.21478631304108836
1607,1.0,0.9908424908424909
1608,1.0,0.9908424908424909
1609,1.0,0.9908424908424909
1610,1.0,0.38225483655770515
1611,1.0,0.37767923133776793
1612,1.0,0.0861407249466951
1613,1.0,0.9908424908424909
1614,1.0,0.9854280510018215
1615,1.0,0.14238494787693873
1616,1.0,0.9880952380952381
1617,1.0,0.9908424908424909
1618,0.97577125,0.645884180164189
1619,1.0,0.7292307692307692
1620,1.0,0.6325301204819277
1621,1.0,0.9504950495049505
1622,1.0,0.9680073126142597
1623,1.0,0.9908424908424909
1624,1.0,0.8563074352548037
1625,1.0,0.9908424908424909
1626,1.0,0.989010989010989
1627,1.0,0.8421940928270042
1628,1.0,0.9890210430009149
1629,1.0,0.115527950310559
1630,0.94443107,0.5690078037904125
1631,1.0,0.9880952380952381
1632,1.0,0.9880952380952381
1633,1.0,0.9908424908424909
1634,1.0,0.14115456238361265
1635,1.0,0.9908424908424909
1636,1.0,0.9908424908424909
1637,1.0,0.9908424908424909
1638,1.0,0.9908424908424909
1639,1.0,0.9908424908424909
1640,1.0,0.9908424908424909
1641,1.0,0.9908424908424909
1642,1.0,0.9908424908424909
1643,1.0,0.49417040358744396
1644,1.0,0.7980295566502463
1645,1.0,0.9862511457378552
1646,1.0,0.9908424908424909
1647,1.0,0.9908424908424909
1648,1.0,0.9880952380952381
1649,1.0,0.10003087372645879
1650,0.9987057,0.06550011823126034
1651,1.0,0.979871912168344
1652,0.9084225,0.7340587044534413
1653,1.0,0.9944649446494465
1654,1.0,0.16590794132524025
1655,0.6887391,0.5718468939552395
1656,1.0,0.9954001839926403
1657,1.0,0.9908424908424909
1658,0.9999998,0.3655030800821355
1659,1.0,0.9449378330373002
1660,1.0,0.9908424908424909
1661,0.98494524,0.19502719502719504
1662,1.0,0.8538398018166804
1663,1.0,0.886695278969957
1664,1.0,0.9880952380952381
1665,1.0,0.9908424908424909
1666,1.0,0.6573258606885508
1667,0.86468315,0.8301625735039778
1668,1.0,0.9908424908424909
1669,1.0,0.24150574431679295
1670,1.0,0.98992673992674
1671,0.79376113,0.5977579953841081
1672,1.0,0.9881170018281535
1673,1.0,0.980909090909091
1674,1.0,0.9871912168344007
1675,1.0,0.9908424908424909
1676,0.8159697,0.6585365853658537
1677,1.0,0.9908424908424909
1678,1.0,0.9115770282588879
1679,1.0,0.9854147675478578
1680,1.0,0.9908424908424909
1681,1.0,0.25254181698917677
1682,1.0,0.9827272727272728
1683,1.0,0.9908424908424909
1684,1.0,0.996316758747698
1685,1.0,0.9908424908424909
1686,1.0,0.9908424908424909
1687,1.0,0.8512736236647493
1688,1.0,0.9990766389658357
1689,1.0,0.9908424908424909
1690,1.0,0.9908424908424909
1691,0.99999994,0.15469804464440215
1692,1.0,0.8254637436762225
1693,1.0,0.9908424908424909
1694,1.0,0.9908424908424909
1695,1.0,0.9908424908424909
1696,1.0,0.9908424908424909
1697,0.7645982,0.526236315590789
1698,0.6325863,0.8290894275819922
1699,0.9999934,0.15773405698778833
1700,1.0,0.9917506874427131
1701,1.0,0.9908424908424909
1702,0.9982544,0.13897180762852404
1703,0.9999971,0.195326278659612
1704,1.0,0.9908424908424909
1705,0.18405259,0.11806148590947908
1706,1.0,0.41004497751124436
1707,1.0,0.98359161349134
1708,1.0,0.9908424908424909
1709,1.0,0.9908424908424909
1710,1.0,0.14228886168910648
1711,0.99999994,0.10911094783247612
1712,1.0,0.9908424908424909
1713,1.0,0.9908424908424909
1714,1.0,0.9908424908424909
1715,1.0,0.9908424908424909
1716,1.0,0.9908424908424909
1717,1.0,0.9908424908424909
1718,1.0,0.767479674796748
1719,1.0,0.9880952380952381
1720,1.0,0.9908424908424909
1721,1.0,0.9908424908424909
1722,1.0,0.9908424908424909
1723,1.0,0.9908424908424909
1724,1.0,0.9908424908424909
1725,1.0,0.9908424908424909
1726,1.0,0.9890210430009149
1727,1.0,0.6577708006279435
1728,1.0,0.9880952380952381
1729,1.0,0.9908424908424909
1730,1.0,0.9880952380952381
1731,1.0,0.9908424908424909
1732,0.9552493,0.632442445091294
1733,1.0,0.8571428571428571
1734,1.0,0.9728014505893019
1735,1.0,0.9880952380952381
1736,1.0,0.7891402714932126
1737,1.0,0.9908424908424909
1738,1.0,0.9372791519434629
1739,0.9705685,0.8306772908366534
1740,1.0,0.9908424908424909
1741,1.0,0.9908424908424909
1742,1.0,0.9990766389658357
1743,1.0,0.9908424908424909
1744,1.0,0.31222707423580787
1745,0.9999988,0.1997270245677889
1746,1.0,0.9880952380952381
1747,1.0,0.989935956084172
1748,1.0,0.35374697824335216
1749,1.0,0.9880952380952381
1750,1.0,0.8911149825783972
1751,1.0,0.9880952380952381
1752,1.0,0.9872146118721461
1753,1.0,0.9908424908424909
1754,1.0,0.9880843263061412
1755,1.0,0.9990766389658357
1756,1.0,0.20043715846994536
1757,1.0,0.9908424908424909
1758,0.9307907,0.7449476629702559
1759,1.0,0.9880952380952381
1760,1.0,0.9880952380952381
1761,1.0,0.2657757980697847
1762,0.9866004,0.15011727912431588
1763,1.0,0.9684400360685302
1764,1.0,0.9908424908424909
1765,1.0,0.6586901763224181
1766,1.0,0.675032175032175
1767,1.0,0.9926402943882244
1768,1.0,0.9908424908424909
1769,0.7606143,0.782279608192342
1770,1.0,0.9908424908424909
1771,1.0,0.9881061299176578
1772,1.0,0.98992673992674
1773,1.0,0.9908424908424909
1774,1.0,0.9908424908424909
1775,1.0,0.9908424908424909
1776,1.0,0.7911908646003263
1777,1.0,0.9700272479564033
1778,1.0,0.9908424908424909
1779,1.0,0.9908424908424909
1780,1.0,0.9981549815498155
1781,1.0,0.9908424908424909
1782,1.0,0.05353728489483748
1783,1.0,0.7811348563006633
1784,1.0,0.75
1785,0.9999952,0.2337719298245614
1786,1.0,0.1135115342365434
1787,1.0,0.9880952380952381
1788,1.0,0.9880952380952381
1789,1.0,0.31092094539527304
1790,1.0,0.7069306930693069
1791,1.0,0.6545784224841342
1792,0.99710745,0.28045436741088914
1793,1.0,0.5563816604708798
1794,0.99999315,0.17655172413793102
1795,1.0,0.46346863468634686
1796,1.0,0.9908424908424909
1797,1.0,0.11815213447817148
1798,0.901087,0.96299585553582
1799,1.0,0.989010989010989
1800,1.0,0.989010989010989
1801,1.0,0.36127167630057805
1802,1.0,0.2520224019912881
1803,1.0,0.9908424908424909
1804,1.0,0.9908424908424909
1805,1.0,0.9908424908424909
1806,0.9999999,0.33354075917859366
1807,1.0,0.9908424908424909
1808,1.0,0.9598572702943801
1809,1.0,0.9908424908424909
1810,0.94521374,0.5522181943725185
1811,1.0,0.9908424908424909
1812,1.0,0.9880952380952381
1813,1.0,0.9880952380952381
1814,0.9999946,0.2457356076759062
1815,1.0,0.9908424908424909
1816,1.0,0.9908424908424909
1817,1.0,0.7632221318144833
1818,1.0,0.9908424908424909
1819,1.0,0.9880952380952381
1820,1.0,0.9908424908424909
1821,0.99996066,0.32721382289416845
1822,1.0,0.9764279238440616
1823,1.0,0.7593328038125496
1824,1.0,0.1089667458432304
1825,1.0,0.7910094637223974
1826,1.0,0.9908424908424909
1827,1.0,0.9908424908424909
1828,1.0,0.12699457147557164
1829,1.0,0.06826304503216583
1830,1.0,0.11147327249022164
1831,1.0,0.06870577493722894
1832,1.0,0.9908424908424909
1833,1.0,0.9312169312169312
1834,1.0,0.9880952380952381
1835,1.0,0.9908424908424909
1836,1.0,0.06680584551148225
1837,0.93605745,0.6650031853896793
1838,0.85988706,0.8952767902488573
1839,1.0,0.9264836138175376
1840,0.94897217,0.49550987826781084
1841,1.0,0.9880952380952381
1842,1.0,0.9908424908424909
1843,1.0,0.9881061299176578
1844,0.92234385,0.8568141592920354
1845,1.0,0.9908424908424909
1846,1.0,0.9908424908424909
1847,0.9992712,0.15650030807147258
1848,1.0,0.860633484162896
1849,1.0,0.9908424908424909
1850,1.0,0.9880952380952381
1851,1.0,0.9908424908424909
1852,1.0,0.28421052631578947
1853,1.0,0.9908424908424909
1854,1.0,0.9216043755697356
1855,1.0,0.9818181818181818
1856,1.0,0.9908424908424909
1857,1.0,0.4158139534883721
1858,0.9999968,0.11552346570397112
1859,1.0,0.9908424908424909
1860,1.0,0.9908424908424909
1861,0.60839725,0.27604605447907893
1862,1.0,0.9836363636363636
1863,1.0,0.9863138686131386
1864,1.0,0.16806722689075632
1865,1.0,0.8752079866888519
1866,1.0,0.9711191335740073
1867,1.0,0.951828724353256
1868,1.0,0.9908424908424909
1869,1.0,0.9908424908424909
1870,0.77571505,0.8953140578265204
1871,0.95131475,0.15889492175023953
1872,1.0,0.9818016378525932
1873,1.0,0.989935956084172
1874,1.0,0.8956140350877193
1875,1.0,0.9908424908424909
1876,1.0,0.9908424908424909
1877,1.0,0.9908424908424909
1878,0.84709257,0.9570076520338301
1879,1.0,0.9908424908424909
1880,1.0,0.7807881773399015
1881,0.99999005,0.029547930283224402
1882,1.0,0.151972340091152
1883,1.0,0.0845749342681858
1884,0.9351769,0.8384104126280809
1885,1.0,0.20864015709376535
1886,1.0,0.9853747714808044
1887,1.0,0.9908424908424909
1888,1.0,0.9755656108597285
1889,1.0,0.9908424908424909
1890,0.5782251,0.7741753911966678
1891,1.0,0.0535512256442489
1892,0.99999964,0.28950471698113206
1893,1.0,0.9908424908424909
1894,1.0,0.10068337129840546
1895,1.0,0.2740830310358726
1896,1.0,0.978021978021978
1897,0.87331635,0.6215585627624824
1898,1.0,0.9700272479564033
1899,0.9392365,0.5768194070080862
1900,0.57362837,0.4394419784400761
1901,1.0,0.7557312252964427
1902,1.0,0.9908424908424909
1903,1.0,0.18401800787844683
1904,1.0,0.9908424908424909
1905,1.0,0.9926806953339433
1906,1.0,0.9908424908424909
1907,1.0,0.9880952380952381
1908,0.7939679,0.885007571933367
1909,0.67472166,0.12770504942559444
1910,1.0,0.935862691960253
1911,1.0,0.9908424908424909
1912,1.0,0.673354735152488
1913,0.77562696,0.9041942604856512
1914,1.0,0.12094957546352451
1915,1.0,0.7061574434918161
1916,1.0,0.8790931989924433
1917,1.0,0.8918685121107266
1918,1.0,0.02605790645879733
1919,0.9450005,0.5945017182130584
1920,1.0,0.996316758747698
1921,1.0,0.9899909008189263
1922,1.0,0.8821490467937608
1923,1.0,0.9908424908424909
1924,1.0,0.9908424908424909
1925,1.0,0.9880952380952381
1926,1.0,0.9908424908424909
1927,1.0,0.10534351145038168
1928,1.0,0.9908424908424909
1929,0.9999827,0.054505278664375156
1930,0.93376034,0.5125229077580941
1931,1.0,0.44253322908522286
1932,0.91720897,0.7490352811466373
1933,1.0,0.08955223880597014
1934,1.0,0.9908424908424909
1935,0.58844095,0.20271819223841495
1936,0.8512013,0.7899776990686082
1937,1.0,0.9206927985414768
1938,1.0,0.9908424908424909
1939,1.0,0.970988213961922
1940,1.0,0.74453125
1941,1.0,0.989010989010989
1942,1.0,0.8405931417979611
1943,0.9990058,0.18040792875610456
1944,0.79856324,0.6650591163658992
1945,1.0,0.9880952380952381
1946,1.0,0.9880952380952381
1947,1.0,0.5665946724262059
1948,1.0,0.9880952380952381
1949,1.0,0.23037417461482024
1950,1.0,0.9908424908424909
1951,1.0,0.9908424908424909
1952,1.0,0.9908424908424909
1953,1.0,0.9880952380952381
1954,1.0,0.9908424908424909
1955,1.0,0.10044313146233383
1956,1.0,0.9908424908424909
1957,1.0,0.9908424908424909
1958,0.76824343,0.5022222222222222
1959,0.9999993,0.3325909428359317
1960,1.0,0.09927797833935018
1961,1.0,0.8345558272208639
1962,1.0,0.9917431192660551
1963,1.0,0.07854984894259819
1964,1.0,0.9908424908424909
1965,0.9998655,0.27725
1966,1.0,0.9908424908424909
1967,1.0,0.9908424908424909
1968,1.0,0.9880952380952381
1969,1.0,0.9908424908424909
1970,0.8752817,0.6810111699000588
1971,1.0,0.9908424908424909
1972,0.99990606,0.24285714285714285
1973,1.0,0.9890210430009149
1974,1.0,0.9890210430009149
1975,1.0,0.36150627615062764
1976,1.0,0.9881170018281535
1977,1.0,0.9908424908424909
1978,1.0,0.9935720844811754
1979,1.0,0.9880952380952381
1980,0.99999994,0.39032697547683926
1981,1.0,0.0859453993933266
1982,1.0,0.9454870420017873
1983,1.0,0.9972527472527473
1984,0.99999994,0.9880952380952381
1985,1.0,0.970988213961922
1986,1.0,0.9908424908424909
1987,1.0,0.9908424908424909
1988,1.0,0.9880952380952381
1989,1.0,0.15451895043731778
1990,1.0,0.9863138686131386
1991,0.9999996,0.09566991611879393
1992,1.0,0.9367201426024956
1993,1.0,0.9908424908424909
1994,1.0,0.9908424908424909
1995,1.0,0.9615384615384616
1996,1.0,0.9818181818181818
1997,0.7611709,0.6405522288755822
1998,1.0,0.8689771766694844
1999,1.0,0.9908424908424909
2000,1.0,0.9908424908424909
2001,1.0,0.9954001839926403
2002,1.0,0.9908424908424909
2003,1.0,0.9880952380952381
2004,1.0,0.9908424908424909
2005,1.0,0.175064838829196
2006,0.99999994,0.98992673992674
2007,1.0,0.9908424908424909
2008,1.0,0.9880952380952381
2009,0.902687,0.5773550309420123
2010,1.0,0.9908424908424909
2011,1.0,0.9909173478655767
2012,1.0,0.9827272727272728
2013,1.0,0.9908424908424909
2014,1.0,0.9908424908424909
2015,1.0,0.9908424908424909
2016,1.0,0.751219512195122
2017,1.0,0.046826481182461806
2018,1.0,0.645326504481434
2019,1.0,0.9908424908424909
2020,0.9999998,0.29066985645933013
2021,0.9816711,0.9368836291913215
2022,1.0,0.971689497716895
2023,1.0,0.9835766423357665
2024,1.0,0.9880952380952381
2025,1.0,0.9880952380952381
2026,1.0,0.9908424908424909
2027,1.0,0.9908424908424909
2028,1.0,0.05375358166189112
2029,0.9607733,0.5489928303175146
2030,1.0,0.9908424908424909
2031,1.0,0.9908424908424909
2032,1.0,0.9880952380952381
2033,0.9046453,0.5407407407407407
2034,0.71950376,0.48434403487911215
2035,0.946076,0.9368361581920904
2036,0.8810017,0.8574928107359676
2037,0.7506218,0.9413385023464599
2038,1.0,0.9880952380952381
2039,1.0,0.996316758747698
2040,1.0,0.12851353118054648
2041,0.979672,0.7451720310765816
2042,1.0,0.9908424908424909
2043,1.0,0.08349444175930401
2044,1.0,0.98992673992674
2045,1.0,0.98359161349134
2046,1.0,0.9908424908424909
2047,0.96660537,0.4086404459585011
2048,1.0,0.989010989010989
2049,1.0,0.9880952380952381
2050,1.0,0.9908424908424909
2051,1.0,0.9908424908424909
2052,1.0,0.9908424908424909
2053,1.0,0.9908424908424909
2054,1.0,0.37767923133776793
2055,1.0,0.06041900486344931
2056,1.0,0.9908424908424909
2057,1.0,0.9880952380952381
2058,1.0,0.9801980198019802
2059,1.0,0.9908424908424909
2060,1.0,0.9263531499556344
2061,0.95606476,0.9483079618880736
2062,0.99999976,0.4579985390796202
2063,1.0,0.029057822130906956
2064,1.0,0.25701288855193327
2065,1.0,0.9908424908424909
2066,1.0,0.9908424908424909
2067,0.99999356,0.21539256198347106
2068,1.0,0.98992673992674
2069,1.0,0.9880952380952381
2070,1.0,0.9880952380952381
2071,1.0,0.5513447432762836
2072,1.0,0.9871912168344007
2073,1.0,0.9908424908424909
2074,1.0,0.9588918677390528
2075,1.0,0.9853747714808044
2076,1.0,0.9917506874427131
2077,1.0,0.824212271973466
2078,1.0,0.9908424908424909
2079,0.9998559,0.1513747296879827
2080,1.0,0.9908424908424909
2081,0.9999996,0.30701754385964913
2082,1.0,0.7089905362776026
2083,1.0,0.9908424908424909
2084,1.0,0.8268156424581006
2085,1.0,0.9908424908424909
2086,1.0,0.9908424908424909
2087,1.0,0.9341991341991343
2088,0.81106967,0.7389651531151004
2089,1.0,0.856312292358804
2090,1.0,0.9528049866429208
2091,0.93605936,0.7039082999585693
2092,1.0,0.9908424908424909
2093,1.0,0.9908424908424909
2094,1.0,0.9880952380952381
2095,1.0,0.8782535684298909
2096,0.9329897,0.6724738675958188
2097,1.0,0.9908424908424909
2098,1.0,0.9599271402550091
2099,0.9998785,0.6740237691001698
2100,1.0,0.9908424908424909
2101,1.0,0.9908424908424909
2102,1.0,0.9908424908424909
2103,0.67458236,0.8118235654482336
2104,1.0,0.9908424908424909
2105,1.0,0.9908424908424909
2106,1.0,0.941541186891054
2107,1.0,0.9908424908424909
2108,0.99980724,0.16204840406874782
2109,1.0,0.9908424908424909
2110,0.9984236,0.6319160104986876
2111,0.78456306,0.6943353897924845
2112,1.0,0.03556956325979289
2113,1.0,0.8160190325138779
2114,1.0,0.9880952380952381
2115,1.0,0.9908424908424909
2116,1.0,0.9908424908424909
2117,1.0,0.9862637362637363
2118,1.0,0.9908424908424909
2119,1.0,0.9908424908424909
2120,1.0,0.9908424908424909
2121,1.0,0.9908424908424909
2122,1.0,0.9908340971585701
2123,1.0,0.98992673992674
2124,1.0,0.673354735152488
2125,0.60038656,0.7025623268698061
2126,1.0,0.06743335075797177
2127,1.0,0.7936378466557912
2128,1.0,0.9880952380952381
2129,1.0,0.9880952380952381
2130,1.0,0.03958218801539307
2131,1.0,0.9684115523465704
2132,1.0,0.9908424908424909
2133,1.0,0.9452523524379812
2134,0.9941906,0.08109801955377288
2135,0.9999985,0.19140451927337174
2136,0.97797835,0.8696161734544389
2137,1.0,0.9908424908424909
2138,0.9067628,0.49116347569955815
2139,1.0,0.10200553250345781
2140,1.0,0.9880952380952381
2141,1.0,0.9908424908424909
2142,1.0,0.9544626593806922
2143,1.0,0.8635953026196929
2144,1.0,0.9908424908424909
2145,1.0,0.9908424908424909
2146,1.0,0.8920068027210885
2147,1.0,0.9836065573770492
2148,1.0,0.9071986123156982
2149,1.0,0.9908424908424909
2150,1.0,0.24150574431679295
2151,0.89161015,0.7945049379589769
2152,1.0,0.9527272727272728
2153,1.0,0.9908424908424909
2154,1.0,0.11357229158276279
2155,1.0,0.09521531100478468
2156,1.0,0.9908424908424909
2157,1.0,0.9880952380952381
2158,1.0,0.98992673992674
2159,1.0,0.9880952380952381
2160,1.0,0.9908424908424909
2161,1.0,0.3549934583515046
2162,1.0,0.9917506874427131
2163,1.0,0.98992673992674
2164,1.0,0.9908424908424909
2165,1.0,0.41626409017713367
2166,1.0,0.9880952380952381
2167,1.0,0.8763575605680869
2168,0.9999964,0.14840667678300457
2169,1.0,0.9871794871794872
2170,0.95351386,0.3560371517027864
2171,1.0,0.9908424908424909
2172,1.0,0.9908424908424909
2173,0.90932995,0.34839476813317477
2174,1.0,0.9908424908424909
2175,1.0,0.11834924965893588
2176,1.0,0.9880952380952381
2177,0.99905264,0.08840889112143664
2178,1.0,0.9908424908424909
2179,1.0,0.9880952380952381
2180,1.0,0.9908424908424909
2181,1.0,0.9593862815884476
2182,1.0,0.06099775664993056
2183,1.0,0.41786743515850144
2184,1.0,0.7760711398544866
2185,1.0,0.9908424908424909
2186,1.0,0.9880952380952381
2187,1.0,0.915944540727903
2188,1.0,0.9908424908424909
2189,1.0,0.9104220499569337
2190,1.0,0.9908424908424909
2191,0.3214776,0.08100426338228328
2192,0.7474337,0.9324963984358922
2193,1.0,0.10247486465583913
2194,1.0,0.9908424908424909
2195,0.93859,0.5237273511647972
2196,1.0,0.9908424908424909
2197,0.99999887,0.2469775474956822
2198,1.0,0.9908424908424909
2199,0.999051,0.1083216515865936
2200,1.0,0.971894832275612
2201,1.0,0.11240934730056407
2202,1.0,0.8796445880452343
2203,1.0,0.8932536293766012
2204,1.0,0.9908424908424909
2205,1.0,0.9908424908424909
2206,0.99999994,0.9908424908424909
2207,1.0,0.9880952380952381
2208,0.7882246,0.1489539748953975
2209,1.0,0.7091412742382271
2210,1.0,0.9908424908424909
2211,1.0,0.9917431192660551
2212,0.8392587,0.5281164695177434
2213,1.0,0.9908424908424909
2214,0.95175546,0.38778877887788776
2215,0.60772777,0.4138370118845501
2216,1.0,0.09790528233151184
2217,1.0,0.9908424908424909
2218,1.0,0.9908424908424909
2219,1.0,0.9908424908424909
2220,0.5391087,0.6699436518403069
2221,0.92022717,0.9444327509997895
2222,1.0,0.9972350230414746
2223,0.8536348,0.7168207948012997
2224,1.0,0.09054988475469213
2225,1.0,0.9491525423728814
2226,1.0,0.9935661764705882
2227,1.0,0.9881170018281535
2228,1.0,0.9908424908424909
2229,1.0,0.10911094783247612
2230,1.0,0.10247486465583913
2231,0.9809532,0.8144838937220785
2232,1.0,0.98992673992674
2233,1.0,0.996316758747698
2234,1.0,0.9908424908424909
2235,1.0,0.9157155399473222
2236,1.0,0.9908424908424909
2237,0.97345316,0.5555555555555556
2238,1.0,0.9881170018281535
2239,1.0,0.9818016378525932
2240,1.0,0.9908424908424909
2241,0.99999946,0.16072128577028616
2242,1.0,0.9908424908424909
2243,0.9897163,0.09487512163477133
2244,1.0,0.9908424908424909
2245,0.8393975,0.8089958158995816
2246,1.0,0.14049955396966993
2247,1.0,0.8001631321370309
2248,1.0,0.730800323362975
2249,0.9749489,0.0664215122960239
2250,1.0,0.9827898550724637
2251,1.0,0.9752973467520586
2252,1.0,0.9862637362637363
2253,0.89270335,0.33939175814288286
2254,0.89666635,0.524300441826215
2255,1.0,0.13141075604053
2256,1.0,0.972875226039783
2257,1.0,0.9908424908424909
2258,1.0,0.9908424908424909
2259,1.0,0.9908424908424909
2260,1.0,0.9827272727272728
2261,1.0,0.8274706867671692
2262,1.0,0.9448398576512456
2263,1.0,0.07547770700636942
2264,1.0,0.8191577208918249
2265,1.0,0.9908424908424909
2266,1.0,0.9908424908424909
2267,1.0,0.8828828828828829
2268,0.9944308,0.13653772500957487
2269,1.0,0.9908424908424909
2270,0.9999108,0.13280632411067195
2271,1.0,0.05388672322861729
2272,1.0,0.9908424908424909
2273,1.0,0.9908424908424909
2274,1.0,0.08033964728935336
2275,1.0,0.9908424908424909
2276,0.59150475,0.37967718268525313
2277,0.62059724,0.14307320024198428
2278,1.0,0.9908424908424909
2279,0.24559344,0.2327109266943292
2280,1.0,0.9908424908424909
2281,1.0,0.9880952380952381
2282,1.0,0.9880952380952381
2283,1.0,0.9908424908424909
2284,1.0,0.9880952380952381
2285,1.0,0.5235196458218041
2286,1.0,0.01843817787418655
2287,1.0,0.779578606158833
2288,1.0,0.09512912716574044
2289,1.0,0.9908424908424909
2290,1.0,0.9908424908424909
2291,1.0,0.8802345058626466
2292,0.99959344,0.27606951871657753
2293,1.0,0.06993006993006994
2294,1.0,0.9908424908424909
2295,1.0,0.9908424908424909
2296,1.0,0.9908424908424909
2297,0.6696515,0.5703262013328657
2298,0.9999998,0.17926806613412596
2299,1.0,0.6594027441485069
2300,1.0,0.9718181818181818
2301,0.9748574,0.3156373193166886
2302,1.0,0.9908424908424909
2303,1.0,0.9908424908424909
2304,0.7063015,0.8897913025598848
2305,1.0,0.9908424908424909
2306,1.0,0.38764478764478766
2307,1.0,0.9908424908424909
2308,1.0,0.9908424908424909
2309,1.0,0.9908424908424909
2310,1.0,0.09277463750307201
2311,0.22515476,0.21778950636448308
2312,1.0,0.9908424908424909
2313,1.0,0.9908424908424909
2314,1.0,0.9908424908424909
2315,1.0,0.5108614232209738
2316,0.6159434,0.1992161985630307
2317,1.0,0.9481216457960644
2318,0.9091731,0.37770470937632583
2319,1.0,0.9330985915492958
2320,1.0,0.9736123748862603
2321,1.0,0.9908424908424909
2322,0.9733315,0.9586382789975605
2323,1.0,0.4473883421650265
2324,1.0,0.8914334181509754
2325,1.0,0.2722488038277512
2326,1.0,0.9908424908424909
2327,1.0,0.9908424908424909
2328,1.0,0.9652650822669104
2329,1.0,0.9908424908424909
2330,1.0,0.9880952380952381
2331,0.99999976,0.28537025888019263
2332,1.0,0.9908424908424909
2333,1.0,0.09810733109726881
2334,1.0,0.9880952380952381
2335,1.0,0.11529998533079067
2336,1.0,0.9352836879432624
2337,1.0,0.9908424908424909
2338,1.0,0.9908424908424909
2339,0.95276105,0.9051701740711873
2340,0.9999929,0.24401008827238335
2341,1.0,0.9908424908424909
2342,1.0,0.9880952380952381
2343,1.0,0.9908424908424909
2344,1.0,0.034655010927255696
2345,1.0,0.14795685857511773
2346,1.0,0.9788990825688073
2347,0.90166444,0.5885416666666666
2348,1.0,0.6094132029339854
2349,1.0,0.9908424908424909
2350,0.77334565,0.7942735949098622
2351,1.0,0.9908424908424909
2352,0.9574053,0.6513583441138422
2353,1.0,0.9908424908424909
2354,1.0,0.23303332522500608
2355,1.0,0.03214190450786877
2356,1.0,0.9908424908424909
2357,0.9999579,0.25797708512997414
2358,1.0,0.9908424908424909
2359,1.0,0.9908424908424909
2360,0.99999994,0.9908424908424909
2361,1.0,0.9908424908424909
2362,1.0,0.138255033557047
2363,1.0,0.9908424908424909
2364,0.94607604,0.581081081081081
2365,1.0,0.9908424908424909
2366,1.0,0.9908424908424909
2367,1.0,0.9392314566577301
2368,1.0,0.9880952380952381
2369,1.0,0.9908424908424909
2370,1.0,0.9880952380952381
2371,0.9999995,0.32230392156862747
2372,1.0,0.02911862419386359
2373,1.0,0.9889908256880734
2374,1.0,0.9908424908424909
2375,1.0,0.1486111111111111
2376,0.9999766,0.3219277108433735
2377,1.0,0.8609625668449198
2378,1.0,0.9890009165902841
2379,1.0,0.98992673992674
2380,1.0,0.9908424908424909
2381,1.0,0.9880952380952381
2382,1.0,0.9908424908424909
2383,1.0,0.9908424908424909
2384,1.0,0.9908424908424909
2385,1.0,0.8147013782542113
2386,1.0,0.9790718835304822
2387,1.0,0.9908424908424909
2388,1.0,0.9908424908424909
2389,0.99343973,0.11561453849832616
2390,1.0,0.834983498349835
2391,1.0,0.34760885082084225
2392,1.0,0.9908424908424909
2393,1.0,0.04959366534694728
2394,1.0,0.9908424908424909
2395,1.0,0.8461538461538461
2396,0.9898272,0.15400232018561485
2397,1.0,0.9908424908424909
2398,1.0,0.9908424908424909
2399,1.0,0.9880843263061412
2400,1.0,0.13647058823529412
2401,1.0,0.9908424908424909
2402,1.0,0.9701897018970189
2403,0.64925706,0.10674872665534804
2404,1.0,0.9908424908424909
2405,1.0,0.6500383729854182
2406,1.0,0.9881061299176578
2407,0.9999963,0.43933823529411764
2408,1.0,0.9880952380952381
2409,0.67060375,0.05535841022001419
2410,1.0,0.7878542510121458
2411,1.0,0.9305799648506151
2412,1.0,0.9699179580674567
2413,1.0,0.9908424908424909
2414,1.0,0.9208006962576153
2415,1.0,0.9908424908424909
2416,1.0,0.9908424908424909
2417,0.9391278,0.3501199040767386
2418,1.0,0.9908424908424909
2419,1.0,0.996316758747698
2420,1.0,0.9880952380952381
2421,1.0,0.029985178428913465
2422,1.0,0.9908424908424909
2423,0.9999979,0.3622084721561161
2424,1.0,0.9908424908424909
2425,1.0,0.9908424908424909
2426,1.0,0.9908424908424909
2427,1.0,0.3532818532818533
2428,1.0,0.9817684594348223
2429,1.0,0.9908424908424909
2430,1.0,0.9972350230414746
2431,0.63073736,0.21544885177453027
2432,1.0,0.9908424908424909
2433,1.0,0.9908424908424909
2434,1.0,0.98992673992674
2435,1.0,0.03724807428511132
2436,1.0,0.9917506874427131
2437,1.0,0.07761194029850746
2438,1.0,0.9880952380952381
2439,1.0,0.9908424908424909
2440,1.0,0.8254637436762225
2441,0.93359506,0.7340534979423868
2442,1.0,0.98992673992674
2443,1.0,0.5985915492957746
2444,1.0,0.9908424908424909
2445,0.8059601,0.6508215026319987
2446,1.0,0.8212025316455697
2447,1.0,0.9101899827288429
2448,1.0,0.048534509927513396
2449,1.0,0.9060344827586206
2450,1.0,0.9908424908424909
2451,1.0,0.9908424908424909
2452,1.0,0.9908424908424909
2453,1.0,0.9908424908424909
2454,1.0,0.4803105934553522
2455,1.0,0.9908424908424909
2456,1.0,0.6387596899224807
2457,0.99999994,0.9798534798534798
2458,1.0,0.9908424908424909
2459,1.0,0.12960934647681635
2460,1.0,0.9908424908424909
2461,0.9955187,0.16390658174097664
2462,1.0,0.09796163069544364
2463,1.0,0.9908424908424909
2464,1.0,0.9746606334841629
2465,1.0,0.947508896797153
2466,1.0,0.9880952380952381
2467,1.0,0.7739059967585089
2468,1.0,0.9818016378525932
2469,1.0,0.9880952380952381
2470,1.0,0.9908424908424909
2471,1.0,0.8175519630484989
2472,1.0,0.8637901861252115
2473,1.0,0.9908424908424909
2474,1.0,0.15004645401052957
2475,0.7093191,0.23959248199543298
2476,0.9995622,0.14498684595147618
2477,0.9999999,0.38477653631284914
2478,0.9524058,0.8820032014635262
2479,0.93153787,0.4337265787647467
2480,1.0,0.9908424908424909
2481,1.0,0.8691275167785235
2482,1.0,0.9908424908424909
2483,1.0,0.825
2484,1.0,0.9844322344322345
2485,1.0,0.12218649517684887
2486,0.99999994,0.9880952380952381
2487,0.9999963,0.13864245925314628
2488,1.0,0.9908424908424909
2489,1.0,0.9908424908424909
2490,0.1803173,0.36817738791423
2491,1.0,0.9908424908424909
2492,1.0,0.09573203673689898
2493,1.0,0.09727371864776445
2494,1.0,0.05414499847048027
2495,1.0,0.9908424908424909
2496,1.0,0.9232111692844677
2497,1.0,0.12535442471272945
2498,1.0,0.9908424908424909
2499,1.0,0.09674490986901829
2500,0.46768776,0.15618661257606492
2501,1.0,0.9908424908424909
2502,1.0,0.9880952380952381
2503,1.0,0.10695296523517382
2504,1.0,0.9880952380952381
2505,1.0,0.9908424908424909
2506,0.99971956,0.13526717557251908
2507,0.91890836,0.6986741663318602
2508,1.0,0.909965034965035
2509,1.0,0.6911262798634812
2510,1.0,0.9908424908424909
2511,0.86461866,0.583258648503316
2512,1.0,0.9495949594959496
2513,0.88783973,0.7561177248677249
2514,1.0,0.9313380281690141
2515,1.0,0.05104917005950517
2516,1.0,0.9492619926199262
2517,1.0,0.7073170731707317
2518,1.0,0.7502222222222222
2519,1.0,0.9908424908424909
2520,1.0,0.877147766323024
2521,1.0,0.9908424908424909
2522,1.0,0.9880952380952381
2523,1.0,0.9908424908424909
2524,1.0,0.9908424908424909
2525,1.0,0.9908424908424909
2526,1.0,0.9908424908424909
2527,1.0,0.9880952380952381
2528,1.0,0.9908424908424909
2529,0.9649691,0.7623299319727891
2530,1.0,0.053880545683824374
2531,1.0,0.8340016038492382
2532,1.0,0.9880952380952381
2533,1.0,0.966726618705036
2534,0.9999986,0.19082648204240588
2535,1.0,0.825
2536,1.0,0.9226033421284081
2537,1.0,0.9441489361702128
2538,1.0,0.9632286995515695
2539,1.0,0.9908424908424909
2540,1.0,0.9781021897810219
2541,1.0,0.9908424908424909
2542,1.0,0.46511627906976744
2543,0.6994858,0.8781002638522427
2544,1.0,0.26651818856718634
2545,0.97218096,0.38849325337331336
2546,1.0,0.9908424908424909
2547,0.9999953,0.151676206050695
2548,1.0,0.9890210430009149
2549,1.0,0.9908424908424909
2550,1.0,0.8535936113575865
2551,1.0,0.9880952380952381
2552,1.0,0.9881061299176578
2553,0.9999998,0.6032357473035439
2554,1.0,0.7040498442367601
2555,1.0,0.19134860050890584
2556,1.0,0.9908424908424909
2557,0.9789189,0.9023820124666073
2558,1.0,0.9908424908424909
2559,1.0,0.9800362976406534
2560,0.69336694,0.3940226171243942
2561,1.0,0.05374807650032974
2562,1.0,0.9908424908424909
2563,1.0,0.97
2564,1.0,0.9880952380952381
2565,1.0,0.9800362976406534
2566,1.0,0.9880952380952381
2567,1.0,0.9908424908424909
2568,0.9850633,0.08908726543997085
2569,0.8888864,0.7305055698371894
2570,1.0,0.8466557911908646
2571,1.0,0.030608735526768314
2572,1.0,0.9908424908424909
2573,1.0,0.9037620297462817
2574,1.0,0.9908424908424909
2575,1.0,0.9908424908424909
2576,1.0,0.4188880426504189
2577,1.0,0.9755656108597285
2578,0.80219656,0.7598670544245949
2579,1.0,0.9908424908424909
2580,0.66694254,0.8703487755751087
2581,1.0,0.42045454545454547
2582,0.7731918,0.43821391484942884
2583,0.99999905,0.039072207648764325
2584,0.9994822,0.09578983595273603
2585,1.0,0.14105452906714736
2586,1.0,0.85667215815486
2587,1.0,0.04123281965847563
2588,1.0,0.7601626016260162
2589,0.66359043,0.3993541442411195
2590,0.76471,0.4907348242811502
2591,1.0,0.9880952380952381
2592,1.0,0.12149970708845928
2593,1.0,0.8957264957264958
2594,0.99999446,0.17515274949083504
2595,0.6025374,0.13018289219584234
2596,1.0,0.14555702917771884
2597,1.0,0.7445095168374817
2598,1.0,0.9908424908424909
2599,1.0,0.9908424908424909
2600,1.0,0.9908424908424909
2601,1.0,0.9926402943882244
2602,1.0,0.9908424908424909
2603,1.0,0.9880952380952381
2604,1.0,0.6568
2605,1.0,0.9908424908424909
2606,1.0,0.9908424908424909
2607,1.0,0.09902130109383996
2608,1.0,0.9527207850133809
2609,1.0,0.9908424908424909
2610,1.0,0.9908424908424909
2611,1.0,0.9908424908424909
2612,1.0,0.955237242614145
2613,1.0,0.09366754617414248
2614,0.76250064,0.47410262587328356
2615,0.99052984,0.08145908145908146
2616,1.0,0.9908424908424909
2617,1.0,0.14460093896713616
2618,1.0,0.9908424908424909
2619,1.0,0.9908424908424909
2620,1.0,0.9908424908424909
2621,1.0,0.9908424908424909
2622,1.0,0.9297629499561019
2623,0.7879819,0.8995306213679034
2624,1.0,0.9908424908424909
2625,1.0,0.8627272727272727
2626,1.0,0.9908424908424909
2627,1.0,0.9872146118721461
2628,1.0,0.8780694326841659
2629,1.0,0.9880952380952381
2630,1.0,0.9110535405872193
2631,1.0,0.9908424908424909
2632,1.0,0.9871794871794872
2633,0.93441945,0.19769517935400097
2634,1.0,0.9908424908424909
2635,1.0,0.9908424908424909
2636,1.0,0.166343669250646
2637,1.0,0.9908424908424909
2638,1.0,0.9908424908424909
2639,1.0,0.9908424908424909
2640,0.91123617,0.5010992727887705
2641,0.9525597,0.7166882276843467
2642,1.0,0.9908424908424909
2643,1.0,0.7837837837837838
2644,0.7351679,0.4548364153627312
2645,1.0,0.10911094783247612
2646,1.0,0.9908424908424909
2647,1.0,0.02722046227854042
2648,1.0,0.9908424908424909
2649,1.0,0.9908424908424909
2650,1.0,0.9908424908424909
2651,1.0,0.9880952380952381
2652,1.0,0.9908424908424909
2653,0.87343764,0.9066544496621235
2654,1.0,0.9880952380952381
2655,0.99999994,0.5564174894217208
2656,1.0,0.9880952380952381
2657,0.6869692,0.49133383571966843
2658,1.0,0.16123921844745642
2659,0.9621817,0.7103160819729073
2660,1.0,0.9908424908424909
2661,0.9345759,0.384811200678829
2662,1.0,0.9908424908424909
2663,1.0,0.9644160583941606
2664,1.0,0.891989198919892
2665,1.0,0.9917883211678832
2666,0.8287031,0.7553235908141962
2667,1.0,0.9017933390264731
2668,1.0,0.9881061299176578
2669,1.0,0.9880952380952381
2670,1.0,0.9862637362637363
2671,1.0,0.9908424908424909
2672,1.0,0.9908424908424909
2673,1.0,0.9917431192660551
2674,1.0,0.9872029250457038
2675,1.0,0.9908424908424909
2676,1.0,0.9908424908424909
2677,1.0,0.1343910405972935
2678,1.0,0.9908424908424909
2679,1.0,0.9908424908424909
2680,1.0,0.09902889341805539
2681,1.0,0.22374581939799332
2682,1.0,0.9863138686131386
2683,1.0,0.9908424908424909
2684,1.0,0.9908424908424909
2685,1.0,0.708029197080292
2686,1.0,0.05391953546246371
2687,1.0,0.13962895801366998
2688,1.0,0.9908424908424909
2689,1.0,0.9908424908424909
2690,1.0,0.13815187557182068
2691,1.0,0.2722488038277512
2692,1.0,0.9908424908424909
2693,1.0,0.9908424908424909
2694,1.0,0.9908424908424909
2695,0.99999994,0.40264255910987484
2696,1.0,0.125
2697,0.99505603,0.10314272211720227
2698,1.0,0.9908424908424909
2699,1.0,0.9908424908424909
2700,1.0,0.9908424908424909
2701,1.0,0.9880952380952381
2702,1.0,0.9880952380952381
2703,1.0,0.1935483870967742
2704,1.0,0.4393939393939394
2705,0.99999976,0.42411347517730497
2706,1.0,0.9908424908424909
2707,1.0,0.8246484698097601
2708,1.0,0.8579686209744013
2709,1.0,0.9917506874427131
2710,0.8648048,0.6339988751406074
2711,0.9991239,0.116270611057226
2712,1.0,0.9880952380952381
2713,0.27079716,0.21203438395415472
2714,1.0,0.9908424908424909
2715,0.9739815,0.5743793822247489
2716,1.0,0.9908424908424909
2717,1.0,0.9908424908424909
2718,1.0,0.9908424908424909
2719,1.0,0.9908424908424909
2720,1.0,0.949288256227758
2721,0.8438561,0.8177408924337142
2722,1.0,0.9908424908424909
2723,1.0,0.9352836879432624
2724,1.0,0.6565118050266565
2725,1.0,0.07281833943363514
2726,0.095843226,0.24413457281983178
2727,1.0,0.9318584070796461
2728,1.0,0.9880952380952381
2729,1.0,0.16912805988266236
2730,0.9341852,0.889308541545613
2731,1.0,0.9908424908424909
2732,1.0,0.9908424908424909
2733,1.0,0.1693207669808255
2734,1.0,0.9908424908424909
2735,1.0,0.9908424908424909
2736,1.0,0.9908424908424909
2737,1.0,0.9908424908424909
2738,1.0,0.8402317880794702
2739,1.0,0.9908424908424909
2740,1.0,0.9908424908424909
2741,1.0,0.808351976137211
2742,1.0,0.9908424908424909
2743,1.0,0.9908424908424909
2744,1.0,0.9588182632050134
2745,1.0,0.8631147540983607
2746,0.9090515,0.9028792436613665
2747,1.0,0.9908424908424909
2748,1.0,0.9908424908424909
2749,0.94567895,0.5891451456981079
2750,1.0,0.9880952380952381
2751,1.0,0.8766177739430544
2752,1.0,0.9908424908424909
2753,1.0,0.98992673992674
2754,1.0,0.8369932432432432
2755,0.97753453,0.7624140565317036
2756,1.0,0.9908424908424909
2757,1.0,0.9880952380952381
2758,1.0,0.9908424908424909
2759,1.0,0.9908424908424909
2760,1.0,0.9908424908424909
2761,0.7305726,0.4064516129032258
2762,1.0,0.989935956084172
2763,0.9287084,0.6374228923920493
2764,1.0,0.8932536293766012
2765,1.0,0.9908424908424909
2766,0.99999994,0.9908424908424909
2767,1.0,0.9908424908424909
2768,1.0,0.9908424908424909
2769,1.0,0.9908424908424909
2770,1.0,0.9908424908424909
2771,1.0,0.9908424908424909
2772,1.0,0.11529998533079067
2773,0.99977934,0.14623807841752032
2774,1.0,0.6220338983050847
2775,1.0,0.23879862136878385
2776,0.9993508,0.17687747035573123
2777,1.0,0.9908424908424909
2778,1.0,0.13320647002854424
2779,1.0,0.9367201426024956
2780,1.0,0.045064377682403435
2781,1.0,0.9316608996539792
2782,0.7918265,0.1368062317429406
2783,1.0,0.9880952380952381
2784,1.0,0.9045571797076526
2785,1.0,0.9908424908424909
2786,1.0,0.9835766423357665
2787,1.0,0.9908424908424909
2788,1.0,0.9519572953736655
2789,1.0,0.9699453551912568
2790,0.9987635,0.38238636363636364
2791,1.0,0.9908424908424909
2792,1.0,0.9908424908424909
2793,1.0,0.9908424908424909
2794,1.0,0.273
2795,1.0,0.9880952380952381
2796,1.0,0.9908424908424909
2797,1.0,0.9908424908424909
2798,1.0,0.9908424908424909
2799,0.9651214,0.896995266515744
2800,0.88434833,0.8744186046511628
2801,1.0,0.9908424908424909
2802,1.0,0.9963369963369964
2803,1.0,0.9908424908424909
2804,1.0,0.927158273381295
2805,1.0,0.9908424908424909
2806,1.0,0.9908424908424909
2807,1.0,0.9908424908424909
2808,1.0,0.9908424908424909
2809,1.0,0.9908424908424909
2810,0.9230514,0.7486001158524812
2811,0.99999756,0.11519017814155032
2812,1.0,0.996316758747698
2813,1.0,0.9908424908424909
2814,1.0,0.9908424908424909
2815,1.0,0.9702434625788999
2816,1.0,0.9908424908424909
2817,1.0,0.18269230769230768
2818,1.0,0.9908424908424909
2819,1.0,0.9908424908424909
2820,1.0,0.9908424908424909
2821,1.0,0.9908424908424909
2822,1.0,0.9908424908424909
2823,0.99999994,0.5325
2824,0.9173203,0.2809447261036231
2825,1.0,0.9908424908424909
2826,1.0,0.8990509059534081
2827,1.0,0.8543778801843318
2828,1.0,0.1419206236711552
2829,1.0,0.9908424908424909
2830,0.9946723,0.08210059171597633
2831,1.0,0.9908424908424909
2832,1.0,0.8907996560619088
2833,0.6582275,0.3353658536585366
2834,1.0,0.9908424908424909
2835,1.0,0.9908424908424909
2836,1.0,0.9908424908424909
2837,1.0,0.1993911719939117
2838,1.0,0.9908424908424909
2839,1.0,0.9880952380952381
2840,1.0,0.9908424908424909
2841,1.0,0.98992673992674
2842,1.0,0.9908424908424909
2843,0.999999,0.21259079903147698
2844,1.0,0.9880952380952381
2845,1.0,0.9663330300272975
2846,1.0,0.9908424908424909
2847,0.99935585,0.08598432457353619
2848,1.0,0.9908424908424909
2849,1.0,0.9908424908424909
2850,1.0,0.9880952380952381
2851,1.0,0.9908424908424909
2852,1.0,0.9880952380952381
2853,1.0,0.08632411067193677
2854,1.0,0.9908424908424909
2855,1.0,0.9490909090909091
2856,1.0,0.9908424908424909
2857,1.0,0.9880952380952381
2858,1.0,0.9880952380952381
2859,1.0,0.2767612076852699
2860,1.0,0.8383280757097792
2861,1.0,0.8357487922705314
2862,1.0,0.9963369963369964
2863,1.0,0.9890009165902841
2864,1.0,0.9908424908424909
2865,1.0,0.09835331018259214
2866,1.0,0.9908424908424909
2867,1.0,0.98992673992674
2868,1.0,0.9835766423357665
2869,0.8159209,0.6174103877103145
2870,1.0,0.9908424908424909
2871,0.9999999,0.24883720930232558
2872,1.0,0.9908424908424909
2873,1.0,0.9224062772449869
2874,1.0,0.9908424908424909
2875,0.9319933,0.8166229221347332
2876,1.0,0.9908424908424909
2877,1.0,0.7519809825673535
2878,1.0,0.16767676767676767
2879,1.0,0.989010989010989
2880,1.0,0.947508896797153
2881,1.0,0.6918876755070202
2882,1.0,0.7433070866141732
2883,1.0,0.9880952380952381
2884,1.0,0.9880952380952381
2885,1.0,0.891961970613656
2886,1.0,0.8768115942028986
2887,1.0,0.9908424908424909
2888,1.0,0.989010989010989
2889,0.9469782,0.8858636197885013
2890,1.0,0.9908424908424909
2891,0.9694508,0.8716847688810305
2892,1.0,0.7069306930693069
2893,1.0,0.989010989010989
2894,1.0,0.9908424908424909
2895,0.9637829,0.7803179409538229
2896,1.0,0.9818181818181818
2897,1.0,0.9746606334841629
2898,1.0,0.9880952380952381
2899,1.0,0.9927206551410374
2900,1.0,0.9880952380952381
2901,1.0,0.98992673992674
2902,0.9999758,0.17764001710132535
2903,1.0,0.9880952380952381
2904,0.9999838,0.15481321839080459
2905,0.908235,0.6739413210001445
2906,1.0,0.9908424908424909
2907,0.9999791,0.8176614881439084
2908,1.0,0.9908424908424909
2909,1.0,0.9908424908424909
2910,1.0,0.9908424908424909
2911,0.9999999,0.3298070939639079
2912,1.0,0.9917506874427131
2913,1.0,0.9908424908424909
2914,0.94574404,0.7770366841353026
2915,1.0,0.9680073126142597
2916,1.0,0.9908424908424909
2917,1.0,0.9880952380952381
2918,1.0,0.9908424908424909
2919,1.0,0.9908424908424909
2920,1.0,0.9908424908424909
2921,0.5938608,0.7692178864511807
2922,1.0,0.9908424908424909
2923,1.0,0.9880952380952381
2924,1.0,0.9714811407543699
2925,1.0,0.8311229000884174
2926,1.0,0.8401976935749588
2927,1.0,0.9329805996472663
2928,1.0,0.98992673992674
2929,1.0,0.2722488038277512
2930,1.0,0.9908424908424909
2931,1.0,0.9908424908424909
2932,1.0,0.10735751295336787
2933,1.0,0.9818016378525932
2934,1.0,0.9908424908424909
2935,1.0,0.9880952380952381
2936,1.0,0.9880952380952381
2937,1.0,0.9908424908424909
2938,1.0,0.6085376930063578
2939,1.0,0.16977077363896848
2940,1.0,0.9495949594959496
2941,1.0,0.9346866725507502
2942,0.9263299,0.9213568110618992
2943,1.0,0.9908424908424909
2944,1.0,0.9908424908424909
2945,0.90671986,0.6674619404680754
2946,0.94908607,0.9149160772722474
2947,1.0,0.9908424908424909
2948,1.0,0.9908424908424909
2949,1.0,0.0967310265723571
2950,1.0,0.9917506874427131
2951,1.0,0.9728014505893019
2952,1.0,0.9908424908424909
2953,1.0,0.9908424908424909
2954,1.0,0.9908424908424909
2955,1.0,0.9880952380952381
2956,1.0,0.9880952380952381
2957,1.0,0.6295436968290796
2958,1.0,0.5960264900662252
2959,1.0,0.10960206437593373
2960,1.0,0.9880952380952381
2961,0.7018016,0.4164358264081256
2962,1.0,0.9623992837958818
2963,0.95762724,0.7420634920634921
2964,1.0,0.9908424908424909
2965,1.0,0.9880952380952381
2966,0.88428926,0.9079171396140749
2967,0.7361788,0.8726533166458073
2968,1.0,0.2551299589603283
2969,1.0,0.970722781335773
2970,0.9492896,0.8611720807726075
2971,1.0,0.9908424908424909
2972,1.0,0.9908424908424909
2973,1.0,0.08591460862285476
2974,1.0,0.9880952380952381
2975,1.0,0.9908424908424909
2976,1.0,0.9381625441696113
2977,1.0,0.36127167630057805
2978,1.0,0.10543442889684347
2979,1.0,0.9908424908424909
2980,1.0,0.9908424908424909
2981,0.6237296,0.3436452693993297
2982,1.0,0.9908424908424909
2983,0.99942994,0.1374106433677522
2984,1.0,0.9404973357015985
2985,1.0,0.9871794871794872
2986,0.99999994,0.2863247863247863
2987,1.0,0.9880952380952381
2988,1.0,0.9908424908424909
2989,0.87582606,0.884185898117622
2990,0.9999521,0.1387434554973822
2991,1.0,0.9579230080572964
2992,0.9263029,0.7434730538922155
2993,1.0,0.36127167630057805
2994,1.0,0.755804643714972
2995,0.969113,0.8075963936313063
2996,0.86448425,0.5264756944444444
2997,0.734456,0.8937913646391428
2998,0.94587326,0.11171816126601357
2999,0.8836567,0.9592326139088729
3000,1.0,0.5369588173178458
3001,1.0,0.9880952380952381
3002,1.0,0.9908424908424909
3003,1.0,0.9615384615384616
3004,1.0,0.9908424908424909
3005,0.9993751,0.16534128561961564
3006,1.0,0.9579230080572964
3007,1.0,0.9908424908424909
3008,1.0,0.038038496791934
3009,1.0,0.9908424908424909
3010,1.0,0.9908424908424909
3011,1.0,0.9771897810218978
3012,0.9998892,0.11628738234242822
3013,1.0,0.9880952380952381
3014,0.99900967,0.09466437177280551
3015,0.99944526,0.4665127020785219
3016,1.0,0.9908424908424909
3017,1.0,0.9908424908424909
3018,0.792619,0.5641057010031808
3019,1.0,0.989010989010989
3020,1.0,0.9545859305431879
3021,0.97781163,0.892111650485437
3022,1.0,0.9880952380952381
3023,1.0,0.9908424908424909
3024,1.0,0.989010989010989
3025,1.0,0.14228886168910648
3026,1.0,0.98992673992674
3027,1.0,0.9367201426024956
3028,1.0,0.09549484783129643
3029,1.0,0.8796680497925311
3030,0.57435155,0.6591337099811676
3031,0.9997884,0.20274869109947644
3032,1.0,0.9908424908424909
3033,1.0,0.9872146118721461
3034,1.0,0.3852779953014879
3035,1.0,0.9414893617021277
3036,1.0,0.9908424908424909
3037,1.0,0.9917506874427131
3038,1.0,0.9908424908424909
3039,1.0,0.9908424908424909
3040,1.0,0.9908424908424909
3041,1.0,0.856312292358804
3042,1.0,0.9908424908424909
3043,1.0,0.9863138686131386
3044,1.0,0.08464125560538116
3045,1.0,0.9271758436944938
3046,1.0,0.7471466198419666
3047,1.0,0.9908424908424909
3048,1.0,0.6310372129849564
3049,1.0,0.08607767431296844
3050,0.9688164,0.08362183754993342
3051,0.99999905,0.21629778672032193
3052,0.9747029,0.7857700109221407
3053,0.9417883,0.5652985074626866
3054,1.0,0.9908424908424909
3055,1.0,0.9908424908424909
3056,0.94316405,0.6462189317821259
3057,1.0,0.9917506874427131
3058,1.0,0.9880952380952381
3059,0.96337646,0.6748815165876777
3060,1.0,0.3388042203985932
3061,1.0,0.9260273972602739
3062,1.0,0.282418734708144
3063,1.0,0.10440140845070423
3064,1.0,0.024778761061946902
3065,1.0,0.9908424908424909
3066,1.0,0.10285293188756711
3067,1.0,0.9908424908424909
3068,1.0,0.8254637436762225
3069,1.0,0.9487632508833922
3070,1.0,0.9908424908424909
3071,1.0,0.9880952380952381
3072,0.8473952,0.44170096021947874
3073,1.0,0.8745733788395904
3074,1.0,0.9908424908424909
3075,1.0,0.9908424908424909
3076,1.0,0.9908424908424909
3077,1.0,0.9908424908424909
3078,1.0,0.9908424908424909
3079,1.0,0.9184027777777778
3080,1.0,0.10862700517872932
3081,1.0,0.9881170018281535
3082,1.0,0.11663641863278887
3083,1.0,0.6396705559368565
3084,1.0,0.9880952380952381
3085,1.0,0.9908424908424909
3086,1.0,0.8868243243243243
3087,1.0,0.9908424908424909
3088,0.9999981,0.6442598187311178
3089,1.0,0.9908424908424909
3090,0.99999934,0.34491634491634493
3091,1.0,0.9908424908424909
3092,0.8910183,0.9733658536585366
3093,1.0,0.9601449275362319
3094,0.91239244,0.9242946370880896
3095,1.0,0.8992869875222816
3096,1.0,0.8635235732009926
3097,0.99999994,0.9908424908424909
3098,1.0,0.9908424908424909
3099,1.0,0.9487410071942446
3100,1.0,0.9880952380952381
3101,1.0,0.9917506874427131
3102,1.0,0.8822510822510823
3103,1.0,0.9880952380952381
3104,1.0,0.0417355897696908
3105,1.0,0.9908424908424909
3106,0.9999997,0.2749391727493917
3107,1.0,0.9908424908424909
3108,1.0,0.9908424908424909
3109,1.0,0.9908424908424909
3110,1.0,0.9880952380952381
3111,1.0,0.11252383979656706
3112,0.90294266,0.9343537781610435
3113,0.97681767,0.7979553903345725
3114,1.0,0.9881170018281535
3115,1.0,0.12486466979429808
3116,1.0,0.9908424908424909
3117,1.0,0.996316758747698
3118,1.0,0.9880952380952381
3119,1.0,0.9441489361702128
3120,1.0,0.9863138686131386
3121,1.0,0.9880952380952381
3122,1.0,0.8945606694560669
3123,1.0,0.10088865656037638
3124,1.0,0.9908424908424909
3125,1.0,0.9908424908424909
3126,1.0,0.9908424908424909
3127,0.9999902,0.2032183908045977
3128,0.8949135,0.8304431599229287
3129,1.0,0.9057412167952014
3130,1.0,0.9908424908424909
3131,1.0,0.2722488038277512
3132,1.0,0.9908424908424909
3133,0.9775019,0.9619188359668068
3134,1.0,0.8246484698097601
3135,0.99252206,0.10037878787878787
3136,1.0,0.9908424908424909
3137,1.0,0.9755434782608695
3138,0.9683377,0.7293478260869565
3139,1.0,0.09161683402910978
3140,1.0,0.8247758761206194
3141,1.0,0.9908424908424909
3142,1.0,0.989010989010989
3143,1.0,0.9908424908424909
3144,1.0,0.9908424908424909
3145,1.0,0.9596050269299821
3146,1.0,0.9908424908424909
3147,1.0,0.9880952380952381
3148,1.0,0.9889908256880734
3149,1.0,0.9908424908424909
3150,1.0,0.7887700534759359
3151,1.0,0.1704733531943065
3152,1.0,0.9908424908424909
3153,1.0,0.989010989010989
3154,1.0,0.7737226277372263
3155,1.0,0.9908424908424909
3156,0.96301925,0.9261060372435062
3157,1.0,0.9908424908424909
3158,1.0,0.14150047483380818
3159,1.0,0.9908424908424909
3160,1.0,0.9908424908424909
3161,1.0,0.8908934707903781
3162,1.0,0.9330985915492958
3163,1.0,0.9908424908424909
3164,0.6480096,0.21651013346515077
3165,1.0,0.9908424908424909
3166,1.0,0.11022044088176353
3167,0.25271025,0.33926231042875865
3168,1.0,0.8256496227996647
3169,1.0,0.8545016077170418
3170,0.9999914,0.16753926701570682
3171,1.0,0.9281332164767747
3172,1.0,0.10006547359231777
3173,1.0,0.9917506874427131
3174,1.0,0.06986754966887417
3175,1.0,0.9908424908424909
3176,1.0,0.9881061299176578
3177,1.0,0.9854147675478578
3178,1.0,0.9908424908424909
3179,1.0,0.9880952380952381
3180,0.4877404,0.05957859045773795
3181,1.0,0.9880952380952381
3182,1.0,0.9880952380952381
3183,0.99977523,0.15529061102831596
3184,0.99999976,0.2556213017751479
3185,0.7064734,0.6180584406591885
3186,1.0,0.9880952380952381
3187,1.0,0.09627791563275434
3188,1.0,0.9268077601410935
3189,1.0,0.9908424908424909
3190,1.0,0.9746606334841629
3191,1.0,0.9908424908424909
3192,1.0,0.2203656998738966
3193,1.0,0.9908424908424909
3194,1.0,0.9908424908424909
3195,1.0,0.8303946263643996
3196,1.0,0.9908424908424909
3197,1.0,0.9614695340501792
3198,1.0,0.9540126239855726
3199,1.0,0.05723498589278517
3200,0.9624599,0.6157429526994744
3201,1.0,0.9246275197195443
3202,1.0,0.9908424908424909
3203,0.4389452,0.7319391634980988
3204,1.0,0.9908424908424909
3205,1.0,0.9908424908424909
3206,1.0,0.9881061299176578
3207,0.9998277,0.1452437777020116
3208,1.0,0.9908424908424909
3209,1.0,0.98992673992674
3210,1.0,0.7658362989323844
3211,0.6164465,0.5450657543034321
3212,1.0,0.9908424908424909
3213,1.0,0.9908424908424909
3214,1.0,0.8087557603686636
3215,1.0,0.900352733686067
3216,1.0,0.9844890510948905
3217,1.0,0.1938749683624399
3218,1.0,0.9908424908424909
3219,1.0,0.980909090909091
3220,1.0,0.9908424908424909
3221,1.0,0.9908424908424909
3222,1.0,0.9908424908424909
3223,1.0,0.786871961102107
3224,0.76156074,0.518295825459543
3225,1.0,0.8930434782608696
3226,0.9999568,0.16530156366344007
3227,1.0,0.9297629499561019
3228,0.91674453,0.6514227642276422
3229,1.0,0.9585211902614968
3230,1.0,0.9880952380952381
3231,1.0,0.9908424908424909
3232,0.82068026,0.10428042980447419
3233,1.0,0.9908424908424909
3234,1.0,0.9908424908424909
3235,1.0,0.9908424908424909
3236,1.0,0.9908424908424909
3237,1.0,0.98992673992674
3238,1.0,0.9908424908424909
3239,0.9995917,0.14885496183206107
3240,1.0,0.9908424908424909
3241,1.0,0.08339643050297459
3242,1.0,0.9880952380952381
3243,0.6823036,0.8610012430783139
3244,1.0,0.9880952380952381
3245,1.0,0.9908424908424909
3246,1.0,0.7414634146341463
3247,1.0,0.101164344340523
3248,1.0,0.9908424908424909
3249,1.0,0.9908424908424909
3250,1.0,0.05760990318996985
3251,0.7691538,0.8976386848943623
3252,0.9999701,0.10702914523634582
3253,1.0,0.9880952380952381
3254,1.0,0.9890210430009149
3255,0.7429446,0.7056631892697467
3256,1.0,0.9908424908424909
3257,1.0,0.9908424908424909
3258,0.74672693,0.07475464606389642
3259,1.0,0.9890310786106032
3260,1.0,0.989010989010989
3261,1.0,0.7862068965517242
3262,1.0,0.9899175068744271
3263,0.99999994,0.23669623059866962
3264,1.0,0.9908424908424909
3265,1.0,0.9880952380952381
3266,1.0,0.9727024567788899
3267,1.0,0.9835766423357665
3268,1.0,0.95695067264574
3269,1.0,0.9908424908424909
3270,1.0,0.9666966696669667
3271,1.0,0.9908424908424909
3272,1.0,0.16417910447761194
3273,1.0,0.9908424908424909
3274,1.0,0.9908424908424909
3275,0.92860043,0.6507568525842083
3276,1.0,0.989935956084172
3277,1.0,0.9880952380952381
3278,0.91774195,0.8902918403811793
3279,1.0,0.4079045488441462
3280,1.0,0.9571045576407506
3281,0.98284054,0.6225439503619442
3282,1.0,0.9818016378525932
3283,1.0,0.8822510822510823
3284,1.0,0.9880952380952381
3285,1.0,0.9880952380952381
3286,1.0,0.1693207669808255
3287,1.0,0.971945701357466
3288,1.0,0.857504215851602
3289,0.9619377,0.6076801266825019
3290,1.0,0.9908424908424909
3291,1.0,0.9890210430009149
3292,1.0,0.9718181818181818
3293,1.0,0.9908424908424909
3294,0.86708915,0.4630522088353414
3295,1.0,0.5191011235955056
3296,1.0,0.9908424908424909
3297,1.0,0.9880952380952381
3298,0.8377438,0.8636164143076586
3299,1.0,0.14834935227747598
3300,1.0,0.9908424908424909
3301,1.0,0.06298600311041991
3302,1.0,0.9908424908424909
3303,0.99993974,0.16297786720321933
3304,1.0,0.10868341029395202
3305,1.0,0.9880952380952381
3306,1.0,0.9908424908424909
3307,1.0,0.10600490196078431
3308,1.0,0.9908340971585701
3309,1.0,0.7519623233908949
3310,1.0,0.9908424908424909
3311,1.0,0.9908424908424909
3312,1.0,0.2270618556701031
3313,1.0,0.9908424908424909
3314,1.0,0.9908424908424909
3315,1.0,0.9908424908424909
3316,1.0,0.09676141428146974
3317,1.0,0.966726618705036
3318,1.0,0.8665540540540541
3319,0.6530476,0.7220422443954905
3320,0.99052817,0.32079931241942417
3321,1.0,0.9908424908424909
3322,0.571636,0.5606387570133794
3323,0.9999986,0.380199179847686
3324,0.9283492,0.5389201722424644
3325,1.0,0.9908424908424909
3326,1.0,0.9110535405872193
3327,1.0,0.9787037037037037
3328,1.0,0.9908424908424909
3329,1.0,0.9880952380952381
3330,1.0,0.8286852589641435
3331,1.0,0.9908424908424909
3332,1.0,0.20926090828138913
3333,0.9698627,0.8534978437949209
3334,0.8221333,0.42887294216969185
3335,1.0,0.9618528610354223
3336,1.0,0.9325463743676222
3337,0.50982636,0.517983155019349
3338,1.0,0.9880952380952381
3339,1.0,0.9908424908424909
3340,1.0,0.98992673992674
3341,0.99999994,0.9908424908424909
3342,1.0,0.9908424908424909
3343,1.0,0.7414634146341463
3344,1.0,0.09426795580110497
3345,1.0,0.10336487907465826
3346,0.81678843,0.8936634311266223
3347,0.9710569,0.9248959707703237
3348,1.0,0.9908424908424909
3349,1.0,0.9880952380952381
3350,1.0,0.9908424908424909
3351,1.0,0.9908424908424909
3352,0.4343946,0.416597853014038
3353,1.0,0.6546474358974359
3354,1.0,0.9908340971585701
3355,0.59028774,0.8815175491986205
3356,0.8954213,0.6960511223988203
3357,1.0,0.07486505515137291
3358,1.0,0.9615728328865059
3359,1.0,0.9890210430009149
3360,1.0,0.9908424908424909
3361,1.0,0.030689399555226093
3362,1.0,0.9908424908424909
3363,1.0,0.971996386630533
3364,1.0,0.23329652125897293
3365,1.0,0.3423952975753123
3366,1.0,0.9908424908424909
3367,1.0,0.9908424908424909
3368,1.0,0.9908424908424909
3369,1.0,0.996316758747698
3370,1.0,0.9908424908424909
3371,0.71148354,0.5978853281011555
3372,1.0,0.18835304822565968
3373,1.0,0.21779464473961627
3374,1.0,0.9908424908424909
3375,1.0,0.9908424908424909
3376,1.0,0.9908424908424909
3377,1.0,0.926271186440678
3378,1.0,0.9908424908424909
3379,1.0,0.9880952380952381
3380,1.0,0.9908424908424909
3381,0.98868567,0.075411818044431
3382,1.0,0.989010989010989
3383,1.0,0.9908424908424909
3384,1.0,0.9121739130434783
3385,0.92284435,0.8929691583899634
3386,1.0,0.9908424908424909
3387,1.0,0.9908424908424909
3388,1.0,0.9908424908424909
3389,1.0,0.9908424908424909
3390,1.0,0.9908424908424909
3391,1.0,0.9908424908424909
3392,1.0,0.7632221318144833
3393,0.9920731,0.08219005663939585
3394,1.0,0.9656419529837251
3395,1.0,0.9325044404973357
3396,1.0,0.7980295566502463
3397,1.0,0.8397493285586393
3398,1.0,0.05187601957585644
3399,1.0,0.9908424908424909
3400,1.0,0.9908424908424909
3401,1.0,0.7261632341723875
3402,1.0,0.9908424908424909
3403,0.61635405,0.6194074368661762
3404,0.8822813,0.615563029108199
3405,1.0,0.0931448920543067
3406,1.0,0.9908424908424909
3407,1.0,0.27680525164113784
3408,1.0,0.9908424908424909
3409,1.0,0.9736123748862603
3410,1.0,0.9880952380952381
3411,1.0,0.7754098360655738
3412,1.0,0.9908424908424909
3413,1.0,0.9908424908424909
3414,1.0,0.9908424908424909
3415,0.8315543,0.25172074729596855
3416,1.0,0.9908424908424909
3417,1.0,0.21152216887884778
3418,1.0,0.9890210430009149
3419,1.0,0.9880952380952381
3420,1.0,0.9474153297682709
3421,1.0,0.9908424908424909
3422,1.0,0.9908424908424909
3423,1.0,0.9908424908424909
3424,0.40103683,0.8250974607522916
3425,1.0,0.9908424908424909
3426,1.0,0.9908424908424909
3427,1.0,0.8945074106364429
3428,1.0,0.9264836138175376
3429,1.0,0.9109900090826522
3430,1.0,0.9908424908424909
3431,1.0,0.5443294569508161
3432,1.0,0.7419642857142857
3433,1.0,0.9908424908424909
3434,1.0,0.14084117321527392
3435,1.0,0.9872029250457038
3436,0.961513,0.28770808811165294
3437,1.0,0.9862637362637363
3438,1.0,0.8981164383561644
3439,1.0,0.07326447273600768
3440,1.0,0.9434977578475336
3441,0.9997448,0.11567251461988304
3442,1.0,0.9908424908424909
3443,0.85849637,0.7799490229396772
3444,0.5426076,0.7718162195497996
3445,1.0,0.9908424908424909
3446,1.0,0.9908424908424909
3447,1.0,0.9297629499561019
3448,1.0,0.9880952380952381
3449,1.0,0.9908424908424909
3450,1.0,0.9880952380952381
3451,1.0,0.07101449275362319
3452,0.9999998,0.4508670520231214
3453,1.0,0.9666966696669667
3454,1.0,0.979890310786106
3455,0.9025753,0.8206308379585758
3456,1.0,0.9880952380952381
3457,0.99999994,0.9908424908424909
3458,1.0,0.9908424908424909
3459,1.0,0.9276556776556777
3460,1.0,0.9908424908424909
3461,1.0,0.9908424908424909
3462,1.0,0.9908424908424909
3463,1.0,0.23875802997858672
3464,1.0,0.989010989010989
3465,1.0,0.34459955914768553
3466,1.0,0.9908424908424909
3467,1.0,0.11938775510204082
3468,1.0,0.9908424908424909
3469,0.99059117,0.7842138103161398
3470,1.0,0.9880404783808647
3471,0.84521145,0.7606155270160824
3472,1.0,0.9908424908424909
3473,1.0,0.7757085020242915
3474,1.0,0.07546262917567892
3475,1.0,0.9908424908424909
3476,1.0,0.8417618270799347
3477,1.0,0.09767239504024364
3478,0.99999905,0.2661290322580645
3479,1.0,0.9908424908424909
3480,1.0,0.9908424908424909
3481,1.0,0.9444444444444444
3482,1.0,0.9625668449197861
3483,1.0,0.9908424908424909
3484,1.0,0.5306652806652806
3485,1.0,0.08393104316094123
3486,1.0,0.9880952380952381
3487,1.0,0.5245494095711623
3488,1.0,0.4974207811348563
3489,1.0,0.9281332164767747
3490,0.9007989,0.4624681079629381
3491,1.0,0.9908424908424909
3492,1.0,0.9908424908424909
3493,1.0,0.9908424908424909
3494,1.0,0.9908424908424909
3495,1.0,0.9908424908424909
3496,1.0,0.9908424908424909
3497,1.0,0.9808743169398907
3498,1.0,0.9871794871794872
3499,1.0,0.8215158924205379
3500,1.0,0.08371942678590669
3501,1.0,0.9908424908424909
3502,0.9068019,0.09413442681404885
3503,1.0,0.35011801730920533
3504,1.0,0.8764320785597381
3505,0.9999755,0.13340603416939295
3506,1.0,0.9746606334841629
3507,0.9146857,0.7630225799239884
3508,1.0,0.16592487092754138
3509,1.0,0.2108303249097473
3510,1.0,0.9908424908424909
3511,1.0,0.9546666666666667
3512,1.0,0.2087824351297405
3513,1.0,0.9266281945589447
3514,1.0,0.05326344267839026
3515,1.0,0.9908424908424909
3516,1.0,0.9341527655838455
3517,1.0,0.8637901861252115
3518,1.0,0.9963369963369964
3519,1.0,0.9908424908424909
3520,1.0,0.23935439560439561
3521,1.0,0.9908424908424909
3522,1.0,0.5743073047858942
3523,1.0,0.48715953307392995
3524,1.0,0.2657757980697847
3525,1.0,0.9908424908424909
3526,1.0,0.9880952380952381
3527,0.93323684,0.6396145610278373
3528,1.0,0.9880952380952381
3529,0.9999055,0.347331583552056
3530,1.0,0.9908424908424909
3531,1.0,0.9917506874427131
3532,1.0,0.9880952380952381
3533,0.93510693,0.6899606299212598
3534,1.0,0.9908424908424909
3535,1.0,0.9908424908424909
3536,1.0,0.10898587933247754
3537,1.0,0.16287878787878787
3538,1.0,0.9908424908424909
3539,1.0,0.9908424908424909
3540,1.0,0.13569189431258397
3541,1.0,0.9908424908424909
3542,1.0,0.9908424908424909
3543,1.0,0.6446858029480217
3544,1.0,0.9908424908424909
3545,1.0,0.9908424908424909
3546,0.99999994,0.9513951395139514
3547,1.0,0.9908424908424909
3548,1.0,0.98992673992674
3549,1.0,0.9908424908424909
3550,1.0,0.763063063063063
3551,1.0,0.9908424908424909
3552,1.0,0.11644691186675919
3553,1.0,0.9908424908424909
3554,1.0,0.9908424908424909
3555,1.0,0.9908424908424909
3556,1.0,0.15536959553695956
3557,1.0,0.2977941176470588
3558,0.99999994,0.31512868801004396
3559,0.9936047,0.11659462055715658
3560,1.0,0.9908424908424909
3561,1.0,0.9908424908424909
3562,1.0,0.9908424908424909
3563,1.0,0.9908424908424909
3564,1.0,0.08482295343276784
3565,1.0,0.9908424908424909
3566,1.0,0.9908424908424909
3567,1.0,0.9908424908424909
3568,1.0,0.9871794871794872
3569,1.0,0.9827272727272728
3570,1.0,0.9908424908424909
3571,1.0,0.9908424908424909
3572,1.0,0.8862679022746419
3573,1.0,0.9871794871794872
3574,1.0,0.9908424908424909
3575,1.0,0.9908424908424909
3576,1.0,0.947508896797153
3577,1.0,0.9880952380952381
3578,0.46574962,0.48432288192128087
3579,0.9999892,0.18843683083511778
3580,1.0,0.9880952380952381
3581,0.8405528,0.7977598008711886
3582,1.0,0.09553658272992543
3583,1.0,0.6526566217287867
3584,1.0,0.9880952380952381
3585,1.0,0.8135021097046413
3586,1.0,0.968065693430657
3587,1.0,0.9908424908424909
3588,0.89691144,0.9754333828628033
3589,1.0,0.1343910405972935
3590,1.0,0.9981532779316713
3591,1.0,0.08806593654736367
3592,1.0,0.4722222222222222
3593,1.0,0.8738115816767502
3594,1.0,0.9908424908424909
3595,1.0,0.9908424908424909
3596,1.0,0.9908424908424909
3597,1.0,0.45625286303252405
3598,1.0,0.19009370816599733
3599,1.0,0.8424938474159147
3600,1.0,0.8795620437956204
3601,1.0,0.8737541528239202
3602,1.0,0.9908424908424909
3603,0.43815058,0.7966118785923162
3604,1.0,0.9880952380952381
3605,1.0,0.9908424908424909
3606,1.0,0.9953789279112755
3607,1.0,0.9908424908424909
3608,1.0,0.9467140319715808
3609,1.0,0.9881170018281535
3610,1.0,0.9908424908424909
3611,1.0,0.9908424908424909
3612,1.0,0.9908424908424909
3613,1.0,0.9880952380952381
3614,1.0,0.12128362435110901
3615,1.0,0.1263644773358002
3616,1.0,0.10088865656037638
3617,1.0,0.9908424908424909
3618,1.0,0.8791208791208791
3619,1.0,0.9908424908424909
3620,1.0,0.9908424908424909
3621,1.0,0.9159369527145359
3622,1.0,0.9908424908424909
3623,1.0,0.9908424908424909
3624,1.0,0.8383017163504969
3625,0.9999763,0.13693131132917039
3626,1.0,0.9908424908424909
3627,1.0,0.9635036496350365
3628,1.0,0.989935956084172
3629,1.0,0.9908424908424909
3630,1.0,0.9908424908424909
3631,1.0,0.8950729927007299
3632,1.0,0.8898377455166524
3633,1.0,0.978021978021978
3634,1.0,0.10359455235543648
3635,1.0,0.9880952380952381
3636,1.0,0.9908424908424909
3637,0.9997497,0.24837248797056327
3638,1.0,0.06568844907012455
3639,0.8514511,0.21773266947529682
3640,1.0,0.9863263445761167
3641,1.0,0.9880952380952381
3642,1.0,0.9484444444444444
3643,1.0,0.9872029250457038
3644,1.0,0.10247486465583913
3645,1.0,0.9653600729261622
3646,1.0,0.9908424908424909
3647,1.0,0.9908424908424909
3648,1.0,0.9880952380952381
3649,0.51100826,0.8458619628756026
3650,1.0,0.9367866549604916
3651,0.7806849,0.8577608947979318
3652,1.0,0.9908424908424909
3653,1.0,0.9908424908424909
3654,1.0,0.7866344605475041
3655,1.0,0.9908424908424909
3656,1.0,0.06743335075797177
3657,1.0,0.8680033416875522
3658,1.0,0.8725573491928632
3659,1.0,0.9863138686131386
3660,1.0,0.9908424908424909
3661,1.0,0.9483985765124555
3662,1.0,0.9908424908424909
3663,1.0,0.9908424908424909
3664,1.0,0.9908424908424909
3665,1.0,0.4208683473389356
3666,1.0,0.9115770282588879
3667,1.0,0.98992673992674
3668,1.0,0.9908424908424909
3669,1.0,0.9880952380952381
3670,1.0,0.1642634450506625
3671,1.0,0.9880952380952381
3672,1.0,0.9908424908424909
3673,1.0,0.9908424908424909
3674,1.0,0.9908424908424909
3675,1.0,0.9908424908424909
3676,1.0,0.9908424908424909
3677,1.0,0.08509637987776211
3678,1.0,0.9835766423357665
3679,1.0,0.10857738164139367
3680,1.0,0.9908424908424909
3681,1.0,0.9908424908424909
3682,1.0,0.9880952380952381
3683,1.0,0.9908424908424909
3684,0.97034425,0.9275184275184275
3685,1.0,0.6111111111111112
3686,0.35320455,0.29560739806641445
3687,0.9999959,0.515803631472764
3688,1.0,0.941541186891054
3689,1.0,0.9880952380952381
3690,1.0,0.05461085676913015
3691,1.0,0.9908424908424909
3692,1.0,0.9972350230414746
3693,1.0,0.989010989010989
3694,1.0,0.9908424908424909
3695,1.0,0.8886986301369864
3696,1.0,0.026030368763557483
3697,1.0,0.8705096073517126
3698,1.0,0.9908424908424909
3699,1.0,0.9880952380952381
3700,1.0,0.7271293375394322
3701,1.0,0.9908424908424909
3702,1.0,0.719332679097154
3703,1.0,0.9908424908424909
3704,1.0,0.9908424908424909
3705,1.0,0.9889705882352942
3706,0.99999994,0.6965250965250965
3707,0.9953685,0.12260634879835497
3708,0.9995194,0.17368913857677903
3709,1.0,0.9908424908424909
3710,1.0,0.9908424908424909
3711,1.0,0.7217272104180946
3712,1.0,0.918942731277533
3713,1.0,0.9908424908424909
3714,1.0,0.9908424908424909
3715,1.0,0.9908424908424909
3716,1.0,0.9908424908424909
3717,1.0,0.9880952380952381
3718,1.0,0.9908424908424909
3719,1.0,0.9790718835304822
3720,1.0,0.9880952380952381
3721,1.0,0.9908424908424909
3722,1.0,0.9917506874427131
3723,1.0,0.1600817438692098
3724,0.79677373,0.9454736842105264
3725,1.0,0.9908424908424909
3726,1.0,0.9186351706036745
3727,1.0,0.9908424908424909
3728,1.0,0.9908424908424909
3729,1.0,0.9908424908424909
3730,1.0,0.7549549549549549
3731,1.0,0.9908424908424909
3732,1.0,0.9908424908424909
3733,1.0,0.06135531135531135
3734,1.0,0.9908424908424909
3735,1.0,0.9726526891522334
3736,1.0,0.9908424908424909
3737,1.0,0.5614035087719298
3738,0.9999985,0.29742695159180116
3739,1.0,0.7114624505928854
3740,1.0,0.9664246823956443
3741,1.0,0.9908424908424909
3742,1.0,0.9322779243623571
3743,1.0,0.9880952380952381
3744,1.0,0.812327506899724
3745,1.0,0.9880952380952381
3746,1.0,0.9990766389658357
3747,1.0,0.9908424908424909
3748,1.0,0.6195652173913043
3749,1.0,0.9880952380952381
3750,0.9977718,0.1423252665425622
3751,0.8180817,0.758485639686684
3752,1.0,0.996316758747698
3753,1.0,0.9744292237442922
3754,1.0,0.9908424908424909
3755,1.0,0.5277234181343771
3756,1.0,0.43333333333333335
3757,1.0,0.9908424908424909
3758,1.0,0.9772933696639419
3759,1.0,0.5542168674698795
3760,1.0,0.9864864864864865
3761,0.7122063,0.16601850610164945
3762,1.0,0.7632221318144833
3763,1.0,0.9764279238440616
3764,1.0,0.9908424908424909
3765,1.0,0.9908424908424909
3766,1.0,0.941541186891054
3767,1.0,0.9361702127659575
3768,1.0,0.9880952380952381
3769,1.0,0.9908424908424909
3770,1.0,0.9908424908424909
3771,1.0,0.11094634672418442
3772,1.0,0.5831987075928917
3773,1.0,0.8845829823083403
3774,1.0,0.9908424908424909
3775,0.82784116,0.7757681835861533
3776,0.92944485,0.9111314704535044
3777,1.0,0.9908424908424909
3778,1.0,0.9880952380952381
3779,1.0,0.9908424908424909
3780,1.0,0.9880952380952381
3781,1.0,0.9917506874427131
3782,1.0,0.9908424908424909
3783,1.0,0.9695067264573991
3784,1.0,0.9972324723247232
3785,1.0,0.9908424908424909
3786,1.0,0.9632286995515695
3787,1.0,0.9908424908424909
3788,1.0,0.9908424908424909
3789,1.0,0.9880952380952381
3790,1.0,0.05376961347110601
3791,1.0,0.9908424908424909
3792,1.0,0.9862511457378552
3793,1.0,0.9643183897529735
3794,0.99896294,0.11709520500347463
3795,1.0,0.2159090909090909
3796,1.0,0.9261511728931364
3797,1.0,0.1376274328081557
3798,1.0,0.911993097497843
3799,1.0,0.9908424908424909
3800,1.0,0.7743254292722813
3801,1.0,0.9908424908424909
3802,1.0,0.43865276663993585
3803,1.0,0.9972350230414746
3804,0.999995,0.02885183871349178
3805,1.0,0.9575221238938053
3806,1.0,0.9845031905195989
3807,1.0,0.9908424908424909
3808,1.0,0.9880952380952381
3809,0.99977785,0.114723641430562
3810,1.0,0.9908424908424909
3811,1.0,0.8545765611633875
3812,1.0,0.9908424908424909
3813,1.0,0.8932536293766012
3814,1.0,0.9505736981465137
3815,1.0,0.9908424908424909
3816,1.0,0.9908424908424909
3817,1.0,0.996316758747698
3818,1.0,0.9908424908424909
3819,1.0,0.9908424908424909
3820,1.0,0.9619565217391305
3821,1.0,0.9908424908424909
3822,1.0,0.9880952380952381
3823,1.0,0.9908424908424909
3824,1.0,0.9908424908424909
3825,1.0,0.9880952380952381
3826,1.0,0.9061154177433247
3827,1.0,0.9908424908424909
3828,1.0,0.1107032914989344
3829,0.99999964,0.9338695263628239
3830,1.0,0.8475409836065574
3831,1.0,0.9926402943882244
3832,1.0,0.9908424908424909
3833,1.0,0.9754545454545455
3834,1.0,0.16590794132524025
3835,1.0,0.31222707423580787
3836,1.0,0.0966944701884461
3837,1.0,0.9908424908424909
3838,1.0,0.9954001839926403
3839,1.0,0.9908424908424909
3840,1.0,0.9908424908424909
3841,1.0,0.9908424908424909
3842,1.0,0.7757085020242915
3843,1.0,0.9716636197440585
3844,1.0,0.98992673992674
3845,1.0,0.17852082742986683
3846,1.0,0.28695652173913044
3847,1.0,0.9908424908424909
3848,1.0,0.9908424908424909
3849,1.0,0.9908424908424909
3850,0.9999918,0.15789473684210525
3851,1.0,0.9908424908424909
3852,1.0,0.9908424908424909
3853,1.0,0.9908424908424909
3854,0.44179624,0.899989826025028
3855,1.0,0.9836065573770492
3856,1.0,0.9908424908424909
3857,1.0,0.16929931146213043
3858,0.9999264,0.16361822414366478
3859,0.68028224,0.31716417910447764
3860,1.0,0.9737793851717902
3861,0.8559533,0.1748971193415638
3862,1.0,0.24969340201128282
3863,1.0,0.10328467153284672
3864,1.0,0.9908424908424909
3865,1.0,0.9908424908424909
3866,1.0,0.9908424908424909
3867,1.0,0.3904899135446686
3868,1.0,0.9818511796733213
3869,1.0,0.9908424908424909
3870,1.0,0.9908424908424909
3871,1.0,0.6283464566929133
3872,0.59172904,0.773589554077359
3873,1.0,0.98992673992674
3874,1.0,0.9908424908424909
3875,1.0,0.98992673992674
3876,0.83988595,0.6070629782224838
3877,1.0,0.7279661016949153
3878,1.0,0.9908424908424909
3879,1.0,0.9908424908424909
3880,1.0,0.9908424908424909
3881,1.0,0.9908424908424909
3882,0.9185788,0.8509464711044252
3883,1.0,0.8656093489148581
3884,1.0,0.9908424908424909
3885,1.0,0.31868852459016395
3886,1.0,0.9908424908424909
3887,1.0,0.989010989010989
3888,1.0,0.8219663418954827
3889,1.0,0.957847533632287
3890,1.0,0.9167389418907199
3891,0.88152885,0.4986225895316804
3892,1.0,0.18622628250175685
3893,1.0,0.9790337283500455
3894,1.0,0.9908424908424909
3895,1.0,0.034655010927255696
3896,1.0,0.9908424908424909
3897,1.0,0.9908424908424909
3898,0.99997,0.7298692360633173
3899,1.0,0.98992673992674
3900,1.0,0.9908424908424909
3901,1.0,0.9661791590493601
3902,1.0,0.6348228043143297
3903,1.0,0.9845874886672711
3904,1.0,0.8558100084817643
3905,1.0,0.9579606440071556
3906,1.0,0.9880952380952381
3907,0.9999999,0.37323470073974446
3908,1.0,0.9908424908424909
3909,1.0,0.989010989010989
3910,1.0,0.9880952380952381
3911,1.0,0.20655622136059218
3912,0.9541256,0.4734931009440813
3913,0.93014294,0.9071639084107912
3914,1.0,0.15688242180966716
3915,1.0,0.9908424908424909
3916,1.0,0.9880952380952381
3917,1.0,0.2531328320802005
3918,1.0,0.9908424908424909
3919,0.5720901,0.3910600879335613
3920,1.0,0.6481774960380349
3921,1.0,0.9908424908424909
3922,1.0,0.2842925140631761
3923,1.0,0.9329805996472663
3924,1.0,0.9746606334841629
3925,1.0,0.7716535433070866
3926,1.0,0.9908424908424909
3927,1.0,0.972875226039783
3928,1.0,0.8816568047337278
3929,1.0,0.9908424908424909
3930,1.0,0.9881278538812786
3931,1.0,0.9880952380952381
3932,1.0,0.9880952380952381
3933,1.0,0.9880952380952381
3934,1.0,0.9908424908424909
3935,1.0,0.9908424908424909
3936,1.0,0.9881061299176578
3937,1.0,0.9880952380952381
3938,0.99961203,0.1191358024691358
3939,1.0,0.9908424908424909
3940,1.0,0.7934959349593496
3941,1.0,0.9908424908424909
3942,1.0,0.9880952380952381
3943,0.84624344,0.7935448726678469
3944,1.0,0.9880952380952381
3945,1.0,0.9655797101449275
3946,1.0,0.9908424908424909
3947,1.0,0.98992673992674
3948,1.0,0.9854147675478578
3949,1.0,0.968609865470852
3950,1.0,0.9827429609445958
3951,1.0,0.9880952380952381
3952,1.0,0.9908424908424909
3953,0.9999992,0.19661296984717058
3954,1.0,0.9908424908424909
3955,1.0,0.9871794871794872
3956,0.9980992,0.10375564535298312
3957,0.8647914,0.19734058627984286
3958,1.0,0.9908424908424909
3959,1.0,0.9944852941176471
3960,1.0,0.9908424908424909
3961,1.0,0.9908424908424909
3962,1.0,0.9908424908424909
3963,1.0,0.9908424908424909
3964,1.0,0.9908424908424909
3965,1.0,0.9908424908424909
3966,1.0,0.9908424908424909
3967,1.0,0.9908424908424909
3968,0.917391,0.4711071901191001
3969,1.0,0.9880952380952381
3970,0.93374264,0.8227647431832593
3971,1.0,0.13320647002854424
3972,1.0,0.972875226039783
3973,1.0,0.9908424908424909
3974,1.0,0.9908424908424909
3975,1.0,0.9845173041894353
3976,1.0,0.9908424908424909
3977,1.0,0.9908424908424909
3978,1.0,0.9880952380952381
3979,1.0,0.9908424908424909
3980,1.0,0.9880952380952381
3981,1.0,0.6050029086678301
3982,1.0,0.9908424908424909
3983,1.0,0.9908424908424909
3984,1.0,0.8898377455166524
3985,0.55482614,0.4485875706214689
3986,1.0,0.9926605504587156
3987,1.0,0.9908424908424909
3988,1.0,0.9880952380952381
3989,1.0,0.9419124218051832
3990,1.0,0.9251063829787234
3991,1.0,0.9908424908424909
3992,0.8557549,0.6698454455771128
3993,0.7102541,0.3445539793219524
3994,0.9055034,0.20712468193384223
3995,1.0,0.17719298245614035
3996,1.0,0.9567567567567568
3997,1.0,0.9908424908424909
3998,1.0,0.9908424908424909
3999,1.0,0.98992673992674
4000,1.0,0.9908424908424909
4001,1.0,0.98992673992674
4002,1.0,0.9917506874427131
4003,1.0,0.06776955449136556
4004,1.0,0.9880952380952381
4005,1.0,0.9908424908424909
4006,1.0,0.931758530183727
4007,1.0,0.996316758747698
4008,1.0,0.9908424908424909
4009,1.0,0.782375478927203
4010,1.0,0.9908424908424909
4011,1.0,0.9908424908424909
4012,1.0,0.9880952380952381
4013,1.0,0.9908424908424909
4014,0.9999957,0.38004246284501064
4015,1.0,0.9908424908424909
4016,1.0,0.989010989010989
4017,1.0,0.9880952380952381
4018,1.0,0.10270609131752167
4019,1.0,0.9835766423357665
4020,1.0,0.8092948717948718
4021,1.0,0.9908424908424909
4022,1.0,0.9908424908424909
4023,1.0,0.9908424908424909
4024,0.99999994,0.07928880345987506
4025,0.99999994,0.17510665924689298
4026,1.0,0.7398589065255732
4027,1.0,0.9908424908424909
4028,1.0,0.9880952380952381
4029,1.0,0.8711385701676964
4030,1.0,0.9684968496849685
4031,1.0,0.2584566596194503
4032,1.0,0.9908424908424909
4033,1.0,0.11663641863278887
4034,1.0,0.9908424908424909
4035,0.99959546,0.08528703586364213
4036,1.0,0.9908424908424909
4037,1.0,0.4533431300514328
4038,0.9886019,0.0343811394891945
4039,1.0,0.9908424908424909
4040,1.0,0.9908424908424909
4041,1.0,0.9908424908424909
4042,1.0,0.9880952380952381
4043,0.99999994,0.3092979127134725
4044,1.0,1.0
4045,1.0,0.9043715846994536
4046,0.9997954,0.0981931009308268
4047,0.82057285,0.391025641025641
4048,1.0,0.989010989010989
4049,1.0,0.12929207291225095
4050,1.0,0.8315441783649876
4051,1.0,0.6189931350114416
4052,1.0,0.76328125
4053,1.0,0.9908424908424909
4054,1.0,0.98992673992674
4055,1.0,0.9908424908424909
4056,1.0,0.9908424908424909
4057,1.0,0.9908424908424909
4058,1.0,0.9880952380952381
4059,1.0,0.98992673992674
4060,0.99831057,0.10256786500366838
4061,1.0,0.9908424908424909
4062,1.0,0.10256410256410256
4063,1.0,0.08161044613710555
4064,1.0,0.8544520547945206
4065,1.0,0.09989350372736955
4066,1.0,0.9908424908424909
4067,1.0,0.9908424908424909
4068,1.0,0.9880952380952381
4069,1.0,0.9908424908424909
4070,1.0,0.04771608082866361
4071,1.0,0.9908424908424909
4072,1.0,0.9843317972350231
4073,1.0,0.8283400809716599
4074,1.0,0.14894298526585523
4075,1.0,0.9746606334841629
4076,1.0,0.08832807570977919
4077,1.0,0.9908424908424909
4078,1.0,0.9872146118721461
4079,1.0,0.9527207850133809
4080,0.9994743,0.212322695035461
4081,1.0,0.12106034693378939
4082,0.48252273,0.40414507772020725
4083,1.0,0.10790256805907639
4084,1.0,0.20425138632162662
4085,1.0,0.9880952380952381
4086,1.0,0.886695278969957
4087,1.0,0.9880952380952381
4088,1.0,0.11778846153846154
4089,1.0,0.9880952380952381
4090,1.0,0.9880952380952381
4091,1.0,0.9908424908424909
4092,0.4563175,0.5609038484170884
4093,1.0,0.9908424908424909
4094,1.0,0.9908424908424909
4095,1.0,0.9880952380952381
4096,1.0,0.9908424908424909
4097,1.0,0.9908424908424909
4098,0.79871917,0.6075413620623317
4099,0.66115195,0.6081250713226064
4100,1.0,0.9880952380952381
4101,1.0,0.9475555555555556
4102,1.0,0.9908424908424909
4103,0.99998206,0.08940806469729305
4104,0.59065247,0.3912630579297246
4105,1.0,0.98992673992674
4106,1.0,0.1179596174282678
4107,1.0,0.9880952380952381
4108,1.0,0.9908424908424909
4109,1.0,0.9761686526122824
4110,0.99527115,0.12613454351308062
4111,1.0,0.9880952380952381
4112,1.0,0.8754180602006689
4113,1.0,0.6537467700258398
4114,1.0,0.9880952380952381
4115,1.0,0.9579982126899017
4116,1.0,0.8192675159235668
4117,0.43139333,0.9772437469347719
4118,1.0,0.43234624145785877
4119,1.0,0.9917506874427131
4120,0.77821577,0.343901649951472
4121,1.0,0.9880952380952381
4122,1.0,0.9908424908424909
4123,1.0,0.1716362281028699
4124,1.0,0.9908424908424909
4125,1.0,0.9908424908424909
4126,1.0,0.9908424908424909
4127,1.0,0.9880952380952381
4128,1.0,0.9908424908424909
4129,1.0,0.9755434782608695
4130,1.0,0.9880952380952381
4131,1.0,0.94275802254987
4132,1.0,0.8019169329073482
4133,1.0,0.10962126558456833
4134,1.0,0.9908424908424909
4135,1.0,0.589728453364817
4136,1.0,0.47213622291021673
4137,0.8918925,0.9337404932011985
4138,1.0,0.9697247706422019
4139,1.0,0.9908424908424909
4140,1.0,0.09532095901005413
4141,1.0,0.989010989010989
4142,1.0,0.8311800172265289
4143,1.0,0.8867924528301887
4144,1.0,0.9208006962576153
4145,1.0,0.9908424908424909
4146,1.0,0.9880952380952381
4147,1.0,0.9638336347197106
4148,1.0,0.9908424908424909
4149,1.0,0.6158583525789069
4150,0.9573212,0.5679204227541187
4151,1.0,0.03908045977011494
4152,1.0,0.1325581395348837
4153,0.93238544,0.3762811127379209
4154,1.0,0.14084117321527392
4155,1.0,0.0910248249522597
4156,1.0,0.9908424908424909
4157,1.0,0.022533800701051578
4158,1.0,0.9908424908424909
4159,1.0,0.9908424908424909
4160,1.0,0.9908424908424909
4161,1.0,0.9622302158273381
4162,1.0,0.9908424908424909
4163,1.0,0.9908424908424909
4164,1.0,0.9908424908424909
4165,1.0,0.9780821917808219
4166,1.0,0.022533800701051578
4167,0.8720094,0.6182858353639157
4168,1.0,0.9908424908424909
4169,1.0,0.9917431192660551
4170,1.0,0.9845031905195989
4171,1.0,0.9908424908424909
4172,1.0,0.9744058500914077
4173,0.9411526,0.47178186429930247
4174,1.0,0.9484444444444444
4175,1.0,0.9880952380952381
4176,1.0,0.9908424908424909
4177,1.0,0.8856181665264928
4178,1.0,0.9799453053783045
4179,1.0,0.9908424908424909
4180,1.0,0.7861089187056038
4181,1.0,0.36049382716049383
4182,1.0,0.9908424908424909
4183,1.0,0.9908424908424909
4184,1.0,0.9908424908424909
4185,1.0,0.9594594594594594
4186,1.0,0.9845313921747043
4187,1.0,0.9908424908424909
4188,1.0,0.9880952380952381
4189,1.0,0.9871794871794872
4190,1.0,0.9908424908424909
4191,1.0,0.8254637436762225
4192,1.0,0.8812709030100334
4193,1.0,0.1202795487984306
4194,1.0,0.7097345132743362
4195,1.0,0.1400359066427289
4196,1.0,0.9880952380952381
4197,1.0,0.9889908256880734
4198,1.0,0.9863138686131386
4199,1.0,0.7566718995290423
4200,1.0,0.9908424908424909
4201,1.0,0.9746606334841629
4202,1.0,0.9908424908424909
4203,1.0,0.9908424908424909
4204,1.0,0.955237242614145
4205,1.0,0.9277533039647577
4206,1.0,0.9908424908424909
4207,1.0,0.9807692307692307
4208,1.0,0.9908424908424909
4209,1.0,0.07297464440321583
4210,1.0,0.9908424908424909
4211,1.0,0.9880952380952381
4212,1.0,0.5103011093502378
4213,1.0,0.9880952380952381
4214,0.99999994,0.9908424908424909
4215,1.0,0.09323851450502314
4216,1.0,0.9908424908424909
4217,1.0,0.9908424908424909
4218,1.0,0.9880952380952381
4219,1.0,0.9880952380952381
4220,1.0,0.9908424908424909
4221,1.0,0.8915254237288136
4222,1.0,0.8246484698097601
4223,1.0,0.9908424908424909
4224,1.0,0.9397163120567376
4225,1.0,0.07317073170731707
4226,1.0,0.0910936654033568
4227,1.0,0.9908424908424909
4228,0.9999306,0.1467140319715808
4229,1.0,0.9662716499544212
4230,1.0,0.4292957746478873
4231,1.0,0.9908424908424909
4232,1.0,0.9908424908424909
4233,1.0,0.9908424908424909
4234,1.0,0.9880952380952381
4235,0.87602776,0.38873396542108196
4236,1.0,0.9488117001828154
4237,1.0,0.9908424908424909
4238,1.0,0.9862637362637363
4239,1.0,0.8974137931034483
4240,1.0,0.6379453189726595
4241,1.0,0.9863387978142076
4242,1.0,0.9954001839926403
4243,1.0,0.9908424908424909
4244,1.0,0.6269113149847095
4245,1.0,0.8390243902439024
4246,0.99999917,0.5232974910394266
4247,1.0,0.9880952380952381
4248,1.0,0.9170305676855895
4249,1.0,0.2824256035934868
4250,1.0,0.12482269503546099
4251,1.0,0.4920273348519362
4252,1.0,0.9908424908424909
4253,0.6897578,0.17246299268771179
4254,1.0,0.9264836138175376
4255,1.0,0.98992673992674
4256,1.0,0.9908424908424909
4257,1.0,0.9890009165902841
4258,1.0,0.9880952380952381
4259,1.0,0.9880952380952381
4260,1.0,0.9908424908424909
4261,0.99999994,0.9315424610051993
4262,1.0,0.9727272727272728
4263,1.0,0.9880952380952381
4264,0.8621926,0.5682419659735349
4265,1.0,0.20608899297423888
4266,1.0,0.9908424908424909
4267,1.0,0.8566176470588235
4268,1.0,0.9880952380952381
4269,1.0,0.9880952380952381
4270,1.0,0.7725832012678289
4271,1.0,0.9908424908424909
4272,0.9497345,0.6386066763425254
4273,0.9680922,0.2254335260115607
4274,0.99997115,0.1543733681462141
4275,0.9987694,0.16126205083260298
4276,1.0,0.8498769483182936
4277,1.0,0.9908424908424909
4278,1.0,0.9908424908424909
4279,1.0,0.9880952380952381
4280,1.0,0.9880952380952381
4281,0.9123865,0.848
4282,1.0,0.9908424908424909
4283,1.0,0.9908424908424909
4284,1.0,0.9880952380952381
4285,1.0,0.9908424908424909
4286,1.0,0.9908424908424909
4287,1.0,0.9972350230414746
4288,1.0,0.3373015873015873
4289,1.0,0.9908424908424909
4290,1.0,0.9908424908424909
4291,0.9999691,0.1569377990430622
4292,1.0,0.9817684594348223
4293,0.9995028,0.3555228895422092
4294,1.0,0.9908424908424909
4295,1.0,0.9268077601410935
4296,1.0,0.10066885840607641
4297,1.0,0.9880952380952381
4298,1.0,0.9908424908424909
4299,0.99989593,0.12148148148148148
4300,1.0,0.8935226264418811
4301,1.0,0.5334947538337369
4302,1.0,0.7622097678142514
4303,1.0,0.9908424908424909
4304,0.42610064,0.3619867549668874
4305,1.0,0.9908424908424909
4306,1.0,0.13430200977729495
4307,1.0,0.11368843069873998
4308,1.0,0.030273051048674317
4309,1.0,0.98992673992674
4310,1.0,0.9908340971585701
4311,1.0,0.9908424908424909
4312,0.43467182,0.07947573898494144
4313,1.0,0.996316758747698
4314,1.0,0.9908424908424909
4315,1.0,0.9908424908424909
4316,0.9371591,0.7521192633732827
4317,1.0,0.9908424908424909
4318,1.0,0.5126865671641792
4319,1.0,0.9908424908424909
4320,1.0,0.9908424908424909
4321,1.0,0.9908424908424909
4322,1.0,0.9908424908424909
4323,0.99975634,0.13856374565011073
4324,1.0,0.13134968502881653
4325,1.0,0.48715953307392995
4326,1.0,0.9880952380952381
4327,1.0,0.9881061299176578
4328,0.612638,0.5991797971077056
4329,1.0,0.9308556611927399
4330,1.0,0.9908424908424909
4331,1.0,0.9908424908424909
4332,0.77628446,0.2760459392945037
4333,1.0,0.9908424908424909
4334,1.0,0.10966880989930851
4335,1.0,0.9908424908424909
4336,1.0,0.9908424908424909
4337,1.0,0.9881170018281535
4338,1.0,0.9880952380952381
4339,1.0,0.9908424908424909
4340,1.0,0.9908424908424909
4341,1.0,0.9908424908424909
4342,0.8137653,0.3744729781525489
4343,1.0,0.9908424908424909
4344,1.0,0.03293002369963827
4345,1.0,0.14471692400847713
4346,0.608987,0.627993924523893
4347,1.0,0.9908424908424909
4348,1.0,0.9880952380952381
4349,0.8660231,0.1541070995880785
4350,1.0,0.98992673992674
4351,1.0,0.9880952380952381
4352,1.0,0.12353531971878139
4353,1.0,0.9908424908424909
4354,1.0,0.9908424908424909
4355,1.0,0.4717176959003633
4356,1.0,0.9908424908424909
4357,1.0,0.9817684594348223
4358,1.0,0.9908424908424909
4359,1.0,0.9908424908424909
4360,1.0,0.9908424908424909
4361,1.0,0.07486505515137291
4362,1.0,0.08901578770574403
4363,1.0,0.9057412167952014
4364,1.0,0.9863263445761167
4365,1.0,0.0
4366,1.0,0.8933107535986452
4367,1.0,0.9890510948905109
4368,1.0,0.9880952380952381
4369,1.0,0.9880952380952381
4370,1.0,0.9908424908424909
4371,0.99958754,0.10252147409254642
4372,1.0,0.9908424908424909
4373,0.9997275,0.14966740576496673
4374,1.0,0.9908424908424909
4375,1.0,0.9908424908424909
4376,1.0,0.16621147093250097
4377,1.0,0.9790718835304822
4378,1.0,0.9908424908424909
4379,1.0,0.628968253968254
4380,0.9999666,0.09544603867747972
4381,0.81992316,0.9155345540460721
4382,1.0,0.9880952380952381
4383,1.0,0.9773345421577516
4384,1.0,0.7081545064377682
4385,1.0,0.9908424908424909
4386,0.9999999,0.34739617666446937
4387,1.0,0.861781848459617
4388,1.0,0.9504950495049505
4389,1.0,0.9780420860018298
4390,1.0,0.11240934730056407
4391,1.0,0.9880952380952381
4392,1.0,0.9880952380952381
4393,0.99998033,0.11201362504912878
4394,1.0,0.9908424908424909
4395,0.67845577,0.9058526961858834
4396,1.0,0.9880952380952381
4397,1.0,0.9908424908424909
4398,1.0,0.9908424908424909
4399,1.0,0.9880952380952381
4400,1.0,0.9880952380952381
4401,1.0,0.8415032679738562
4402,0.99999887,0.44294826364280654
4403,0.9999429,0.11319428169674244
4404,1.0,0.7070707070707071
4405,1.0,0.9718181818181818
4406,1.0,0.9908424908424909
4407,0.48894784,0.14178403755868543
4408,1.0,0.8935226264418811
4409,1.0,0.9649595687331537
4410,1.0,0.08508095186352277
4411,1.0,0.9880952380952381
4412,1.0,0.970722781335773
4413,0.9612247,0.8315535652772994
4414,1.0,0.6461538461538462
4415,1.0,0.9890009165902841
4416,1.0,0.1044023610427939
4417,1.0,0.16622390891840608
4418,0.8907532,0.8875674595242854
4419,1.0,0.892948173322005
4420,0.48201632,0.9169435215946844
4421,1.0,0.9908424908424909
4422,0.88390666,0.958904109589041
4423,1.0,0.9908424908424909
4424,1.0,0.9908424908424909
4425,1.0,0.98
4426,1.0,0.9908424908424909
4427,1.0,0.9827272727272728
4428,1.0,0.14939951961569256
4429,1.0,0.9908424908424909
4430,1.0,0.8686616791354946
4431,1.0,0.5388235294117647
4432,1.0,0.9889908256880734
4433,1.0,0.9908424908424909
4434,1.0,0.7542857142857143
4435,1.0,0.04395604395604396
4436,1.0,0.9880952380952381
4437,1.0,0.9908424908424909
4438,1.0,0.09736123748862602
4439,1.0,0.9880952380952381
4440,1.0,0.11605545617173524
4441,0.99997276,0.15521398432790837
4442,0.99998313,0.17196652719665273
4443,1.0,0.9880952380952381
4444,1.0,0.9827429609445958
4445,1.0,0.08065184366800165
4446,1.0,0.9203222918531782
4447,1.0,0.9773345421577516
4448,1.0,0.966726618705036
4449,1.0,0.8475409836065574
4450,1.0,0.9908424908424909
4451,1.0,0.9908424908424909
4452,1.0,0.9718181818181818
4453,1.0,0.1148442272449603
4454,1.0,0.9880952380952381
4455,1.0,0.6911262798634812
4456,1.0,0.9880952380952381
4457,1.0,0.9908424908424909
4458,1.0,0.06787431510678743
4459,1.0,0.9880952380952381
4460,1.0,0.9880952380952381
4461,0.86375237,0.9464363795365107
4462,0.99999994,0.14574402939375383
4463,1.0,0.9908424908424909
4464,1.0,0.9624664879356568
4465,1.0,0.9226033421284081
4466,0.99999994,0.9908424908424909
4467,1.0,0.9527272727272728
4468,1.0,0.18801652892561985
4469,1.0,0.9908424908424909
4470,1.0,0.9908424908424909
4471,1.0,0.9908424908424909
4472,1.0,0.9474153297682709
4473,1.0,0.9880952380952381
4474,0.3920844,0.06750086098036964
4475,1.0,0.9579982126899017
4476,1.0,0.9880952380952381
4477,1.0,0.33418107833163785
4478,1.0,0.98992673992674
4479,1.0,0.9880952380952381
4480,1.0,0.9908424908424909
4481,0.99999917,0.2211186617877679
4482,1.0,0.6310372129849564
4483,1.0,0.9908424908424909
4484,1.0,0.9908424908424909
4485,1.0,0.9890210430009149
4486,1.0,0.9880952380952381
4487,1.0,0.856312292358804
4488,1.0,0.9880952380952381
4489,1.0,0.7069306930693069
4490,1.0,0.9908424908424909
4491,1.0,0.9880952380952381
4492,0.8197607,0.4824501811594203
4493,1.0,0.9908424908424909
4494,1.0,0.9666366095581606
4495,1.0,0.989935956084172
4496,1.0,0.2070790605358915
4497,1.0,0.04484820607175713
4498,0.9998821,0.20860927152317882
4499,1.0,0.9908424908424909
4500,1.0,0.9908424908424909
4501,1.0,0.9908424908424909
4502,1.0,0.1168920467568187
4503,1.0,0.9908424908424909
4504,1.0,0.9908424908424909
4505,1.0,0.9908424908424909
4506,0.97325414,0.606312292358804
4507,0.9998281,0.10795887281035796
4508,1.0,0.9908424908424909
4509,1.0,0.9908424908424909
4510,1.0,0.9908424908424909
4511,0.9999986,0.27691421991940124
4512,1.0,0.055981339553482175
4513,1.0,0.9908424908424909
4514,1.0,0.9908424908424909
4515,1.0,0.9675675675675676
4516,1.0,0.9908424908424909
4517,1.0,0.16451149425287356
4518,1.0,0.8369932432432432
4519,1.0,0.970216606498195
4520,0.47050652,0.81413801394566
4521,1.0,0.9908424908424909
4522,0.9999959,0.2632768361581921
4523,1.0,0.9880952380952381
4524,1.0,0.9908424908424909
4525,1.0,0.3006371562709591
4526,1.0,0.9379432624113475
4527,1.0,0.9372236958443855
4528,1.0,0.9880952380952381
4529,1.0,0.9880952380952381
4530,1.0,0.02961591855622397
4531,1.0,0.9908424908424909
4532,1.0,0.9908424908424909
4533,1.0,0.9880952380952381
4534,1.0,0.9880952380952381
4535,1.0,0.9908424908424909
4536,1.0,0.9908424908424909
4537,1.0,0.9737318840579711
4538,0.9999814,0.15142065142065142
4539,1.0,0.9908424908424909
4540,1.0,0.9908424908424909
4541,1.0,0.0787438481368643
4542,1.0,0.9908424908424909
4543,1.0,0.9908424908424909
4544,1.0,0.9908424908424909
4545,1.0,0.9880952380952381
4546,1.0,0.9908424908424909
4547,1.0,0.7942097026604069
4548,1.0,0.9880952380952381
4549,1.0,0.9666666666666667
4550,1.0,0.9908424908424909
4551,1.0,0.9972324723247232
4552,1.0,0.9908424908424909
4553,1.0,0.7088509316770186
4554,0.9999424,0.14518760195758565
4555,1.0,0.12123047111541722
4556,1.0,0.125129265770424
4557,0.9724472,0.5082967301122499
4558,1.0,0.022450532724505326
4559,1.0,0.9908424908424909
4560,1.0,0.9744292237442922
4561,1.0,0.77000777000777
4562,1.0,0.9926806953339433
4563,1.0,0.9880952380952381
4564,1.0,0.9845031905195989
4565,1.0,0.4393162393162393
4566,1.0,0.9908424908424909
4567,1.0,0.9908424908424909
4568,1.0,0.9908424908424909
4569,1.0,0.9908424908424909
4570,0.9999994,0.07255813953488371
4571,1.0,0.9880952380952381
4572,1.0,0.8211920529801324
4573,0.7943534,0.3965107057890563
4574,1.0,0.9880952380952381
4575,1.0,0.9908424908424909
4576,1.0,0.7837226827430294
4577,1.0,0.6138763197586727
4578,1.0,0.030608735526768314
4579,1.0,0.12652296157450796
4580,1.0,0.9908424908424909
4581,0.8744783,0.7006177728496753
4582,1.0,0.24702144559173947
4583,1.0,0.9818181818181818
4584,1.0,0.9908424908424909
4585,1.0,0.925531914893617
4586,1.0,0.9496402877697842
4587,1.0,0.3852779953014879
4588,0.9999995,0.4189655172413793
4589,1.0,0.9790718835304822
4590,1.0,0.9818016378525932
4591,0.5789174,0.36353453640323585
4592,1.0,0.8507992895204263
4593,1.0,0.12312231759656653
4594,1.0,0.5490909090909091
4595,1.0,0.9908424908424909
4596,1.0,0.9908340971585701
4597,1.0,0.9790909090909091
4598,1.0,0.9397697077059345
4599,1.0,0.8862679022746419
4600,0.9999745,0.16716517115320703
4601,1.0,0.824212271973466
4602,1.0,0.1144578313253012
4603,1.0,0.9853747714808044
4604,1.0,0.8088235294117647
4605,1.0,0.9908424908424909
4606,1.0,0.10876595744680852
4607,1.0,0.9880952380952381
4608,1.0,0.07149404216315307
4609,1.0,0.9908424908424909
4610,1.0,0.9880952380952381
4611,1.0,0.9880952380952381
4612,1.0,0.10252495596007047
4613,0.9460069,0.2680497925311203
4614,1.0,0.9431616341030196
4615,1.0,0.9908424908424909
4616,1.0,0.9908424908424909
4617,1.0,0.8409461663947798
4618,1.0,0.9908424908424909
4619,1.0,0.08039195026867559
4620,1.0,0.6058344640434192
4621,1.0,0.522093813732155
4622,1.0,0.9908424908424909
4623,1.0,0.14276454383406256
4624,1.0,0.9316608996539792
4625,0.43586972,0.4904962498715709
4626,1.0,0.9908424908424909
4627,1.0,0.9908424908424909
4628,1.0,0.9908424908424909
4629,1.0,0.9516423357664233
4630,0.99999994,0.9908424908424909
4631,1.0,0.9880952380952381
4632,1.0,0.9908424908424909
4633,1.0,0.9908424908424909
4634,1.0,0.9880952380952381
4635,1.0,0.9908424908424909
4636,1.0,0.9908424908424909
4637,1.0,0.9908424908424909
4638,1.0,0.9908424908424909
4639,1.0,0.9908424908424909
4640,1.0,0.11529998533079067
4641,1.0,0.5313782991202346
4642,0.9986473,0.26165703275529867
4643,1.0,0.06791475801633141
4644,1.0,0.979890310786106
4645,0.99999666,0.45665171898355755
4646,1.0,0.04695966285370259
4647,1.0,0.9880952380952381
4648,1.0,0.9908424908424909
4649,1.0,0.9908424908424909
4650,1.0,0.9908424908424909
4651,1.0,0.8235294117647058
4652,1.0,0.9880952380952381
4653,1.0,0.9157254561251086
4654,1.0,0.0907514450867052
4655,1.0,0.9908424908424909
4656,1.0,0.9880952380952381
4657,1.0,0.902353966870096
4658,0.64124274,0.9210032586155821
4659,1.0,0.9908424908424909
4660,1.0,0.9954212454212454
4661,1.0,0.9908424908424909
4662,1.0,0.9880952380952381
4663,1.0,0.9908424908424909
4664,1.0,0.1446586763939552
4665,1.0,0.9908424908424909
4666,0.9999999,0.3659689399054693
4667,1.0,0.989010989010989
4668,1.0,0.8793969849246231
4669,1.0,0.9880952380952381
4670,1.0,0.07814192849404117
4671,1.0,0.989010989010989
4672,1.0,0.5973101265822784
4673,1.0,0.9908424908424909
4674,1.0,0.9632616487455197
4675,1.0,0.9963369963369964
4676,1.0,0.9908424908424909
4677,0.99988955,0.04649464459591042
4678,1.0,0.8987234042553192
4679,0.23170257,0.27982456140350875
4680,1.0,0.98992673992674
4681,1.0,0.9954001839926403
4682,1.0,0.10732927359721618
4683,1.0,0.9908424908424909
4684,1.0,0.9564444444444444
4685,1.0,0.9580357142857143
4686,1.0,0.9908424908424909
4687,1.0,0.1003125
4688,1.0,0.6094132029339854
4689,0.7135694,0.18112461147216727
4690,0.95554596,0.782904322486644
4691,1.0,0.11087113030957524
4692,1.0,0.9908424908424909
4693,1.0,0.9908424908424909
4694,1.0,0.9908424908424909
4695,1.0,0.9908424908424909
4696,1.0,0.9908424908424909
4697,1.0,0.912478336221837
4698,1.0,0.8190401258851299
4699,1.0,0.9402852049910874
4700,1.0,0.9908424908424909
4701,1.0,0.9908424908424909
4702,0.99999887,0.27959547888161806
4703,1.0,0.9279437609841827
4704,0.89111966,0.9313439065108514
4705,1.0,0.9908424908424909
4706,1.0,0.10526315789473684
4707,1.0,0.9880952380952381
4708,1.0,0.9094827586206896
4709,1.0,0.9908424908424909
4710,1.0,0.9908424908424909
4711,1.0,0.9880952380952381
4712,1.0,0.9908424908424909
4713,1.0,0.8770144189991518
4714,1.0,0.9908424908424909
4715,1.0,0.9908424908424909
4716,1.0,0.9908424908424909
4717,1.0,0.6883217324052591
4718,1.0,0.8383280757097792
4719,1.0,0.8821548821548821
4720,1.0,0.9908424908424909
4721,1.0,0.09207731520815633
4722,1.0,0.9899175068744271
4723,1.0,0.9972527472527473
4724,1.0,0.948306595365419
4725,1.0,0.9908424908424909
4726,0.9678524,0.8305380852550663
4727,1.0,0.6008583690987125
4728,1.0,0.04177545691906005
4729,0.90882105,0.8405539321560157
4730,1.0,0.9908424908424909
4731,1.0,0.9926402943882244
4732,1.0,0.08230152949745084
4733,1.0,0.9908424908424909
4734,0.99993616,0.14785242290748898
4735,1.0,0.9908424908424909
4736,1.0,0.9908424908424909
4737,1.0,0.996316758747698
4738,1.0,0.9908424908424909
4739,1.0,0.9908424908424909
4740,0.7656717,0.5395489734096264
4741,1.0,0.12699368040926873
4742,0.97097415,0.14110965487112276
4743,1.0,0.9908424908424909
4744,1.0,0.9880952380952381
4745,1.0,0.98992673992674
4746,1.0,0.9908424908424909
4747,1.0,0.9908424908424909
4748,1.0,0.9908424908424909
4749,1.0,0.9432624113475178
4750,0.99999994,0.5320232896652111
4751,0.20687291,0.643474455748824
4752,1.0,0.09256198347107437
4753,0.99980575,0.14140845070422536
4754,1.0,0.07326447273600768
4755,1.0,0.11408083441981746
4756,1.0,0.9908424908424909
4757,1.0,0.9908424908424909
4758,1.0,0.9908424908424909
4759,1.0,0.9880952380952381
4760,1.0,0.09902889341805539
4761,0.59766924,0.8944588184562311
4762,1.0,0.9908424908424909
4763,1.0,0.9908424908424909
4764,1.0,0.9908424908424909
4765,1.0,0.9908424908424909
4766,1.0,0.0475451467268623
4767,0.92350197,0.3999028969088849
4768,1.0,0.9853345554537122
4769,0.99999946,0.41738505747126436
4770,1.0,0.7530072173215717
4771,1.0,0.805945499587118
4772,1.0,0.9880952380952381
4773,1.0,0.98992673992674
4774,1.0,0.989010989010989
4775,1.0,0.9880952380952381
4776,1.0,0.9908424908424909
4777,1.0,0.9880952380952381
4778,1.0,0.09956884936674751
4779,1.0,0.9908424908424909
4780,1.0,0.9908424908424909
4781,1.0,0.989010989010989
4782,0.71149087,0.850671699789053
4783,0.90779865,0.6125812441968431
4784,1.0,0.3161904761904762
4785,1.0,0.9963369963369964
4786,0.60227364,0.7094983991462113
4787,1.0,0.9330985915492958
4788,1.0,0.6481774960380349
4789,1.0,0.9752747252747253
4790,1.0,0.8637901861252115
4791,1.0,0.6868770764119602
4792,1.0,0.9608735213830755
4793,1.0,0.9908424908424909
4794,0.99997807,0.20788121073672186
4795,1.0,0.9835013748854262
4796,1.0,0.9908424908424909
4797,1.0,0.08754892013335266
4798,0.29123938,0.253516589713304
4799,1.0,0.730800323362975
4800,1.0,0.9781021897810219
4801,0.54767305,0.5775072172712439
4802,1.0,0.9908424908424909
4803,1.0,0.05414499847048027
4804,0.9492001,0.7926048826736194
4805,0.6259795,0.3267478871693557
4806,1.0,0.9853613906678865
4807,1.0,0.9954212454212454
4808,1.0,0.10340697364918819
4809,1.0,0.9908424908424909
4810,1.0,0.9908424908424909
4811,1.0,0.14765998089780324
4812,1.0,0.17876424715056988
4813,1.0,0.9908424908424909
4814,1.0,0.9908424908424909
4815,1.0,0.9908424908424909
4816,1.0,0.9908424908424909
4817,1.0,0.9908424908424909
4818,1.0,0.3686200378071834
4819,1.0,0.9908424908424909
4820,0.8922683,0.5437181663837012
4821,1.0,0.9908424908424909
4822,1.0,0.9908424908424909
4823,1.0,0.9908424908424909
4824,1.0,0.9908424908424909
4825,0.87955076,0.7701890989988877
4826,1.0,0.9908424908424909
4827,1.0,0.9908424908424909
4828,1.0,0.9908424908424909
4829,0.850787,0.7630487005896484
4830,1.0,0.9908340971585701
4831,1.0,0.9880952380952381
4832,1.0,0.9908424908424909
4833,1.0,0.1886977886977887
4834,1.0,0.9908424908424909
4835,1.0,0.9908424908424909
4836,1.0,0.9908424908424909
4837,1.0,0.9908424908424909
4838,1.0,0.9872029250457038
4839,1.0,0.17054794520547945
4840,0.97770935,0.9435924369747899
4841,1.0,0.9880952380952381
4842,1.0,0.9908424908424909
4843,1.0,0.08095238095238096
4844,1.0,0.9908424908424909
4845,1.0,0.5687446626814688
4846,1.0,0.9908424908424909
4847,1.0,0.4925588094095055
4848,1.0,0.9908424908424909
4849,1.0,0.9880952380952381
4850,1.0,0.9908424908424909
4851,1.0,0.9908424908424909
4852,1.0,0.5340109460516028
4853,1.0,0.7866344605475041
4854,1.0,0.9908424908424909
4855,0.8358067,0.5251677852348994
4856,1.0,0.9336283185840708
4857,1.0,0.9908424908424909
4858,0.94626117,0.5827645051194539
4859,1.0,0.8532654792196777
4860,1.0,0.9908424908424909
4861,1.0,0.9908424908424909
4862,1.0,0.10028465075541931
4863,1.0,0.8822510822510823
4864,1.0,0.8447154471544716
4865,1.0,0.22756041426927504
4866,1.0,0.9908424908424909
4867,1.0,0.03432098765432099
4868,1.0,0.9890210430009149
4869,1.0,0.9908424908424909
4870,0.92501557,0.5334302325581395
4871,1.0,0.9880952380952381
4872,1.0,0.9880952380952381
4873,1.0,0.9655172413793104
4874,1.0,0.8967391304347826
4875,1.0,0.7463175122749591
4876,1.0,0.9880952380952381
4877,1.0,0.2944915254237288
4878,1.0,0.9908424908424909
4879,1.0,0.9908424908424909
4880,1.0,0.9880952380952381
4881,1.0,0.9908424908424909
4882,1.0,0.8519437551695617
4883,0.18100189,0.45890266974984234
4884,1.0,0.9908424908424909
4885,1.0,0.9908424908424909
4886,1.0,0.9908424908424909
4887,1.0,0.0234208658623137
4888,0.18725401,0.033933973431540185
4889,1.0,0.9881170018281535
4890,1.0,0.9908424908424909
4891,1.0,0.9908424908424909
4892,1.0,0.19637462235649547
4893,1.0,0.9827115559599636
4894,1.0,0.9880952380952381
4895,1.0,0.9908424908424909
4896,1.0,0.07804878048780488
4897,1.0,0.9908424908424909
4898,1.0,0.9908424908424909
4899,1.0,0.9890210430009149
4900,1.0,0.9926402943882244
4901,1.0,0.9908424908424909
4902,0.9999998,0.06730538922155689
4903,0.9965711,0.07816361035245155
4904,1.0,0.0950993091537133
4905,1.0,0.9908424908424909
4906,1.0,0.947508896797153
4907,1.0,0.9908424908424909
4908,0.9793419,0.08952012050785453
4909,1.0,0.9908424908424909
4910,0.9998012,0.14580908032596043
4911,1.0,0.09943396226415094
4912,1.0,0.9899909008189263
4913,1.0,0.06030795551753636
4914,1.0,0.1073015873015873
4915,1.0,0.9908424908424909
4916,1.0,0.902461257976299
4917,1.0,0.9908424908424909
4918,1.0,0.9908424908424909
4919,1.0,0.9908424908424909
4920,1.0,0.9908424908424909
4921,1.0,0.9081996434937611
4922,1.0,0.9908424908424909
4923,1.0,0.9908424908424909
4924,1.0,0.9917506874427131
4925,0.6685214,0.06582936336076224
4926,0.99997133,0.16184767277856135
4927,1.0,0.175064838829196
4928,1.0,0.9954001839926403
4929,1.0,0.7597503900156006
4930,1.0,0.9880952380952381
4931,1.0,0.9908424908424909
4932,1.0,0.7963549920760697
4933,1.0,0.9807692307692307
4934,1.0,0.9799086757990868
4935,0.7410285,0.7873173670733544
4936,1.0,0.9755434782608695
4937,1.0,0.9908424908424909
4938,1.0,0.9579606440071556
4939,1.0,0.8316123907863384
4940,1.0,0.9908424908424909
4941,1.0,0.9880952380952381
4942,1.0,0.95171202809482
4943,1.0,0.9908424908424909
4944,1.0,0.9908424908424909
4945,1.0,0.9908424908424909
4946,1.0,0.9908424908424909
4947,1.0,0.8424938474159147
4948,1.0,0.9880952380952381
4949,0.9997419,0.14261019878997408
4950,1.0,0.9908424908424909
4951,1.0,0.9880952380952381
4952,1.0,0.9917582417582418
4953,1.0,0.9908424908424909
4954,1.0,0.9037800687285223
4955,0.9532753,0.5338564738640679
4956,1.0,0.09077001529831719
4957,1.0,0.9908424908424909
4958,1.0,0.14460093896713616
4959,1.0,0.9908424908424909
4960,1.0,0.5103011093502378
4961,1.0,0.9880952380952381
4962,0.99999994,0.9908424908424909
4963,0.6215676,0.8816186414230729
4964,1.0,0.9908424908424909
4965,1.0,0.98992673992674
4966,1.0,0.9863138686131386
4967,1.0,0.9834862385321101
4968,1.0,0.08663101604278074
4969,1.0,0.6850733390854185
4970,1.0,0.041550387596899226
4971,0.99999994,0.9917582417582418
4972,1.0,0.9908424908424909
4973,1.0,0.9908424908424909
4974,1.0,0.16594045025417575
4975,1.0,0.03797743055555555
4976,1.0,0.9908424908424909
4977,1.0,0.9818016378525932
4978,1.0,0.6440677966101694
4979,1.0,0.9908424908424909
4980,0.99999994,0.9238263950398583
4981,1.0,0.9880952380952381
4982,1.0,0.1237295625276182
4983,1.0,0.9954212454212454
4984,1.0,0.8112449799196787
4985,1.0,0.9908424908424909
4986,0.99999994,0.5785185185185185
4987,1.0,0.5637403689003035
4988,1.0,0.9908424908424909
4989,1.0,0.947508896797153
4990,0.9999999,0.29963680387409203
4991,1.0,0.9908424908424909
4992,1.0,0.9018733273862622
4993,1.0,0.9908424908424909
4994,0.9621487,0.6585881587508132
4995,1.0,0.9880952380952381
4996,1.0,0.8872881355932203
4997,1.0,0.9972350230414746
4998,1.0,0.9826800364630811
4999,1.0,0.7701647875108413
5000,0.99892163,0.1529940119760479
5001,1.0,0.0410844629822732
5002,1.0,0.1767105507138884
5003,1.0,0.14701737905119774
5004,0.9999721,0.15441176470588236
5005,1.0,0.6663934426229509
5006,1.0,0.06037151702786378
5007,1.0,0.0364741641337386
5008,1.0,0.4365079365079365
5009,1.0,0.9648331830477908
5010,1.0,0.9880952380952381
5011,1.0,0.9908424908424909
5012,1.0,0.9908424908424909
5013,1.0,0.03616042077580539
5014,1.0,0.9329805996472663
5015,1.0,0.9908424908424909
5016,1.0,0.9908424908424909
5017,1.0,0.9880952380952381
5018,1.0,0.9880952380952381
5019,1.0,0.982648401826484
5020,1.0,0.9908424908424909
5021,0.58044416,0.825497287522604
5022,1.0,0.8428686543110395
5023,1.0,0.35984095427435386
5024,1.0,0.6853754940711463
5025,1.0,0.9143598615916955
5026,0.92656404,0.4315967810249894
5027,1.0,0.98992673992674
5028,1.0,0.10026959767731232
5029,0.9997775,0.13867588292472188
5030,1.0,0.40525195173882184
5031,1.0,0.9387755102040817
5032,1.0,0.9908424908424909
5033,1.0,0.9880952380952381
5034,1.0,0.9908424908424909
5035,1.0,0.935908691834943
5036,1.0,0.9908424908424909
5037,1.0,0.9880952380952381
5038,1.0,0.9728260869565217
5039,1.0,0.0343798650752465
5040,1.0,0.925531914893617
5041,1.0,0.8557258791704238
5042,1.0,0.8594687232219366
5043,1.0,0.9880952380952381
5044,0.57935894,0.8623704663212435
5045,1.0,0.9908424908424909
5046,1.0,0.40383299110198495
5047,1.0,0.9908424908424909
5048,1.0,0.9880952380952381
5049,0.9999999,0.36752717391304346
5050,1.0,0.07062516348417473
5051,1.0,0.9880952380952381
5052,1.0,0.9908424908424909
5053,1.0,0.9908424908424909
5054,0.99999964,0.34159061277705344
5055,1.0,0.9880952380952381
5056,0.7125715,0.6169146674764653
5057,0.846555,0.420611798980335
5058,1.0,0.9908424908424909
5059,1.0,0.9863263445761167
5060,1.0,0.9944852941176471
5061,1.0,0.98992673992674
5062,1.0,0.9908424908424909
5063,0.9999999,0.6214605067064084
5064,1.0,0.9908424908424909
5065,1.0,0.09940758293838863
5066,1.0,0.996316758747698
5067,1.0,0.9908424908424909
5068,1.0,0.9320722269991402
5069,0.7623685,0.6447143670525717
5070,1.0,0.9908424908424909
5071,1.0,0.3383674937072995
5072,1.0,0.9908424908424909
5073,1.0,0.9908424908424909
5074,1.0,0.9908424908424909
5075,0.37932482,0.22601903832072248
5076,1.0,0.9908424908424909
5077,1.0,0.9675675675675676
5078,1.0,0.9908424908424909
5079,1.0,0.9908424908424909
5080,1.0,0.9908424908424909
5081,1.0,0.9880952380952381
5082,1.0,0.9908424908424909
5083,1.0,0.6315372424722663
5084,1.0,0.7315589353612167
5085,1.0,0.7029459901800328
5086,1.0,0.9908424908424909
5087,1.0,0.9881061299176578
5088,1.0,0.9880952380952381
5089,0.99292785,0.05665364284072627
5090,1.0,0.8816568047337278
5091,1.0,0.9318584070796461
5092,1.0,0.9908424908424909
5093,1.0,0.6155038759689923
5094,1.0,0.07326447273600768
5095,1.0,0.9908424908424909
5096,1.0,0.9880952380952381
5097,0.88838315,0.9008960380006478
5098,1.0,0.9447907390917186
5099,0.9560827,0.9558373414954089
5100,1.0,0.9908424908424909
5101,1.0,0.8047655649500385
5102,1.0,0.9483362521891419
5103,1.0,0.8475409836065574
5104,1.0,0.7285399853264857
5105,0.6801771,0.904919730709477
5106,1.0,0.9880952380952381
5107,0.7219591,0.10173697270471464
5108,1.0,0.9908424908424909
5109,1.0,0.9316770186335404
5110,1.0,0.9638336347197106
5111,1.0,0.9880952380952381
5112,1.0,0.9880952380952381
5113,1.0,0.9880952380952381
5114,1.0,0.5839028094153379
5115,0.99999994,0.09428704133766837
5116,1.0,0.9880952380952381
5117,1.0,0.12544547398431932
5118,1.0,0.9908424908424909
5119,1.0,0.9908424908424909
5120,1.0,0.868122270742358
5121,1.0,0.9880952380952381
5122,1.0,0.9553571428571429
5123,1.0,0.9908424908424909
5124,1.0,0.9880952380952381
5125,1.0,0.04314192204700982
5126,1.0,0.9908424908424909
5127,1.0,0.9908424908424909
5128,1.0,0.10427083333333333
5129,0.9891234,0.19591836734693877
5130,1.0,0.9881278538812786
5131,1.0,0.135343618513324
5132,1.0,0.9504504504504504
5133,0.7316607,0.7781818181818182
5134,1.0,0.5245494095711623
5135,1.0,0.9880952380952381
5136,1.0,0.9329805996472663
5137,1.0,0.9488536155202821
5138,1.0,0.07326447273600768
5139,1.0,0.9908424908424909
5140,0.7600463,0.3505207444084002
5141,1.0,0.9880952380952381
5142,1.0,0.9908424908424909
5143,1.0,0.900523560209424
5144,1.0,0.9908424908424909
5145,1.0,0.9908424908424909
5146,1.0,0.9908424908424909
5147,1.0,0.9908424908424909
5148,1.0,0.9093264248704663
5149,1.0,0.9880952380952381
5150,1.0,0.9908424908424909
5151,0.98697364,0.09186906019007392
5152,1.0,0.20621683093252463
5153,1.0,0.10216753217430571
5154,1.0,0.9880952380952381
5155,1.0,0.8369932432432432
5156,1.0,0.9908424908424909
5157,1.0,0.6303142329020333
5158,1.0,0.9908424908424909
5159,0.9999947,0.20365752285951788
5160,1.0,0.9863138686131386
5161,1.0,0.16767676767676767
5162,0.6491079,0.7027936378466558
5163,1.0,0.8816568047337278
5164,1.0,0.9908424908424909
5165,1.0,0.9375
5166,0.9812093,0.14976228209191758
5167,1.0,0.9908424908424909
5168,1.0,0.9880952380952381
5169,1.0,0.9908424908424909
5170,1.0,0.6440677966101694
5171,1.0,0.8701406120760959
5172,1.0,0.396031746031746
5173,1.0,0.7291371994342292
5174,0.49309903,0.6336308981599563
5175,1.0,0.9908424908424909
5176,1.0,0.9890210430009149
5177,1.0,0.9908424908424909
5178,1.0,0.9908424908424909
5179,0.7972023,0.45441237975742366
5180,1.0,0.9908424908424909
5181,1.0,0.7433281004709577
5182,0.9999969,0.16720911310008138
5183,1.0,0.05414499847048027
5184,1.0,0.15186960690316395
5185,1.0,0.9908424908424909
5186,1.0,0.9204025617566332
5187,1.0,0.9880952380952381
5188,0.9999347,0.1526202880784554
5189,1.0,0.9908424908424909
5190,1.0,0.9908424908424909
5191,1.0,0.9880952380952381
5192,1.0,0.989010989010989
5193,1.0,0.9908424908424909
5194,1.0,0.9917506874427131
5195,1.0,0.9055793991416309
5196,1.0,0.9880952380952381
5197,0.99980456,0.14671112458320704
5198,1.0,0.9880952380952381
5199,1.0,0.9908424908424909
5200,1.0,0.9908424908424909
5201,1.0,0.9880952380952381
5202,1.0,0.08605341246290801
5203,1.0,0.9908424908424909
5204,1.0,0.09527735249087269
5205,0.99998534,0.2400217214227532
5206,0.9958694,0.0825230615806532
5207,1.0,0.9908424908424909
5208,1.0,0.9908424908424909
5209,1.0,0.9908424908424909
5210,1.0,0.9908424908424909
5211,0.99999994,0.9908424908424909
5212,1.0,0.05082212257100149
5213,1.0,0.9917506874427131
5214,1.0,0.9908424908424909
5215,1.0,0.8898756660746003
5216,1.0,0.9908424908424909
5217,1.0,0.9908424908424909
5218,0.99999994,0.9880952380952381
5219,1.0,0.9545859305431879
5220,1.0,0.98992673992674
5221,1.0,0.9908424908424909
5222,1.0,0.9908424908424909
5223,1.0,0.9414893617021277
5224,1.0,0.9917431192660551
5225,1.0,0.9649595687331537
5226,1.0,0.9908424908424909
5227,1.0,0.98992673992674
5228,1.0,0.9727520435967303
5229,1.0,0.9908424908424909
5230,1.0,0.9872029250457038
5231,1.0,0.9908424908424909
5232,1.0,0.06962769431743958
5233,1.0,0.9710407239819004
5234,1.0,0.9908424908424909
5235,0.9973416,0.08753762793497893
5236,1.0,0.9926605504587156
5237,1.0,0.5412262156448203
5238,0.78775287,0.5474649406688241
5239,1.0,0.9908424908424909
5240,1.0,0.9908424908424909
5241,1.0,0.9908424908424909
5242,1.0,0.45952197378565923
5243,1.0,0.9908424908424909
5244,1.0,0.9908424908424909
5245,1.0,0.98992673992674
5246,1.0,0.9880952380952381
5247,0.78707963,0.849250698501397
5248,1.0,0.06697819314641744
5249,1.0,0.9880952380952381
5250,1.0,0.9345711759504863
5251,1.0,0.03797743055555555
5252,1.0,0.9908424908424909
5253,1.0,0.9718181818181818
5254,1.0,0.14100268576544314
5255,1.0,0.9926806953339433
5256,1.0,0.9908424908424909
5257,1.0,0.1871627906976744
5258,1.0,0.9281332164767747
5259,1.0,0.9880952380952381
5260,1.0,0.9917883211678832
5261,1.0,0.989010989010989
5262,0.9999847,0.15408118725447403
5263,0.9999995,0.6729678638941399
5264,1.0,0.9880952380952381
5265,1.0,0.9691749773345422
5266,1.0,0.15757467358254337
5267,1.0,0.1498944405348346
5268,1.0,0.9908424908424909
5269,1.0,0.9908424908424909
5270,1.0,0.13861597607859888
5271,1.0,0.9908424908424909
5272,1.0,0.9863138686131386
5273,0.95770353,0.9648859133761443
5274,1.0,0.9718181818181818
5275,1.0,0.6465989053948398
5276,1.0,0.9908424908424909
5277,1.0,0.9908424908424909
5278,1.0,0.989010989010989
5279,1.0,0.9908424908424909
5280,1.0,0.9880952380952381
5281,1.0,0.47213622291021673
5282,1.0,0.9853747714808044
5283,1.0,0.10375441223660284
5284,1.0,0.980909090909091
5285,1.0,0.9871794871794872
5286,0.8141394,0.4061784897025172
5287,1.0,0.9212531752751905
5288,0.93314743,0.7080427046263346
5289,1.0,0.9908424908424909
5290,1.0,0.9908424908424909
5291,1.0,0.9908424908424909
5292,1.0,0.9908424908424909
5293,1.0,0.9908424908424909
5294,1.0,0.9880952380952381
5295,1.0,0.9908424908424909
5296,1.0,0.9908424908424909
5297,0.61928165,0.9343424218123496
5298,1.0,0.9917506874427131
5299,1.0,0.9404973357015985
5300,1.0,0.9908424908424909
5301,1.0,0.8985507246376812
5302,1.0,0.9367201426024956
5303,1.0,0.8095623987034035
5304,1.0,0.10525730799155274
5305,1.0,0.8908780903665814
5306,0.9581649,0.7387387387387387
5307,1.0,0.9880952380952381
5308,0.9999838,0.22548613984278032
5309,1.0,0.9927206551410374
5310,1.0,0.77000777000777
5311,1.0,0.8688524590163934
5312,0.7771094,0.6445523941707147
5313,1.0,0.8544407894736842
5314,1.0,0.9645776566757494
5315,1.0,0.7212073073868149
5316,1.0,0.98992673992674
5317,1.0,0.9880952380952381
5318,1.0,0.9908424908424909
5319,1.0,0.9953874538745388
5320,1.0,0.9908424908424909
5321,1.0,0.7811934900542495
5322,1.0,0.9972273567467652
5323,1.0,0.9908424908424909
5324,1.0,0.054328621908127206
5325,1.0,0.9908424908424909
5326,1.0,0.9700272479564033
5327,1.0,0.9880952380952381
5328,1.0,0.9908424908424909
5329,1.0,0.9880952380952381
5330,1.0,0.1031965272296764
5331,1.0,0.9880952380952381
5332,1.0,0.9908424908424909
5333,1.0,0.9908424908424909
5334,1.0,0.9782214156079855
5335,1.0,0.8764607679465777
5336,0.8595818,0.5298614429049212
5337,1.0,0.9908424908424909
5338,1.0,0.9935543278084714
5339,1.0,0.8908145580589255
5340,1.0,0.9908424908424909
5341,1.0,0.9908424908424909
5342,1.0,0.20927887039838627
5343,1.0,0.9632286995515695
5344,1.0,0.9695613249776186
5345,1.0,0.9908424908424909
5346,1.0,0.9908424908424909
5347,1.0,0.9908424908424909
5348,1.0,0.9853747714808044
5349,1.0,0.9908424908424909
5350,1.0,0.9880952380952381
5351,1.0,0.9908424908424909
5352,1.0,0.15223238300161376
5353,1.0,0.9908424908424909
5354,1.0,0.9908424908424909
5355,1.0,0.9908424908424909
5356,1.0,0.9908424908424909
5357,1.0,0.9908424908424909
5358,1.0,0.9890009165902841
5359,0.8885099,0.2818848758465011
5360,0.688294,0.22006841505131128
5361,1.0,0.9908424908424909
5362,1.0,0.9908424908424909
5363,1.0,0.9908424908424909
5364,1.0,0.9872146118721461
5365,1.0,0.9881170018281535
5366,0.78844255,0.3164513350559862
5367,1.0,0.8933107535986452
5368,1.0,0.9908424908424909
5369,0.9509304,0.9181494661921709
5370,0.9999986,0.37947658402203854
5371,0.9759113,0.14919624916275953
5372,1.0,0.9136878814298169
5373,0.87889725,0.257888198757764
5374,1.0,0.9880952380952381
5375,1.0,0.9908424908424909
5376,1.0,0.9880952380952381
5377,1.0,0.5179856115107914
5378,1.0,0.9908424908424909
5379,0.93838304,0.348326359832636
5380,1.0,0.9908424908424909
5381,0.9999994,0.29517638588912887
5382,0.99961656,0.2933280694828267
5383,1.0,0.05665263839430236
5384,1.0,0.9908424908424909
5385,1.0,0.9908424908424909
5386,0.8885033,0.49335418295543393
5387,0.99983984,0.13335278669390138
5388,1.0,0.9908424908424909
5389,1.0,0.9908424908424909
5390,1.0,0.9880952380952381
5391,1.0,0.15119836817950025
5392,1.0,0.9880952380952381
5393,1.0,0.9908424908424909
5394,1.0,0.07399039819260096
5395,1.0,0.9880952380952381
5396,1.0,0.9880952380952381
5397,1.0,0.9880952380952381
5398,1.0,0.9908424908424909
5399,1.0,0.9672131147540983
5400,1.0,0.10558185621490697
5401,1.0,0.7056672760511883
5402,0.9392506,0.9672648392821929
5403,1.0,0.9880952380952381
5404,0.9999765,0.05670717178937336
5405,1.0,0.11633970697789918
5406,1.0,0.9917506874427131
5407,1.0,0.9908424908424909
5408,1.0,0.7511923688394276
5409,1.0,0.9880952380952381
5410,1.0,0.9908424908424909
5411,1.0,0.9908424908424909
5412,1.0,0.9908424908424909
5413,1.0,0.9908424908424909
5414,1.0,0.9908424908424909
5415,1.0,0.9908424908424909
5416,1.0,0.1125870380289234
5417,1.0,0.9908424908424909
5418,1.0,0.2657757980697847
5419,1.0,0.9908424908424909
5420,1.0,0.98992673992674
5421,1.0,0.1124223602484472
5422,1.0,0.9890210430009149
5423,1.0,0.15448093744842384
5424,1.0,0.9908424908424909
5425,1.0,0.9890009165902841
5426,1.0,0.9908424908424909
5427,1.0,0.9880952380952381
5428,1.0,0.6094132029339854
5429,1.0,0.9697802197802198
5430,1.0,0.09489851892484914
5431,1.0,0.9908424908424909
5432,1.0,0.9908424908424909
5433,1.0,0.9908424908424909
5434,1.0,0.8352842809364549
5435,1.0,0.10620594013636889
5436,1.0,0.9880952380952381
5437,1.0,0.09006760270410817
5438,1.0,0.502906976744186
5439,1.0,0.9908424908424909
5440,1.0,0.1537079385821627
5441,0.5789542,0.8110812264658418
5442,1.0,0.9836512261580381
5443,1.0,0.958295557570263
5444,1.0,0.9881278538812786
5445,1.0,0.9908424908424909
5446,0.9120574,0.9411456697036339
5447,0.999956,0.14700039729837108
5448,1.0,0.5336032388663967
5449,1.0,0.48965169106511863
5450,1.0,0.9908424908424909
5451,1.0,0.9414374445430346
5452,1.0,0.7220496894409938
5453,1.0,0.9835315645013724
5454,1.0,0.966726618705036
5455,0.25012589,0.05298793052693553
5456,1.0,0.9880952380952381
5457,1.0,0.03411935186404953
5458,1.0,0.9597495527728086
5459,1.0,0.7310536044362292
5460,1.0,0.2917971195992486
5461,1.0,0.9880952380952381
5462,1.0,0.9990766389658357
5463,1.0,0.9908424908424909
5464,1.0,0.1107177734375
5465,1.0,0.9908424908424909
5466,1.0,0.9908424908424909
5467,0.87903637,0.7565489065128574
5468,0.99985045,0.16484677703416695
5469,1.0,0.6445880452342488
5470,1.0,0.16451149425287356
5471,1.0,0.6911262798634812
5472,0.9999158,0.13766730401529637
5473,1.0,0.9908424908424909
5474,1.0,0.06937269372693727
5475,1.0,0.951067615658363
5476,1.0,0.9908424908424909
5477,1.0,0.9908424908424909
5478,1.0,0.9908424908424909
5479,1.0,0.9181739879414298
5480,1.0,0.08366701791359325
5481,1.0,0.7542857142857143
5482,1.0,0.12452283796235356
5483,1.0,0.9908424908424909
5484,0.99992085,0.15325402379286215
5485,1.0,0.0919713531850735
5486,1.0,0.15559365623660523
5487,1.0,0.9880952380952381
5488,1.0,0.9268077601410935
5489,1.0,0.9880952380952381
5490,1.0,0.9908424908424909
5491,1.0,0.0859375
5492,0.9069011,0.7541061089448187
5493,1.0,0.9908424908424909
5494,0.9516181,0.3832725377800938
5495,1.0,0.416403785488959
5496,1.0,0.9880952380952381
5497,1.0,0.9908424908424909
5498,1.0,0.9880952380952381
5499,1.0,0.11341273951320559
5500,0.9999975,0.1550762365191521
5501,1.0,0.09426795580110497
5502,1.0,0.9908424908424909
5503,1.0,0.1343910405972935
5504,1.0,0.9908424908424909
5505,1.0,0.9245614035087719
5506,1.0,0.696763202725724
5507,1.0,0.9908424908424909
5508,1.0,0.13141075604053
5509,1.0,0.8314332247557004
5510,1.0,0.9880952380952381
5511,0.9038196,0.464041095890411
5512,1.0,0.9908424908424909
5513,0.87311137,0.7092410400562192
5514,1.0,0.9908424908424909
5515,1.0,0.9908424908424909
5516,0.8428771,0.8956388284946925
5517,1.0,0.9908424908424909
5518,1.0,0.9351598173515981
5519,1.0,0.9881170018281535
5520,1.0,0.9908424908424909
5521,0.58650166,0.7681799506984388
5522,1.0,0.9890210430009149
5523,0.9999941,0.1726049089469517
5524,1.0,0.9908424908424909
5525,1.0,0.9908424908424909
5526,1.0,0.9908424908424909
5527,0.7706618,0.5423387096774194
5528,1.0,0.9852670349907919
5529,1.0,0.9134199134199135
5530,1.0,0.9880952380952381
5531,1.0,0.9908424908424909
5532,1.0,0.9908424908424909
5533,1.0,0.9908424908424909
5534,1.0,0.24573378839590443
5535,0.9190288,0.5154440154440154
5536,1.0,0.9908424908424909
5537,1.0,0.9579230080572964
5538,1.0,0.0842358604091456
5539,1.0,0.9908424908424909
5540,1.0,0.9908424908424909
5541,1.0,0.9908424908424909
5542,1.0,0.9863138686131386
5543,1.0,0.06774060305658819
5544,1.0,0.9880952380952381
5545,1.0,0.19256756756756757
5546,1.0,0.9880952380952381
5547,1.0,0.9908424908424909
5548,0.87599295,0.748107364074329
5549,1.0,0.0967310265723571
5550,1.0,0.07521533422297708
5551,1.0,0.8218527315914489
5552,1.0,0.13749605802585935
5553,1.0,0.9935543278084714
5554,1.0,0.9863138686131386
5555,1.0,0.034550623223267005
5556,1.0,0.8469721767594108
5557,1.0,0.9880952380952381
5558,1.0,0.9908424908424909
5559,1.0,0.9908424908424909
5560,1.0,0.9908424908424909
5561,1.0,0.9863138686131386
5562,1.0,0.03740740740740741
5563,1.0,0.13320647002854424
5564,1.0,0.9755434782608695
5565,1.0,0.9908424908424909
5566,1.0,0.9908424908424909
5567,1.0,0.9880952380952381
5568,1.0,0.9908424908424909
5569,0.9999926,0.16826568265682657
5570,0.99999994,0.2688486265341905
5571,1.0,0.9827115559599636
5572,1.0,0.36854103343465044
5573,1.0,0.19025249559600704
5574,1.0,0.9908424908424909
5575,1.0,0.6974789915966386
5576,1.0,0.9908424908424909
5577,1.0,0.9880952380952381
5578,1.0,0.9908424908424909
5579,1.0,0.9544235924932976
5580,1.0,0.9880952380952381
5581,1.0,0.9908424908424909
5582,1.0,0.9908424908424909
5583,1.0,0.9908424908424909
5584,1.0,0.9908424908424909
5585,1.0,0.8442553191489361
5586,1.0,0.9908424908424909
5587,1.0,0.9880952380952381
5588,0.836502,0.9195110701107011
5589,1.0,0.9644160583941606
5590,1.0,0.9908424908424909
5591,1.0,0.9880952380952381
5592,1.0,0.989010989010989
5593,1.0,0.9908424908424909
5594,1.0,0.9908424908424909
5595,1.0,0.9908424908424909
5596,1.0,0.23578050613881232
5597,1.0,0.9908424908424909
5598,0.9997583,0.18536585365853658
5599,1.0,0.1865671641791045
5600,0.8216886,0.6663133097762073
5601,1.0,0.9908424908424909
5602,1.0,0.24823053589484328
5603,0.48760566,0.23444118605408928
5604,1.0,0.9880952380952381
5605,1.0,0.9908424908424909
5606,1.0,0.9908424908424909
5607,0.47399622,0.8032046014790468
5608,1.0,0.9908424908424909
5609,1.0,0.9880952380952381
5610,1.0,0.9700272479564033
5611,1.0,0.996316758747698
5612,1.0,0.9827115559599636
5613,1.0,0.07567808907244113
5614,1.0,0.25508425334108076
5615,1.0,0.9818181818181818
5616,1.0,0.9908424908424909
5617,1.0,0.9880952380952381
5618,1.0,0.9908424908424909
5619,0.99999994,0.11686906336419382
5620,1.0,0.9908424908424909
5621,1.0,0.9908424908424909
5622,0.8123621,0.49159365380061565
5623,1.0,0.9908424908424909
5624,1.0,0.98989898989899
5625,1.0,0.9880952380952381
5626,1.0,0.9908424908424909
5627,1.0,0.9908424908424909
5628,1.0,0.9908424908424909
5629,1.0,0.9908424908424909
5630,1.0,0.24726775956284153
5631,1.0,0.9908424908424909
5632,1.0,0.05136044023234485
5633,1.0,0.9908424908424909
5634,1.0,0.610770279481936
5635,0.8852758,0.6497960224375319
5636,1.0,0.98992673992674
5637,1.0,0.09512516469038208
5638,1.0,0.47049924357034795
5639,1.0,0.907679033649698
5640,1.0,0.9881061299176578
5641,1.0,0.2551299589603283
5642,1.0,0.9908424908424909
5643,1.0,0.08103689864549277
5644,1.0,0.9908424908424909
5645,1.0,0.9880952380952381
5646,1.0,0.9057412167952014
5647,1.0,0.9880952380952381
5648,1.0,0.971996386630533
5649,1.0,0.4476699770817418
5650,1.0,0.9312123817712812
5651,1.0,0.9908424908424909
5652,1.0,0.98992673992674
5653,1.0,0.08112793250895643
5654,0.86142033,0.48590947907771137
5655,1.0,0.7847790507364976
5656,1.0,0.9908424908424909
5657,0.54153496,0.34923189465983906
5658,0.9999983,0.17649609713790113
5659,1.0,0.9908424908424909
5660,0.3984994,0.341460894720529
5661,0.6037097,0.41804769603880354
5662,1.0,0.9880952380952381
5663,1.0,0.9880952380952381
5664,1.0,0.94275802254987
5665,1.0,0.6126418152350082
5666,1.0,0.971996386630533
5667,1.0,0.9908424908424909
5668,1.0,0.9908424908424909
5669,0.98710626,0.1306999306999307
5670,1.0,0.3454947484798231
5671,1.0,0.9908424908424909
5672,1.0,0.9908424908424909
5673,1.0,0.8780694326841659
5674,1.0,0.9880952380952381
5675,0.99999994,0.7041284403669725
5676,1.0,0.9908424908424909
5677,1.0,0.990072202166065
5678,1.0,0.9908424908424909
5679,1.0,0.7930194805194806
5680,1.0,0.9845313921747043
5681,1.0,0.9908424908424909
5682,1.0,0.9624197983501375
5683,1.0,0.9718181818181818
5684,1.0,0.9880952380952381
5685,0.8809527,0.7868699439950217
5686,1.0,0.9908424908424909
5687,1.0,0.9890310786106032
5688,1.0,0.03616042077580539
5689,0.99992007,0.1574367088607595
5690,1.0,0.9908424908424909
5691,1.0,0.9908424908424909
5692,1.0,0.9908424908424909
5693,0.3199653,0.6618458144380439
5694,1.0,0.9807692307692307
5695,1.0,0.9908424908424909
5696,1.0,0.9880952380952381
5697,1.0,0.9880952380952381
5698,1.0,0.9972350230414746
5699,1.0,0.9908424908424909
5700,1.0,0.9908424908424909
5701,1.0,0.9908424908424909
5702,1.0,0.9908424908424909
5703,1.0,0.9908424908424909
5704,1.0,0.9908424908424909
5705,0.9999781,0.18990559186637618
5706,1.0,0.9908424908424909
5707,1.0,0.9908424908424909
5708,1.0,0.9880952380952381
5709,1.0,0.1096108022239873
5710,1.0,0.9880952380952381
5711,0.83061624,0.3025540275049116
5712,1.0,0.8643344709897611
5713,1.0,0.9917506874427131
5714,1.0,0.1449785670545009
5715,1.0,0.9710144927536232
5716,1.0,0.11114404267931238
5717,1.0,0.9880952380952381
5718,1.0,0.43780433820274456
5719,1.0,0.9880952380952381
5720,1.0,0.9908424908424909
5721,1.0,0.9908424908424909
5722,1.0,0.9747974797479748
5723,1.0,0.9881061299176578
5724,1.0,0.9631956912028725
5725,1.0,0.048547129695251594
5726,1.0,0.9908424908424909
5727,1.0,0.9908424908424909
5728,0.72279865,0.8613633991022027
5729,1.0,0.9908424908424909
5730,1.0,0.9908424908424909
5731,1.0,0.8079409048938134
5732,1.0,0.9908424908424909
5733,1.0,0.6530789245446661
5734,1.0,0.9880952380952381
5735,1.0,0.1639686684073107
5736,1.0,0.4995904995904996
5737,1.0,0.8338926174496645
5738,1.0,0.9908424908424909
5739,1.0,0.9908424908424909
5740,1.0,0.9972324723247232
5741,1.0,0.9880952380952381
5742,1.0,0.9908424908424909
5743,1.0,0.98992673992674
5744,1.0,0.9880952380952381
5745,1.0,0.9908424908424909
5746,1.0,0.9880952380952381
5747,1.0,0.9456029011786038
5748,1.0,0.8726655348047538
5749,1.0,0.98992673992674
5750,1.0,0.9908424908424909
5751,1.0,0.1739292364990689
5752,0.9998965,0.10559466469062616
5753,1.0,0.989935956084172
5754,0.9093206,0.5336339721909057
5755,1.0,0.9908424908424909
5756,1.0,0.9908424908424909
5757,0.5865007,0.49464363795365107
5758,1.0,0.9908424908424909
5759,1.0,0.03463541666666667
5760,1.0,0.9908424908424909
5761,1.0,0.9908424908424909
5762,1.0,0.7608695652173914
5763,1.0,0.9809437386569873
5764,1.0,0.9634255129348795
5765,1.0,0.9312123817712812
5766,1.0,0.08791208791208792
5767,1.0,0.8418491484184915
5768,1.0,0.11264425489212243
5769,1.0,0.9420677361853832
5770,0.7342988,0.6178220225810368
5771,1.0,0.9908424908424909
5772,1.0,0.755591054313099
5773,0.99999577,0.15220271613116926
5774,1.0,0.9908424908424909
5775,1.0,0.9880952380952381
5776,1.0,0.9880952380952381
5777,1.0,0.08852917665867306
5778,1.0,0.6310372129849564
5779,1.0,0.9908424908424909
5780,0.9515528,0.5053571428571428
5781,1.0,0.989010989010989
5782,1.0,0.9908424908424909
5783,1.0,0.8061946902654867
5784,1.0,0.9354553492484527
5785,1.0,0.9908424908424909
5786,1.0,0.9908424908424909
5787,1.0,0.9684684684684685
5788,0.7890614,0.329004329004329
5789,1.0,0.9880952380952381
5790,1.0,0.7029459901800328
5791,1.0,0.9908424908424909
5792,1.0,0.10411875392013381
5793,1.0,0.9880952380952381
5794,1.0,0.980909090909091
5795,1.0,0.4944612286002014
5796,1.0,0.9908424908424909
5797,1.0,0.5074331020812686
5798,1.0,0.8785266457680251
5799,1.0,0.9908424908424909
5800,1.0,0.7081545064377682
5801,1.0,0.9880952380952381
5802,1.0,0.8476595744680852
5803,1.0,0.9713774597495528
5804,1.0,0.9880952380952381
5805,1.0,0.9880952380952381
5806,1.0,0.9755434782608695
5807,1.0,0.9872146118721461
5808,0.8921737,0.69170049616599
5809,1.0,0.989010989010989
5810,1.0,0.9935543278084714
5811,1.0,0.138255033557047
5812,0.9999986,0.05873073656109695
5813,1.0,0.07390888818094934
5814,1.0,0.9908424908424909
5815,0.48861063,0.5204972773040173
5816,1.0,0.9908424908424909
5817,1.0,0.7276785714285714
5818,1.0,0.9908424908424909
5819,1.0,0.9880952380952381
5820,1.0,0.9908424908424909
5821,1.0,0.9057412167952014
5822,1.0,0.9908340971585701
5823,1.0,0.6297709923664122
5824,0.99979603,0.25696694750486065
5825,1.0,0.0384263494967978
5826,1.0,0.8582028029678483
5827,1.0,0.9908424908424909
5828,1.0,0.9908424908424909
5829,1.0,0.9880952380952381
5830,1.0,0.97538742023701
5831,1.0,0.9908424908424909
5832,1.0,0.9908424908424909
5833,1.0,0.9057412167952014
5834,1.0,0.9880952380952381
5835,0.441152,0.36770219603642207
5836,1.0,0.9908424908424909
5837,0.9986097,0.24459755715627937
5838,1.0,0.62421875
5839,0.65725696,0.3733382570162482
5840,0.99993545,0.13114754098360656
5841,1.0,0.9908424908424909
5842,1.0,0.9890009165902841
5843,1.0,0.8637901861252115
5844,0.97632736,0.7722553567483985
5845,0.99999994,0.9908424908424909
5846,1.0,0.9908424908424909
5847,1.0,0.9908424908424909
5848,1.0,0.9780821917808219
5849,1.0,0.9908424908424909
5850,1.0,0.9954212454212454
5851,1.0,0.9908424908424909
5852,1.0,0.09385596093855961
5853,1.0,0.9908424908424909
5854,1.0,0.0688821752265861
5855,1.0,0.9917431192660551
5856,1.0,0.9908424908424909
5857,1.0,0.40615835777126097
5858,1.0,0.9908424908424909
5859,1.0,0.9880952380952381
5860,1.0,0.9880952380952381
5861,1.0,0.9871794871794872
5862,1.0,0.09659631108575775
5863,1.0,0.9908424908424909
5864,1.0,0.9908424908424909
5865,1.0,0.023744063984004
5866,1.0,0.9908424908424909
5867,1.0,0.442443226311668
5868,0.9999243,0.15358467243510507
5869,1.0,0.9908424908424909
5870,0.122367024,0.1904861693210394
5871,1.0,0.09661586153448722
5872,1.0,0.9908424908424909
5873,1.0,0.9908424908424909
5874,1.0,0.9908424908424909
5875,1.0,0.9880952380952381
5876,1.0,0.4109947643979058
5877,1.0,0.9880952380952381
5878,1.0,0.9908424908424909
5879,0.998612,0.2350433423333807
5880,1.0,0.9880952380952381
5881,1.0,0.060512024825446084
5882,1.0,0.226321036889332
5883,1.0,0.9917883211678832
5884,1.0,0.9908424908424909
5885,1.0,0.9908424908424909
5886,1.0,0.8848433530906011
5887,1.0,0.8567880794701986
5888,1.0,0.9908424908424909
5889,1.0,0.3704256908140403
5890,1.0,0.767479674796748
5891,1.0,0.9880952380952381
5892,1.0,0.7757085020242915
5893,1.0,0.9177718832891246
5894,1.0,0.1232876712328767
5895,0.965675,0.8832937777319162
5896,1.0,0.9908424908424909
5897,0.77329457,0.5413094310210445
5898,1.0,0.9908424908424909
5899,1.0,0.9908424908424909
5900,0.7864859,0.45878537076389664
5901,1.0,0.007415071564062769
5902,1.0,0.8284118116520351
5903,1.0,0.7974980453479281
5904,1.0,0.9880952380952381
5905,1.0,0.9935602575896965
5906,0.999745,0.112037708484409
5907,0.99999964,0.3716755319148936
5908,1.0,0.9711191335740073
5909,1.0,0.14132204493650277
5910,1.0,0.9817850637522769
5911,1.0,0.03492185992668339
5912,1.0,0.9908424908424909
5913,1.0,0.9908424908424909
5914,1.0,0.96
5915,1.0,0.9880952380952381
5916,1.0,0.5585429314830876
5917,1.0,0.9908424908424909
5918,0.8948155,0.858313539192399
5919,1.0,0.9908424908424909
5920,1.0,0.9908424908424909
5921,1.0,0.9908424908424909
5922,0.7199179,0.12269938650306748
5923,1.0,0.9680073126142597
5924,0.4690437,0.7615327773672543
5925,1.0,0.9908424908424909
5926,1.0,0.057180851063829786
5927,1.0,0.8670520231213873
5928,1.0,0.6233870967741936
5929,1.0,0.9827272727272728
5930,0.71683526,0.46876404494382024
5931,1.0,0.9890009165902841
5932,1.0,0.9746146872166818
5933,1.0,0.9908424908424909
5934,1.0,0.35308890005022603
5935,1.0,0.9917506874427131
5936,1.0,0.9880952380952381
5937,0.9704531,0.16461704422869472
5938,1.0,0.9908424908424909
5939,0.4604362,0.026122448979591838
5940,1.0,0.07493984187005844
5941,1.0,0.7739059967585089
5942,1.0,0.9908424908424909
5943,1.0,0.9863138686131386
5944,1.0,0.11842818428184282
5945,0.45786336,0.7277248238707004
5946,1.0,0.9908424908424909
5947,1.0,0.9908424908424909
5948,1.0,0.9908424908424909
5949,1.0,0.989010989010989
5950,0.86406493,0.8484074884512521
5951,1.0,0.9606087735004476
5952,0.8236183,0.977803852547179
5953,1.0,0.9880952380952381
5954,1.0,0.9908424908424909
5955,1.0,0.9908424908424909
5956,1.0,0.9908424908424909
5957,1.0,0.9908424908424909
5958,1.0,0.10463449593884376
5959,1.0,0.9657657657657658
5960,0.9999999,0.26455331412103744
5961,1.0,0.98992673992674
5962,1.0,0.9534883720930233
5963,1.0,0.12788632326820604
5964,1.0,0.9880952380952381
5965,0.99999994,0.9880952380952381
5966,0.99999994,0.9917506874427131
5967,1.0,0.07326447273600768
5968,0.9038146,0.24123608572852634
5969,0.22914526,0.45226130653266333
5970,1.0,0.9591111111111111
5971,1.0,0.06994693680656054
5972,1.0,0.9908424908424909
5973,1.0,0.9908424908424909
5974,1.0,0.8575268817204301
5975,0.9369435,0.7326471996170416
5976,1.0,0.8300238284352661
5977,1.0,0.9517426273458445
5978,1.0,0.43900414937759336
5979,1.0,0.9908424908424909
5980,1.0,0.9880952380952381
5981,1.0,0.9908424908424909
5982,0.9999968,0.20835224693599638
5983,1.0,0.9908424908424909
5984,1.0,0.9908340971585701
5985,1.0,0.9908424908424909
5986,1.0,0.9908424908424909
5987,1.0,0.9010327022375215
5988,1.0,0.9880952380952381
5989,1.0,0.9908424908424909
5990,1.0,0.16197470420236637
5991,1.0,0.1480552070263488
5992,1.0,0.9908424908424909
5993,1.0,0.9880952380952381
5994,1.0,0.08639391056137012
5995,1.0,0.8812709030100334
5996,1.0,0.9908424908424909
5997,0.999998,0.2429558745348219
5998,1.0,0.09626083581317117
5999,0.40188745,0.4172972972972973
6000,0.9377884,0.9086008905554254
6001,0.8726041,0.623496474491912
6002,1.0,0.1361522198731501
6003,1.0,0.166343669250646
6004,1.0,0.6468710089399745
6005,1.0,0.07420625153827222
6006,1.0,0.12650085763293312
6007,1.0,0.9908424908424909
6008,1.0,0.989010989010989
6009,1.0,0.9908424908424909
6010,1.0,0.9908424908424909
6011,1.0,0.9908424908424909
6012,1.0,0.9863138686131386
6013,1.0,0.9908424908424909
6014,1.0,0.989010989010989
6015,1.0,0.12229650019661817
6016,1.0,0.9880952380952381
6017,1.0,0.9908424908424909
6018,0.7585283,0.49894804984625346
6019,1.0,0.8931698774080561
6020,1.0,0.8510460251046025
6021,1.0,0.22519280205655526
6022,1.0,0.1323204012391208
6023,1.0,0.9908424908424909
6024,1.0,0.9908424908424909
6025,1.0,0.9908424908424909
6026,1.0,0.9406554472984943
6027,1.0,0.9944852941176471
6028,1.0,0.9917506874427131
6029,1.0,0.9908424908424909
6030,1.0,0.006624203821656051
6031,1.0,0.9880952380952381
6032,1.0,0.17807980484404948
6033,1.0,0.9818016378525932
6034,1.0,0.9908424908424909
6035,1.0,0.9954212454212454
6036,1.0,0.9817017383348582
6037,1.0,0.7158067158067158
6038,1.0,0.9908424908424909
6039,1.0,0.022096850023507288
6040,1.0,0.9908424908424909
6041,0.9999977,0.2916950306330837
6042,1.0,0.9908424908424909
6043,0.99999994,0.28751431844215347
6044,1.0,0.9908424908424909
6045,1.0,0.9754990925589837
6046,1.0,0.9908424908424909
6047,1.0,0.8786026200873363
6048,1.0,0.9908424908424909
6049,1.0,0.9880952380952381
6050,0.33241287,0.7234825870646766
6051,1.0,0.9908424908424909
6052,1.0,0.818346957311535
6053,1.0,0.9908424908424909
6054,1.0,0.9908424908424909
6055,1.0,0.9889908256880734
6056,1.0,0.9880952380952381
6057,1.0,0.9908424908424909
6058,1.0,0.9880952380952381
6059,1.0,0.09361657815266063
6060,1.0,0.9818016378525932
6061,0.83623207,0.8255423842540819
6062,1.0,0.9809610154125114
6063,1.0,0.9908424908424909
6064,1.0,0.9908424908424909
6065,1.0,0.9863263445761167
6066,1.0,0.9880952380952381
6067,1.0,0.9908424908424909
6068,1.0,0.9816849816849816
6069,1.0,0.1408887357905615
6070,1.0,0.7450704225352113
6071,0.8097011,0.7796034763715373
6072,0.3410333,0.27027863777089783
6073,0.9995176,0.11533308975764218
6074,1.0,0.9908424908424909
6075,0.99999326,0.14980544747081712
6076,1.0,0.11327553203468078
6077,1.0,0.9880952380952381
6078,0.99116,0.7026116259477675
6079,1.0,0.989010989010989
6080,1.0,0.03086969427129712
6081,1.0,0.9844464775846294
6082,0.2572047,0.10150891632373114
6083,1.0,0.9880952380952381
6084,0.96908814,0.07934560327198364
6085,1.0,0.9880952380952381
6086,1.0,0.9880952380952381
6087,1.0,0.9240174672489083
6088,1.0,0.8143908421913328
6089,1.0,0.9908424908424909
6090,1.0,0.9880952380952381
6091,1.0,0.6979332273449921
6092,1.0,0.9908424908424909
6093,1.0,0.9908424908424909
6094,1.0,0.9908424908424909
6095,1.0,0.11317358533018337
6096,1.0,0.22489565430886324
6097,1.0,0.046511627906976744
6098,1.0,0.7897111913357401
6099,1.0,0.9908424908424909
6100,1.0,0.031889290012033694
6101,1.0,0.8697829716193656
6102,1.0,0.0
6103,0.9949496,0.0679399727148704
6104,1.0,0.9908424908424909
6105,1.0,0.9871794871794872
6106,1.0,0.9908424908424909
6107,1.0,0.9880952380952381
6108,1.0,0.034655010927255696
6109,1.0,0.972875226039783
6110,1.0,0.9908424908424909
6111,1.0,0.09722365569202188
6112,1.0,0.9544642857142858
6113,1.0,0.6038461538461538
6114,0.95613456,0.9594675144049275
6115,1.0,0.9908424908424909
6116,1.0,0.9880952380952381
6117,0.99999714,0.2662375658279696
6118,1.0,0.9880952380952381
6119,1.0,0.9908424908424909
6120,1.0,0.12327520849128128
6121,1.0,0.1029041241214693
6122,1.0,0.9154676258992805
6123,1.0,0.9908424908424909
6124,1.0,0.9880952380952381
6125,1.0,0.9880952380952381
6126,1.0,0.9352836879432624
6127,0.90633875,0.4696469392938786
6128,1.0,0.08630215279100781
6129,1.0,0.9808743169398907
6130,1.0,0.9880952380952381
6131,1.0,0.9880952380952381
6132,1.0,0.8423202614379085
6133,1.0,0.07588228661630397
6134,1.0,0.9835315645013724
6135,1.0,0.5021865889212828
6136,0.80235267,0.5151128139633887
6137,1.0,0.9908424908424909
6138,0.84186596,0.6715320690389942
6139,1.0,0.9880952380952381
6140,0.7803781,0.39457392571012384
6141,1.0,0.9222027972027972
6142,0.9999887,0.1647940074906367
6143,1.0,0.9908424908424909
6144,1.0,0.9880952380952381
6145,1.0,0.9908424908424909
6146,0.99986094,0.09808179515019906
6147,1.0,0.9719710669077758
6148,1.0,0.9880952380952381
6149,1.0,0.9908424908424909
6150,1.0,0.9539007092198581
6151,1.0,0.9863138686131386
6152,1.0,0.8956140350877193
6153,1.0,0.7889328063241107
6154,1.0,0.9908424908424909
6155,1.0,0.9908424908424909
6156,1.0,0.9908424908424909
6157,1.0,0.8802698145025295
6158,1.0,0.8686616791354946
6159,1.0,0.9880952380952381
6160,1.0,0.2816020025031289
6161,1.0,0.9908424908424909
6162,1.0,0.9908424908424909
6163,1.0,0.9908424908424909
6164,1.0,0.9908424908424909
6165,1.0,0.9880952380952381
6166,1.0,0.9816849816849816
6167,1.0,0.40584571154767607
6168,0.99435306,0.08285632512879222
6169,0.9999998,0.23439099283520984
6170,1.0,0.9908424908424909
6171,0.932756,0.20437689969604864
6172,1.0,0.9680073126142597
6173,1.0,0.48965169106511863
6174,1.0,0.97538742023701
6175,1.0,0.9908424908424909
6176,0.99999976,0.6496296296296297
6177,1.0,0.9908424908424909
6178,1.0,0.9908424908424909
6179,1.0,0.704422032583398
6180,1.0,0.9880952380952381
6181,1.0,0.9908424908424909
6182,1.0,0.9908424908424909
6183,1.0,0.996316758747698
6184,1.0,0.9899909008189263
6185,1.0,0.989010989010989
6186,1.0,0.9908424908424909
6187,1.0,0.44418423106947696
6188,1.0,0.9908424908424909
6189,1.0,0.7793047696038804
6190,1.0,0.9908424908424909
6191,1.0,0.9908424908424909
6192,1.0,0.9908424908424909
6193,0.3228418,0.12982900569981
6194,1.0,0.947508896797153
6195,1.0,0.9908424908424909
6196,1.0,0.9908424908424909
6197,1.0,0.9908424908424909
6198,0.9641119,0.9268119614799797
6199,1.0,0.8657214345287739
6200,1.0,0.833889816360601
6201,1.0,0.9880952380952381
6202,1.0,0.98992673992674
6203,1.0,0.9908424908424909
6204,1.0,0.9816849816849816
6205,1.0,0.2763406940063092
6206,1.0,0.9419124218051832
6207,0.9996574,0.1424713031735314
6208,1.0,0.996316758747698
6209,1.0,0.9908424908424909
6210,1.0,0.9890210430009149
6211,1.0,0.9908424908424909
6212,1.0,0.9908424908424909
6213,1.0,0.9908424908424909
6214,1.0,0.4072164948453608
6215,1.0,0.9908424908424909
6216,0.8466036,0.7858125143250058
6217,1.0,0.9616755793226381
6218,1.0,0.9889908256880734
6219,1.0,0.061323032351521006
6220,1.0,0.9908424908424909
6221,1.0,0.9880952380952381
6222,1.0,0.9908424908424909
6223,1.0,0.9872146118721461
6224,1.0,0.8211920529801324
6225,0.9997344,0.6247472705216336
6226,1.0,0.9752973467520586
6227,1.0,0.9880952380952381
6228,1.0,0.8012879484820608
6229,1.0,0.9880952380952381
6230,1.0,0.9156829679595279
6231,1.0,0.9908424908424909
6232,1.0,0.9908424908424909
6233,1.0,0.902461257976299
6234,1.0,0.9908424908424909
6235,0.99998164,0.17706237424547283
6236,1.0,0.9862637362637363
6237,0.6349421,0.2510653409090909
6238,1.0,0.9908424908424909
6239,1.0,0.9908424908424909
6240,1.0,0.9535299374441466
6241,1.0,0.9908424908424909
6242,0.57284874,0.3410572049239681
6243,1.0,0.9746606334841629
6244,1.0,0.9880952380952381
6245,1.0,0.9908424908424909
6246,0.8452883,0.7398761314911863
6247,1.0,0.9908424908424909
6248,0.6644592,0.15450762829403605
6249,1.0,0.9880952380952381
6250,1.0,0.9862763037511436
6251,1.0,0.9908424908424909
6252,1.0,0.16530054644808742
6253,0.9497636,0.9007186858316222
6254,1.0,0.9908424908424909
6255,1.0,0.9880952380952381
6256,1.0,0.9908424908424909
6257,1.0,0.9880952380952381
6258,1.0,0.9908424908424909
6259,1.0,0.9908424908424909
6260,1.0,0.6594027441485069
6261,1.0,0.16338959457108057
6262,1.0,0.9768303985171455
6263,0.8463922,0.22467631378522468
6264,1.0,0.9908424908424909
6265,0.9999835,0.07107540173053152
6266,1.0,0.09050028105677346
6267,1.0,0.2159090909090909
6268,1.0,0.9880952380952381
6269,1.0,0.08514285714285715
6270,1.0,0.7630744849445324
6271,1.0,0.08796508957280662
6272,1.0,0.15681566309567788
6273,1.0,0.9908424908424909
6274,1.0,0.9908424908424909
6275,1.0,0.9908424908424909
6276,1.0,0.9908424908424909
6277,1.0,0.6445686900958466
6278,1.0,0.9917506874427131
6279,1.0,0.9917506874427131
6280,1.0,0.9908424908424909
6281,1.0,0.9908340971585701
6282,1.0,0.47360557768924305
6283,1.0,0.9890009165902841
6284,1.0,0.9880952380952381
6285,1.0,0.9908424908424909
6286,1.0,0.9908424908424909
6287,1.0,0.9908424908424909
6288,1.0,0.9890210430009149
6289,1.0,0.9908424908424909
6290,0.99999994,0.032164549972390946
6291,1.0,0.9908424908424909
6292,0.8308907,0.5192258721670486
6293,1.0,0.3050925925925926
6294,1.0,0.733615221987315
6295,1.0,0.9908424908424909
6296,1.0,0.9908424908424909
6297,1.0,0.2551299589603283
6298,1.0,0.9490161001788909
6299,1.0,0.8273381294964028
6300,1.0,0.9908424908424909
6301,1.0,0.18651309678617872
6302,1.0,0.44418423106947696
6303,1.0,0.9880952380952381
6304,1.0,0.9908424908424909
6305,1.0,0.98992673992674
6306,1.0,0.9308556611927399
6307,0.46352854,0.2803909590714722
6308,1.0,0.16214816093938872
6309,1.0,0.4244318181818182
6310,1.0,0.9908424908424909
6311,0.6469745,0.7124548526156356
6312,1.0,0.9908424908424909
6313,0.6931933,0.3473179502547198
6314,1.0,0.9880952380952381
6315,1.0,0.9468085106382979
6316,1.0,0.14701737905119774
6317,1.0,0.9908424908424909
6318,1.0,0.9908424908424909
6319,1.0,0.9366071428571429
6320,1.0,0.9908424908424909
6321,1.0,0.989010989010989
6322,1.0,0.9917883211678832
6323,1.0,0.5860857343640197
6324,1.0,0.10416666666666667
6325,0.6572179,0.23981191222570533
6326,1.0,0.9908424908424909
6327,1.0,0.9818016378525932
6328,1.0,0.09400749063670412
6329,0.39827037,0.3630961008841861
6330,1.0,0.9908424908424909
6331,1.0,0.9728506787330317
6332,1.0,0.9908424908424909
6333,1.0,0.9908424908424909
6334,1.0,0.9587073608617595
6335,1.0,0.6853637160385626
6336,1.0,0.8957264957264958
6337,1.0,0.9935720844811754
6338,1.0,0.8424938474159147
6339,0.60235566,0.4998957464553795
6340,1.0,0.2551299589603283
6341,0.81510556,0.6312670190613487
6342,1.0,0.9908424908424909
6343,1.0,0.09054822443943783
6344,0.99972916,0.09470636889991729
6345,0.5642651,0.6443597160136734
6346,1.0,0.8048211508553654
6347,1.0,0.9880952380952381
6348,1.0,0.9890310786106032
6349,0.97510177,0.5998754669987547
6350,1.0,0.98
6351,1.0,0.9880952380952381
6352,1.0,0.18346870520783565
6353,1.0,0.9908424908424909
6354,1.0,0.5021865889212828
6355,0.77879506,0.5594859396869831
6356,1.0,0.9880952380952381
6357,0.81096023,0.5020217729393468
6358,1.0,0.9908424908424909
6359,1.0,0.9880952380952381
6360,1.0,0.9583333333333334
6361,1.0,0.9908424908424909
6362,1.0,0.9908424908424909
6363,1.0,0.985480943738657
6364,1.0,0.9908424908424909
6365,0.9999984,0.16917293233082706
6366,1.0,0.14092329052412356
6367,1.0,0.9908424908424909
6368,1.0,0.9908424908424909
6369,1.0,0.9908424908424909
6370,1.0,0.9908424908424909
6371,1.0,0.7866344605475041
6372,1.0,0.9880952380952381
6373,1.0,0.9908424908424909
6374,1.0,0.041677223207499364
6375,1.0,0.9880952380952381
6376,1.0,0.7410358565737052
6377,1.0,0.9268953068592057
6378,1.0,0.9908424908424909
6379,1.0,0.9880952380952381
6380,1.0,0.1059362677182138
6381,0.99999976,0.2864963503649635
6382,1.0,0.9863138686131386
6383,1.0,0.809910641754671
6384,1.0,0.9746606334841629
6385,1.0,0.9908424908424909
6386,1.0,0.9908424908424909
6387,0.9961796,0.1133097762073027
6388,1.0,0.9818181818181818
6389,1.0,0.996316758747698
6390,1.0,0.5513447432762836
6391,1.0,0.9880952380952381
6392,1.0,0.9605734767025089
6393,1.0,0.6658259773013872
6394,0.6349228,0.47673926834425884
6395,1.0,0.9908424908424909
6396,1.0,0.8992869875222816
6397,0.9999401,0.37405159332321697
6398,1.0,0.9476021314387212
6399,1.0,0.10247660979636763
6400,0.72547716,0.6516165626772547
6401,1.0,0.9908424908424909
6402,1.0,0.09417326859187325
6403,1.0,0.94
6404,1.0,0.9908424908424909
6405,0.9542222,0.9013755833947433
6406,0.94748074,0.2811704834605598
6407,1.0,0.8806096528365792
6408,1.0,0.7674603174603175
6409,1.0,0.9880952380952381
6410,1.0,0.9880952380952381
6411,1.0,0.9675967596759676
6412,1.0,0.307286166842661
6413,1.0,0.9180050718512257
6414,0.9393767,0.5891980360065466
6415,1.0,0.9880952380952381
6416,1.0,0.09990258686004978
6417,1.0,0.675032175032175
6418,0.92576474,0.8762068225702639
6419,1.0,0.9908424908424909
6420,1.0,0.9908424908424909
6421,1.0,0.9908424908424909
6422,1.0,0.9908424908424909
6423,1.0,0.9900271985494107
6424,1.0,0.18708765315739867
6425,0.9989804,0.22691500524658972
6426,0.25729012,0.31308900523560207
6427,1.0,0.44499723604201213
6428,1.0,0.9908424908424909
6429,1.0,0.9908424908424909
6430,0.9994075,0.11026175584896919
6431,1.0,0.8833034111310593
6432,0.89673066,0.4430132259919494
6433,1.0,0.9908424908424909
6434,1.0,0.9871912168344007
6435,1.0,0.8860971524288107
6436,1.0,0.11632682998386387
6437,0.9983827,0.11935978205346501
6438,1.0,0.9908424908424909
6439,1.0,0.14221928228873823
6440,1.0,0.8193548387096774
6441,1.0,0.7688603531300161
6442,1.0,0.09692646596034826
6443,0.12214876,0.08063955509210984
6444,1.0,0.07623746617857712
6445,0.99996036,0.14851150202976995
6446,0.9419052,0.7406433098170513
6447,0.21251309,0.3003327787021631
6448,1.0,0.7069306930693069
6449,1.0,0.9908424908424909
6450,1.0,0.9908424908424909
6451,1.0,0.9571167883211679
6452,1.0,0.9908424908424909
6453,1.0,0.8544520547945206
6454,1.0,0.9908424908424909
6455,1.0,0.416403785488959
6456,1.0,0.9908424908424909
6457,1.0,0.8808724832214765
6458,1.0,0.9818181818181818
6459,1.0,0.9675967596759676
6460,1.0,0.03028233151183971
6461,1.0,0.10165369649805447
6462,1.0,0.12475273638401688
6463,1.0,0.9908424908424909
6464,1.0,0.2657757980697847
6465,1.0,0.9908424908424909
6466,1.0,0.48965169106511863
6467,1.0,0.9908424908424909
6468,1.0,0.4188880426504189
6469,1.0,0.09237343852728468
6470,1.0,0.9871912168344007
6471,1.0,0.9771897810218978
6472,1.0,0.9880952380952381
6473,1.0,0.2333000997008973
6474,1.0,0.9908424908424909
6475,1.0,0.9872029250457038
6476,1.0,0.9908424908424909
6477,0.93588823,0.6659136212624585
6478,1.0,0.9908424908424909
6479,1.0,0.9473214285714285
6480,1.0,0.9880952380952381
6481,1.0,0.166343669250646
6482,1.0,0.9908424908424909
6483,1.0,0.08635097493036212
6484,1.0,0.9908424908424909
6485,1.0,0.9736123748862603
6486,1.0,0.9880952380952381
6487,1.0,0.9908424908424909
6488,1.0,0.06479187314172448
6489,1.0,0.9890210430009149
6490,1.0,0.9908424908424909
6491,1.0,0.9908424908424909
6492,0.99463755,0.14819241111443082
6493,1.0,0.9880952380952381
6494,1.0,0.9908424908424909
6495,0.99999994,0.10026995757809487
6496,0.9199751,0.9472489460598854
6497,1.0,0.9790337283500455
6498,1.0,0.9675967596759676
6499,1.0,0.9908424908424909
6500,1.0,0.9880952380952381
6501,0.99997,0.14807930607187111
6502,1.0,0.07651414467438769
6503,1.0,0.9871794871794872
6504,1.0,0.6827731092436975
6505,1.0,0.9908424908424909
6506,1.0,0.9880952380952381
6507,1.0,0.822260569456428
6508,1.0,0.9908424908424909
6509,1.0,0.9908424908424909
6510,1.0,0.9908424908424909
6511,1.0,0.9908424908424909
6512,1.0,0.7674597083653109
6513,1.0,0.8570234113712375
6514,1.0,0.9908424908424909
6515,1.0,0.9880952380952381
6516,1.0,0.9908424908424909
6517,1.0,0.7542857142857143
6518,1.0,0.2717687074829932
6519,1.0,0.175064838829196
6520,1.0,0.9908424908424909
6521,1.0,0.9908424908424909
6522,0.9994527,0.16666666666666666
6523,0.99999994,0.9519572953736655
6524,1.0,0.9908424908424909
6525,1.0,0.9908424908424909
6526,1.0,0.2161431948665991
6527,0.9999997,0.2967171717171717
6528,1.0,0.10779861796643633
6529,1.0,0.9908424908424909
6530,1.0,0.9908424908424909
6531,1.0,0.9880952380952381
6532,0.9999967,0.1781880635465865
6533,1.0,0.741112828438949
6534,1.0,0.9908424908424909
6535,0.81346315,0.6164317552102156
6536,1.0,0.9908424908424909
6537,1.0,0.9880952380952381
6538,1.0,0.9908424908424909
6539,0.99999994,0.9908424908424909
6540,1.0,0.9644160583941606
6541,1.0,0.9657348963029756
6542,1.0,0.98992673992674
6543,0.9999969,0.1654357459379616
6544,1.0,0.4133148404993065
6545,1.0,0.9908424908424909
6546,1.0,0.10304449648711944
6547,1.0,0.039499413375048885
6548,1.0,0.9150779896013865
6549,1.0,0.9908424908424909
6550,1.0,0.9908424908424909
6551,1.0,0.9908424908424909
6552,1.0,0.9599271402550091
6553,0.8235588,0.5138030490317265
6554,1.0,0.9862637362637363
6555,1.0,0.8764607679465777
6556,1.0,0.9908424908424909
6557,1.0,0.2311148553777029
6558,1.0,0.9836065573770492
6559,0.8790909,0.49718076285240465
6560,1.0,0.9880952380952381
6561,1.0,0.9880952380952381
6562,1.0,0.9908424908424909
6563,1.0,0.7121451104100947
6564,1.0,0.9908424908424909
6565,1.0,0.9908424908424909
6566,1.0,0.9880952380952381
6567,1.0,0.01507208387942333
6568,1.0,0.9771062271062271
6569,1.0,0.9908424908424909
6570,0.95609385,0.907744324585413
6571,1.0,0.11814859926918392
6572,1.0,0.9908424908424909
6573,1.0,0.092694520890668
6574,1.0,0.9621621621621622
6575,1.0,0.9880952380952381
6576,1.0,0.9908424908424909
6577,1.0,0.018867924528301886
6578,1.0,0.8802083333333334
6579,1.0,0.9880952380952381
6580,1.0,0.9908424908424909
6581,1.0,0.9283819628647215
6582,1.0,0.9908424908424909
6583,1.0,0.98992673992674
6584,1.0,0.9880952380952381
6585,1.0,0.8614609571788413
6586,1.0,0.9880952380952381
6587,1.0,0.9908424908424909
6588,1.0,0.23893805309734514
6589,1.0,0.9908424908424909
6590,1.0,0.9908424908424909
6591,1.0,0.9908424908424909
6592,1.0,0.9880952380952381
6593,1.0,0.9908424908424909
6594,1.0,0.5839874411302983
6595,1.0,0.8283400809716599
6596,0.9428214,0.8793482477693004
6597,1.0,0.9908424908424909
6598,1.0,0.9845031905195989
6599,0.64288735,0.7520999353866035
6600,1.0,0.9880952380952381
6601,1.0,0.9908424908424909
6602,1.0,0.9908424908424909
6603,1.0,0.9880952380952381
6604,1.0,0.6062846580406654
6605,1.0,0.9908424908424909
6606,1.0,0.9908424908424909
6607,1.0,0.9880952380952381
6608,1.0,0.9880952380952381
6609,1.0,0.9908424908424909
6610,1.0,0.8644986449864499
6611,1.0,0.8918685121107266
6612,1.0,0.7862068965517242
6613,0.9998437,0.3442768411712511
6614,1.0,0.98992673992674
6615,1.0,0.9908424908424909
6616,1.0,0.25929127052722556
6617,1.0,0.9238263950398583
6618,0.8682183,0.3650548431948092
6619,1.0,0.9908424908424909
6620,0.99904186,0.09329929802169751
6621,1.0,0.05561039815728858
6622,1.0,0.9908424908424909
6623,1.0,0.9880952380952381
6624,0.99999976,0.4694903086862886
6625,1.0,0.962059620596206
6626,1.0,0.9584837545126353
6627,1.0,0.5172413793103449
6628,1.0,0.9908424908424909
6629,0.3079293,0.06349451568051907
6630,1.0,0.8856181665264928
6631,1.0,0.9908424908424909
6632,1.0,0.08313226584777364
6633,0.9999983,0.2690531177829099
6634,1.0,0.2171806167400881
6635,1.0,0.9972350230414746
6636,1.0,0.8311229000884174
6637,1.0,0.9908424908424909
6638,1.0,0.9917506874427131
6639,1.0,0.7891097666378565
6640,0.7741479,0.29890453834115804
6641,1.0,0.9908424908424909
6642,0.8562697,0.5858860023264831
6643,1.0,0.9908424908424909
6644,1.0,0.88917089678511
6645,1.0,0.11659965537047674
6646,1.0,0.3577557755775578
6647,1.0,0.9908424908424909
6648,1.0,0.9561717352415027
6649,1.0,0.9908424908424909
6650,1.0,0.5898226676946801
6651,0.9999495,0.16102165463631316
6652,1.0,0.9908424908424909
6653,1.0,0.8286852589641435
6654,1.0,0.9908424908424909
6655,1.0,0.984360625574977
6656,1.0,0.36854103343465044
6657,1.0,0.9908424908424909
6658,1.0,0.9908424908424909
6659,0.68007374,0.21576308367282984
6660,0.99999875,0.412771560236998
6661,1.0,0.9908424908424909
6662,0.9999907,0.4559289790741915
6663,1.0,0.9908424908424909
6664,1.0,0.9880952380952381
6665,1.0,0.9908424908424909
6666,1.0,0.9908424908424909
6667,1.0,0.9880952380952381
6668,1.0,0.9640933572710951
6669,1.0,0.714072154674108
6670,1.0,0.9908424908424909
6671,0.99972856,0.05099081681971967
6672,1.0,0.9020618556701031
6673,1.0,0.1191095391657131
6674,1.0,0.9880952380952381
6675,1.0,0.9972350230414746
6676,1.0,0.9908424908424909
6677,1.0,0.08024579793963492
6678,1.0,0.9908424908424909
6679,1.0,0.09368541905855339
6680,0.890634,0.8095064429856552
6681,1.0,0.8811475409836066
6682,1.0,0.9224062772449869
6683,1.0,0.9908424908424909
6684,0.6848222,0.38534278959810875
6685,0.71784115,0.6020343959731543
6686,1.0,0.9908424908424909
6687,1.0,0.9854014598540146
6688,1.0,0.3341902313624679
6689,1.0,0.971996386630533
6690,1.0,0.9880843263061412
6691,1.0,0.9513513513513514
6692,1.0,0.9908424908424909
6693,0.51460356,0.08256880733944955
6694,1.0,0.9908424908424909
6695,0.9999981,0.1152692815161329
6696,1.0,0.9872029250457038
6697,1.0,0.4493712772998015
6698,1.0,0.992653810835629
6699,0.9955717,0.4756818181818182
6700,1.0,0.9908424908424909
6701,1.0,0.03529411764705882
6702,1.0,0.9908424908424909
6703,0.33512825,0.3029686864579097
6704,1.0,0.7847790507364976
6705,1.0,0.9755434782608695
6706,0.99997807,0.11732245681381957
6707,1.0,0.8066666666666666
6708,1.0,0.9440993788819876
6709,1.0,0.9908424908424909
6710,1.0,0.9649595687331537
6711,1.0,0.9908424908424909
6712,1.0,0.9908424908424909
6713,1.0,0.09929736179239029
6714,1.0,0.9224062772449869
6715,1.0,0.10449859418931584
6716,0.66899747,0.2895500725689405
6717,1.0,0.9799270072992701
6718,1.0,0.35774522858411006
6719,1.0,0.9908424908424909
6720,1.0,0.9908424908424909
6721,1.0,0.9972350230414746
6722,1.0,0.252262443438914
6723,1.0,0.9908424908424909
6724,1.0,0.9908424908424909
6725,1.0,0.7353177795655672
6726,0.8636248,0.5508249068653539
6727,1.0,0.04922336469043973
6728,1.0,0.9908424908424909
6729,1.0,0.9899175068744271
6730,1.0,0.0673076923076923
6731,1.0,0.9908424908424909
6732,1.0,0.8482871125611745
6733,0.9207826,0.9172645739910313
6734,1.0,0.9880952380952381
6735,0.90509766,0.580790660652693
6736,1.0,0.9908424908424909
6737,0.57940733,0.3891166077738516
6738,1.0,0.18665067945643485
6739,1.0,0.9248055315471045
6740,1.0,0.9908424908424909
6741,1.0,0.9908424908424909
6742,1.0,0.9908424908424909
6743,1.0,0.40714285714285714
6744,1.0,0.9908424908424909
6745,1.0,0.8707191780821918
6746,1.0,0.9908424908424909
6747,1.0,0.9880952380952381
6748,1.0,0.8856382978723404
6749,1.0,0.8283082077051926
6750,1.0,0.3388042203985932
6751,1.0,0.9908424908424909
6752,1.0,0.9880952380952381
6753,1.0,0.11046184964602765
6754,0.9999884,0.17568692756036636
6755,1.0,0.21444746376811594
6756,1.0,0.22983970406905055
6757,1.0,0.9468641114982579
6758,1.0,0.8910638297872341
6759,1.0,0.9908424908424909
6760,1.0,0.08421985815602837
6761,1.0,0.9880843263061412
6762,1.0,0.11114404267931238
6763,1.0,0.9863263445761167
6764,1.0,0.7558609539207761
6765,1.0,0.9880952380952381
6766,1.0,0.9908424908424909
6767,1.0,0.9511111111111111
6768,1.0,0.9430604982206405
6769,0.99999994,0.9908424908424909
6770,1.0,0.22427035330261136
6771,1.0,0.989010989010989
6772,1.0,0.060410793395086586
6773,1.0,0.9908424908424909
6774,1.0,0.4741442097596504
6775,1.0,0.3180722891566265
6776,1.0,0.9908424908424909
6777,1.0,0.9908424908424909
6778,1.0,0.9908424908424909
6779,1.0,0.9667565139263252
6780,1.0,0.9908424908424909
6781,1.0,0.9908424908424909
6782,1.0,0.1693207669808255
6783,1.0,0.15446114486728493
6784,1.0,0.173866322802493
6785,1.0,0.996316758747698
6786,0.92365396,0.7061542906674372
6787,0.99999994,0.9908424908424909
6788,1.0,0.9908424908424909
6789,1.0,0.9908424908424909
6790,1.0,0.14221928228873823
6791,1.0,0.036996336996337
6792,1.0,0.9658273381294964
6793,1.0,0.9908424908424909
6794,1.0,0.1437518205651034
6795,1.0,0.9908424908424909
6796,1.0,0.9908424908424909
6797,1.0,0.03743769222611094
6798,1.0,0.9908424908424909
6799,1.0,0.9908424908424909
6800,1.0,0.9584837545126353
6801,1.0,0.9908424908424909
6802,1.0,0.989935956084172
6803,0.8154272,0.7453321754233608
6804,1.0,0.9348017621145375
6805,1.0,0.9880952380952381
6806,0.7344061,0.8075097108329736
6807,1.0,0.9110535405872193
6808,1.0,0.9880952380952381
6809,1.0,0.3904899135446686
6810,1.0,0.756021756021756
6811,1.0,0.9908424908424909
6812,1.0,0.9908424908424909
6813,1.0,0.9880952380952381
6814,1.0,0.9908424908424909
6815,1.0,0.4078460399703923
6816,1.0,0.9880952380952381
6817,1.0,0.9880952380952381
6818,1.0,0.9908424908424909
6819,1.0,0.9908424908424909
6820,1.0,0.98992673992674
6821,1.0,0.26105563480741795
6822,1.0,0.9908424908424909
6823,1.0,0.9880952380952381
6824,1.0,0.9880952380952381
6825,1.0,0.9908424908424909
6826,1.0,0.9908424908424909
6827,0.9948969,0.11691696661288321
6828,1.0,0.9908424908424909
6829,1.0,0.9880952380952381
6830,1.0,0.9908424908424909
6831,1.0,0.9880952380952381
6832,1.0,0.9908424908424909
6833,1.0,0.9863013698630136
6834,1.0,0.8910638297872341
6835,1.0,0.9406028368794326
6836,1.0,0.9649595687331537
6837,1.0,0.9908424908424909
6838,1.0,0.9908424908424909
6839,1.0,0.9908424908424909
6840,1.0,0.09588744588744588
6841,1.0,0.9881061299176578
6842,1.0,0.7503937007874015
6843,1.0,0.048384970336189846
6844,1.0,0.9908424908424909
6845,1.0,0.9495949594959496
6846,1.0,0.9908424908424909
6847,1.0,0.9908424908424909
6848,0.9796473,0.6012763596004439
6849,1.0,0.10239287701725097
6850,1.0,0.9880952380952381
6851,1.0,0.9908424908424909
6852,1.0,0.9908424908424909
6853,1.0,0.9908424908424909
6854,1.0,0.9880952380952381
6855,1.0,0.9908424908424909
6856,1.0,0.03625632377740304
6857,1.0,0.9908424908424909
6858,1.0,0.852263023057216
6859,0.8614967,0.7966761491241203
6860,1.0,0.9908424908424909
6861,1.0,0.9908424908424909
6862,1.0,0.4906785980611484
6863,0.9669366,0.9236577181208053
6864,1.0,0.9889908256880734
6865,1.0,0.9880952380952381
6866,1.0,0.9908424908424909
6867,1.0,0.08904109589041095
6868,1.0,0.9818181818181818
6869,1.0,0.833063209076175
6870,1.0,0.9908424908424909
6871,1.0,0.9917506874427131
6872,1.0,0.1470019342359768
6873,1.0,0.9908424908424909
6874,1.0,0.951627088830255
6875,1.0,0.9908424908424909
6876,0.89554536,0.9321847140138235
6877,1.0,0.9908424908424909
6878,1.0,0.9908424908424909
6879,1.0,0.9908424908424909
6880,1.0,0.9599271402550091
6881,1.0,0.9036777583187391
6882,1.0,0.9908424908424909
6883,0.7906105,0.861634450697333
6884,1.0,0.11988950276243093
6885,1.0,0.9908424908424909
6886,1.0,0.9474153297682709
6887,1.0,0.996316758747698
6888,0.99939626,0.1521219366407651
6889,1.0,0.1771726340561439
6890,1.0,0.1643298969072165
6891,1.0,0.11582900057770075
6892,1.0,0.9935543278084714
6893,1.0,0.9790718835304822
6894,1.0,0.9880952380952381
6895,1.0,0.9908424908424909
6896,1.0,0.9880952380952381
6897,1.0,0.9908424908424909
6898,1.0,0.9908424908424909
6899,1.0,0.06936114732724902
6900,1.0,0.98992673992674
6901,1.0,0.8556016597510373
6902,1.0,0.09330430048992923
6903,0.9634311,0.18712535835287986
6904,1.0,0.9908424908424909
6905,0.8685423,0.16756156267357897
6906,1.0,0.9908424908424909
6907,1.0,0.40206669798027245
6908,1.0,0.9908424908424909
6909,1.0,0.9835766423357665
6910,1.0,0.9908424908424909
6911,1.0,0.8764607679465777
6912,1.0,0.9880952380952381
6913,1.0,0.9863138686131386
6914,1.0,0.9908424908424909
6915,1.0,0.034638032559750606
6916,1.0,0.9908424908424909
6917,0.96425253,0.6909815878972675
6918,1.0,0.9329805996472663
6919,1.0,0.27172144484217375
6920,1.0,0.9908424908424909
6921,1.0,0.9880952380952381
6922,1.0,0.9908424908424909
6923,0.99999565,0.17436537661256762
6924,1.0,0.9880952380952381
6925,1.0,0.9908424908424909
6926,1.0,0.05840832892182813
6927,1.0,0.9908424908424909
6928,0.99923754,0.11708976071905745
6929,1.0,0.9908424908424909
6930,1.0,0.9908424908424909
6931,1.0,0.9863013698630136
6932,1.0,0.9908424908424909
6933,1.0,0.9908424908424909
6934,1.0,0.9908424908424909
6935,0.9623319,0.5931117340808971
6936,1.0,0.9862888482632541
6937,1.0,0.9900271985494107
6938,0.9999963,0.20669110907424382
6939,1.0,0.9880952380952381
6940,1.0,0.9917506874427131
6941,1.0,0.9908424908424909
6942,0.48898944,0.8883504746835443
6943,1.0,0.9908424908424909
6944,1.0,0.034774130646733833
6945,1.0,0.9908424908424909
6946,1.0,0.8990509059534081
6947,1.0,0.9880952380952381
6948,1.0,0.9441489361702128
6949,1.0,0.4188880426504189
6950,1.0,0.9908424908424909
6951,1.0,0.9880952380952381
6952,1.0,0.9908424908424909
6953,1.0,0.9247594050743657
6954,1.0,0.13842592592592592
6955,1.0,0.1356341428774322
6956,0.9248806,0.6553784860557769
6957,1.0,0.989935956084172
6958,1.0,0.9908424908424909
6959,1.0,0.9908424908424909
6960,1.0,0.9908424908424909
6961,1.0,0.7986798679867987
6962,1.0,0.9817684594348223
6963,0.99999994,0.9908424908424909
6964,1.0,0.9908424908424909
6965,1.0,0.9474153297682709
6966,1.0,0.9908424908424909
6967,0.61010844,0.283529570983895
6968,1.0,0.8880208333333334
6969,1.0,0.9908424908424909
6970,1.0,0.9908424908424909
6971,1.0,0.9654231119199272
6972,1.0,0.9592391304347826
6973,1.0,0.9908424908424909
6974,0.9970373,0.06162657502863689
6975,1.0,0.9908424908424909
6976,0.99999994,0.9880952380952381
6977,1.0,0.9908424908424909
6978,1.0,0.9645704162976085
6979,1.0,0.5335689045936396
6980,1.0,0.9735159817351599
6981,1.0,0.7304964539007093
6982,1.0,0.7630853994490359
6983,1.0,0.08059458831726861
6984,0.99999905,0.22658294086865516
6985,1.0,0.9908424908424909
6986,1.0,0.9908424908424909
6987,0.9640544,0.9358316221765913
6988,1.0,0.9908424908424909
6989,1.0,0.4833232261976956
6990,0.86313665,0.8187281468531469
6991,1.0,0.9545454545454546
6992,1.0,0.9908424908424909
6993,1.0,0.9746606334841629
6994,1.0,0.5897244973938943
6995,1.0,0.9880952380952381
6996,1.0,0.994475138121547
6997,1.0,0.9908424908424909
6998,1.0,0.9908424908424909
6999,1.0,0.9880952380952381
7000,1.0,0.9880952380952381
7001,1.0,0.9880952380952381
7002,1.0,0.9908424908424909
7003,0.92365885,0.11254129171887459
7004,1.0,0.9944802207911684
7005,1.0,0.9908424908424909
7006,1.0,0.9908424908424909
7007,1.0,0.9880952380952381
7008,1.0,0.9908424908424909
7009,1.0,0.9908424908424909
7010,1.0,0.9817850637522769
7011,1.0,0.9880952380952381
7012,1.0,0.880672268907563
7013,1.0,0.9036777583187391
7014,1.0,0.9908424908424909
7015,1.0,0.9023972602739726
7016,1.0,0.9880952380952381
7017,1.0,0.683641975308642
7018,1.0,0.10746513535684987
7019,0.91997916,0.7566457748000864
7020,1.0,0.838272650296359
7021,1.0,0.9908424908424909
7022,1.0,0.8685092127303182
7023,1.0,0.0620927558451514
7024,1.0,0.9908424908424909
7025,1.0,0.98992673992674
7026,1.0,0.08514392853203927
7027,1.0,0.9061433447098977
7028,1.0,0.07219442458899214
7029,1.0,0.9908424908424909
7030,1.0,0.9954001839926403
7031,1.0,0.9908424908424909
7032,1.0,0.9527207850133809
7033,1.0,0.9588182632050134
7034,1.0,0.4521604938271605
7035,1.0,0.9908424908424909
7036,0.7511308,0.8848251523901187
7037,1.0,0.9818016378525932
7038,1.0,0.996316758747698
7039,1.0,0.9595323741007195
7040,1.0,0.9880952380952381
7041,0.932536,0.9197103955046466
7042,1.0,0.36127167630057805
7043,1.0,0.9391534391534392
7044,1.0,0.9908424908424909
7045,1.0,0.9908424908424909
7046,1.0,0.8440292445166532
7047,1.0,0.9908424908424909
7048,1.0,0.9880952380952381
7049,1.0,0.9908424908424909
7050,1.0,0.6653726708074534
7051,1.0,0.9880952380952381
7052,1.0,0.9908424908424909
7053,1.0,0.9908424908424909
7054,1.0,0.9880952380952381
7055,1.0,0.9908424908424909
7056,1.0,0.9083557951482479
7057,1.0,0.9748427672955975
7058,1.0,0.1176182907445898
7059,1.0,0.9880952380952381
7060,1.0,0.9908424908424909
7061,1.0,0.9643183897529735
7062,1.0,0.42945075757575757
7063,1.0,0.9908424908424909
7064,1.0,0.9908424908424909
7065,1.0,0.9908424908424909
7066,1.0,0.9880952380952381
7067,1.0,0.9880952380952381
7068,1.0,0.9908424908424909
7069,0.9983112,0.09904205228121449
7070,1.0,0.9908424908424909
7071,1.0,0.9880952380952381
7072,1.0,0.7336244541484717
7073,1.0,0.9817684594348223
7074,1.0,0.9908424908424909
7075,1.0,0.9908424908424909
7076,1.0,0.9880952380952381
7077,1.0,0.941541186891054
7078,1.0,0.08506201295137746
7079,0.9298949,0.7697339729611862
7080,1.0,0.9908424908424909
7081,1.0,0.989010989010989
7082,1.0,0.9908424908424909
7083,1.0,0.05851755526657997
7084,1.0,0.10264439805149617
7085,1.0,0.9560143626570916
7086,1.0,0.9908424908424909
7087,1.0,0.9908424908424909
7088,1.0,0.989010989010989
7089,1.0,0.9908424908424909
7090,1.0,0.10428113553113554
7091,1.0,0.9890210430009149
7092,1.0,0.9881061299176578
7093,1.0,0.9719710669077758
7094,1.0,0.9880952380952381
7095,1.0,0.9908424908424909
7096,0.87302405,0.4954509715826126
7097,1.0,0.9908424908424909
7098,1.0,0.10824535614058532
7099,1.0,0.2333000997008973
7100,1.0,0.03991099986093728
7101,1.0,0.7068166776968895
7102,1.0,0.9880952380952381
7103,1.0,0.9908424908424909
7104,1.0,0.9908424908424909
7105,1.0,0.0824165578966996
7106,1.0,0.9908424908424909
7107,1.0,0.9808743169398907
7108,0.9040848,0.9445091602245049
7109,1.0,0.9908424908424909
7110,1.0,0.9606946983546618
7111,1.0,0.2708902239213545
7112,1.0,0.9935543278084714
7113,1.0,0.9908424908424909
7114,1.0,0.09467574059247398
7115,1.0,0.9908424908424909
7116,0.92767566,0.7920061660427219
7117,1.0,0.9908424908424909
7118,1.0,0.05760990318996985
7119,1.0,0.6322020520915549
7120,1.0,0.11538461538461539
7121,1.0,0.9862888482632541
7122,1.0,0.989010989010989
7123,1.0,0.9908424908424909
7124,1.0,0.9206927985414768
7125,1.0,0.9908424908424909
7126,1.0,0.9844748858447488
7127,1.0,0.9908424908424909
7128,0.9047264,0.37883736120182887
7129,0.91462046,0.6033734939759036
7130,1.0,0.7661647475642162
7131,1.0,0.9908424908424909
7132,1.0,0.12364647351477905
7133,1.0,0.9908424908424909
7134,1.0,0.9908424908424909
7135,1.0,0.9908424908424909
7136,1.0,0.10702231899836691
7137,1.0,0.9908424908424909
7138,1.0,0.9908424908424909
7139,1.0,0.9908424908424909
7140,1.0,0.9908424908424909
7141,1.0,0.9880952380952381
7142,0.99999946,0.4917541229385307
7143,1.0,0.9621621621621622
7144,1.0,0.11654349061967027
7145,1.0,0.9908424908424909
7146,1.0,0.9890210430009149
7147,1.0,0.24604847207586933
7148,1.0,0.9880952380952381
7149,1.0,0.9908424908424909
7150,1.0,0.9908424908424909
7151,0.9378561,0.7526096033402923
7152,1.0,0.896431679721497
7153,1.0,0.9880952380952381
7154,1.0,0.9908424908424909
7155,1.0,0.9963369963369964
7156,1.0,0.9908424908424909
7157,1.0,0.1390484003281378
7158,0.9999996,0.312192118226601
7159,1.0,0.1376889848812095
7160,1.0,0.8912489379779099
7161,1.0,0.5597345132743363
7162,1.0,0.27257355427798446
7163,0.99999994,0.9908424908424909
7164,1.0,0.8331983805668016
7165,1.0,0.9818016378525932
7166,1.0,0.98992673992674
7167,0.99456793,0.07989562624254473
7168,1.0,0.98992673992674
7169,1.0,0.9908424908424909
7170,1.0,0.9742647058823529
7171,1.0,0.9853613906678865
7172,0.91040176,0.8615873015873016
7173,0.97931427,0.7367119901112484
7174,1.0,0.5973101265822784
7175,1.0,0.9354553492484527
7176,1.0,0.08441116405718176
7177,1.0,0.9908424908424909
7178,1.0,0.867056856187291
7179,1.0,0.9908424908424909
7180,1.0,0.13946117274167988
7181,1.0,0.4489208633093525
7182,1.0,0.0785663082437276
7183,1.0,0.9501779359430605
7184,1.0,0.9908424908424909
7185,1.0,0.9252577319587629
7186,1.0,0.9908424908424909
7187,1.0,0.8459574468085106
7188,0.7928292,0.707314013298206
7189,0.99984425,0.1354486523370863
7190,1.0,0.7246262785208497
7191,1.0,0.9908424908424909
7192,1.0,0.9880952380952381
7193,1.0,0.989010989010989
7194,1.0,0.9908424908424909
7195,0.905296,0.6340807174887892
7196,1.0,0.9908424908424909
7197,1.0,0.9908424908424909
7198,1.0,0.9880952380952381
7199,1.0,0.9908424908424909
7200,1.0,0.13957446808510637
7201,1.0,0.8726981585268214
7202,0.86641324,0.5033889468196038
7203,1.0,0.9880952380952381
7204,1.0,0.12155837004405286
7205,1.0,0.9527207850133809
7206,1.0,0.9880952380952381
7207,1.0,0.9908424908424909
7208,1.0,0.07392120075046904
7209,0.43437493,0.5715132827324478
7210,1.0,0.9880952380952381
7211,1.0,0.8910638297872341
7212,1.0,0.11170989109689008
7213,1.0,0.9908424908424909
7214,1.0,0.09959681813228724
7215,1.0,0.9908424908424909
7216,1.0,0.98992673992674
7217,1.0,0.9908424908424909
7218,1.0,0.9908424908424909
7219,1.0,0.9972247918593895
7220,1.0,0.9908424908424909
7221,1.0,0.45952197378565923
7222,1.0,0.8582408198121264
7223,1.0,0.9908424908424909
7224,1.0,0.989010989010989
7225,1.0,0.9908424908424909
7226,1.0,0.9908424908424909
7227,1.0,0.9836512261580381
7228,1.0,0.15656229180546302
7229,1.0,0.9375
7230,1.0,0.9880952380952381
7231,1.0,0.9908424908424909
7232,1.0,0.8165938864628821
7233,1.0,0.05784291787872007
7234,1.0,0.9818181818181818
7235,1.0,0.3240343347639485
7236,1.0,0.9908424908424909
7237,1.0,0.3338802296964725
7238,1.0,0.9908424908424909
7239,1.0,0.9322183098591549
7240,1.0,0.9880952380952381
7241,1.0,0.9890009165902841
7242,1.0,0.43248945147679324
7243,1.0,0.9880952380952381
7244,1.0,0.8146487294469357
7245,1.0,0.9880952380952381
7246,1.0,0.8246484698097601
7247,1.0,0.9908424908424909
7248,1.0,0.9880952380952381
7249,1.0,0.9880952380952381
7250,1.0,0.08468271334792123
7251,0.71205825,0.7953742736698188
7252,1.0,0.9908424908424909
7253,1.0,0.7937116564417178
7254,0.9999719,0.09264685363471467
7255,1.0,0.9908424908424909
7256,1.0,0.0774764803541782
7257,1.0,0.2634146341463415
7258,1.0,0.9908424908424909
7259,1.0,0.9908424908424909
7260,1.0,0.26247070639437564
7261,1.0,0.9880952380952381
7262,1.0,0.9908424908424909
7263,1.0,0.9381078691423519
7264,1.0,0.9845173041894353
7265,1.0,0.8990509059534081
7266,0.7300909,0.8646905876235049
7267,0.73888665,0.1657397107897664
7268,1.0,0.0561303103675985
7269,0.84631467,0.5429930479326747
7270,1.0,0.3904899135446686
7271,1.0,0.9908424908424909
7272,1.0,0.9880952380952381
7273,1.0,0.881342062193126
7274,1.0,0.9908424908424909
7275,1.0,0.9890009165902841
7276,0.99999994,0.3568521031207598
7277,1.0,0.10583665983385479
7278,1.0,0.9908424908424909
7279,1.0,0.9790909090909091
7280,1.0,0.06041900486344931
7281,1.0,0.9908424908424909
7282,1.0,0.9057412167952014
7283,0.57125735,0.4440278521692555
7284,1.0,0.9908424908424909
7285,0.9999812,0.09932385171368617
7286,1.0,0.8226351351351351
7287,0.37588578,0.03759398496240601
7288,0.9468323,0.6496350364963503
7289,1.0,0.9890009165902841
7290,1.0,0.9908424908424909
7291,1.0,0.989010989010989
7292,0.936694,0.743740010655301
7293,1.0,0.8949243098842387
7294,0.8314929,0.2766747790444473
7295,1.0,0.43420015760441294
7296,1.0,0.9908424908424909
7297,0.99999684,0.13587487781036167
7298,1.0,0.9908424908424909
7299,1.0,0.9908424908424909
7300,1.0,0.9917506874427131
7301,1.0,0.05368060650525801
7302,1.0,0.9908424908424909
7303,1.0,0.6029900332225914
7304,1.0,0.9908424908424909
7305,1.0,0.9880952380952381
7306,1.0,0.9908424908424909
7307,1.0,0.485813837730214
7308,0.8966026,0.7295466388744137
7309,1.0,0.9908424908424909
7310,1.0,0.9918032786885246
7311,0.60130197,0.8246153846153846
7312,0.99048513,0.14844017826534112
7313,1.0,0.9576816927322908
7314,0.98909104,0.08455114822546973
7315,0.99734765,0.08385876418663304
7316,0.99918145,0.17136204889406287
7317,1.0,0.9908424908424909
7318,1.0,0.9880952380952381
7319,1.0,0.9908424908424909
7320,1.0,0.5693923480870218
7321,1.0,0.1507607192254495
7322,1.0,0.5686666666666667
7323,1.0,0.9908424908424909
7324,0.92511714,0.8838574423480083
7325,1.0,0.9908424908424909
7326,1.0,0.9880952380952381
7327,1.0,0.11529998533079067
7328,1.0,0.9908424908424909
7329,1.0,0.9880952380952381
7330,1.0,0.88917089678511
7331,1.0,0.9908424908424909
7332,1.0,0.9908424908424909
7333,1.0,0.9908424908424909
7334,1.0,0.11079086926446853
7335,1.0,0.966726618705036
7336,1.0,0.9908424908424909
7337,1.0,0.9908424908424909
7338,1.0,0.8837606837606837
7339,1.0,0.9908424908424909
7340,1.0,0.90754877014419
7341,1.0,0.9908424908424909
7342,1.0,0.056366494498091176
7343,0.8692943,0.21677866897897247
7344,0.25182435,0.11798780487804877
7345,1.0,0.9908424908424909
7346,0.9964561,0.09537741369221767
7347,1.0,0.14009661835748793
7348,0.9334501,0.9128186628186629
7349,0.3426632,0.43164741504990467
7350,1.0,0.9880952380952381
7351,1.0,0.9908424908424909
7352,1.0,0.968065693430657
7353,1.0,0.8314332247557004
7354,1.0,0.980909090909091
7355,1.0,0.9618874773139746
7356,1.0,0.9614695340501792
7357,1.0,0.9908424908424909
7358,1.0,0.9908424908424909
7359,1.0,0.9908424908424909
7360,1.0,0.9908424908424909
7361,0.9283835,0.7675028079371022
7362,1.0,0.9346866725507502
7363,1.0,0.653125
7364,1.0,0.9880952380952381
7365,1.0,0.9908424908424909
7366,1.0,0.9908424908424909
7367,1.0,0.13611365719523372
7368,1.0,0.9908424908424909
7369,1.0,0.886695278969957
7370,1.0,0.9880952380952381
7371,0.99999887,0.18537258509659613
7372,1.0,0.9908424908424909
7373,1.0,0.9836512261580381
7374,1.0,0.9880952380952381
7375,0.24778318,0.19699021820917983
7376,1.0,0.9697802197802198
7377,1.0,0.8898377455166524
7378,1.0,0.9880952380952381
7379,1.0,0.9880952380952381
7380,1.0,0.1044043675622623
7381,1.0,0.9425287356321839
7382,1.0,0.9880952380952381
7383,1.0,0.9908424908424909
7384,1.0,0.5806697108066972
7385,1.0,0.9184027777777778
7386,1.0,0.9800543970988214
7387,1.0,0.08088040307610714
7388,1.0,0.9908424908424909
7389,1.0,0.9392314566577301
7390,1.0,0.9899082568807339
7391,1.0,0.9441489361702128
7392,1.0,0.9908424908424909
7393,1.0,0.9908424908424909
7394,1.0,0.9908424908424909
7395,1.0,0.7701647875108413
7396,1.0,0.9640933572710951
7397,1.0,0.9908424908424909
7398,0.9364466,0.3224131757966344
7399,1.0,0.9881170018281535
7400,1.0,0.9908424908424909
7401,1.0,0.10238233585124927
7402,1.0,0.15447687766480814
7403,1.0,0.05010938639441608
7404,1.0,0.9908424908424909
7405,1.0,0.09451185572748524
7406,1.0,0.9908424908424909
7407,1.0,0.9908424908424909
7408,1.0,0.9397163120567376
7409,1.0,0.911993097497843
7410,1.0,0.9445438282647585
7411,1.0,0.6577708006279435
7412,1.0,0.026188835286009647
7413,1.0,0.8273381294964028
7414,1.0,0.9908340971585701
7415,1.0,0.989010989010989
7416,1.0,0.9908424908424909
7417,1.0,0.9908424908424909
7418,1.0,0.9908424908424909
7419,1.0,0.98992673992674
7420,1.0,0.05074328187535735
7421,0.9999971,0.16738197424892703
7422,1.0,0.9908424908424909
7423,1.0,0.9880952380952381
7424,1.0,0.9908424908424909
7425,1.0,0.9790718835304822
7426,1.0,0.9880952380952381
7427,1.0,0.9908172635445363
7428,0.74644554,0.5814834867352463
7429,0.9999998,0.3762922122674018
7430,1.0,0.4431137724550898
7431,1.0,0.9908424908424909
7432,1.0,0.22248911574838612
7433,1.0,0.9880952380952381
7434,1.0,0.8040816326530612
7435,1.0,0.6979969183359014
7436,1.0,0.9908424908424909
7437,1.0,0.98992673992674
7438,1.0,0.9908424908424909
7439,1.0,0.9908424908424909
7440,1.0,0.9316608996539792
7441,0.9995479,0.11732740521180685
7442,1.0,0.08557881346131606
7443,1.0,0.9908424908424909
7444,1.0,0.6231546231546231
7445,1.0,0.9908424908424909
7446,1.0,0.989010989010989
7447,1.0,0.9908424908424909
7448,1.0,0.9908424908424909
7449,0.597056,0.8609724332537443
7450,1.0,0.10741786447638604
7451,1.0,0.9917506874427131
7452,1.0,0.9908424908424909
7453,1.0,0.8120503597122302
7454,1.0,0.18283742992669255
7455,1.0,0.9908424908424909
7456,1.0,0.9880952380952381
7457,1.0,0.07992296581608088
7458,1.0,0.9908424908424909
7459,1.0,0.4547413793103448
7460,0.99996376,0.2537058152793615
7461,1.0,0.9908424908424909
7462,1.0,0.10085100978026165
7463,1.0,0.10340697364918819
7464,1.0,0.03477878054149241
7465,1.0,0.1282798833819242
7466,1.0,0.06667425190579133
7467,1.0,0.8473728106755629
7468,1.0,0.9908424908424909
7469,1.0,0.0879725085910653
7470,1.0,0.09501112170320941
7471,1.0,0.9908424908424909
7472,1.0,0.9880952380952381
7473,1.0,0.9908424908424909
7474,0.84512043,0.6379310344827587
7475,0.8591637,0.8155887577055689
7476,1.0,0.14277652370203162
7477,0.9868532,0.1230721776681061
7478,0.9361847,0.6340007024938532
7479,1.0,0.9899909008189263
7480,0.99998826,0.21987720644666156
7481,1.0,0.9908424908424909
7482,0.9098574,0.49302478253733795
7483,1.0,0.9908424908424909
7484,1.0,0.9872146118721461
7485,1.0,0.9516423357664233
7486,1.0,0.04039743757353902
7487,1.0,0.9151027703306523
7488,1.0,0.9908424908424909
7489,0.9999986,0.37155669442664957
7490,1.0,0.43265993265993263
7491,1.0,0.8614609571788413
7492,1.0,0.9509981851179673
7493,1.0,0.3341902313624679
7494,0.92083323,0.49126413155190135
7495,1.0,0.9880952380952381
7496,1.0,0.9908424908424909
7497,1.0,0.10627506487379099
7498,1.0,0.989010989010989
7499,1.0,0.996316758747698
7500,1.0,0.9881170018281535
7501,1.0,0.9908424908424909
7502,1.0,0.04828448079981822
7503,1.0,0.9908424908424909
7504,1.0,0.9953874538745388
7505,0.9999998,0.31605562579013907
7506,0.91281253,0.8357963875205254
7507,1.0,0.9908424908424909
7508,1.0,0.9087557603686636
7509,1.0,0.9872146118721461
7510,1.0,0.9835766423357665
7511,1.0,0.9908424908424909
7512,0.8385692,0.8421968671436859
7513,1.0,0.9880952380952381
7514,1.0,0.9908424908424909
7515,1.0,0.9871794871794872
7516,1.0,0.9580357142857143
7517,1.0,0.9728997289972899
7518,0.83361113,0.49365721997300943
7519,1.0,0.08093064677724592
7520,1.0,0.9908424908424909
7521,1.0,0.9880952380952381
7522,1.0,0.9981549815498155
7523,1.0,0.9880952380952381
7524,1.0,0.10683906090506975
7525,1.0,0.965547703180212
7526,1.0,0.11359482637424434
7527,1.0,0.9908424908424909
7528,1.0,0.45171588188347966
7529,1.0,0.98359161349134
7530,1.0,0.9306409130816505
7531,0.97216856,0.07344398340248963
7532,1.0,0.9854147675478578
7533,0.96547735,0.9511819681143485
7534,1.0,0.7066666666666667
7535,0.999959,0.15403949730700178
7536,0.99743766,0.0838584585555017
7537,1.0,0.166343669250646
7538,1.0,0.937112488928255
7539,1.0,0.6568
7540,1.0,0.9908424908424909
7541,1.0,0.9880952380952381
7542,1.0,0.989010989010989
7543,1.0,0.730800323362975
7544,1.0,0.4064981949458484
7545,1.0,0.9680073126142597
7546,1.0,0.04273003980332475
7547,1.0,0.9908424908424909
7548,1.0,0.98992673992674
7549,0.3892467,0.9325179249261915
7550,1.0,0.05986721611721612
7551,0.9999999,0.339715873996294
7552,0.5842917,0.5299337582802149
7553,1.0,0.5513447432762836
7554,1.0,0.807843137254902
7555,1.0,0.9908424908424909
7556,1.0,0.9908424908424909
7557,1.0,0.9880952380952381
7558,1.0,0.9908424908424909
7559,0.8881519,0.8753424657534247
7560,1.0,0.9908424908424909
7561,1.0,0.9835766423357665
7562,1.0,0.9908424908424909
7563,1.0,0.9675675675675676
7564,1.0,0.8246484698097601
7565,1.0,0.9908424908424909
7566,1.0,0.9880952380952381
7567,1.0,0.2818330605564648
7568,1.0,0.9880952380952381
7569,1.0,0.9908424908424909
7570,1.0,0.9908424908424909
7571,1.0,0.9880952380952381
7572,1.0,0.175064838829196
7573,0.99968415,0.156712172923777
7574,0.90601194,0.8492857142857143
7575,1.0,0.9880952380952381
7576,1.0,0.9908424908424909
7577,0.7675541,0.5342034911149551
7578,1.0,0.9908424908424909
7579,1.0,0.9908424908424909
7580,1.0,0.9908424908424909
7581,0.9999976,0.28185554903112153
7582,1.0,0.9908424908424909
7583,1.0,0.11231038506417736
7584,1.0,0.9880952380952381
7585,1.0,0.14221928228873823
7586,1.0,0.6396705559368565
7587,1.0,0.9392643284858854
7588,1.0,0.9908424908424909
7589,1.0,0.9880952380952381
7590,1.0,0.9880952380952381
7591,0.742251,0.4413793103448276
7592,1.0,0.10099889012208657
7593,1.0,0.9908424908424909
7594,1.0,0.9908424908424909
7595,1.0,0.008050089445438283
7596,1.0,0.9381625441696113
7597,0.95030123,0.4477745470811899
7598,1.0,0.9880952380952381
7599,1.0,0.06654957064793131
7600,1.0,0.9908424908424909
7601,1.0,0.9880952380952381
7602,1.0,0.98992673992674
7603,1.0,0.9908424908424909
7604,0.9024016,0.6218691085375707
7605,1.0,0.8898377455166524
7606,1.0,0.9908424908424909
7607,1.0,0.9908424908424909
7608,0.99994576,0.11307506053268765
7609,1.0,0.9908424908424909
7610,1.0,0.9908424908424909
7611,1.0,0.9908424908424909
7612,0.87440354,0.5768778576094056
7613,1.0,0.0878076062639821
7614,1.0,0.9908424908424909
7615,1.0,0.94
7616,1.0,0.9899082568807339
7617,1.0,0.9908424908424909
7618,0.32386318,0.19393860561914672
7619,1.0,0.9944852941176471
7620,1.0,0.9880952380952381
7621,1.0,0.9908424908424909
7622,1.0,0.9908424908424909
7623,1.0,0.11692219515689926
7624,1.0,0.9808394160583942
7625,1.0,0.05481706545132295
7626,1.0,0.9899175068744271
7627,1.0,0.10285293188756711
7628,1.0,0.9853747714808044
7629,1.0,0.9863138686131386
7630,1.0,0.9908424908424909
7631,1.0,0.9908424908424909
7632,1.0,0.9880952380952381
7633,1.0,0.9880952380952381
7634,0.9996452,0.1400523560209424
7635,1.0,0.9908424908424909
7636,1.0,0.9588182632050134
7637,1.0,0.38880918220946914
7638,0.87683135,0.5579113157257087
7639,0.65427685,0.8176548357571443
7640,1.0,0.9908424908424909
7641,0.9772382,0.9178546389343305
7642,1.0,0.7862068965517242
7643,1.0,0.9908424908424909
7644,1.0,0.8719253604749788
7645,1.0,0.137960101152009
7646,1.0,0.18905191873589164
7647,1.0,0.10340697364918819
7648,1.0,0.9880952380952381
7649,1.0,0.9908424908424909
7650,1.0,0.94
7651,0.21838053,0.33244882486732374
7652,0.9999986,0.1641554321966693
7653,1.0,0.9880952380952381
7654,1.0,0.9908424908424909
7655,1.0,0.9501779359430605
7656,1.0,0.9710144927536232
7657,0.964484,0.895653385344107
7658,1.0,0.9908424908424909
7659,0.98319966,0.09395532194480946
7660,1.0,0.9908424908424909
7661,1.0,0.9738738738738739
7662,0.9999874,0.20828374196619853
7663,1.0,0.7155172413793104
7664,1.0,0.9908424908424909
7665,1.0,0.9908424908424909
7666,1.0,0.9880952380952381
7667,1.0,0.9880952380952381
7668,1.0,0.9641255605381166
7669,0.9999886,0.1802437459910199
7670,1.0,0.9718181818181818
7671,1.0,0.989010989010989
7672,1.0,0.9357142857142857
7673,1.0,0.936663693131133
7674,1.0,0.9908424908424909
7675,1.0,0.2798023471278567
7676,1.0,0.9908424908424909
7677,1.0,0.1364500792393027
7678,1.0,0.9908424908424909
7679,1.0,0.9871912168344007
7680,1.0,0.5848042977743668
7681,1.0,0.9367201426024956
7682,1.0,0.043938161106590726
7683,1.0,0.9908424908424909
7684,1.0,0.8686616791354946
7685,1.0,0.98992673992674
7686,1.0,0.9908424908424909
7687,1.0,0.07358408047233764
7688,1.0,0.9908424908424909
7689,1.0,0.05677517032551098
7690,0.933198,0.8036447638603696
7691,1.0,0.4189294026377037
7692,0.7409004,0.8923997480579466
7693,1.0,0.05606060606060606
7694,0.99999994,0.967713004484305
7695,1.0,0.8982485404503753
7696,1.0,0.9908424908424909
7697,1.0,0.9880952380952381
7698,1.0,0.9908424908424909
7699,1.0,0.9908424908424909
7700,1.0,0.3124484748557296
7701,1.0,0.9908424908424909
7702,1.0,0.9908424908424909
7703,0.5105352,0.07493106342165208
7704,1.0,0.9908424908424909
7705,1.0,0.9908424908424909
7706,1.0,0.9167389418907199
7707,1.0,0.5179856115107914
7708,1.0,0.9908424908424909
7709,0.81388324,0.5853658536585366
7710,0.99999803,0.19241316270566727
7711,1.0,0.22410454985479186
7712,1.0,0.7240566037735849
7713,1.0,0.9908424908424909
7714,1.0,0.18956336528221512
7715,0.83548903,0.38566600957476765
7716,1.0,0.9880952380952381
7717,1.0,0.9880952380952381
7718,1.0,0.9908424908424909
7719,1.0,0.9908424908424909
7720,1.0,0.9908424908424909
7721,1.0,0.7632221318144833
7722,1.0,0.6461538461538462
7723,0.9910539,0.11232812864134234
7724,1.0,0.9908424908424909
7725,1.0,0.9507609668755596
7726,0.858799,0.6074663738676914
7727,1.0,0.968978102189781
7728,1.0,0.21152216887884778
7729,0.9532614,0.5427065026362039
7730,1.0,0.9880952380952381
7731,1.0,0.9908424908424909
7732,1.0,0.9908424908424909
7733,1.0,0.9908424908424909
7734,1.0,0.9863138686131386
7735,0.79300004,0.22879832184596943
7736,1.0,0.28695652173913044
7737,1.0,0.9908424908424909
7738,1.0,0.9908424908424909
7739,0.9057968,0.5344336937962436
7740,1.0,0.9908424908424909
7741,1.0,0.09849306811332127
7742,1.0,0.9890210430009149
7743,1.0,0.442443226311668
7744,1.0,0.9908340971585701
7745,1.0,0.9908424908424909
7746,0.99391377,0.08454525721727806
7747,1.0,0.9908424908424909
7748,1.0,0.9908424908424909
7749,0.8152968,0.45702005730659023
7750,1.0,0.11581614187477379
7751,1.0,0.9908424908424909
7752,1.0,0.12899005756148613
7753,1.0,0.9818016378525932
7754,1.0,0.9954001839926403
7755,1.0,0.9908424908424909
7756,1.0,0.20996711358461928
7757,1.0,0.9935897435897436
7758,1.0,0.9908424908424909
7759,1.0,0.8637901861252115
7760,1.0,0.9880952380952381
7761,0.997831,0.15476521255904419
7762,1.0,0.9908424908424909
7763,1.0,0.989010989010989
7764,1.0,0.12189838519102009
7765,1.0,0.9908424908424909
7766,1.0,0.7987249544626593
7767,1.0,0.06749726177437021
7768,1.0,0.9908424908424909
7769,1.0,0.770464135021097
7770,1.0,0.9908424908424909
7771,1.0,0.9908424908424909
7772,0.8536054,0.4559845972831319
7773,0.999997,0.15528781793842034
7774,1.0,0.9908424908424909
7775,1.0,0.9908424908424909
7776,1.0,0.9908424908424909
7777,1.0,0.8254637436762225
7778,1.0,0.9908424908424909
7779,1.0,0.058005562177195075
7780,1.0,0.9880952380952381
7781,1.0,0.989010989010989
7782,1.0,0.98992673992674
7783,1.0,0.9601449275362319
7784,0.99999994,0.46473029045643155
7785,1.0,0.9908424908424909
7786,1.0,0.872322899505766
7787,1.0,0.1401882286838039
7788,0.95088464,0.6923873640600725
7789,1.0,0.09863462588749318
7790,0.9997674,0.19549665767561863
7791,1.0,0.19743299358248395
7792,1.0,0.9880952380952381
7793,1.0,0.9790718835304822
7794,1.0,0.5268656716417911
7795,1.0,0.9908424908424909
7796,1.0,0.08389945652173914
7797,1.0,0.8807174887892377
7798,1.0,0.9908424908424909
7799,0.909653,0.7179980750721848
7800,1.0,0.9880952380952381
7801,1.0,0.9908424908424909
7802,1.0,0.9908424908424909
7803,1.0,0.5021618282890673
7804,1.0,0.13910624239262737
7805,1.0,0.9908424908424909
7806,0.80909824,0.5495140853733547
7807,1.0,0.8918685121107266
7808,1.0,0.03616042077580539
7809,1.0,0.9908424908424909
7810,1.0,0.05760990318996985
7811,1.0,0.9917506874427131
7812,1.0,0.12650085763293312
7813,1.0,0.9908424908424909
7814,1.0,0.5893355209187859
7815,1.0,0.9908424908424909
7816,1.0,0.9908424908424909
7817,1.0,0.20804438280166435
7818,1.0,0.9908424908424909
7819,1.0,0.9880952380952381
7820,1.0,0.0454692034827475
7821,1.0,0.9908424908424909
7822,1.0,0.9880952380952381
7823,1.0,0.9908424908424909
7824,0.9536585,0.9233908582089553
7825,1.0,0.6105550500454959
7826,1.0,0.9880952380952381
7827,1.0,0.9908424908424909
7828,1.0,0.9881061299176578
7829,1.0,0.9908424908424909
7830,1.0,0.9490616621983914
7831,1.0,0.9872029250457038
7832,1.0,0.42908077994428967
7833,1.0,0.9880952380952381
7834,1.0,0.9880952380952381
7835,1.0,0.9908424908424909
7836,1.0,0.7701647875108413
7837,1.0,0.9908424908424909
7838,1.0,0.9908424908424909
7839,1.0,0.9880952380952381
7840,0.8456242,0.06361607142857142
7841,1.0,0.9863138686131386
7842,1.0,0.9908424908424909
7843,1.0,0.9908424908424909
7844,0.94055015,0.4938252547082433
7845,1.0,0.18708971553610504
7846,0.99920994,0.11406756131420638
7847,1.0,0.9908424908424909
7848,1.0,0.9908424908424909
7849,1.0,0.19257490230134608
7850,1.0,0.9908424908424909
7851,1.0,0.9908424908424909
7852,1.0,0.9908424908424909
7853,1.0,0.9908424908424909
7854,1.0,0.21697780908770695
7855,1.0,0.989010989010989
7856,1.0,0.8206839032527106
7857,0.86489254,0.22022528793823568
7858,1.0,0.05614320585842148
7859,1.0,0.9908424908424909
7860,1.0,0.9880952380952381
7861,1.0,0.2655755015839493
7862,1.0,0.9908424908424909
7863,1.0,0.7094017094017094
7864,1.0,0.9908424908424909
7865,1.0,0.9908424908424909
7866,1.0,0.8272425249169435
7867,1.0,0.9908424908424909
7868,1.0,0.98989898989899
7869,1.0,0.10873080032336298
7870,1.0,0.9908424908424909
7871,0.9943652,0.11853876739562624
7872,0.9506715,0.9175097276264591
7873,1.0,0.9880952380952381
7874,1.0,0.9908424908424909
7875,1.0,0.16791277258566978
7876,1.0,0.8836820083682009
7877,1.0,0.9908424908424909
7878,1.0,0.086664947124065
7879,0.8056235,0.9248665955176094
7880,1.0,0.9908424908424909
7881,1.0,0.9908424908424909
7882,1.0,0.9880952380952381
7883,1.0,0.9908424908424909
7884,1.0,0.9908424908424909
7885,1.0,0.9908424908424909
7886,1.0,0.7808695652173913
7887,1.0,0.0854230707005339
7888,1.0,0.4521604938271605
7889,0.999999,0.25317919075144507
7890,1.0,0.9908424908424909
7891,0.8638925,0.9039513050655112
7892,1.0,0.3660130718954248
7893,1.0,0.10249307479224377
7894,1.0,0.9880952380952381
7895,1.0,0.9908424908424909
7896,1.0,0.9908424908424909
7897,1.0,0.996316758747698
7898,1.0,0.9585958595859586
7899,1.0,0.9908424908424909
7900,1.0,0.10781462090362615
7901,1.0,0.9908424908424909
7902,1.0,0.9908424908424909
7903,1.0,0.9908424908424909
7904,0.94854474,0.4058252427184466
7905,1.0,0.9908424908424909
7906,1.0,0.9908424908424909
7907,1.0,0.651394422310757
7908,1.0,0.9880952380952381
7909,1.0,0.8424938474159147
7910,1.0,0.9890210430009149
7911,1.0,0.9908424908424909
7912,0.88848835,0.7267441860465116
7913,1.0,0.2727272727272727
7914,1.0,0.9880952380952381
7915,1.0,0.8780694326841659
7916,1.0,0.9908424908424909
7917,1.0,0.9881170018281535
7918,1.0,0.22656792409164545
7919,1.0,0.9880952380952381
7920,1.0,0.9531802120141343
7921,1.0,0.5678925035360679
7922,1.0,0.9908424908424909
7923,1.0,0.14701737905119774
7924,1.0,0.9908424908424909
7925,1.0,0.2261654766904662
7926,1.0,0.8440816326530612
7927,1.0,0.9908424908424909
7928,1.0,0.9908424908424909
7929,1.0,0.09241062094919507
7930,1.0,0.9854147675478578
7931,1.0,0.9671232876712329
7932,1.0,0.9881170018281535
7933,1.0,0.9333333333333333
7934,1.0,0.08515941426939454
7935,1.0,0.9908424908424909
7936,1.0,0.9908424908424909
7937,1.0,0.9908424908424909
7938,1.0,0.9880952380952381
7939,0.99999994,0.9908424908424909
7940,1.0,0.9908424908424909
7941,1.0,0.16704805491990846
7942,1.0,0.9908424908424909
7943,1.0,0.9908424908424909
7944,0.9572908,0.6288433382137628
7945,1.0,0.6594027441485069
7946,1.0,0.9880952380952381
7947,1.0,0.9880952380952381
7948,1.0,0.9908424908424909
7949,1.0,0.7768339768339768
7950,1.0,0.03212904946007199
7951,1.0,0.5414847161572053
7952,1.0,0.9880952380952381
7953,1.0,0.9908424908424909
7954,1.0,0.9908424908424909
7955,1.0,0.9880952380952381
7956,1.0,0.938337801608579
7957,1.0,0.7081545064377682
7958,0.6964411,0.8318748069597447
7959,1.0,0.9908424908424909
7960,1.0,0.9908424908424909
7961,0.9999999,0.4071266110689917
7962,1.0,0.9908424908424909
7963,1.0,0.5439952437574316
7964,1.0,0.9410187667560321
7965,1.0,0.9908424908424909
7966,1.0,0.1456342668863262
7967,1.0,0.9918032786885246
7968,1.0,0.9709090909090909
7969,1.0,0.9908424908424909
7970,0.9634247,0.9614847335861105
7971,1.0,0.08438356164383562
7972,1.0,0.9880952380952381
7973,1.0,0.9871794871794872
7974,1.0,0.13984124303327142
7975,1.0,0.9908424908424909
7976,1.0,0.9908424908424909
7977,1.0,0.9908424908424909
7978,1.0,0.9644160583941606
7979,1.0,0.9908424908424909
7980,1.0,0.9908424908424909
7981,1.0,0.9880952380952381
7982,1.0,0.5774962742175856
7983,1.0,0.22148475909537857
7984,1.0,0.9899082568807339
7985,1.0,0.14228886168910648
7986,1.0,0.9908424908424909
7987,1.0,0.9908424908424909
7988,1.0,0.15146405028361185
7989,1.0,0.9908424908424909
7990,0.8238102,0.5894102726696259
7991,1.0,0.9134199134199135
7992,1.0,0.989010989010989
7993,1.0,0.9692028985507246
7994,1.0,0.9908424908424909
7995,1.0,0.9880952380952381
7996,1.0,0.9908424908424909
7997,1.0,0.9908424908424909
7998,1.0,0.9926605504587156
7999,1.0,0.9880952380952381
8000,0.8030925,0.6492056676685273
8001,1.0,0.9908424908424909
8002,0.9584049,0.939517819706499
8003,1.0,0.9908424908424909
8004,1.0,0.989010989010989
8005,1.0,0.2909199522102748
8006,1.0,0.98992673992674
8007,1.0,0.9908424908424909
8008,0.99339586,0.09956872304519032
8009,1.0,0.9908424908424909
8010,1.0,0.9908424908424909
8011,0.757826,0.46962794229309035
8012,1.0,0.8908934707903781
8013,1.0,0.9908424908424909
8014,1.0,0.9640933572710951
8015,1.0,0.941541186891054
8016,0.6289913,0.2371234207968902
8017,1.0,0.7734311328443357
8018,1.0,0.9908424908424909
8019,0.8810732,0.4034226399214476
8020,0.8686793,0.971703733121525
8021,1.0,0.9908424908424909
8022,1.0,0.11529998533079067
8023,1.0,0.9908424908424909
8024,0.8981958,0.8638461538461538
8025,1.0,0.9908424908424909
8026,1.0,0.9613309352517986
8027,1.0,0.9871794871794872
8028,0.9999999,0.2840043525571273
8029,1.0,0.9352836879432624
8030,1.0,0.9908424908424909
8031,1.0,0.4745639534883721
8032,0.9382396,0.4666572278068809
8033,1.0,0.05784291787872007
8034,1.0,0.9908424908424909
8035,1.0,0.9908424908424909
8036,1.0,0.9908424908424909
8037,0.2260912,0.18629522049115393
8038,1.0,0.3254189944134078
8039,0.88939166,0.5758749481256052
8040,1.0,0.9908424908424909
8041,1.0,0.9908424908424909
8042,1.0,0.1889452904681331
8043,1.0,0.9908424908424909
8044,1.0,0.04876863253402463
8045,1.0,0.9880952380952381
8046,1.0,0.9908424908424909
8047,1.0,0.022397586166879424
8048,1.0,0.9908424908424909
8049,1.0,0.9584837545126353
8050,1.0,0.8458367683429514
8051,1.0,0.06993006993006994
8052,1.0,0.8041074249605056
8053,1.0,0.9908424908424909
8054,1.0,0.9542543458371455
8055,1.0,0.7406832298136646
8056,1.0,0.9908424908424909
8057,1.0,0.9908424908424909
8058,1.0,0.9908424908424909
8059,1.0,0.9881170018281535
8060,1.0,0.989010989010989
8061,1.0,0.9272567922874672
8062,1.0,0.9908424908424909
8063,1.0,0.06951451956497365
8064,1.0,0.9908424908424909
8065,1.0,0.9908424908424909
8066,1.0,0.9908424908424909
8067,0.99999565,0.11513783269961977
8068,1.0,0.9908424908424909
8069,1.0,0.11151368760064412
8070,1.0,0.0659264399722415
8071,1.0,0.9880952380952381
8072,1.0,0.8283400809716599
8073,1.0,0.9908424908424909
8074,1.0,0.9908424908424909
8075,1.0,0.37770897832817335
8076,1.0,0.6917164816396243
8077,1.0,0.9136125654450262
8078,1.0,0.9917431192660551
8079,1.0,0.9880952380952381
8080,0.989023,0.2166769993800372
8081,1.0,0.996316758747698
8082,1.0,0.9908424908424909
8083,1.0,0.9908424908424909
8084,1.0,0.10394545657762379
8085,0.97619015,0.06550618415025194
8086,1.0,0.9880952380952381
8087,1.0,0.9890009165902841
8088,1.0,0.9908424908424909
8089,1.0,0.0325024925224327
8090,1.0,0.7794466403162056
8091,1.0,0.10411154081009566
8092,0.79560846,0.972394144807938
8093,1.0,0.98992673992674
8094,1.0,0.9908424908424909
8095,1.0,0.98992673992674
8096,1.0,0.9645454545454546
8097,1.0,0.9808743169398907
8098,1.0,0.9379982285208148
8099,1.0,0.9908424908424909
8100,1.0,0.8994032395566922
8101,1.0,0.9908424908424909
8102,0.6929126,0.2919106881405564
8103,1.0,0.7527593818984547
8104,1.0,0.730800323362975
8105,1.0,0.98992673992674
8106,1.0,0.9908424908424909
8107,1.0,0.33925925925925926
8108,1.0,0.4575381679389313
8109,1.0,0.9908424908424909
8110,1.0,0.9501779359430605
8111,0.88901037,0.7003615546851462
8112,1.0,0.9908424908424909
8113,1.0,0.98992673992674
8114,1.0,0.09304126562672863
8115,1.0,0.162880543965384
8116,1.0,0.16408094435075884
8117,1.0,0.9908424908424909
8118,1.0,0.9908424908424909
8119,0.99975485,0.11933553194088188
8120,1.0,0.9908424908424909
8121,1.0,0.9908424908424909
8122,1.0,0.9908424908424909
8123,1.0,0.8714408973252804
8124,1.0,0.9710144927536232
8125,1.0,0.989935956084172
8126,1.0,0.9880952380952381
8127,1.0,0.9881061299176578
8128,1.0,0.9908424908424909
8129,1.0,0.9752973467520586
8130,1.0,0.9908424908424909
8131,1.0,0.9500891265597148
8132,1.0,0.282418734708144
8133,0.35675767,0.13350785340314136
8134,1.0,0.9449378330373002
8135,1.0,0.11196991852935033
8136,1.0,0.9880952380952381
8137,1.0,0.9826007326007326
8138,0.8224858,0.8414706935657157
8139,1.0,0.9908424908424909
8140,1.0,0.16986251808972502
8141,1.0,0.9908424908424909
8142,1.0,0.9908424908424909
8143,1.0,0.9908424908424909
8144,1.0,0.9028475711892797
8145,1.0,0.9908424908424909
8146,1.0,0.9908424908424909
8147,1.0,0.9908424908424909
8148,1.0,0.9880952380952381
8149,1.0,0.9880952380952381
8150,1.0,0.9908424908424909
8151,1.0,0.07326447273600768
8152,1.0,0.9908424908424909
8153,0.99999994,0.09849306811332127
8154,1.0,0.9908424908424909
8155,0.99999666,0.2728835410399656
8156,1.0,0.9880952380952381
8157,0.7962847,0.34384121424401637
8158,1.0,0.9474161378059837
8159,0.9999991,0.12469733656174334
8160,1.0,0.9818016378525932
8161,1.0,0.9880952380952381
8162,1.0,0.9908424908424909
8163,1.0,0.989010989010989
8164,1.0,0.9880952380952381
8165,1.0,0.7026098901098901
8166,1.0,0.162892434379825
8167,1.0,0.9880952380952381
8168,1.0,0.9908424908424909
8169,1.0,0.1800575765506412
8170,1.0,0.9700272479564033
8171,1.0,0.9908424908424909
8172,1.0,0.9908424908424909
8173,1.0,0.9746606334841629
8174,1.0,0.9754990925589837
8175,1.0,0.9880952380952381
8176,1.0,0.0518444666001994
8177,1.0,0.9908424908424909
8178,1.0,0.9880952380952381
8179,1.0,0.08372774397115168
8180,1.0,0.1010989010989011
8181,1.0,0.9657039711191335
8182,1.0,0.8438266557645135
8183,1.0,0.9880952380952381
8184,1.0,0.9908424908424909
8185,1.0,0.8976109215017065
8186,1.0,0.08630215279100781
8187,1.0,0.9880952380952381
8188,1.0,0.9880952380952381
8189,1.0,0.6481774960380349
8190,1.0,0.9880952380952381
8191,1.0,0.9370008873114463
8192,1.0,0.6425765907305577
8193,1.0,0.941541186891054
8194,1.0,0.9908424908424909
8195,1.0,0.9908424908424909
8196,1.0,0.9908424908424909
8197,1.0,0.09922846120874411
8198,1.0,0.9880952380952381
8199,1.0,0.9908424908424909
8200,0.9999725,0.14113924050632912
8201,1.0,0.9908424908424909
8202,1.0,0.9908424908424909
8203,1.0,0.8112
8204,1.0,0.9746606334841629
8205,0.5598165,0.6012553683515032
8206,1.0,0.979890310786106
8207,1.0,0.7509637625289128
8208,1.0,0.9908424908424909
8209,0.8630233,0.5148361381753764
8210,1.0,0.9880952380952381
8211,1.0,0.20737763064554268
8212,1.0,0.9469964664310954
8213,1.0,0.9709355131698456
8214,1.0,0.9908424908424909
8215,1.0,0.9185119574844995
8216,1.0,0.838272650296359
8217,1.0,0.9880952380952381
8218,1.0,0.9908424908424909
8219,1.0,0.6485421591804571
8220,1.0,0.9680073126142597
8221,1.0,0.05726872246696035
8222,1.0,0.9908424908424909
8223,1.0,0.17654476670870115
8224,1.0,0.9880952380952381
8225,1.0,0.44504643962848295
8226,0.9999997,0.5724465558194775
8227,1.0,0.05760990318996985
8228,0.21272808,0.27254422551416657
8229,1.0,0.9908424908424909
8230,1.0,0.5925925925925926
8231,1.0,0.9835164835164835
8232,1.0,0.06160980457105002
8233,1.0,0.9880952380952381
8234,0.99999994,0.8982608695652174
8235,1.0,0.9908424908424909
8236,1.0,0.9908424908424909
8237,1.0,0.9908424908424909
8238,1.0,0.11248777306814477
8239,1.0,0.9908424908424909
8240,1.0,0.949288256227758
8241,1.0,0.9880952380952381
8242,1.0,0.746031746031746
8243,0.99999994,0.4214697406340058
8244,1.0,0.9880952380952381
8245,1.0,0.9621962196219622
8246,1.0,0.9890210430009149
8247,1.0,0.8597285067873304
8248,1.0,0.9908424908424909
8249,1.0,0.02427471876850207
8250,1.0,0.9880952380952381
8251,1.0,0.9908424908424909
8252,0.4409271,0.23900716807531827
8253,1.0,0.9880952380952381
8254,1.0,0.9908424908424909
8255,1.0,0.9773139745916516
8256,1.0,0.06112417183158795
8257,1.0,0.98992673992674
8258,1.0,0.9908424908424909
8259,1.0,0.4719562243502052
8260,1.0,0.42527932960893855
8261,1.0,0.9728014505893019
8262,0.76939476,0.21238938053097345
8263,1.0,0.9880952380952381
8264,1.0,0.2242681775259679
8265,1.0,0.40304709141274236
8266,1.0,0.5306652806652806
8267,1.0,0.9908424908424909
8268,1.0,0.8922651933701657
8269,1.0,0.9626933575978162
8270,1.0,0.9908424908424909
8271,1.0,0.9908424908424909
8272,1.0,0.9093264248704663
8273,1.0,0.9724770642201835
8274,1.0,0.9908424908424909
8275,1.0,0.9908424908424909
8276,1.0,0.9908424908424909
8277,1.0,0.3852779953014879
8278,1.0,0.09501112170320941
8279,1.0,0.9908424908424909
8280,1.0,0.5374934452018878
8281,1.0,0.9890210430009149
8282,0.9130896,0.5232390991854337
8283,1.0,0.9057412167952014
8284,1.0,0.9908424908424909
8285,1.0,0.9908424908424909
8286,1.0,0.9908424908424909
8287,1.0,0.9908424908424909
8288,1.0,0.9908424908424909
8289,1.0,0.08263017081704055
8290,1.0,0.745839636913767
8291,1.0,0.9880952380952381
8292,1.0,0.5272532188841201
8293,1.0,0.989010989010989
8294,1.0,0.9728014505893019
8295,1.0,0.08203167667941016
8296,1.0,0.13939857288481142
8297,1.0,0.016818837097549257
8298,1.0,0.6870805369127517
8299,0.99999994,0.4158345221112696
8300,1.0,0.9880952380952381
8301,1.0,0.03319502074688797
8302,1.0,0.9908424908424909
8303,1.0,0.9432624113475178
8304,1.0,0.9908424908424909
8305,1.0,0.9000916590284143
8306,1.0,0.11236794365595988
8307,1.0,0.175064838829196
8308,1.0,0.9908424908424909
8309,1.0,0.9908424908424909
8310,0.6757128,0.5422045680238332
8311,1.0,0.9908424908424909
8312,1.0,0.9908424908424909
8313,1.0,0.9908424908424909
8314,1.0,0.06993006993006994
8315,1.0,0.10478170478170479
8316,1.0,0.9880952380952381
8317,1.0,0.9591836734693877
8318,1.0,0.21130592503022974
8319,1.0,0.9880952380952381
8320,1.0,0.07733812949640288
8321,1.0,0.10247486465583913
8322,1.0,0.9908424908424909
8323,1.0,0.9908424908424909
8324,1.0,0.9908424908424909
8325,1.0,0.9953959484346224
8326,1.0,0.9372791519434629
8327,1.0,0.48670346211741095
8328,1.0,0.8393305439330544
8329,1.0,0.9908424908424909
8330,1.0,0.9880952380952381
8331,1.0,0.9908424908424909
8332,1.0,0.048627995831886074
8333,1.0,0.9908424908424909
8334,1.0,0.9880952380952381
8335,1.0,0.9880952380952381
8336,0.99970794,0.09982259018332348
8337,1.0,0.36915573494786413
8338,1.0,0.07146610614818708
8339,1.0,0.9908424908424909
8340,0.9999792,0.170333569907736
8341,1.0,0.9908424908424909
8342,1.0,0.3124484748557296
8343,1.0,0.10304449648711944
8344,1.0,0.9880952380952381
8345,1.0,0.9818181818181818
8346,1.0,0.8519437551695617
8347,1.0,0.9908424908424909
8348,1.0,0.1889452904681331
8349,1.0,0.9908424908424909
8350,1.0,0.6376470588235295
8351,1.0,0.08870630831360535
8352,1.0,0.93051890941073
8353,1.0,0.9908424908424909
8354,1.0,0.0953179259968866
8355,1.0,0.9908424908424909
8356,0.7396536,0.7013977128335451
8357,1.0,0.9908424908424909
8358,1.0,0.9880952380952381
8359,1.0,0.36854103343465044
8360,1.0,0.9908424908424909
8361,1.0,0.9908424908424909
8362,1.0,0.9908424908424909
8363,1.0,0.98992673992674
8364,1.0,0.9908424908424909
8365,1.0,0.989935956084172
8366,1.0,0.9981549815498155
8367,1.0,0.25052279381012127
8368,1.0,0.9908424908424909
8369,1.0,0.9880952380952381
8370,1.0,0.9890210430009149
8371,1.0,0.7515432098765432
8372,0.83576757,0.28419433405973593
8373,1.0,0.9863013698630136
8374,1.0,0.9880952380952381
8375,1.0,0.9908424908424909
8376,1.0,0.9908424908424909
8377,1.0,0.9880952380952381
8378,1.0,0.9908424908424909
8379,1.0,0.9908424908424909
8380,1.0,0.9908424908424909
8381,1.0,0.9908424908424909
8382,1.0,0.2977941176470588
8383,1.0,0.9880952380952381
8384,1.0,0.9908424908424909
8385,1.0,0.9908424908424909
8386,0.99999875,0.11322828875045804
8387,1.0,0.09054895302773061
8388,1.0,0.40294323756131745
8389,1.0,0.1834934326602627
8390,1.0,0.9643811219946572
8391,1.0,0.9908424908424909
8392,1.0,0.9880952380952381
8393,1.0,0.7718832891246684
8394,1.0,0.9871441689623508
8395,1.0,0.9908424908424909
8396,1.0,0.9908424908424909
8397,0.9218828,0.6967930029154519
8398,1.0,0.9746376811594203
8399,1.0,0.9880952380952381
8400,1.0,0.9880952380952381
8401,1.0,0.98992673992674
8402,1.0,0.9881170018281535
8403,1.0,0.9908424908424909
8404,1.0,0.9880952380952381
8405,1.0,0.26182707993474713
8406,1.0,0.9880952380952381
8407,1.0,0.9172240802675585
8408,1.0,0.9908424908424909
8409,1.0,0.9908424908424909
8410,0.32761523,0.18765866041788712
8411,1.0,0.9908424908424909
8412,0.7494269,0.19730941704035873
8413,1.0,0.10952118877270225
8414,0.7859118,0.6014402003757044
8415,1.0,0.9908424908424909
8416,1.0,0.9844748858447488
8417,1.0,0.9908424908424909
8418,1.0,0.9808917197452229
8419,1.0,0.9908424908424909
8420,1.0,0.9908424908424909
8421,1.0,0.9908424908424909
8422,1.0,0.11698817672682016
8423,1.0,0.7444866920152091
8424,1.0,0.05784291787872007
8425,1.0,0.9845874886672711
8426,1.0,0.9908424908424909
8427,1.0,0.9644160583941606
8428,1.0,0.838272650296359
8429,1.0,0.9908424908424909
8430,1.0,0.8812709030100334
8431,1.0,0.9880952380952381
8432,0.9957246,0.08256737809627668
8433,1.0,0.12608216590587124
8434,1.0,0.9908424908424909
8435,1.0,0.9880952380952381
8436,1.0,0.1613588110403397
8437,1.0,0.9880952380952381
8438,1.0,0.9908424908424909
8439,1.0,0.9606227106227107
8440,0.99999976,0.08966530981456354
8441,1.0,0.9908424908424909
8442,1.0,0.7069306930693069
8443,1.0,0.9908424908424909
8444,1.0,0.2224565102793885
8445,1.0,0.9880952380952381
8446,1.0,0.11151460130125586
8447,1.0,0.9908424908424909
8448,1.0,0.6577708006279435
8449,1.0,0.8528336380255942
8450,1.0,0.9908424908424909
8451,1.0,0.9908424908424909
8452,1.0,0.9908424908424909
8453,1.0,0.9671232876712329
8454,1.0,0.6179507545671168
8455,1.0,0.9908424908424909
8456,1.0,0.9908424908424909
8457,1.0,0.9908424908424909
8458,1.0,0.9579230080572964
8459,1.0,0.9728014505893019
8460,1.0,0.9908424908424909
8461,1.0,0.6219081272084805
8462,1.0,0.9880952380952381
8463,1.0,0.7073170731707317
8464,1.0,0.09452253999030538
8465,1.0,0.9908424908424909
8466,1.0,0.17047970479704797
8467,1.0,0.9880952380952381
8468,1.0,0.9908424908424909
8469,1.0,0.9908424908424909
8470,1.0,0.9880952380952381
8471,1.0,0.9872146118721461
8472,1.0,0.9196277495769881
8473,1.0,0.9316608996539792
8474,1.0,0.045109612141652614
8475,0.99998575,0.1230416967944083
8476,1.0,0.772972972972973
8477,1.0,0.10767561703281801
8478,1.0,0.9908424908424909
8479,1.0,0.06960408684546615
8480,1.0,0.9908424908424909
8481,1.0,0.9908424908424909
8482,1.0,0.9045571797076526
8483,1.0,0.9542190305206463
8484,0.9981981,0.08827692703641744
8485,1.0,0.9908424908424909
8486,1.0,0.9908424908424909
8487,1.0,0.9333333333333333
8488,1.0,0.9880952380952381
8489,1.0,0.9908424908424909
8490,1.0,0.996309963099631
8491,1.0,0.9908424908424909
8492,1.0,0.9908424908424909
8493,1.0,0.9908424908424909
8494,0.096853554,0.08637587506731287
8495,0.8722395,0.21341725075096551
8496,1.0,0.2271619975639464
8497,1.0,0.9908424908424909
8498,1.0,0.9908424908424909
8499,1.0,0.14872956789124453
8500,1.0,0.9880952380952381
8501,1.0,0.9908424908424909
8502,1.0,0.11790017211703958
8503,1.0,0.9908424908424909
8504,1.0,0.9789762340036563
8505,1.0,0.9880952380952381
8506,1.0,0.9908424908424909
8507,1.0,0.9908424908424909
8508,1.0,0.9908424908424909
8509,1.0,0.9880952380952381
8510,0.89381623,0.3153503893214683
8511,1.0,0.09044411177644711
8512,0.99999994,0.10646841762535272
8513,0.30679747,0.1098559266535691
8514,1.0,0.9908424908424909
8515,1.0,0.9908424908424909
8516,1.0,0.9606087735004476
8517,1.0,0.9908424908424909
8518,1.0,0.9880952380952381
8519,1.0,0.9908424908424909
8520,1.0,0.9908424908424909
8521,1.0,0.9890210430009149
8522,1.0,0.14745762711864407
8523,1.0,0.9908424908424909
8524,1.0,0.94275802254987
8525,1.0,0.9908424908424909
8526,1.0,0.9908424908424909
8527,1.0,0.7344365642237982
8528,1.0,0.12468827930174564
8529,1.0,0.989010989010989
8530,1.0,0.9754990925589837
8531,1.0,0.9908424908424909
8532,1.0,0.9908424908424909
8533,1.0,0.249928754630949
8534,1.0,0.9880952380952381
8535,1.0,0.9908424908424909
8536,1.0,0.9908424908424909
8537,1.0,0.8738197424892704
8538,1.0,0.9908424908424909
8539,1.0,0.9880952380952381
8540,1.0,0.9908424908424909
8541,1.0,0.009386733416770964
8542,1.0,0.060969254820218866
8543,1.0,0.9908424908424909
8544,1.0,0.09614119710589783
8545,1.0,0.9631956912028725
8546,1.0,0.9880952380952381
8547,1.0,0.7466902030008826
8548,1.0,0.9880952380952381
8549,1.0,0.5958588957055214
8550,0.99994373,0.11685012701100762
8551,0.88686043,0.6469725846650052
8552,1.0,0.16590794132524025
8553,1.0,0.970722781335773
8554,1.0,0.9880952380952381
8555,1.0,0.7832920658843794
8556,1.0,0.9880952380952381
8557,1.0,0.9908424908424909
8558,1.0,0.9861878453038674
8559,1.0,0.8085277554304103
8560,1.0,0.9908424908424909
8561,0.9537535,0.8172820708031976
8562,0.9999999,0.9666064981949458
8563,1.0,0.42310694769711166
8564,1.0,0.9908424908424909
8565,1.0,0.9791288566243194
8566,1.0,0.9908424908424909
8567,1.0,0.03861574171766195
8568,1.0,0.32603550295857986
8569,1.0,0.9908424908424909
8570,1.0,0.9908424908424909
8571,1.0,0.9908424908424909
8572,1.0,0.9908424908424909
8573,1.0,0.9908424908424909
8574,1.0,0.9908424908424909
8575,1.0,0.9944852941176471
8576,1.0,0.9908424908424909
8577,1.0,0.9064430714916152
8578,1.0,0.8695652173913043
8579,1.0,0.3423952975753123
8580,1.0,0.9908424908424909
8581,1.0,0.9908424908424909
8582,1.0,0.9908424908424909
8583,1.0,0.08020867297032931
8584,1.0,0.07692307692307693
8585,1.0,0.06993006993006994
8586,1.0,0.8089976322020521
8587,1.0,0.9908424908424909
8588,1.0,0.851010101010101
8589,1.0,0.9908424908424909
8590,1.0,0.9908424908424909
8591,1.0,0.9880952380952381
8592,1.0,0.9908424908424909
8593,1.0,0.7951713395638629
8594,1.0,0.6402524544179523
8595,1.0,0.9880952380952381
8596,1.0,0.9908424908424909
8597,1.0,0.9908424908424909
8598,0.47256643,0.26664430655710214
8599,1.0,0.9908424908424909
8600,1.0,0.9972527472527473
8601,1.0,0.970722781335773
8602,1.0,0.98992673992674
8603,1.0,0.2673096796417499
8604,1.0,0.22148475909537857
8605,1.0,0.9908424908424909
8606,1.0,0.9908424908424909
8607,1.0,0.9908424908424909
8608,1.0,0.10602655771195096
8609,1.0,0.968978102189781
8610,0.9199566,0.0993999478215497
8611,1.0,0.9880952380952381
8612,0.999909,0.13900560224089636
8613,0.99999994,0.966934763181412
8614,1.0,0.07298461538461538
8615,1.0,0.9036777583187391
8616,1.0,0.9880952380952381
8617,1.0,0.9908424908424909
8618,1.0,0.9908424908424909
8619,1.0,0.9908424908424909
8620,1.0,0.9908424908424909
8621,1.0,0.9908424908424909
8622,1.0,0.23637316561844865
8623,1.0,0.9908424908424909
8624,1.0,0.9525939177101967
8625,0.4834696,0.08220777055194264
8626,1.0,0.9908424908424909
8627,1.0,0.9908424908424909
8628,1.0,0.7583201267828843
8629,1.0,0.9468641114982579
8630,1.0,0.9908424908424909
8631,1.0,0.6853754940711463
8632,1.0,0.9880952380952381
8633,1.0,0.9908424908424909
8634,1.0,0.9908424908424909
8635,1.0,0.9908424908424909
8636,1.0,0.14872956789124453
8637,0.9999992,0.16163694558756286
8638,1.0,0.9880952380952381
8639,1.0,0.022698072805139188
8640,1.0,0.9908424908424909
8641,1.0,0.09486404833836858
8642,1.0,0.14920368818105617
8643,1.0,0.7998259355961705
8644,1.0,0.9908424908424909
8645,0.99999976,0.2589712918660287
8646,1.0,0.9908424908424909
8647,1.0,0.13363279056709715
8648,1.0,0.9880952380952381
8649,1.0,0.9908424908424909
8650,1.0,0.034865983874482455
8651,1.0,0.04
8652,1.0,0.9908424908424909
8653,1.0,0.16097560975609757
8654,0.9999998,0.8926406926406927
8655,1.0,0.9423247559893523
8656,1.0,0.9880952380952381
8657,1.0,0.9908424908424909
8658,1.0,0.9908424908424909
8659,1.0,0.4079045488441462
8660,1.0,0.8519736842105263
8661,0.9999969,0.144082507913816
8662,1.0,0.9908424908424909
8663,1.0,0.09282700421940929
8664,1.0,0.9908424908424909
8665,1.0,0.9700272479564033
8666,1.0,0.9908424908424909
8667,1.0,0.08971774193548387
8668,0.99999774,0.16322008862629248
8669,1.0,0.9880952380952381
8670,1.0,0.989010989010989
8671,0.9056515,0.5985647006055169
8672,1.0,0.9908424908424909
8673,1.0,0.10632530120481928
8674,1.0,0.15073529411764705
8675,1.0,0.8774468085106383
8676,1.0,0.9908424908424909
8677,1.0,0.6428027418126429
8678,1.0,0.9880952380952381
8679,1.0,0.9908424908424909
8680,1.0,0.9908424908424909
8681,1.0,0.9561324977618622
8682,1.0,0.9880952380952381
8683,1.0,0.9880952380952381
8684,1.0,0.13006015282067956
8685,1.0,0.9880952380952381
8686,1.0,0.9908424908424909
8687,1.0,0.9908424908424909
8688,1.0,0.9908424908424909
8689,0.21445015,0.09295221470652411
8690,1.0,0.9908424908424909
8691,1.0,0.5670831070070613
8692,1.0,0.04196409258057538
8693,1.0,0.9981549815498155
8694,1.0,0.9908424908424909
8695,1.0,0.5996810207336523
8696,1.0,0.166343669250646
8697,1.0,0.10562248995983936
8698,1.0,0.989010989010989
8699,1.0,0.9908424908424909
8700,1.0,0.988950276243094
8701,1.0,0.12370284961291385
8702,1.0,0.9908424908424909
8703,1.0,0.3414285714285714
8704,1.0,0.15536842105263157
8705,1.0,0.9908424908424909
8706,1.0,0.9093381686310064
8707,1.0,0.9908424908424909
8708,1.0,0.03157489410858683
8709,0.9999466,0.23760818253343824
8710,1.0,0.9908424908424909
8711,1.0,0.98992673992674
8712,1.0,0.9908424908424909
8713,1.0,0.9908424908424909
8714,1.0,0.8436482084690554
8715,1.0,0.9917506874427131
8716,1.0,0.9908424908424909
8717,1.0,0.07526545908806996
8718,1.0,0.9908424908424909
8719,1.0,0.9908424908424909
8720,1.0,0.9880952380952381
8721,1.0,0.9908424908424909
8722,1.0,0.21498371335504887
8723,1.0,0.9908424908424909
8724,1.0,0.9908424908424909
8725,1.0,0.12453630100688924
8726,0.99999857,0.2797866034380557
8727,1.0,0.9908424908424909
8728,1.0,0.9908424908424909
8729,1.0,0.9493333333333334
8730,1.0,0.9577836411609498
8731,0.9859113,0.12543825477210752
8732,1.0,0.13815187557182068
8733,1.0,0.9908424908424909
8734,1.0,0.024470669906282543
8735,1.0,0.9844748858447488
8736,1.0,0.7435090479937058
8737,1.0,0.11217412102367855
8738,1.0,0.9908424908424909
8739,1.0,0.9908424908424909
8740,1.0,0.808351976137211
8741,1.0,0.3723554301833568
8742,1.0,0.8560794044665012
8743,1.0,0.9880952380952381
8744,0.9994374,0.16927234124686355
8745,1.0,0.14391842680262198
8746,1.0,0.9908424908424909
8747,1.0,0.9880952380952381
8748,1.0,0.06731089636787738
8749,1.0,0.31343283582089554
8750,1.0,0.6396705559368565
8751,1.0,0.9880952380952381
8752,1.0,0.9908424908424909
8753,1.0,0.98992673992674
8754,1.0,0.9061371841155235
8755,1.0,0.1321758611033324
8756,1.0,0.9448888888888889
8757,1.0,0.9908424908424909
8758,1.0,0.9880952380952381
8759,0.9958484,0.15202602780242533
8760,1.0,0.9908424908424909
8761,1.0,0.9908424908424909
8762,1.0,0.8417618270799347
8763,1.0,0.9880952380952381
8764,0.22273917,0.837514700117601
8765,1.0,0.9908424908424909
8766,1.0,0.971945701357466
8767,1.0,0.9909008189262967
8768,1.0,0.9072961373390558
8769,1.0,0.10984699882306787
8770,1.0,0.9908424908424909
8771,1.0,0.9880952380952381
8772,1.0,0.9329805996472663
8773,1.0,0.982695810564663
8774,1.0,0.9908424908424909
8775,1.0,0.9900271985494107
8776,1.0,0.1030097498940229
8777,0.8636334,0.5016801075268817
8778,1.0,0.9972350230414746
8779,1.0,0.9880952380952381
8780,1.0,0.9908424908424909
8781,1.0,0.9880952380952381
8782,1.0,0.09872434830837493
8783,1.0,0.11878247958426132
8784,1.0,0.11451942740286299
8785,1.0,0.9880952380952381
8786,1.0,0.1609792284866469
8787,1.0,0.14754412893323102
8788,1.0,0.9908424908424909
8789,1.0,0.9990757855822551
8790,1.0,0.9908424908424909
8791,1.0,0.12320441988950276
8792,1.0,0.032298395499062306
8793,1.0,0.9935543278084714
8794,1.0,0.9908424908424909
8795,1.0,0.9908424908424909
8796,1.0,0.9880952380952381
8797,1.0,0.004457652303120356
8798,1.0,0.9880952380952381
8799,1.0,0.9908424908424909
8800,1.0,0.933273219116321
8801,0.98148763,0.08398950131233596
8802,1.0,0.38550922761449075
8803,1.0,0.9880952380952381
8804,1.0,0.9908424908424909
8805,1.0,0.9917506874427131
8806,1.0,0.9908424908424909
8807,0.99995136,0.24899828277046365
8808,1.0,0.9579230080572964
8809,1.0,0.9709355131698456
8810,1.0,0.09951780034882528
8811,1.0,0.989935956084172
8812,0.9999984,0.5578666666666666
8813,1.0,0.9908424908424909
8814,1.0,0.9880952380952381
8815,1.0,0.98992673992674
8816,0.844422,0.6630926453342268
8817,0.20657243,0.25005688282138794
8818,1.0,0.7986798679867987
8819,1.0,0.9908424908424909
8820,1.0,0.9746606334841629
8821,1.0,0.9880952380952381
8822,0.99998194,0.19808591141776097
8823,1.0,0.9981549815498155
8824,1.0,0.9880952380952381
8825,1.0,0.9908424908424909
8826,1.0,0.9908424908424909
8827,1.0,0.9728506787330317
8828,1.0,0.9908424908424909
8829,1.0,0.9908424908424909
8830,1.0,0.7088212334113974
8831,1.0,0.9908424908424909
8832,0.99999994,0.9908424908424909
8833,1.0,0.4521604938271605
8834,1.0,0.989010989010989
8835,1.0,0.14142538975501115
8836,1.0,0.9880952380952381
8837,1.0,0.9880952380952381
8838,1.0,0.9872146118721461
8839,1.0,0.9908424908424909
8840,1.0,0.9880952380952381
8841,1.0,0.9908424908424909
8842,1.0,0.9908424908424909
8843,1.0,0.9908424908424909
8844,1.0,0.9954001839926403
8845,1.0,0.1403089663959229
8846,1.0,0.9908424908424909
8847,1.0,0.0455097757649398
8848,1.0,0.9349955476402493
8849,1.0,0.9663636363636363
8850,1.0,0.8538587848932676
8851,1.0,0.9908424908424909
8852,1.0,0.9908424908424909
8853,0.8227515,0.21138022945880172
8854,1.0,0.3904899135446686
8855,1.0,0.966726618705036
8856,1.0,0.87468671679198
8857,1.0,0.9908424908424909
8858,1.0,0.9908424908424909
8859,1.0,0.2718321917808219
8860,1.0,0.9908424908424909
8861,1.0,0.9863013698630136
8862,1.0,0.09512912716574044
8863,0.99608976,0.11807580174927114
8864,1.0,0.9880952380952381
8865,1.0,0.9880952380952381
8866,0.89661515,0.748755444928438
8867,1.0,0.13861386138613863
8868,1.0,0.9908424908424909
8869,1.0,0.5896860986547086
8870,1.0,0.9448398576512456
8871,1.0,0.9908424908424909
8872,1.0,0.07326447273600768
8873,0.99971235,0.1274787535410765
8874,1.0,0.9612612612612612
8875,1.0,0.9908424908424909
8876,1.0,0.10491586935004948
8877,1.0,0.09654104284976768
8878,1.0,0.9880952380952381
8879,1.0,0.9908424908424909
8880,1.0,0.8545765611633875
8881,1.0,0.9908424908424909
8882,1.0,0.3341902313624679
8883,1.0,0.9908424908424909
8884,1.0,0.9727024567788899
8885,1.0,0.05616338439095551
8886,1.0,0.9908424908424909
8887,1.0,0.9880952380952381
8888,1.0,0.9908424908424909
8889,1.0,0.9917050691244239
8890,1.0,0.6094132029339854
8891,1.0,0.9908424908424909
8892,1.0,0.10106614447345517
8893,1.0,0.9818016378525932
8894,1.0,0.9908424908424909
8895,1.0,0.9880952380952381
8896,1.0,0.8754098360655738
8897,1.0,0.26517571884984026
8898,1.0,0.9908424908424909
8899,1.0,0.11863656485170429
8900,1.0,0.9908424908424909
8901,1.0,0.20242914979757085
8902,1.0,0.8015151515151515
8903,1.0,0.9817850637522769
8904,1.0,0.03287150230915512
8905,1.0,0.6853754940711463
8906,1.0,0.9908424908424909
8907,1.0,0.9908424908424909
8908,1.0,0.9908424908424909
8909,1.0,0.9908424908424909
8910,1.0,0.9908424908424909
8911,1.0,0.9743589743589743
8912,1.0,0.9908424908424909
8913,1.0,0.974706413730804
8914,1.0,0.9908424908424909
8915,1.0,0.11287174187622
8916,1.0,0.1516833810888252
8917,1.0,0.9908424908424909
8918,1.0,0.9908424908424909
8919,1.0,0.1522359657469077
8920,1.0,0.9727272727272728
8921,1.0,0.4189294026377037
8922,1.0,0.9908424908424909
8923,1.0,0.9348017621145375
8924,1.0,0.9908424908424909
8925,1.0,0.9908424908424909
8926,1.0,0.9908424908424909
8927,1.0,0.9572727272727273
8928,1.0,0.2307446468520294
8929,1.0,0.9908424908424909
8930,1.0,0.9908424908424909
8931,1.0,0.9890210430009149
8932,1.0,0.9880952380952381
8933,1.0,0.9908424908424909
8934,1.0,0.11181828157577088
8935,1.0,0.9908424908424909
8936,1.0,0.8956140350877193
8937,1.0,0.9784366576819407
8938,1.0,0.8742565845369583
8939,1.0,0.9213002566295979
8940,1.0,0.9908424908424909
8941,1.0,0.9700272479564033
8942,1.0,0.9880952380952381
8943,1.0,0.9908424908424909
8944,1.0,0.9746606334841629
8945,1.0,0.9121376811594203
8946,1.0,0.9908424908424909
8947,1.0,0.9908424908424909
8948,0.63101,0.6523120367102012
8949,0.24271822,0.6179431072210065
8950,1.0,0.9880952380952381
8951,0.47323495,0.4440819522380269
8952,1.0,0.2805575411007863
8953,1.0,0.9954001839926403
8954,1.0,0.11707071975882427
8955,1.0,0.9908424908424909
8956,1.0,0.05156421946234869
8957,1.0,0.98992673992674
8958,1.0,0.9908424908424909
8959,1.0,0.5245494095711623
8960,0.99853534,0.13486736976669864
8961,1.0,0.9880952380952381
8962,0.99994445,0.43902439024390244
8963,1.0,0.9140625
8964,1.0,0.9908424908424909
8965,1.0,0.9908424908424909
8966,1.0,0.9908424908424909
8967,1.0,0.9908424908424909
8968,1.0,0.6623018607856651
8969,1.0,0.12116925978312117
8970,1.0,0.8401976935749588
8971,1.0,0.14115456238361265
8972,1.0,0.8193548387096774
8973,1.0,0.8566402814423922
8974,0.99049544,0.08525476800455452
8975,1.0,0.9455842997323818
8976,1.0,0.98992673992674
8977,1.0,0.9880952380952381
8978,1.0,0.9908424908424909
8979,1.0,0.9908424908424909
8980,1.0,0.7847896440129449
8981,1.0,0.07195805460133792
8982,1.0,0.9880952380952381
8983,1.0,0.9908424908424909
8984,1.0,0.9423247559893523
8985,1.0,0.15924344112263575
8986,1.0,0.9899082568807339
8987,0.90837145,0.8083768391077362
8988,1.0,0.9908424908424909
8989,1.0,0.9180616740088106
8990,1.0,0.9908424908424909
8991,1.0,0.9880952380952381
8992,0.9999997,0.3303287380699894
8993,1.0,0.9754990925589837
8994,1.0,0.9908424908424909
8995,1.0,0.9880952380952381
8996,1.0,0.9640933572710951
8997,1.0,0.3667334669338677
8998,1.0,0.9908424908424909
8999,1.0,0.9908424908424909
9000,1.0,0.9880952380952381
9001,1.0,0.9880952380952381
9002,1.0,0.166343669250646
9003,1.0,0.9880952380952381
9004,1.0,0.9790718835304822
9005,1.0,0.1071573398215734
9006,1.0,0.9908424908424909
9007,1.0,0.9908424908424909
9008,1.0,0.8848739495798319
9009,1.0,0.9908424908424909
9010,1.0,0.9880952380952381
9011,0.9795859,0.057123988773320124
9012,1.0,0.9908424908424909
9013,1.0,0.9835766423357665
9014,1.0,0.9908424908424909
9015,1.0,0.37991573033707865
9016,1.0,0.9908424908424909
9017,1.0,0.9908424908424909
9018,1.0,0.9935543278084714
9019,1.0,0.9908424908424909
9020,1.0,0.9880952380952381
9021,1.0,0.7145187601957586
9022,1.0,0.9908424908424909
9023,1.0,0.15222792777869804
9024,1.0,0.8329004329004329
9025,1.0,0.971894832275612
9026,1.0,0.9881170018281535
9027,0.99999994,0.9908424908424909
9028,1.0,0.34782608695652173
9029,1.0,0.9908424908424909
9030,1.0,0.015712113532691332
9031,1.0,0.7734311328443357
9032,1.0,0.025597476646851875
9033,1.0,0.9816849816849816
9034,1.0,0.9908424908424909
9035,1.0,0.9908424908424909
9036,1.0,0.5306652806652806
9037,1.0,0.9908424908424909
9038,1.0,0.9880952380952381
9039,1.0,0.10714285714285714
9040,1.0,0.0916919959473151
9041,1.0,0.9880952380952381
9042,1.0,0.9908424908424909
9043,1.0,0.2340960523007292
9044,1.0,0.9880952380952381
9045,1.0,0.9908424908424909
9046,1.0,0.9880952380952381
9047,1.0,0.9908424908424909
9048,0.8656288,0.8099019939168638
9049,1.0,0.9177489177489178
9050,1.0,0.9890210430009149
9051,1.0,0.7029459901800328
9052,1.0,0.05760990318996985
9053,1.0,0.1503665574793324
9054,1.0,0.9372759856630825
9055,1.0,0.9881061299176578
9056,1.0,0.9689497716894977
9057,1.0,0.9908424908424909
9058,1.0,0.17089348419820521
9059,1.0,0.9908424908424909
9060,1.0,0.9908424908424909
9061,1.0,0.8798206278026905
9062,1.0,0.98992673992674
9063,1.0,0.9908424908424909
9064,1.0,0.05279232111692845
9065,1.0,0.3423952975753123
9066,1.0,0.9323241317898486
9067,1.0,0.9400352733686067
9068,1.0,0.9833641404805915
9069,1.0,0.9908424908424909
9070,1.0,0.7734311328443357
9071,1.0,0.07513416815742398
9072,1.0,0.9880952380952381
9073,1.0,0.9496402877697842
9074,1.0,0.9908424908424909
9075,1.0,0.9854413102820746
9076,1.0,0.12975609756097561
9077,1.0,0.3619942196531792
9078,1.0,0.021517697988286223
9079,1.0,0.9880952380952381
9080,0.9999708,0.6499589153656532
9081,0.79811865,0.8058071007618226
9082,1.0,0.9908424908424909
9083,1.0,0.09756715661429295
9084,1.0,0.8831385642737897
9085,1.0,0.9908424908424909
9086,1.0,0.9908424908424909
9087,1.0,0.09050647285941403
9088,1.0,0.9908424908424909
9089,1.0,0.9908424908424909
9090,1.0,0.12401471361008934
9091,1.0,0.9908424908424909
9092,1.0,0.43054357204486626
9093,1.0,0.94275802254987
9094,1.0,0.9880952380952381
9095,1.0,0.9908424908424909
9096,0.99961853,0.3976225133430374
9097,1.0,0.9620253164556962
9098,1.0,0.9908424908424909
9099,1.0,0.9908424908424909
9100,1.0,0.154144204851752
9101,1.0,0.9880952380952381
9102,0.5367995,0.5278622087132725
9103,1.0,0.6526566217287867
9104,1.0,0.877104377104377
9105,0.97742987,0.03982444733420026
9106,1.0,0.9908424908424909
9107,0.33115605,0.3515562006128044
9108,1.0,0.10328638497652583
9109,1.0,0.9880952380952381
9110,1.0,0.8764607679465777
9111,1.0,0.9880952380952381
9112,1.0,0.14701737905119774
9113,1.0,0.9908424908424909
9114,1.0,0.9908424908424909
9115,1.0,0.9926605504587156
9116,1.0,0.9880952380952381
9117,1.0,0.9908424908424909
9118,1.0,0.9908424908424909
9119,1.0,0.9908424908424909
9120,1.0,0.5495081967213115
9121,1.0,0.9908424908424909
9122,1.0,0.9880952380952381
9123,1.0,0.07565263718700053
9124,1.0,0.9908424908424909
9125,1.0,0.982648401826484
9126,1.0,0.98992673992674
9127,1.0,0.9343389529724934
9128,1.0,0.5830527497194163
9129,1.0,0.9880952380952381
9130,1.0,0.9908424908424909
9131,1.0,0.9908424908424909
9132,1.0,0.9908424908424909
9133,1.0,0.9790718835304822
9134,1.0,0.9389380530973451
9135,1.0,0.0919435593991807
9136,1.0,0.12460765850596359
9137,1.0,0.933920704845815
9138,1.0,0.98
9139,1.0,0.9908424908424909
9140,1.0,0.11869378177551819
9141,1.0,0.9115770282588879
9142,1.0,0.9853747714808044
9143,1.0,0.9908424908424909
9144,1.0,0.7993705743509048
9145,1.0,0.17653221581980094
9146,1.0,0.9908424908424909
9147,1.0,0.9908424908424909
9148,1.0,0.8987234042553192
9149,0.99999994,0.9908424908424909
9150,1.0,0.2709996199163816
9151,1.0,0.9880952380952381
9152,1.0,0.9908424908424909
9153,1.0,0.9908424908424909
9154,0.52112585,0.9444
9155,1.0,0.9953874538745388
9156,1.0,0.038719185423365485
9157,1.0,0.08508095186352277
9158,1.0,0.9908424908424909
9159,1.0,0.1813206858810653
9160,1.0,0.9908424908424909
9161,1.0,0.989010989010989
9162,1.0,0.9908424908424909
9163,1.0,0.19341275402943237
9164,1.0,0.9908424908424909
9165,1.0,0.9908424908424909
9166,1.0,0.9880952380952381
9167,1.0,0.9917506874427131
9168,1.0,0.9908424908424909
9169,1.0,0.9908424908424909
9170,1.0,0.9880952380952381
9171,1.0,0.9845031905195989
9172,1.0,0.9908424908424909
9173,1.0,0.9908424908424909
9174,1.0,0.0898654487100358
9175,1.0,0.9880952380952381
9176,0.85904646,0.47955225534744544
9177,1.0,0.9880952380952381
9178,1.0,0.9488536155202821
9179,1.0,0.9780420860018298
9180,1.0,0.9845031905195989
9181,1.0,0.5161290322580645
9182,1.0,0.8637901861252115
9183,1.0,0.9908424908424909
9184,1.0,0.036988110964332896
9185,1.0,0.9880952380952381
9186,1.0,0.9908424908424909
9187,1.0,0.19234154929577466
9188,1.0,0.9990766389658357
9189,1.0,0.9623655913978495
9190,1.0,0.9908424908424909
9191,1.0,0.9908424908424909
9192,1.0,0.9880952380952381
9193,1.0,0.9908424908424909
9194,1.0,0.9926806953339433
9195,1.0,0.09426795580110497
9196,1.0,0.9908424908424909
9197,1.0,0.9880952380952381
9198,0.9620768,0.3815038603558241
9199,1.0,0.9908424908424909
9200,1.0,0.9908424908424909
9201,1.0,0.5121212121212121
9202,1.0,0.972875226039783
9203,1.0,0.9880952380952381
9204,1.0,0.7541633624107851
9205,1.0,0.9908424908424909
9206,1.0,0.9908424908424909
9207,1.0,0.9908424908424909
9208,1.0,0.8654331370899916
9209,1.0,0.7852564102564102
9210,1.0,0.9746606334841629
9211,1.0,0.9908424908424909
9212,1.0,0.9908424908424909
9213,1.0,0.9881170018281535
9214,1.0,0.24881995954147
9215,1.0,0.9908424908424909
9216,1.0,0.14924896132949825
9217,1.0,0.9890210430009149
9218,1.0,0.9908424908424909
9219,0.52133775,0.8492766141222198
9220,1.0,0.08503726351996943
9221,0.99999845,0.30884184308841844
9222,0.33690557,0.7449223416965353
9223,1.0,0.614329268292683
9224,1.0,0.9908424908424909
9225,1.0,0.5179856115107914
9226,1.0,0.050968828980623423
9227,1.0,0.7602131438721137
9228,0.33560997,0.20027603128354546
9229,1.0,0.9917506874427131
9230,1.0,0.9917506874427131
9231,1.0,0.9880952380952381
9232,1.0,0.47049924357034795
9233,1.0,0.9963369963369964
9234,0.9999988,0.24792013311148087
9235,1.0,0.9908424908424909
9236,1.0,0.941696113074205
9237,1.0,0.9908424908424909
9238,1.0,0.25563425627817127
9239,0.9139453,0.334865397242285
9240,1.0,0.13028169014084506
9241,1.0,0.797608095676173
9242,1.0,0.9666366095581606
9243,1.0,0.9880952380952381
9244,1.0,0.11247626493912655
9245,1.0,0.9871912168344007
9246,1.0,0.9908424908424909
9247,1.0,0.7847790507364976
9248,1.0,0.29289059174116644
9249,1.0,0.9880952380952381
9250,0.86295825,0.6621637920636835
9251,1.0,0.9908424908424909
9252,1.0,0.5753731343283582
9253,0.40807632,0.13685901112768153
9254,1.0,0.044201909959072305
9255,1.0,0.9649595687331537
9256,1.0,0.9348017621145375
9257,1.0,0.925531914893617
9258,1.0,0.9908424908424909
9259,1.0,0.06991814461118691
9260,1.0,0.9862637362637363
9261,1.0,0.9908424908424909
9262,1.0,0.08819875776397515
9263,1.0,0.9908424908424909
9264,1.0,0.9908424908424909
9265,1.0,0.10591624196764901
9266,1.0,0.9880952380952381
9267,1.0,0.9908424908424909
9268,1.0,0.9908424908424909
9269,1.0,0.9908424908424909
9270,1.0,0.87468671679198
9271,1.0,0.9746606334841629
9272,1.0,0.9908424908424909
9273,1.0,0.9908424908424909
9274,1.0,0.030869030309808747
9275,1.0,0.9908424908424909
9276,1.0,0.6428027418126429
9277,1.0,0.9908424908424909
9278,0.7796799,0.5175711743772242
9279,1.0,0.9890310786106032
9280,1.0,0.9908424908424909
9281,1.0,0.9908424908424909
9282,1.0,0.9908424908424909
9283,1.0,0.1026115091287266
9284,1.0,0.9615040286481648
9285,0.99743325,0.0854153041203401
9286,1.0,0.989010989010989
9287,1.0,0.9908424908424909
9288,1.0,0.9908424908424909
9289,1.0,0.9746606334841629
9290,1.0,0.9280070237050044
9291,1.0,0.12593330014932802
9292,1.0,0.9908424908424909
9293,1.0,0.9880952380952381
9294,1.0,0.968065693430657
9295,1.0,0.9747520288548241
9296,1.0,0.9908424908424909
9297,1.0,0.9880952380952381
9298,1.0,0.9579982126899017
9299,0.99999994,0.2736061875604254
9300,1.0,0.9908424908424909
9301,1.0,0.9908424908424909
9302,1.0,0.878839590443686
9303,1.0,0.9917506874427131
9304,1.0,0.040858179523584164
9305,1.0,0.9908424908424909
9306,1.0,0.9908424908424909
9307,1.0,0.11365818530964954
9308,1.0,0.9908424908424909
9309,1.0,0.9880952380952381
9310,1.0,0.9908424908424909
9311,1.0,0.21960465746005958
9312,1.0,0.9908424908424909
9313,1.0,0.9880952380952381
9314,1.0,0.9908424908424909
9315,1.0,0.9908424908424909
9316,1.0,0.9908424908424909
9317,1.0,0.9908424908424909
9318,1.0,0.6115830115830115
9319,0.9999971,0.1888745148771022
9320,1.0,0.9908424908424909
9321,1.0,0.9880952380952381
9322,1.0,0.989935956084172
9323,1.0,0.9908424908424909
9324,1.0,0.098904588029846
9325,1.0,0.9908424908424909
9326,1.0,0.9908424908424909
9327,1.0,0.9192006950477846
9328,1.0,0.9908424908424909
9329,1.0,0.7599674532139952
9330,1.0,0.09874271695798835
9331,1.0,0.9908424908424909
9332,1.0,0.9908424908424909
9333,1.0,0.9917431192660551
9334,1.0,0.9908424908424909
9335,1.0,0.9908424908424909
9336,1.0,0.9908424908424909
9337,0.4918298,0.2136089577950043
9338,1.0,0.9908424908424909
9339,1.0,0.9908424908424909
9340,1.0,0.9908424908424909
9341,1.0,0.9631956912028725
9342,1.0,0.9908424908424909
9343,1.0,0.9880952380952381
9344,1.0,0.17382154882154882
9345,1.0,0.04
9346,1.0,0.9908424908424909
9347,1.0,0.9880952380952381
9348,1.0,0.9880952380952381
9349,1.0,0.9908424908424909
9350,1.0,0.1032016348773842
9351,1.0,0.9908424908424909
9352,1.0,0.9908424908424909
9353,1.0,0.06533700137551582
9354,1.0,0.9908424908424909
9355,1.0,0.9253075571177505
9356,1.0,0.9908424908424909
9357,1.0,0.9908424908424909
9358,1.0,0.989010989010989
9359,1.0,0.9908424908424909
9360,1.0,0.9880952380952381
9361,1.0,0.9908424908424909
9362,1.0,0.9908424908424909
9363,1.0,0.9908424908424909
9364,1.0,0.9474153297682709
9365,1.0,0.7847896440129449
9366,0.97961414,0.7110266159695817
9367,1.0,0.4189294026377037
9368,0.7717727,0.6268328445747801
9369,1.0,0.9944700460829493
9370,1.0,0.9474153297682709
9371,1.0,0.9908424908424909
9372,1.0,0.9908424908424909
9373,1.0,0.9908424908424909
9374,1.0,0.9908424908424909
9375,1.0,0.9484265734265734
9376,1.0,0.9908424908424909
9377,1.0,0.1445903511276049
9378,0.22554052,0.6773490578131008
9379,1.0,0.6643009226401704
9380,1.0,0.06704196519959059
9381,0.99867105,0.09961685823754789
9382,1.0,0.8181818181818182
9383,1.0,0.9917506874427131
9384,1.0,0.9908424908424909
9385,1.0,0.5656934306569343
9386,1.0,0.98992673992674
9387,1.0,0.9700272479564033
9388,1.0,0.7934863064396743
9389,1.0,0.98992673992674
9390,1.0,0.9908424908424909
9391,1.0,0.9908424908424909
9392,1.0,0.9815668202764977
9393,1.0,0.9908424908424909
9394,1.0,0.9908424908424909
9395,1.0,0.9908424908424909
9396,1.0,0.9599271402550091
9397,1.0,0.12384904681623654
9398,1.0,0.9179304192685103
9399,1.0,0.9908424908424909
9400,1.0,0.9908424908424909
9401,1.0,0.9881170018281535
9402,1.0,0.9490909090909091
9403,1.0,0.9880952380952381
9404,1.0,0.9908424908424909
9405,1.0,0.9880952380952381
9406,1.0,0.9095607235142119
9407,0.99992913,0.20133375674817403
9408,0.6310883,0.46309637080331656
9409,1.0,0.9553571428571429
9410,1.0,0.9675675675675676
9411,1.0,0.8673376029277219
9412,0.9954308,0.24359712230215827
9413,1.0,0.9789762340036563
9414,1.0,0.9880952380952381
9415,1.0,0.9954001839926403
9416,1.0,0.9908424908424909
9417,1.0,0.1016767748840528
9418,1.0,0.972875226039783
9419,1.0,0.9908424908424909
9420,1.0,0.9880952380952381
9421,1.0,0.9908424908424909
9422,1.0,0.0738056500517675
9423,1.0,0.9908424908424909
9424,1.0,0.10165369649805447
9425,0.16226485,0.13272220007971303
9426,1.0,0.9908424908424909
9427,1.0,0.9880952380952381
9428,1.0,0.29959387691346456
9429,1.0,0.9871912168344007
9430,1.0,0.9110535405872193
9431,1.0,0.9908424908424909
9432,1.0,0.049910873440285206
9433,1.0,0.2229872881355932
9434,1.0,0.09410740924912979
9435,1.0,0.08085654107184648
9436,1.0,0.9908424908424909
9437,1.0,0.9908424908424909
9438,1.0,0.1367736211740352
9439,1.0,0.14473888114055478
9440,1.0,0.9908424908424909
9441,0.90323704,0.16625094892094133
9442,1.0,0.9917279411764706
9443,1.0,0.9899082568807339
9444,1.0,0.3451970914657482
9445,1.0,0.8626790227464195
9446,0.99999976,0.6813104988830976
9447,1.0,0.9880952380952381
9448,1.0,0.17552182163187854
9449,1.0,0.09832009376220863
9450,1.0,0.9880952380952381
9451,1.0,0.9880952380952381
9452,1.0,0.9908424908424909
9453,1.0,0.9963403476669717
9454,1.0,0.38743136058572303
9455,1.0,0.2977941176470588
9456,1.0,0.9880952380952381
9457,1.0,0.9863138686131386
9458,1.0,0.9754990925589837
9459,1.0,0.08234519104084322
9460,1.0,0.9908424908424909
9461,1.0,0.7611464968152867
9462,1.0,0.9908424908424909
9463,1.0,0.9917506874427131
9464,1.0,0.9018151815181518
9465,1.0,0.778740157480315
9466,1.0,0.047113243104334415
9467,1.0,0.9908424908424909
9468,1.0,0.9908424908424909
9469,1.0,0.9880952380952381
9470,1.0,0.9908424908424909
9471,0.9671815,0.7772177419354839
9472,1.0,0.9880952380952381
9473,1.0,0.9908424908424909
9474,1.0,0.11606371156932954
9475,1.0,0.9604672057502246
9476,1.0,0.9872146118721461
9477,1.0,0.9908424908424909
9478,1.0,0.9863138686131386
9479,1.0,0.9880952380952381
9480,1.0,0.11748357756442648
9481,1.0,0.9908424908424909
9482,1.0,0.9719710669077758
9483,1.0,0.02260918410335627
9484,1.0,0.9908424908424909
9485,1.0,0.9908424908424909
9486,1.0,0.9908424908424909
9487,1.0,0.28579710144927534
9488,0.4343687,0.8315396441906435
9489,1.0,0.0730277185501066
9490,1.0,0.11146589259796807
9491,1.0,0.9908424908424909
9492,1.0,0.9871677360219981
9493,0.174262,0.10489130434782609
9494,0.9999945,0.1669029057406095
9495,1.0,0.9880952380952381
9496,0.48515844,0.06713302493512355
9497,1.0,0.12217916571689082
9498,1.0,0.28863409770687937
9499,1.0,0.4189294026377037
9500,1.0,0.9880952380952381
9501,1.0,0.10122699386503067
9502,1.0,0.5276162790697675
9503,1.0,0.9623992837958818
9504,1.0,0.9880952380952381
9505,1.0,0.9908424908424909
9506,1.0,0.9880952380952381
9507,1.0,0.9880952380952381
9508,1.0,0.7852664576802508
9509,1.0,0.13320647002854424
9510,0.9999988,0.36994609164420483
9511,1.0,0.9908424908424909
9512,1.0,0.9908424908424909
9513,1.0,0.9588665447897623
9514,1.0,0.9908424908424909
9515,0.8021158,0.6520138588133391
9516,1.0,0.9908424908424909
9517,1.0,0.06845585375340335
9518,1.0,0.9880952380952381
9519,1.0,0.9908424908424909
9520,1.0,0.9908424908424909
9521,1.0,0.9908424908424909
9522,1.0,0.9908424908424909
9523,1.0,0.05851755526657997
9524,1.0,0.9908424908424909
9525,1.0,0.9917506874427131
9526,1.0,0.9908424908424909
9527,1.0,0.10851837912432569
9528,1.0,0.9908424908424909
9529,1.0,0.9880952380952381
9530,1.0,0.04508979747802828
9531,1.0,0.9880952380952381
9532,1.0,0.04075425790754258
9533,1.0,0.11241875988055507
9534,1.0,0.9908424908424909
9535,1.0,0.6534341524889729
9536,1.0,0.6494156928213689
9537,1.0,0.989010989010989
9538,0.9999964,0.12348048624440179
9539,1.0,0.9880952380952381
9540,1.0,0.9908424908424909
9541,1.0,0.9908424908424909
9542,1.0,0.08624478136673258
9543,1.0,0.9908424908424909
9544,1.0,0.9908424908424909
9545,1.0,0.9908424908424909
9546,1.0,0.9963369963369964
9547,1.0,0.06743335075797177
9548,1.0,0.9908424908424909
9549,1.0,0.35356200527704484
9550,1.0,0.396031746031746
9551,1.0,0.9880952380952381
9552,0.9785083,0.9197748064743139
9553,1.0,0.9908424908424909
9554,1.0,0.971945701357466
9555,1.0,0.9908424908424909
9556,1.0,0.9908424908424909
9557,1.0,0.7291828793774319
9558,1.0,0.9908424908424909
9559,1.0,0.9880952380952381
9560,1.0,0.989935956084172
9561,0.7874324,0.12367491166077739
9562,1.0,0.9908424908424909
9563,1.0,0.9908424908424909
9564,1.0,0.9908424908424909
9565,1.0,0.9880952380952381
9566,1.0,0.0884450784593438
9567,1.0,0.9880952380952381
9568,1.0,0.39745403111739747
9569,1.0,0.9880952380952381
9570,1.0,0.9880952380952381
9571,0.9999999,0.32432432432432434
9572,1.0,0.09535557224069506
9573,1.0,0.856312292358804
9574,1.0,0.9908424908424909
9575,1.0,0.9908424908424909
9576,1.0,0.9880952380952381
9577,1.0,0.9853747714808044
9578,1.0,0.8072
9579,1.0,0.7281323877068558
9580,1.0,0.9553172475424486
9581,1.0,0.05270188221007893
9582,0.67580384,0.7677546983184965
9583,1.0,0.9908424908424909
9584,1.0,0.9880952380952381
9585,1.0,0.9880952380952381
9586,1.0,0.9908424908424909
9587,1.0,0.9908424908424909
9588,1.0,0.13320647002854424
9589,1.0,0.9880952380952381
9590,1.0,0.9963065558633426
9591,0.9829323,0.34838076545632973
9592,1.0,0.9908424908424909
9593,1.0,0.9880952380952381
9594,0.9999992,0.4336996336996337
9595,1.0,0.9880952380952381
9596,1.0,0.9908424908424909
9597,1.0,0.9908424908424909
9598,1.0,0.9917506874427131
9599,1.0,0.9853747714808044
9600,0.51074386,0.8356859957347416
9601,1.0,0.9908424908424909
9602,1.0,0.962059620596206
9603,1.0,0.9908424908424909
9604,1.0,0.9908424908424909
9605,0.9999995,0.28934624697336564
9606,1.0,0.09836813876526304
9607,1.0,0.15339263549855192
9608,1.0,0.9908424908424909
9609,1.0,0.9908424908424909
9610,1.0,0.09849306811332127
9611,1.0,0.9908424908424909
9612,1.0,0.8772954924874792
9613,1.0,0.947508896797153
9614,1.0,0.98359161349134
9615,0.9999989,0.3066180935033394
9616,0.9999998,0.33051359516616313
9617,1.0,0.9908424908424909
9618,1.0,0.9908424908424909
9619,1.0,0.9579982126899017
9620,1.0,0.5245901639344263
9621,0.9839297,0.35604395604395606
9622,1.0,0.9908424908424909
9623,1.0,0.25232919254658387
9624,1.0,0.08624624624624624
9625,0.9999094,0.11217043314500942
9626,1.0,0.08694420843953554
9627,1.0,0.9880952380952381
9628,1.0,0.970216606498195
9629,1.0,0.9880952380952381
9630,1.0,0.9908424908424909
9631,1.0,0.9908424908424909
9632,1.0,0.9880952380952381
9633,1.0,0.9908424908424909
9634,1.0,0.9917506874427131
9635,1.0,0.19009243896657976
9636,1.0,0.09849306811332127
9637,1.0,0.9587073608617595
9638,1.0,0.9908424908424909
9639,1.0,0.0907764460656592
9640,1.0,0.9880952380952381
9641,1.0,0.9908424908424909
9642,1.0,0.9880952380952381
9643,1.0,0.8113654301499605
9644,1.0,0.996316758747698
9645,1.0,0.9917506874427131
9646,0.9174136,0.30491329479768786
9647,1.0,0.989010989010989
9648,1.0,0.9579230080572964
9649,1.0,0.10513169845594914
9650,1.0,0.10571081409477522
9651,1.0,0.989010989010989
9652,1.0,0.9890210430009149
9653,1.0,0.8901581722319859
9654,1.0,0.9719710669077758
9655,1.0,0.9853747714808044
9656,1.0,0.9533394327538883
9657,1.0,0.11521235521235522
9658,1.0,0.9908424908424909
9659,0.9275634,0.6265861027190333
9660,1.0,0.9880952380952381
9661,1.0,0.9880952380952381
9662,0.9993191,0.0863657660471654
9663,1.0,0.17637626937466597
9664,1.0,0.9908424908424909
9665,0.9837086,0.2652908067542214
9666,1.0,0.9917279411764706
9667,1.0,0.9880952380952381
9668,1.0,0.9370008873114463
9669,1.0,0.9880952380952381
9670,1.0,0.9908424908424909
9671,1.0,0.9908424908424909
9672,1.0,0.9880952380952381
9673,1.0,0.23212280044926994
9674,0.99999994,0.9908424908424909
9675,1.0,0.9880952380952381
9676,1.0,0.8627287853577371
9677,0.8118128,0.6833910034602076
9678,1.0,0.9880952380952381
9679,1.0,0.9755434782608695
9680,1.0,0.7909238249594813
9681,1.0,0.9917506874427131
9682,1.0,0.7364591754244139
9683,1.0,0.1943308803488689
9684,1.0,0.9908424908424909
9685,1.0,0.7915027537372148
9686,1.0,0.989010989010989
9687,1.0,0.2560856864654333
9688,1.0,0.9680073126142597
9689,1.0,0.9880952380952381
9690,1.0,0.9908424908424909
9691,1.0,0.9862888482632541
9692,1.0,0.06221776216758655
9693,1.0,0.9880952380952381
9694,1.0,0.04395604395604396
9695,1.0,0.1195580474934037
9696,1.0,0.9790718835304822
9697,1.0,0.08654528257271223
9698,1.0,0.20199244245963585
9699,1.0,0.9908424908424909
9700,1.0,0.026026026026026026
9701,1.0,0.9908424908424909
9702,1.0,0.15221579961464354
9703,1.0,0.9908424908424909
9704,1.0,0.4789915966386555
9705,1.0,0.8544520547945206
9706,1.0,0.8138256087981147
9707,1.0,0.9908424908424909
9708,1.0,0.09700585570655176
9709,1.0,0.9890210430009149
9710,0.99999994,0.9908424908424909
9711,1.0,0.989010989010989
9712,1.0,0.9908424908424909
9713,1.0,0.2876543209876543
9714,1.0,0.9881170018281535
9715,1.0,0.5973101265822784
9716,1.0,0.9908424908424909
9717,1.0,0.23817292006525284
9718,1.0,0.9908424908424909
9719,1.0,0.9908424908424909
9720,1.0,0.9908424908424909
9721,1.0,0.9908424908424909
9722,1.0,0.9680073126142597
9723,1.0,0.9908424908424909
9724,1.0,0.9853747714808044
9725,1.0,0.9880952380952381
9726,1.0,0.7883511074651354
9727,1.0,0.1046037889590548
9728,1.0,0.9880952380952381
9729,1.0,0.8828058169375534
9730,1.0,0.06480403570042685
9731,1.0,0.9862637362637363
9732,1.0,0.98992673992674
9733,0.8393243,0.8329605650382578
9734,1.0,0.9908424908424909
9735,1.0,0.9880952380952381
9736,1.0,0.9908424908424909
9737,1.0,0.6870642912470952
9738,1.0,0.9872029250457038
9739,1.0,0.7897111913357401
9740,1.0,0.9908424908424909
9741,1.0,0.9972350230414746
9742,1.0,0.9880952380952381
9743,1.0,0.978021978021978
9744,0.9998015,0.1586810922205049
9745,1.0,0.038038496791934
9746,1.0,0.9880952380952381
9747,0.72587943,0.7053752535496958
9748,1.0,0.040875912408759124
9749,1.0,0.9890009165902841
9750,1.0,0.0873585726718886
9751,1.0,0.9908424908424909
9752,1.0,0.9918918918918919
9753,1.0,0.9908424908424909
9754,1.0,0.9908340971585701
9755,1.0,0.996316758747698
9756,1.0,0.9908424908424909
9757,1.0,0.9908424908424909
9758,1.0,0.9908424908424909
9759,1.0,0.1443850267379679
9760,1.0,0.04
9761,1.0,0.8073234524847428
9762,1.0,0.8720735785953178
9763,1.0,0.98992673992674
9764,0.51561207,0.15196700507614214
9765,1.0,0.9908424908424909
9766,1.0,0.9872029250457038
9767,1.0,0.6094132029339854
9768,1.0,0.9880952380952381
9769,1.0,0.9844606946983546
9770,1.0,0.9908424908424909
9771,1.0,0.9908424908424909
9772,1.0,0.9908424908424909
9773,1.0,0.9908424908424909
9774,1.0,0.9908424908424909
9775,1.0,0.9908424908424909
9776,1.0,0.14682454251883745
9777,1.0,0.11663641863278887
9778,1.0,0.9082813891362422
9779,1.0,0.9908424908424909
9780,1.0,0.94275802254987
9781,1.0,0.9908424908424909
9782,1.0,0.989010989010989
9783,1.0,0.98992673992674
9784,1.0,0.03743769222611094
9785,1.0,0.9880952380952381
9786,1.0,0.9908424908424909
9787,1.0,0.9908424908424909
9788,1.0,0.9908424908424909
9789,0.18033563,0.8400170648464164
9790,1.0,0.9908424908424909
9791,1.0,0.9908424908424909
9792,1.0,0.9908424908424909
9793,1.0,0.7701647875108413
9794,1.0,0.9908424908424909
9795,1.0,0.9908424908424909
9796,1.0,0.9908424908424909
9797,0.9999879,0.15223184543637575
9798,1.0,0.9844748858447488
9799,1.0,0.8711072664359861
9800,1.0,0.9908424908424909
9801,1.0,0.23770491803278687
9802,1.0,0.9264448336252189
9803,1.0,0.9880952380952381
9804,1.0,0.11690885072655217
9805,1.0,0.9908424908424909
9806,1.0,0.9908424908424909
9807,1.0,0.09895470383275261
9808,1.0,0.9880952380952381
9809,1.0,0.11831467661691543
9810,1.0,0.9908424908424909
9811,1.0,0.9908424908424909
9812,1.0,0.9629294755877035
9813,1.0,0.04172598839119483
9814,0.69001395,0.38807377908195345
9815,1.0,0.9683257918552036
9816,1.0,0.9329805996472663
9817,1.0,0.9908424908424909
9818,1.0,0.9908424908424909
9819,0.1762207,0.8572177377083552
9820,1.0,0.9880952380952381
9821,0.99999976,0.2893341190335887
9822,1.0,0.9880952380952381
9823,1.0,0.8514376996805112
9824,1.0,0.9908424908424909
9825,1.0,0.09228650137741047
9826,1.0,0.9908424908424909
9827,1.0,0.9826007326007326
9828,1.0,0.9908424908424909
9829,1.0,0.9871794871794872
9830,0.5231526,0.34340624604880515
9831,0.99963915,0.11569664902998236
9832,1.0,0.0558107167710508
9833,1.0,0.9908424908424909
9834,1.0,0.08866761498340446
9835,1.0,0.9880952380952381
9836,1.0,0.09053730080383585
9837,1.0,0.9880952380952381
9838,1.0,0.996316758747698
9839,1.0,0.9458259325044405
9840,1.0,0.9880952380952381
9841,0.3929944,0.04804560260586319
9842,1.0,0.1052393857271906
9843,1.0,0.9908424908424909
9844,1.0,0.8534979423868313
9845,1.0,0.673354735152488
9846,1.0,0.9843893480257117
9847,1.0,0.9908424908424909
9848,1.0,0.9890210430009149
9849,1.0,0.9908424908424909
9850,1.0,0.7889273356401384
9851,1.0,0.9908424908424909
9852,1.0,0.9880952380952381
9853,1.0,0.9908424908424909
9854,1.0,0.9908424908424909
9855,1.0,0.9908424908424909
9856,1.0,0.9908424908424909
9857,1.0,0.9908424908424909
9858,1.0,0.9368888888888889
9859,1.0,0.9908424908424909
9860,1.0,0.9880952380952381
9861,1.0,0.9917431192660551
9862,1.0,0.9880952380952381
9863,1.0,0.07286368260427263
9864,1.0,0.9880952380952381
9865,1.0,0.8935226264418811
9866,1.0,0.8781942078364565
9867,1.0,0.14611486486486486
9868,1.0,0.9880952380952381
9869,1.0,0.9908424908424909
9870,1.0,0.9908424908424909
9871,1.0,0.5831987075928917
9872,1.0,0.9880952380952381
9873,1.0,0.9854147675478578
9874,1.0,0.06865219586067643
9875,1.0,0.996316758747698
9876,1.0,0.98992673992674
9877,1.0,0.9908424908424909
9878,1.0,0.8514431239388794
9879,1.0,0.9908424908424909
9880,1.0,0.971996386630533
9881,1.0,0.9908424908424909
9882,1.0,0.9908424908424909
9883,1.0,0.8987234042553192
9884,1.0,0.9908424908424909
9885,1.0,0.9908424908424909
9886,1.0,0.989010989010989
9887,1.0,0.8476658476658476
9888,1.0,0.9880952380952381
9889,1.0,0.7702596380802518
9890,1.0,0.9080756013745704
9891,0.5234282,0.09272918861959958
9892,1.0,0.9827429609445958
9893,1.0,0.038038496791934
9894,1.0,0.9908424908424909
9895,1.0,0.992653810835629
9896,1.0,0.9908424908424909
9897,1.0,0.9908424908424909
9898,1.0,0.7757085020242915
9899,0.99999994,0.12699967352269018
9900,1.0,0.9790909090909091
9901,1.0,0.4189294026377037
9902,1.0,0.9880952380952381
9903,1.0,0.9908424908424909
9904,1.0,0.9908424908424909
9905,1.0,0.969286359530262
9906,1.0,0.9908424908424909
9907,1.0,0.24379719525350593
9908,1.0,0.9908424908424909
9909,0.9999976,0.054067159655715846
9910,1.0,0.9908424908424909
9911,1.0,0.9283819628647215
9912,1.0,0.9908424908424909
9913,1.0,0.98992673992674
9914,1.0,0.9394479073909172
9915,1.0,0.20868744098205855
9916,1.0,0.9908424908424909
9917,1.0,0.9684968496849685
9918,1.0,0.9862258953168044
9919,1.0,0.9908424908424909
9920,1.0,0.937112488928255
9921,0.85644597,0.5068656716417911
9922,1.0,0.996316758747698
9923,1.0,0.9880952380952381
9924,1.0,0.9827115559599636
9925,1.0,0.9908424908424909
9926,1.0,0.98992673992674
9927,1.0,0.9908424908424909
9928,1.0,0.11952764976958526
9929,1.0,0.09098480116593796
9930,1.0,0.9908424908424909
9931,1.0,0.98992673992674
9932,1.0,0.9908424908424909
9933,1.0,0.98992673992674
9934,1.0,0.1202795487984306
9935,1.0,0.8085271317829458
9936,0.9999987,0.21212121212121213
9937,1.0,0.11711054359722729
9938,1.0,0.9880952380952381
9939,1.0,0.9908424908424909
9940,1.0,0.9880952380952381
9941,1.0,0.9954001839926403
9942,1.0,0.9621621621621622
9943,1.0,0.9908424908424909
9944,1.0,0.9908424908424909
9945,1.0,0.9908424908424909
9946,1.0,0.14959234314073025
9947,0.99999917,0.2505643340857788
9948,1.0,0.9880952380952381
9949,1.0,0.1205761316872428
9950,1.0,0.9908424908424909
9951,1.0,0.2805575411007863
9952,1.0,0.8545765611633875
9953,1.0,0.9908424908424909
9954,1.0,0.47049924357034795
9955,1.0,0.8306878306878307
9956,1.0,0.9880952380952381
9957,1.0,0.9908424908424909
9958,1.0,0.1376889848812095
9959,1.0,0.9734432234432234
9960,0.99769706,0.08726048679440704
9961,1.0,0.9666366095581606
9962,0.9994941,0.48801438274071113
9963,1.0,0.9880952380952381
9964,1.0,0.12452283796235356
9965,1.0,0.09330628803245436
9966,1.0,0.9880952380952381
9967,1.0,0.9908424908424909
9968,1.0,0.9908424908424909
9969,1.0,0.9880952380952381
9970,1.0,0.9460916442048517
9971,1.0,0.9880952380952381
9972,1.0,0.9908424908424909
9973,1.0,0.6366412213740458
9974,1.0,0.10680423870607919
9975,1.0,0.9908424908424909
9976,0.99999994,0.98992673992674
9977,1.0,0.9908424908424909
9978,1.0,0.10299203127349271
9979,1.0,0.9818016378525932
9980,1.0,0.31787675411836486
9981,1.0,0.9880952380952381
9982,1.0,0.9908424908424909
9983,1.0,0.9880952380952381
9984,1.0,0.8957264957264958
9985,1.0,0.9908424908424909
9986,1.0,0.9908424908424909
9987,1.0,0.8708260105448155
9988,1.0,0.08413246387929932
9989,1.0,0.9908424908424909
9990,1.0,0.9908424908424909
9991,1.0,0.9818016378525932
9992,1.0,0.9908424908424909
9993,1.0,0.9917050691244239
9994,1.0,0.4833976833976834
9995,1.0,0.42851637764932565
9996,1.0,0.5306652806652806
9997,1.0,0.9908424908424909
9998,1.0,0.21877518130539886
9999,1.0,0.9807868252516011
10000,1.0,0.9908424908424909
10001,1.0,0.9908424908424909
10002,1.0,0.9880952380952381
10003,1.0,0.9908424908424909
10004,1.0,0.7549549549549549
10005,1.0,0.996316758747698
10006,1.0,0.8623853211009175
10007,0.9999938,0.16222570532915362
10008,1.0,0.9890210430009149
10009,1.0,0.9908424908424909
10010,1.0,0.9908424908424909
10011,1.0,0.9835766423357665
10012,1.0,0.051089063747291594
10013,1.0,0.6631748589846898
10014,1.0,0.9908424908424909
10015,1.0,0.9880952380952381
10016,1.0,0.9881061299176578
10017,1.0,0.13815187557182068
10018,1.0,0.9908424908424909
10019,1.0,0.9623655913978495
10020,1.0,0.9880952380952381
10021,1.0,0.9908424908424909
10022,1.0,0.07288828337874659
10023,1.0,0.9880952380952381
10024,1.0,0.0657339977002683
10025,1.0,0.4435665914221219
10026,0.9975995,0.04649053180632725
10027,1.0,0.21152216887884778
10028,1.0,0.16239463271976604
10029,1.0,0.21731123388581952
10030,1.0,0.9413854351687388
10031,1.0,0.8910638297872341
10032,1.0,0.08892086330935252
10033,1.0,0.9818016378525932
10034,1.0,0.09687403280718045
10035,0.6952433,0.697289156626506
10036,0.8721942,0.9057064064488757
10037,1.0,0.9908424908424909
10038,1.0,0.873215785054576
10039,1.0,0.22493765586034914
10040,1.0,0.9908424908424909
10041,1.0,0.9908424908424909
10042,1.0,0.9908424908424909
10043,1.0,0.9908424908424909
10044,1.0,0.9908424908424909
10045,1.0,0.9908424908424909
10046,1.0,0.11118066858645298
10047,1.0,0.9881170018281535
10048,1.0,0.9908424908424909
10049,1.0,0.9908424908424909
10050,1.0,0.9908424908424909
10051,1.0,0.9908424908424909
10052,1.0,0.9762773722627737
10053,1.0,0.9908424908424909
10054,0.6415633,0.30346385542168675
10055,1.0,0.9782214156079855
10056,1.0,0.9881170018281535
10057,1.0,0.9908424908424909
10058,1.0,0.9908424908424909
10059,1.0,0.9908424908424909
10060,1.0,0.20575842696629212
10061,1.0,0.9880952380952381
10062,1.0,0.9908424908424909
10063,1.0,0.9917506874427131
10064,1.0,0.9917506874427131
10065,1.0,0.9908424908424909
10066,1.0,0.08441116405718176
10067,1.0,0.030988593155893536
10068,1.0,0.9908424908424909
10069,1.0,0.9660238751147842
10070,0.99999833,0.31719745222929935
10071,1.0,0.8961702127659574
10072,1.0,0.9908424908424909
10073,1.0,0.045597036192647475
10074,1.0,0.9908424908424909
10075,1.0,0.9908424908424909
10076,1.0,0.9908424908424909
10077,1.0,0.3073791348600509
10078,1.0,0.6396705559368565
10079,1.0,0.6567043618739903
10080,1.0,0.9754322111010009
10081,1.0,0.9264836138175376
10082,1.0,0.9845031905195989
10083,0.40310097,0.6157214132980349
10084,1.0,0.9908424908424909
10085,1.0,0.9644160583941606
10086,1.0,0.04931417374265186
10087,1.0,0.9908424908424909
10088,1.0,0.0842358604091456
10089,1.0,0.07517388978063136
10090,1.0,0.9817017383348582
10091,1.0,0.022205989773557342
10092,1.0,0.12102754237288135
10093,1.0,0.9681238615664846
10094,1.0,0.6094132029339854
10095,1.0,0.9908424908424909
10096,1.0,0.3124484748557296
10097,1.0,0.9908424908424909
10098,1.0,0.0359375
10099,0.38351712,0.6478430522436592
10100,1.0,0.9908424908424909
10101,1.0,0.5588039867109634
10102,0.9960363,0.29167359149077615
10103,1.0,0.9908424908424909
10104,0.9999965,0.23422957600827302
10105,1.0,0.9908424908424909
10106,1.0,0.98992673992674
10107,1.0,0.9908424908424909
10108,1.0,0.9927073837739289
10109,1.0,0.9908424908424909
10110,0.99996054,0.11642050390964379
10111,1.0,0.951931330472103
10112,1.0,0.9908424908424909
10113,1.0,0.9953959484346224
10114,1.0,0.9861751152073732
10115,0.9999997,0.23891352549889136
10116,1.0,0.9880952380952381
10117,1.0,0.9160173160173161
10118,1.0,0.9880952380952381
10119,1.0,0.9908424908424909
10120,1.0,0.2684310018903592
10121,0.99999994,0.9908424908424909
10122,1.0,0.9908424908424909
10123,1.0,0.9880952380952381
10124,0.99946326,0.12577137819570966
10125,1.0,0.03449170124481328
10126,1.0,0.9736603088101726
10127,0.86220443,0.4965711980637354
10128,1.0,0.06256306760847628
10129,1.0,0.9871912168344007
10130,1.0,0.1553398058252427
10131,1.0,0.9908424908424909
10132,1.0,0.9908424908424909
10133,1.0,0.9908424908424909
10134,1.0,0.98992673992674
10135,1.0,0.9908424908424909
10136,1.0,0.9908424908424909
10137,0.24165228,0.17649591046061128
10138,1.0,0.9908424908424909
10139,0.87352663,0.7193597382871831
10140,1.0,0.0610995610995611
10141,1.0,0.9908424908424909
10142,1.0,0.9387755102040817
10143,1.0,0.9908424908424909
10144,1.0,0.034655010927255696
10145,1.0,0.9908424908424909
10146,1.0,0.9908424908424909
10147,1.0,0.9908424908424909
10148,1.0,0.8952380952380953
10149,1.0,0.8275862068965517
10150,1.0,0.98992673992674
10151,1.0,0.1249302844394869
10152,1.0,0.13523335883703136
10153,1.0,0.9908424908424909
10154,1.0,0.9908424908424909
10155,1.0,0.13815187557182068
10156,1.0,0.9908424908424909
10157,1.0,0.0890325507542248
10158,1.0,0.9908424908424909
10159,1.0,0.9872146118721461
10160,0.99999994,0.9880952380952381
10161,1.0,0.943900267141585
10162,1.0,0.8417618270799347
10163,1.0,0.992619926199262
10164,1.0,0.04582571602681292
10165,0.99999994,0.9908424908424909
10166,1.0,0.44418423106947696
10167,1.0,0.5990957045968349
10168,1.0,0.9835766423357665
10169,1.0,0.6314162028447743
10170,1.0,0.9635231316725978
10171,1.0,0.053043867502238135
10172,1.0,0.06907411295402058
10173,1.0,0.8383280757097792
10174,1.0,0.9908424908424909
10175,1.0,0.9880952380952381
10176,1.0,0.9908424908424909
10177,1.0,0.6272590361445783
10178,1.0,0.7106676899462778
10179,1.0,0.3349958437240233
10180,1.0,0.9908424908424909
10181,1.0,0.9908424908424909
10182,1.0,0.9899082568807339
10183,1.0,0.11114404267931238
10184,0.99984646,0.15485074626865672
10185,1.0,0.7655763239875389
10186,1.0,0.10101801096319499
10187,1.0,0.13616938616938618
10188,1.0,0.11589932473910375
10189,1.0,0.1435754189944134
10190,1.0,0.9571045576407506
10191,1.0,0.9880952380952381
10192,1.0,0.9406554472984943
10193,1.0,0.9908424908424909
10194,1.0,0.10911094783247612
10195,1.0,0.9588918677390528
10196,1.0,0.22170837867247006
10197,1.0,0.9908424908424909
10198,1.0,0.9880952380952381
10199,1.0,0.8084260731319555
10200,1.0,0.9854280510018215
10201,1.0,0.98992673992674
10202,1.0,0.9908424908424909
10203,1.0,0.9908424908424909
10204,1.0,0.9908424908424909
10205,1.0,0.15007686395080708
10206,1.0,0.14169675090252706
10207,1.0,0.9908424908424909
10208,1.0,0.9908424908424909
10209,1.0,0.9880952380952381
10210,1.0,0.9880952380952381
10211,1.0,0.0997250687328168
10212,1.0,0.9908424908424909
10213,1.0,0.9835766423357665
10214,1.0,0.7691056910569106
10215,1.0,0.9908424908424909
10216,1.0,0.9908172635445363
10217,1.0,0.9908424908424909
10218,1.0,0.9908424908424909
10219,1.0,0.9339285714285714
10220,1.0,0.9908424908424909
10221,1.0,0.08617234468937876
10222,1.0,0.09869931140015302
10223,1.0,0.9908424908424909
10224,1.0,0.9908424908424909
10225,1.0,0.9908424908424909
10226,1.0,0.3646805455850682
10227,1.0,0.109448728277132
10228,1.0,0.9880952380952381
10229,1.0,0.830327868852459
10230,1.0,0.4123529411764706
10231,1.0,0.7367149758454107
10232,1.0,0.12219498397133698
10233,1.0,0.15436863229391787
10234,1.0,0.9880952380952381
10235,1.0,0.9908424908424909
10236,1.0,0.9708295350957156
10237,1.0,0.9908424908424909
10238,1.0,0.16767676767676767
10239,1.0,0.0355407469110093
10240,1.0,0.9890210430009149
10241,1.0,0.4357501794687724
10242,0.9999999,0.3811188811188811
10243,1.0,0.1317963496637848
10244,1.0,0.9693140794223827
10245,0.99999994,0.67221801665405
10246,1.0,0.98992673992674
10247,1.0,0.98992673992674
10248,1.0,0.015151515151515152
10249,1.0,0.8802698145025295
10250,1.0,0.8691588785046729
10251,1.0,0.19365215526485097
10252,1.0,0.9800181653042689
10253,1.0,0.98992673992674
10254,1.0,0.9880952380952381
10255,1.0,0.9908424908424909
10256,1.0,0.971996386630533
10257,1.0,0.7179723502304147
10258,1.0,0.9880952380952381
10259,1.0,0.9880952380952381
10260,1.0,0.8641666666666666
10261,1.0,0.9526785714285714
10262,1.0,0.9880952380952381
10263,1.0,0.9908424908424909
10264,1.0,0.5103011093502378
10265,1.0,0.9908424908424909
10266,1.0,0.9881170018281535
10267,1.0,0.154144204851752
10268,1.0,0.9469964664310954
10269,1.0,0.9908424908424909
10270,1.0,0.10222851078882207
10271,1.0,0.9908424908424909
10272,1.0,0.9690063810391978
10273,1.0,0.2202263779527559
10274,1.0,0.9908424908424909
10275,1.0,0.03228499860840523
10276,1.0,0.9657965796579658
10277,0.3976974,0.23905956732194014
10278,1.0,0.2713347921225383
10279,1.0,0.7062937062937062
10280,1.0,0.9908424908424909
10281,1.0,0.06166707051126726
10282,1.0,0.9908424908424909
10283,1.0,0.0310841546626232
10284,1.0,0.13250168577208363
10285,1.0,0.11211644374508262
10286,1.0,0.09806719418861072
10287,1.0,0.9953917050691244
10288,1.0,0.9817684594348223
10289,0.999848,0.14277489925158318
10290,1.0,0.962059620596206
10291,1.0,0.9908424908424909
10292,1.0,0.8545765611633875
10293,1.0,0.9908424908424909
10294,1.0,0.9908424908424909
10295,1.0,0.9908424908424909
10296,1.0,0.9908424908424909
10297,1.0,0.9908424908424909
10298,1.0,0.9880952380952381
10299,1.0,0.9854280510018215
10300,1.0,0.945438282647585
10301,1.0,0.07887846388828279
10302,1.0,0.9908424908424909
10303,1.0,0.9304577464788732
10304,1.0,0.9880952380952381
10305,1.0,0.9908424908424909
10306,1.0,0.8490732568402471
10307,1.0,0.07219442458899214
10308,1.0,0.9908424908424909
10309,1.0,0.9818181818181818
10310,1.0,0.98992673992674
10311,1.0,0.9908424908424909
10312,1.0,0.9908424908424909
10313,0.8851566,0.8879949184840144
10314,1.0,0.9908424908424909
10315,1.0,0.9908424908424909
10316,1.0,0.9880952380952381
10317,1.0,0.1259644150527476
10318,1.0,0.09939828743346447
10319,1.0,0.08671050619360758
10320,0.9999998,0.2363376251788269
10321,1.0,0.9863138686131386
10322,1.0,0.15522586359610274
10323,1.0,0.9908424908424909
10324,1.0,0.0379746835443038
10325,0.9994352,0.027677929547088427
10326,1.0,0.9908424908424909
10327,1.0,0.9571428571428572
10328,1.0,0.9972527472527473
10329,1.0,0.9908424908424909
10330,1.0,0.9632616487455197
10331,1.0,0.9908424908424909
10332,1.0,0.9880952380952381
10333,1.0,0.971996386630533
10334,1.0,0.9972350230414746
10335,1.0,0.11012037449843959
10336,1.0,0.10726129216695254
10337,1.0,0.9908424908424909
10338,1.0,0.989935956084172
10339,1.0,0.5897435897435898
10340,0.30107197,0.02934286771051658
10341,1.0,0.6687306501547987
10342,1.0,0.9908424908424909
10343,1.0,0.0974559686888454
10344,1.0,0.9908424908424909
10345,1.0,0.9908424908424909
10346,1.0,0.9908424908424909
10347,1.0,0.034655010927255696
10348,0.99999875,0.10201005025125628
10349,1.0,0.9880952380952381
10350,1.0,0.9908424908424909
10351,1.0,0.9908424908424909
10352,1.0,0.9944700460829493
10353,1.0,0.9908424908424909
10354,1.0,0.9908424908424909
10355,1.0,0.9908424908424909
10356,1.0,0.16174931994141034
10357,1.0,0.9908424908424909
10358,1.0,0.7438271604938271
10359,1.0,0.9316608996539792
10360,1.0,0.9880952380952381
10361,1.0,0.9908424908424909
10362,1.0,0.9643835616438357
10363,0.9999942,0.14475169300225735
10364,1.0,0.9908424908424909
10365,1.0,0.9908424908424909
10366,1.0,0.09423298731257208
10367,1.0,0.9836512261580381
10368,1.0,0.9880952380952381
10369,1.0,0.9908340971585701
10370,1.0,0.9908424908424909
10371,1.0,0.9908424908424909
10372,1.0,0.692722371967655
10373,1.0,0.3812801101169993
10374,1.0,0.9908424908424909
10375,1.0,0.9908424908424909
10376,1.0,0.03878556668256239
10377,1.0,0.9908424908424909
10378,1.0,0.9562890276538805
10379,1.0,0.0842280163599182
10380,0.6948189,0.3163582163706372
10381,1.0,0.9908424908424909
10382,1.0,0.9908424908424909
10383,1.0,0.7844408427876823
10384,1.0,0.11701960784313725
10385,1.0,0.07788122798188224
10386,1.0,0.9908424908424909
10387,1.0,0.9420035149384886
10388,1.0,0.14084117321527392
10389,1.0,0.9853076216712581
10390,1.0,0.9908424908424909
10391,1.0,0.9908424908424909
10392,1.0,0.6526566217287867
10393,1.0,0.9908424908424909
10394,1.0,0.19134860050890584
10395,0.9921539,0.12392755004766444
10396,1.0,0.9908424908424909
10397,1.0,0.9908424908424909
10398,1.0,0.9908424908424909
10399,1.0,0.9908424908424909
10400,1.0,0.272196261682243
10401,0.84647214,0.33721340388007054
10402,1.0,0.8211920529801324
10403,1.0,0.9908424908424909
10404,1.0,0.1102135025966532
10405,1.0,0.08103284150404569
10406,1.0,0.9880952380952381
10407,1.0,0.996316758747698
10408,1.0,0.9908424908424909
10409,1.0,0.9691749773345422
10410,1.0,0.9880952380952381
10411,1.0,0.9581818181818181
10412,1.0,0.8253234750462107
10413,1.0,0.08348248529787779
10414,1.0,0.9908424908424909
10415,1.0,0.13716202881389383
10416,1.0,0.9908424908424909
10417,0.99996114,0.15408320493066255
10418,1.0,0.9890009165902841
10419,1.0,0.98992673992674
10420,1.0,0.9908424908424909
10421,1.0,0.9880952380952381
10422,1.0,0.9908424908424909
10423,0.28386474,0.42368082368082366
10424,1.0,0.933920704845815
10425,1.0,0.04012561060711793
10426,1.0,0.2320786382162551
10427,1.0,0.9908424908424909
10428,1.0,0.09977512131613209
10429,1.0,0.9689497716894977
10430,0.99999994,0.9483362521891419
10431,1.0,0.9908424908424909
10432,1.0,0.17365523083439222
10433,1.0,0.9908424908424909
10434,1.0,0.9908424908424909
10435,1.0,0.9908424908424909
10436,1.0,0.9908424908424909
10437,1.0,0.9908424908424909
10438,1.0,0.9908424908424909
10439,1.0,0.9908424908424909
10440,1.0,0.9908424908424909
10441,1.0,0.9908424908424909
10442,0.99999994,0.5068078668683812
10443,1.0,0.9908424908424909
10444,1.0,0.9880952380952381
10445,1.0,0.9908424908424909
10446,1.0,0.9049657534246576
10447,1.0,0.09740577581987274
10448,1.0,0.9908424908424909
10449,1.0,0.9908424908424909
10450,1.0,0.9908424908424909
10451,1.0,0.2713347921225383
10452,1.0,0.9881170018281535
10453,1.0,0.02336321651725075
10454,1.0,0.9908424908424909
10455,0.9298005,0.9068767908309455
10456,1.0,0.9134199134199135
10457,1.0,0.1112926059022106
10458,1.0,0.12246735704637551
10459,1.0,0.989010989010989
10460,1.0,0.9835616438356164
10461,1.0,0.9908424908424909
10462,0.99999994,0.9880952380952381
10463,1.0,0.9880952380952381
10464,1.0,0.13316582914572864
10465,1.0,0.10921653850440209
10466,1.0,0.9908424908424909
10467,1.0,0.9908424908424909
10468,1.0,0.9880952380952381
10469,1.0,0.9908424908424909
10470,1.0,0.9908424908424909
10471,0.99999267,0.10157367668097282
10472,1.0,0.9963133640552996
10473,1.0,0.07212205270457697
10474,1.0,0.971996386630533
10475,1.0,0.9908424908424909
10476,1.0,0.9151515151515152
10477,1.0,0.9908424908424909
10478,1.0,0.8809917355371901
10479,1.0,0.9808568824065633
10480,1.0,0.989010989010989
10481,0.99999297,0.11616722160562339
10482,1.0,0.9533394327538883
10483,1.0,0.9880952380952381
10484,1.0,0.98992673992674
10485,1.0,0.7216338880484114
10486,1.0,0.10599444223898373
10487,1.0,0.9908424908424909
10488,0.51446766,0.7150436217873143
10489,1.0,0.0950354609929078
10490,1.0,0.989010989010989
10491,1.0,0.9880952380952381
10492,0.99982697,0.16523341523341523
10493,1.0,0.9908424908424909
10494,1.0,0.15379035183170112
10495,1.0,0.9908424908424909
10496,1.0,0.9005474452554745
10497,1.0,0.8226351351351351
10498,1.0,0.9038290293855743
10499,1.0,0.9880952380952381
10500,1.0,0.1562942008486563
10501,1.0,0.09687237615449203
10502,1.0,0.9908424908424909
10503,1.0,0.98992673992674
10504,1.0,0.05851755526657997
10505,1.0,0.7432646592709984
10506,1.0,0.9880952380952381
10507,1.0,0.9392314566577301
10508,1.0,0.9908424908424909
10509,1.0,0.989935956084172
10510,1.0,0.9880952380952381
10511,1.0,0.989010989010989
10512,1.0,0.98359161349134
10513,1.0,0.17382154882154882
10514,1.0,0.9880952380952381
10515,1.0,0.9908424908424909
10516,1.0,0.8712955122777307
10517,1.0,0.9880952380952381
10518,1.0,0.9908424908424909
10519,1.0,0.7610976594027441
10520,1.0,0.9908424908424909
10521,1.0,0.9908424908424909
10522,1.0,0.996309963099631
10523,1.0,0.11684782608695653
10524,0.99999964,0.38510848126232744
10525,1.0,0.9418181818181818
10526,1.0,0.0967310265723571
10527,0.15503637,0.25467204104067426
10528,1.0,0.9908424908424909
10529,1.0,0.9908424908424909
10530,1.0,0.9908424908424909
10531,0.87805736,0.23046532045654083
10532,0.83686525,0.2947478442644369
10533,1.0,0.9908424908424909
10534,1.0,0.9908424908424909
10535,1.0,0.856312292358804
10536,1.0,0.9908424908424909
10537,1.0,0.9880952380952381
10538,1.0,0.996316758747698
10539,1.0,0.9880952380952381
10540,1.0,0.9908424908424909
10541,1.0,0.9890210430009149
10542,0.99937594,0.14834548513740886
10543,1.0,0.9635036496350365
10544,1.0,0.98992673992674
10545,1.0,0.24766000505944852
10546,1.0,0.989010989010989
10547,1.0,0.7237145049884881
10548,0.5088641,0.43550141396562975
10549,1.0,0.9880952380952381
10550,1.0,0.9908424908424909
10551,1.0,0.9908424908424909
10552,1.0,0.9320388349514563
10553,1.0,0.9908424908424909
10554,1.0,0.9908424908424909
10555,1.0,0.9908424908424909
10556,1.0,0.9908424908424909
10557,1.0,0.9908424908424909
10558,1.0,0.9238263950398583
10559,1.0,0.9880952380952381
10560,1.0,0.9908424908424909
10561,0.99999875,0.16266025641025642
10562,1.0,0.15695856137607506
10563,1.0,0.9908424908424909
10564,1.0,0.9476021314387212
10565,1.0,0.8362139917695474
10566,1.0,0.9908424908424909
10567,0.7088811,0.5438881258584093
10568,1.0,0.9908424908424909
10569,1.0,0.21731123388581952
10570,1.0,0.9908424908424909
10571,1.0,0.6211890243902439
10572,1.0,0.9908424908424909
10573,1.0,0.9908424908424909
10574,1.0,0.7998259355961705
10575,0.17419206,0.08078725398313027
10576,1.0,0.9917127071823204
10577,1.0,0.9908424908424909
10578,1.0,0.9908424908424909
10579,1.0,0.9881170018281535
10580,1.0,0.9863263445761167
10581,0.99999994,0.6203492786636294
10582,1.0,0.8840336134453781
10583,1.0,0.9908424908424909
10584,1.0,0.9881061299176578
10585,1.0,0.0878076062639821
10586,1.0,0.9908424908424909
10587,1.0,0.9908424908424909
10588,1.0,0.7449228269699432
10589,1.0,0.9908424908424909
10590,1.0,0.9136442141623489
10591,1.0,0.21731123388581952
10592,1.0,0.9908424908424909
10593,1.0,0.9880952380952381
10594,1.0,0.15376782077393075
10595,1.0,0.9908424908424909
10596,1.0,0.9908424908424909
10597,1.0,0.9908424908424909
10598,1.0,0.9908424908424909
10599,1.0,0.9880952380952381
10600,1.0,0.9908424908424909
10601,1.0,0.9908424908424909
10602,1.0,0.9880952380952381
10603,1.0,0.7713498622589532
10604,1.0,0.9880952380952381
10605,1.0,0.1551213735938425
10606,0.9999843,0.17777777777777778
10607,1.0,0.47496206373292865
10608,1.0,0.04395604395604396
10609,1.0,0.9880952380952381
10610,1.0,0.9908424908424909
10611,1.0,0.9854147675478578
10612,1.0,0.9167389418907199
10613,0.99999994,0.8085106382978723
10614,1.0,0.9908424908424909
10615,1.0,0.9908424908424909
10616,1.0,0.9908424908424909
10617,1.0,0.989010989010989
10618,1.0,0.9908424908424909
10619,1.0,0.9908424908424909
10620,1.0,0.9908424908424909
10621,1.0,0.9908424908424909
10622,1.0,0.989935956084172
10623,1.0,0.05555555555555555
10624,0.2667034,0.010008340283569641
10625,1.0,0.07832042882668255
10626,1.0,0.034306907742234584
10627,1.0,0.14034322280395578
10628,0.99998623,0.15267175572519084
10629,1.0,0.9908424908424909
10630,1.0,0.7376916868442293
10631,1.0,0.9908424908424909
10632,1.0,0.17208752217622708
10633,1.0,0.9908424908424909
10634,1.0,0.6911262798634812
10635,1.0,0.9908424908424909
10636,1.0,0.9908424908424909
10637,1.0,0.8738656987295825
10638,1.0,0.9863138686131386
10639,0.9999769,0.189960925758942
10640,1.0,0.978021978021978
10641,1.0,0.9908424908424909
10642,1.0,0.396031746031746
10643,1.0,0.9908424908424909
10644,1.0,0.8343834383438344
10645,1.0,0.9908424908424909
10646,0.15965459,0.017087667161961365
10647,1.0,0.9908424908424909
10648,1.0,0.08373397435897435
10649,1.0,0.9908424908424909
10650,1.0,0.15134459036898062
10651,0.26516154,0.7005772005772006
10652,1.0,0.989010989010989
10653,1.0,0.9880952380952381
10654,1.0,0.9305799648506151
10655,1.0,0.9908424908424909
10656,1.0,0.9880952380952381
10657,1.0,0.9908424908424909
10658,1.0,0.9880952380952381
10659,1.0,0.651394422310757
10660,1.0,0.9908424908424909
10661,1.0,0.9908424908424909
10662,1.0,0.9908424908424909
10663,1.0,0.9207207207207208
10664,1.0,0.9036777583187391
10665,1.0,0.9908424908424909
10666,1.0,0.23710575139146567
10667,1.0,0.9908424908424909
10668,1.0,0.971996386630533
10669,1.0,0.9908424908424909
10670,1.0,0.9908424908424909
10671,1.0,0.9690909090909091
10672,0.99891114,0.14950263311878292
10673,1.0,0.9871794871794872
10674,1.0,0.9908424908424909
10675,1.0,0.9389380530973451
10676,1.0,0.9115770282588879
10677,1.0,0.532059186189889
10678,1.0,0.989935956084172
10679,1.0,0.9880952380952381
10680,1.0,0.3319604612850082
10681,1.0,0.98992673992674
10682,1.0,0.9771897810218978
10683,1.0,0.32017844886753605
10684,1.0,0.1670667306769083
10685,1.0,0.9908424908424909
10686,1.0,0.15274463007159905
10687,1.0,0.9880952380952381
10688,1.0,0.9666966696669667
10689,1.0,0.09849306811332127
10690,1.0,0.9880952380952381
10691,1.0,0.8689771766694844
10692,1.0,0.9908424908424909
10693,1.0,0.9908424908424909
10694,1.0,0.7739059967585089
10695,1.0,0.9908424908424909
10696,1.0,0.9908424908424909
10697,1.0,0.07986825854261012
10698,1.0,0.9908424908424909
10699,1.0,0.9908424908424909
10700,1.0,0.05586533403471857
10701,1.0,0.9908424908424909
10702,1.0,0.8432203389830508
10703,1.0,0.9263157894736842
10704,1.0,0.9908424908424909
10705,1.0,0.9476021314387212
10706,1.0,0.9981549815498155
10707,1.0,0.9908424908424909
10708,1.0,0.9880952380952381
10709,1.0,0.7549549549549549
10710,1.0,0.9880952380952381
10711,0.9838737,0.07932263814616755
10712,1.0,0.9908424908424909
10713,1.0,0.953941541186891
10714,1.0,0.9138381201044387
10715,1.0,0.068974492451848
10716,1.0,0.9303964757709251
10717,1.0,0.9908424908424909
10718,1.0,0.9908424908424909
10719,1.0,0.9908424908424909
10720,1.0,0.9880952380952381
10721,1.0,0.9711451758340848
10722,1.0,0.2600945798472172
10723,1.0,0.6962247585601404
10724,1.0,0.9469026548672567
10725,1.0,0.9935543278084714
10726,1.0,0.13728089556635734
10727,0.9999978,0.06731549067315491
10728,1.0,0.9908424908424909
10729,1.0,0.9908424908424909
10730,1.0,0.9880952380952381
10731,1.0,0.969053934571176
10732,0.99999774,0.2740462117141322
10733,1.0,0.933920704845815
10734,1.0,0.9908424908424909
10735,1.0,0.9835466179159049
10736,1.0,0.9880952380952381
10737,1.0,0.9908424908424909
10738,1.0,0.3879310344827586
10739,1.0,0.43333333333333335
10740,1.0,0.9880952380952381
10741,0.99999946,0.08190402775101176
10742,1.0,0.9908424908424909
10743,1.0,0.9908424908424909
10744,0.657647,0.1636977886977887
10745,0.99999976,0.2278138528138528
10746,1.0,0.9880952380952381
10747,1.0,0.9880952380952381
10748,1.0,0.9908424908424909
10749,1.0,0.9908424908424909
10750,1.0,0.9908424908424909
10751,1.0,0.9908424908424909
10752,1.0,0.8360522022838499
10753,1.0,0.9093264248704663
10754,1.0,0.9908424908424909
10755,1.0,0.98992673992674
10756,1.0,0.282418734708144
10757,1.0,0.9880952380952381
10758,1.0,0.04741128563118092
10759,1.0,0.9908424908424909
10760,1.0,0.9908424908424909
10761,1.0,0.9908424908424909
10762,1.0,0.8206839032527106
10763,1.0,0.07960144530822293
10764,1.0,0.09328474752732951
10765,1.0,0.9880952380952381
10766,1.0,0.9908424908424909
10767,1.0,0.9890009165902841
10768,1.0,0.9908424908424909
10769,1.0,0.9908424908424909
10770,1.0,0.9486486486486486
10771,0.83524877,0.38631984585741813
10772,1.0,0.9908424908424909
10773,1.0,0.9908424908424909
10774,1.0,0.9625668449197861
10775,1.0,0.03403906889694701
10776,1.0,0.9908424908424909
10777,1.0,0.9853747714808044
10778,1.0,0.9981549815498155
10779,1.0,0.9908424908424909
10780,1.0,0.18709270548665125
10781,1.0,0.7638347622759158
10782,1.0,0.47186796699174793
10783,1.0,0.9908424908424909
10784,1.0,0.9908424908424909
10785,1.0,0.9880952380952381
10786,1.0,0.9890210430009149
10787,1.0,0.9908424908424909
10788,1.0,0.9908424908424909
10789,1.0,0.9602169981916817
10790,1.0,0.02485620377978636
10791,1.0,0.9880952380952381
10792,1.0,0.9880952380952381
10793,1.0,0.9908424908424909
10794,1.0,0.0558848433530906
10795,1.0,0.9880952380952381
10796,1.0,0.9853747714808044
10797,1.0,0.9880952380952381
10798,1.0,0.8349600709849158
10799,1.0,0.04270254460368529
10800,1.0,0.970988213961922
10801,1.0,0.09542314335060449
10802,1.0,0.9908424908424909
10803,1.0,0.8392568659127625
10804,1.0,0.9908424908424909
10805,1.0,0.12078503688092729
10806,1.0,0.9633928571428572
10807,1.0,0.9908424908424909
10808,1.0,0.7460219689970229
10809,1.0,0.867595818815331
10810,1.0,0.11156648451730419
10811,1.0,0.03080964891330308
10812,0.99560964,0.2282997900975429
10813,1.0,0.9908424908424909
10814,1.0,0.9908424908424909
10815,1.0,0.776045357902197
10816,1.0,0.989010989010989
10817,1.0,0.9908424908424909
10818,1.0,0.031930726559328916
10819,1.0,0.9908424908424909
10820,0.9999783,0.11532535261348821
10821,1.0,0.5369327239876713
10822,1.0,0.9827272727272728
10823,1.0,0.9908424908424909
10824,1.0,0.9908424908424909
10825,0.6630186,0.7607378129117259
10826,1.0,0.9880952380952381
10827,1.0,0.45558272208638956
10828,1.0,0.13246873552570634
10829,1.0,0.9935304990757856
10830,1.0,0.9862637362637363
10831,1.0,0.9880952380952381
10832,1.0,0.6025934401220442
10833,1.0,0.9908424908424909
10834,1.0,0.9908424908424909
10835,1.0,0.9880952380952381
10836,1.0,0.9278803869832893
10837,1.0,0.416403785488959
10838,1.0,0.24750214102198115
10839,1.0,0.07659293496203368
10840,1.0,0.12121212121212122
10841,1.0,0.9516423357664233
10842,1.0,0.9908424908424909
10843,1.0,0.9908424908424909
10844,1.0,0.9908424908424909
10845,1.0,0.9908424908424909
10846,1.0,0.9908424908424909
10847,1.0,0.9880952380952381
10848,1.0,0.98992673992674
10849,1.0,0.989010989010989
10850,1.0,0.2743988684582744
10851,1.0,0.19053575151136126
10852,1.0,0.16854340719215402
10853,1.0,0.06403436988543372
10854,1.0,0.9908424908424909
10855,1.0,0.9908424908424909
10856,1.0,0.9908424908424909
10857,1.0,0.9908424908424909
10858,1.0,0.9908424908424909
10859,0.85005426,0.8935045317220544
10860,1.0,0.8541666666666666
10861,1.0,0.06233166602539438
10862,1.0,0.98992673992674
10863,1.0,0.13861107198196929
10864,1.0,0.9880952380952381
10865,1.0,0.08391684901531729
10866,1.0,0.9908424908424909
10867,1.0,0.7738853503184714
10868,1.0,0.9853747714808044
10869,1.0,0.9880952380952381
10870,1.0,0.651394422310757
10871,1.0,0.9908424908424909
10872,1.0,0.9908424908424909
10873,1.0,0.9908424908424909
10874,1.0,0.9908424908424909
10875,0.99992394,0.17099888600074267
10876,1.0,0.08694727891156463
10877,1.0,0.8265651438240271
10878,0.9994993,0.12729921690038246
10879,1.0,0.9908340971585701
10880,1.0,0.9880952380952381
10881,1.0,0.9908424908424909
10882,1.0,0.1926735478648047
10883,1.0,0.9908424908424909
10884,1.0,0.9818016378525932
10885,1.0,0.15787545787545787
10886,1.0,0.15841584158415842
10887,1.0,0.9275237273511648
10888,1.0,0.9908424908424909
10889,1.0,0.9880952380952381
10890,1.0,0.92
10891,1.0,0.9908424908424909
10892,1.0,0.9668755595344674
10893,1.0,0.9908424908424909
10894,1.0,0.8448905109489051
10895,1.0,0.9908424908424909
10896,1.0,0.9318584070796461
10897,1.0,0.5455265241488519
10898,1.0,0.9908424908424909
10899,0.9999996,0.39985945186226285
10900,1.0,0.9908424908424909
10901,0.9999986,0.11027920761191702
10902,1.0,0.9908424908424909
10903,1.0,0.9862511457378552
10904,1.0,0.9908424908424909
10905,0.9961024,0.06923470693626824
10906,1.0,0.14923224568138196
10907,1.0,0.9871912168344007
10908,1.0,0.9908424908424909
10909,0.17150585,0.23487824037706206
10910,1.0,0.9908424908424909
10911,1.0,0.9908424908424909
10912,1.0,0.9908424908424909
10913,1.0,0.9880952380952381
10914,1.0,0.9908424908424909
10915,1.0,0.9695613249776186
10916,1.0,0.9908424908424909
10917,1.0,0.9474153297682709
10918,1.0,0.08712394705174488
10919,1.0,0.4079045488441462
10920,1.0,0.9908424908424909
10921,1.0,0.9908424908424909
10922,1.0,0.957542908762421
10923,1.0,0.1309212980231257
10924,1.0,0.16590794132524025
10925,1.0,0.9880952380952381
10926,1.0,0.9908424908424909
10927,1.0,0.9880952380952381
10928,1.0,0.9908424908424909
10929,1.0,0.14721780604133544
10930,1.0,0.9880952380952381
10931,1.0,0.9908424908424909
10932,0.8243939,0.6954122111072784
10933,1.0,0.9880952380952381
10934,1.0,0.1027592768791627
10935,1.0,0.9880952380952381
10936,1.0,0.4963924963924964
10937,1.0,0.9880952380952381
10938,1.0,0.3581416328371673
10939,1.0,0.9908424908424909
10940,1.0,0.9908424908424909
10941,0.24120788,0.0894074159639598
10942,1.0,0.7943775100401607
10943,1.0,0.32471626733921816
10944,1.0,0.9908424908424909
10945,1.0,0.9908424908424909
10946,1.0,0.7558609539207761
10947,1.0,0.07811228641171684
10948,1.0,0.1118767226259083
10949,1.0,0.9329805996472663
10950,1.0,0.9908424908424909
10951,1.0,0.9853747714808044
10952,1.0,0.21369032583985856
10953,1.0,0.8431208053691275
10954,0.8076065,0.4012422360248447
10955,1.0,0.8706293706293706
10956,1.0,0.9908424908424909
10957,1.0,0.9908424908424909
10958,1.0,0.18445070422535212
10959,1.0,0.9908424908424909
10960,1.0,0.9990766389658357
10961,1.0,0.9908424908424909
10962,1.0,0.9493333333333334
10963,1.0,0.8561525129982669
10964,1.0,0.9880952380952381
10965,1.0,0.9247594050743657
10966,1.0,0.43272239606616003
10967,1.0,0.9908424908424909
10968,1.0,0.9890210430009149
10969,1.0,0.9908424908424909
10970,1.0,0.9790528233151184
10971,1.0,0.9746606334841629
10972,0.9662857,0.8436809322885273
10973,1.0,0.9880952380952381
10974,1.0,0.9908424908424909
10975,1.0,0.24379719525350593
10976,1.0,0.10525777414075287
10977,0.9907364,0.279186320754717
10978,1.0,0.9880952380952381
10979,1.0,0.9908424908424909
10980,1.0,0.9908424908424909
10981,0.90986973,0.9028485757121439
10982,1.0,0.9908424908424909
10983,1.0,0.21925380009212345
10984,1.0,0.9908424908424909
10985,1.0,0.9908424908424909
10986,1.0,0.9908424908424909
10987,1.0,0.671850699844479
10988,1.0,0.9908424908424909
10989,1.0,0.9908424908424909
10990,1.0,0.06932218309859155
10991,1.0,0.018754186202277295
10992,1.0,0.9347234814143246
10993,0.99714935,0.21296425093893448
10994,1.0,0.10450077599586136
10995,1.0,0.366143861546782
10996,1.0,0.9880952380952381
10997,1.0,0.9898336414048059
10998,1.0,0.9926402943882244
10999,1.0,0.971996386630533
11000,1.0,0.9880952380952381
11001,0.9999995,0.2902836451418226
11002,1.0,0.9908424908424909
11003,1.0,0.9908424908424909
11004,1.0,0.9917506874427131
11005,1.0,0.5062545989698307
11006,1.0,0.18385843763487267
11007,1.0,0.9705093833780161
11008,1.0,0.10508010118043845
11009,1.0,0.9880952380952381
11010,1.0,0.9908424908424909
11011,1.0,0.9224738675958188
11012,1.0,0.9908424908424909
11013,1.0,0.9908424908424909
11014,1.0,0.9880952380952381
11015,1.0,0.9908424908424909
11016,1.0,0.9890009165902841
11017,1.0,0.9483362521891419
11018,0.54202,0.17792123950936087
11019,0.22507426,0.20363951473136915
11020,1.0,0.9908424908424909
11021,0.89973885,0.5061406773353182
11022,1.0,0.9908424908424909
11023,1.0,0.9880952380952381
11024,1.0,0.8828980623420387
11025,1.0,0.2850956333453627
11026,1.0,0.9880952380952381
11027,1.0,0.9588918677390528
11028,1.0,0.9908424908424909
11029,1.0,0.9908424908424909
11030,1.0,0.9908424908424909
11031,1.0,0.9880952380952381
11032,1.0,0.989010989010989
11033,1.0,0.9880952380952381
11034,1.0,0.43420015760441294
11035,1.0,0.9908424908424909
11036,1.0,0.029147104851330204
11037,1.0,0.6396705559368565
11038,1.0,0.9908424908424909
11039,1.0,0.9908424908424909
11040,1.0,0.9880952380952381
11041,1.0,0.9773345421577516
11042,0.2119642,0.7666901621186185
11043,1.0,0.9908424908424909
11044,0.69630665,0.4124223602484472
11045,1.0,0.9908424908424909
11046,0.996056,0.11678127639039691
11047,1.0,0.9880952380952381
11048,1.0,0.9954001839926403
11049,1.0,0.9827272727272728
11050,1.0,0.9908424908424909
11051,1.0,0.9827429609445958
11052,1.0,0.042177538008827856
11053,1.0,0.9750462107208873
11054,1.0,0.9908424908424909
11055,1.0,0.9908424908424909
11056,0.999997,0.3242630385487528
11057,1.0,0.9908424908424909
11058,1.0,0.9908424908424909
11059,1.0,0.14407349316603182
11060,1.0,0.9908424908424909
11061,1.0,0.9890009165902841
11062,1.0,0.1328986960882648
11063,1.0,0.15520334928229665
11064,1.0,0.1264
11065,1.0,0.3388042203985932
11066,1.0,0.9908424908424909
11067,1.0,0.9908424908424909
11068,0.99999386,0.6786454733932273
11069,1.0,0.6335750139431121
11070,1.0,0.9908424908424909
11071,1.0,0.7370753323485968
11072,0.35413316,0.7956850053937432
11073,1.0,0.9908424908424909
11074,1.0,0.0410844629822732
11075,1.0,0.9908424908424909
11076,1.0,0.9880952380952381
11077,1.0,0.2672978878368536
11078,1.0,0.9908424908424909
11079,0.99999976,0.4182590233545648
11080,1.0,0.2333000997008973
11081,1.0,0.9880952380952381
11082,1.0,0.16316371681415928
11083,1.0,0.9908424908424909
11084,1.0,0.903863432165319
11085,1.0,0.9908424908424909
11086,1.0,0.07219442458899214
11087,1.0,0.8258785942492013
11088,1.0,0.4929364278506559
11089,1.0,0.9908424908424909
11090,1.0,0.09159584513692162
11091,1.0,0.9908424908424909
11092,1.0,0.12526580320896966
11093,1.0,0.974910394265233
11094,0.99999994,0.9908424908424909
11095,1.0,0.9908424908424909
11096,1.0,0.13899842271293375
11097,1.0,0.9880952380952381
11098,1.0,0.34054054054054056
11099,0.45708963,0.4438854489164087
11100,1.0,0.9643811219946572
11101,1.0,0.9908424908424909
11102,1.0,0.9880952380952381
11103,1.0,0.009965122072745391
11104,1.0,0.9908424908424909
11105,0.9999992,0.16635249764373233
11106,1.0,0.08122905027932961
11107,1.0,0.9908424908424909
11108,1.0,0.9908424908424909
11109,1.0,0.9880952380952381
11110,1.0,0.9908424908424909
11111,1.0,0.9908424908424909
11112,0.81725246,0.8247555326814204
11113,1.0,0.9908424908424909
11114,1.0,0.07219442458899214
11115,1.0,0.9872146118721461
11116,1.0,0.9306666666666666
11117,1.0,0.09074142382884544
11118,1.0,0.9917431192660551
11119,1.0,0.9908424908424909
11120,1.0,0.9880952380952381
11121,1.0,0.9908424908424909
11122,1.0,0.9880952380952381
11123,1.0,0.11230283911671925
11124,1.0,0.9908424908424909
11125,1.0,0.9908424908424909
11126,1.0,0.10022883295194508
11127,1.0,0.9917506874427131
11128,1.0,0.9791288566243194
11129,1.0,0.9908424908424909
11130,1.0,0.9908424908424909
11131,1.0,0.9908424908424909
11132,1.0,0.9881061299176578
11133,1.0,0.05809465772902701
11134,1.0,0.19134860050890584
11135,1.0,0.9908424908424909
11136,1.0,0.9908424908424909
11137,1.0,0.10165369649805447
11138,1.0,0.9908424908424909
11139,1.0,0.9917506874427131
11140,1.0,0.9908424908424909
11141,1.0,0.08736101656455639
11142,1.0,0.9908424908424909
11143,1.0,0.9908424908424909
11144,1.0,0.782608695652174
11145,1.0,0.20986169573060734
11146,1.0,0.9908424908424909
11147,1.0,0.19287768192877683
11148,0.99965036,0.09839212862970963
11149,1.0,0.9908424908424909
11150,1.0,0.962059620596206
11151,1.0,0.9835766423357665
11152,1.0,0.8042452830188679
11153,1.0,0.9880952380952381
11154,0.27329093,0.1926163723916533
11155,1.0,0.9880952380952381
11156,1.0,0.9908424908424909
11157,0.99888474,0.08650765396938412
11158,1.0,0.46843657817109147
11159,1.0,0.8087557603686636
11160,1.0,0.9908424908424909
11161,1.0,0.9908424908424909
11162,1.0,0.9908424908424909
11163,1.0,0.09986840181313057
11164,1.0,0.9908424908424909
11165,1.0,0.9908424908424909
11166,1.0,0.9880952380952381
11167,1.0,0.10953981685406283
11168,1.0,0.02410477915563606
11169,1.0,0.9908256880733946
11170,1.0,0.9130434782608695
11171,1.0,0.9908424908424909
11172,1.0,0.94275802254987
11173,1.0,0.9908424908424909
11174,1.0,0.9908424908424909
11175,1.0,0.9908424908424909
11176,1.0,0.9908424908424909
11177,1.0,0.141062509459664
11178,0.99999994,0.9908424908424909
11179,1.0,0.980909090909091
11180,1.0,0.9908424908424909
11181,1.0,0.9908424908424909
11182,1.0,0.9880952380952381
11183,1.0,0.971996386630533
11184,1.0,0.9890210430009149
11185,1.0,0.06936114732724902
11186,1.0,0.7503961965134707
11187,0.4759917,0.7508617615594912
11188,1.0,0.98992673992674
11189,1.0,0.9908424908424909
11190,1.0,0.3089960886571056
11191,1.0,0.2621428571428571
11192,1.0,0.9917506874427131
11193,1.0,0.7083333333333334
11194,1.0,0.9908424908424909
11195,1.0,0.9908424908424909
11196,1.0,0.9908424908424909
11197,1.0,0.9908424908424909
11198,1.0,0.6726006191950464
11199,1.0,0.9908424908424909
11200,1.0,0.10088865656037638
11201,1.0,0.9908424908424909
11202,1.0,0.9844464775846294
11203,1.0,0.9908424908424909
11204,1.0,0.9322779243623571
11205,1.0,0.9196277495769881
11206,1.0,0.9881061299176578
11207,1.0,0.12347620920173023
11208,1.0,0.9908424908424909
11209,1.0,0.843363561417972
11210,1.0,0.9880952380952381
11211,1.0,0.9908424908424909
11212,1.0,0.9908424908424909
11213,1.0,0.11529998533079067
11214,0.38639548,0.01880064829821718
11215,1.0,0.9908424908424909
11216,1.0,0.989010989010989
11217,1.0,0.9908424908424909
11218,1.0,0.9908424908424909
11219,1.0,0.9908424908424909
11220,1.0,0.08822788001008319
11221,1.0,0.9908424908424909
11222,1.0,0.0800774162332164
11223,1.0,0.11412487205731832
11224,1.0,0.9908424908424909
11225,1.0,0.13757499651179014
11226,1.0,0.9908424908424909
11227,1.0,0.9890210430009149
11228,1.0,0.9880952380952381
11229,1.0,0.9890210430009149
11230,1.0,0.253839935327405
11231,1.0,0.8350848827809216
11232,1.0,0.09253084361453819
11233,1.0,0.9908424908424909
11234,1.0,0.09861172322609078
11235,1.0,0.16996748448122967
11236,1.0,0.9908424908424909
11237,1.0,0.9908424908424909
11238,1.0,0.1310429114611624
11239,1.0,0.98992673992674
11240,1.0,0.9880952380952381
11241,1.0,0.9908424908424909
11242,1.0,0.9908424908424909
11243,1.0,0.030608735526768314
11244,1.0,0.9908424908424909
11245,1.0,0.989935956084172
11246,1.0,0.10496869588384175
11247,1.0,0.08898305084745763
11248,0.9999997,0.6876558603491272
11249,1.0,0.22148475909537857
11250,1.0,0.7114624505928854
11251,1.0,0.5385126162018592
11252,1.0,0.9880952380952381
11253,1.0,0.9591474245115453
11254,0.99841756,0.1132460670109283
11255,1.0,0.9908424908424909
11256,1.0,0.98992673992674
11257,1.0,0.9908424908424909
11258,1.0,0.9908424908424909
11259,1.0,0.4165316045380875
11260,1.0,0.9908424908424909
11261,1.0,0.9737556561085973
11262,0.84717846,0.18122389685854368
11263,1.0,0.9880952380952381
11264,1.0,0.98992673992674
11265,1.0,0.9908424908424909
11266,1.0,0.9908424908424909
11267,1.0,0.8386816999132697
11268,1.0,0.033895940856465336
11269,1.0,0.9908424908424909
11270,1.0,0.9908424908424909
11271,1.0,0.0625568994667707
11272,1.0,0.8812709030100334
11273,1.0,0.05891891891891892
11274,1.0,0.9908424908424909
11275,1.0,0.6461538461538462
11276,1.0,0.9908424908424909
11277,1.0,0.9880952380952381
11278,1.0,0.9908424908424909
11279,1.0,0.8918685121107266
11280,1.0,0.1474688187820983
11281,1.0,0.9954212454212454
11282,1.0,0.9908424908424909
11283,1.0,0.06041900486344931
11284,1.0,0.9908424908424909
11285,1.0,0.9908424908424909
11286,1.0,0.4273743016759777
11287,1.0,0.9908424908424909
11288,1.0,0.9908424908424909
11289,1.0,0.9908424908424909
11290,1.0,0.12004287245444802
11291,1.0,0.9908424908424909
11292,1.0,0.9890210430009149
11293,1.0,0.9917506874427131
11294,1.0,0.9908424908424909
11295,1.0,0.88379705400982
11296,1.0,0.9617097061442564
11297,1.0,0.904480135249366
11298,1.0,0.9665158371040724
11299,1.0,0.09125475285171103
11300,0.73321575,0.4475729832440836
11301,1.0,0.18174787316318639
11302,1.0,0.8086614173228347
11303,1.0,0.996316758747698
11304,1.0,0.6571867794004612
11305,1.0,0.7926391382405745
11306,1.0,0.9880952380952381
11307,1.0,0.9981549815498155
11308,1.0,0.98992673992674
11309,1.0,0.07213474917612596
11310,1.0,0.9835766423357665
11311,1.0,0.88
11312,1.0,0.138255033557047
11313,1.0,0.43420015760441294
11314,1.0,0.9908424908424909
11315,1.0,0.970722781335773
11316,1.0,0.04749512036434613
11317,1.0,0.917319408181027
11318,1.0,0.9908424908424909
11319,1.0,0.9908424908424909
11320,1.0,0.2692171448813319
11321,1.0,0.9908424908424909
11322,1.0,0.9908424908424909
11323,1.0,0.9908424908424909
11324,1.0,0.969286359530262
11325,1.0,0.9908424908424909
11326,1.0,0.1968734733756717
11327,1.0,0.9880952380952381
11328,1.0,0.9908424908424909
11329,1.0,0.9908424908424909
11330,1.0,0.9908424908424909
11331,1.0,0.9367201426024956
11332,1.0,0.8910638297872341
11333,1.0,0.0444954128440367
11334,1.0,0.09849306811332127
11335,1.0,0.9908424908424909
11336,1.0,0.9908424908424909
11337,1.0,0.056768558951965066
11338,1.0,0.9880952380952381
11339,1.0,0.9908424908424909
11340,1.0,0.9880952380952381
11341,1.0,0.9908424908424909
11342,0.9999632,0.14012219959266803
11343,1.0,0.8076622361219703
11344,1.0,0.31620718462823727
11345,1.0,0.9908424908424909
11346,1.0,0.9908424908424909
11347,1.0,0.971996386630533
11348,0.64873946,0.8634393063583815
11349,1.0,0.9908424908424909
11350,1.0,0.9755434782608695
11351,1.0,0.9908424908424909
11352,1.0,0.9880952380952381
11353,1.0,0.37144790257104193
11354,1.0,0.9908424908424909
11355,1.0,0.030689399555226093
11356,1.0,0.9880952380952381
11357,1.0,0.9908424908424909
11358,1.0,0.9908424908424909
11359,1.0,0.9880952380952381
11360,1.0,0.8798206278026905
11361,1.0,0.9782214156079855
11362,1.0,0.9684684684684685
11363,1.0,0.9908424908424909
11364,1.0,0.7364591754244139
11365,0.99999994,0.9954212454212454
11366,1.0,0.9880952380952381
11367,1.0,0.9908424908424909
11368,1.0,0.9908424908424909
11369,0.87850696,0.9146881287726358
11370,1.0,0.9880952380952381
11371,1.0,0.9908424908424909
11372,1.0,0.13715146948003015
11373,1.0,0.9908424908424909
11374,1.0,0.9908424908424909
11375,1.0,0.05851755526657997
11376,1.0,0.935226264418811
11377,1.0,0.5867768595041323
11378,1.0,0.9880952380952381
11379,1.0,0.902461257976299
11380,1.0,0.9880952380952381
11381,1.0,0.9908424908424909
11382,1.0,0.9206927985414768
11383,1.0,0.9880952380952381
11384,1.0,0.9880952380952381
11385,1.0,0.9880952380952381
11386,1.0,0.9385964912280702
11387,1.0,0.989935956084172
11388,1.0,0.08912129134932363
11389,1.0,0.10586319218241043
11390,1.0,0.11891117478510028
11391,1.0,0.9908424908424909
11392,1.0,0.9926806953339433
11393,1.0,0.7952755905511811
11394,1.0,0.9680073126142597
11395,1.0,0.9880952380952381
11396,1.0,0.9908424908424909
11397,1.0,0.9880952380952381
11398,1.0,0.9185639229422067
11399,1.0,0.9908424908424909
11400,1.0,0.13241575700047462
11401,1.0,0.8862679022746419
11402,1.0,0.9908424908424909
11403,1.0,0.9880952380952381
11404,1.0,0.9718181818181818
11405,1.0,0.98992673992674
11406,1.0,0.9954001839926403
11407,1.0,0.972875226039783
11408,1.0,0.9880952380952381
11409,1.0,0.8864592094196804
11410,1.0,0.98992673992674
11411,1.0,0.9835766423357665
11412,1.0,0.5752895752895753
11413,0.99998707,0.18443544759334232
11414,1.0,0.9908424908424909
11415,1.0,0.9908424908424909
11416,1.0,0.9464944649446494
11417,1.0,0.09166931300942098
11418,1.0,0.9908424908424909
11419,1.0,0.9827272727272728
11420,1.0,0.9908424908424909
11421,1.0,0.9684400360685302
11422,1.0,0.9420035149384886
11423,1.0,0.9537892791127541
11424,1.0,0.04
11425,1.0,0.9880952380952381
11426,1.0,0.16849015317286653
11427,1.0,0.9880952380952381
11428,1.0,0.972875226039783
11429,1.0,0.730800323362975
11430,1.0,0.9163763066202091
11431,1.0,0.9908424908424909
11432,1.0,0.9908424908424909
11433,1.0,0.9109900090826522
11434,1.0,0.9296527159394479
11435,1.0,0.9908424908424909
11436,1.0,0.9908424908424909
11437,1.0,0.9880952380952381
11438,1.0,0.9908424908424909
11439,1.0,0.9908424908424909
11440,1.0,0.9908424908424909
11441,1.0,0.9880952380952381
11442,1.0,0.9579230080572964
11443,1.0,0.8544520547945206
11444,1.0,0.9771897810218978
11445,1.0,0.9844748858447488
11446,1.0,0.9880952380952381
11447,1.0,0.8637901861252115
11448,1.0,0.9908424908424909
11449,1.0,0.9908424908424909
11450,1.0,0.9880952380952381
11451,0.9999995,0.11352971845672576
11452,1.0,0.9908424908424909
11453,1.0,0.9908424908424909
11454,1.0,0.9908424908424909
11455,1.0,0.4098018769551616
11456,1.0,0.9908424908424909
11457,1.0,0.8704013377926422
11458,1.0,0.17132802370809408
11459,1.0,0.9908424908424909
11460,1.0,0.9908424908424909
11461,1.0,0.23215686274509803
11462,1.0,0.9908424908424909
11463,1.0,0.9710144927536232
11464,1.0,0.93766696349065
11465,1.0,0.9880952380952381
11466,1.0,0.9908424908424909
11467,1.0,0.6687306501547987
11468,1.0,0.49529512403763903
11469,1.0,0.9899082568807339
11470,1.0,0.9441489361702128
11471,1.0,0.9908424908424909
11472,1.0,0.9880952380952381
11473,1.0,0.9880952380952381
11474,1.0,0.9880952380952381
11475,1.0,0.2621428571428571
11476,1.0,0.9880952380952381
11477,1.0,0.9908424908424909
11478,1.0,0.10340697364918819
11479,1.0,0.9908424908424909
11480,1.0,0.9908424908424909
11481,1.0,0.9908424908424909
11482,1.0,0.18820754716981133
11483,1.0,0.9908424908424909
11484,1.0,0.21959204230672374
11485,1.0,0.8675105485232067
11486,1.0,0.9585958595859586
11487,1.0,0.9908424908424909
11488,1.0,0.730800323362975
11489,1.0,0.98992673992674
11490,1.0,0.9908424908424909
11491,1.0,0.9908424908424909
11492,1.0,0.9908424908424909
11493,1.0,0.35383597883597884
11494,1.0,0.9880952380952381
11495,1.0,0.6054836252856055
11496,1.0,0.1390922401171303
11497,1.0,0.9908424908424909
11498,1.0,0.9908424908424909
11499,1.0,0.9908424908424909
11500,1.0,0.09789462434540985
11501,0.9999998,0.14890557597060233
11502,1.0,0.9908424908424909
11503,1.0,0.9880952380952381
11504,1.0,0.1124223602484472
11505,1.0,0.9908424908424909
11506,0.999999,0.048767967145790556
11507,1.0,0.9880952380952381
11508,1.0,0.1085168479702839
11509,1.0,0.3181295515523189
11510,1.0,0.1400675929402929
11511,1.0,0.4064981949458484
11512,1.0,0.6577060931899642
11513,1.0,0.10285293188756711
11514,1.0,0.9880952380952381
11515,1.0,0.9908424908424909
11516,1.0,0.05308464849354376
11517,1.0,0.947508896797153
11518,1.0,0.33811129848229343
11519,1.0,0.0967310265723571
11520,1.0,0.9908424908424909
11521,1.0,0.9428060768543343
11522,1.0,0.5720411663807891
11523,0.9999997,0.29347198151357595
11524,1.0,0.9908424908424909
11525,1.0,0.989010989010989
11526,1.0,0.7751572327044025
11527,1.0,0.9835766423357665
11528,1.0,0.9908424908424909
11529,1.0,0.9880952380952381
11530,1.0,0.9908424908424909
11531,1.0,0.10587761674718196
11532,1.0,0.9908424908424909
11533,1.0,0.9908424908424909
11534,1.0,0.9908424908424909
11535,1.0,0.1343608644664098
11536,1.0,0.030689399555226093
11537,1.0,0.06041900486344931
11538,1.0,0.98992673992674
11539,1.0,0.989010989010989
11540,1.0,0.7449228269699432
11541,1.0,0.98992673992674
11542,1.0,0.9908424908424909
11543,1.0,0.9908424908424909
11544,1.0,0.09532095901005413
11545,1.0,0.9908424908424909
11546,1.0,0.9001706484641638
11547,1.0,0.9908424908424909
11548,1.0,0.730800323362975
11549,1.0,0.821656050955414
11550,1.0,0.11668511004549367
11551,1.0,0.4186666666666667
11552,1.0,0.9880952380952381
11553,1.0,0.8397839783978398
11554,1.0,0.989010989010989
11555,1.0,0.9880952380952381
11556,1.0,0.8959236773633998
11557,1.0,0.1729478575116159
11558,1.0,0.10664819944598337
11559,1.0,0.32338308457711445
11560,1.0,0.9854147675478578
11561,1.0,0.9953959484346224
11562,0.99996394,0.15327564894932014
11563,1.0,0.98992673992674
11564,1.0,0.9908424908424909
11565,1.0,0.9880952380952381
11566,1.0,0.9908424908424909
11567,1.0,0.14460093896713616
11568,1.0,0.9908424908424909
11569,1.0,0.9880952380952381
11570,1.0,0.9908424908424909
11571,0.8492064,0.42841589548176373
11572,1.0,0.9403914590747331
11573,1.0,0.5569965870307167
11574,1.0,0.8935226264418811
11575,1.0,0.9362267493356953
11576,1.0,0.9908424908424909
11577,0.99998254,0.1651186790505676
11578,0.90141875,0.3885127510719928
11579,1.0,0.9908424908424909
11580,1.0,0.7493163172288059
11581,1.0,0.9908424908424909
11582,1.0,0.5848042977743668
11583,1.0,0.9880952380952381
11584,1.0,0.7796741660201707
11585,1.0,0.10060111148916866
11586,1.0,0.9908424908424909
11587,1.0,0.9880952380952381
11588,1.0,0.955237242614145
11589,1.0,0.08424507658643327
11590,1.0,0.9908424908424909
11591,1.0,0.9880952380952381
11592,1.0,0.9908424908424909
11593,1.0,0.9908424908424909
11594,1.0,0.9908424908424909
11595,1.0,0.989935956084172
11596,0.9920856,0.09888776541961578
11597,1.0,0.8168
11598,1.0,0.10881209956937296
11599,1.0,0.9908424908424909
11600,1.0,0.9763421292083713
11601,1.0,0.9908424908424909
11602,1.0,0.9818016378525932
11603,1.0,0.06041900486344931
11604,1.0,0.9880952380952381
11605,0.99983525,0.4835317963009881
11606,1.0,0.9908424908424909
11607,1.0,0.9908424908424909
11608,1.0,0.9880952380952381
11609,1.0,0.9908424908424909
11610,1.0,0.9908424908424909
11611,1.0,0.9908424908424909
11612,1.0,0.9039451114922813
11613,1.0,0.10091843428821343
11614,1.0,0.9908424908424909
11615,1.0,0.48965169106511863
11616,1.0,0.23025768911055694
11617,1.0,0.9908424908424909
11618,1.0,0.9908424908424909
11619,1.0,0.6577916992952232
11620,0.68457687,0.7862835570469798
11621,1.0,0.9908424908424909
11622,1.0,0.98992673992674
11623,1.0,0.9908340971585701
11624,1.0,0.9908424908424909
11625,1.0,0.9863138686131386
11626,1.0,0.15332885003362476
11627,1.0,0.9908424908424909
11628,0.8057198,0.605725055954765
11629,1.0,0.98992673992674
11630,0.79168826,0.4179157744468237
11631,1.0,0.9880952380952381
11632,1.0,0.03764921946740129
11633,1.0,0.9908424908424909
11634,1.0,0.9592760180995475
11635,1.0,0.9880952380952381
11636,1.0,0.14701737905119774
11637,1.0,0.9098005203816132
11638,1.0,0.9773755656108597
11639,1.0,0.9790718835304822
11640,0.9928512,0.07168501675442795
11641,1.0,0.08643410852713178
11642,1.0,0.9908424908424909
11643,1.0,0.9880952380952381
11644,1.0,0.9880843263061412
11645,1.0,0.9872262773722628
11646,1.0,0.15781803039766812
11647,1.0,0.9890310786106032
11648,1.0,0.6430298146655923
11649,1.0,0.9908424908424909
11650,1.0,0.9908424908424909
11651,1.0,0.9908424908424909
11652,1.0,0.989010989010989
11653,1.0,0.9908424908424909
11654,1.0,0.9908424908424909
11655,1.0,0.9908424908424909
11656,1.0,0.08228105906313646
11657,1.0,0.9454870420017873
11658,1.0,0.9318584070796461
11659,1.0,0.9880952380952381
11660,1.0,0.9917506874427131
11661,1.0,0.9905482041587902
11662,0.5002842,0.28937207884576305
11663,1.0,0.9880952380952381
11664,1.0,0.1612851662404092
11665,1.0,0.9908424908424909
11666,1.0,0.6526566217287867
11667,1.0,0.9908424908424909
11668,1.0,0.9908424908424909
11669,1.0,0.989010989010989
11670,0.9999992,0.1522956326987682
11671,1.0,0.9110535405872193
11672,1.0,0.7663174858984689
11673,1.0,0.9908424908424909
11674,1.0,0.9908424908424909
11675,1.0,0.7739059967585089
11676,1.0,0.9880952380952381
11677,1.0,0.9908424908424909
11678,1.0,0.8811475409836066
11679,1.0,0.07140294223179046
11680,1.0,0.9880952380952381
11681,1.0,0.06642365330093156
11682,1.0,0.9880952380952381
11683,0.9999689,0.15071090047393365
11684,1.0,0.9908424908424909
11685,1.0,0.98992673992674
11686,1.0,0.9908424908424909
11687,1.0,0.442443226311668
11688,1.0,0.12020369493131218
11689,1.0,0.9166666666666666
11690,1.0,0.038038496791934
11691,1.0,0.774442538593482
11692,1.0,0.9908424908424909
11693,1.0,0.9908424908424909
11694,1.0,0.2779357984559122
11695,1.0,0.07396701241285496
11696,1.0,0.9880952380952381
11697,0.9999981,0.17588395285584768
11698,1.0,0.9880952380952381
11699,1.0,0.959743824336688
11700,1.0,0.9863138686131386
11701,1.0,0.9880952380952381
11702,0.9977338,0.07767732076913282
11703,1.0,0.9880952380952381
11704,1.0,0.9890210430009149
11705,1.0,0.03429640407399709
11706,1.0,0.9908424908424909
11707,1.0,0.9880952380952381
11708,1.0,0.9908424908424909
11709,1.0,0.98992673992674
11710,1.0,0.9908424908424909
11711,1.0,0.9908424908424909
11712,1.0,0.9880952380952381
11713,1.0,0.060309278350515465
11714,1.0,0.04133796150205112
11715,1.0,0.9482288828337875
11716,1.0,0.9908424908424909
11717,1.0,0.9843893480257117
11718,1.0,0.9908424908424909
11719,1.0,0.9880952380952381
11720,1.0,0.9908424908424909
11721,1.0,0.9908424908424909
11722,1.0,0.9908424908424909
11723,1.0,0.9762989972652689
11724,1.0,0.027219175299614057
11725,1.0,0.9880952380952381
11726,1.0,0.966576332429991
11727,1.0,0.9908424908424909
11728,1.0,0.98992673992674
11729,1.0,0.9880952380952381
11730,1.0,0.7674242424242425
11731,1.0,0.9908424908424909
11732,1.0,0.9908424908424909
11733,1.0,0.9908424908424909
11734,1.0,0.9908424908424909
11735,1.0,0.9908424908424909
11736,1.0,0.9808743169398907
11737,1.0,0.9908424908424909
11738,1.0,0.9908424908424909
11739,1.0,0.14333277842517064
11740,1.0,0.9972350230414746
11741,0.2696356,0.37079850613551485
11742,1.0,0.08719693747341557
11743,1.0,0.9367201426024956
11744,1.0,0.9908424908424909
11745,1.0,0.9908424908424909
11746,1.0,0.9880952380952381
11747,1.0,0.10586319218241043
11748,1.0,0.9908424908424909
11749,1.0,0.9908424908424909
11750,1.0,0.9908424908424909
11751,1.0,0.9845313921747043
11752,0.9999961,0.18552631578947368
11753,1.0,0.9908424908424909
11754,1.0,0.034044057014960535
11755,1.0,0.08420812414422638
11756,1.0,0.9908424908424909
11757,0.4258263,0.29890672249360317
11758,1.0,0.9908424908424909
11759,1.0,0.10413244028813345
11760,1.0,0.1057286432160804
11761,1.0,0.9908424908424909
11762,1.0,0.11365818530964954
11763,1.0,0.7558609539207761
11764,1.0,0.9908424908424909
11765,1.0,0.9908424908424909
11766,1.0,0.9908424908424909
11767,1.0,0.9908424908424909
11768,1.0,0.9908424908424909
11769,1.0,0.9880952380952381
11770,1.0,0.9908424908424909
11771,1.0,0.9908424908424909
11772,1.0,0.9908424908424909
11773,1.0,0.989010989010989
11774,1.0,0.030689399555226093
11775,1.0,0.2901353965183752
11776,1.0,0.8960396039603961
11777,1.0,0.39816124469589814
11778,1.0,0.9400352733686067
11779,1.0,0.9908424908424909
11780,1.0,0.9908424908424909
11781,1.0,0.9880952380952381
11782,0.9997585,0.14772727272727273
11783,1.0,0.9908424908424909
11784,1.0,0.282418734708144
11785,1.0,0.9908424908424909
11786,1.0,0.9880952380952381
11787,1.0,0.9908424908424909
11788,1.0,0.7582113987516628
11789,1.0,0.04395604395604396
11790,1.0,0.10610932475884244
11791,1.0,0.9908424908424909
11792,1.0,0.1675
11793,1.0,0.9917506874427131
11794,1.0,0.9862637362637363
11795,1.0,0.989010989010989
11796,1.0,0.08729890876364045
11797,1.0,0.39958071278825996
11798,1.0,0.030689399555226093
11799,0.99999994,0.4669090909090909
11800,1.0,0.12607032246310804
11801,1.0,0.9908424908424909
11802,1.0,0.09675349672783266
11803,0.9999999,0.43931555909271786
11804,1.0,0.9836363636363636
11805,1.0,0.9908424908424909
11806,1.0,0.9908424908424909
11807,1.0,0.9908424908424909
11808,1.0,0.9220222793487575
11809,1.0,0.5247084952803998
11810,1.0,0.9908424908424909
11811,1.0,0.9908424908424909
11812,1.0,0.9908424908424909
11813,0.44411474,0.3940834653988378
11814,1.0,0.11365818530964954
11815,1.0,0.45573518090839105
11816,1.0,0.9880952380952381
11817,0.2887867,0.36243980738362763
11818,0.72821033,0.7329939341421143
11819,0.997056,0.20957668285912562
11820,0.9142389,0.8272132796780685
11821,1.0,0.9603603603603603
11822,1.0,0.05794746818304901
11823,1.0,0.09812146635053803
11824,0.768642,0.34485738980121
11825,1.0,0.06481113320079523
11826,1.0,0.972875226039783
11827,1.0,0.10667844969069562
11828,1.0,0.962432915921288
11829,1.0,0.9908424908424909
11830,1.0,0.9908424908424909
11831,1.0,0.9880952380952381
11832,1.0,0.30143112701252234
11833,1.0,0.9329805996472663
11834,1.0,0.08534233365477338
11835,0.8721066,0.26535433070866143
11836,1.0,0.8911149825783972
11837,0.94307715,0.873695078582081
11838,1.0,0.9908424908424909
11839,1.0,0.07326447273600768
11840,1.0,0.7221711131554738
11841,0.30908242,0.48844851623182634
11842,1.0,0.9908424908424909
11843,1.0,0.9880952380952381
11844,1.0,0.2581818181818182
11845,1.0,0.9880952380952381
11846,1.0,0.9908424908424909
11847,1.0,0.8544520547945206
11848,1.0,0.9880952380952381
11849,0.9732122,0.12196325070908867
11850,1.0,0.9908424908424909
11851,1.0,0.9908424908424909
11852,1.0,0.9881170018281535
11853,1.0,0.9127806563039723
11854,1.0,0.9196277495769881
11855,1.0,0.15616840731070497
11856,1.0,0.15077484047402007
11857,1.0,0.06243705941591138
11858,1.0,0.9908424908424909
11859,1.0,0.5725763256561328
11860,1.0,0.9908424908424909
11861,1.0,0.9746606334841629
11862,1.0,0.9908424908424909
11863,1.0,0.1590308370044053
11864,1.0,0.9579606440071556
11865,1.0,0.9880952380952381
11866,1.0,0.9908424908424909
11867,1.0,0.9880952380952381
11868,1.0,0.9890210430009149
11869,1.0,0.37767923133776793
11870,1.0,0.8409448818897638
11871,1.0,0.9908424908424909
11872,1.0,0.9880952380952381
11873,1.0,0.9908424908424909
11874,0.6667682,0.6922698984605307
11875,1.0,0.9908424908424909
11876,1.0,0.9790718835304822
11877,1.0,0.9880952380952381
11878,1.0,0.9908424908424909
11879,1.0,0.5365313653136531
11880,1.0,0.6459627329192547
11881,1.0,0.8786857624262847
11882,1.0,0.1013477661042131
11883,1.0,0.9880952380952381
11884,1.0,0.9908424908424909
11885,1.0,0.9908424908424909
11886,1.0,0.9908424908424909
11887,1.0,0.98992673992674
11888,1.0,0.9908424908424909
11889,1.0,0.9908424908424909
11890,1.0,0.9908424908424909
11891,1.0,0.9908424908424909
11892,1.0,0.9880952380952381
11893,0.99999595,0.2838445807770961
11894,0.1673947,0.08326051678941455
11895,1.0,0.9908424908424909
11896,1.0,0.9908424908424909
11897,1.0,0.9871912168344007
11898,1.0,0.9880952380952381
11899,1.0,0.9908424908424909
11900,1.0,0.9908424908424909
11901,1.0,0.9908424908424909
11902,1.0,0.9622119815668203
11903,1.0,0.9908424908424909
11904,1.0,0.9908424908424909
11905,1.0,0.9908424908424909
11906,1.0,0.9908424908424909
11907,1.0,0.9349376114081996
11908,1.0,0.11232431176675572
11909,0.3624335,0.8539289207694816
11910,1.0,0.9880952380952381
11911,0.999982,0.563573883161512
11912,1.0,0.16386969397828233
11913,1.0,0.9908424908424909
11914,1.0,0.9880952380952381
11915,1.0,0.2937783271528636
11916,1.0,0.038264434574649814
11917,1.0,0.9908424908424909
11918,1.0,0.9880952380952381
11919,1.0,0.9908424908424909
11920,1.0,0.9908424908424909
11921,1.0,0.9880952380952381
11922,1.0,0.9908424908424909
11923,1.0,0.673354735152488
11924,1.0,0.9597135183527306
11925,1.0,0.9908424908424909
11926,1.0,0.9880733944954129
11927,1.0,0.9649280575539568
11928,1.0,0.9908424908424909
11929,1.0,0.0741822429906542
11930,1.0,0.6451005025125628
11931,1.0,0.09601396566773349
11932,1.0,0.9908424908424909
11933,1.0,0.8033898305084746
11934,1.0,0.9908424908424909
11935,1.0,0.9908424908424909
11936,1.0,0.9908424908424909
11937,1.0,0.9880952380952381
11938,1.0,0.9908424908424909
11939,1.0,0.07356430944470811
11940,1.0,0.9908424908424909
11941,1.0,0.2397447584320875
11942,1.0,0.8822510822510823
11943,1.0,0.6033057851239669
11944,1.0,0.9908424908424909
11945,1.0,0.9908424908424909
11946,1.0,0.891459074733096
11947,1.0,0.05737819349434595
11948,1.0,0.9899175068744271
11949,1.0,0.9880952380952381
11950,1.0,0.9908424908424909
11951,1.0,0.9638336347197106
11952,1.0,0.9880952380952381
11953,1.0,0.9908424908424909
11954,1.0,0.989010989010989
11955,1.0,0.9908424908424909
11956,1.0,0.989010989010989
11957,1.0,0.08266890474192194
11958,1.0,0.9908424908424909
11959,1.0,0.19134860050890584
11960,1.0,0.9908424908424909
11961,0.99999994,0.6493001555209953
11962,1.0,0.6482490272373541
11963,1.0,0.9908424908424909
11964,1.0,0.9908424908424909
11965,1.0,0.09621104357946464
11966,1.0,0.9908424908424909
11967,1.0,0.9908424908424909
11968,0.998947,0.14443676572218384
11969,1.0,0.9908424908424909
11970,1.0,0.785031847133758
11971,1.0,0.10643889618922471
11972,1.0,0.5047619047619047
11973,1.0,0.9953959484346224
11974,1.0,0.9908424908424909
11975,1.0,0.8989637305699482
11976,0.999904,0.18219248584662892
11977,1.0,0.9890009165902841
11978,0.9999999,0.08457259620842321
11979,1.0,0.9626593806921676
11980,1.0,0.9908424908424909
11981,1.0,0.9799818016378526
11982,1.0,0.09118086696562033
11983,1.0,0.10481233452733218
11984,1.0,0.9908424908424909
11985,0.9999998,0.38181818181818183
11986,1.0,0.9782214156079855
11987,1.0,0.9908424908424909
11988,1.0,0.9449866903283053
11989,1.0,0.11239547466797836
11990,1.0,0.9908424908424909
11991,1.0,0.08246398410332836
11992,1.0,0.9880952380952381
11993,1.0,0.9908424908424909
11994,1.0,0.9880952380952381
11995,1.0,0.03592100783112019
11996,1.0,0.9908424908424909
11997,1.0,0.08386746333514394
11998,1.0,0.9908424908424909
11999,1.0,0.9880952380952381
12000,1.0,0.09074752860157725
12001,1.0,0.989010989010989
12002,1.0,0.8519437551695617
12003,1.0,0.9908424908424909
12004,1.0,0.9908424908424909
12005,1.0,0.98992673992674
12006,1.0,0.9880952380952381
12007,1.0,0.9908424908424909
12008,1.0,0.9146451033243486
12009,1.0,0.9071986123156982
12010,1.0,0.9880952380952381
12011,1.0,0.9632286995515695
12012,0.19255656,0.44697957409821815
12013,1.0,0.9621621621621622
12014,1.0,0.9880952380952381
12015,1.0,0.9080068143100511
12016,1.0,0.9908424908424909
12017,1.0,0.9908424908424909
12018,1.0,0.9908424908424909
12019,1.0,0.9908424908424909
12020,1.0,0.9908424908424909
12021,1.0,0.989935956084172
12022,1.0,0.856312292358804
12023,1.0,0.9908424908424909
12024,1.0,0.11602927289896128
12025,1.0,0.9908424908424909
12026,1.0,0.04061784897025172
12027,1.0,0.2805575411007863
12028,1.0,0.08659375352350886
12029,1.0,0.9880952380952381
12030,1.0,0.23478260869565218
12031,1.0,0.9908424908424909
12032,1.0,0.9908424908424909
12033,1.0,0.09373961218836566
12034,1.0,0.27790262172284647
12035,1.0,0.9908424908424909
12036,1.0,0.9908424908424909
12037,1.0,0.9272065514103731
12038,1.0,0.2508493771234428
12039,1.0,0.7806563039723662
12040,1.0,0.9711191335740073
12041,1.0,0.05673758865248227
12042,1.0,0.9908424908424909
12043,1.0,0.8230584467574059
12044,0.9999923,0.2805714285714286
12045,0.8080475,0.2459651387992253
12046,1.0,0.6163663663663663
12047,0.9976996,0.24810286677908938
12048,1.0,0.23177379059732
12049,1.0,0.8024096385542169
12050,1.0,0.9908424908424909
12051,1.0,0.9890210430009149
12052,1.0,0.9908424908424909
12053,1.0,0.2641509433962264
12054,1.0,0.9908424908424909
12055,1.0,0.9880952380952381
12056,1.0,0.7691652470187393
12057,1.0,0.9826800364630811
12058,1.0,0.9908424908424909
12059,1.0,0.7844408427876823
12060,1.0,0.9908424908424909
12061,1.0,0.9826325411334552
12062,1.0,0.28695652173913044
12063,1.0,0.9908424908424909
12064,1.0,0.05933453532207835
12065,1.0,0.8911149825783972
12066,1.0,0.04467713787085515
12067,1.0,0.9908424908424909
12068,1.0,0.3388042203985932
12069,1.0,0.9908424908424909
12070,1.0,0.8109908409658618
12071,1.0,0.989010989010989
12072,0.999999,0.16834451901565994
12073,1.0,0.9880952380952381
12074,1.0,0.8802698145025295
12075,1.0,0.9908424908424909
12076,1.0,0.014564713670969877
12077,1.0,0.04782438259506076
12078,1.0,0.9908424908424909
12079,1.0,0.23659454374412042
12080,1.0,0.970988213961922
12081,1.0,0.9908424908424909
12082,1.0,0.9908424908424909
12083,1.0,0.9226033421284081
12084,1.0,0.9908424908424909
12085,1.0,0.9880952380952381
12086,1.0,0.9917506874427131
12087,1.0,0.1264
12088,1.0,0.9700272479564033
12089,1.0,0.9880952380952381
12090,1.0,0.9406554472984943
12091,1.0,0.9908424908424909
12092,1.0,0.9168126094570929
12093,1.0,0.9039451114922813
12094,1.0,0.9908424908424909
12095,1.0,0.034752049980476374
12096,1.0,0.045435422801851075
12097,1.0,0.9908424908424909
12098,1.0,0.9908424908424909
12099,1.0,0.9908424908424909
12100,1.0,0.98992673992674
12101,1.0,0.989010989010989
12102,1.0,0.9700272479564033
12103,1.0,0.060689655172413794
12104,1.0,0.9863138686131386
12105,1.0,0.9908424908424909
12106,1.0,0.6496090973702914
12107,1.0,0.9908424908424909
12108,1.0,0.9880952380952381
12109,0.9998208,0.1145943407303041
12110,1.0,0.03651311812356426
12111,1.0,0.9908424908424909
12112,1.0,0.9880952380952381
12113,1.0,0.9595687331536388
12114,1.0,0.2627515853322305
12115,1.0,0.9880952380952381
12116,1.0,0.9908424908424909
12117,1.0,0.03915551736835645
12118,1.0,0.9908424908424909
12119,1.0,0.973826714801444
12120,1.0,0.9881170018281535
12121,0.99999964,0.22673031026252982
12122,1.0,0.786096256684492
12123,1.0,0.971996386630533
12124,1.0,0.9908424908424909
12125,1.0,0.9908424908424909
12126,1.0,0.9908424908424909
12127,1.0,0.15104529616724738
12128,1.0,0.9764279238440616
12129,1.0,0.10073186959414504
12130,1.0,0.10108810108810108
12131,1.0,0.31241655540720964
12132,1.0,0.9908424908424909
12133,1.0,0.154095701540957
12134,1.0,0.9880952380952381
12135,1.0,0.7236842105263158
12136,0.9189301,0.9407030056036678
12137,1.0,0.9414893617021277
12138,1.0,0.9908424908424909
12139,1.0,0.9908424908424909
12140,1.0,0.9752747252747253
12141,1.0,0.9908424908424909
12142,1.0,0.9908424908424909
12143,1.0,0.5794831636648394
12144,1.0,0.98992673992674
12145,1.0,0.9981549815498155
12146,1.0,0.8614609571788413
12147,1.0,0.9863013698630136
12148,0.99999994,0.563622754491018
12149,1.0,0.9880843263061412
12150,1.0,0.9442477876106194
12151,1.0,0.9163763066202091
12152,1.0,0.9908424908424909
12153,1.0,0.9880952380952381
12154,1.0,0.9908424908424909
12155,1.0,0.6673346693386774
12156,1.0,0.036740513270454044
12157,1.0,0.022533800701051578
12158,1.0,0.4079045488441462
12159,1.0,0.9890210430009149
12160,1.0,0.9981549815498155
12161,1.0,0.9880952380952381
12162,1.0,0.9908424908424909
12163,1.0,0.9908424908424909
12164,1.0,0.9880952380952381
12165,1.0,0.9360568383658969
12166,1.0,0.9908424908424909
12167,1.0,0.19776680266265836
12168,1.0,0.08630215279100781
12169,1.0,0.9908424908424909
12170,1.0,0.9908424908424909
12171,1.0,0.9880952380952381
12172,1.0,0.9908424908424909
12173,1.0,0.9863138686131386
12174,1.0,0.989010989010989
12175,1.0,0.9908424908424909
12176,1.0,0.9880952380952381
12177,1.0,0.9908424908424909
12178,1.0,0.07847744360902256
12179,1.0,0.9880952380952381
12180,1.0,0.98992673992674
12181,1.0,0.038038496791934
12182,1.0,0.9908424908424909
12183,1.0,0.9880952380952381
12184,1.0,0.03526887488266059
12185,1.0,0.5871261378413524
12186,1.0,0.9908424908424909
12187,1.0,0.7847790507364976
12188,1.0,0.98992673992674
12189,1.0,0.9908424908424909
12190,1.0,0.08977159880834161
12191,1.0,0.9880952380952381
12192,1.0,0.9908424908424909
12193,0.9961833,0.13133514986376021
12194,1.0,0.3687335092348285
12195,1.0,0.9908424908424909
12196,0.14811993,0.06526429341963323
12197,1.0,0.9880952380952381
12198,1.0,0.7998372660699756
12199,1.0,0.9553571428571429
12200,1.0,0.8211920529801324
12201,1.0,0.9908424908424909
12202,1.0,0.9908424908424909
12203,1.0,0.9908424908424909
12204,1.0,0.8820556023588879
12205,1.0,0.9908424908424909
12206,1.0,0.9908424908424909
12207,0.7364901,0.5333985011404366
12208,1.0,0.39544807965860596
12209,1.0,0.08742004264392324
12210,1.0,0.9908424908424909
12211,0.39916724,0.5218640936152741
12212,1.0,0.46745562130177515
12213,1.0,0.9908424908424909
12214,1.0,0.98992673992674
12215,1.0,0.9908424908424909
12216,1.0,0.9088541666666666
12217,1.0,0.9908424908424909
12218,1.0,0.8908145580589255
12219,1.0,0.09712597977962058
12220,1.0,0.9880952380952381
12221,1.0,0.8417618270799347
12222,1.0,0.9908424908424909
12223,1.0,0.8932536293766012
12224,1.0,0.9880952380952381
12225,1.0,0.484149855907781
12226,1.0,0.9880952380952381
12227,1.0,0.9880952380952381
12228,1.0,0.9908424908424909
12229,1.0,0.9908424908424909
12230,1.0,0.9908424908424909
12231,1.0,0.9908424908424909
12232,1.0,0.9908424908424909
12233,0.8180727,0.55908840286712
12234,0.9985624,0.13181961526332386
12235,1.0,0.9908424908424909
12236,1.0,0.9890009165902841
12237,1.0,0.14503105590062113
12238,1.0,0.13475728155339806
12239,1.0,0.11744032801288622
12240,1.0,0.9890210430009149
12241,1.0,0.9684684684684685
12242,1.0,0.9908424908424909
12243,1.0,0.9764492753623188
12244,1.0,0.9880952380952381
12245,1.0,0.9908424908424909
12246,1.0,0.32798165137614677
12247,1.0,0.11663641863278887
12248,1.0,0.9880952380952381
12249,1.0,0.9908424908424909
12250,1.0,0.9880952380952381
12251,0.8018862,0.4017110266159696
12252,1.0,0.9880952380952381
12253,1.0,0.9281332164767747
12254,1.0,0.9782214156079855
12255,1.0,0.9827272727272728
12256,1.0,0.9908424908424909
12257,1.0,0.9880952380952381
12258,1.0,0.9908424908424909
12259,1.0,0.9535714285714286
12260,1.0,0.9908424908424909
12261,1.0,0.9908424908424909
12262,1.0,0.9908424908424909
12263,1.0,0.9972350230414746
12264,1.0,0.9908424908424909
12265,1.0,0.24517593643586832
12266,1.0,0.1053631284916201
12267,1.0,0.9880952380952381
12268,1.0,0.9560538116591928
12269,1.0,0.4641670621737067
12270,1.0,0.9880952380952381
12271,1.0,0.030608735526768314
12272,1.0,0.9880952380952381
12273,1.0,0.9248188405797102
12274,1.0,0.9908424908424909
12275,1.0,0.9908424908424909
12276,1.0,0.8226351351351351
12277,1.0,0.9908424908424909
12278,1.0,0.9908424908424909
12279,1.0,0.651394422310757
12280,1.0,0.9608888888888889
12281,1.0,0.9908424908424909
12282,1.0,0.9908424908424909
12283,1.0,0.6853754940711463
12284,1.0,0.963963963963964
12285,1.0,0.11368843069873998
12286,1.0,0.4122448979591837
12287,1.0,0.9880952380952381
12288,1.0,0.07326447273600768
12289,1.0,0.9908424908424909
12290,1.0,0.9908424908424909
12291,1.0,0.4874031007751938
12292,1.0,0.08969560878243513
12293,1.0,0.9908424908424909
12294,1.0,0.9908424908424909
12295,1.0,0.971996386630533
12296,1.0,0.9908424908424909
12297,1.0,0.08855291576673865
12298,1.0,0.9908424908424909
12299,0.9999994,0.11075627812454637
12300,0.99999213,0.09818625741192885
12301,1.0,0.9908424908424909
12302,1.0,0.9908424908424909
12303,1.0,0.9908424908424909
12304,1.0,0.971945701357466
12305,1.0,0.989935956084172
12306,1.0,0.9908424908424909
12307,1.0,0.9880952380952381
12308,1.0,0.9908424908424909
12309,1.0,0.9908424908424909
12310,1.0,0.21152216887884778
12311,1.0,0.9908424908424909
12312,1.0,0.9908424908424909
12313,1.0,0.9908424908424909
12314,1.0,0.9908424908424909
12315,1.0,0.9908424908424909
12316,1.0,0.9880952380952381
12317,1.0,0.9522522522522523
12318,1.0,0.08629936616284739
12319,1.0,0.9818016378525932
12320,1.0,0.9790909090909091
12321,1.0,0.2505592841163311
12322,1.0,0.9908424908424909
12323,1.0,0.9800362976406534
12324,1.0,0.9908424908424909
12325,1.0,0.8792792792792793
12326,1.0,0.1735641891891892
12327,1.0,0.20816864295125165
12328,1.0,0.9818181818181818
12329,1.0,0.9908424908424909
12330,1.0,0.9880952380952381
12331,1.0,0.9908424908424909
12332,1.0,0.9880952380952381
12333,1.0,0.02962085308056872
12334,1.0,0.9908424908424909
12335,1.0,0.9489704565801254
12336,1.0,0.9908424908424909
12337,1.0,0.87468671679198
12338,1.0,0.9908424908424909
12339,1.0,0.9880952380952381
12340,1.0,0.09617394940413966
12341,1.0,0.10390355912743972
12342,1.0,0.11747753856585862
12343,1.0,0.9908424908424909
12344,1.0,0.9908424908424909
12345,1.0,0.9908424908424909
12346,1.0,0.20569620253164558
12347,1.0,0.12198814179386905
12348,1.0,0.07677304964539007
12349,1.0,0.9908424908424909
12350,1.0,0.35182049110922947
12351,1.0,0.9908424908424909
12352,1.0,0.043077296444606235
12353,1.0,0.9908424908424909
12354,1.0,0.9510240427426536
12355,1.0,0.11173708920187793
12356,1.0,0.9908424908424909
12357,1.0,0.972875226039783
12358,1.0,0.9880952380952381
12359,1.0,0.9283819628647215
12360,1.0,0.9712488769092543
12361,0.4663015,0.7666289592760182
12362,1.0,0.9908424908424909
12363,1.0,0.9908424908424909
12364,0.6799785,0.7934974673106373
12365,1.0,0.9908424908424909
12366,1.0,0.9880952380952381
12367,1.0,0.9908424908424909
12368,1.0,0.2856682769726248
12369,1.0,0.9468641114982579
12370,1.0,0.9701627486437613
12371,1.0,0.35023041474654376
12372,1.0,0.007358953393295176
12373,1.0,0.12305113160100586
12374,1.0,0.9880952380952381
12375,1.0,0.9908424908424909
12376,1.0,0.09716038389235183
12377,1.0,0.9908424908424909
12378,1.0,0.8520032706459526
12379,1.0,0.9908424908424909
12380,1.0,0.08883139284174213
12381,1.0,0.9908424908424909
12382,1.0,0.9880952380952381
12383,1.0,0.8686616791354946
12384,1.0,0.8822510822510823
12385,1.0,0.9908424908424909
12386,1.0,0.9908424908424909
12387,1.0,0.9908424908424909
12388,1.0,0.9908424908424909
12389,1.0,0.9908424908424909
12390,1.0,0.9908424908424909
12391,1.0,0.02556077203964528
12392,1.0,0.9908424908424909
12393,1.0,0.9908424908424909
12394,1.0,0.996316758747698
12395,1.0,0.9432624113475178
12396,1.0,0.9908424908424909
12397,1.0,0.9880952380952381
12398,1.0,0.9908424908424909
12399,1.0,0.9880952380952381
12400,1.0,0.9908424908424909
12401,1.0,0.9880952380952381
12402,1.0,0.9880952380952381
12403,1.0,0.9271929824561403
12404,1.0,0.9908424908424909
12405,1.0,0.989010989010989
12406,1.0,0.9880952380952381
12407,1.0,0.9908424908424909
12408,1.0,0.98992673992674
12409,1.0,0.9880952380952381
12410,1.0,0.902014652014652
12411,1.0,0.6966911764705882
12412,1.0,0.7692883895131086
12413,1.0,0.9908424908424909
12414,1.0,0.9908424908424909
12415,1.0,0.9908424908424909
12416,1.0,0.9880952380952381
12417,1.0,0.9908424908424909
12418,1.0,0.9908424908424909
12419,0.99925786,0.09463160777869077
12420,1.0,0.9880952380952381
12421,1.0,0.08828785893006076
12422,1.0,0.9908424908424909
12423,1.0,0.9908424908424909
12424,0.9677234,0.17326530612244898
12425,1.0,0.9481216457960644
12426,1.0,0.9880952380952381
12427,1.0,0.9908424908424909
12428,1.0,0.11541960427564249
12429,1.0,0.6923076923076923
12430,1.0,0.9908424908424909
12431,1.0,0.98992673992674
12432,1.0,0.9908424908424909
12433,1.0,0.19909945184025057
12434,0.99999857,0.08005684509711038
12435,1.0,0.10489425981873111
12436,1.0,0.9880952380952381
12437,1.0,0.9206927985414768
12438,1.0,0.7959514170040486
12439,1.0,0.9863138686131386
12440,1.0,0.9908424908424909
12441,1.0,0.9809610154125114
12442,1.0,0.8908934707903781
12443,1.0,0.9908424908424909
12444,1.0,0.11240934730056407
12445,0.9065978,0.853518821603928
12446,1.0,0.14388961892247043
12447,1.0,0.6081170991350632
12448,1.0,0.9880952380952381
12449,1.0,0.9899082568807339
12450,1.0,0.98992673992674
12451,1.0,0.9908424908424909
12452,1.0,0.9908424908424909
12453,0.8752993,0.35942376950780314
12454,1.0,0.8190630048465266
12455,1.0,0.9908424908424909
12456,1.0,0.8619528619528619
12457,1.0,0.9908424908424909
12458,1.0,0.9880952380952381
12459,1.0,0.9406028368794326
12460,1.0,0.9773550724637681
12461,1.0,0.9908424908424909
12462,1.0,0.96415770609319
12463,1.0,0.9801980198019802
12464,1.0,0.2551299589603283
12465,1.0,0.98992673992674
12466,1.0,0.031670517874133476
12467,1.0,0.9880952380952381
12468,1.0,0.9509981851179673
12469,1.0,0.9908424908424909
12470,1.0,0.7731878409976617
12471,1.0,0.9163763066202091
12472,1.0,0.9908424908424909
12473,0.99978596,0.14944649446494465
12474,1.0,0.030608735526768314
12475,1.0,0.9908424908424909
12476,1.0,0.9908424908424909
12477,1.0,0.9908424908424909
12478,1.0,0.09467951403435275
12479,1.0,0.9908424908424909
12480,1.0,0.9908424908424909
12481,1.0,0.15075669383003493
12482,1.0,0.12442681868880902
12483,1.0,0.8237205523964257
12484,1.0,0.9676258992805755
12485,1.0,0.7546607009694258
12486,1.0,0.98992673992674
12487,1.0,0.0734207389749702
12488,1.0,0.9818016378525932
12489,1.0,0.9908424908424909
12490,1.0,0.9908424908424909
12491,1.0,0.9908424908424909
12492,1.0,0.8936905790838375
12493,1.0,0.9880952380952381
12494,1.0,0.9908424908424909
12495,1.0,0.9908424908424909
12496,1.0,0.9908424908424909
12497,1.0,0.7658362989323844
12498,1.0,0.9782214156079855
12499,1.0,0.9908424908424909
12500,1.0,0.08641975308641975
12501,0.9999994,0.4468704512372635
12502,1.0,0.7691056910569106
12503,1.0,0.9756317689530686
12504,1.0,0.892948173322005
12505,1.0,0.462436177972283
12506,1.0,0.98992673992674
12507,0.34997973,0.7071946458449526
12508,1.0,0.9880952380952381
12509,1.0,0.9908424908424909
12510,0.99999946,0.11637200290627271
12511,1.0,0.9908424908424909
12512,1.0,0.98992673992674
12513,1.0,0.980909090909091
12514,1.0,0.9880952380952381
12515,1.0,0.9908424908424909
12516,1.0,0.989010989010989
12517,1.0,0.016443098225876245
12518,1.0,0.8369565217391305
12519,1.0,0.9880952380952381
12520,1.0,0.06763738844527947
12521,1.0,0.9908424908424909
12522,1.0,0.9818181818181818
12523,0.9901647,0.07232415902140672
12524,0.27805465,0.04641168886978943
12525,1.0,0.978021978021978
12526,1.0,0.19096710849288168
12527,1.0,0.9880952380952381
12528,1.0,0.9908424908424909
12529,1.0,0.9880952380952381
12530,1.0,0.9908424908424909
12531,1.0,0.9908424908424909
12532,0.21356443,0.24854865689264982
12533,1.0,0.8280730897009967
12534,1.0,0.2194607268464244
12535,1.0,0.9880952380952381
12536,1.0,0.947508896797153
12537,1.0,0.9908424908424909
12538,1.0,0.9908424908424909
12539,1.0,0.9781021897810219
12540,1.0,0.9908424908424909
12541,1.0,0.1311904761904762
12542,1.0,0.09817351598173515
12543,1.0,0.9880952380952381
12544,1.0,0.9908424908424909
12545,1.0,0.9908424908424909
12546,1.0,0.9504950495049505
12547,1.0,0.9880952380952381
12548,0.9987301,0.10500706325537593
12549,1.0,0.9880952380952381
12550,1.0,0.839549002601908
12551,0.99724585,0.18752651675859142
12552,1.0,0.23409578270192996
12553,1.0,0.9213973799126638
12554,1.0,0.9908424908424909
12555,1.0,0.16986251808972502
12556,0.31416625,0.799059929494712
12557,1.0,0.9880952380952381
12558,1.0,0.08441116405718176
12559,1.0,0.9908424908424909
12560,1.0,0.3388042203985932
12561,1.0,0.9853613906678865
12562,1.0,0.9908424908424909
12563,0.99999887,0.5392670157068062
12564,0.4627278,0.18597560975609756
12565,1.0,0.989805375347544
12566,1.0,0.9826800364630811
12567,1.0,0.9908424908424909
12568,1.0,0.9880952380952381
12569,0.8877244,0.6365001877581675
12570,1.0,0.9908424908424909
12571,1.0,0.9554764024933214
12572,1.0,0.970722781335773
12573,1.0,0.9908424908424909
12574,1.0,0.9605381165919282
12575,1.0,0.9908424908424909
12576,1.0,0.7831893165750197
12577,1.0,0.9908424908424909
12578,1.0,0.85785536159601
12579,0.9138655,0.9228361752644075
12580,1.0,0.7807881773399015
12581,1.0,0.9880952380952381
12582,1.0,0.10196260596910928
12583,1.0,0.9908424908424909
12584,1.0,0.9908424908424909
12585,1.0,0.9880952380952381
12586,1.0,0.9908424908424909
12587,1.0,0.9381625441696113
12588,1.0,0.9908424908424909
12589,1.0,0.9908424908424909
12590,1.0,0.4451901565995526
12591,1.0,0.10686015831134564
12592,1.0,0.9908424908424909
12593,1.0,0.9397163120567376
12594,1.0,0.9908424908424909
12595,1.0,0.10631687953054884
12596,1.0,0.8024096385542169
12597,1.0,0.9908424908424909
12598,1.0,0.9908424908424909
12599,1.0,0.13714646863643545
12600,1.0,0.9908424908424909
12601,1.0,0.9880952380952381
12602,1.0,0.9917506874427131
12603,1.0,0.9908424908424909
12604,1.0,0.9880952380952381
12605,1.0,0.4064981949458484
12606,1.0,0.9908424908424909
12607,1.0,0.8236889692585895
12608,1.0,0.9908424908424909
12609,1.0,0.9880952380952381
12610,1.0,0.8956140350877193
12611,1.0,0.9635036496350365
12612,1.0,0.6853754940711463
12613,1.0,0.8087557603686636
12614,1.0,0.9908424908424909
12615,1.0,0.9307958477508651
12616,1.0,0.9908340971585701
12617,1.0,0.9376114081996435
12618,1.0,0.9908424908424909
12619,1.0,0.9908424908424909
12620,0.55134314,0.14038461538461539
12621,1.0,0.531947261663286
12622,0.99992114,0.26666666666666666
12623,1.0,0.9719710669077758
12624,1.0,0.9908424908424909
12625,1.0,0.5513447432762836
12626,1.0,0.09771671826625387
12627,1.0,0.9011177987962167
12628,1.0,0.7582897033158813
12629,1.0,0.9863138686131386
12630,1.0,0.9880952380952381
12631,1.0,0.9908424908424909
12632,1.0,0.9880952380952381
12633,1.0,0.9908424908424909
12634,0.99998987,0.1992217898832685
12635,1.0,0.047283820251085296
12636,1.0,0.989010989010989
12637,1.0,0.9908424908424909
12638,1.0,0.98992673992674
12639,1.0,0.07150537634408602
12640,1.0,0.9816849816849816
12641,1.0,0.08380208931236367
12642,1.0,0.9908424908424909
12643,1.0,0.9908424908424909
12644,1.0,0.9880952380952381
12645,1.0,0.8392709196354599
12646,1.0,0.9780821917808219
12647,1.0,0.9880952380952381
12648,1.0,0.9880952380952381
12649,1.0,0.8867924528301887
12650,1.0,0.9908424908424909
12651,1.0,0.9880952380952381
12652,1.0,0.9880952380952381
12653,1.0,0.3545165683159328
12654,1.0,0.9908424908424909
12655,1.0,0.9908424908424909
12656,1.0,0.9880952380952381
12657,1.0,0.989010989010989
12658,1.0,0.9297629499561019
12659,1.0,0.07662082514734773
12660,1.0,0.9880952380952381
12661,1.0,0.8206839032527106
12662,1.0,0.7881219903691814
12663,1.0,0.14084117321527392
12664,1.0,0.9483362521891419
12665,1.0,0.07135181603266709
12666,1.0,0.9908424908424909
12667,0.89388824,0.319956019791094
12668,1.0,0.9908424908424909
12669,1.0,0.6853754940711463
12670,1.0,0.9908424908424909
12671,1.0,0.9880952380952381
12672,1.0,0.6733118971061093
12673,1.0,0.9908424908424909
12674,1.0,0.98992673992674
12675,1.0,0.9880952380952381
12676,1.0,0.9908424908424909
12677,1.0,0.9908424908424909
12678,1.0,0.9935897435897436
12679,1.0,0.8730964467005076
12680,0.8452198,0.6352900312608545
12681,1.0,0.9908424908424909
12682,1.0,0.5502318392581144
12683,1.0,0.9853747714808044
12684,0.9933666,0.08385969627738207
12685,1.0,0.9908424908424909
12686,1.0,0.9599271402550091
12687,1.0,0.98992673992674
12688,1.0,0.8311229000884174
12689,1.0,0.9880952380952381
12690,1.0,0.9908424908424909
12691,1.0,0.9372236958443855
12692,1.0,0.9908424908424909
12693,0.99999946,0.2263959390862944
12694,1.0,0.8722871452420701
12695,1.0,0.8257638315441783
12696,1.0,0.9908424908424909
12697,1.0,0.9908424908424909
12698,1.0,0.9880952380952381
12699,1.0,0.06743335075797177
12700,1.0,0.10998376623376624
12701,1.0,0.9238845144356955
12702,1.0,0.08081501831501832
12703,1.0,0.9790909090909091
12704,1.0,0.9410187667560321
12705,1.0,0.2753737214791503
12706,1.0,0.9908424908424909
12707,1.0,0.9908424908424909
12708,1.0,0.9587073608617595
12709,1.0,0.9908424908424909
12710,1.0,0.9773139745916516
12711,1.0,0.9908424908424909
12712,1.0,0.030807147258163893
12713,1.0,0.09245172615564658
12714,1.0,0.8311229000884174
12715,1.0,0.9908424908424909
12716,1.0,0.9880952380952381
12717,1.0,0.6782740348221045
12718,1.0,0.9908424908424909
12719,1.0,0.9853747714808044
12720,1.0,0.13665332740477248
12721,1.0,0.88917089678511
12722,1.0,0.9908424908424909
12723,1.0,0.9908424908424909
12724,1.0,0.7570977917981072
12725,1.0,0.9908424908424909
12726,1.0,0.9908424908424909
12727,1.0,0.7335473515248796
12728,1.0,0.21152216887884778
12729,1.0,0.4575381679389313
12730,1.0,0.051161541560359874
12731,1.0,0.9880952380952381
12732,1.0,0.9981549815498155
12733,0.9999997,0.8903107861060329
12734,1.0,0.9880952380952381
12735,1.0,0.9908424908424909
12736,1.0,0.9880952380952381
12737,1.0,0.9908424908424909
12738,1.0,0.12727272727272726
12739,1.0,0.9880952380952381
12740,1.0,0.9908424908424909
12741,1.0,0.11148242213607806
12742,1.0,0.8497777777777777
12743,1.0,0.5245494095711623
12744,1.0,0.9880952380952381
12745,1.0,0.9908424908424909
12746,1.0,0.9684968496849685
12747,1.0,0.9908424908424909
12748,1.0,0.9908424908424909
12749,1.0,0.008165487207403375
12750,1.0,0.9908424908424909
12751,1.0,0.67
12752,1.0,0.629154078549849
12753,1.0,0.9908424908424909
12754,1.0,0.9093264248704663
12755,1.0,0.9699727024567789
12756,1.0,0.9908424908424909
12757,1.0,0.9483362521891419
12758,0.9999961,0.6100973236009732
12759,1.0,0.8921484037963762
12760,1.0,0.13753355439759987
12761,1.0,0.10786756852972589
12762,1.0,0.21864951768488747
12763,1.0,0.9880952380952381
12764,1.0,0.442443226311668
12765,1.0,0.11492087415222306
12766,1.0,0.9085872576177285
12767,1.0,0.9209621993127147
12768,1.0,0.18815896188158962
12769,0.120940894,0.19821826280623608
12770,1.0,0.9880952380952381
12771,1.0,0.8257638315441783
12772,1.0,0.8962834917891098
12773,1.0,0.9908424908424909
12774,1.0,0.9630297565374211
12775,1.0,0.9908424908424909
12776,1.0,0.05692391899288451
12777,1.0,0.11184621145924355
12778,0.99744236,0.08669601369528002
12779,1.0,0.9908424908424909
12780,1.0,0.9253333333333333
12781,1.0,0.9880952380952381
12782,1.0,0.9908424908424909
12783,1.0,0.9908424908424909
12784,1.0,0.9683257918552036
12785,1.0,0.01663306451612903
12786,0.9084796,0.9404114699925381
12787,0.72112924,0.8957254543608488
12788,1.0,0.9944852941176471
12789,1.0,0.9908424908424909
12790,1.0,0.09923213230950975
12791,1.0,0.9908424908424909
12792,1.0,0.9149305555555556
12793,1.0,0.9908424908424909
12794,1.0,0.9908424908424909
12795,1.0,0.9908424908424909
12796,1.0,0.9908424908424909
12797,1.0,0.9908424908424909
12798,1.0,0.9908424908424909
12799,1.0,0.9908424908424909
12800,1.0,0.8811475409836066
12801,1.0,0.989010989010989
12802,1.0,0.9908424908424909
12803,1.0,0.10539497025983513
12804,1.0,0.9880952380952381
12805,1.0,0.989010989010989
12806,1.0,0.9908424908424909
12807,1.0,0.9880952380952381
12808,1.0,0.9908424908424909
12809,1.0,0.8522727272727273
12810,1.0,0.5153949129852744
12811,1.0,0.9880952380952381
12812,0.99706244,0.09084467120181405
12813,1.0,0.9908424908424909
12814,1.0,0.9880952380952381
12815,1.0,0.9880952380952381
12816,1.0,0.9908424908424909
12817,1.0,0.7774936061381074
12818,1.0,0.9908424908424909
12819,1.0,0.9908424908424909
12820,1.0,0.9862385321100917
12821,1.0,0.9908424908424909
12822,1.0,0.9908424908424909
12823,1.0,0.9880952380952381
12824,0.60356915,0.15056488227219936
12825,1.0,0.9944802207911684
12826,1.0,0.12699747687132043
12827,1.0,0.269496204278813
12828,1.0,0.9908424908424909
12829,1.0,0.9908424908424909
12830,1.0,0.9908424908424909
12831,1.0,0.9880952380952381
12832,1.0,0.9700272479564033
12833,1.0,0.9880952380952381
12834,1.0,0.9935185185185185
12835,1.0,0.9908424908424909
12836,1.0,0.06716684530189353
12837,1.0,0.9880952380952381
12838,1.0,0.9516423357664233
12839,1.0,0.9880952380952381
12840,1.0,0.9908424908424909
12841,1.0,0.9908424908424909
12842,1.0,0.09426795580110497
12843,1.0,0.9908424908424909
12844,1.0,0.9908424908424909
12845,1.0,0.9880952380952381
12846,1.0,0.9908424908424909
12847,1.0,0.2567228397275009
12848,1.0,0.9448888888888889
12849,1.0,0.8539603960396039
12850,1.0,0.0627277459656429
12851,1.0,0.9880952380952381
12852,1.0,0.9908424908424909
12853,1.0,0.9872029250457038
12854,1.0,0.9908424908424909
12855,1.0,0.9908424908424909
12856,1.0,0.9908424908424909
12857,1.0,0.9917506874427131
12858,1.0,0.9908424908424909
12859,1.0,0.9908424908424909
12860,0.99999994,0.9908424908424909
12861,1.0,0.9908424908424909
12862,1.0,0.06598334401024984
12863,1.0,0.9908424908424909
12864,1.0,0.9908424908424909
12865,1.0,0.9908424908424909
12866,1.0,0.16355455568053992
12867,1.0,0.9908424908424909
12868,1.0,0.2080745341614907
12869,1.0,0.05784291787872007
12870,1.0,0.904480135249366
12871,1.0,0.989010989010989
12872,1.0,0.9908424908424909
12873,1.0,0.9908424908424909
12874,1.0,0.10404040404040404
12875,1.0,0.9908424908424909
12876,1.0,0.09467787114845938
12877,1.0,0.996316758747698
12878,1.0,0.8812709030100334
12879,1.0,0.2682119205298013
12880,1.0,0.9908424908424909
12881,1.0,0.9908424908424909
12882,1.0,0.9746606334841629
12883,1.0,0.9908424908424909
12884,1.0,0.9880952380952381
12885,1.0,0.9908424908424909
12886,1.0,0.9908424908424909
12887,0.9999993,0.0815798753967321
12888,1.0,0.0
12889,1.0,0.21521438450899033
12890,1.0,0.9880952380952381
12891,1.0,0.996316758747698
12892,1.0,0.9908424908424909
12893,1.0,0.9908424908424909
12894,1.0,0.9890210430009149
12895,1.0,0.9880952380952381
12896,1.0,0.14829233763935587
12897,1.0,0.9908424908424909
12898,1.0,0.9880952380952381
12899,1.0,0.989010989010989
12900,1.0,0.1161520190023753
12901,1.0,0.7263157894736842
12902,1.0,0.20478847047884705
12903,1.0,0.9908424908424909
12904,1.0,0.9908424908424909
12905,1.0,0.7567140600315956
12906,1.0,0.12346938775510204
12907,1.0,0.9881170018281535
12908,1.0,0.3503694581280788
12909,1.0,0.9908424908424909
12910,1.0,0.9954001839926403
12911,1.0,0.98992673992674
12912,1.0,0.8254637436762225
12913,1.0,0.9908424908424909
12914,1.0,0.9908424908424909
12915,1.0,0.9880952380952381
12916,1.0,0.327683615819209
12917,1.0,0.1111111111111111
12918,1.0,0.9908424908424909
12919,1.0,0.2333000997008973
12920,1.0,0.9908424908424909
12921,0.9975291,0.11615881809787627
12922,1.0,0.8087557603686636
12923,1.0,0.9880952380952381
12924,1.0,0.30111524163568776
12925,1.0,0.9908424908424909
12926,1.0,0.9880952380952381
12927,1.0,0.18518518518518517
12928,1.0,0.7910562837316885
12929,1.0,0.9908424908424909
12930,1.0,0.41570438799076215
12931,1.0,0.9908424908424909
12932,1.0,0.07435618425825172
12933,1.0,0.08905146316851666
12934,1.0,0.673354735152488
12935,1.0,0.43420015760441294
12936,1.0,0.6687306501547987
12937,1.0,0.9908424908424909
12938,1.0,0.9908424908424909
12939,1.0,0.9880952380952381
12940,1.0,0.8900169204737732
12941,1.0,0.98992673992674
12942,1.0,0.8945606694560669
12943,1.0,0.9880952380952381
12944,1.0,0.9863138686131386
12945,1.0,0.9880952380952381
12946,1.0,0.9908424908424909
12947,1.0,0.0694949494949495
12948,1.0,0.9908424908424909
12949,1.0,0.9908424908424909
12950,1.0,0.9908424908424909
12951,1.0,0.9880952380952381
12952,0.39475852,0.16479684657368102
12953,1.0,0.9908424908424909
12954,1.0,0.9908424908424909
12955,1.0,0.9908424908424909
12956,1.0,0.07763143805546632
12957,1.0,0.9908424908424909
12958,1.0,0.9224062772449869
12959,0.99999994,0.9880952380952381
12960,1.0,0.9880952380952381
12961,1.0,0.06511357018054746
12962,1.0,0.9908424908424909
12963,1.0,0.9908424908424909
12964,1.0,0.9908424908424909
12965,1.0,0.10025300442757748
12966,1.0,0.9908424908424909
12967,1.0,0.9908424908424909
12968,1.0,0.9908424908424909
12969,1.0,0.9880952380952381
12970,0.5908915,0.6614841768662476
12971,1.0,0.9553734061930783
12972,1.0,0.26763285024154587
12973,1.0,0.9908424908424909
12974,1.0,0.98992673992674
12975,1.0,0.947508896797153
12976,1.0,0.9908424908424909
12977,1.0,0.9908424908424909
12978,1.0,0.9908424908424909
12979,1.0,0.9880952380952381
12980,1.0,0.9880952380952381
12981,1.0,0.396031746031746
12982,1.0,0.9908424908424909
12983,1.0,0.9880952380952381
12984,1.0,0.9908424908424909
12985,1.0,0.9908424908424909
12986,1.0,0.9880952380952381
12987,1.0,0.9908424908424909
12988,0.9995766,0.0917260613572978
12989,1.0,0.21731123388581952
12990,0.99978864,0.14879906268306972
12991,0.9999998,0.43544030253916804
12992,1.0,0.9908424908424909
12993,1.0,0.9908424908424909
12994,1.0,0.08735414695679597
12995,1.0,0.9509366636931311
12996,1.0,0.08442838370565046
12997,1.0,0.9207579672695951
12998,0.9999972,0.4452662721893491
12999,1.0,0.28695652173913044
13000,1.0,0.9818016378525932
13001,1.0,0.9297629499561019
13002,1.0,0.9853747714808044
13003,1.0,0.11292593635595607
13004,1.0,0.9908424908424909
13005,1.0,0.26853526220614826
13006,1.0,0.8397383483237939
13007,0.99998325,0.15204446208813022
13008,1.0,0.9908424908424909
13009,1.0,0.9908424908424909
13010,1.0,0.9853747714808044
13011,0.62724775,0.7465373961218836
13012,1.0,0.9908424908424909
13013,1.0,0.9863138686131386
13014,1.0,0.8612012987012987
13015,1.0,0.9908424908424909
13016,1.0,0.028993746446844798
13017,1.0,0.09952238142841276
13018,1.0,0.3388042203985932
13019,1.0,0.08413246387929932
13020,0.99551547,0.1350067842605156
13021,1.0,0.982695810564663
13022,0.93477297,0.6046455065061414
13023,1.0,0.9908424908424909
13024,1.0,0.9880952380952381
13025,1.0,0.978021978021978
13026,1.0,0.8905982905982905
13027,1.0,0.9666366095581606
13028,1.0,0.9908424908424909
13029,1.0,0.9908424908424909
13030,1.0,0.98992673992674
13031,1.0,0.9908424908424909
13032,1.0,0.9908424908424909
13033,1.0,0.9908424908424909
13034,1.0,0.9908424908424909
13035,0.7207596,0.7187647336162187
13036,1.0,0.9908424908424909
13037,1.0,0.15671191553544495
13038,0.9994933,0.14641148325358852
13039,1.0,0.7521842732327244
13040,1.0,0.14326978625072212
13041,1.0,0.9880952380952381
13042,1.0,0.9908424908424909
13043,0.9999971,0.3163944343617665
13044,1.0,0.9826166514181153
13045,1.0,0.8226600985221675
13046,1.0,0.8697829716193656
13047,1.0,0.08333333333333333
13048,1.0,0.8246051537822111
13049,0.9282035,0.7160898035547241
13050,1.0,0.9908424908424909
13051,1.0,0.9304347826086956
13052,0.99999994,0.9880952380952381
13053,1.0,0.9308510638297872
13054,1.0,0.9908424908424909
13055,1.0,0.9908424908424909
13056,1.0,0.9908424908424909
13057,1.0,0.675032175032175
13058,1.0,0.9827115559599636
13059,1.0,0.9908424908424909
13060,1.0,0.07331975560081466
13061,1.0,0.9880952380952381
13062,1.0,0.08063241106719368
13063,1.0,0.9908424908424909
13064,1.0,0.9791288566243194
13065,1.0,0.14492392117735095
13066,1.0,0.9908424908424909
13067,1.0,0.9890009165902841
13068,1.0,0.9908424908424909
13069,1.0,0.9908424908424909
13070,1.0,0.1340979267754742
13071,1.0,0.9908424908424909
13072,1.0,0.989010989010989
13073,1.0,0.9908424908424909
13074,1.0,0.9908424908424909
13075,1.0,0.5794831636648394
13076,1.0,0.10321285140562249
13077,1.0,0.06355591311343524
13078,1.0,0.9908424908424909
13079,1.0,0.996316758747698
13080,1.0,0.989010989010989
13081,1.0,0.01225114854517611
13082,1.0,0.0914738646101114
13083,1.0,0.9908424908424909
13084,1.0,0.9908424908424909
13085,1.0,0.9880952380952381
13086,1.0,0.9908424908424909
13087,1.0,0.9880952380952381
13088,1.0,0.94275802254987
13089,1.0,0.8937893789378938
13090,1.0,0.9719710669077758
13091,1.0,0.032612104107870805
13092,1.0,0.30192572214580465
13093,0.27675235,0.3816793893129771
13094,1.0,0.9880952380952381
13095,1.0,0.9890310786106032
13096,1.0,0.11079086926446853
13097,0.41688678,0.023274917853231106
13098,1.0,0.989010989010989
13099,1.0,0.9908424908424909
13100,1.0,0.9908424908424909
13101,1.0,0.968978102189781
13102,1.0,0.9337455830388692
13103,1.0,0.8748957464553795
13104,1.0,0.9908424908424909
13105,1.0,0.9345711759504863
13106,1.0,0.9908424908424909
13107,1.0,0.8322632423756019
13108,1.0,0.09419600380589914
13109,0.38314527,0.17769320843091335
13110,1.0,0.9908424908424909
13111,1.0,0.9337455830388692
13112,1.0,0.029394121175764846
13113,1.0,0.09544754783373653
13114,1.0,0.16594045025417575
13115,1.0,0.9908424908424909
13116,1.0,0.9908424908424909
13117,1.0,0.6524466750313677
13118,1.0,0.9908424908424909
13119,1.0,0.11839708561020036
13120,1.0,0.8264729620661824
13121,1.0,0.9908424908424909
13122,1.0,0.953971119133574
13123,1.0,0.9908424908424909
13124,1.0,0.9880952380952381
13125,1.0,0.9682107175295186
13126,1.0,0.6648983200707339
13127,1.0,0.9746146872166818
13128,1.0,0.9880952380952381
13129,1.0,0.9908424908424909
13130,1.0,0.22235211596913726
13131,1.0,0.9880952380952381
13132,1.0,0.9908424908424909
13133,1.0,0.9780821917808219
13134,1.0,0.9908424908424909
13135,1.0,0.05457685664939551
13136,1.0,0.39444444444444443
13137,1.0,0.18693574083908657
13138,1.0,0.9908424908424909
13139,1.0,0.9908424908424909
13140,1.0,0.9228675136116152
13141,1.0,0.10772212587983271
13142,1.0,0.9908424908424909
13143,1.0,0.9908424908424909
13144,1.0,0.9880952380952381
13145,1.0,0.9908424908424909
13146,1.0,0.9908424908424909
13147,0.85233897,0.422962962962963
13148,0.9986154,0.45741567842291697
13149,1.0,0.9880952380952381
13150,1.0,0.09904648390941598
13151,1.0,0.16073806353433517
13152,1.0,0.26068144943212546
13153,1.0,0.11043402561870413
13154,1.0,0.9880952380952381
13155,1.0,0.9863138686131386
13156,1.0,0.9880952380952381
13157,1.0,0.2713347921225383
13158,1.0,0.8423645320197044
13159,1.0,0.9908424908424909
13160,1.0,0.9908424908424909
13161,0.99998313,0.05441265976871577
13162,1.0,0.6209476309226932
13163,1.0,0.98992673992674
13164,1.0,0.944
13165,1.0,0.9908424908424909
13166,1.0,0.1704323074186088
13167,1.0,0.9880952380952381
13168,0.86485916,0.14783710980827128
13169,1.0,0.9908424908424909
13170,1.0,0.9908424908424909
13171,1.0,0.9880952380952381
13172,1.0,0.6041666666666666
13173,1.0,0.2425828970331588
13174,1.0,0.9908424908424909
13175,1.0,0.9680365296803652
13176,1.0,0.9880952380952381
13177,0.3075099,0.6562728889818981
13178,1.0,0.9908424908424909
13179,1.0,0.9908424908424909
13180,1.0,0.9326837909654562
13181,1.0,0.9926806953339433
13182,1.0,0.9908424908424909
13183,1.0,0.9908424908424909
13184,1.0,0.9880952380952381
13185,1.0,0.9908424908424909
13186,1.0,0.10860058309037901
13187,1.0,0.7699050401753105
13188,1.0,0.293398533007335
13189,1.0,0.9908424908424909
13190,1.0,0.9908424908424909
13191,1.0,0.9908424908424909
13192,0.60259736,0.811275779873562
13193,1.0,0.1639871382636656
13194,1.0,0.9880952380952381
13195,1.0,0.9438405797101449
13196,0.9999858,0.09786145978614598
13197,1.0,0.9917506874427131
13198,1.0,0.9908424908424909
13199,1.0,0.9908424908424909
13200,1.0,0.051695319961795605
13201,1.0,0.9908424908424909
13202,1.0,0.9773345421577516
13203,1.0,0.9908424908424909
13204,1.0,0.9880952380952381
13205,1.0,0.9512867647058824
13206,1.0,0.09686147186147186
13207,1.0,0.22641509433962265
13208,1.0,0.9880952380952381
13209,1.0,0.9908424908424909
13210,1.0,0.989935956084172
13211,1.0,0.8780694326841659
13212,1.0,0.9880952380952381
13213,1.0,0.948339483394834
13214,1.0,0.9899082568807339
13215,1.0,0.9667565139263252
13216,1.0,0.9908424908424909
13217,1.0,0.851581508515815
13218,1.0,0.9197812215132178
13219,1.0,0.10075865339023234
13220,1.0,0.8908934707903781
13221,1.0,0.9908424908424909
13222,1.0,0.9972527472527473
13223,1.0,0.9908424908424909
13224,1.0,0.9908424908424909
13225,0.9999687,0.14693342079370286
13226,1.0,0.9880952380952381
13227,1.0,0.9908424908424909
13228,1.0,0.9844748858447488
13229,1.0,0.9908424908424909
13230,1.0,0.9908424908424909
13231,1.0,0.10446493569521961
13232,1.0,0.9908424908424909
13233,1.0,0.9880952380952381
13234,0.99811524,0.7654593639575972
13235,1.0,0.9880952380952381
13236,0.99999934,0.23613829093281147
13237,1.0,0.9693140794223827
13238,1.0,0.9908424908424909
13239,1.0,0.9880952380952381
13240,1.0,0.8794871794871795
13241,1.0,0.9880952380952381
13242,1.0,0.9909008189262967
13243,1.0,0.9880952380952381
13244,0.7850622,0.2645434462444772
13245,1.0,0.9880952380952381
13246,1.0,0.9908424908424909
13247,1.0,0.9908424908424909
13248,1.0,0.9908424908424909
13249,1.0,0.9908424908424909
13250,1.0,0.08258258258258258
13251,1.0,0.9908424908424909
13252,1.0,0.9880952380952381
13253,0.99954844,0.4112519809825674
13254,1.0,0.9908424908424909
13255,1.0,0.9908424908424909
13256,1.0,0.9863760217983651
13257,1.0,0.2350206611570248
13258,1.0,0.9908424908424909
13259,1.0,0.9908424908424909
13260,1.0,0.9908424908424909
13261,1.0,0.6766743648960739
13262,1.0,0.989010989010989
13263,1.0,0.9908424908424909
13264,1.0,0.9367201426024956
13265,1.0,0.9908424908424909
13266,1.0,0.9908424908424909
13267,1.0,0.9880952380952381
13268,1.0,0.1731685789938217
13269,1.0,0.9908424908424909
13270,1.0,0.9908424908424909
13271,0.85619354,0.31563636363636366
13272,1.0,0.05542078746034708
13273,1.0,0.98992673992674
13274,1.0,0.0967310265723571
13275,1.0,0.9880952380952381
13276,1.0,0.9908424908424909
13277,0.99999994,0.9871794871794872
13278,1.0,0.47465099191770754
13279,1.0,0.6898928024502297
13280,1.0,0.9880952380952381
13281,1.0,0.9908424908424909
13282,0.8865706,0.6600964113551152
13283,1.0,0.9881170018281535
13284,1.0,0.029417690912754382
13285,1.0,0.9908424908424909
13286,1.0,0.8344103392568659
13287,1.0,0.9908424908424909
13288,1.0,0.9935543278084714
13289,1.0,0.9880952380952381
13290,1.0,0.07128099173553719
13291,1.0,0.9232111692844677
13292,1.0,0.14069298952457696
13293,0.9999292,0.1840814786872878
13294,1.0,0.9746376811594203
13295,0.9999973,0.16952699874424446
13296,1.0,0.9880952380952381
13297,1.0,0.9908424908424909
13298,1.0,0.9908424908424909
13299,1.0,0.8383280757097792
13300,1.0,0.9908424908424909
13301,1.0,0.7998259355961705
13302,1.0,0.9880952380952381
13303,1.0,0.96
13304,1.0,0.9880952380952381
13305,1.0,0.9908424908424909
13306,1.0,0.9908424908424909
13307,1.0,0.865046102263202
13308,1.0,0.9908424908424909
13309,1.0,0.09482257126236183
13310,1.0,0.17306273062730626
13311,1.0,0.9908424908424909
13312,1.0,0.9890210430009149
13313,1.0,0.9808568824065633
13314,1.0,0.9908424908424909
13315,0.25341108,0.16549731737515477
13316,1.0,0.9908424908424909
13317,1.0,0.9460916442048517
13318,1.0,0.9755656108597285
13319,1.0,0.98992673992674
13320,1.0,0.9623655913978495
13321,1.0,0.7114624505928854
13322,1.0,0.9908424908424909
13323,1.0,0.9908424908424909
13324,1.0,0.896611642050391
13325,1.0,0.9908424908424909
13326,1.0,0.8032388663967611
13327,1.0,0.9826800364630811
13328,1.0,0.7738572574178028
13329,1.0,0.9908424908424909
13330,1.0,0.027545047629978194
13331,1.0,0.5499606608969315
13332,1.0,0.9908424908424909
13333,0.34929147,0.12431626056688215
13334,0.9999986,0.21748754842280021
13335,0.99999976,0.693952802359882
13336,1.0,0.804499612102405
13337,1.0,0.957847533632287
13338,1.0,0.23551171393341552
13339,1.0,0.8780694326841659
13340,1.0,0.9171917191719172
13341,1.0,0.98992673992674
13342,1.0,0.47049924357034795
13343,1.0,0.8798206278026905
13344,1.0,0.9504950495049505
13345,1.0,0.7439418416801292
13346,1.0,0.9908424908424909
13347,1.0,0.10722853864608324
13348,1.0,0.9908424908424909
13349,1.0,0.9836065573770492
13350,1.0,0.9908424908424909
13351,1.0,0.9908424908424909
13352,1.0,0.4920749279538905
13353,1.0,0.6396705559368565
13354,1.0,0.9306409130816505
13355,1.0,0.9908424908424909
13356,1.0,0.09988776655443322
13357,1.0,0.9908424908424909
13358,1.0,0.9880952380952381
13359,1.0,0.989010989010989
13360,1.0,0.9908424908424909
13361,1.0,0.9908424908424909
13362,1.0,0.9908424908424909
13363,1.0,0.9908424908424909
13364,1.0,0.9880952380952381
13365,1.0,0.9880952380952381
13366,0.94499016,0.8651226158038147
13367,1.0,0.9908424908424909
13368,1.0,0.9908424908424909
13369,1.0,0.9880952380952381
13370,1.0,0.10122897800776197
13371,1.0,0.9908424908424909
13372,1.0,0.9908424908424909
13373,1.0,0.8909740840035746
13374,1.0,0.9880952380952381
13375,1.0,0.9880952380952381
13376,1.0,0.9908424908424909
13377,1.0,0.9908424908424909
13378,1.0,0.6440677966101694
13379,1.0,0.9908424908424909
13380,1.0,0.11006993006993007
13381,1.0,0.9908424908424909
13382,1.0,0.9908424908424909
13383,1.0,0.9880952380952381
13384,1.0,0.9736363636363636
13385,1.0,0.9699179580674567
13386,1.0,0.9553172475424486
13387,1.0,0.9908424908424909
13388,1.0,0.98992673992674
13389,1.0,0.8099369085173501
13390,1.0,0.9908424908424909
13391,1.0,0.3423952975753123
13392,1.0,0.9908424908424909
13393,1.0,0.5841092489137182
13394,0.25022477,0.6482737361282368
13395,1.0,0.7558756633813495
13396,1.0,0.9908424908424909
13397,1.0,0.9908424908424909
13398,1.0,0.98992673992674
13399,0.22237134,0.08131566925536775
13400,1.0,0.8798206278026905
13401,1.0,0.10911094783247612
13402,1.0,0.8907996560619088
13403,1.0,0.971093044263776
13404,1.0,0.6568
13405,1.0,0.6514806378132119
13406,1.0,0.7370078740157481
13407,1.0,0.8663594470046083
13408,0.16618758,0.21677239671978957
13409,1.0,0.5114068441064639
13410,1.0,0.7658362989323844
13411,1.0,0.9908424908424909
13412,1.0,0.9908424908424909
13413,1.0,0.9880952380952381
13414,1.0,0.9908424908424909
13415,1.0,0.9908424908424909
13416,0.92905486,0.9029348087563146
13417,1.0,0.7746815286624203
13418,1.0,0.5032490974729242
13419,1.0,0.9880952380952381
13420,1.0,0.9908424908424909
13421,1.0,0.1194201564657156
13422,1.0,0.9972350230414746
13423,0.99999744,0.19451017510648366
13424,1.0,0.8853135313531353
13425,0.78731656,0.8585707720588235
13426,1.0,0.9880952380952381
13427,1.0,0.10330578512396695
13428,1.0,0.9880952380952381
13429,1.0,0.9880952380952381
13430,1.0,0.9880952380952381
13431,1.0,0.9908424908424909
13432,1.0,0.9645454545454546
13433,1.0,0.39816124469589814
13434,1.0,0.1437518205651034
13435,1.0,0.9908424908424909
13436,1.0,0.9917506874427131
13437,1.0,0.8656307129798904
13438,1.0,0.989010989010989
13439,1.0,0.9908424908424909
13440,1.0,0.17258426966292134
13441,1.0,0.7926267281105991
13442,1.0,0.06927411335764004
13443,1.0,0.10862700517872932
13444,1.0,0.9908424908424909
13445,1.0,0.16596397087006515
13446,1.0,0.9908424908424909
13447,1.0,0.1466915458590498
13448,1.0,0.9908424908424909
13449,1.0,0.21745867768595042
13450,1.0,0.9835315645013724
13451,1.0,0.9880952380952381
13452,1.0,0.9908424908424909
13453,1.0,0.46331360946745564
13454,0.99238765,0.10917759237187127
13455,1.0,0.7682481751824818
13456,1.0,0.9908424908424909
13457,1.0,0.19954819277108435
13458,1.0,0.9908424908424909
13459,1.0,0.9908424908424909
13460,1.0,0.8257575757575758
13461,1.0,0.9564032697547684
13462,1.0,0.9899909008189263
13463,0.4601207,0.03070175438596491
13464,1.0,0.036919159770846595
13465,1.0,0.9908424908424909
13466,1.0,0.9880952380952381
13467,0.9999996,0.34925558312655086
13468,1.0,0.9880952380952381
13469,1.0,0.9790718835304822
13470,0.42564896,0.3139628732849072
13471,1.0,0.10176813341370304
13472,1.0,0.9908424908424909
13473,1.0,0.106614539306847
13474,1.0,0.07037643207855974
13475,1.0,0.9908424908424909
13476,1.0,0.9908424908424909
13477,1.0,0.3287449392712551
13478,1.0,0.2977941176470588
13479,0.99997884,0.20550784720165827
13480,1.0,0.9880952380952381
13481,1.0,0.9908424908424909
13482,1.0,0.9880952380952381
13483,1.0,0.9908424908424909
13484,1.0,0.9908424908424909
13485,1.0,0.9908424908424909
13486,0.9998069,0.17637102234258634
13487,1.0,0.027777777777777776
13488,0.6304138,0.927296561460119
13489,1.0,0.16173421300659754
13490,1.0,0.9908424908424909
13491,1.0,0.43278301886792453
13492,1.0,0.8835034013605442
13493,1.0,0.9880952380952381
13494,1.0,0.04278646877924856
13495,1.0,0.9908424908424909
13496,1.0,0.9880952380952381
13497,1.0,0.9880952380952381
13498,1.0,0.16359955833640044
13499,1.0,0.969147005444646
13500,1.0,0.9908424908424909
13501,1.0,0.9908424908424909
13502,1.0,0.9908424908424909
13503,0.9999747,0.15520446096654275
13504,1.0,0.8498349834983498
13505,1.0,0.9908424908424909
13506,1.0,0.978021978021978
13507,1.0,0.9406554472984943
13508,1.0,0.9908424908424909
13509,1.0,0.9880952380952381
13510,1.0,0.8311258278145696
13511,1.0,0.9880952380952381
13512,1.0,0.11996655984394594
13513,1.0,0.8590057049714751
13514,1.0,0.9880952380952381
13515,1.0,0.5164194915254238
13516,1.0,0.020962870847397407
13517,1.0,0.9527272727272728
13518,1.0,0.9880952380952381
13519,1.0,0.9908424908424909
13520,1.0,0.8440816326530612
13521,1.0,0.9845031905195989
13522,0.96416247,0.9353011654503867
13523,1.0,0.6459677419354839
13524,1.0,0.8545765611633875
13525,1.0,0.11814859926918392
13526,1.0,0.396031746031746
13527,1.0,0.9880952380952381
13528,1.0,0.9908424908424909
13529,0.9999971,0.271523178807947
13530,1.0,0.9908424908424909
13531,1.0,0.8306320907617504
13532,1.0,0.9880952380952381
13533,1.0,0.08406893652795293
13534,1.0,0.9880952380952381
13535,1.0,0.9908424908424909
13536,1.0,0.9908424908424909
13537,1.0,0.10285293188756711
13538,1.0,0.9917506874427131
13539,1.0,0.95695067264574
13540,1.0,0.9908424908424909
13541,1.0,0.9908424908424909
13542,0.8337101,0.9140205178309722
13543,1.0,0.8254637436762225
13544,1.0,0.9728997289972899
13545,1.0,0.971996386630533
13546,1.0,0.02712783994574432
13547,1.0,0.9908424908424909
13548,1.0,0.9908424908424909
13549,1.0,0.1205761316872428
13550,1.0,0.9908424908424909
13551,0.9999196,0.14222222222222222
13552,1.0,0.5094650205761316
13553,1.0,0.9908424908424909
13554,0.9127,0.8995100594183258
13555,1.0,0.5412262156448203
13556,1.0,0.9908424908424909
13557,1.0,0.9880952380952381
13558,1.0,0.9908424908424909
13559,1.0,0.06600397614314116
13560,1.0,0.8673139158576052
13561,1.0,0.9908424908424909
13562,1.0,0.4521604938271605
13563,1.0,0.9215143120960295
13564,1.0,0.9908424908424909
13565,1.0,0.05602027883396705
13566,1.0,0.7072981366459627
13567,1.0,0.35383597883597884
13568,1.0,0.9880952380952381
13569,1.0,0.9972350230414746
13570,1.0,0.673354735152488
13571,1.0,0.1379102679915688
13572,1.0,0.9908424908424909
13573,1.0,0.11755155057639227
13574,1.0,0.9908424908424909
13575,1.0,0.9908424908424909
13576,1.0,0.43420015760441294
13577,1.0,0.9908424908424909
13578,1.0,0.9908424908424909
13579,1.0,0.9908424908424909
13580,1.0,0.10534970401227801
13581,0.99999994,0.9908424908424909
13582,1.0,0.9908424908424909
13583,1.0,0.9890210430009149
13584,1.0,0.9880952380952381
13585,0.99995786,0.16581632653061223
13586,1.0,0.4064981949458484
13587,1.0,0.9908424908424909
13588,1.0,0.9396628216503993
13589,0.9999947,0.34908136482939633
13590,1.0,0.09902044293015332
13591,1.0,0.9553172475424486
13592,1.0,0.9040274207369323
13593,1.0,0.9908424908424909
13594,0.9311829,0.9339197361187466
13595,1.0,0.9908424908424909
13596,1.0,0.09187794480592326
13597,1.0,0.13406040268456376
13598,1.0,0.9196277495769881
13599,1.0,0.98992673992674
13600,1.0,0.9954212454212454
13601,1.0,0.9908424908424909
13602,1.0,0.10440251572327044
13603,0.99996245,0.15680374456703444
13604,1.0,0.19911764705882354
13605,1.0,0.07326447273600768
13606,0.99999994,0.9908424908424909
13607,1.0,0.9908424908424909
13608,1.0,0.9880952380952381
13609,1.0,0.9908424908424909
13610,1.0,0.9908424908424909
13611,1.0,0.9908424908424909
13612,1.0,0.07567493864194164
13613,1.0,0.724812030075188
13614,1.0,0.9908424908424909
13615,1.0,0.9908424908424909
13616,1.0,0.9908424908424909
13617,0.18315546,0.3368421052631579
13618,0.99999994,0.42137931034482756
13619,1.0,0.9880952380952381
13620,1.0,0.9908424908424909
13621,1.0,0.9908424908424909
13622,1.0,0.9908424908424909
13623,1.0,0.9880952380952381
13624,1.0,0.050786369593709045
13625,1.0,0.9844748858447488
13626,1.0,0.9908424908424909
13627,1.0,0.5273937532002048
13628,1.0,0.3970223325062035
13629,1.0,0.9908424908424909
13630,1.0,0.9854280510018215
13631,1.0,0.9908424908424909
13632,1.0,0.9880952380952381
13633,1.0,0.971996386630533
13634,1.0,0.9908424908424909
13635,1.0,0.9908424908424909
13636,1.0,0.8503803888419273
13637,1.0,0.9763421292083713
13638,1.0,0.9908424908424909
13639,1.0,0.9990766389658357
13640,1.0,0.9755434782608695
13641,0.6636335,0.6931647094248721
13642,1.0,0.9880952380952381
13643,1.0,0.9000892060660125
13644,1.0,0.9908424908424909
13645,1.0,0.9908424908424909
13646,1.0,0.9880952380952381
13647,1.0,0.9908424908424909
13648,1.0,0.9533039647577093
13649,1.0,0.15096481271282633
13650,1.0,0.16390423572744015
13651,1.0,0.8276972624798712
13652,1.0,0.11663641863278887
13653,0.72149026,0.3533503691084611
13654,1.0,0.9908424908424909
13655,1.0,0.9908424908424909
13656,1.0,0.14241960183767227
13657,1.0,0.9908424908424909
13658,1.0,0.9908424908424909
13659,1.0,0.9908424908424909
13660,1.0,0.9908424908424909
13661,1.0,0.9908424908424909
13662,1.0,0.9908424908424909
13663,0.9999999,0.11532404603270745
13664,1.0,0.9908424908424909
13665,1.0,0.9880952380952381
13666,1.0,0.9908424908424909
13667,1.0,0.9908424908424909
13668,1.0,0.9880952380952381
13669,1.0,0.9908424908424909
13670,1.0,0.9908424908424909
13671,1.0,0.8395061728395061
13672,1.0,0.9854147675478578
13673,1.0,0.9908424908424909
13674,1.0,0.9908424908424909
13675,1.0,0.989010989010989
13676,1.0,0.9684684684684685
13677,0.19234875,0.2068638604474782
13678,1.0,0.9773345421577516
13679,1.0,0.9908424908424909
13680,1.0,0.1213724088634739
13681,1.0,0.9908424908424909
13682,1.0,0.9908424908424909
13683,1.0,0.9908424908424909
13684,1.0,0.9880952380952381
13685,1.0,0.9908424908424909
13686,1.0,0.7980376124284546
13687,1.0,0.9908424908424909
13688,0.8855482,0.5917573872472783
13689,1.0,0.9880952380952381
13690,1.0,0.9908424908424909
13691,1.0,0.9908424908424909
13692,1.0,0.9908424908424909
13693,1.0,0.9057412167952014
13694,0.99974144,0.15667752442996744
13695,1.0,0.9523809523809523
13696,1.0,0.9880952380952381
13697,1.0,0.9881170018281535
13698,0.9925536,0.21671309192200558
13699,0.8090825,0.9276081227716633
13700,1.0,0.9880952380952381
13701,1.0,0.9908424908424909
13702,1.0,0.9908424908424909
13703,0.4940451,0.6340080971659919
13704,1.0,0.9908424908424909
13705,1.0,0.9890210430009149
13706,0.99999994,0.3964285714285714
13707,1.0,0.1504424778761062
13708,1.0,0.1511706820495419
13709,1.0,0.9908424908424909
13710,1.0,0.9908424908424909
13711,1.0,0.9908424908424909
13712,1.0,0.9908424908424909
13713,1.0,0.9880952380952381
13714,1.0,0.03036556603773585
13715,1.0,0.08801540552786588
13716,1.0,0.05338345864661654
13717,1.0,0.9780821917808219
13718,1.0,0.9908424908424909
13719,0.8181153,0.9306569343065694
13720,1.0,0.9480286738351255
13721,1.0,0.5412262156448203
13722,1.0,0.9908424908424909
13723,1.0,0.05201342281879195
13724,1.0,0.9880952380952381
13725,1.0,0.98992673992674
13726,1.0,0.9908424908424909
13727,1.0,0.968065693430657
13728,1.0,0.9908424908424909
13729,1.0,0.9836363636363636
13730,1.0,0.16594045025417575
13731,1.0,0.9908424908424909
13732,1.0,0.03743769222611094
13733,1.0,0.9909008189262967
13734,1.0,0.09209183673469387
13735,1.0,0.9880952380952381
13736,1.0,0.9908424908424909
13737,1.0,0.04354648881914476
13738,1.0,0.9880952380952381
13739,1.0,0.9908424908424909
13740,1.0,0.2986607142857143
13741,1.0,0.9880952380952381
13742,1.0,0.9880952380952381
13743,1.0,0.9908424908424909
13744,1.0,0.9908424908424909
13745,1.0,0.9397697077059345
13746,1.0,0.9880952380952381
13747,1.0,0.09584805653710247
13748,1.0,0.3341902313624679
13749,1.0,0.9908340971585701
13750,1.0,0.08763716166788588
13751,0.96018684,0.8024119737267148
13752,1.0,0.9880952380952381
13753,1.0,0.9605381165919282
13754,1.0,0.9908424908424909
13755,1.0,0.32605177993527507
13756,1.0,0.9908424908424909
13757,1.0,0.9880952380952381
13758,0.3107959,0.021843494959193473
13759,1.0,0.9908424908424909
13760,1.0,0.9908424908424909
13761,1.0,0.9880952380952381
13762,1.0,0.9880952380952381
13763,1.0,0.9871794871794872
13764,1.0,0.9908424908424909
13765,1.0,0.7903861308116628
13766,1.0,0.9746606334841629
13767,1.0,0.9880952380952381
13768,1.0,0.9908424908424909
13769,1.0,0.9908424908424909
13770,1.0,0.9880952380952381
13771,1.0,0.9908424908424909
13772,1.0,0.15137165251469628
13773,1.0,0.11006993006993007
13774,1.0,0.9880952380952381
13775,1.0,0.9908424908424909
13776,1.0,0.9908424908424909
13777,1.0,0.9880952380952381
13778,1.0,0.9754990925589837
13779,1.0,0.9880952380952381
13780,1.0,0.10513106525376464
13781,1.0,0.9981549815498155
13782,1.0,0.9880952380952381
13783,1.0,0.9790909090909091
13784,0.99999994,0.9871912168344007
13785,1.0,0.9880952380952381
13786,1.0,0.9908424908424909
13787,0.99999994,0.9093264248704663
13788,1.0,0.9073426573426573
13789,1.0,0.9880952380952381
13790,1.0,0.09693145970748494
13791,1.0,0.9908424908424909
13792,1.0,0.9908424908424909
13793,0.99766123,0.5379238028661307
13794,1.0,0.5508021390374331
13795,0.9972435,0.11373873873873874
13796,1.0,0.9880952380952381
13797,1.0,0.9908424908424909
13798,0.22751899,0.3522548092084516
13799,0.87480164,0.6637797311271976
13800,1.0,0.9880952380952381
13801,1.0,0.9880952380952381
13802,1.0,0.9880952380952381
13803,1.0,0.9908424908424909
13804,1.0,0.9880952380952381
13805,0.9999998,0.39514066496163686
13806,1.0,0.9908424908424909
13807,1.0,0.9790909090909091
13808,0.99811995,0.0870874348581355
13809,1.0,0.11174185838063938
13810,1.0,0.5413766434648105
13811,1.0,0.9908424908424909
13812,1.0,0.7616050354051928
13813,1.0,0.8453947368421053
13814,1.0,0.8767241379310344
13815,1.0,0.9908424908424909
13816,1.0,0.9880952380952381
13817,1.0,0.01787345075016308
13818,1.0,0.8672199170124482
13819,1.0,0.8695652173913043
13820,1.0,0.9818016378525932
13821,1.0,0.9184027777777778
13822,1.0,0.9908424908424909
13823,1.0,0.10091849784908731
13824,1.0,0.9908424908424909
13825,1.0,0.9880952380952381
13826,1.0,0.9908424908424909
13827,1.0,0.3384553174282248
13828,1.0,0.5973101265822784
13829,1.0,0.9908424908424909
13830,1.0,0.9908424908424909
13831,1.0,0.9435483870967742
13832,1.0,0.8774302620456467
13833,1.0,0.9908424908424909
13834,1.0,0.9880952380952381
13835,1.0,0.8087557603686636
13836,1.0,0.98992673992674
13837,1.0,0.9908424908424909
13838,1.0,0.9908424908424909
13839,1.0,0.9908424908424909
13840,1.0,0.9908424908424909
13841,1.0,0.09238646482635797
13842,1.0,0.9880952380952381
13843,1.0,0.5334947538337369
13844,1.0,0.9818181818181818
13845,1.0,0.21147356580427445
13846,1.0,0.9880952380952381
13847,1.0,0.9908424908424909
13848,1.0,0.9754098360655737
13849,1.0,0.9908424908424909
13850,1.0,0.9880952380952381
13851,1.0,0.10847084708470847
13852,1.0,0.9880952380952381
13853,1.0,0.962432915921288
13854,1.0,0.1585910652920962
13855,0.97024614,0.9662266226622662
13856,1.0,0.8564273789649416
13857,1.0,0.9908424908424909
13858,1.0,0.11079086926446853
13859,1.0,0.6049149338374291
13860,1.0,0.10938943047716777
13861,1.0,0.9880952380952381
13862,1.0,0.9908424908424909
13863,1.0,0.14031245437290116
13864,1.0,0.28695652173913044
13865,1.0,0.9167420814479638
13866,0.80051756,0.0322696306920043
13867,1.0,0.9908424908424909
13868,1.0,0.9908424908424909
13869,1.0,0.9496021220159151
13870,1.0,0.9908424908424909
13871,1.0,0.9890210430009149
13872,1.0,0.16232915184422392
13873,1.0,0.9880952380952381
13874,1.0,0.9908424908424909
13875,1.0,0.9908424908424909
13876,1.0,0.9880952380952381
13877,1.0,0.03235294117647059
13878,1.0,0.9908424908424909
13879,1.0,0.9880952380952381
13880,1.0,0.9909173478655767
13881,1.0,0.989010989010989
13882,1.0,0.958295557570263
13883,1.0,0.9908424908424909
13884,0.9999998,0.5549777117384844
13885,1.0,0.7334924423229913
13886,1.0,0.9880952380952381
13887,1.0,0.973826714801444
13888,1.0,0.008313220702601234
13889,1.0,0.8859574468085106
13890,1.0,0.9807692307692307
13891,1.0,0.9908424908424909
13892,1.0,0.9908424908424909
13893,1.0,0.9644160583941606
13894,1.0,0.9880952380952381
13895,1.0,0.9908424908424909
13896,1.0,0.9908424908424909
13897,1.0,0.9881278538812786
13898,1.0,0.8056872037914692
13899,1.0,0.8791489361702127
13900,1.0,0.9908424908424909
13901,1.0,0.9908424908424909
13902,1.0,0.9908424908424909
13903,1.0,0.941541186891054
13904,1.0,0.9908424908424909
13905,1.0,0.9908424908424909
13906,1.0,0.05784291787872007
13907,1.0,0.034655010927255696
13908,1.0,0.9908424908424909
13909,1.0,0.972875226039783
13910,1.0,0.9880952380952381
13911,1.0,0.9880952380952381
13912,1.0,0.9880952380952381
13913,1.0,0.9908424908424909
13914,1.0,0.9908424908424909
13915,1.0,0.9908424908424909
13916,1.0,0.9880952380952381
13917,1.0,0.989935956084172
13918,1.0,0.9863138686131386
13919,1.0,0.9908424908424909
13920,0.99999994,0.9792043399638336
13921,1.0,0.4920749279538905
13922,1.0,0.8165728077232502
13923,1.0,0.9880952380952381
13924,1.0,0.11358790463268076
13925,1.0,0.14460093896713616
13926,1.0,0.989010989010989
13927,1.0,0.9908424908424909
13928,1.0,0.9908424908424909
13929,1.0,0.9086993970714901
13930,1.0,0.9908424908424909
13931,1.0,0.9872029250457038
13932,1.0,0.8018794048551292
13933,1.0,0.25606276747503565
13934,1.0,0.9498175182481752
13935,1.0,0.9908424908424909
13936,1.0,0.9908424908424909
13937,1.0,0.9908424908424909
13938,1.0,0.9863138686131386
13939,1.0,0.9908424908424909
13940,1.0,0.45690385429902586
13941,1.0,0.9908424908424909
13942,1.0,0.9908424908424909
13943,1.0,0.9908424908424909
13944,1.0,0.9789762340036563
13945,1.0,0.9880952380952381
13946,1.0,0.9908424908424909
13947,1.0,0.17048346055979643
13948,1.0,0.9908424908424909
13949,1.0,0.9908424908424909
13950,1.0,0.9908424908424909
13951,1.0,0.9816345270890725
13952,0.9505791,0.5363613487669854
13953,1.0,0.9818181818181818
13954,1.0,0.9880952380952381
13955,1.0,0.9908424908424909
13956,1.0,0.11114404267931238
13957,1.0,0.9880952380952381
13958,1.0,0.9880952380952381
13959,1.0,0.9908424908424909
13960,1.0,0.9908424908424909
13961,1.0,0.9908424908424909
13962,1.0,0.6
13963,1.0,0.9880952380952381
13964,1.0,0.9880952380952381
13965,0.9814003,0.682983682983683
13966,1.0,0.9579230080572964
13967,1.0,0.9908424908424909
13968,1.0,0.26723853513691853
13969,1.0,0.9880952380952381
13970,1.0,0.9908424908424909
13971,1.0,0.14113662024840046
13972,1.0,0.28922389726409825
13973,1.0,0.98992673992674
13974,1.0,0.9908424908424909
13975,0.99999696,0.26884779516358465
13976,1.0,0.8822510822510823
13977,1.0,0.28027984258854394
13978,1.0,0.9880952380952381
13979,1.0,0.9908424908424909
13980,1.0,0.9890009165902841
13981,1.0,0.10404040404040404
13982,1.0,0.9908424908424909
13983,1.0,0.06639004149377593
13984,1.0,0.9908424908424909
13985,0.29453045,0.4492141453831041
13986,1.0,0.9908424908424909
13987,1.0,0.10022883295194508
13988,1.0,0.04702364773036151
13989,1.0,0.17845050786695876
13990,1.0,0.9908424908424909
13991,1.0,0.9908424908424909
13992,1.0,0.9908424908424909
13993,1.0,0.9908424908424909
13994,1.0,0.11096136567834682
13995,1.0,0.9908424908424909
13996,1.0,0.9908424908424909
13997,1.0,0.8382113821138212
13998,1.0,0.9908424908424909
13999,1.0,0.9880952380952381
14000,1.0,0.14115456238361265
14001,0.20625657,0.1103319820313356
14002,1.0,0.9908424908424909
14003,1.0,0.16149635036496351
14004,0.9999997,0.6376470588235295
14005,1.0,0.10975035327366933
14006,1.0,0.9908424908424909
14007,1.0,0.45424013434089
14008,1.0,0.9908424908424909
14009,1.0,0.9880952380952381
14010,1.0,0.9908424908424909
14011,1.0,0.27958236658932717
14012,1.0,0.9908424908424909
14013,1.0,0.9908424908424909
14014,1.0,0.98992673992674
14015,1.0,0.9341262580054894
14016,1.0,0.05060560809689729
14017,1.0,0.9535714285714286
14018,1.0,0.9689497716894977
14019,0.9998008,0.11518956773726154
14020,1.0,0.9872029250457038
14021,1.0,0.9880952380952381
14022,1.0,0.9908424908424909
14023,1.0,0.2020447906523856
14024,1.0,0.9908424908424909
14025,1.0,0.933920704845815
14026,1.0,0.9908424908424909
14027,1.0,0.9908424908424909
14028,1.0,0.9981549815498155
14029,1.0,0.9880952380952381
14030,1.0,0.996309963099631
14031,1.0,0.9908424908424909
14032,1.0,0.03651685393258427
14033,1.0,0.9908424908424909
14034,1.0,0.9675675675675676
14035,1.0,0.9908424908424909
14036,1.0,0.9862888482632541
14037,1.0,0.9908424908424909
14038,1.0,0.9908424908424909
14039,1.0,0.12572402044293016
14040,1.0,0.9908424908424909
14041,1.0,0.9908424908424909
14042,1.0,0.98992673992674
14043,1.0,0.11529998533079067
14044,1.0,0.029107247509279156
14045,1.0,0.8811475409836066
14046,1.0,0.97005444646098
14047,1.0,0.9824884792626728
14048,1.0,0.10342652932520496
14049,1.0,0.3124484748557296
14050,1.0,0.10146822204344329
14051,0.6741485,0.39211136890951276
14052,1.0,0.9880952380952381
14053,1.0,0.9743119266055046
14054,1.0,0.10941860465116279
14055,1.0,0.8246484698097601
14056,0.3421241,0.4029676364061222
14057,1.0,0.9908424908424909
14058,1.0,0.1125870380289234
14059,1.0,0.9908424908424909
14060,1.0,0.9881278538812786
14061,1.0,0.09849306811332127
14062,1.0,0.9807868252516011
14063,1.0,0.9092542677448338
14064,1.0,0.9908424908424909
14065,1.0,0.9908424908424909
14066,1.0,0.07972407553997513
14067,1.0,0.10039549741405537
14068,1.0,0.9880952380952381
14069,1.0,0.9908424908424909
14070,0.99999887,0.17580425917535117
14071,1.0,0.9908424908424909
14072,1.0,0.9908424908424909
14073,1.0,0.9908424908424909
14074,1.0,0.9880952380952381
14075,1.0,0.8798206278026905
14076,1.0,0.9908424908424909
14077,0.2881768,0.8352530541012216
14078,1.0,0.9908424908424909
14079,1.0,0.10884353741496598
14080,1.0,0.9908424908424909
14081,1.0,0.8925399644760214
14082,1.0,0.9880952380952381
14083,1.0,0.396031746031746
14084,1.0,0.969286359530262
14085,1.0,0.9251290877796902
14086,1.0,0.9908424908424909
14087,1.0,0.9880952380952381
14088,1.0,0.9372791519434629
14089,1.0,0.11257695690413369
14090,1.0,0.9880952380952381
14091,1.0,0.9764279238440616
14092,1.0,0.9880952380952381
14093,1.0,0.9711971197119712
14094,1.0,0.9880952380952381
14095,1.0,0.9880952380952381
14096,1.0,0.6942148760330579
14097,1.0,0.9908424908424909
14098,1.0,0.9908424908424909
14099,1.0,0.9908424908424909
14100,1.0,0.9908424908424909
14101,1.0,0.8816568047337278
14102,1.0,0.7986798679867987
14103,1.0,0.9880952380952381
14104,1.0,0.9880952380952381
14105,0.9998865,0.13969531474561656
14106,1.0,0.8383280757097792
14107,1.0,0.9908424908424909
14108,1.0,0.9908424908424909
14109,1.0,0.11219071291379505
14110,1.0,0.9881170018281535
14111,1.0,0.8570212765957447
14112,1.0,0.8552522746071133
14113,0.993856,0.6086866811100794
14114,1.0,0.9880952380952381
14115,1.0,0.9908424908424909
14116,1.0,0.872791519434629
14117,1.0,0.9880952380952381
14118,1.0,0.9908424908424909
14119,1.0,0.9908424908424909
14120,1.0,0.12509496074955684
14121,1.0,0.9908424908424909
14122,1.0,0.9908424908424909
14123,0.94275427,0.9611978068325601
14124,1.0,0.9908424908424909
14125,0.9984412,0.1275503122831367
14126,1.0,0.12650085763293312
14127,1.0,0.9908424908424909
14128,1.0,0.9908424908424909
14129,1.0,0.9908424908424909
14130,1.0,0.9908424908424909
14131,1.0,0.10862700517872932
14132,1.0,0.14035502958579882
14133,1.0,0.9908424908424909
14134,1.0,0.9122649955237243
14135,1.0,0.10586319218241043
14136,1.0,0.9584837545126353
14137,1.0,0.9604672057502246
14138,1.0,0.98992673992674
14139,1.0,0.9908424908424909
14140,1.0,0.9908424908424909
14141,1.0,0.9881061299176578
14142,1.0,0.9663636363636363
14143,1.0,0.9908424908424909
14144,1.0,0.9880952380952381
14145,1.0,0.9908424908424909
14146,1.0,0.9908424908424909
14147,0.9813771,0.9375190800854788
14148,1.0,0.9818016378525932
14149,1.0,0.9880952380952381
14150,1.0,0.9790718835304822
14151,1.0,0.8475409836065574
14152,1.0,0.9908424908424909
14153,1.0,0.9180187873612298
14154,1.0,0.98992673992674
14155,1.0,0.9908424908424909
14156,1.0,0.9305799648506151
14157,1.0,0.9908424908424909
14158,1.0,0.03758937691521961
14159,1.0,0.9908424908424909
14160,1.0,0.8802345058626466
14161,1.0,0.9908424908424909
14162,1.0,0.13789808917197452
14163,1.0,0.9908424908424909
14164,0.89774495,0.9126331074540174
14165,1.0,0.9836065573770492
14166,1.0,0.8390064397424103
14167,1.0,0.9908424908424909
14168,1.0,0.8386816999132697
14169,1.0,0.9880952380952381
14170,1.0,0.9908424908424909
14171,1.0,0.10622317596566523
14172,1.0,0.31267056530214427
14173,1.0,0.9781021897810219
14174,1.0,0.9880952380952381
14175,0.99999994,0.9908424908424909
14176,1.0,0.9908424908424909
14177,1.0,0.37145049884881043
14178,0.9999999,0.3480233311730395
14179,1.0,0.9588550983899821
14180,0.9147492,0.7261730205278593
14181,1.0,0.9568345323741008
14182,1.0,0.05486284289276808
14183,1.0,0.1716614720690482
14184,1.0,0.9908424908424909
14185,1.0,0.4904109589041096
14186,1.0,0.3240343347639485
14187,1.0,0.2280095668349721
14188,1.0,0.7581930912311781
14189,1.0,0.9908424908424909
14190,1.0,0.9908424908424909
14191,1.0,0.10304449648711944
14192,1.0,0.9908424908424909
14193,1.0,0.9908424908424909
14194,1.0,0.683739837398374
14195,1.0,0.9908424908424909
14196,0.99999917,0.16303219106957426
14197,1.0,0.9908424908424909
14198,1.0,0.9880952380952381
14199,1.0,0.9899175068744271
14200,1.0,0.9790718835304822
14201,1.0,0.9908424908424909
14202,1.0,0.2551299589603283
14203,1.0,0.9863138686131386
14204,1.0,0.9071986123156982
14205,1.0,0.9908424908424909
14206,1.0,0.9908424908424909
14207,1.0,0.98992673992674
14208,1.0,0.9908424908424909
14209,1.0,0.9167389418907199
14210,1.0,0.7847790507364976
14211,1.0,0.9908424908424909
14212,1.0,0.9908424908424909
14213,1.0,0.9908424908424909
14214,1.0,0.9908424908424909
14215,1.0,0.9908424908424909
14216,1.0,0.396031746031746
14217,0.8854289,0.6615973741794311
14218,1.0,0.9889705882352942
14219,1.0,0.20710059171597633
14220,1.0,0.134203318833575
14221,1.0,0.11136216914138154
14222,1.0,0.8474855729596042
14223,1.0,0.11638591117917305
14224,1.0,0.9908424908424909
14225,1.0,0.9197080291970803
14226,1.0,0.9880952380952381
14227,1.0,0.06174089068825911
14228,1.0,0.9908424908424909
14229,1.0,0.9908424908424909
14230,1.0,0.9908424908424909
14231,1.0,1.0
14232,1.0,0.9908424908424909
14233,1.0,0.9880952380952381
14234,1.0,0.9927206551410374
14235,1.0,0.9680073126142597
14236,1.0,0.9908424908424909
14237,1.0,0.9818016378525932
14238,1.0,0.9935543278084714
14239,1.0,0.8501228501228502
14240,1.0,0.9880733944954129
14241,1.0,0.9981549815498155
14242,1.0,0.9398230088495575
14243,1.0,0.9880952380952381
14244,1.0,0.7980295566502463
14245,1.0,0.23017408123791103
14246,1.0,0.8077544426494345
14247,1.0,0.9908424908424909
14248,1.0,0.26617499161917535
14249,1.0,0.9908424908424909
14250,1.0,0.9625668449197861
14251,0.2749924,0.8395533648526305
14252,1.0,0.9816849816849816
14253,1.0,0.7993527508090615
14254,1.0,0.9755213055303718
14255,1.0,0.9880952380952381
14256,1.0,0.8862478777589134
14257,1.0,0.9880952380952381
14258,1.0,0.12277968214397009
14259,1.0,0.396031746031746
14260,1.0,0.1279317697228145
14261,1.0,0.9908424908424909
14262,1.0,0.9908424908424909
14263,1.0,0.06993006993006994
14264,0.7883179,0.9036580178647384
14265,1.0,0.08113804004214963
14266,1.0,0.5020374898125509
14267,0.3266035,0.3956061078217513
14268,1.0,0.9880952380952381
14269,1.0,0.0899617184176946
14270,1.0,0.5074550128534704
14271,1.0,0.9908424908424909
14272,1.0,0.88917089678511
14273,1.0,0.9880952380952381
14274,1.0,0.989010989010989
14275,0.9173815,0.6101541251133273
14276,1.0,0.11284142874799159
14277,1.0,0.9908424908424909
14278,1.0,0.16167664670658682
14279,1.0,0.9880952380952381
14280,1.0,0.7259083728278041
14281,1.0,0.9908424908424909
14282,1.0,0.9908424908424909
14283,1.0,0.9908424908424909
14284,1.0,0.9908424908424909
14285,1.0,0.864592094196804
14286,1.0,0.9675967596759676
14287,1.0,0.9654231119199272
14288,1.0,0.98992673992674
14289,1.0,0.9908424908424909
14290,1.0,0.035939590900401455
14291,1.0,0.831858407079646
14292,1.0,0.9622641509433962
14293,1.0,0.8987234042553192
14294,1.0,0.9908424908424909
14295,1.0,0.9880952380952381
14296,1.0,0.996316758747698
14297,1.0,0.9135234590616376
14298,0.7487467,0.2800710164225477
14299,1.0,0.98992673992674
14300,1.0,0.9908424908424909
14301,1.0,0.9341262580054894
14302,1.0,0.9908424908424909
14303,1.0,0.9908424908424909
14304,1.0,0.9908424908424909
14305,1.0,0.9908424908424909
14306,1.0,0.9109900090826522
14307,1.0,0.8865721434528774
14308,1.0,0.9908424908424909
14309,1.0,0.8544520547945206
14310,1.0,0.9880952380952381
14311,1.0,0.9908424908424909
14312,1.0,0.45708582834331335
14313,1.0,0.9880952380952381
14314,1.0,0.9908424908424909
14315,1.0,0.47213622291021673
14316,0.22453433,0.10723135841405722
14317,1.0,0.08855291576673865
14318,1.0,0.9880952380952381
14319,1.0,0.8816568047337278
14320,1.0,0.9908424908424909
14321,1.0,0.140020366598778
14322,1.0,0.9537777777777777
14323,1.0,0.9908424908424909
14324,0.9819959,0.051573570604712474
14325,1.0,0.9908424908424909
14326,1.0,0.9908424908424909
14327,1.0,0.0462206597042705
14328,1.0,0.9675967596759676
14329,1.0,0.9908424908424909
14330,1.0,0.9908424908424909
14331,1.0,0.9880952380952381
14332,1.0,0.989935956084172
14333,1.0,0.9926605504587156
14334,1.0,0.9880952380952381
14335,1.0,0.09131892266789966
14336,1.0,0.9908424908424909
14337,0.9491583,0.9547602292148386
14338,1.0,0.9908424908424909
14339,1.0,0.9908424908424909
14340,1.0,0.9880952380952381
14341,1.0,0.9908424908424909
14342,1.0,0.9908424908424909
14343,0.2997682,0.8011095130470516
14344,1.0,0.9780821917808219
14345,0.9999992,0.25702247191011235
14346,1.0,0.11074243052675238
14347,1.0,0.7767145135566188
14348,1.0,0.9597135183527306
14349,1.0,0.9908424908424909
14350,0.9994248,0.09167110164981374
14351,1.0,0.10869565217391304
14352,1.0,0.9880952380952381
14353,1.0,0.030689399555226093
14354,1.0,0.9827272727272728
14355,1.0,0.9908424908424909
14356,1.0,0.9908424908424909
14357,1.0,0.9908424908424909
14358,1.0,0.8722871452420701
14359,1.0,0.056183874498358266
14360,1.0,0.9908424908424909
14361,1.0,0.6884858044164038
14362,1.0,0.9908424908424909
14363,0.68004507,0.4537828682045491
14364,1.0,0.9908424908424909
14365,1.0,0.9908424908424909
14366,1.0,0.08339212642867222
14367,1.0,0.9880952380952381
14368,1.0,0.989010989010989
14369,0.9431518,0.5266835321045658
14370,1.0,0.9908424908424909
14371,1.0,0.14887126296522268
14372,1.0,0.9568345323741008
14373,1.0,0.8778433024431339
14374,1.0,0.9908424908424909
14375,1.0,0.8812709030100334
14376,1.0,0.9319787985865724
14377,1.0,0.08958777095602055
14378,1.0,0.9908424908424909
14379,1.0,0.98992673992674
14380,1.0,0.9908424908424909
14381,1.0,0.9908424908424909
14382,1.0,0.9880952380952381
14383,1.0,0.9880952380952381
14384,1.0,0.18071012188659247
14385,1.0,0.98992673992674
14386,1.0,0.9908424908424909
14387,1.0,0.5831987075928917
14388,1.0,0.9880952380952381
14389,1.0,0.12072999532054282
14390,1.0,0.9880952380952381
14391,1.0,0.9880952380952381
14392,1.0,0.9826642335766423
14393,1.0,0.9791666666666666
14394,1.0,0.029455758830974572
14395,1.0,0.4079045488441462
14396,1.0,0.9908424908424909
14397,1.0,0.9818181818181818
14398,1.0,0.377258704275011
14399,1.0,0.9908424908424909
14400,1.0,0.9908424908424909
14401,1.0,0.9908424908424909
14402,1.0,0.09498069498069497
14403,1.0,0.9908424908424909
14404,1.0,0.9881061299176578
14405,1.0,0.9908424908424909
14406,1.0,0.9880952380952381
14407,1.0,0.0473412014321708
14408,0.9999999,0.36769533814839134
14409,1.0,0.9827429609445958
14410,1.0,0.9853613906678865
14411,1.0,0.9908424908424909
14412,1.0,0.9908424908424909
14413,1.0,0.8843252305113161
14414,1.0,0.9384057971014492
14415,1.0,0.989935956084172
14416,1.0,0.9908424908424909
14417,1.0,0.9908424908424909
14418,1.0,0.9908424908424909
14419,1.0,0.1003683241252302
14420,1.0,0.1893841793352229
14421,1.0,0.9087779690189329
14422,1.0,0.9880952380952381
14423,1.0,0.9908424908424909
14424,1.0,0.8907996560619088
14425,1.0,0.43500363108206247
14426,1.0,0.06607495069033531
14427,1.0,0.9880952380952381
14428,1.0,0.9908424908424909
14429,1.0,0.7750737463126843
14430,1.0,0.9908424908424909
14431,0.9999989,0.2871105681124007
14432,1.0,0.9091695501730104
14433,1.0,0.9908424908424909
14434,1.0,0.09549795361527967
14435,1.0,0.968065693430657
14436,1.0,0.9880952380952381
14437,0.9999605,0.15708812260536398
14438,1.0,0.9908424908424909
14439,1.0,0.1100859051861279
14440,1.0,0.08984277514349888
14441,0.6614928,0.15123586091328026
14442,1.0,0.9880952380952381
14443,1.0,0.9675967596759676
14444,0.99999815,0.2095347943098808
14445,1.0,0.32131358660656795
14446,1.0,0.9908424908424909
14447,0.62130743,0.4943760042849491
14448,1.0,0.9908424908424909
14449,1.0,0.014834794335805798
14450,1.0,0.11855519953393534
14451,1.0,0.9908424908424909
14452,1.0,0.9908424908424909
14453,1.0,0.9844322344322345
14454,1.0,0.9917506874427131
14455,0.9700872,0.9079418077748629
14456,1.0,0.9908424908424909
14457,1.0,0.9908424908424909
14458,1.0,0.8287781350482315
14459,1.0,0.9908424908424909
14460,1.0,0.989010989010989
14461,1.0,0.20274170274170275
14462,0.9999997,0.05362229102167183
14463,1.0,0.048223350253807105
14464,1.0,0.9908424908424909
14465,1.0,0.1811704834605598
14466,1.0,0.13714499252615844
14467,1.0,0.9880952380952381
14468,1.0,0.9908424908424909
14469,1.0,0.10508664058133035
14470,1.0,0.9908424908424909
14471,1.0,0.13964627855563744
14472,0.9999698,0.15717778553964373
14473,1.0,0.9908424908424909
14474,1.0,0.9908424908424909
14475,1.0,0.1735483870967742
14476,1.0,0.9908424908424909
14477,1.0,0.9908424908424909
14478,1.0,0.9908424908424909
14479,1.0,0.09426795580110497
14480,1.0,0.9908424908424909
14481,1.0,0.9908424908424909
14482,1.0,0.9908424908424909
14483,0.97399575,0.5983960518198643
14484,0.99999994,0.24150574431679295
14485,1.0,0.9908424908424909
14486,1.0,0.9685767097966729
14487,1.0,0.9908424908424909
14488,1.0,0.9908424908424909
14489,1.0,0.989010989010989
14490,1.0,0.9908424908424909
14491,1.0,0.25813148788927337
14492,1.0,0.8367346938775511
14493,1.0,0.9880952380952381
14494,1.0,0.9781818181818182
14495,0.88553375,0.9142387732749179
14496,1.0,0.9908424908424909
14497,1.0,0.09532095901005413
14498,1.0,0.02677405311275577
14499,1.0,0.9880952380952381
14500,1.0,0.9908424908424909
14501,1.0,0.9880952380952381
14502,1.0,0.8461538461538461
14503,1.0,0.9880952380952381
14504,1.0,0.9908424908424909
14505,1.0,0.9908424908424909
14506,1.0,0.9448888888888889
14507,1.0,0.9880952380952381
14508,0.9384179,0.7846137610806247
14509,1.0,0.9908424908424909
14510,1.0,0.9908424908424909
14511,1.0,0.9544235924932976
14512,1.0,0.1871820956256358
14513,1.0,0.9908424908424909
14514,1.0,0.9872029250457038
14515,1.0,0.9908424908424909
14516,1.0,0.9468641114982579
14517,1.0,0.671850699844479
14518,1.0,0.9908424908424909
14519,1.0,0.9908424908424909
14520,0.3137196,0.15467518211755313
14521,1.0,0.9045571797076526
14522,1.0,0.9880952380952381
14523,1.0,0.08837656099903939
14524,1.0,0.7733755942947702
14525,1.0,0.0229041256790486
14526,1.0,0.9908424908424909
14527,1.0,0.8505367464905037
14528,0.9195207,0.7521286660359509
14529,1.0,0.9935897435897436
14530,1.0,0.9691749773345422
14531,1.0,0.8020750199521149
14532,1.0,0.9880952380952381
14533,1.0,0.9908424908424909
14534,1.0,0.9908424908424909
14535,1.0,0.9908424908424909
14536,1.0,0.03718263718263718
14537,1.0,0.9908424908424909
14538,1.0,0.98992673992674
14539,0.99999994,0.9908424908424909
14540,1.0,0.9908424908424909
14541,1.0,0.9908424908424909
14542,1.0,0.9880952380952381
14543,1.0,0.891643709825528
14544,1.0,0.9908424908424909
14545,1.0,0.022170112982306544
14546,1.0,0.9917506874427131
14547,1.0,0.9908424908424909
14548,0.9999953,0.1591901548233426
14549,1.0,0.9880952380952381
14550,1.0,0.9908424908424909
14551,1.0,0.9908424908424909
14552,1.0,0.9881170018281535
14553,1.0,0.7801418439716312
14554,1.0,0.9908424908424909
14555,1.0,0.9880952380952381
14556,1.0,0.989010989010989
14557,0.9903614,0.17559455091202955
14558,1.0,0.9880952380952381
14559,1.0,0.28152492668621704
14560,1.0,0.9880952380952381
14561,1.0,0.07392739273927393
14562,1.0,0.20782342657342656
14563,1.0,0.8372853638593623
14564,1.0,0.20263230052097614
14565,1.0,0.9880952380952381
14566,1.0,0.9880952380952381
14567,1.0,0.9908424908424909
14568,1.0,0.8545765611633875
14569,1.0,0.9872029250457038
14570,1.0,0.9908424908424909
14571,1.0,0.2109323341415032
14572,1.0,0.2890378548895899
14573,0.99572116,0.09521988527724666
14574,1.0,0.10148206810725195
14575,1.0,0.9890009165902841
14576,0.9919441,0.07628689576500784
14577,1.0,0.98992673992674
14578,1.0,0.9880952380952381
14579,1.0,0.9711191335740073
14580,0.99999994,0.9826325411334552
14581,1.0,0.9908424908424909
14582,1.0,0.9473684210526315
14583,1.0,0.7211690363349131
14584,1.0,0.9880952380952381
14585,0.9999972,0.17387755102040817
14586,1.0,0.0842358604091456
14587,1.0,0.9881170018281535
14588,1.0,0.12712314225053079
14589,1.0,0.12615246233415786
14590,1.0,0.11738767727326897
14591,1.0,0.9908424908424909
14592,1.0,0.38225806451612904
14593,1.0,0.9880952380952381
14594,1.0,0.7692307692307693
14595,1.0,0.9908424908424909
14596,1.0,0.9908424908424909
14597,1.0,0.9880952380952381
14598,1.0,0.9908424908424909
14599,1.0,0.98992673992674
14600,1.0,0.9908424908424909
14601,0.28219146,0.45913321698662013
14602,1.0,0.9754098360655737
14603,1.0,0.9880952380952381
14604,0.27414554,0.7507097471948087
14605,0.99765754,0.09666519759071544
14606,1.0,0.989935956084172
14607,1.0,0.9908424908424909
14608,1.0,0.9908424908424909
14609,1.0,0.7460791635548917
14610,1.0,0.7998259355961705
14611,1.0,0.9908424908424909
14612,1.0,0.9908424908424909
14613,1.0,0.13664596273291926
14614,1.0,0.6987854251012146
14615,1.0,0.9908424908424909
14616,1.0,0.16590794132524025
14617,1.0,0.12283044058744993
14618,1.0,0.13007614213197968
14619,1.0,0.9890009165902841
14620,1.0,0.9863138686131386
14621,1.0,0.9890210430009149
14622,1.0,0.9880952380952381
14623,1.0,0.9908424908424909
14624,1.0,0.10022883295194508
14625,1.0,0.9346866725507502
14626,1.0,0.7847790507364976
14627,1.0,0.9908424908424909
14628,1.0,0.9880952380952381
14629,1.0,0.9908424908424909
14630,1.0,0.9754322111010009
14631,1.0,0.9908424908424909
14632,1.0,0.9880952380952381
14633,1.0,0.9880952380952381
14634,1.0,0.9880952380952381
14635,1.0,0.8705281090289608
14636,1.0,0.9908424908424909
14637,1.0,0.9908424908424909
14638,1.0,0.9908424908424909
14639,1.0,0.9908424908424909
14640,1.0,0.9908424908424909
14641,1.0,0.9178700361010831
14642,1.0,0.9990766389658357
14643,1.0,0.9738738738738739
14644,1.0,0.09284103051169416
14645,1.0,0.9908424908424909
14646,1.0,0.1264
14647,1.0,0.9908424908424909
14648,1.0,0.9908424908424909
14649,1.0,0.9908424908424909
14650,1.0,0.9064124783362218
14651,1.0,0.8314332247557004
14652,1.0,0.1071467185641691
14653,0.999984,0.16763848396501457
14654,1.0,0.9908424908424909
14655,1.0,0.9908424908424909
14656,1.0,0.7980295566502463
14657,1.0,0.7069306930693069
14658,0.99985725,0.13586358635863585
14659,1.0,0.9553734061930783
14660,1.0,0.9908424908424909
14661,1.0,0.09074752860157725
14662,1.0,0.9908424908424909
14663,1.0,0.9908424908424909
14664,1.0,0.9728506787330317
14665,1.0,0.044403115192374755
14666,1.0,0.9908424908424909
14667,1.0,0.8918685121107266
14668,1.0,0.9872262773722628
14669,1.0,0.9863387978142076
14670,0.99999905,0.05873468702802483
14671,1.0,0.9908424908424909
14672,1.0,0.05760990318996985
14673,1.0,0.9908424908424909
14674,1.0,0.9700272479564033
14675,1.0,0.9908424908424909
14676,1.0,0.8689771766694844
14677,1.0,0.16967213114754098
14678,1.0,0.7075840500390931
14679,1.0,0.9908424908424909
14680,1.0,0.9880952380952381
14681,1.0,0.9880952380952381
14682,1.0,0.9881170018281535
14683,1.0,0.09978308026030369
14684,1.0,0.06997607655502393
14685,1.0,0.9908424908424909
14686,1.0,0.9908424908424909
14687,0.9185463,0.24034471752314077
14688,1.0,0.9908424908424909
14689,1.0,0.9908424908424909
14690,1.0,0.9862637362637363
14691,1.0,0.9908424908424909
14692,1.0,0.9908424908424909
14693,1.0,0.9699727024567789
14694,1.0,0.9880952380952381
14695,1.0,0.8798206278026905
14696,1.0,0.1675
14697,0.99999946,0.11269722013523667
14698,1.0,0.23840579710144927
14699,1.0,0.9908424908424909
14700,1.0,0.9917506874427131
14701,1.0,0.9908424908424909
14702,1.0,0.989010989010989
14703,1.0,0.9908424908424909
14704,1.0,0.9035714285714286
14705,1.0,0.9880952380952381
14706,1.0,0.9908424908424909
14707,1.0,0.9908424908424909
14708,1.0,0.48965169106511863
14709,1.0,0.9880952380952381
14710,1.0,0.9880952380952381
14711,1.0,0.9908424908424909
14712,1.0,0.9908424908424909
14713,1.0,0.9908424908424909
14714,1.0,0.9862637362637363
14715,1.0,0.09699799866577719
14716,1.0,0.9908424908424909
14717,0.6739718,0.7584975227560778
14718,1.0,0.7193378480060195
14719,1.0,0.9483362521891419
14720,1.0,0.9908424908424909
14721,1.0,0.9908424908424909
14722,1.0,0.9908424908424909
14723,1.0,0.15124589530616186
14724,1.0,0.9215344376634699
14725,0.9099946,0.5548016701461378
14726,1.0,0.0725
14727,1.0,0.9908424908424909
14728,1.0,0.9908424908424909
14729,1.0,0.9908424908424909
14730,1.0,0.9880952380952381
14731,1.0,0.06209797130133597
14732,1.0,0.9908424908424909
14733,1.0,0.10305112143867448
14734,1.0,0.1343910405972935
14735,1.0,0.9582577132486388
14736,1.0,0.9880952380952381
14737,1.0,0.9908424908424909
14738,1.0,0.9362831858407079
14739,1.0,0.98992673992674
14740,1.0,0.8644781144781145
14741,1.0,0.9754322111010009
14742,1.0,0.9908424908424909
14743,1.0,0.886873920552677
14744,1.0,0.9880952380952381
14745,1.0,0.9908424908424909
14746,1.0,0.1609792284866469
14747,1.0,0.8668453976764968
14748,1.0,0.9908424908424909
14749,1.0,0.03459774906210921
14750,1.0,0.9908424908424909
14751,1.0,0.9880952380952381
14752,1.0,0.9908424908424909
14753,1.0,0.9908424908424909
14754,0.9942415,0.08002385211687538
14755,1.0,0.9908424908424909
14756,1.0,0.05175055994341624
14757,1.0,0.9880952380952381
14758,1.0,0.9890210430009149
14759,1.0,0.8104678826328311
14760,1.0,0.9908424908424909
14761,1.0,0.8138424821002387
14762,1.0,0.9908424908424909
14763,1.0,0.9908424908424909
14764,1.0,0.6481774960380349
14765,1.0,0.9057412167952014
14766,1.0,0.9490161001788909
14767,0.99999994,0.9890210430009149
14768,1.0,0.08640744433366566
14769,1.0,0.9908424908424909
14770,1.0,0.9908424908424909
14771,1.0,0.7651912978244562
14772,1.0,0.9908424908424909
14773,1.0,0.98992673992674
14774,1.0,0.9908424908424909
14775,1.0,0.2544731610337972
14776,1.0,0.6990087113247221
14777,1.0,0.9908424908424909
14778,1.0,0.9908424908424909
14779,1.0,0.9908424908424909
14780,0.9999918,0.10736489717838354
14781,1.0,0.9881278538812786
14782,1.0,0.02677318363381194
14783,1.0,0.0964281360477874
14784,1.0,0.1485910878112713
14785,1.0,0.9908424908424909
14786,1.0,0.9691189827429609
14787,1.0,0.9908424908424909
14788,1.0,0.9908424908424909
14789,1.0,0.9908424908424909
14790,0.9027132,0.8759318423855165
14791,1.0,0.9880952380952381
14792,1.0,0.9908424908424909
14793,1.0,0.9917506874427131
14794,1.0,0.9880952380952381
14795,1.0,0.9908424908424909
14796,1.0,0.11371194678946021
14797,0.9999883,0.15461925009663702
14798,1.0,0.9908424908424909
14799,1.0,0.98992673992674
14800,1.0,0.9746606334841629
14801,1.0,0.9815668202764977
14802,0.3624267,0.530641592920354
14803,1.0,0.15066512434933488
14804,1.0,0.9908424908424909
14805,1.0,0.9908424908424909
14806,1.0,0.9880952380952381
14807,1.0,0.9880952380952381
14808,1.0,0.9908424908424909
14809,1.0,0.8689991863303499
14810,1.0,0.8927637314734089
14811,1.0,0.9908424908424909
14812,1.0,0.9441489361702128
14813,1.0,0.24114198317614072
14814,1.0,0.11290322580645161
14815,0.9759032,0.074662285505659
14816,1.0,0.9790718835304822
14817,1.0,0.9880952380952381
14818,1.0,0.9908424908424909
14819,1.0,0.442443226311668
14820,1.0,0.9908424908424909
14821,1.0,0.9853747714808044
14822,1.0,0.9703504043126685
14823,1.0,0.9621621621621622
14824,0.97546273,0.844438170525127
14825,1.0,0.09490481522956327
14826,1.0,0.9981549815498155
14827,1.0,0.3532064128256513
14828,1.0,0.09550917141049968
14829,1.0,0.9908424908424909
14830,1.0,0.9908424908424909
14831,0.21827264,0.1457257601835915
14832,1.0,0.9908424908424909
14833,1.0,0.9908424908424909
14834,1.0,0.9908424908424909
14835,1.0,0.9908424908424909
14836,1.0,0.9908424908424909
14837,1.0,0.7697111631537861
14838,1.0,0.9908424908424909
14839,1.0,0.7691056910569106
14840,1.0,0.98
14841,1.0,0.95013357079252
14842,1.0,0.9908424908424909
14843,1.0,0.98992673992674
14844,1.0,0.14302280633938924
14845,1.0,0.04965635738831615
14846,1.0,0.9908424908424909
14847,1.0,0.9908424908424909
14848,1.0,0.10688836104513064
14849,1.0,0.9880952380952381
14850,1.0,0.9644160583941606
14851,0.16804858,0.045454545454545456
14852,1.0,0.9908424908424909
14853,1.0,0.9881061299176578
14854,1.0,0.040136312003029154
14855,1.0,0.4963621665319321
14856,1.0,0.9407603890362511
14857,1.0,0.9596050269299821
14858,0.42208675,0.22920759659463
14859,1.0,0.9908424908424909
14860,1.0,0.838893409275834
14861,0.9999922,0.09894551845342707
14862,1.0,0.9908424908424909
14863,1.0,0.9908424908424909
14864,1.0,0.48363393453573816
14865,1.0,0.9880952380952381
14866,1.0,0.98992673992674
14867,1.0,0.6363636363636364
14868,1.0,0.9908424908424909
14869,1.0,0.13997308209959622
14870,1.0,0.9908424908424909
14871,1.0,0.027952610144390967
14872,1.0,0.9908424908424909
14873,1.0,0.9908424908424909
14874,1.0,0.9908424908424909
14875,1.0,0.9880952380952381
14876,0.84800243,0.8679029065527659
14877,1.0,0.9880952380952381
14878,1.0,0.9908424908424909
14879,1.0,0.13138231631382316
14880,1.0,0.08443271767810026
14881,1.0,0.98992673992674
14882,1.0,0.9908424908424909
14883,0.9954024,0.08865422396856582
14884,1.0,0.9908424908424909
14885,1.0,0.9862637362637363
14886,1.0,0.9890310786106032
14887,1.0,0.8159203980099502
14888,1.0,0.9908424908424909
14889,1.0,0.10469610024593044
14890,1.0,0.10050458243229328
14891,1.0,0.9908424908424909
14892,1.0,0.9466192170818505
14893,1.0,0.9908424908424909
14894,1.0,0.996316758747698
14895,1.0,0.9908424908424909
14896,1.0,0.07190511489992588
14897,1.0,0.989010989010989
14898,1.0,0.9853613906678865
14899,1.0,0.9880952380952381
14900,1.0,0.21336898395721926
14901,1.0,0.989010989010989
14902,1.0,0.9908424908424909
14903,1.0,0.9306409130816505
14904,1.0,0.9880952380952381
14905,1.0,0.6034226190476191
14906,1.0,0.1693207669808255
14907,1.0,0.9166666666666666
14908,1.0,0.9908424908424909
14909,1.0,0.9880952380952381
14910,1.0,0.9880952380952381
14911,1.0,0.8508699254349628
14912,1.0,0.09439560439560439
14913,1.0,0.9908424908424909
14914,0.99999994,0.34324499030381384
14915,0.99997,0.2178380600082203
14916,1.0,0.8084784254352763
14917,1.0,0.9490161001788909
14918,1.0,0.9908424908424909
14919,1.0,0.9880952380952381
14920,1.0,0.5245494095711623
14921,1.0,0.9268077601410935
14922,1.0,0.9880952380952381
14923,1.0,0.4393063583815029
14924,1.0,0.9908424908424909
14925,1.0,0.9908424908424909
14926,1.0,0.9908424908424909
14927,1.0,0.9799453053783045
14928,1.0,0.9297629499561019
14929,1.0,0.9908424908424909
14930,1.0,0.9908424908424909
14931,1.0,0.9908424908424909
14932,1.0,0.9908424908424909
14933,1.0,0.9666966696669667
14934,1.0,0.9908424908424909
14935,1.0,0.9908424908424909
14936,1.0,0.9908424908424909
14937,1.0,0.1348435814455232
14938,1.0,0.9908424908424909
14939,1.0,0.9908424908424909
14940,1.0,0.9908424908424909
14941,1.0,0.9908424908424909
14942,0.99999994,0.09582875960482985
14943,1.0,0.9827115559599636
14944,1.0,0.9880952380952381
14945,1.0,0.08391684901531729
14946,1.0,0.9917506874427131
14947,1.0,0.9954001839926403
14948,1.0,0.9908424908424909
14949,1.0,0.9908424908424909
14950,1.0,0.675032175032175
14951,1.0,0.9908424908424909
14952,1.0,0.9908424908424909
14953,1.0,0.9237435008665511
14954,1.0,0.9765342960288809
14955,0.82603246,0.9070428053678127
14956,0.7994264,0.44991789819376027
14957,1.0,0.9908424908424909
14958,1.0,0.9346289752650176
14959,1.0,0.5412262156448203
14960,1.0,0.9908424908424909
14961,1.0,0.7330739299610894
14962,1.0,0.9880952380952381
14963,1.0,0.9908424908424909
14964,1.0,0.98992673992674
14965,1.0,0.9728506787330317
14966,1.0,0.9880952380952381
14967,1.0,0.9297629499561019
14968,1.0,0.9908424908424909
14969,1.0,0.10431499460625675
14970,1.0,0.9908424908424909
14971,1.0,0.9908424908424909
14972,1.0,0.9880952380952381
14973,1.0,0.996316758747698
14974,1.0,0.9908424908424909
14975,1.0,0.9880952380952381
14976,1.0,0.9908424908424909
14977,1.0,0.05851755526657997
14978,1.0,0.9908424908424909
14979,1.0,0.941541186891054
14980,1.0,0.41746411483253587
14981,1.0,0.031832651205093224
14982,1.0,0.9746606334841629
14983,1.0,0.9908424908424909
14984,1.0,0.9963065558633426
14985,1.0,0.9880952380952381
14986,0.9543099,0.971334536575008
14987,1.0,0.9908424908424909
14988,1.0,0.944
14989,1.0,0.9880952380952381
14990,1.0,0.9746606334841629
14991,0.9999904,0.15689843465598835
14992,1.0,0.9908424908424909
14993,1.0,0.9908424908424909
14994,1.0,0.10963793982661907
14995,1.0,0.9746606334841629
14996,1.0,0.08009462656302806
14997,1.0,0.9880952380952381
14998,1.0,0.9908424908424909
14999,1.0,0.8476112026359144
15000,1.0,0.9908424908424909
15001,1.0,0.9908424908424909
15002,1.0,0.25483178239083754
15003,1.0,0.9880952380952381
15004,1.0,0.1284465366509751
15005,1.0,0.9908424908424909
15006,1.0,0.11316685584562997
15007,1.0,0.9908424908424909
15008,0.4335739,0.6517271922054916
15009,1.0,0.9917506874427131
15010,1.0,0.9708826205641492
15011,1.0,0.9908424908424909
15012,1.0,0.9908424908424909
15013,1.0,0.5367561260210035
15014,1.0,0.9880952380952381
15015,1.0,0.9908424908424909
15016,1.0,0.9908424908424909
15017,1.0,0.9908424908424909
15018,1.0,0.9222797927461139
15019,1.0,0.9329268292682927
15020,1.0,0.08074316429072213
15021,1.0,0.9737318840579711
15022,1.0,0.9908424908424909
15023,1.0,0.9908424908424909
15024,1.0,0.895742832319722
15025,1.0,0.08413246387929932
15026,1.0,0.9908424908424909
15027,1.0,0.9697802197802198
15028,0.22899188,0.6695156695156695
15029,1.0,0.07992286265266767
15030,1.0,0.9908424908424909
15031,1.0,0.9908424908424909
15032,1.0,0.9908424908424909
15033,1.0,0.8784576697401508
15034,1.0,0.0410844629822732
15035,1.0,0.9908424908424909
15036,1.0,0.9534671532846716
15037,0.99999815,0.4238035264483627
15038,1.0,0.911993097497843
15039,1.0,0.9509803921568627
15040,1.0,0.9908424908424909
15041,1.0,0.9908424908424909
15042,1.0,0.9474153297682709
15043,1.0,0.989935956084172
15044,1.0,0.9908424908424909
15045,1.0,0.989010989010989
15046,1.0,0.12136655341638354
15047,1.0,0.9908424908424909
15048,1.0,0.98992673992674
15049,1.0,0.7806661251015434
15050,1.0,0.9908424908424909
15051,1.0,0.08728603162158631
15052,0.99999654,0.17149643705463183
15053,1.0,0.98992673992674
15054,1.0,0.9623992837958818
15055,1.0,0.989010989010989
15056,1.0,0.9880952380952381
15057,1.0,0.95695067264574
15058,1.0,0.9908424908424909
15059,1.0,0.9908424908424909
15060,1.0,0.9908424908424909
15061,1.0,0.9880952380952381
15062,1.0,0.9908424908424909
15063,1.0,0.7486122125297383
15064,1.0,0.9908424908424909
15065,1.0,0.10292134831460674
15066,1.0,0.9908424908424909
15067,1.0,0.9908424908424909
15068,1.0,0.9880952380952381
15069,1.0,0.9908424908424909
15070,1.0,0.9908424908424909
15071,1.0,0.9561717352415027
15072,1.0,0.9908424908424909
15073,1.0,0.6310372129849564
15074,0.9999151,0.10479933309515303
15075,0.99997824,0.16713981547196594
15076,1.0,0.035279425538557604
15077,1.0,0.9908424908424909
15078,1.0,0.9908424908424909
15079,1.0,0.3142210486608827
15080,1.0,0.9908424908424909
15081,1.0,0.9880952380952381
15082,1.0,0.9908424908424909
15083,1.0,0.794425087108014
15084,1.0,0.9880952380952381
15085,1.0,0.8987234042553192
15086,1.0,0.971996386630533
15087,1.0,0.9908424908424909
15088,1.0,0.9908424908424909
15089,1.0,0.9908424908424909
15090,1.0,0.1151098901098901
15091,1.0,0.9908424908424909
15092,1.0,0.9880952380952381
15093,1.0,0.09128100230120174
15094,0.73757637,0.7929147027520146
15095,1.0,0.9908424908424909
15096,1.0,0.058218022274721566
15097,1.0,0.9908424908424909
15098,1.0,0.8024096385542169
15099,1.0,0.07564469914040114
15100,0.99999887,0.7638680659670165
15101,0.99999756,0.17443729903536978
15102,1.0,0.9348017621145375
15103,1.0,0.9827272727272728
15104,1.0,0.9880952380952381
15105,0.9999989,0.19786096256684493
15106,1.0,0.9908424908424909
15107,1.0,0.9908424908424909
15108,1.0,0.9908424908424909
15109,1.0,0.16565728535803348
15110,1.0,0.9917883211678832
15111,0.99999994,0.9908424908424909
15112,1.0,0.9972350230414746
15113,1.0,0.3124484748557296
15114,1.0,0.8355481727574751
15115,1.0,0.971996386630533
15116,1.0,0.0637989866611519
15117,1.0,0.06037000973709834
15118,1.0,0.9908424908424909
15119,1.0,0.9908424908424909
15120,1.0,0.34760885082084225
15121,1.0,0.9908424908424909
15122,1.0,0.8049959709911362
15123,1.0,0.9880952380952381
15124,1.0,0.416403785488959
15125,0.9991587,0.6689633895516248
15126,1.0,0.5973101265822784
15127,1.0,0.9908424908424909
15128,1.0,0.9908424908424909
15129,1.0,0.7891321978913219
15130,1.0,0.9836065573770492
15131,1.0,0.9908424908424909
15132,1.0,0.9908424908424909
15133,1.0,0.9908424908424909
15134,1.0,0.9908424908424909
15135,1.0,0.9297629499561019
15136,1.0,0.5706409372846313
15137,1.0,0.14741847826086957
15138,1.0,0.9908424908424909
15139,1.0,0.9908424908424909
15140,1.0,0.9719202898550725
15141,1.0,0.9908424908424909
15142,1.0,0.10160486995019369
15143,1.0,0.9871912168344007
15144,1.0,0.12877442273534637
15145,1.0,0.9908424908424909
15146,1.0,0.6634756995581738
15147,1.0,0.06699284907790741
15148,1.0,0.9908424908424909
15149,1.0,0.11839193508728793
15150,1.0,0.8918685121107266
15151,1.0,0.2177950868783703
15152,1.0,0.9880952380952381
15153,1.0,0.9908424908424909
15154,1.0,0.9908424908424909
15155,1.0,0.9935897435897436
15156,1.0,0.154144204851752
15157,1.0,0.1208344622053644
15158,1.0,0.9908424908424909
15159,1.0,0.9880952380952381
15160,1.0,0.8646684831970936
15161,1.0,0.9880952380952381
15162,1.0,0.9872146118721461
15163,1.0,0.9908424908424909
15164,1.0,0.5195861049519586
15165,1.0,0.9223385689354275
15166,1.0,0.9863138686131386
15167,1.0,0.7014331210191083
15168,1.0,0.9288224956063269
15169,0.7282422,0.8405534858967536
15170,1.0,0.614562458249833
15171,1.0,0.08941230276697919
15172,1.0,0.9908424908424909
15173,1.0,0.9908424908424909
15174,1.0,0.9880952380952381
15175,1.0,0.07932379713914174
15176,1.0,0.9880952380952381
15177,0.2443227,0.5721014880633765
15178,1.0,0.9908424908424909
15179,1.0,0.9881170018281535
15180,1.0,0.8764607679465777
15181,1.0,0.9662716499544212
15182,1.0,0.9908424908424909
15183,1.0,0.9908424908424909
15184,1.0,0.9908424908424909
15185,1.0,0.1565188058694552
15186,1.0,0.19777322004101963
15187,1.0,0.9908424908424909
15188,1.0,0.9908424908424909
15189,1.0,0.04960110995490808
15190,1.0,0.9908424908424909
15191,1.0,0.9880952380952381
15192,1.0,0.9516423357664233
15193,1.0,0.9908424908424909
15194,1.0,0.9908424908424909
15195,1.0,0.9168126094570929
15196,1.0,0.9908424908424909
15197,1.0,0.9090121317157712
15198,1.0,0.411635565312843
15199,1.0,0.9890210430009149
15200,1.0,0.9631956912028725
15201,1.0,0.1565017261219793
15202,1.0,0.9836363636363636
15203,1.0,0.9908424908424909
15204,1.0,0.07296137339055794
15205,1.0,0.9880952380952381
15206,1.0,0.9880952380952381
15207,1.0,0.9880952380952381
15208,1.0,0.9908424908424909
15209,1.0,0.9908424908424909
15210,1.0,0.9908424908424909
15211,1.0,0.9908424908424909
15212,1.0,0.9908424908424909
15213,1.0,0.9908424908424909
15214,1.0,0.3248175182481752
15215,1.0,0.9880952380952381
15216,1.0,0.05748154775218072
15217,1.0,0.933920704845815
15218,1.0,0.98992673992674
15219,1.0,0.9908424908424909
15220,1.0,0.8226351351351351
15221,1.0,0.9908424908424909
15222,1.0,0.9908424908424909
15223,1.0,0.9908424908424909
15224,1.0,0.9908424908424909
15225,1.0,0.9827115559599636
15226,1.0,0.9908424908424909
15227,1.0,0.9880952380952381
15228,1.0,0.12951496388028896
15229,1.0,0.9926605504587156
15230,1.0,0.9908424908424909
15231,1.0,0.9094790777113578
15232,0.9999997,0.8097514340344169
15233,0.99942327,0.11602142683223764
15234,1.0,0.9880952380952381
15235,1.0,0.5565312843029637
15236,1.0,0.4644412191582003
15237,1.0,0.036573830793483975
15238,1.0,0.10277551968412496
15239,1.0,0.9871794871794872
15240,1.0,0.09426795580110497
15241,1.0,0.027347611202635916
15242,1.0,0.9281332164767747
15243,1.0,0.671850699844479
15244,1.0,0.9835766423357665
15245,1.0,0.9954001839926403
15246,1.0,0.9148936170212766
15247,1.0,0.10088865656037638
15248,1.0,0.11813784764207981
15249,1.0,0.21185852981969486
15250,1.0,0.19134860050890584
15251,1.0,0.9726775956284153
15252,1.0,0.9908424908424909
15253,1.0,0.1124223602484472
15254,0.76162344,0.8822660618208672
15255,1.0,0.9579230080572964
15256,1.0,0.9908424908424909
15257,1.0,0.9880952380952381
15258,1.0,0.9908424908424909
15259,0.90412503,0.5689601005340873
15260,1.0,0.9908424908424909
15261,1.0,0.989010989010989
15262,1.0,0.9701627486437613
15263,1.0,0.9908424908424909
15264,1.0,0.9880952380952381
15265,1.0,0.0868541530412034
15266,1.0,0.996316758747698
15267,1.0,0.04604077104423797
15268,1.0,0.9908424908424909
15269,1.0,0.2190540846345327
15270,1.0,0.9908424908424909
15271,1.0,0.9908424908424909
15272,1.0,0.9908424908424909
15273,1.0,0.032035175879396985
15274,1.0,0.9908424908424909
15275,1.0,0.15194805194805194
15276,1.0,0.872852233676976
15277,1.0,0.07969639468690702
15278,1.0,0.9908424908424909
15279,1.0,0.9908424908424909
15280,0.97666395,0.7455357142857143
15281,1.0,0.9908424908424909
15282,1.0,0.9908424908424909
15283,1.0,0.9908424908424909
15284,1.0,0.9908424908424909
15285,0.99999994,0.9561324977618622
15286,1.0,0.9908424908424909
15287,1.0,0.9880952380952381
15288,1.0,0.9881170018281535
15289,1.0,0.9908424908424909
15290,1.0,0.9908424908424909
15291,1.0,0.9908424908424909
15292,1.0,0.98992673992674
15293,1.0,0.12140333165068147
15294,1.0,0.25961860153897626
15295,1.0,0.9908424908424909
15296,1.0,0.9880952380952381
15297,1.0,0.9908424908424909
15298,1.0,0.9871794871794872
15299,1.0,0.9853747714808044
15300,1.0,0.9908424908424909
15301,1.0,0.9908424908424909
15302,1.0,0.9908424908424909
15303,1.0,0.9908424908424909
15304,1.0,0.9908424908424909
15305,1.0,0.9908424908424909
15306,1.0,0.9908424908424909
15307,1.0,0.9880952380952381
15308,1.0,0.11079086926446853
15309,1.0,0.9908424908424909
15310,1.0,0.9908424908424909
15311,1.0,0.9827115559599636
15312,1.0,0.9566787003610109
15313,1.0,0.979890310786106
15314,1.0,0.9908424908424909
15315,1.0,0.9908424908424909
15316,1.0,0.6978193146417445
15317,1.0,0.9880952380952381
15318,1.0,0.9908424908424909
15319,1.0,0.9880952380952381
15320,0.9999998,0.18157625383828044
15321,1.0,0.9790718835304822
15322,1.0,0.9880952380952381
15323,1.0,0.9134199134199135
15324,1.0,0.9880952380952381
15325,0.67576873,0.9048746792974146
15326,1.0,0.9908424908424909
15327,0.9705723,0.6713111825652018
15328,1.0,0.996316758747698
15329,1.0,0.9598214285714286
15330,1.0,0.9415929203539823
15331,0.9998659,0.15436951920169337
15332,1.0,0.34959349593495936
15333,1.0,0.9908424908424909
15334,1.0,0.9872029250457038
15335,1.0,0.9908424908424909
15336,1.0,0.9880952380952381
15337,0.67890936,0.9688254434764354
15338,1.0,0.08508095186352277
15339,1.0,0.9881170018281535
15340,1.0,0.9908424908424909
15341,1.0,0.29806678383128293
15342,0.99269086,0.0874096129306678
15343,1.0,0.98992673992674
15344,1.0,0.9717411121239745
15345,1.0,0.06512185377546943
15346,1.0,0.9057412167952014
15347,1.0,0.9738973897389739
15348,1.0,0.9908424908424909
15349,1.0,0.9880952380952381
15350,1.0,0.09610983981693363
15351,1.0,0.09849306811332127
15352,1.0,0.20972644376899696
15353,1.0,0.9890009165902841
15354,1.0,0.3295373665480427
15355,1.0,0.9880952380952381
15356,1.0,0.9880952380952381
15357,1.0,0.9737556561085973
15358,1.0,0.9908424908424909
15359,1.0,0.8459657701711492
15360,1.0,0.9880952380952381
15361,1.0,0.04123527311674402
15362,1.0,0.6440677966101694
15363,1.0,0.6316981132075472
15364,1.0,0.9663330300272975
15365,1.0,0.824212271973466
15366,1.0,0.9908424908424909
15367,1.0,0.6697368421052632
15368,0.3465443,0.21587266497181387
15369,1.0,0.9880952380952381
15370,1.0,0.9880952380952381
15371,0.17329076,0.12157434402332362
15372,1.0,0.9863138686131386
15373,1.0,0.9990842490842491
15374,1.0,0.9908424908424909
15375,1.0,0.9880952380952381
15376,1.0,0.9908424908424909
15377,1.0,0.9817850637522769
15378,1.0,0.9880952380952381
15379,1.0,0.9880952380952381
15380,1.0,0.9234828496042217
15381,1.0,0.9908424908424909
15382,1.0,0.9908424908424909
15383,1.0,0.9908424908424909
15384,1.0,0.9880952380952381
15385,1.0,0.989010989010989
15386,1.0,0.796875
15387,1.0,0.9908424908424909
15388,1.0,0.9908424908424909
15389,1.0,0.9908424908424909
15390,1.0,0.9880952380952381
15391,0.9999926,0.08479622215378298
15392,1.0,0.6167854315122724
15393,0.6728517,0.5262586019558131
15394,1.0,0.0917380491848577
15395,1.0,0.9908424908424909
15396,0.9999998,0.30127462340672073
15397,1.0,0.9427549194991055
15398,1.0,0.16796949475691134
15399,1.0,0.9908424908424909
15400,1.0,0.9945105215004575
15401,1.0,0.8479338842975207
15402,1.0,0.6297520661157024
15403,1.0,0.8292880258899676
15404,1.0,0.7368839427662957
15405,1.0,0.9908424908424909
15406,1.0,0.9880952380952381
15407,1.0,0.9881170018281535
15408,0.9811248,0.2591258798494025
15409,1.0,0.5705731394354149
15410,1.0,0.9908424908424909
15411,0.99999994,0.9799818016378526
15412,1.0,0.8911149825783972
15413,1.0,0.9935543278084714
15414,1.0,0.32989690721649484
15415,0.27228364,0.8075995174909529
15416,1.0,0.9880952380952381
15417,1.0,0.9880952380952381
15418,1.0,0.24427131072410632
15419,1.0,0.10556792873051225
15420,1.0,0.9908424908424909
15421,1.0,0.9908424908424909
15422,1.0,0.22356191911580006
15423,1.0,0.9908424908424909
15424,1.0,0.9908424908424909
15425,1.0,0.9908424908424909
15426,1.0,0.9908424908424909
15427,1.0,0.10911094783247612
15428,1.0,0.9908424908424909
15429,1.0,0.08925564163017852
15430,1.0,0.9232142857142858
15431,1.0,0.15095238095238095
15432,1.0,0.13722584469472437
15433,0.99969155,0.13634806440561836
15434,0.9999999,0.36394557823129253
15435,1.0,0.9880952380952381
15436,1.0,0.11642171045017938
15437,1.0,0.9561324977618622
15438,1.0,0.9908424908424909
15439,0.47188598,0.2679203539823009
15440,1.0,0.9908424908424909
15441,1.0,0.8129496402877698
15442,1.0,0.9908424908424909
15443,1.0,0.9908424908424909
15444,1.0,0.9908424908424909
15445,1.0,0.9880952380952381
15446,1.0,0.7108527131782946
15447,1.0,0.9134199134199135
15448,0.999999,0.16107494575196127
15449,1.0,0.9908424908424909
15450,1.0,0.5275471698113208
15451,1.0,0.9908424908424909
15452,1.0,0.07922668688400303
15453,1.0,0.8061953931691819
15454,1.0,0.9764492753623188
15455,1.0,0.9908424908424909
15456,1.0,0.9908424908424909
15457,1.0,0.5245494095711623
15458,1.0,0.9908424908424909
15459,1.0,0.9719710669077758
15460,1.0,0.9908424908424909
15461,1.0,0.9908424908424909
15462,1.0,0.8527272727272728
15463,1.0,0.41497227356746763
15464,1.0,0.9908424908424909
15465,1.0,0.9908424908424909
15466,1.0,0.9908424908424909
15467,1.0,0.98992673992674
15468,1.0,0.9908424908424909
15469,1.0,0.9917883211678832
15470,1.0,0.800471327572663
15471,1.0,0.9908424908424909
15472,1.0,0.9880952380952381
15473,1.0,0.9944852941176471
15474,1.0,0.9908424908424909
15475,1.0,0.9908424908424909
15476,1.0,0.409578270192995
15477,1.0,0.9908424908424909
15478,1.0,0.9908424908424909
15479,1.0,0.9908424908424909
15480,1.0,0.5021865889212828
15481,1.0,0.9908424908424909
15482,1.0,0.45952197378565923
15483,1.0,0.9908424908424909
15484,1.0,0.14701737905119774
15485,1.0,0.9206927985414768
15486,1.0,0.16977077363896848
15487,0.7008707,0.7559402214815611
15488,1.0,0.9908424908424909
15489,1.0,0.09319643461581857
15490,1.0,0.9880952380952381
15491,1.0,0.9115770282588879
15492,1.0,0.8811252268602541
15493,1.0,0.9908424908424909
15494,1.0,0.9908424908424909
15495,1.0,0.9908424908424909
15496,1.0,0.9808043875685558
15497,1.0,0.9045571797076526
15498,1.0,0.9880952380952381
15499,0.99999994,0.28284566838783703
15500,0.4580883,0.33497036409822184
15501,1.0,0.08473711077080143
15502,0.88927865,0.6848034515819751
15503,0.99847114,0.14352856109906
15504,1.0,0.9880952380952381
15505,1.0,0.9908424908424909
15506,1.0,0.9880952380952381
15507,1.0,0.9908424908424909
15508,1.0,0.07219442458899214
15509,1.0,0.9908424908424909
15510,1.0,0.030250301164502745
15511,1.0,0.15648180854821617
15512,1.0,0.9908424908424909
15513,1.0,0.9809437386569873
15514,1.0,0.9002557544757033
15515,1.0,0.9908424908424909
15516,1.0,0.9908424908424909
15517,1.0,0.848384424192212
15518,1.0,0.98992673992674
15519,0.999916,0.13703555733120257
15520,1.0,0.05555555555555555
15521,1.0,0.9908424908424909
15522,1.0,0.9908424908424909
15523,1.0,0.9818016378525932
15524,1.0,0.947508896797153
15525,1.0,0.9908424908424909
15526,1.0,0.10094142259414227
15527,1.0,0.039559339008512766
15528,1.0,0.9908424908424909
15529,1.0,0.8816568047337278
15530,1.0,0.08659034083432031
15531,1.0,0.9908424908424909
15532,1.0,0.107375
15533,0.40576562,0.3831576453867109
15534,1.0,0.9908424908424909
15535,1.0,0.8450244698205547
15536,1.0,0.13670661340434975
15537,1.0,0.9880952380952381
15538,1.0,0.9880952380952381
15539,1.0,0.9880952380952381
15540,1.0,0.9908424908424909
15541,1.0,0.9908424908424909
15542,0.7020507,0.2543284365162644
15543,1.0,0.9808917197452229
15544,0.99999994,0.9908424908424909
15545,1.0,0.9908424908424909
15546,1.0,0.9880952380952381
15547,0.24765024,0.6539890710382513
15548,1.0,0.9880952380952381
15549,1.0,0.9908424908424909
15550,1.0,0.9926806953339433
15551,1.0,0.9880952380952381
15552,1.0,0.9908424908424909
15553,1.0,0.9908424908424909
15554,1.0,0.9880952380952381
15555,1.0,0.14830629091944209
15556,1.0,0.9880952380952381
15557,1.0,0.05326850351161534
15558,1.0,0.9908424908424909
15559,1.0,0.3362025316455696
15560,1.0,0.9908424908424909
15561,1.0,0.9880952380952381
15562,1.0,0.0481717933836332
15563,1.0,0.9908424908424909
15564,1.0,0.9908424908424909
15565,1.0,0.8816568047337278
15566,1.0,0.9908424908424909
15567,1.0,0.9908424908424909
15568,1.0,0.9880952380952381
15569,1.0,0.9565610859728507
15570,0.9999997,0.7603383458646616
15571,0.99999845,0.3112183353437877
15572,1.0,0.8811475409836066
15573,1.0,0.9908424908424909
15574,1.0,0.26720647773279355
15575,1.0,0.9908424908424909
15576,1.0,0.9908424908424909
15577,1.0,0.9898523985239852
15578,1.0,0.9908424908424909
15579,1.0,0.9880952380952381
15580,1.0,0.989935956084172
15581,1.0,0.9872146118721461
15582,1.0,0.989010989010989
15583,1.0,0.9880952380952381
15584,1.0,0.972875226039783
15585,1.0,0.6032531824611033
15586,1.0,0.9935661764705882
15587,0.91554576,0.3951951951951952
15588,1.0,0.3549257759784076
15589,1.0,0.5466760961810466
15590,1.0,0.9908424908424909
15591,1.0,0.9908424908424909
15592,1.0,0.9908424908424909
15593,1.0,0.9908424908424909
15594,1.0,0.09094832236487216
15595,1.0,0.2787422207664592
15596,1.0,0.09467320634196419
15597,1.0,0.9172473867595818
15598,1.0,0.9862888482632541
15599,1.0,0.05430140329469189
15600,1.0,0.44418423106947696
15601,1.0,0.989843028624192
15602,0.9998914,0.12786761940579164
15603,1.0,0.9880952380952381
15604,1.0,0.9908424908424909
15605,1.0,0.08788750399488654
15606,0.99999994,0.4047287899860918
15607,0.9998988,0.16730401529636713
15608,1.0,0.9908424908424909
15609,1.0,0.9908424908424909
15610,0.7810792,0.8976336912331909
15611,0.99999994,0.6584536958368734
15612,1.0,0.7896613190730838
15613,1.0,0.9908424908424909
15614,0.9875199,0.2977185452902643
15615,1.0,0.276557436082103
15616,1.0,0.8265221017514596
15617,1.0,0.9908424908424909
15618,1.0,0.2569470879330034
15619,0.999964,0.2185334872979215
15620,0.9766126,0.3666001330671989
15621,1.0,0.5848042977743668
15622,1.0,0.9880952380952381
15623,1.0,0.851010101010101
15624,1.0,0.9954001839926403
15625,1.0,0.05330812854442344
15626,1.0,0.18730057434588385
15627,1.0,0.9710144927536232
15628,1.0,0.9908340971585701
15629,1.0,0.9908424908424909
15630,1.0,0.9908424908424909
15631,1.0,0.8323840520748577
15632,1.0,0.9908424908424909
15633,1.0,0.9899175068744271
15634,1.0,0.9809264305177112
15635,1.0,0.3659237958303379
15636,1.0,0.9381625441696113
15637,1.0,0.8683092608326253
15638,1.0,0.9908424908424909
15639,1.0,0.13924050632911392
15640,1.0,0.996316758747698
15641,0.6605973,0.8204564489112228
15642,0.89023924,0.9261721068249258
15643,1.0,0.9908424908424909
15644,1.0,0.9908424908424909
15645,1.0,0.9908424908424909
15646,0.30743825,0.2880221219618687
15647,1.0,0.9908424908424909
15648,1.0,0.7299854439592431
15649,1.0,0.9908424908424909
15650,1.0,0.989010989010989
15651,1.0,0.049624239532386975
15652,1.0,0.9490161001788909
15653,1.0,0.12077534791252485
15654,1.0,0.9880952380952381
15655,1.0,0.9908424908424909
15656,1.0,0.8621821164889254
15657,1.0,0.9908424908424909
15658,1.0,0.9908424908424909
15659,1.0,0.5245494095711623
15660,1.0,0.9908424908424909
15661,0.69173396,0.851339241262571
15662,1.0,0.9908424908424909
15663,1.0,0.966726618705036
15664,1.0,0.9880952380952381
15665,1.0,0.9880952380952381
15666,1.0,0.9297629499561019
15667,1.0,0.9908424908424909
15668,1.0,0.9880952380952381
15669,1.0,0.9853747714808044
15670,1.0,0.9908424908424909
15671,1.0,0.9908424908424909
15672,1.0,0.9908424908424909
15673,1.0,0.11654432523997742
15674,1.0,0.23303332522500608
15675,1.0,0.9908424908424909
15676,1.0,0.9215859030837005
15677,1.0,0.9675675675675676
15678,1.0,0.9880952380952381
15679,1.0,0.9880952380952381
15680,1.0,0.9908424908424909
15681,1.0,0.9908424908424909
15682,1.0,0.09116448939457789
15683,1.0,0.989010989010989
15684,0.99999994,0.9880952380952381
15685,1.0,0.12641843971631206
15686,1.0,0.989010989010989
15687,1.0,0.9908424908424909
15688,1.0,0.9398230088495575
15689,1.0,0.09858447946993273
15690,1.0,0.8737201365187713
15691,1.0,0.7029459901800328
15692,1.0,0.9908424908424909
15693,1.0,0.9862888482632541
15694,1.0,0.9908424908424909
15695,1.0,0.9320388349514563
15696,1.0,0.05760990318996985
15697,1.0,0.9953789279112755
15698,1.0,0.9908424908424909
15699,1.0,0.9908424908424909
15700,1.0,0.9908424908424909
15701,1.0,0.9908424908424909
15702,1.0,0.9302120141342756
15703,1.0,0.9533394327538883
15704,1.0,0.5336032388663967
15705,0.99902356,0.1360759493670886
15706,1.0,0.6440677966101694
15707,1.0,0.9880952380952381
15708,1.0,0.9917506874427131
15709,1.0,0.9880952380952381
15710,1.0,0.24097938144329897
15711,1.0,0.9880952380952381
15712,1.0,0.9632286995515695
15713,1.0,0.9880952380952381
15714,1.0,0.9880952380952381
15715,1.0,0.933392539964476
15716,1.0,0.9908424908424909
15717,1.0,0.9908424908424909
15718,1.0,0.9908424908424909
15719,1.0,0.9908424908424909
15720,1.0,0.9908424908424909
15721,1.0,0.009554140127388535
15722,1.0,0.7364591754244139
15723,1.0,0.9908424908424909
15724,1.0,0.9908424908424909
15725,1.0,0.22216820612542537
15726,1.0,0.9880952380952381
15727,1.0,0.9880952380952381
15728,1.0,0.9908424908424909
15729,0.9962075,0.06856291143957273
15730,1.0,0.9908424908424909
15731,1.0,0.989010989010989
15732,1.0,0.98992673992674
15733,1.0,0.9277533039647577
15734,1.0,0.9908424908424909
15735,1.0,0.9908424908424909
15736,1.0,0.9908424908424909
15737,1.0,0.10561887092499338
15738,1.0,0.9880952380952381
15739,1.0,0.1343910405972935
15740,1.0,0.9423247559893523
15741,1.0,0.11031679282310064
15742,1.0,0.9675090252707581
15743,1.0,0.9675675675675676
15744,1.0,0.9863138686131386
15745,1.0,0.026618581487205906
15746,1.0,0.9853747714808044
15747,1.0,0.9880952380952381
15748,1.0,0.9908424908424909
15749,1.0,0.7073170731707317
15750,1.0,0.98992673992674
15751,1.0,0.9908424908424909
15752,1.0,0.9880952380952381
15753,1.0,0.9908424908424909
15754,1.0,0.10883620689655173
15755,1.0,0.9908424908424909
15756,0.35849443,0.6546691647766493
15757,1.0,0.9908424908424909
15758,1.0,0.9880952380952381
15759,0.99995655,0.19458946369245372
15760,1.0,0.98992673992674
15761,1.0,0.396031746031746
15762,1.0,0.18421052631578946
15763,1.0,0.9908424908424909
15764,1.0,0.8635953026196929
15765,1.0,0.9908424908424909
15766,1.0,0.15592176747555234
15767,1.0,0.9020122484689413
15768,1.0,0.9908424908424909
15769,1.0,0.9908424908424909
15770,1.0,0.9908424908424909
15771,1.0,0.9400881057268723
15772,1.0,0.08442906574394464
15773,0.88050854,0.37597754160818125
15774,1.0,0.9944852941176471
15775,1.0,0.9908424908424909
15776,1.0,0.8387358184764991
15777,1.0,0.9880952380952381
15778,1.0,0.9880952380952381
15779,1.0,0.8822510822510823
15780,1.0,0.9908424908424909
15781,1.0,0.9880952380952381
15782,1.0,0.08441116405718176
15783,1.0,0.9908424908424909
15784,1.0,0.6461538461538462
15785,1.0,0.10291961071857085
15786,1.0,0.9908424908424909
15787,1.0,0.27428326914848095
15788,0.9967631,0.15566199110502907
15789,1.0,0.9908424908424909
15790,1.0,0.9908424908424909
15791,1.0,0.9854014598540146
15792,1.0,0.4188880426504189
15793,1.0,0.771689497716895
15794,1.0,0.15186104218362284
15795,1.0,0.9908424908424909
15796,1.0,0.9908424908424909
15797,1.0,0.10631408526713437
15798,1.0,0.9908424908424909
15799,1.0,0.9329805996472663
15800,1.0,0.9908424908424909
15801,1.0,0.23300970873786409
15802,1.0,0.9908424908424909
15803,0.54282945,0.8344563552833079
15804,1.0,0.8152866242038217
15805,1.0,0.9908424908424909
15806,1.0,0.9908424908424909
15807,1.0,0.6608756080611535
15808,1.0,0.1486423584173778
15809,1.0,0.9908424908424909
15810,1.0,0.9474153297682709
15811,1.0,0.9908424908424909
15812,1.0,0.9908424908424909
15813,1.0,0.10303030303030303
15814,1.0,0.9908424908424909
15815,1.0,0.9908424908424909
15816,1.0,0.9880952380952381
15817,1.0,0.9862888482632541
15818,1.0,0.9908424908424909
15819,1.0,0.9908424908424909
15820,0.99999726,0.2583732057416268
15821,1.0,0.37921906022501656
15822,1.0,0.9908424908424909
15823,1.0,0.9908424908424909
15824,1.0,0.6271084337349397
15825,1.0,0.2050919377652051
15826,1.0,0.154144204851752
15827,1.0,0.9908424908424909
15828,1.0,0.9908424908424909
15829,1.0,0.10026789131266743
15830,1.0,0.9693140794223827
15831,1.0,0.10427560750538296
15832,0.9999926,0.15492021276595744
15833,1.0,0.9908424908424909
15834,1.0,0.9880952380952381
15835,1.0,0.9908424908424909
15836,1.0,0.10718454844529343
15837,1.0,0.98992673992674
15838,1.0,0.0873170731707317
15839,1.0,0.9908424908424909
15840,1.0,0.09849306811332127
15841,1.0,0.989935956084172
15842,1.0,0.9908424908424909
15843,1.0,0.9853747714808044
15844,1.0,0.9908424908424909
15845,1.0,0.7082644628099174
15846,1.0,0.9880952380952381
15847,1.0,0.9908424908424909
15848,1.0,0.9880952380952381
15849,1.0,0.9908424908424909
15850,1.0,0.9490909090909091
15851,1.0,0.9917506874427131
15852,1.0,0.9908424908424909
15853,1.0,0.9872029250457038
15854,1.0,0.9908424908424909
15855,1.0,0.9908424908424909
15856,1.0,0.9880952380952381
15857,1.0,0.9908424908424909
15858,1.0,0.9800362976406534
15859,1.0,0.9880952380952381
15860,1.0,0.9908424908424909
15861,1.0,0.9871912168344007
15862,1.0,0.9461187214611873
15863,1.0,0.21658031088082902
15864,1.0,0.9665158371040724
15865,1.0,0.9791288566243194
15866,1.0,0.0660390047074647
15867,1.0,0.9880952380952381
15868,1.0,0.039133247089262614
15869,1.0,0.9908424908424909
15870,1.0,0.9880952380952381
15871,0.6972094,0.9323027179953521
15872,1.0,0.8907996560619088
15873,1.0,0.9880952380952381
15874,1.0,0.9880952380952381
15875,1.0,0.9468641114982579
15876,1.0,0.9880952380952381
15877,1.0,0.9908424908424909
15878,1.0,0.23259152907394112
15879,1.0,0.808351976137211
15880,0.9999989,0.2055103884372177
15881,1.0,0.9908424908424909
15882,1.0,0.9908256880733946
15883,1.0,0.9908424908424909
15884,1.0,0.9908424908424909
15885,1.0,0.9481090589270009
15886,1.0,0.9880952380952381
15887,1.0,0.9908424908424909
15888,0.9484087,0.7552911709455229
15889,1.0,0.87468671679198
15890,1.0,0.8257839721254355
15891,0.97361887,0.06760333944206882
15892,1.0,0.9908424908424909
15893,1.0,0.98992673992674
15894,1.0,0.9908424908424909
15895,1.0,0.98992673992674
15896,1.0,0.93766696349065
15897,1.0,0.9880952380952381
15898,1.0,0.9908424908424909
15899,1.0,0.9305799648506151
15900,1.0,0.7027027027027027
15901,1.0,0.9908424908424909
15902,1.0,0.9880952380952381
15903,1.0,0.9908424908424909
15904,1.0,0.9908424908424909
15905,1.0,0.9880952380952381
15906,1.0,0.5140091696383087
15907,1.0,0.9908424908424909
15908,1.0,0.9908424908424909
15909,1.0,0.949288256227758
15910,1.0,0.9908424908424909
15911,1.0,0.9908424908424909
15912,1.0,0.9908424908424909
15913,1.0,0.9908424908424909
15914,1.0,0.9863013698630136
15915,1.0,0.9908424908424909
15916,1.0,0.9944700460829493
15917,1.0,0.9908424908424909
15918,1.0,0.9880952380952381
15919,1.0,0.9086206896551724
15920,1.0,0.9836065573770492
15921,1.0,0.9908424908424909
15922,1.0,0.9880733944954129
15923,1.0,0.10791532443626323
15924,1.0,0.9880952380952381
15925,1.0,0.9880952380952381
15926,1.0,0.9908424908424909
15927,1.0,0.9614349775784753
15928,1.0,0.9880952380952381
15929,0.99957085,0.09793541556379036
15930,1.0,0.9908340971585701
15931,1.0,0.9908424908424909
15932,1.0,0.9908424908424909
15933,1.0,0.9880952380952381
15934,1.0,0.9908424908424909
15935,1.0,0.8340113913751017
15936,1.0,0.34471410941999175
15937,1.0,0.9880952380952381
15938,1.0,0.9302120141342756
15939,0.8824519,0.8869606003752345
15940,1.0,0.2713347921225383
15941,1.0,0.9060579455662863
15942,1.0,0.9908424908424909
15943,1.0,0.98992673992674
15944,1.0,0.9880952380952381
15945,1.0,0.9908424908424909
15946,1.0,0.9908424908424909
15947,1.0,0.9880952380952381
15948,0.99998355,0.15095628415300547
15949,1.0,0.9908424908424909
15950,1.0,0.08956717538153615
15951,1.0,0.9908424908424909
15952,1.0,0.26528959092750104
15953,1.0,0.8613861386138614
15954,1.0,0.9908424908424909
15955,1.0,0.36854103343465044
15956,1.0,0.9908424908424909
15957,1.0,0.10930168368755175
15958,1.0,0.6496350364963503
15959,1.0,0.9908424908424909
15960,1.0,0.9880952380952381
15961,1.0,0.9790528233151184
15962,1.0,0.9908424908424909
15963,1.0,0.9880952380952381
15964,1.0,0.9908424908424909
15965,1.0,0.9880952380952381
15966,1.0,0.9908424908424909
15967,1.0,0.9908424908424909
15968,1.0,0.8990509059534081
15969,1.0,0.9908424908424909
15970,1.0,0.1393838719420115
15971,1.0,0.14555070131064612
15972,1.0,0.989010989010989
15973,1.0,0.9908424908424909
15974,1.0,0.9908424908424909
15975,1.0,0.9908424908424909
15976,1.0,0.9880952380952381
15977,1.0,0.9880952380952381
15978,1.0,0.8910638297872341
15979,1.0,0.9908424908424909
15980,1.0,0.9693693693693693
15981,0.2904011,0.684709351305813
15982,1.0,0.9466192170818505
15983,1.0,0.925764192139738
15984,1.0,0.14345082345698015
15985,1.0,0.9908424908424909
15986,1.0,0.9908424908424909
15987,1.0,0.9863138686131386
15988,1.0,0.9844748858447488
15989,1.0,0.051518592108998014
15990,1.0,0.1417676087931808
15991,1.0,0.09766718506998445
15992,1.0,0.9447963800904977
15993,1.0,0.9908424908424909
15994,1.0,0.9880952380952381
15995,1.0,0.15951742627345844
15996,1.0,0.11031679282310064
15997,1.0,0.9308556611927399
15998,1.0,0.9908424908424909
15999,1.0,0.09430489389346038
16000,1.0,0.9908424908424909
16001,1.0,0.17256184829278265
16002,1.0,0.034550623223267005
16003,1.0,0.9880952380952381
16004,1.0,0.9908424908424909
16005,1.0,0.9329805996472663
16006,1.0,0.9880952380952381
16007,1.0,0.8519437551695617
16008,1.0,0.9908424908424909
16009,1.0,0.9533632286995516
16010,1.0,0.9844890510948905
16011,1.0,0.9908424908424909
16012,1.0,0.9880952380952381
16013,1.0,0.9908424908424909
16014,1.0,0.06041900486344931
16015,1.0,0.9917279411764706
16016,1.0,0.0682199128394234
16017,0.8081316,0.2058675396625535
16018,1.0,0.9645704162976085
16019,1.0,0.11420017108639863
16020,1.0,0.9908424908424909
16021,1.0,0.9908424908424909
16022,1.0,0.9908424908424909
16023,1.0,0.9908424908424909
16024,1.0,0.972875226039783
16025,1.0,0.9908424908424909
16026,1.0,0.9908424908424909
16027,1.0,0.9908424908424909
16028,1.0,0.11521035598705502
16029,1.0,0.9908424908424909
16030,1.0,0.9880952380952381
16031,1.0,0.10627035830618893
16032,0.9999138,0.4896636840481333
16033,1.0,0.05002050020500205
16034,1.0,0.15501519756838905
16035,1.0,0.9908424908424909
16036,1.0,0.9908424908424909
16037,1.0,0.9908424908424909
16038,1.0,0.9218612818261633
16039,1.0,0.9269131556319863
16040,1.0,0.9908424908424909
16041,1.0,0.9880952380952381
16042,1.0,0.9908424908424909
16043,1.0,0.22484624846248463
16044,1.0,0.9908424908424909
16045,1.0,0.9800181653042689
16046,1.0,0.9908424908424909
16047,1.0,0.9880952380952381
16048,1.0,0.08030449233408385
16049,1.0,0.9908424908424909
16050,1.0,0.9908424908424909
16051,1.0,0.35544735240413877
16052,1.0,0.6853754940711463
16053,1.0,0.9908424908424909
16054,1.0,0.49605168700646085
16055,1.0,0.7560795873249816
16056,1.0,0.7542113323124043
16057,1.0,0.9908424908424909
16058,1.0,0.6841750841750842
16059,1.0,0.9908424908424909
16060,1.0,0.997229916897507
16061,1.0,0.9908424908424909
16062,1.0,0.9908424908424909
16063,1.0,0.9908424908424909
16064,1.0,0.9908424908424909
16065,1.0,0.9880952380952381
16066,1.0,0.9908424908424909
16067,1.0,0.07442999811569626
16068,1.0,0.9908424908424909
16069,1.0,0.7449228269699432
16070,1.0,0.06022896963663514
16071,1.0,0.9908424908424909
16072,1.0,0.8393351800554016
16073,1.0,0.9908424908424909
16074,1.0,0.9908424908424909
16075,1.0,0.9908424908424909
16076,1.0,0.9908424908424909
16077,1.0,0.9908424908424909
16078,0.999999,0.36727045596502184
16079,1.0,0.20086990905496244
16080,1.0,0.9441489361702128
16081,1.0,0.9908424908424909
16082,1.0,0.034655010927255696
16083,1.0,0.9880952380952381
16084,1.0,0.9880952380952381
16085,0.99999994,0.36573759347382734
16086,1.0,0.9908424908424909
16087,1.0,0.7878787878787878
16088,0.999979,0.14904408895825205
16089,1.0,0.9908424908424909
16090,1.0,0.9728260869565217
16091,1.0,0.8835034013605442
16092,1.0,0.98992673992674
16093,1.0,0.9908424908424909
16094,1.0,0.9908424908424909
16095,1.0,0.98992673992674
16096,1.0,0.14228886168910648
16097,1.0,0.11062414991688076
16098,1.0,0.9917506874427131
16099,1.0,0.9501779359430605
16100,1.0,0.10731948565776459
16101,1.0,0.9748427672955975
16102,1.0,0.9483985765124555
16103,1.0,0.7242703533026114
16104,0.99999994,0.89375
16105,1.0,0.9908424908424909
16106,1.0,0.9881170018281535
16107,1.0,0.98359161349134
16108,1.0,0.9908424908424909
16109,1.0,0.14973519499277804
16110,1.0,0.9908424908424909
16111,0.3564977,0.09345794392523364
16112,1.0,0.9224062772449869
16113,1.0,0.9908424908424909
16114,1.0,0.9880952380952381
16115,1.0,0.1255853043582663
16116,1.0,0.9908424908424909
16117,1.0,0.98992673992674
16118,1.0,0.9774164408310749
16119,1.0,0.749607535321821
16120,1.0,0.9908424908424909
16121,1.0,0.5158204562178073
16122,1.0,0.9880952380952381
16123,1.0,0.11656066536203523
16124,0.88774836,0.609094242757609
16125,1.0,0.9880952380952381
16126,1.0,0.11498257839721254
16127,1.0,0.9908424908424909
16128,1.0,0.884304932735426
16129,1.0,0.9093264248704663
16130,1.0,0.05760990318996985
16131,1.0,0.6550151975683891
16132,1.0,0.9972350230414746
16133,1.0,0.9880952380952381
16134,1.0,0.0478324049406636
16135,1.0,0.05247148288973384
16136,0.99999994,0.98992673992674
16137,1.0,0.9908424908424909
16138,1.0,0.9880952380952381
16139,1.0,0.014468924695823742
16140,1.0,0.8043831168831169
16141,1.0,0.9631956912028725
16142,1.0,0.9908424908424909
16143,1.0,0.9908424908424909
16144,0.9947283,0.11781039270130901
16145,1.0,0.9908424908424909
16146,1.0,0.9908424908424909
16147,1.0,0.8255280073461891
16148,1.0,0.9800181653042689
16149,1.0,0.9917506874427131
16150,1.0,0.9908424908424909
16151,1.0,0.9908424908424909
16152,1.0,0.87468671679198
16153,1.0,0.5412262156448203
16154,1.0,0.9908424908424909
16155,1.0,0.9908424908424909
16156,1.0,0.9908424908424909
16157,1.0,0.9553172475424486
16158,1.0,0.9880952380952381
16159,1.0,0.9908424908424909
16160,1.0,0.11601642710472279
16161,0.9999954,0.16160388821385177
16162,0.68105936,0.641272621132516
16163,1.0,0.9347442680776014
16164,1.0,0.05260529382387215
16165,1.0,0.1321996708721887
16166,1.0,0.18495821727019499
16167,1.0,0.9908424908424909
16168,1.0,0.9013100436681223
16169,1.0,0.745113369820172
16170,1.0,0.9908424908424909
16171,1.0,0.9643811219946572
16172,1.0,0.9880952380952381
16173,1.0,0.9880952380952381
16174,1.0,0.9908424908424909
16175,1.0,0.4481707317073171
16176,1.0,0.07778246205733558
16177,1.0,0.05393835616438356
16178,1.0,0.9871794871794872
16179,1.0,0.9908424908424909
16180,1.0,0.9908424908424909
16181,1.0,0.9908424908424909
16182,1.0,0.37767923133776793
16183,1.0,0.9880952380952381
16184,0.374025,0.37461941298258433
16185,1.0,0.9908424908424909
16186,1.0,0.7540751240255138
16187,1.0,0.34497816593886466
16188,1.0,0.9908424908424909
16189,1.0,0.9880952380952381
16190,1.0,0.9880952380952381
16191,1.0,0.6244796003330558
16192,0.99999994,0.13934557063048683
16193,0.9999999,0.40782122905027934
16194,1.0,0.589968152866242
16195,1.0,0.12116973935155753
16196,1.0,0.9737556561085973
16197,1.0,0.989010989010989
16198,1.0,0.9908424908424909
16199,1.0,0.058862216376192045
16200,0.9990147,0.19479405034324943
16201,1.0,0.9881170018281535
16202,1.0,0.9908424908424909
16203,1.0,0.948306595365419
16204,1.0,0.9908424908424909
16205,1.0,0.9908424908424909
16206,1.0,0.9236111111111112
16207,1.0,0.9908424908424909
16208,1.0,0.15793470007593013
16209,1.0,0.9908424908424909
16210,1.0,0.15163801492053194
16211,0.9999844,0.2282918874847126
16212,1.0,0.9908424908424909
16213,1.0,0.9908424908424909
16214,1.0,0.8764607679465777
16215,1.0,0.06235038084874864
16216,0.9999959,0.2676940639269406
16217,1.0,0.9908424908424909
16218,1.0,0.9908424908424909
16219,1.0,0.056831323310754994
16220,1.0,0.9880952380952381
16221,1.0,0.9908424908424909
16222,1.0,0.9908424908424909
16223,1.0,0.061083005433764284
16224,1.0,0.9880952380952381
16225,1.0,0.9880952380952381
16226,1.0,0.9908424908424909
16227,1.0,0.9908424908424909
16228,1.0,0.9818346957311535
16229,1.0,0.11460492973969132
16230,1.0,0.9908424908424909
16231,1.0,0.9908424908424909
16232,1.0,0.9908424908424909
16233,1.0,0.9908424908424909
16234,0.7459598,0.6182572614107884
16235,1.0,0.9908424908424909
16236,1.0,0.9908424908424909
16237,1.0,0.9908424908424909
16238,1.0,0.9603960396039604
16239,1.0,0.9457777777777778
16240,1.0,0.9880952380952381
16241,1.0,0.9908424908424909
16242,1.0,0.11114404267931238
16243,1.0,0.9880952380952381
16244,1.0,0.2614130434782609
16245,1.0,0.03167986661108795
16246,1.0,0.98992673992674
16247,1.0,0.9196506550218341
16248,1.0,0.6310372129849564
16249,0.7442974,0.33942144072603514
16250,1.0,0.8519437551695617
16251,1.0,0.851063829787234
16252,1.0,0.98992673992674
16253,1.0,0.9880952380952381
16254,1.0,0.8918685121107266
16255,1.0,0.18373925501432664
16256,1.0,0.9880952380952381
16257,1.0,0.10247486465583913
16258,1.0,0.9588182632050134
16259,1.0,0.4963924963924964
16260,1.0,0.09505344791448334
16261,1.0,0.9595323741007195
16262,1.0,0.9908424908424909
16263,1.0,0.9880952380952381
16264,1.0,0.7414634146341463
16265,1.0,0.9908424908424909
16266,1.0,0.9880952380952381
16267,1.0,0.9908424908424909
16268,1.0,0.9908424908424909
16269,1.0,0.04
16270,1.0,0.9908424908424909
16271,1.0,0.09100758396533044
16272,1.0,0.88917089678511
16273,1.0,0.17472793228536881
16274,1.0,0.16803055100927441
16275,1.0,0.8637627432808156
16276,1.0,0.9981549815498155
16277,1.0,0.9616413916146298
16278,1.0,0.9908424908424909
16279,1.0,0.9880952380952381
16280,1.0,0.9908424908424909
16281,1.0,0.9908424908424909
16282,0.27728063,0.270966412528333
16283,1.0,0.9871794871794872
16284,1.0,0.9124087591240876
16285,1.0,0.9908424908424909
16286,1.0,0.9880952380952381
16287,1.0,0.9880952380952381
16288,1.0,0.9880952380952381
16289,1.0,0.4296875
16290,1.0,0.9908424908424909
16291,1.0,0.9908424908424909
16292,1.0,0.9908424908424909
16293,1.0,0.14154671182613604
16294,1.0,0.9863138686131386
16295,1.0,0.08976660682226212
16296,1.0,0.9908424908424909
16297,1.0,0.9908424908424909
16298,0.99999964,0.77577505407354
16299,1.0,0.9908424908424909
16300,1.0,0.6297134238310709
16301,1.0,0.9880952380952381
16302,1.0,0.9880952380952381
16303,0.56837314,0.19495166487647692
16304,1.0,0.9908424908424909
16305,1.0,0.9880952380952381
16306,1.0,0.9908424908424909
16307,1.0,0.88
16308,1.0,0.9880952380952381
16309,1.0,0.9680073126142597
16310,1.0,0.8964003511852502
16311,1.0,0.059373116335141654
16312,1.0,0.98992673992674
16313,1.0,0.9908424908424909
16314,1.0,0.11344148319814601
16315,1.0,0.06424581005586592
16316,1.0,0.038038496791934
16317,1.0,0.9880952380952381
16318,1.0,0.9908424908424909
16319,1.0,0.9908424908424909
16320,0.27562064,0.7552396762813862
16321,1.0,0.9880952380952381
16322,1.0,0.9908424908424909
16323,1.0,0.9908424908424909
16324,1.0,0.9880952380952381
16325,1.0,0.12203186053501654
16326,1.0,0.9908424908424909
16327,1.0,0.5869380831212893
16328,1.0,0.9908424908424909
16329,1.0,0.07117794486215538
16330,1.0,0.9954212454212454
16331,1.0,0.9880952380952381
16332,1.0,0.7449228269699432
16333,1.0,0.9908424908424909
16334,1.0,0.6568
16335,1.0,0.9908424908424909
16336,1.0,0.2927020664399686
16337,1.0,0.022533800701051578
16338,1.0,0.10911094783247612
16339,1.0,0.996316758747698
16340,1.0,0.9908424908424909
16341,1.0,0.9908424908424909
16342,1.0,0.8999129677980853
16343,1.0,0.9908424908424909
16344,1.0,0.9880952380952381
16345,1.0,0.9908424908424909
16346,1.0,0.9880952380952381
16347,1.0,0.9880952380952381
16348,1.0,0.9514388489208633
16349,1.0,0.9004608294930876
16350,1.0,0.6774628879892037
16351,1.0,0.9908424908424909
16352,1.0,0.9890210430009149
16353,1.0,0.9346866725507502
16354,1.0,0.9908424908424909
16355,1.0,0.9908424908424909
16356,1.0,0.9908424908424909
16357,1.0,0.07493984187005844
16358,1.0,0.9519572953736655
16359,1.0,0.9908424908424909
16360,1.0,0.9908424908424909
16361,1.0,0.09086640056351256
16362,0.99959147,0.11817732773524327
16363,1.0,0.9880952380952381
16364,1.0,0.996316758747698
16365,1.0,0.9908424908424909
16366,1.0,0.9908424908424909
16367,1.0,0.11079086926446853
16368,1.0,0.9764492753623188
16369,1.0,0.1407904548844146
16370,1.0,0.07188211333413203
16371,1.0,0.9880952380952381
16372,1.0,0.9071986123156982
16373,1.0,0.0627027027027027
16374,1.0,0.9268077601410935
16375,1.0,0.01833688699360341
16376,1.0,0.9908424908424909
16377,1.0,0.9908424908424909
16378,1.0,0.9908424908424909
16379,1.0,0.9908424908424909
16380,1.0,0.9234828496042217
16381,1.0,0.4804913294797688
16382,1.0,0.09560306575231949
16383,1.0,0.8780694326841659
16384,1.0,0.11265004616805172
16385,1.0,0.9880952380952381
16386,1.0,0.761055081458495
16387,1.0,0.9908424908424909
16388,1.0,0.9444444444444444
16389,1.0,0.8389031705227078
16390,1.0,0.9908424908424909
16391,1.0,0.2621428571428571
16392,1.0,0.9880952380952381
16393,1.0,0.9908424908424909
16394,1.0,0.9908424908424909
16395,1.0,0.9908424908424909
16396,0.8348939,0.11875923190546529
16397,1.0,0.9908424908424909
16398,1.0,0.9908424908424909
16399,1.0,0.9908424908424909
16400,1.0,0.9908424908424909
16401,1.0,0.09052893309222423
16402,1.0,0.9908424908424909
16403,1.0,0.8867924528301887
16404,1.0,0.9908424908424909
16405,1.0,0.2876543209876543
16406,1.0,0.10360518025901296
16407,1.0,0.06580557443915704
16408,1.0,0.9908424908424909
16409,1.0,0.9908424908424909
16410,1.0,0.9908424908424909
16411,1.0,0.9746606334841629
16412,0.8585708,0.8953266267668407
16413,1.0,0.9516423357664233
16414,1.0,0.7958860759493671
16415,1.0,0.9908424908424909
16416,1.0,0.9908424908424909
16417,1.0,0.9908340971585701
16418,1.0,0.8041060735671514
16419,1.0,0.989010989010989
16420,1.0,0.9908424908424909
16421,1.0,0.9908424908424909
16422,1.0,0.970988213961922
16423,1.0,0.9908424908424909
16424,1.0,0.328755722014149
16425,1.0,0.9880952380952381
16426,1.0,0.16851168511685116
16427,1.0,0.9087719298245615
16428,0.9999802,0.21300138312586445
16429,1.0,0.9908424908424909
16430,1.0,0.9496402877697842
16431,1.0,0.9908424908424909
16432,1.0,0.9908424908424909
16433,1.0,0.9908424908424909
16434,1.0,0.9631956912028725
16435,1.0,0.9772520473157416
16436,1.0,0.9908424908424909
16437,1.0,0.09498031496062992
16438,1.0,0.989010989010989
16439,1.0,0.9880952380952381
16440,1.0,0.2724661469019286
16441,1.0,0.98992673992674
16442,1.0,0.9908424908424909
16443,1.0,0.9908424908424909
16444,1.0,0.10243418878731138
16445,1.0,0.9880952380952381
16446,0.35440454,0.6412790052181636
16447,0.981456,0.48009138381201044
16448,1.0,0.1675
16449,1.0,0.9908424908424909
16450,1.0,0.9972350230414746
16451,1.0,0.9908424908424909
16452,0.9790291,0.10133363729624986
16453,1.0,0.9908424908424909
16454,0.3249999,0.2853932584269663
16455,1.0,0.9835766423357665
16456,1.0,0.16767676767676767
16457,1.0,0.839765100671141
16458,1.0,0.9908424908424909
16459,1.0,0.7948243992606284
16460,1.0,0.9871794871794872
16461,1.0,0.9669051878354203
16462,1.0,0.9701627486437613
16463,1.0,0.9880952380952381
16464,1.0,0.9157155399473222
16465,1.0,0.9779816513761468
16466,1.0,0.8384679433805162
16467,0.99989176,0.21740924092409242
16468,1.0,0.9908424908424909
16469,0.20643196,0.21125298453233676
16470,1.0,0.9908424908424909
16471,1.0,0.9908424908424909
16472,1.0,0.9908424908424909
16473,0.99999994,0.37559972583961615
16474,0.18713294,0.02959335746220992
16475,1.0,0.8263950398582817
16476,1.0,0.2948829141370338
16477,1.0,0.09704472843450479
16478,1.0,0.6954156954156954
16479,1.0,0.8805719091673675
16480,1.0,0.9880952380952381
16481,1.0,0.08469017219163641
16482,1.0,0.9908424908424909
16483,1.0,0.9908424908424909
16484,1.0,0.9367201426024956
16485,1.0,0.98992673992674
16486,1.0,0.1393528183716075
16487,1.0,0.9908424908424909
16488,0.9999999,0.2213072568193515
16489,1.0,0.9908424908424909
16490,1.0,0.9908424908424909
16491,1.0,0.9908424908424909
16492,1.0,0.9880952380952381
16493,1.0,0.9880952380952381
16494,1.0,0.9908424908424909
16495,1.0,0.989935956084172
16496,0.24792713,0.13855421686746988
16497,1.0,0.9908424908424909
16498,1.0,0.8477537437603994
16499,1.0,0.04553624925104853
16500,1.0,0.9880952380952381
16501,1.0,0.9908424908424909
16502,1.0,0.9890210430009149
16503,1.0,0.9880952380952381
16504,1.0,0.14221928228873823
16505,1.0,0.07817258883248732
16506,1.0,0.997229916897507
16507,1.0,0.9880952380952381
16508,1.0,0.9880952380952381
16509,1.0,0.12483281319661169
16510,0.98669773,0.0965391621129326
16511,1.0,0.8563074352548037
16512,1.0,0.9908424908424909
16513,1.0,0.9908424908424909
16514,1.0,0.8537581699346405
16515,1.0,0.06160201149425287
16516,1.0,0.038394919168591224
16517,1.0,0.9908424908424909
16518,0.8440901,0.8887343532684284
16519,1.0,0.9908424908424909
16520,1.0,0.9908424908424909
16521,1.0,0.9880952380952381
16522,1.0,0.9908424908424909
16523,1.0,0.9908424908424909
16524,1.0,0.9880952380952381
16525,1.0,0.8862815884476535
16526,1.0,0.9880952380952381
16527,1.0,0.1362565445026178
16528,1.0,0.947508896797153
16529,1.0,0.9474153297682709
16530,0.84640765,0.5453748355984217
16531,1.0,0.09726247987117552
16532,1.0,0.971322849213691
16533,1.0,0.16986251808972502
16534,1.0,0.8821428571428571
16535,1.0,0.9908424908424909
16536,1.0,0.9917506874427131
16537,1.0,0.3244206773618538
16538,1.0,0.9935661764705882
16539,1.0,0.9533394327538883
16540,1.0,0.9908424908424909
16541,1.0,0.9880952380952381
16542,1.0,0.9908424908424909
16543,1.0,0.7549563838223632
16544,1.0,0.9880952380952381
16545,1.0,0.9908424908424909
16546,1.0,0.16309931506849315
16547,1.0,0.9854280510018215
16548,1.0,0.9880952380952381
16549,0.8948143,0.781900795153351
16550,1.0,0.86756077116513
16551,1.0,0.9908424908424909
16552,0.88693756,0.4094868015543347
16553,1.0,0.9908424908424909
16554,1.0,0.9908424908424909
16555,1.0,0.9908424908424909
16556,1.0,0.15205298013245033
16557,1.0,0.9809264305177112
16558,1.0,0.9908424908424909
16559,1.0,0.03616042077580539
16560,1.0,0.9817684594348223
16561,1.0,0.9908424908424909
16562,1.0,0.14115189495672933
16563,1.0,0.9880952380952381
16564,1.0,0.17432382363838458
16565,1.0,0.989010989010989
16566,1.0,0.7553366174055829
16567,1.0,0.9908424908424909
16568,1.0,0.125
16569,1.0,0.5174165457184325
16570,1.0,0.9880952380952381
16571,1.0,0.029108660278430662
16572,1.0,0.9908340971585701
16573,1.0,0.9908424908424909
16574,1.0,0.9908424908424909
16575,1.0,0.9908424908424909
16576,1.0,0.9872262773722628
16577,1.0,0.9908424908424909
16578,1.0,0.9880952380952381
16579,1.0,0.9908424908424909
16580,1.0,0.98992673992674
16581,1.0,0.10874704491725769
16582,1.0,0.9908424908424909
16583,1.0,0.9908424908424909
16584,1.0,0.9953874538745388
16585,1.0,0.989935956084172
16586,1.0,0.9908424908424909
16587,1.0,0.9880952380952381
16588,1.0,0.989010989010989
16589,0.9994842,0.09905991300687526
16590,1.0,0.9908424908424909
16591,1.0,0.8043647700701481
16592,1.0,0.07326447273600768
16593,1.0,0.9880952380952381
16594,0.93975806,0.8124446020209183
16595,1.0,0.9908424908424909
16596,1.0,0.989010989010989
16597,1.0,0.9908424908424909
16598,1.0,0.11580698835274543
16599,1.0,0.9908424908424909
16600,1.0,0.9908424908424909
16601,0.22401358,0.37673042375568
16602,1.0,0.9234828496042217
16603,1.0,0.88
16604,1.0,0.9908424908424909
16605,1.0,0.5110732538330494
16606,1.0,0.9880952380952381
16607,1.0,0.9880952380952381
16608,1.0,0.8762886597938144
16609,1.0,0.9908340971585701
16610,1.0,0.8838383838383839
16611,1.0,0.353494623655914
16612,1.0,0.9908424908424909
16613,1.0,0.10419397116644823
16614,1.0,0.9908424908424909
16615,1.0,0.9908424908424909
16616,1.0,0.9657965796579658
16617,1.0,0.1579925650557621
16618,1.0,0.9908424908424909
16619,0.15796438,0.017959011197971688
16620,1.0,0.08327925589444084
16621,1.0,0.7672552166934189
16622,1.0,0.9908424908424909
16623,1.0,0.9908424908424909
16624,1.0,0.9908424908424909
16625,1.0,0.9908424908424909
16626,1.0,0.9908424908424909
16627,1.0,0.989010989010989
16628,1.0,0.9908424908424909
16629,1.0,0.11114404267931238
16630,1.0,0.9623655913978495
16631,1.0,0.9880952380952381
16632,1.0,0.9908424908424909
16633,0.94282705,0.9161720295740914
16634,1.0,0.9908424908424909
16635,1.0,0.9880952380952381
16636,1.0,0.9908424908424909
16637,1.0,0.8544520547945206
16638,1.0,0.925531914893617
16639,1.0,0.049278423090461106
16640,1.0,0.9908424908424909
16641,1.0,0.9908424908424909
16642,1.0,0.9908424908424909
16643,1.0,0.9908424908424909
16644,1.0,0.9836363636363636
16645,1.0,0.9880952380952381
16646,1.0,0.9773345421577516
16647,1.0,0.9908424908424909
16648,1.0,0.08817173317965711
16649,1.0,0.9908424908424909
16650,1.0,0.9908424908424909
16651,1.0,0.1930783242258652
16652,0.6555717,0.7231471204834135
16653,1.0,0.11368843069873998
16654,1.0,0.9908424908424909
16655,1.0,0.9908424908424909
16656,1.0,0.9908424908424909
16657,1.0,0.05374077976817703
16658,1.0,0.07101604278074866
16659,1.0,0.947508896797153
16660,1.0,0.0874043555032372
16661,1.0,0.9908424908424909
16662,1.0,0.9908424908424909
16663,1.0,0.06497139224411952
16664,1.0,0.9908424908424909
16665,1.0,0.9908424908424909
16666,1.0,0.8712784588441331
16667,1.0,0.9990766389658357
16668,1.0,0.9908424908424909
16669,0.99999666,0.15279542566709023
16670,1.0,0.5046838407494145
16671,1.0,0.9880952380952381
16672,1.0,0.9880952380952381
16673,1.0,0.9908424908424909
16674,1.0,0.9908424908424909
16675,1.0,0.10340697364918819
16676,0.7445129,0.8723095795695327
16677,1.0,0.9908424908424909
16678,1.0,0.22181596587446678
16679,1.0,0.9880952380952381
16680,1.0,0.989010989010989
16681,1.0,0.9352836879432624
16682,1.0,0.08422026839426192
16683,1.0,0.989010989010989
16684,1.0,0.989010989010989
16685,1.0,0.9093264248704663
16686,1.0,0.11529998533079067
16687,1.0,0.9827115559599636
16688,1.0,0.9738738738738739
16689,0.99999994,0.2108579738245274
16690,1.0,0.9908424908424909
16691,0.99664205,0.03555070883315158
16692,1.0,0.9908424908424909
16693,1.0,0.11052843888664785
16694,1.0,0.6177194421657096
16695,1.0,0.8176991150442477
16696,1.0,0.9880952380952381
16697,1.0,0.9908424908424909
16698,1.0,0.9277533039647577
16699,1.0,0.9908424908424909
16700,1.0,0.9908424908424909
16701,0.7401092,0.676271749972293
16702,1.0,0.9908424908424909
16703,1.0,0.9880952380952381
16704,1.0,0.9908424908424909
16705,1.0,0.9790718835304822
16706,1.0,0.9908424908424909
16707,1.0,0.9908424908424909
16708,1.0,0.9467140319715808
16709,1.0,0.9871794871794872
16710,1.0,0.9908424908424909
16711,1.0,0.8900169204737732
16712,1.0,0.9908424908424909
16713,1.0,0.9908424908424909
16714,1.0,0.9908424908424909
16715,1.0,0.11013874066168623
16716,1.0,0.9926402943882244
16717,1.0,0.9844606946983546
16718,1.0,0.9890009165902841
16719,0.9730193,0.10150496317643291
16720,1.0,0.9578096947935368
16721,1.0,0.9908424908424909
16722,1.0,0.9908424908424909
16723,1.0,0.989010989010989
16724,1.0,0.9808394160583942
16725,1.0,0.9701897018970189
16726,1.0,0.9899175068744271
16727,1.0,0.9908424908424909
16728,1.0,0.06300553426990209
16729,1.0,0.07583849604785302
16730,1.0,0.9863138686131386
16731,1.0,0.23243374665694141
16732,0.9999823,0.15422362425517
16733,0.4985493,0.24112683047902705
16734,0.9980827,0.08065479746684191
16735,1.0,0.8682926829268293
16736,1.0,0.989935956084172
16737,1.0,0.9908424908424909
16738,1.0,0.9752747252747253
16739,1.0,0.9746376811594203
16740,1.0,0.9908424908424909
16741,1.0,0.9863138686131386
16742,1.0,0.9908424908424909
16743,1.0,0.9586016559337627
16744,1.0,0.9501779359430605
16745,1.0,0.9620938628158845
16746,1.0,0.9880952380952381
16747,1.0,0.9880952380952381
16748,1.0,0.1529965892480104
16749,1.0,0.9908424908424909
16750,0.49140623,0.5075531914893617
16751,1.0,0.11919882755251587
16752,1.0,0.9908424908424909
16753,1.0,0.9880952380952381
16754,1.0,0.08630215279100781
16755,1.0,0.9880952380952381
16756,1.0,0.9908424908424909
16757,1.0,0.9880952380952381
16758,1.0,0.9289473684210526
16759,1.0,0.9908424908424909
16760,1.0,0.9908424908424909
16761,1.0,0.04898291293734744
16762,1.0,0.9676258992805755
16763,1.0,0.10784931334257276
16764,1.0,0.08930564858227283
16765,1.0,0.9094790777113578
16766,1.0,0.9908424908424909
16767,1.0,0.07619647355163728
16768,1.0,0.6834645669291338
16769,1.0,0.9908424908424909
16770,1.0,0.16986251808972502
16771,1.0,0.9908424908424909
16772,1.0,0.9908424908424909
16773,1.0,0.11449325492909028
16774,1.0,0.9908424908424909
16775,1.0,0.971996386630533
16776,1.0,0.9853747714808044
16777,1.0,0.9926402943882244
16778,1.0,0.6911262798634812
16779,1.0,0.9880952380952381
16780,1.0,0.3435072142064373
16781,1.0,0.26412014365001635
16782,1.0,0.2649630127774042
16783,1.0,0.9908424908424909
16784,1.0,0.14639241523381005
16785,1.0,0.9007832898172323
16786,1.0,0.9908424908424909
16787,1.0,0.09281814363712726
16788,1.0,0.9908424908424909
16789,1.0,0.8822510822510823
16790,1.0,0.9944802207911684
16791,0.9999753,0.11377175563602383
16792,1.0,0.21731123388581952
16793,1.0,0.9908424908424909
16794,1.0,0.1121278672523182
16795,1.0,0.9604672057502246
16796,1.0,0.9908424908424909
16797,1.0,0.9908424908424909
16798,1.0,0.971996386630533
16799,1.0,0.989010989010989
16800,1.0,0.01979604079184163
16801,1.0,0.9908424908424909
16802,1.0,0.957847533632287
16803,1.0,0.9908424908424909
16804,0.9981075,0.08969329529243937
16805,1.0,0.731355252606255
16806,1.0,0.9318584070796461
16807,1.0,0.98992673992674
16808,1.0,0.6518151815181518
16809,1.0,0.9908424908424909
16810,1.0,0.5569620253164557
16811,1.0,0.9409171075837742
16812,1.0,0.6487138263665595
16813,1.0,0.9908424908424909
16814,1.0,0.9908424908424909
16815,1.0,0.28695652173913044
16816,1.0,1.0
16817,1.0,0.9498657117278424
16818,1.0,0.9908424908424909
16819,1.0,0.9880952380952381
16820,1.0,0.957847533632287
16821,1.0,0.9142607174103237
16822,1.0,0.98992673992674
16823,1.0,0.989935956084172
16824,1.0,0.9134199134199135
16825,1.0,0.9908424908424909
16826,0.99999917,0.1791044776119403
16827,1.0,0.4327073552425665
16828,1.0,0.7928633594429939
16829,1.0,0.9863138686131386
16830,1.0,0.9297629499561019
16831,1.0,0.9908424908424909
16832,1.0,0.9880952380952381
16833,1.0,0.9744292237442922
16834,1.0,0.9908424908424909
16835,0.9619587,0.36748029982702285
16836,1.0,0.9880952380952381
16837,1.0,0.9659803043867502
16838,1.0,0.9890210430009149
16839,1.0,0.9880952380952381
16840,1.0,0.8593125499600319
16841,1.0,0.9908424908424909
16842,0.7286385,0.3188539741219963
16843,0.9876247,0.11890243902439024
16844,1.0,0.9908424908424909
16845,1.0,0.9908424908424909
16846,1.0,0.9908424908424909
16847,1.0,0.9908424908424909
16848,1.0,0.9880952380952381
16849,1.0,0.1574746008708273
16850,1.0,0.7709677419354839
16851,1.0,0.9908424908424909
16852,1.0,0.9908424908424909
16853,1.0,0.9676258992805755
16854,1.0,0.970988213961922
16855,1.0,0.9908424908424909
16856,1.0,0.9863138686131386
16857,1.0,0.9908424908424909
16858,1.0,0.9908424908424909
16859,1.0,0.9908424908424909
16860,1.0,0.9880952380952381
16861,1.0,0.8665540540540541
16862,1.0,0.9908424908424909
16863,1.0,0.9132697311361665
16864,1.0,0.8519437551695617
16865,1.0,0.9880952380952381
16866,1.0,0.9908424908424909
16867,1.0,0.042818911685994644
16868,1.0,0.9908424908424909
16869,1.0,0.9908424908424909
16870,1.0,0.9880952380952381
16871,1.0,0.9981549815498155
16872,1.0,0.9908424908424909
16873,1.0,0.9037800687285223
16874,1.0,0.9908424908424909
16875,1.0,0.9880952380952381
16876,0.74185103,0.148152221733392
16877,1.0,0.08505267778753292
16878,1.0,0.9908424908424909
16879,1.0,0.1807792207792208
16880,1.0,0.40325865580448067
16881,1.0,0.9908424908424909
16882,1.0,0.9908424908424909
16883,1.0,0.9908424908424909
16884,1.0,0.9908424908424909
16885,1.0,0.9871794871794872
16886,1.0,0.9880952380952381
16887,1.0,0.7255520504731862
16888,1.0,0.9908424908424909
16889,1.0,0.9908424908424909
16890,1.0,0.8438751000800641
16891,1.0,0.9322779243623571
16892,1.0,0.951828724353256
16893,1.0,0.9908424908424909
16894,0.6806402,0.5045045045045045
16895,1.0,0.9908424908424909
16896,1.0,0.971996386630533
16897,1.0,0.989010989010989
16898,1.0,0.9908424908424909
16899,1.0,0.9352836879432624
16900,1.0,0.9880952380952381
16901,1.0,0.9908424908424909
16902,1.0,0.9880952380952381
16903,1.0,0.9908424908424909
16904,1.0,0.9908424908424909
16905,1.0,0.9908424908424909
16906,1.0,0.9908424908424909
16907,1.0,0.9908424908424909
16908,1.0,0.9908424908424909
16909,1.0,0.049773755656108594
16910,1.0,0.07788944723618091
16911,1.0,0.7114624505928854
16912,1.0,0.8635953026196929
16913,0.3936945,0.13165646952186721
16914,1.0,0.9908424908424909
16915,0.42171234,0.2751572327044025
16916,0.8070052,0.4287866496697184
16917,1.0,0.1490163248221013
16918,1.0,0.9818181818181818
16919,1.0,0.9908424908424909
16920,1.0,0.48692579505300354
16921,1.0,0.9908424908424909
16922,1.0,0.5607981479439974
16923,1.0,0.9908424908424909
16924,1.0,0.989010989010989
16925,1.0,0.12189349112426036
16926,1.0,0.9908424908424909
16927,1.0,0.5804794520547946
16928,1.0,0.8383280757097792
16929,1.0,0.996316758747698
16930,1.0,0.9908424908424909
16931,1.0,0.047362110311750596
16932,1.0,0.8071955719557196
16933,1.0,0.8311229000884174
16934,1.0,0.989010989010989
16935,1.0,0.9908424908424909
16936,1.0,0.9908424908424909
16937,1.0,0.9908424908424909
16938,1.0,0.8417618270799347
16939,1.0,0.9963133640552996
16940,1.0,0.9142335766423357
16941,1.0,0.989010989010989
16942,1.0,0.9908424908424909
16943,1.0,0.9908424908424909
16944,1.0,0.14832393948383268
16945,1.0,0.9953874538745388
16946,1.0,0.9880952380952381
16947,1.0,0.9908424908424909
16948,1.0,0.9880952380952381
16949,1.0,0.9908424908424909
16950,1.0,0.9871559633027523
16951,1.0,0.9738738738738739
16952,1.0,0.9663330300272975
16953,0.83930653,0.5611534637056679
16954,1.0,0.9908424908424909
16955,1.0,0.9908424908424909
16956,1.0,0.989010989010989
16957,1.0,0.9963065558633426
16958,1.0,0.841714756801319
16959,1.0,0.9908424908424909
16960,1.0,0.9818181818181818
16961,0.8871025,0.1983739837398374
16962,1.0,0.9954212454212454
16963,1.0,0.9908424908424909
16964,1.0,0.9908424908424909
16965,1.0,0.9908424908424909
16966,1.0,0.9340949033391915
16967,0.9999999,0.4035546262415055
16968,0.9999989,0.5105421686746988
16969,1.0,0.9908424908424909
16970,1.0,0.9981549815498155
16971,1.0,0.9908424908424909
16972,1.0,0.9880952380952381
16973,1.0,0.9908424908424909
16974,1.0,0.9880952380952381
16975,1.0,0.989010989010989
16976,1.0,0.9880952380952381
16977,1.0,0.9908424908424909
16978,1.0,0.8988095238095238
16979,1.0,0.23809523809523808
16980,0.99999756,0.1664145234493192
16981,1.0,0.9880952380952381
16982,0.99987984,0.07035682763838104
16983,1.0,0.9908424908424909
16984,1.0,0.9880952380952381
16985,1.0,0.7081545064377682
16986,1.0,0.9836512261580381
16987,1.0,0.9908424908424909
16988,1.0,0.43420015760441294
16989,1.0,0.9890210430009149
16990,1.0,0.9944547134935305
16991,1.0,0.9972350230414746
16992,1.0,0.9880952380952381
16993,1.0,0.9880952380952381
16994,1.0,0.9908424908424909
16995,1.0,0.9908424908424909
16996,1.0,0.989010989010989
16997,1.0,0.9908424908424909
16998,1.0,0.9206927985414768
16999,1.0,0.9908424908424909
17000,1.0,0.21417682926829268
17001,1.0,0.9880952380952381
17002,1.0,0.9908424908424909
17003,1.0,0.3114215283483977
17004,1.0,0.98014440433213
17005,1.0,0.09935304990757855
17006,1.0,0.05617710069031183
17007,1.0,0.9160899653979239
17008,1.0,0.9908424908424909
17009,0.9999944,0.15902474526928675
17010,1.0,0.9818511796733213
17011,1.0,0.9908424908424909
17012,1.0,0.7658362989323844
17013,1.0,0.9908424908424909
17014,1.0,0.9908424908424909
17015,1.0,0.9684968496849685
17016,1.0,0.9908424908424909
17017,1.0,0.14362960459614735
17018,1.0,0.9908424908424909
17019,1.0,0.8898377455166524
17020,1.0,0.9908424908424909
17021,1.0,0.9908424908424909
17022,1.0,0.9799818016378526
17023,1.0,0.9908424908424909
17024,1.0,0.9587073608617595
17025,1.0,0.05391953546246371
17026,1.0,0.9908424908424909
17027,1.0,0.4898728214790391
17028,1.0,0.9880952380952381
17029,1.0,0.9908424908424909
17030,1.0,0.9908424908424909
17031,1.0,0.9423247559893523
17032,1.0,0.9908424908424909
17033,1.0,0.9908424908424909
17034,1.0,0.9880952380952381
17035,1.0,0.9908424908424909
17036,1.0,0.9880952380952381
17037,1.0,0.9417562724014337
17038,1.0,0.9908424908424909
17039,1.0,0.9908424908424909
17040,1.0,0.9632286995515695
17041,1.0,0.9890210430009149
17042,1.0,0.9441489361702128
17043,1.0,0.8830508474576271
17044,1.0,0.9908424908424909
17045,1.0,0.9908424908424909
17046,1.0,0.43420015760441294
17047,1.0,0.2453024453024453
17048,1.0,0.45952197378565923
17049,1.0,0.9908424908424909
17050,1.0,0.9908424908424909
17051,1.0,0.9908424908424909
17052,1.0,0.13867544822539335
17053,1.0,0.08020867297032931
17054,1.0,0.9908424908424909
17055,1.0,0.9744292237442922
17056,1.0,0.9908424908424909
17057,1.0,0.9908424908424909
17058,1.0,0.03982597054886212
17059,1.0,0.9880952380952381
17060,1.0,0.9908424908424909
17061,1.0,0.9908424908424909
17062,1.0,0.9908424908424909
17063,1.0,0.9755434782608695
17064,1.0,0.14228886168910648
17065,1.0,0.8890845070422535
17066,1.0,0.9880952380952381
17067,1.0,0.9908424908424909
17068,1.0,0.896611642050391
17069,1.0,0.9908424908424909
17070,1.0,0.3256079027355623
17071,1.0,0.0903198829186703
17072,1.0,0.7980295566502463
17073,1.0,0.23024290112897708
17074,1.0,0.9908424908424909
17075,1.0,0.7273391812865497
17076,1.0,0.10842627013630732
17077,1.0,0.11347348303870043
17078,1.0,0.9908424908424909
17079,0.48564887,0.6466659921076596
17080,0.9288012,0.5434782608695652
17081,1.0,0.9908424908424909
17082,1.0,0.1051124744376278
17083,1.0,0.9880952380952381
17084,1.0,0.9935661764705882
17085,1.0,0.9908424908424909
17086,1.0,0.9880952380952381
17087,1.0,0.19395103216514642
17088,1.0,0.9640933572710951
17089,1.0,0.9908424908424909
17090,1.0,0.9880952380952381
17091,1.0,0.9726775956284153
17092,1.0,0.07508939213349225
17093,1.0,0.04942339373970346
17094,1.0,0.9880952380952381
17095,1.0,0.9908424908424909
17096,1.0,0.9908424908424909
17097,1.0,0.8668341708542714
17098,1.0,0.9908424908424909
17099,1.0,0.989010989010989
17100,1.0,0.04395604395604396
17101,1.0,0.9908424908424909
17102,1.0,0.2713347921225383
17103,0.99999934,0.17000835421888053
17104,1.0,0.8047058823529412
17105,1.0,0.9908424908424909
17106,1.0,0.04948525970987366
17107,1.0,0.14856341976173792
17108,1.0,0.7223101265822784
17109,1.0,0.9880952380952381
17110,1.0,0.5973101265822784
17111,1.0,0.21337946943483277
17112,1.0,0.9908424908424909
17113,1.0,0.9232851985559567
17114,1.0,0.9908424908424909
17115,1.0,0.9908424908424909
17116,1.0,0.9836065573770492
17117,0.99999446,0.15562599049128367
17118,1.0,0.09399612653324725
17119,1.0,0.9926605504587156
17120,1.0,0.9908424908424909
17121,1.0,0.9908424908424909
17122,1.0,0.09624298609416931
17123,1.0,0.9908424908424909
17124,1.0,0.9890210430009149
17125,1.0,0.9908424908424909
17126,1.0,0.08584304242690702
17127,1.0,0.5245494095711623
17128,1.0,0.9908424908424909
17129,1.0,0.9908424908424909
17130,0.997362,0.14745529573590097
17131,0.76649827,0.28581035642232683
17132,1.0,0.9972350230414746
17133,1.0,0.9908424908424909
17134,1.0,0.9908424908424909
17135,1.0,0.9908424908424909
17136,1.0,0.9908424908424909
17137,0.99463123,0.3465413028878442
17138,1.0,0.9880952380952381
17139,1.0,0.9880952380952381
17140,1.0,0.9880952380952381
17141,1.0,0.9908424908424909
17142,1.0,0.8018794048551292
17143,0.9987342,0.1478960396039604
17144,1.0,0.9908424908424909
17145,1.0,0.49233128834355827
17146,1.0,0.9908424908424909
17147,1.0,0.9908424908424909
17148,0.99992293,0.11564375842214872
17149,1.0,0.9908424908424909
17150,1.0,0.9908424908424909
17151,1.0,0.42669753086419754
17152,0.99999905,0.18651162790697676
17153,1.0,0.9908424908424909
17154,1.0,0.9836065573770492
17155,1.0,0.9908424908424909
17156,1.0,0.9880952380952381
17157,1.0,0.9908424908424909
17158,1.0,0.9908424908424909
17159,1.0,0.9908424908424909
17160,1.0,0.967741935483871
17161,1.0,0.9908424908424909
17162,1.0,0.989935956084172
17163,1.0,0.767479674796748
17164,1.0,0.98992673992674
17165,1.0,0.9665158371040724
17166,1.0,0.9483985765124555
17167,1.0,0.9880952380952381
17168,0.3721062,0.4061678221372221
17169,1.0,0.9764279238440616
17170,0.73891604,0.8209500609013398
17171,1.0,0.12066329530753851
17172,1.0,0.9880952380952381
17173,1.0,0.9734432234432234
17174,1.0,0.9908424908424909
17175,1.0,0.9908424908424909
17176,1.0,0.5336032388663967
17177,1.0,0.9828982898289829
17178,1.0,0.9709090909090909
17179,1.0,0.9908424908424909
17180,1.0,0.9908424908424909
17181,1.0,0.26042841037204056
17182,1.0,0.9880952380952381
17183,0.89666605,0.9303101033677893
17184,1.0,0.07732664233576643
17185,0.9999992,0.196
17186,1.0,0.9579230080572964
17187,1.0,0.9908424908424909
17188,1.0,0.061169562025935896
17189,1.0,0.9908424908424909
17190,1.0,0.13954913011516784
17191,1.0,0.05462624150548876
17192,1.0,0.9908424908424909
17193,1.0,0.8957627118644068
17194,1.0,0.06743335075797177
17195,1.0,0.13958125623130607
17196,1.0,0.9908424908424909
17197,1.0,0.12090082971157645
17198,1.0,0.11213592233009709
17199,1.0,0.9880952380952381
17200,1.0,0.9908424908424909
17201,1.0,0.41031103536429486
17202,1.0,0.13944452439199884
17203,1.0,0.4619523443504996
17204,1.0,0.9880952380952381
17205,0.3409184,0.8102149950889447
17206,1.0,0.9908424908424909
17207,1.0,0.9908424908424909
17208,1.0,0.767816091954023
17209,1.0,0.9880952380952381
17210,1.0,0.9908424908424909
17211,1.0,0.9787430683918669
17212,1.0,0.9908424908424909
17213,1.0,0.10218805440567712
17214,1.0,0.9880952380952381
17215,1.0,0.9908424908424909
17216,1.0,0.9908424908424909
17217,1.0,0.9880952380952381
17218,1.0,0.9908424908424909
17219,1.0,0.10418521816562779
17220,1.0,0.9329805996472663
17221,1.0,0.09994985793080395
17222,1.0,0.9908424908424909
17223,1.0,0.8739495798319328
17224,0.99999994,0.8114387846291331
17225,1.0,0.98992673992674
17226,1.0,0.9908424908424909
17227,1.0,0.9573115349682108
17228,1.0,0.9908424908424909
17229,1.0,0.9379982285208148
17230,1.0,0.2167199148029819
17231,1.0,0.9880952380952381
17232,1.0,0.9908424908424909
17233,1.0,0.9963369963369964
17234,1.0,0.9908424908424909
17235,1.0,0.16439600363306087
17236,1.0,0.9908424908424909
17237,1.0,0.9908424908424909
17238,1.0,0.9880952380952381
17239,1.0,0.9908424908424909
17240,1.0,0.9880952380952381
17241,1.0,0.9908424908424909
17242,1.0,0.9419124218051832
17243,0.1733364,0.7621834325496922
17244,1.0,0.9908424908424909
17245,1.0,0.9880952380952381
17246,1.0,0.21382978723404256
17247,1.0,0.9908424908424909
17248,1.0,0.9880952380952381
17249,1.0,0.16183315431435732
17250,1.0,0.9880952380952381
17251,1.0,0.9908424908424909
17252,1.0,0.9908424908424909
17253,1.0,0.9908424908424909
17254,1.0,0.9908424908424909
17255,1.0,0.9908424908424909
17256,1.0,0.2833948339483395
17257,1.0,0.9908424908424909
17258,1.0,0.9908424908424909
17259,1.0,0.9908424908424909
17260,1.0,0.9981549815498155
17261,1.0,0.9908424908424909
17262,1.0,0.8956140350877193
17263,1.0,0.1784827059048347
17264,1.0,0.8193548387096774
17265,0.17900914,0.10834738617200675
17266,1.0,0.989010989010989
17267,1.0,0.9908424908424909
17268,1.0,0.9880952380952381
17269,1.0,0.9908424908424909
17270,1.0,0.9908424908424909
17271,1.0,0.9862637362637363
17272,1.0,0.183206106870229
17273,0.3644384,0.5781730346947739
17274,1.0,0.868421052631579
17275,1.0,0.9908424908424909
17276,1.0,0.9818016378525932
17277,1.0,0.9880952380952381
17278,1.0,0.9908424908424909
17279,1.0,0.42424242424242425
17280,1.0,0.9908424908424909
17281,1.0,0.9908424908424909
17282,1.0,0.1139118953306926
17283,1.0,0.9908424908424909
17284,1.0,0.2774460266421681
17285,1.0,0.9880952380952381
17286,0.9999998,0.3545816733067729
17287,1.0,0.808351976137211
17288,1.0,0.7011884550084889
17289,1.0,0.9908424908424909
17290,0.99999994,0.964221824686941
17291,1.0,0.21337946943483277
17292,1.0,0.10779070986683444
17293,1.0,0.9251386321626618
17294,1.0,0.9880952380952381
17295,1.0,0.1510307109802272
17296,1.0,0.9880952380952381
17297,1.0,0.9880733944954129
17298,1.0,0.1848644578313253
17299,1.0,0.9880952380952381
17300,1.0,0.8512396694214877
17301,1.0,0.810126582278481
17302,1.0,0.9908424908424909
17303,1.0,0.13141075604053
17304,1.0,0.9880952380952381
17305,1.0,0.9908424908424909
17306,1.0,0.7943706020328382
17307,1.0,0.08411214953271028
17308,1.0,0.12699538843561547
17309,1.0,0.9908424908424909
17310,1.0,0.9908424908424909
17311,1.0,0.9908424908424909
17312,1.0,0.9890009165902841
17313,1.0,0.8431372549019608
17314,1.0,0.09755139452664659
17315,1.0,0.9908424908424909
17316,1.0,0.7863777089783281
17317,1.0,0.9908424908424909
17318,1.0,0.9908424908424909
17319,1.0,0.9908424908424909
17320,1.0,0.24299065420560748
17321,1.0,0.9908424908424909
17322,1.0,0.9186643835616438
17323,1.0,0.98992673992674
17324,1.0,0.9908424908424909
17325,0.99996984,0.1375310687655344
17326,1.0,0.9908424908424909
17327,1.0,0.0269694819020582
17328,1.0,0.1543550165380375
17329,0.6622163,0.39729077750974207
17330,1.0,0.9908424908424909
17331,1.0,0.9908424908424909
17332,1.0,0.154144204851752
17333,1.0,0.21068376068376068
17334,1.0,0.9890210430009149
17335,1.0,0.9908424908424909
17336,1.0,0.9908424908424909
17337,1.0,0.9908424908424909
17338,1.0,0.9908424908424909
17339,1.0,0.9647577092511013
17340,1.0,0.8283400809716599
17341,1.0,0.9880952380952381
17342,1.0,0.15441315441315442
17343,1.0,0.9835766423357665
17344,1.0,0.8929527207850134
17345,1.0,0.9908424908424909
17346,1.0,0.08985623003194888
17347,1.0,0.3341902313624679
17348,1.0,0.9475555555555556
17349,1.0,0.971689497716895
17350,1.0,0.1861030126336249
17351,1.0,0.8513957307060755
17352,1.0,0.0336734693877551
17353,1.0,0.9908424908424909
17354,1.0,0.9908424908424909
17355,1.0,0.9908424908424909
17356,1.0,0.9908424908424909
17357,1.0,0.9908424908424909
17358,1.0,0.7414634146341463
17359,1.0,0.9908424908424909
17360,1.0,0.8162771958098308
17361,1.0,0.886695278969957
17362,1.0,0.9908424908424909
17363,1.0,0.08170731707317073
17364,1.0,0.9880952380952381
17365,1.0,0.9728260869565217
17366,1.0,0.7933753943217665
17367,1.0,0.9908424908424909
17368,1.0,0.9854280510018215
17369,1.0,0.9845173041894353
17370,1.0,0.9259259259259259
17371,1.0,0.9908424908424909
17372,0.9926813,0.39522015540381444
17373,1.0,0.9908424908424909
17374,1.0,0.2551299589603283
17375,1.0,0.966726618705036
17376,1.0,0.9746606334841629
17377,1.0,0.9880952380952381
17378,1.0,0.9880952380952381
17379,1.0,0.9908424908424909
17380,1.0,0.9908424908424909
17381,0.9998111,0.11745992903462621
17382,1.0,0.9908424908424909
17383,0.19026665,0.4900629551907172
17384,1.0,0.9908424908424909
17385,1.0,0.9880952380952381
17386,0.55211407,0.07946278679350867
17387,1.0,0.9305799648506151
17388,1.0,0.04661654135338346
17389,1.0,0.038476337052712584
17390,0.9144318,0.38918363854184496
17391,1.0,0.9880952380952381
17392,1.0,0.04506699147381242
17393,1.0,0.03407929115074407
17394,1.0,0.9709355131698456
17395,1.0,0.9908424908424909
17396,1.0,0.9880952380952381
17397,0.9521465,0.7164202094886013
17398,1.0,0.9908424908424909
17399,1.0,0.13022813688212928
17400,0.9999999,0.3107098381070984
17401,1.0,0.9908424908424909
17402,1.0,0.11628170289855072
17403,0.9999907,0.14348171701112877
17404,1.0,0.9908424908424909
17405,0.99999994,0.9863013698630136
17406,1.0,0.9908424908424909
17407,1.0,0.9908424908424909
17408,1.0,0.9880952380952381
17409,1.0,0.9880952380952381
17410,1.0,0.23303332522500608
17411,1.0,0.9880952380952381
17412,1.0,0.10811255553727168
17413,1.0,0.9908424908424909
17414,1.0,0.9880952380952381
17415,1.0,0.9908424908424909
17416,1.0,0.052398775093569244
17417,1.0,0.9880952380952381
17418,1.0,0.9880952380952381
17419,1.0,0.9908340971585701
17420,0.8396247,0.7156048014773777
17421,1.0,0.9790718835304822
17422,1.0,0.9908424908424909
17423,1.0,0.9908424908424909
17424,1.0,0.09959274342835987
17425,1.0,0.23627519110493397
17426,0.99946404,0.14374629519857735
17427,1.0,0.9908424908424909
17428,1.0,0.9908424908424909
17429,1.0,0.9908424908424909
17430,0.7692891,0.6319592010199745
17431,1.0,0.6924812030075188
17432,1.0,0.9880952380952381
17433,1.0,0.16091019910605445
17434,1.0,0.892948173322005
17435,1.0,0.9754545454545455
17436,1.0,0.07630351844001695
17437,1.0,0.9908424908424909
17438,1.0,0.9835766423357665
17439,1.0,0.7254763585038815
17440,1.0,0.9908424908424909
17441,1.0,0.9880952380952381
17442,1.0,0.06993006993006994
17443,1.0,0.8283400809716599
17444,1.0,0.09742453029343466
17445,1.0,0.9908424908424909
17446,1.0,0.989935956084172
17447,1.0,0.9908424908424909
17448,1.0,0.9908424908424909
17449,1.0,0.9908424908424909
17450,1.0,0.4860294117647059
17451,1.0,0.9908424908424909
17452,1.0,0.9908424908424909
17453,1.0,0.9908424908424909
17454,1.0,0.15982312065698043
17455,1.0,0.4188880426504189
17456,1.0,0.808351976137211
17457,1.0,0.9936189608021878
17458,1.0,0.7847790507364976
17459,1.0,0.9908424908424909
17460,1.0,0.9908424908424909
17461,1.0,0.9908424908424909
17462,1.0,0.9908424908424909
17463,1.0,0.9908424908424909
17464,1.0,0.10519522426589223
17465,1.0,0.9908424908424909
17466,0.9992255,0.1425339366515837
17467,1.0,0.034655010927255696
17468,1.0,0.28955453149001537
17469,1.0,0.030689399555226093
17470,1.0,0.9908424908424909
17471,1.0,0.9880952380952381
17472,1.0,0.9908424908424909
17473,1.0,0.9908424908424909
17474,1.0,0.9935543278084714
17475,1.0,0.9880952380952381
17476,1.0,0.9908424908424909
17477,1.0,0.43861892583120204
17478,1.0,0.1359278866790671
17479,0.9998489,0.0663460178243033
17480,1.0,0.11650943396226415
17481,1.0,0.9845313921747043
17482,1.0,0.9908424908424909
17483,1.0,0.9908424908424909
17484,0.9024641,0.5265017667844523
17485,1.0,0.8908934707903781
17486,1.0,0.9625668449197861
17487,1.0,0.9908424908424909
17488,1.0,0.714183891660727
17489,1.0,0.989010989010989
17490,1.0,0.9908424908424909
17491,1.0,0.9908424908424909
17492,1.0,0.9908424908424909
17493,1.0,0.9880952380952381
17494,1.0,0.9782214156079855
17495,1.0,0.7982932505818464
17496,1.0,0.9908424908424909
17497,1.0,0.4540612516644474
17498,1.0,0.9908424908424909
17499,1.0,0.9908424908424909
17500,0.820311,0.7899190581309786
17501,1.0,0.396031746031746
17502,1.0,0.9468641114982579
17503,1.0,0.9880952380952381
17504,1.0,0.9908424908424909
17505,1.0,0.9880952380952381
17506,1.0,0.9862763037511436
17507,1.0,0.925531914893617
17508,1.0,0.05074328187535735
17509,1.0,0.9908424908424909
17510,1.0,0.12506709608158884
17511,1.0,0.9908424908424909
17512,1.0,0.9818016378525932
17513,1.0,0.9836363636363636
17514,1.0,0.08882521489971347
17515,1.0,0.9917506874427131
17516,1.0,0.9908424908424909
17517,1.0,0.9908424908424909
17518,1.0,0.9908424908424909
17519,1.0,0.10404040404040404
17520,1.0,0.9908424908424909
17521,1.0,0.9908424908424909
17522,1.0,0.045953688231081403
17523,1.0,0.7336485421591804
17524,1.0,0.9419124218051832
17525,0.3565283,0.11089922253190553
17526,1.0,0.4691075514874142
17527,1.0,0.09786669880679764
17528,1.0,0.08450304834822062
17529,1.0,0.9908424908424909
17530,1.0,0.9880952380952381
17531,1.0,0.9764065335753176
17532,1.0,0.21142857142857144
17533,1.0,0.9623655913978495
17534,1.0,0.9880952380952381
17535,0.92990416,0.6828678515294402
17536,1.0,0.9752973467520586
17537,1.0,0.9553805774278216
17538,1.0,0.9908424908424909
17539,1.0,0.9880952380952381
17540,1.0,0.5585106382978723
17541,1.0,0.9908424908424909
17542,1.0,0.9908424908424909
17543,1.0,0.9908424908424909
17544,1.0,0.05218012866333095
17545,1.0,0.9880952380952381
17546,1.0,0.08413246387929932
17547,1.0,0.9908424908424909
17548,1.0,0.10165369649805447
17549,1.0,0.9020618556701031
17550,1.0,0.04404040404040404
17551,1.0,0.9880952380952381
17552,1.0,0.18223905723905723
17553,1.0,0.9014821272885789
17554,1.0,0.9880952380952381
17555,1.0,0.9899175068744271
17556,1.0,0.9264448336252189
17557,1.0,0.9908424908424909
17558,1.0,0.9116117850953206
17559,1.0,0.9908424908424909
17560,1.0,0.9908424908424909
17561,1.0,0.9908424908424909
17562,1.0,0.10409745293466224
17563,1.0,0.9880952380952381
17564,1.0,0.9701897018970189
17565,1.0,0.9908424908424909
17566,1.0,0.9880952380952381
17567,0.9999998,0.5349008082292432
17568,1.0,0.09742610094510355
17569,1.0,0.06924882629107981
17570,1.0,0.10386368569568048
17571,1.0,0.9908424908424909
17572,1.0,0.9936131386861314
17573,1.0,0.9908424908424909
17574,1.0,0.8183319570602807
17575,1.0,0.9114035087719298
17576,0.9999969,0.36259541984732824
17577,1.0,0.9880952380952381
17578,1.0,0.9880952380952381
17579,1.0,0.9908424908424909
17580,1.0,0.9880952380952381
17581,1.0,0.9908424908424909
17582,0.24586198,0.07246591582691168
17583,1.0,0.9908424908424909
17584,1.0,0.9908424908424909
17585,1.0,0.9908424908424909
17586,1.0,0.08943286476005817
17587,1.0,0.9908424908424909
17588,1.0,0.06120777891504606
17589,1.0,0.9863138686131386
17590,1.0,0.9880952380952381
17591,1.0,0.09512912716574044
17592,1.0,0.9908424908424909
17593,1.0,0.24150574431679295
17594,1.0,0.44418423106947696
17595,1.0,0.9908424908424909
17596,1.0,0.7727272727272727
17597,0.931012,0.4282029234737747
17598,1.0,0.9420677361853832
17599,1.0,0.9880952380952381
17600,1.0,0.05627705627705628
17601,0.9989501,0.14863013698630137
17602,1.0,0.9880952380952381
17603,1.0,0.9908424908424909
17604,1.0,0.33847184986595175
17605,1.0,0.9880952380952381
17606,1.0,0.9908424908424909
17607,1.0,0.11767304860088365
17608,0.99304485,0.14905335628227195
17609,1.0,0.94
17610,1.0,0.9835766423357665
17611,1.0,0.13073516386182463
17612,1.0,0.08992053534086157
17613,1.0,0.8918685121107266
17614,1.0,0.9226033421284081
17615,1.0,0.9908424908424909
17616,1.0,0.9863138686131386
17617,1.0,0.9908424908424909
17618,1.0,0.46199117214320745
17619,1.0,0.9615384615384616
17620,0.9999845,0.12056367432150313
17621,1.0,0.0565121412803532
17622,1.0,0.6526566217287867
17623,1.0,0.9880952380952381
17624,1.0,0.791907514450867
17625,1.0,0.47551920800602604
17626,1.0,0.5831987075928917
17627,1.0,0.4189294026377037
17628,1.0,0.1385067450247095
17629,1.0,0.9880952380952381
17630,1.0,0.98992673992674
17631,1.0,0.34760885082084225
17632,1.0,0.9908424908424909
17633,1.0,0.19389473684210526
17634,1.0,0.9908424908424909
17635,1.0,0.9080168776371308
17636,1.0,0.9880952380952381
17637,1.0,0.9908424908424909
17638,1.0,0.04227852186541875
17639,1.0,0.9908424908424909
17640,1.0,0.9908424908424909
17641,1.0,0.9880952380952381
17642,1.0,0.9908424908424909
17643,1.0,0.9908424908424909
17644,1.0,0.9880952380952381
17645,1.0,0.2141022647676862
17646,1.0,0.08796296296296297
17647,1.0,0.3057354301572618
17648,1.0,0.15463076295389636
17649,1.0,0.9880952380952381
17650,1.0,0.9827115559599636
17651,1.0,0.9908424908424909
17652,1.0,0.5634110787172012
17653,1.0,0.9908424908424909
17654,1.0,0.04808211777417612
17655,0.23060025,0.43403908794788276
17656,1.0,0.8859574468085106
17657,1.0,0.05493741307371349
17658,1.0,0.9908424908424909
17659,1.0,0.9908424908424909
17660,1.0,0.947508896797153
17661,1.0,0.9908424908424909
17662,1.0,0.9908424908424909
17663,1.0,0.7259083728278041
17664,1.0,0.9908424908424909
17665,1.0,0.9235611510791367
17666,1.0,0.9908424908424909
17667,1.0,0.9908424908424909
17668,1.0,0.98992673992674
17669,1.0,0.9333333333333333
17670,1.0,0.9880952380952381
17671,1.0,0.9880952380952381
17672,1.0,0.9908424908424909
17673,1.0,0.03409090909090909
17674,1.0,0.09035040431266847
17675,0.7989808,0.7587271431963905
17676,1.0,0.9880952380952381
17677,1.0,0.9826642335766423
17678,0.19536303,0.020970641102456562
17679,1.0,0.06540513081026163
17680,1.0,0.9818016378525932
17681,1.0,0.9880952380952381
17682,1.0,0.982648401826484
17683,1.0,0.9880952380952381
17684,1.0,0.9908424908424909
17685,0.30237654,0.6523283346487766
17686,1.0,0.9880952380952381
17687,1.0,0.9944700460829493
17688,1.0,0.9908424908424909
17689,1.0,0.09805389221556886
17690,1.0,0.9908424908424909
17691,1.0,0.416403785488959
17692,1.0,0.36127167630057805
17693,1.0,0.9908424908424909
17694,1.0,0.9890310786106032
17695,1.0,0.9908424908424909
17696,1.0,0.24685816876122083
17697,1.0,0.937112488928255
17698,1.0,0.9908424908424909
17699,1.0,0.9908424908424909
17700,1.0,0.053916904535363144
17701,1.0,0.9880952380952381
17702,1.0,0.9845313921747043
17703,1.0,0.9908424908424909
17704,1.0,0.9131578947368421
17705,1.0,0.5278772378516624
17706,1.0,0.841000807102502
17707,1.0,0.9908424908424909
17708,1.0,0.989935956084172
17709,1.0,0.895397489539749
17710,1.0,0.11639862905351964
17711,1.0,0.9908424908424909
17712,1.0,0.8609625668449198
17713,1.0,0.9908424908424909
17714,1.0,0.014411701441170145
17715,1.0,0.9444941808415398
17716,1.0,0.9908424908424909
17717,1.0,0.10326206744544854
17718,1.0,0.9908424908424909
17719,1.0,0.9908424908424909
17720,1.0,0.9880952380952381
17721,1.0,0.9908424908424909
17722,1.0,0.9908424908424909
17723,1.0,0.9746606334841629
17724,1.0,0.9908424908424909
17725,1.0,0.9908424908424909
17726,1.0,0.11380400421496312
17727,1.0,0.9908424908424909
17728,1.0,0.9290096406660824
17729,1.0,0.08752492798581875
17730,1.0,0.9880952380952381
17731,1.0,0.9908424908424909
17732,1.0,0.9908424908424909
17733,1.0,0.9880952380952381
17734,0.47539064,0.18159408381265407
17735,1.0,0.8127490039840638
17736,1.0,0.9862763037511436
17737,1.0,0.11240934730056407
17738,1.0,0.9734432234432234
17739,1.0,0.8532654792196777
17740,1.0,0.98992673992674
17741,1.0,0.9871794871794872
17742,0.9999654,0.14189189189189189
17743,1.0,0.10746226942425936
17744,1.0,0.9880952380952381
17745,1.0,0.3249872253449157
17746,1.0,0.03028664142779881
17747,1.0,0.9880952380952381
17748,1.0,0.9880952380952381
17749,1.0,0.7762863534675615
17750,1.0,0.9908424908424909
17751,1.0,0.6979332273449921
17752,1.0,0.9908424908424909
17753,1.0,0.9880952380952381
17754,1.0,0.9908424908424909
17755,1.0,0.9963065558633426
17756,1.0,0.9863138686131386
17757,1.0,0.44418423106947696
17758,1.0,0.9853881278538813
17759,1.0,0.9908424908424909
17760,1.0,0.07891156462585033
17761,1.0,0.9908424908424909
17762,1.0,0.9908424908424909
17763,1.0,0.9908424908424909
17764,1.0,0.989010989010989
17765,1.0,0.9908424908424909
17766,1.0,0.8391551584077985
17767,1.0,0.15331641899238854
17768,1.0,0.9908424908424909
17769,1.0,0.9908424908424909
17770,0.99999946,0.19982238010657194
17771,1.0,0.9908424908424909
17772,1.0,0.048333153522494336
17773,1.0,0.9880952380952381
17774,1.0,0.9908424908424909
17775,1.0,0.98992673992674
17776,1.0,0.9908424908424909
17777,1.0,0.9917506874427131
17778,1.0,0.9880952380952381
17779,1.0,0.9880952380952381
17780,1.0,0.9880952380952381
17781,1.0,0.9908424908424909
17782,1.0,0.9579982126899017
17783,1.0,0.09238267966447518
17784,1.0,0.9880952380952381
17785,1.0,0.47049924357034795
17786,1.0,0.9880952380952381
17787,1.0,0.166343669250646
17788,1.0,0.13331181407359588
17789,0.99990463,0.11502651738361815
17790,1.0,0.08627197239296884
17791,1.0,0.9908424908424909
17792,0.89248186,0.7573934837092732
17793,1.0,0.9908424908424909
17794,1.0,0.9358288770053476
17795,1.0,0.9880952380952381
17796,1.0,0.11467783205396603
17797,1.0,0.9908424908424909
17798,1.0,0.9908424908424909
17799,1.0,0.42527932960893855
17800,0.98073274,0.05912284952750182
17801,1.0,0.9908424908424909
17802,0.57308304,0.315284178187404
17803,1.0,0.989010989010989
17804,1.0,0.3389067524115756
17805,1.0,0.9880952380952381
17806,1.0,0.8087557603686636
17807,1.0,0.9880952380952381
17808,1.0,0.9880952380952381
17809,1.0,0.7396078431372549
17810,1.0,0.9908424908424909
17811,1.0,0.9880952380952381
17812,1.0,0.1125870380289234
17813,1.0,0.9908424908424909
17814,1.0,0.6679331306990881
17815,1.0,0.9746606334841629
17816,1.0,0.9908424908424909
17817,1.0,0.9880952380952381
17818,1.0,0.9908424908424909
17819,1.0,0.9908424908424909
17820,1.0,0.9738973897389739
17821,1.0,0.9908424908424909
17822,1.0,0.9880952380952381
17823,1.0,0.9465095194922938
17824,1.0,0.9908424908424909
17825,1.0,0.9908424908424909
17826,1.0,0.8689771766694844
17827,0.99999994,0.9690627843494085
17828,1.0,0.971996386630533
17829,1.0,0.9880952380952381
17830,1.0,0.9908424908424909
17831,1.0,0.9908424908424909
17832,1.0,0.9908424908424909
17833,1.0,0.16673701983959477
17834,1.0,0.98992673992674
17835,1.0,0.8287781350482315
17836,1.0,0.8614609571788413
17837,1.0,0.8532654792196777
17838,1.0,0.9908424908424909
17839,1.0,0.9490909090909091
17840,1.0,0.9908424908424909
17841,1.0,0.9880952380952381
17842,1.0,0.7807881773399015
17843,1.0,0.19203939269593762
17844,1.0,0.9908424908424909
17845,1.0,0.9954001839926403
17846,1.0,0.98992673992674
17847,1.0,0.9908424908424909
17848,1.0,0.9908424908424909
17849,1.0,0.9880952380952381
17850,1.0,0.98992673992674
17851,1.0,0.9908424908424909
17852,1.0,0.10500846842487298
17853,1.0,0.14109433349569736
17854,1.0,0.02997502081598668
17855,1.0,0.9908424908424909
17856,1.0,0.9358288770053476
17857,1.0,0.9908424908424909
17858,1.0,0.968978102189781
17859,1.0,0.0462070669631826
17860,1.0,0.9791099000908265
17861,0.4256485,0.04955001551670632
17862,0.8579734,0.482799245994345
17863,1.0,0.9880952380952381
17864,1.0,0.9782214156079855
17865,1.0,0.9908424908424909
17866,1.0,0.9836363636363636
17867,1.0,0.9133448873483535
17868,1.0,0.9908424908424909
17869,1.0,0.9727520435967303
17870,1.0,0.9908424908424909
17871,1.0,0.9880952380952381
17872,1.0,0.9880952380952381
17873,1.0,0.06184150251946862
17874,1.0,0.9908424908424909
17875,1.0,0.6445686900958466
17876,1.0,0.8154574132492114
17877,1.0,0.9880952380952381
17878,1.0,0.9872146118721461
17879,0.9999999,0.6126865671641791
17880,1.0,0.9908424908424909
17881,1.0,0.9908424908424909
17882,1.0,0.9880952380952381
17883,1.0,0.9880952380952381
17884,1.0,0.9880952380952381
17885,1.0,0.996316758747698
17886,1.0,0.9908424908424909
17887,1.0,0.9880952380952381
17888,1.0,0.9908424908424909
17889,1.0,0.9908424908424909
17890,1.0,0.9908424908424909
17891,1.0,0.9908424908424909
17892,1.0,0.9880952380952381
17893,1.0,0.9908424908424909
17894,1.0,0.9908424908424909
17895,1.0,0.6250950570342205
17896,1.0,0.9908424908424909
17897,0.99998885,0.11582401555663588
17898,1.0,0.9880952380952381
17899,1.0,0.9935543278084714
17900,1.0,0.9641255605381166
17901,1.0,0.8918685121107266
17902,1.0,0.9908424908424909
17903,1.0,0.14701737905119774
17904,1.0,0.9881061299176578
17905,1.0,0.6855895196506551
17906,0.9759261,0.9766345768150823
17907,1.0,0.12005320917858331
17908,1.0,0.9880952380952381
17909,1.0,0.98992673992674
17910,1.0,0.9853881278538813
17911,1.0,0.9908424908424909
17912,1.0,0.9900271985494107
17913,1.0,0.9908424908424909
17914,1.0,0.7739059967585089
17915,1.0,0.9972247918593895
17916,1.0,0.9880952380952381
17917,1.0,0.9908424908424909
17918,1.0,0.9908424908424909
17919,1.0,0.9908424908424909
17920,1.0,0.9354553492484527
17921,1.0,0.9880952380952381
17922,1.0,0.9908424908424909
17923,1.0,0.9908424908424909
17924,1.0,0.9890210430009149
17925,1.0,0.9818181818181818
17926,1.0,0.9908424908424909
17927,0.99999994,0.9908424908424909
17928,1.0,0.9908424908424909
17929,1.0,0.9908424908424909
17930,1.0,0.03797259369324748
17931,1.0,0.9908424908424909
17932,0.9998428,0.11448450347881088
17933,1.0,0.9880952380952381
17934,1.0,0.9908424908424909
17935,1.0,0.9908424908424909
17936,1.0,0.37738048970073845
17937,1.0,0.7464788732394366
17938,1.0,0.9800543970988214
17939,1.0,0.9908424908424909
17940,1.0,0.9908424908424909
17941,0.99999946,0.2468389224848818
17942,1.0,0.6604506604506605
17943,1.0,0.09784841604497783
17944,1.0,0.04
17945,1.0,0.7739059967585089
17946,1.0,0.9880952380952381
17947,1.0,0.9908424908424909
17948,1.0,0.9908424908424909
17949,1.0,0.98992673992674
17950,1.0,0.9908424908424909
17951,1.0,0.9908424908424909
17952,1.0,0.9880952380952381
17953,1.0,0.6979332273449921
17954,1.0,0.8802698145025295
17955,1.0,0.9184027777777778
17956,1.0,0.9908424908424909
17957,1.0,0.8609625668449198
17958,1.0,0.9908424908424909
17959,0.9999951,0.16628527841342486
17960,1.0,0.11665511665511666
17961,1.0,0.9512843224092117
17962,1.0,0.9908424908424909
17963,1.0,0.9908424908424909
17964,1.0,0.9908424908424909
17965,1.0,0.9880952380952381
17966,1.0,0.9908424908424909
17967,1.0,0.9476021314387212
17968,1.0,0.9908424908424909
17969,1.0,0.16546622542339887
17970,1.0,0.5236350744504845
17971,1.0,0.22105031861129423
17972,1.0,0.9908424908424909
17973,0.9997713,0.21163636363636365
17974,1.0,0.1125870380289234
17975,1.0,0.9908424908424909
17976,0.4386796,0.20389938979014735
17977,0.9985142,0.08908308334420242
17978,1.0,0.9890009165902841
17979,1.0,0.9880952380952381
17980,1.0,0.9563239308462238
17981,1.0,0.05002387774594078
17982,1.0,0.9880952380952381
17983,1.0,0.907928388746803
17984,1.0,0.9809264305177112
17985,1.0,0.21417682926829268
17986,1.0,0.9880952380952381
17987,1.0,0.9908424908424909
17988,1.0,0.7892690513219285
17989,1.0,0.9963065558633426
17990,1.0,0.9880952380952381
17991,1.0,0.9663330300272975
17992,1.0,0.9880952380952381
17993,1.0,0.9908424908424909
17994,1.0,0.2196969696969697
17995,1.0,0.9908424908424909
17996,1.0,0.9728014505893019
17997,1.0,0.9880952380952381
17998,1.0,0.9908424908424909
17999,0.8474158,0.7032442748091603
18000,1.0,0.9908424908424909
18001,1.0,0.9469964664310954
18002,1.0,0.06992481203007518
18003,1.0,0.1526360544217687
18004,0.82325864,0.9519767941555651
18005,1.0,0.040858179523584164
18006,1.0,0.9853747714808044
18007,0.98380345,0.6652365006278778
18008,1.0,0.9880952380952381
18009,0.99999475,0.1683366733466934
18010,1.0,0.9737318840579711
18011,1.0,0.9908424908424909
18012,0.99993074,0.1840922890103218
18013,1.0,0.9908424908424909
18014,1.0,0.9908424908424909
18015,1.0,0.11238095238095239
18016,1.0,0.5239709443099274
18017,1.0,0.08392652123995407
18018,1.0,0.9817017383348582
18019,1.0,0.9880952380952381
18020,1.0,0.34523809523809523
18021,1.0,0.9880952380952381
18022,1.0,0.9880952380952381
18023,1.0,0.9908424908424909
18024,1.0,0.9935720844811754
18025,1.0,0.95013357079252
18026,1.0,0.05069436603816191
18027,1.0,0.9908424908424909
18028,1.0,0.07651632970451011
18029,1.0,0.9917506874427131
18030,1.0,0.9747747747747748
18031,0.9999931,0.16702819956616052
18032,1.0,0.9908424908424909
18033,1.0,0.9908424908424909
18034,1.0,0.9880952380952381
18035,1.0,0.9908424908424909
18036,1.0,0.027738515901060072
18037,1.0,0.9880952380952381
18038,1.0,0.9908424908424909
18039,1.0,0.9908424908424909
18040,1.0,0.9880952380952381
18041,1.0,0.9908424908424909
18042,1.0,0.061530765382691345
18043,1.0,0.9908424908424909
18044,1.0,0.9981549815498155
18045,1.0,0.8786857624262847
18046,1.0,0.9908424908424909
18047,1.0,0.47049924357034795
18048,1.0,0.9457092819614711
18049,1.0,0.9908424908424909
18050,1.0,0.06041900486344931
18051,1.0,0.1052096052096052
18052,1.0,0.9908424908424909
18053,0.99853593,0.0949591280653951
18054,1.0,0.9890210430009149
18055,1.0,0.6195652173913043
18056,1.0,0.9908424908424909
18057,1.0,0.9880952380952381
18058,1.0,0.9908424908424909
18059,1.0,0.9908424908424909
18060,1.0,0.9908424908424909
18061,1.0,0.9880952380952381
18062,1.0,0.2551299589603283
18063,1.0,0.9908424908424909
18064,1.0,0.9815668202764977
18065,1.0,0.9908424908424909
18066,1.0,0.9880952380952381
18067,1.0,0.9908424908424909
18068,1.0,0.9636363636363636
18069,1.0,0.9908424908424909
18070,1.0,0.9908340971585701
18071,1.0,0.9908424908424909
18072,1.0,0.9908424908424909
18073,1.0,0.08881022010158535
18074,1.0,0.98992673992674
18075,1.0,0.9908424908424909
18076,1.0,0.9880952380952381
18077,1.0,0.1038149898717083
18078,1.0,0.43333333333333335
18079,1.0,0.9908424908424909
18080,1.0,0.88917089678511
18081,1.0,0.989010989010989
18082,1.0,0.9535714285714286
18083,1.0,0.9450841452612931
18084,1.0,0.2404227212681638
18085,1.0,0.9880952380952381
18086,1.0,0.9880952380952381
18087,1.0,0.9899817850637522
18088,1.0,0.9844322344322345
18089,1.0,0.955237242614145
18090,1.0,0.9854014598540146
18091,1.0,0.9908424908424909
18092,1.0,0.9908424908424909
18093,0.9987629,0.11143435365545155
18094,1.0,0.04925290536801328
18095,1.0,0.1343910405972935
18096,1.0,0.3037421191783608
18097,1.0,0.9908424908424909
18098,1.0,0.9908424908424909
18099,1.0,0.9908424908424909
18100,1.0,0.9880952380952381
18101,1.0,0.9908424908424909
18102,1.0,0.035739814152966405
18103,1.0,0.9863138686131386
18104,1.0,0.9880952380952381
18105,1.0,0.9908424908424909
18106,1.0,0.9587443946188341
18107,1.0,0.9908424908424909
18108,1.0,0.9699179580674567
18109,1.0,0.9908424908424909
18110,1.0,0.9764279238440616
18111,1.0,0.3973087818696884
18112,1.0,0.9908424908424909
18113,1.0,0.9898336414048059
18114,1.0,0.9908424908424909
18115,1.0,0.9269759450171822
18116,1.0,0.9908424908424909
18117,0.32728574,0.29523278505715084
18118,0.99999994,0.29865575686732904
18119,1.0,0.9908424908424909
18120,1.0,0.9880952380952381
18121,1.0,0.9908424908424909
18122,1.0,0.855917667238422
18123,1.0,0.22586576769843703
18124,1.0,0.9908424908424909
18125,1.0,0.9880952380952381
18126,1.0,0.9662716499544212
18127,1.0,0.9908424908424909
18128,1.0,0.3226185809486476
18129,1.0,0.07064868336544637
18130,1.0,0.9880952380952381
18131,1.0,0.9908424908424909
18132,1.0,0.9908424908424909
18133,1.0,0.9926062846580407
18134,1.0,0.9908424908424909
18135,1.0,0.6396705559368565
18136,1.0,0.9908424908424909
18137,1.0,0.9448888888888889
18138,1.0,0.7757085020242915
18139,1.0,0.9935543278084714
18140,1.0,0.9908424908424909
18141,1.0,0.9908424908424909
18142,1.0,0.09293602833923734
18143,1.0,0.1138353765323993
18144,1.0,0.16524701873935263
18145,1.0,0.9908424908424909
18146,1.0,0.9908424908424909
18147,1.0,0.9908424908424909
18148,1.0,0.9880952380952381
18149,1.0,0.9845313921747043
18150,1.0,0.8802345058626466
18151,1.0,0.8211920529801324
18152,1.0,0.8911149825783972
18153,1.0,0.9908424908424909
18154,1.0,0.9908424908424909
18155,1.0,0.9909173478655767
18156,1.0,0.2768542199488491
18157,0.37443814,0.7925298804780877
18158,1.0,0.9908424908424909
18159,1.0,0.9908424908424909
18160,1.0,0.98992673992674
18161,1.0,0.6887372013651877
18162,1.0,0.9908424908424909
18163,1.0,0.09219613259668508
18164,1.0,0.9908424908424909
18165,1.0,0.9908424908424909
18166,1.0,0.989010989010989
18167,1.0,0.8689771766694844
18168,1.0,0.9908424908424909
18169,1.0,0.41509433962264153
18170,1.0,0.9908424908424909
18171,1.0,0.7987470634299139
18172,1.0,0.8888888888888888
18173,1.0,0.9908424908424909
18174,1.0,0.9908424908424909
18175,1.0,0.9836065573770492
18176,1.0,0.9908424908424909
18177,1.0,0.01907394609536973
18178,1.0,0.8783333333333333
18179,1.0,0.98992673992674
18180,1.0,0.9908424908424909
18181,1.0,0.9561643835616438
18182,1.0,0.997229916897507
18183,0.7534067,0.44143723751749886
18184,1.0,0.87248322147651
18185,1.0,0.10016782043213761
18186,1.0,0.9880952380952381
18187,1.0,0.6987381703470031
18188,1.0,0.9908424908424909
18189,1.0,0.02152532937465207
18190,1.0,0.8697829716193656
18191,1.0,0.9908424908424909
18192,1.0,0.9908424908424909
18193,1.0,0.8195488721804511
18194,1.0,0.9908424908424909
18195,0.24745625,0.4341692789968652
18196,1.0,0.9908424908424909
18197,1.0,0.9908424908424909
18198,1.0,0.7603833865814696
18199,1.0,0.9908424908424909
18200,1.0,0.9880952380952381
18201,1.0,0.9038290293855743
18202,1.0,0.9908424908424909
18203,1.0,0.9880952380952381
18204,1.0,0.9908424908424909
18205,1.0,0.6950904392764858
18206,1.0,0.08594730238393977
18207,1.0,0.775609756097561
18208,1.0,0.9908424908424909
18209,1.0,0.9908424908424909
18210,1.0,0.09075816270060874
18211,1.0,0.31130434782608696
18212,1.0,0.9908424908424909
18213,0.45367065,0.37520025632809995
18214,1.0,0.8257638315441783
18215,1.0,0.9880952380952381
18216,1.0,0.9908424908424909
18217,1.0,0.9644160583941606
18218,1.0,0.9908424908424909
18219,1.0,0.07307121661721068
18220,1.0,0.09997688395746648
18221,1.0,0.12752757352941177
18222,1.0,0.9900271985494107
18223,1.0,0.9908424908424909
18224,1.0,0.9908424908424909
18225,0.9999998,0.3290570878768441
18226,0.9997954,0.3434754311747478
18227,1.0,0.9908424908424909
18228,1.0,0.14460093896713616
18229,0.99990636,0.17920427950518222
18230,1.0,0.800656275635767
18231,1.0,0.9880952380952381
18232,1.0,0.11116230848980532
18233,1.0,0.9908424908424909
18234,1.0,0.037252368647717485
18235,1.0,0.9908424908424909
18236,1.0,0.1264
18237,1.0,0.9908424908424909
18238,1.0,0.9908424908424909
18239,1.0,0.9732718894009217
18240,1.0,0.9908424908424909
18241,1.0,0.25864077669902913
18242,1.0,0.9908424908424909
18243,1.0,0.9649280575539568
18244,1.0,0.9880952380952381
18245,1.0,0.050058662495111456
18246,0.5792266,0.08533489552821714
18247,1.0,0.9880952380952381
18248,1.0,0.8008810572687225
18249,0.9998646,0.12107040789815536
18250,1.0,0.9880952380952381
18251,1.0,0.9908424908424909
18252,1.0,0.9264448336252189
18253,1.0,0.9411764705882353
18254,1.0,0.9908424908424909
18255,1.0,0.9908424908424909
18256,1.0,0.9880952380952381
18257,0.88018364,0.8958524406399674
18258,1.0,0.9908424908424909
18259,1.0,0.9954001839926403
18260,0.22821234,0.5556713928273561
18261,1.0,0.8122950819672131
18262,1.0,0.02716763005780347
18263,1.0,0.9908424908424909
18264,1.0,0.2547626735550533
18265,1.0,0.9227430555555556
18266,1.0,0.1579337159785225
18267,1.0,0.06041900486344931
18268,0.7436791,0.8556519942136805
18269,1.0,0.9880952380952381
18270,1.0,0.9908424908424909
18271,1.0,0.899909008189263
18272,1.0,0.9469964664310954
18273,1.0,0.9908424908424909
18274,1.0,0.9908424908424909
18275,1.0,0.906934306569343
18276,1.0,0.3382352941176471
18277,1.0,0.9908424908424909
18278,1.0,0.9908424908424909
18279,1.0,0.7542033626901521
18280,1.0,0.9908424908424909
18281,1.0,0.9908424908424909
18282,1.0,0.9908424908424909
18283,1.0,0.5163352272727273
18284,1.0,0.9908424908424909
18285,1.0,0.9880952380952381
18286,1.0,0.9908424908424909
18287,1.0,0.7632221318144833
18288,1.0,0.9908424908424909
18289,1.0,0.9372236958443855
18290,1.0,0.05517536355859709
18291,1.0,0.9908424908424909
18292,1.0,0.989935956084172
18293,1.0,0.9908424908424909
18294,1.0,0.9908424908424909
18295,1.0,0.9908424908424909
18296,1.0,0.9880952380952381
18297,1.0,0.9881278538812786
18298,1.0,0.96094459582198
18299,1.0,0.9908424908424909
18300,1.0,0.09395764119601328
18301,0.929946,0.7165520888418826
18302,1.0,0.11455451023796348
18303,1.0,0.9344552701505757
18304,1.0,0.9908424908424909
18305,1.0,0.6853754940711463
18306,1.0,0.12067728511981633
18307,1.0,0.21382978723404256
18308,1.0,0.10871602624179943
18309,1.0,0.9908424908424909
18310,1.0,0.9908424908424909
18311,1.0,0.9908424908424909
18312,1.0,0.9890210430009149
18313,1.0,0.8753180661577609
18314,1.0,0.9908424908424909
18315,1.0,0.971093044263776
18316,1.0,0.9908424908424909
18317,1.0,0.06657323055360898
18318,1.0,0.9790909090909091
18319,1.0,0.9880952380952381
18320,1.0,0.9818016378525932
18321,1.0,0.9281961471103327
18322,1.0,0.9908424908424909
18323,1.0,0.9881278538812786
18324,1.0,0.9908424908424909
18325,1.0,0.9726775956284153
18326,1.0,0.7862068965517242
18327,1.0,0.9908424908424909
18328,1.0,0.9908424908424909
18329,1.0,0.11895910780669144
18330,1.0,0.9675675675675676
18331,1.0,0.05014124293785311
18332,1.0,0.9881170018281535
18333,1.0,0.7464689265536724
18334,1.0,0.9636032757051866
18335,1.0,0.8113964686998395
18336,1.0,0.053591790193842644
18337,1.0,0.9908424908424909
18338,1.0,0.9880952380952381
18339,1.0,0.10088865656037638
18340,1.0,0.5721254355400697
18341,1.0,0.9908424908424909
18342,1.0,0.98992673992674
18343,1.0,0.22181596587446678
18344,1.0,0.2282328696548171
18345,1.0,0.9880952380952381
18346,1.0,0.9127052722558341
18347,1.0,0.9908424908424909
18348,1.0,0.9908424908424909
18349,1.0,0.9908424908424909
18350,1.0,0.9908424908424909
18351,1.0,0.7534246575342466
18352,1.0,0.9764492753623188
18353,1.0,0.2887139107611549
18354,1.0,0.7870201096892139
18355,1.0,0.9880952380952381
18356,1.0,0.9908424908424909
18357,0.6868778,0.13455328310010764
18358,1.0,0.9908424908424909
18359,1.0,0.9908424908424909
18360,1.0,0.14099829351535836
18361,1.0,0.9423247559893523
18362,0.8654579,0.44138913234005256
18363,1.0,0.9908424908424909
18364,1.0,0.5899005355776588
18365,1.0,0.03896103896103896
18366,1.0,0.9908424908424909
18367,1.0,0.9400352733686067
18368,1.0,0.9908424908424909
18369,1.0,0.9908424908424909
18370,0.99989194,0.15492957746478872
18371,1.0,0.9908424908424909
18372,1.0,0.05391953546246371
18373,1.0,0.9225922592259226
18374,1.0,0.9908424908424909
18375,1.0,0.9880952380952381
18376,1.0,0.9764492753623188
18377,1.0,0.95625
18378,1.0,0.9872029250457038
18379,1.0,0.9670631290027447
18380,1.0,0.9124149659863946
18381,1.0,0.9764279238440616
18382,1.0,0.9666966696669667
18383,1.0,0.9908424908424909
18384,1.0,0.9328621908127208
18385,1.0,0.9908424908424909
18386,1.0,0.9880952380952381
18387,1.0,0.9460201280878316
18388,1.0,0.11471491976783885
18389,1.0,0.9908424908424909
18390,1.0,0.9396628216503993
18391,1.0,0.9908424908424909
18392,1.0,0.9908424908424909
18393,1.0,0.9880952380952381
18394,1.0,0.34331337325349304
18395,0.16409573,0.28929618768328447
18396,1.0,0.782375478927203
18397,0.9999917,0.22295081967213115
18398,1.0,0.9953917050691244
18399,1.0,0.9871912168344007
18400,1.0,0.9908424908424909
18401,1.0,0.9641255605381166
18402,1.0,0.9183673469387755
18403,1.0,0.9880952380952381
18404,1.0,0.9908424908424909
18405,1.0,0.10244988864142539
18406,1.0,0.9908424908424909
18407,1.0,0.08132925229558373
18408,1.0,0.9881170018281535
18409,1.0,0.9908424908424909
18410,1.0,0.9908424908424909
18411,1.0,0.9908424908424909
18412,0.99999994,0.12479474548440066
18413,1.0,0.9908424908424909
18414,1.0,0.9908424908424909
18415,1.0,0.9890009165902841
18416,1.0,0.9908424908424909
18417,1.0,0.9954001839926403
18418,1.0,0.18843172331544425
18419,1.0,0.16590794132524025
18420,1.0,0.9908424908424909
18421,1.0,0.9908424908424909
18422,1.0,0.8813131313131313
18423,1.0,0.9908424908424909
18424,1.0,0.10586319218241043
18425,1.0,0.09051490514905149
18426,1.0,0.9908424908424909
18427,1.0,0.10754364089775562
18428,1.0,0.8114285714285714
18429,1.0,0.9908424908424909
18430,1.0,0.9880952380952381
18431,1.0,0.9881061299176578
