BaseFeatureIdx,GeometricSim,FunctionalJaccard
0,0.907173,0.40016433853738703
1,0.7970917,0.19337016574585636
2,0.9827601,0.8724346076458752
3,0.9848749,0.5351851851851852
4,0.73010784,0.19868791002811623
5,0.6960516,0.15846599131693198
6,0.48061,0.7064183835182251
7,0.9346535,0.21703296703296704
8,0.8861715,0.18244069454634385
9,0.8912229,0.19130434782608696
10,0.8549099,0.32983193277310924
11,0.9967635,0.8033744321868916
12,0.9715176,0.6947368421052632
13,0.6245389,0.4863243761996161
14,0.9788607,0.8705244122965642
15,0.9428347,0.3342696629213483
16,0.7885935,0.4049153908138598
17,0.9490945,0.6761464628510487
18,0.7269267,0.021723896285914507
19,0.86672825,0.5053204067155356
20,0.9764547,0.7786780383795309
21,0.81264424,0.23284823284823286
22,0.74165654,0.2144026186579378
23,0.9754347,0.479498861047836
24,0.9870771,0.46218487394957986
25,0.95709574,0.47846332945285214
26,0.9235402,0.49276495893625344
27,0.90826035,0.549279864445072
28,0.9907262,0.465564738292011
29,0.96283174,0.8158613158613158
30,0.82455593,0.2731864095500459
31,0.9670333,0.25757575757575757
32,0.7684508,0.4094616639477977
33,0.84788525,0.16462028194633924
34,0.7700123,0.6531033189574348
35,0.8513812,0.4830142063001853
36,0.8063282,0.0
37,0.91370046,0.38400702987697716
38,0.9931856,0.7058575642646439
39,0.88530946,0.6156245127085608
40,0.77799016,0.2164343360234776
41,0.9766952,0.661705781339439
42,0.76424354,0.08894536213468869
43,0.8002509,0.07659574468085106
44,0.97326016,0.5832475111568829
45,0.9521649,0.5533854166666666
46,0.9924455,0.5963687150837989
47,0.76641864,0.05555555555555555
48,0.86340994,0.14605296991514527
49,0.6401364,0.0
50,0.97682184,0.6971428571428572
51,0.972473,0.47033158813263526
52,0.97650284,0.5649895178197065
53,0.7496276,0.3060836501901141
54,0.71328604,0.05806451612903226
55,0.5226699,0.2948990435706695
56,0.9148017,0.1737766624843162
57,0.9953762,0.8515901060070671
58,0.9316386,0.5531508593252705
59,0.8137818,0.24990035870864885
60,0.65644234,0.09900990099009901
61,0.9713129,0.17269964078474717
62,0.9605558,0.6044198895027625
63,0.9914065,0.5398773006134969
64,0.7462812,0.22687224669603523
65,0.9666679,0.33037037037037037
66,0.87654495,0.7301059958867268
67,0.5884887,0.28349120433017594
68,0.98241884,0.6271409749670619
69,0.89430386,0.18096906012842964
70,0.9497239,0.5510610079575596
71,0.93762237,0.6211786952410967
72,0.9845856,0.33676975945017185
73,0.8877888,0.2739244951712028
74,0.94590205,0.4314397649363369
75,0.9344889,0.5597269624573379
76,0.83100325,0.22797927461139897
77,0.9651184,0.6710013003901171
78,0.9491418,0.36995515695067266
79,0.9846732,0.7120418848167539
80,0.92143303,0.5296025952960259
81,0.9742,0.5467065868263473
82,0.9735691,0.5475910693301997
83,0.9924534,0.7417607223476298
84,0.96503925,0.4518147684605757
85,0.85500723,0.2421135646687697
86,0.9181944,0.3224691358024691
87,0.7679259,0.21022727272727273
88,0.9911582,0.7340050377833753
89,0.61987793,0.09765142150803462
90,0.8537483,0.17063408468506425
91,0.73907226,0.22962962962962963
92,0.8902905,0.15340429126541646
93,0.97877526,0.7450487268154669
94,0.8314077,0.30303030303030304
95,0.9865373,0.686771761480466
96,0.95246565,0.4543726235741445
97,0.9745132,0.6193406593406593
98,0.9300464,0.1699429296131896
99,0.982168,0.6998587570621468
100,0.7948727,0.2553035844915874
101,0.5210763,0.0
102,0.96223027,0.5117581187010078
103,0.7230101,0.3029397110114599
104,0.66882676,0.37433374333743336
105,0.7853494,0.29044117647058826
106,0.8690234,0.3449612403100775
107,0.7739623,0.1806674338319908
108,0.91893595,0.2925311203319502
109,0.9683892,0.3719806763285024
110,0.8251506,0.32
111,0.99091506,0.3890063424947146
112,0.83586,0.6717420510523959
113,0.9858111,0.8576415826221877
114,0.49684536,0.6415191835680145
115,0.9739488,0.39330543933054396
116,0.6834258,0.22018348623853212
117,0.97713834,0.49047282992237123
118,0.90597427,0.4682981090100111
119,0.7359382,0.396584440227704
120,0.9914745,0.03851540616246499
121,0.7445894,0.21694915254237288
122,0.6017823,0.4312224541869636
123,0.5656418,0.06882512601783637
124,0.8944311,0.48465080583269377
125,0.7783237,0.23333333333333334
126,0.7421397,0.13402061855670103
127,0.9794598,0.6312480352090537
128,0.96067715,0.5087040618955513
129,0.9452879,0.3092013078000934
130,0.5702481,0.09327821710999282
131,0.952623,0.3752244165170557
132,0.92663044,0.5459894704242799
133,0.9807748,0.5154061624649859
134,0.84890026,0.49403069926094373
135,0.44255847,0.14020731042007636
136,0.84820044,0.38926174496644295
137,0.9580326,0.8081341911764706
138,0.9300363,0.5368814192343604
139,0.96985835,0.6744989633724948
140,0.97165996,0.6418966737438075
141,0.6869722,0.193033381712627
142,0.8667454,0.12860892388451445
143,0.9594439,0.38497652582159625
144,0.91432,0.42700729927007297
145,0.82582223,0.26685198054204307
146,0.957937,0.5438335809806835
147,0.92962426,0.31840796019900497
148,0.91712075,0.8680651872399445
149,0.9903539,0.7803768680961664
150,0.9247626,0.6933433059087509
151,0.6380548,0.1807044410413476
152,0.7554991,0.1710843373493976
153,0.92467403,0.3511586452762923
154,0.9675397,0.4683982683982684
155,0.625379,0.16666666666666666
156,0.9827757,0.431438127090301
157,0.92941546,0.34205933682373474
158,0.89459157,0.4208400646203554
159,0.97806853,0.5372002820874471
160,0.6378221,0.17789291882556132
161,0.9789542,0.49740932642487046
162,0.87210304,0.22793487574978577
163,0.8061229,0.2398753894080997
164,0.8839085,0.4448780487804878
165,0.9824111,0.2222222222222222
166,0.7897873,0.3039167079821517
167,0.9883204,0.4085603112840467
168,0.9800013,0.896066402020931
169,0.9873651,0.6765375854214123
170,0.8663018,0.16019417475728157
171,0.9326808,0.6578427499012248
172,0.98746544,0.4380165289256198
173,0.99208003,0.8258064516129032
174,0.96589965,0.5138810198300283
175,0.7842709,0.25595539787126204
176,0.9538817,0.6357615894039735
177,0.989066,0.7645678529526789
178,0.9743343,0.616031667491341
179,0.9459517,0.2915373474032692
180,0.9180617,0.5675146771037182
181,0.6028204,0.31731601731601733
182,0.9911787,0.5801526717557252
183,0.871125,0.47776552737963984
184,0.80581766,0.2155688622754491
185,0.5863482,0.11139081183134046
186,0.9570172,0.4014336917562724
187,0.8932748,0.4188562596599691
188,0.94843185,0.7987465181058496
189,0.88790107,0.2723404255319149
190,0.91091126,0.6894923258559622
191,0.9133937,0.5168453292496171
192,0.9867671,0.463768115942029
193,0.56829524,0.5300660410149461
194,0.92023915,0.33
195,0.9843997,0.38
196,0.7590341,0.1130841121495327
197,0.94374,0.46774193548387094
198,0.9840847,0.373134328358209
199,0.80899096,0.24425087108013938
200,0.99418724,0.9619508093336137
201,0.4434774,0.004132231404958678
202,0.8729008,0.34035087719298246
203,0.95435363,0.553704360155973
204,0.9822119,0.7365319865319865
205,0.9766268,0.32116788321167883
206,0.9828387,0.571658615136876
207,0.79853487,0.14842419080068142
208,0.8986342,0.30128205128205127
209,0.7536729,0.09985096870342772
210,0.9088378,0.4355
211,0.9224448,0.5090252707581228
212,0.7515694,0.0709375
213,0.8940273,0.505586592178771
214,0.97144526,0.6306068601583114
215,0.8988302,0.7282876064333018
216,0.6739933,0.8047668393782383
217,0.97938573,0.611439842209073
218,0.8087864,0.7688834154351396
219,0.7729608,0.04672897196261682
220,0.6119401,0.09858323494687131
221,0.8908597,0.1565217391304348
222,0.94064116,0.39913232104121477
223,0.9132908,0.21428571428571427
224,0.9833435,0.7539170506912443
225,0.9578083,0.46774193548387094
226,0.87368524,0.276401384083045
227,0.7883548,0.2813765182186235
228,0.9532689,0.4282560706401766
229,0.5943102,0.08934426229508197
230,0.7467285,0.2823920265780731
231,0.9623793,0.5179526355996944
232,0.9858903,0.7492163009404389
233,0.97399074,0.2600985221674877
234,0.9115597,0.5417156286721504
235,0.95725083,0.29843953185955785
236,0.9572904,0.6226318484383001
237,0.8209429,0.15555555555555556
238,0.5899091,0.03822937625754527
239,0.99093217,0.6131868131868132
240,0.89578575,0.1362126245847176
241,0.6056196,0.1318840579710145
242,0.7156946,0.22857142857142856
243,0.877411,0.1791767554479419
244,0.9636871,0.35639810426540286
245,0.69264966,0.254585881045025
246,0.99253076,0.8822412155745489
247,0.8732043,0.15966386554621848
248,0.906732,0.6527514231499051
249,0.82078844,0.3601694915254237
250,0.95184785,0.3391304347826087
251,0.9769456,0.8602223427331888
252,0.9950327,0.8004731861198738
253,0.866636,0.2581967213114754
254,0.4826326,0.2175414364640884
255,0.85190177,0.2723156532988357
256,0.7288691,0.05714285714285714
257,0.99547094,0.7866884888161484
258,0.904608,0.3273753527751646
259,0.9675657,0.7738893025564656
260,0.760535,0.5057077625570776
261,0.682602,0.07608695652173914
262,0.95845854,0.3858695652173913
263,0.9587479,0.7418979235396856
264,0.9643124,0.5888463641334062
265,0.9581648,0.5512048192771084
266,0.85228485,0.8650528658875904
267,0.99079335,0.359375
268,0.81859255,0.22873658133773742
269,0.8971525,0.27371273712737126
270,0.9927941,0.7990970654627539
271,0.9568673,0.6712121212121213
272,0.8419954,0.09693372898120672
273,0.9538725,0.3409436834094368
274,0.86255974,0.18230659025787965
275,0.97917145,0.48994060164782527
276,0.99162245,0.626984126984127
277,0.9030742,0.6544475775442194
278,0.7776918,0.35185185185185186
279,0.75967395,0.4967201166180758
280,0.8984528,0.46141124586549065
281,0.9554115,0.349609375
282,0.9098523,0.24459876543209877
283,0.6891077,0.1487915407854985
284,0.83533496,0.20625
285,0.9004206,0.3726389638424177
286,0.9896729,0.5306122448979592
287,0.951827,0.5870337477797514
288,0.96884555,0.22330097087378642
289,0.9288108,0.6762062440870388
290,0.7158483,0.5929182509505704
291,0.99063826,0.4758771929824561
292,0.9789894,0.6389388489208633
293,0.98195547,0.911063829787234
294,0.9036995,0.37619553666312433
295,0.97885936,0.9199270220960876
296,0.86399144,0.20087336244541484
297,0.9824669,0.7680652680652681
298,0.9803684,0.6752425137072965
299,0.9800559,0.3865814696485623
300,0.7743975,0.42780172413793105
301,0.9856977,0.6360177552314521
302,0.9966252,0.7569815805109923
303,0.6565857,0.10057288351368555
304,0.9149166,0.8465503104134942
305,0.99167925,0.25692695214105793
306,0.9613471,0.6520423600605144
307,0.87154555,0.20676691729323307
308,0.8373432,0.05575326215895611
309,0.9344247,0.3464864864864865
310,0.95867246,0.8620566105338588
311,0.90694875,0.20116618075801748
312,0.78115666,0.343986543313709
313,0.9677076,0.5530973451327433
314,0.9656096,0.5194256756756757
315,0.98066306,0.7225506756756757
316,0.8767585,0.6168860644575579
317,0.9715217,0.10975609756097561
318,0.9288965,0.046991918587249326
319,0.90145195,0.5256049521665729
320,0.74162763,0.15990453460620524
321,0.95323205,0.3588850174216028
322,0.6597217,0.4836647727272727
323,0.9813917,0.6089676746611054
324,0.60086036,0.27307366638442
325,0.84844375,0.2898550724637681
326,0.902445,0.163727959697733
327,0.95398915,0.44266666666666665
328,0.97979736,0.5760403530895334
329,0.9215912,0.5654174884944115
330,0.9827221,0.5098389982110912
331,0.93924576,0.2016348773841962
332,0.762813,0.43625730994152045
333,0.851733,0.12054329371816638
334,0.9516253,0.4761459307764266
335,0.77383846,0.09975669099756691
336,0.9614997,0.26490066225165565
337,0.98067063,0.6367713004484304
338,0.8647717,0.15432222000399282
339,0.60667443,0.09536082474226804
340,0.7205658,0.16666666666666666
341,0.78894573,0.0481651376146789
342,0.82662624,0.12058130400628436
343,0.92957467,0.42073170731707316
344,0.8629964,0.20324574961360123
345,0.8862677,0.4236747708250299
346,0.9886346,0.8442122186495177
347,0.85025144,0.24816446402349487
348,0.9132765,0.4713780918727915
349,0.99077517,0.2773722627737226
350,0.9633829,0.46221198156682025
351,0.8432501,0.4938181818181818
352,0.94982153,0.5606481481481481
353,0.797276,0.18834080717488788
354,0.94415355,0.586389748121962
355,0.60211116,0.076103500761035
356,0.9844154,0.36229205175600737
357,0.643448,0.09138381201044386
358,0.92285645,0.40766902119071646
359,0.9405463,0.44967880085653106
360,0.39461872,0.0
361,0.60665345,0.4122137404580153
362,0.97893566,0.5667701863354038
363,0.42913082,0.08289054197662062
364,0.6976271,0.06684672518568535
365,0.9725132,0.5493183640737771
366,0.9817397,0.44884488448844884
367,0.9340463,0.2377521613832853
368,0.88845193,0.29304029304029305
369,0.9488309,0.3695299837925446
370,0.78045976,0.29458388375165123
371,0.9864445,0.35964912280701755
372,0.38142762,0.1110299488677867
373,0.79542357,0.33294117647058824
374,0.9735334,0.5792367399741267
375,0.9762128,0.3775862068965517
376,0.40542585,0.2810546344115249
377,0.7543054,0.30372340425531913
378,0.9753123,0.8257715829896174
379,0.9443071,0.8538049303322616
380,0.7655074,0.36750651607298
381,0.3644403,0.028528528528528527
382,0.9185305,0.5044612216884008
383,0.88267434,0.23104693140794225
384,0.71479434,0.29906542056074764
385,0.862116,0.36253041362530414
386,0.91565776,0.18543046357615894
387,0.95289135,0.4318429661941112
388,0.91568637,0.5516304347826086
389,0.87189895,0.37841869716558924
390,0.9904187,0.5247376311844077
391,0.9371791,0.5288990825688074
392,0.91728723,0.425273390036452
393,0.7879878,0.24423337856173677
394,0.8894582,0.2904826341903473
395,0.88083285,0.05904817861339601
396,0.97523797,0.15848214285714285
397,0.9731079,0.48867924528301887
398,0.7040453,0.21153846153846154
399,0.98290485,0.425
400,0.8235385,0.3411513859275053
401,0.87091225,0.29930394431554525
402,0.6015503,0.225114854517611
403,0.65399724,0.0547845142439737
404,0.9632775,0.8373677604446835
405,0.98465496,0.35693215339233036
406,0.9177441,0.5324015247776366
407,0.98799276,0.5153846153846153
408,0.9403768,0.704241389126103
409,0.6324541,0.13377926421404682
410,0.716829,0.37038645245332175
411,0.97239053,0.7797141861275706
412,0.92815083,0.325
413,0.8824932,0.5008058017727639
414,0.9955567,0.889821029082774
415,0.9606023,0.41965973534971646
416,0.86454546,0.4227416798732171
417,0.900325,0.034047226798462386
418,0.9556202,0.4899244332493703
419,0.96357256,0.3704115684093437
420,0.608724,0.21301551267499055
421,0.9546767,0.5874799357945425
422,0.7827365,0.0
423,0.9734239,0.4739413680781759
424,0.97851217,0.35887850467289717
425,0.99062604,0.3869565217391304
426,0.9778576,0.4773413897280967
427,0.8773924,0.3939685595123516
428,0.97862554,0.546485260770975
429,0.9235925,0.5971410006497726
430,0.88005483,0.38175122749590834
431,0.98615396,0.6243291592128801
432,0.99348086,0.8674948240165632
433,0.98856086,0.6086956521739131
434,0.9545291,0.5624615384615385
435,0.8704901,0.15555555555555556
436,0.9048906,0.30785123966942146
437,0.46709216,0.3077038145100972
438,0.8061035,0.4497941083306937
439,0.96523005,0.6135565757493924
440,0.91164047,0.3767441860465116
441,0.745081,0.13816280806572068
442,0.841334,0.13799551234106208
443,0.94019145,0.6541095890410958
444,0.98387563,0.5190944881889764
445,0.73977643,0.22640345465761874
446,0.9647336,0.4407114624505929
447,0.9696952,0.5272206303724928
448,0.9258578,0.45339757434789835
449,0.42822236,0.27822944896115626
450,0.97382677,0.8438463694981777
451,0.88870263,0.39004312034496275
452,0.9437787,0.5369718309859155
453,0.8677076,0.5887760038703435
454,0.9738768,0.38002154840695707
455,0.98493576,0.5545454545454546
456,0.9198753,0.3601823708206687
457,0.9849778,0.5316455696202531
458,0.9917733,0.849624060150376
459,0.565137,0.30210970464135023
460,0.95071906,0.4983621899859616
461,0.5791125,0.07745358090185676
462,0.9708216,0.3864937046928653
463,0.75809634,0.31975683890577505
464,0.9896544,0.6888888888888889
465,0.9367619,0.4527744982290437
466,0.92141813,0.21671722278395686
467,0.9917866,0.799749687108886
468,0.8577223,0.2766773162939297
469,0.96093583,0.6506378802747792
470,0.9819469,0.7785529715762274
471,0.99609804,0.7265415549597856
472,0.68054986,0.13129102844638948
473,0.808341,0.3607125185551707
474,0.9305231,0.3658787255909558
475,0.9960319,0.8056083650190115
476,0.97951424,0.5162907268170426
477,0.77036035,0.2615062761506276
478,0.9003107,0.4538860103626943
479,0.7678984,0.32006726457399104
480,0.96396255,0.4497354497354497
481,0.690733,0.3057784911717496
482,0.99020934,0.47512437810945274
483,0.861584,0.19468186134852802
484,0.8913054,0.2740076824583867
485,0.932822,0.41836734693877553
486,0.89951235,0.4585635359116022
487,0.94023615,0.46865671641791046
488,0.97677416,0.41019417475728154
489,0.7240577,0.4152941176470588
490,0.98044074,0.22147001934235977
491,0.73590416,0.046153846153846156
492,0.9105563,0.965956512189765
493,0.87348735,0.34101382488479265
494,0.98353523,0.2694063926940639
495,0.9413029,0.40182969739619984
496,0.9928253,0.8367539069855018
497,0.93674874,0.4448727833461835
498,0.99038464,0.3626760563380282
499,0.917144,0.30473511486169713
500,0.38531643,0.02553641583559988
501,0.97693586,0.5853350189633375
502,0.98856497,0.5984674329501916
503,0.9848429,0.5641605426794799
504,0.89664304,0.5156826568265682
505,0.98869735,0.9506421556283052
506,0.81811243,0.35097493036211697
507,0.9664116,0.5428571428571428
508,0.84258515,0.35947452229299365
509,0.9456982,0.6000419903422213
510,0.9741495,0.2773892773892774
511,0.77488965,0.20175438596491227
512,0.97861516,0.5583524027459954
513,0.8517908,0.4194429273620972
514,0.5809003,0.18619246861924685
515,0.8249473,0.2799586776859504
516,0.85258716,0.45886561062851305
517,0.91219324,0.38278008298755184
518,0.9248143,0.3191401405539479
519,0.98999643,0.5595567867036011
520,0.8807612,0.5350571854798608
521,0.9866316,0.5640750670241287
522,0.98853254,0.8102272727272727
523,0.78227395,0.27879103699843666
524,0.84460986,0.26605876393110434
525,0.8376322,0.3724279835390947
526,0.8224104,0.13186813186813187
527,0.9915995,0.6005917159763313
528,0.9572597,0.48659003831417624
529,0.9090965,0.11375661375661375
530,0.88615817,0.49813510153336094
531,0.69209194,0.13136456211812628
532,0.9338617,0.38828880045480385
533,0.80303514,0.21361618154908732
534,0.9355776,0.6804677623261695
535,0.97232956,0.831714527027027
536,0.9450652,0.3254237288135593
537,0.95641905,0.59211337030191
538,0.32976627,0.26613172851889
539,0.8494327,0.04381846635367762
540,0.46572617,0.0392156862745098
541,0.76329553,0.30809128630705396
542,0.9823958,0.8066825775656324
543,0.68563414,0.37527716186252774
544,0.97437596,0.754325259515571
545,0.85751015,0.36645962732919257
546,0.88897884,0.3771551724137931
547,0.97704595,0.09002217294900222
548,0.94818145,0.3370913190529876
549,0.6044452,0.2851832182687201
550,0.97517544,0.4383561643835616
551,0.9482946,0.4090909090909091
552,0.6666796,0.1676168757126568
553,0.6678122,0.19205298013245034
554,0.8949789,0.5405405405405406
555,0.9740992,0.7155245706512497
556,0.9232699,0.08683853459972862
557,0.9763056,0.29946808510638295
558,0.8362645,0.3404255319148936
559,0.8458571,0.24600638977635783
560,0.9851867,0.23646532438478748
561,0.9219479,0.48124557678697805
562,0.66440624,0.01723147616312464
563,0.66751367,0.4276315789473684
564,0.98420095,0.2422360248447205
565,0.6917836,0.30045610034207526
566,0.99301374,0.7347878787878788
567,0.932651,0.17767295597484276
568,0.9553414,0.304
569,0.8291824,0.1171993911719939
570,0.72594786,0.16496708403252872
571,0.9780627,0.562464669304692
572,0.89015377,0.37265787647467036
573,0.99280006,0.3857566765578635
574,0.7707851,0.07453416149068323
575,0.9909703,0.6221610461114935
576,0.6526212,0.2193771626297578
577,0.904762,0.540720961281709
578,0.6762205,0.13716295427901523
579,0.9473167,0.30129390018484287
580,0.9038998,0.40848990953375086
581,0.98746854,0.5866726031463342
582,0.961802,0.8885842960642256
583,0.9855211,0.0768514205868654
584,0.95559233,0.09863945578231292
585,0.8856746,0.31150550795593634
586,0.91226894,0.6120144534778681
587,0.9718772,0.7028048537895365
588,0.905341,0.5700461842973389
589,0.26524633,0.5238534224475686
590,0.9533854,0.12065439672801637
591,0.92657447,0.24338624338624337
592,0.67015207,0.14554579673776663
593,0.92149115,0.4735758407687028
594,0.7185094,0.3598639455782313
595,0.9869967,0.4788135593220339
596,0.9902318,0.6119402985074627
597,0.34166324,0.014829461196243203
598,0.7806413,0.1624087591240876
599,0.96606445,0.9077627832115884
600,0.95026374,0.5676767676767677
601,0.94314605,0.2428306168764184
602,0.9586928,0.6973344797936372
603,0.9922853,0.8175074183976261
604,0.9332203,0.38191881918819187
605,0.75578964,0.02278481012658228
606,0.92704237,0.29160063391442154
607,0.91557527,0.23853211009174313
608,0.6132395,0.13685113685113684
609,0.68966913,0.12844036697247707
610,0.829474,0.2712727272727273
611,0.9831605,0.23423423423423423
612,0.9350284,0.4652777777777778
613,0.9524914,0.07093821510297482
614,0.6022338,0.0
615,0.98096263,0.8460869565217392
616,0.95813,0.6153061224489796
617,0.97858435,0.4897196261682243
618,0.9806271,0.4419753086419753
619,0.9785862,0.27917981072555204
620,0.94679546,0.2803203661327231
621,0.91374767,0.9492085991022915
622,0.98457915,0.3875432525951557
623,0.85893124,0.33783783783783783
624,0.9856387,0.5974358974358974
625,0.96612763,0.8138655462184874
626,0.9592773,0.6890415235716516
627,0.7752362,0.16279069767441862
628,0.67676324,0.5606564187785625
629,0.9893766,0.5954545454545455
630,0.93770194,0.6480891719745223
631,0.98697865,0.4057971014492754
632,0.9721038,0.5486685032139578
633,0.97633904,0.21207177814029363
634,0.69168913,0.008695652173913044
635,0.8795378,0.5442028985507247
636,0.9750012,0.5084057971014493
637,0.9611657,0.5640473627556513
638,0.975971,0.5508905852417303
639,0.6525046,0.22770663562281723
640,0.9679992,0.20477815699658702
641,0.7415217,0.29764065335753176
642,0.85006976,0.19405940594059407
643,0.9796452,0.5821428571428572
644,0.916991,0.09234828496042216
645,0.9762731,0.6261101243339254
646,0.9941641,0.5169082125603864
647,0.568032,0.26199057388411423
648,0.973744,0.48558421851289835
649,0.97544944,0.6478555304740407
650,0.8077546,0.10703666997026759
651,0.97578156,0.40114613180515757
652,0.76161903,0.11772400261608895
653,0.97783935,0.3808705612829324
654,0.6621778,0.18882363409859407
655,0.9588941,0.44711538461538464
656,0.96328217,0.49794238683127573
657,0.8426205,0.3153241650294695
658,0.94248575,0.4281767955801105
659,0.8024413,0.29451137884872824
660,0.96584576,0.5681134507950151
661,0.6879749,0.2098138747884941
662,0.9361337,0.3949169110459433
663,0.8415011,0.4117647058823529
664,0.7573965,0.34108527131782945
665,0.6035904,0.14621893178212586
666,0.9555094,0.512
667,0.889959,0.32239208633093525
668,0.9801094,0.47
669,0.92628455,0.7210282343025706
670,0.9560355,0.25274725274725274
671,0.93869925,0.5485523955931335
672,0.8930676,0.3948908994145822
673,0.70293677,0.17155543595263725
674,0.9898535,0.4819277108433735
675,0.7965479,0.46588486140724944
676,0.7212922,0.15139442231075698
677,0.7235837,0.7269568771714694
678,0.96397203,0.8529585798816568
679,0.9372514,0.5851021225470565
680,0.9399285,0.5305062743401125
681,0.78211874,0.4293915040183697
682,0.8173789,0.01989808298956564
683,0.950735,0.5111111111111111
684,0.94309705,0.5789200415368639
685,0.6637583,0.10135135135135136
686,0.74920857,0.10198398886181692
687,0.97312504,0.5354330708661418
688,0.92367554,0.1871584699453552
689,0.88147223,0.1459635770589834
690,0.8844327,0.5543478260869565
691,0.87671316,0.18188679245283018
692,0.72847956,0.3426636568848758
693,0.67072713,0.1255539143279173
694,0.96945566,0.6224098234842671
695,0.95591193,0.30711610486891383
696,0.72451556,0.19515151515151516
697,0.87998754,0.38193018480492813
698,0.5308165,0.2036727879799666
699,0.7984325,0.266199649737303
700,0.9662269,0.5898097387939374
701,0.9175106,0.278125
702,0.7083236,0.28180737217598095
703,0.88374716,0.7625145518044237
704,0.99664146,0.7568318666049096
705,0.8566085,0.4737893160259611
706,0.86421216,0.3930131004366812
707,0.98170406,0.4572564612326044
708,0.9503655,0.5390408244153785
709,0.74748397,0.12343864805290228
710,0.6647786,0.09322033898305085
711,0.74747664,0.27873824689111315
712,0.8152259,0.09047365620010644
713,0.8894138,0.18292682926829268
714,0.97028184,0.48936170212765956
715,0.9271163,0.5062738679759956
716,0.9878235,0.8721656846991609
717,0.6116751,0.2502446982055465
718,0.9795676,0.5762463343108505
719,0.90702486,0.5092918131592165
720,0.9434883,0.5612612612612613
721,0.96814233,0.5309278350515464
722,0.99076873,0.6366919465511015
723,0.9862115,0.47591522157996147
724,0.8516779,0.20447641886490808
725,0.6177767,0.4695295794725588
726,0.9828203,0.8830973830973831
727,0.85882294,0.33497536945812806
728,0.8513329,0.5785282811641955
729,0.935247,0.0727075420510038
730,0.8358274,0.286783042394015
731,0.6321294,0.2840119165839126
732,0.95889,0.446865392327229
733,0.8343031,0.0
734,0.66097724,0.25589419206440484
735,0.9536348,0.21621621621621623
736,0.98623836,0.5745672436750998
737,0.95025986,0.7176375404530745
738,0.96140796,0.61
739,0.78867424,0.04050632911392405
740,0.9507016,0.3368055555555556
741,0.9493147,0.6397567044512027
742,0.9735743,0.1294703485740154
743,0.9827584,0.7285353535353535
744,0.94431657,0.46567164179104475
745,0.9780119,0.4018867924528302
746,0.9611494,0.305993690851735
747,0.9823539,0.2964824120603015
748,0.8417655,0.3124548736462094
749,0.9834626,0.5064935064935064
750,0.7122477,0.011271504844769626
751,0.65676343,0.12872467222884387
752,0.9110449,0.27579908675799086
753,0.6548375,0.0
754,0.6932694,0.13257575757575757
755,0.9408035,0.551907514450867
756,0.98151374,0.5882019285309132
757,0.5240465,0.11163153786104606
758,0.9605525,0.5445339470655927
759,0.83058053,0.3420707732634338
760,0.9915145,0.6101910828025477
761,0.71658397,0.054140127388535034
762,0.9859045,0.5157384987893463
763,0.94278026,0.3694344163658243
764,0.93382674,0.5676229508196722
765,0.9552869,0.5658012533572068
766,0.9824479,0.7564040599323345
767,0.9685288,0.43902439024390244
768,0.9761444,0.6235929761368753
769,0.9390479,0.4798255179934569
770,0.9914137,0.4807692307692308
771,0.9968119,0.5539809327492914
772,0.930172,0.3559322033898305
773,0.83015925,0.4524324324324324
774,0.8102326,0.2950980392156863
775,0.9891302,0.6794520547945205
776,0.7598626,0.20528211284513806
777,0.63795185,0.05891238670694864
778,0.7977825,0.18253968253968253
779,0.9591166,0.5382215288611545
780,0.8085935,0.19538670284938942
781,0.5918719,0.17347622237106497
782,0.6879303,0.25251256281407036
783,0.9190253,0.4654963680387409
784,0.79453874,0.3541666666666667
785,0.82070893,0.1365946632782719
786,0.9317227,0.45874587458745875
787,0.613448,0.25069637883008355
788,0.798393,0.1824561403508772
789,0.6215122,0.0
790,0.81241816,0.06460875807609476
791,0.6464327,0.22142857142857142
792,0.88188255,0.6580759831148634
793,0.91328967,0.2467755803955288
794,0.7402805,0.031007751937984496
795,0.8387124,0.6262264150943396
796,0.9844811,0.42955326460481097
797,0.95299065,0.6428034290870808
798,0.6205656,0.4941136324859239
799,0.8202494,0.272108843537415
800,0.7622876,0.19809069212410502
801,0.8127635,0.08732057416267942
802,0.9678303,0.5511869436201781
803,0.67981505,0.07807981492192019
804,0.93858474,0.3405639913232104
805,0.8470181,0.36860795454545453
806,0.8765114,0.42090656799259946
807,0.96970433,0.5376940133037694
808,0.64735407,0.2752538749331908
809,0.8506128,0.034482758620689655
810,0.9343892,0.35543766578249336
811,0.8767461,0.291358024691358
812,0.8870212,0.3418467583497053
813,0.98952514,0.8685714285714285
814,0.9002755,0.3183098591549296
815,0.91706574,0.5704286964129484
816,0.92880386,0.19583333333333333
817,0.9562725,0.417
818,0.81418663,0.3321899736147757
819,0.5373238,0.32453271028037384
820,0.97873014,0.722707423580786
821,0.97398686,0.5435056746532156
822,0.72688746,0.325085910652921
823,0.9650875,0.6374881065651761
824,0.98130244,0.6744652406417112
825,0.90871876,0.21745152354570638
826,0.7095528,0.25075075075075076
827,0.9490714,0.6544117647058824
828,0.6673203,0.16938110749185667
829,0.9898451,0.9863477827603389
830,0.8750883,0.44944178628389153
831,0.9660407,0.6040523427606586
832,0.9739219,0.6133933595948228
833,0.88460237,0.6316498316498317
834,0.87275726,0.19782707107288366
835,0.8699435,0.4318181818181818
836,0.9802379,0.5877862595419847
837,0.969906,0.5562539283469516
838,0.649798,0.19848771266540643
839,0.87769777,0.24240545567265964
840,0.94930214,0.7213695395513577
841,0.94849986,0.05126118795768918
842,0.9826064,0.5772034459907224
843,0.97708267,0.5668508287292817
844,0.8836283,0.41363211951447243
845,0.71199036,0.0711743772241993
846,0.97492445,0.47340980187695514
847,0.9718835,0.9029428961216137
848,0.6950053,0.2169811320754717
849,0.98172283,0.6048484848484849
850,0.9425535,0.5196078431372549
851,0.7977344,0.5265200517464425
852,0.7053118,0.693304535637149
853,0.9902517,0.5923645320197044
854,0.95386016,0.6616766467065869
855,0.6803358,0.16261398176291794
856,0.68250746,0.1282101167315175
857,0.9760522,0.6555819477434679
858,0.8894557,0.2718168812589413
859,0.98557186,0.43103448275862066
860,0.93997586,0.7358742895352725
861,0.9201454,0.06681190994916485
862,0.91249645,0.2619047619047619
863,0.9811206,0.528169014084507
864,0.9863351,0.5727002967359051
865,0.9585024,0.1107732406602954
866,0.67329705,0.21814006888633755
867,0.81816506,0.6060054595086443
868,0.9871127,0.5138888888888888
869,0.59259605,0.6384364820846905
870,0.8803019,0.1437908496732026
871,0.9774386,0.6409010600706714
872,0.9406653,0.3701536210680322
873,0.9601463,0.5700934579439252
874,0.9178119,0.3169811320754717
875,0.8980214,0.3238369053842133
876,0.9793144,0.18248175182481752
877,0.885978,0.6339937434827946
878,0.95895797,0.5888985255854293
879,0.98999536,0.4117647058823529
880,0.9962075,0.744263862332696
881,0.94980615,0.5623931623931624
882,0.6957842,0.28730964467005077
883,0.97613907,0.634320735444331
884,0.85864127,0.1348314606741573
885,0.9852618,0.5292620865139949
886,0.60265446,0.09113796576032225
887,0.8785543,0.3253408556652562
888,0.9099164,0.4079601990049751
889,0.84963953,0.11764705882352941
890,0.8889619,0.25241675617615467
891,0.82121974,0.2696629213483146
892,0.9897293,0.4897360703812317
893,0.61506313,0.2544052863436123
894,0.9113891,0.19573170731707318
895,0.694963,0.16120906801007556
896,0.97938114,0.7436861902203117
897,0.96956784,0.5898305084745763
898,0.73871166,0.3332146671413314
899,0.8464804,0.24839400428265523
900,0.9807893,0.6792176039119805
901,0.92004716,0.46866597724922443
902,0.95017964,0.5677966101694916
903,0.8461974,0.30344827586206896
904,0.7511292,0.17137602407624142
905,0.8730056,0.275609756097561
906,0.9791438,0.6166822867853796
907,0.9516678,0.4024122807017544
908,0.7775621,0.51209341117598
909,0.9637295,0.3489736070381232
910,0.9873588,0.4641025641025641
911,0.8738425,0.28410625844214316
912,0.96091866,0.621380846325167
913,0.94076574,0.30655737704918035
914,0.98077744,0.5255813953488372
915,0.8061137,0.308529945553539
916,0.8856152,0.5128983308042488
917,0.91922545,0.5738808481992596
918,0.9647331,0.5114068441064639
919,0.945754,0.43575418994413406
920,0.98341334,0.840958605664488
921,0.9784328,0.5879629629629629
922,0.9839161,0.3590285110876452
923,0.95453906,0.034782608695652174
924,0.8576703,0.2839378238341969
925,0.9436001,0.2754524886877828
926,0.92945313,0.7891110510672791
927,0.90103614,0.19224924012158054
928,0.92809683,0.3360323886639676
929,0.9843527,0.7549450549450549
930,0.98437625,0.45517241379310347
931,0.9791653,0.2776470588235294
932,0.72439116,0.22934648581997533
933,0.7948537,0.18980667838312829
934,0.767931,0.0830188679245283
935,0.8244329,0.6969756097560975
936,0.83996046,0.1093969144460028
937,0.62733775,0.4158415841584158
938,0.9542912,0.6704855428259684
939,0.98763186,0.5663716814159292
940,0.9649814,0.5628058727569332
941,0.7666072,0.11702127659574468
942,0.981985,0.5949506037321625
943,0.90285426,0.9495466170657987
944,0.9395355,0.45492839090143217
945,0.95197415,0.551622418879056
946,0.94592005,0.9094811496827174
947,0.9939176,0.869380028395646
948,0.880738,0.4787234042553192
949,0.7421382,0.1621271076523995
950,0.95346373,0.3994082840236686
951,0.88695914,0.2219675599435825
952,0.8683557,0.30480833893745796
953,0.7660983,0.3366651522035438
954,0.9429455,0.4207650273224044
955,0.97927,0.6287215411558669
956,0.98967177,0.7288428324697754
957,0.9525738,0.598114824335904
958,0.9916222,0.3962962962962963
959,0.9645249,0.3421985815602837
960,0.92763436,0.41788743253662297
961,0.9618476,0.4310710498409332
962,0.8058622,0.274672187715666
963,0.99897,0.9968402574605032
964,0.9755304,0.4
965,0.7096216,0.2268041237113402
966,0.987895,0.05439056356487549
967,0.88695836,0.18019257221458046
968,0.9776734,0.5149006622516556
969,0.9869993,0.7846930193439865
970,0.9698492,0.4824022346368715
971,0.9919805,0.9739566307072028
972,0.55701226,0.01662510390689942
973,0.7409874,0.7953852851545494
974,0.9621387,0.49858109583060467
975,0.9491964,0.2504
976,0.96834236,0.4123076923076923
977,0.7981797,0.3302411873840445
978,0.7203873,0.3008631319358816
979,0.8424592,0.24709167054443928
980,0.9745808,0.5130111524163569
981,0.78836626,0.3575337468077344
982,0.86530364,0.20245398773006135
983,0.7340923,0.0
984,0.74558985,0.20031796502384738
985,0.8744454,0.20092112838226828
986,0.6860639,0.08385598141695702
987,0.94988215,0.4542020774315392
988,0.9582158,0.4075792730085073
989,0.9201323,0.0008282716731087797
990,0.7537274,0.03159692570452605
991,0.6797587,0.2
992,0.77623045,0.14814814814814814
993,0.89981824,0.3409090909090909
994,0.9406008,0.4533762057877814
995,0.9638843,0.3437209302325581
996,0.94421715,0.5420765027322404
997,0.97494304,0.5324594257178527
998,0.46258706,0.06178489702517163
999,0.9555222,0.7480304077401521
1000,0.9719161,0.9097643097643098
1001,0.68477654,0.0
1002,0.7602456,0.16751269035532995
1003,0.7771892,0.030918980818780417
1004,0.7018775,0.26738934056007224
1005,0.7820053,0.2165757162346521
1006,0.94437844,0.6570820021299254
1007,0.46568236,0.1995827538247566
1008,0.81845295,0.3995749202975558
1009,0.9787857,0.5022321428571429
1010,0.9824608,0.5986145069274653
1011,0.75158393,0.33720087019579403
1012,0.89334464,0.34959734722880154
1013,0.6248801,0.08643815201192251
1014,0.74078345,0.16129032258064516
1015,0.7240482,0.0729967069154775
1016,0.9466136,0.643956043956044
1017,0.7065047,0.2107668867445404
1018,0.7906122,0.10411810411810411
1019,0.7827894,0.2725546058879392
1020,0.9384302,0.18556701030927836
1021,0.6803652,0.19782608695652174
1022,0.98512477,0.6241758241758242
1023,0.94397455,0.47423887587822017
1024,0.9869541,0.6110154905335629
1025,0.97550786,0.6639760147601476
1026,0.935774,0.45634920634920634
1027,0.94104964,0.632183908045977
1028,0.7661857,0.15824175824175823
1029,0.95830464,0.5934782608695652
1030,0.98245484,0.34763948497854075
1031,0.7461864,0.2218334499650105
1032,0.98955065,0.7055121113866107
1033,0.8735226,0.23491027732463296
1034,0.87371045,0.48115746971736206
1035,0.9414967,0.621867881548975
1036,0.91781306,0.37035358114233907
1037,0.9839701,0.4821882951653944
1038,0.77065617,0.1253883710608078
1039,0.9837224,0.8635305076851421
1040,0.9016117,0.2846153846153846
1041,0.3853827,0.003227107704719645
1042,0.98279387,0.6682408500590319
1043,0.7264821,0.04601479046836483
1044,0.86511695,0.20352564102564102
1045,0.97180134,0.48050682261208577
1046,0.9084929,0.3462532299741602
1047,0.96684474,0.4917541229385307
1048,0.9776287,0.9048265460030166
1049,0.95363635,0.756312625250501
1050,0.7259974,0.14513556618819776
1051,0.97648126,0.7894736842105263
1052,0.672329,0.03125
1053,0.97919446,0.49396267837541163
1054,0.87881255,0.43602573266619016
1055,0.9295286,0.5332252836304701
1056,0.9677186,0.25689404934687954
1057,0.53402525,0.05580110497237569
1058,0.91753525,0.8848821081830791
1059,0.9491912,0.34267413931144913
1060,0.54718995,0.21607955503118154
1061,0.8825602,0.45364536453645365
1062,0.8318717,0.4837465564738292
1063,0.9895882,0.6787003610108303
1064,0.8862961,0.5394514053504911
1065,0.9489236,0.5635802469135802
1066,0.7101082,0.20222929936305734
1067,0.7980743,0.3403887688984881
1068,0.93085486,0.6396951040750513
1069,0.9312967,0.21818497913769125
1070,0.9691127,0.5394736842105263
1071,0.95305586,0.4720930232558139
1072,0.98158,0.47009735744089015
1073,0.7268511,0.02707092582566324
1074,0.849847,0.19690721649484536
1075,0.9447158,0.5284327323162274
1076,0.6611704,0.15555555555555556
1077,0.9901947,0.5080645161290323
1078,0.90399325,0.6
1079,0.6231704,0.21149289099526067
1080,0.98214585,0.9399909760866295
1081,0.53562224,0.14010507880910683
1082,0.9755377,0.9073204419889502
1083,0.9402081,0.6348295646304422
1084,0.72443885,0.25356576862123614
1085,0.7846579,0.14
1086,0.7351335,0.20568647540983606
1087,0.98615205,0.7385786802030457
1088,0.98093075,0.846214719071485
1089,0.9443654,0.33570581257413995
1090,0.9830518,0.40271493212669685
1091,0.8509614,0.4868421052631579
1092,0.92909014,0.4621668099742046
1093,0.960852,0.46464646464646464
1094,0.9863678,0.8304401735895847
1095,0.98660994,0.628140703517588
1096,0.9841059,0.5938628158844765
1097,0.7112079,0.5030631479736098
1098,0.6040554,0.1239193083573487
1099,0.7808083,0.4097639055622249
1100,0.74359286,0.2622641509433962
1101,0.97666335,0.8270435201541674
1102,0.9910696,0.6909350463954318
1103,0.5907792,0.2844574780058651
1104,0.9414346,0.30287859824780977
1105,0.74761826,0.2669983416252073
1106,0.97742254,0.4900662251655629
1107,0.9882,0.5603864734299517
1108,0.97126144,0.3641304347826087
1109,0.8447386,0.36541430777148737
1110,0.66513634,0.15487571701720843
1111,0.9938059,0.6752
1112,0.93195665,0.16564073866815893
1113,0.99339664,0.7387437465258477
1114,0.9877694,0.6333246278401672
1115,0.95130086,0.4038095238095238
1116,0.97690284,0.7428038379530917
1117,0.78371495,0.33353733170134636
1118,0.4760812,0.04291497975708502
1119,0.9672038,0.4911116378288694
1120,0.95773554,0.832726610848198
1121,0.56518114,0.019792648444863337
1122,0.7830149,0.277992277992278
1123,0.99471384,0.6303747534516765
1124,0.7821933,0.2702485966319166
1125,0.9332875,0.4
1126,0.97727644,0.4045936395759717
1127,0.92407256,0.10930576070901034
1128,0.99569637,0.7493131868131868
1129,0.7408539,0.01834862385321101
1130,0.9521888,0.5473731477323754
1131,0.50425416,0.08526713437668645
1132,0.7703163,0.6945134341837886
1133,0.9187404,0.5146286571642911
1134,0.86859727,0.13183183183183184
1135,0.8764574,0.6380208333333334
1136,0.95451105,0.6047950502706884
1137,0.65637404,0.34143583945732053
1138,0.5940311,0.0855397148676171
1139,0.9862102,0.4678492239467849
1140,0.99692506,0.8964799394398183
1141,0.85277677,0.3874560375146542
1142,0.75599927,0.34266236096160746
1143,0.8686128,0.5499726925177498
1144,0.8447708,0.47843734145104005
1145,0.7419317,0.022204806687565307
1146,0.95283866,0.06515885837372105
1147,0.9728537,0.5688754467968106
1148,0.96582174,0.3946540880503145
1149,0.9742,0.519916142557652
1150,0.9771737,0.4409090909090909
1151,0.9499065,0.47795414462081126
1152,0.64888674,0.008578168561012223
1153,0.93315923,0.04878048780487805
1154,0.98698044,0.6673728813559322
1155,0.817531,0.3396349413298566
1156,0.906927,0.210896309314587
1157,0.43063703,0.20763723150357996
1158,0.9639717,0.38823529411764707
1159,0.938298,0.4309623430962343
1160,0.97834146,0.1497584541062802
1161,0.8517907,0.2672858617131063
1162,0.6102467,0.46575787082116193
1163,0.9038916,0.22866894197952217
1164,0.7745207,0.11278195488721804
1165,0.81054664,0.17309875141884223
1166,0.88796055,0.4385201305767138
1167,0.8472717,0.40436746987951805
1168,0.9835774,0.5805555555555556
1169,0.90782726,0.4817548175481755
1170,0.97137725,0.8575233022636485
1171,0.89099187,0.4535472972972973
1172,0.8767168,0.5171035095513106
1173,0.63080466,0.06451612903225806
1174,0.97906613,0.7665198237885462
1175,0.5649141,0.1067853170189099
1176,0.9777365,0.5416666666666666
1177,0.73948294,0.06502242152466367
1178,0.9794561,0.3854166666666667
1179,0.98486954,0.6541889483065954
1180,0.7605035,0.23296703296703297
1181,0.94530255,0.4225352112676056
1182,0.80221254,0.10483870967741936
1183,0.94214123,0.4260731319554849
1184,0.9813845,0.4634146341463415
1185,0.75727,0.1434468524251806
1186,0.7736275,0.34015927189988626
1187,0.88171685,0.4386252045826514
1188,0.4888581,0.1455160744500846
1189,0.97723204,0.441747572815534
1190,0.4068262,0.07126258714175059
1191,0.9521151,0.36082474226804123
1192,0.8240094,0.7102003364428812
1193,0.83766156,0.1395096550227815
1194,0.84413785,0.1226158038147139
1195,0.8444297,0.8626562783112883
1196,0.46893728,0.0024971187091817133
1197,0.75175613,0.016844833171363784
1198,0.9732565,0.7417869204789683
1199,0.93666875,0.39603960396039606
1200,0.8275707,0.2907216494845361
1201,0.79920626,0.5752136752136752
1202,0.6531489,0.25625
1203,0.9912586,0.5516564417177914
1204,0.89887124,0.23148148148148148
1205,0.9299765,0.14285714285714285
1206,0.8487004,0.2300556586270872
1207,0.9468613,0.24074570815450644
1208,0.78591955,0.24851190476190477
1209,0.71069396,0.39953271028037385
1210,0.9692113,0.5002182453077259
1211,0.9536046,0.4052757793764988
1212,0.97348076,0.40193370165745856
1213,0.85577756,0.30409356725146197
1214,0.98838866,0.38372093023255816
1215,0.6415998,0.22149673530889
1216,0.9569123,0.5290519877675841
1217,0.9501327,0.16794625719769674
1218,0.966117,0.5332337565347274
1219,0.9007164,0.7588821490467937
1220,0.97411907,0.5139353400222966
1221,0.89095396,0.1908244680851064
1222,0.7510731,0.19324244220509781
1223,0.5502271,0.18668252080856124
1224,0.91442895,0.3513753327417924
1225,0.64444584,0.08667736757624397
1226,0.8058288,0.27034323177786346
1227,0.8296319,0.2580101180438449
1228,0.9887441,0.6943150046598322
1229,0.98064864,0.570509648688768
1230,0.899258,0.24935289042277825
1231,0.98166585,0.49477351916376305
1232,0.7787554,0.43647234678624813
1233,0.9885773,0.7941701368233195
1234,0.92872614,0.41825307950727886
1235,0.62432384,0.0740072202166065
1236,0.94456905,0.2982456140350877
1237,0.9490136,0.427536231884058
1238,0.98917764,0.4768211920529801
1239,0.7616628,0.04713804713804714
1240,0.93184465,0.41032608695652173
1241,0.9846479,0.5278884462151394
1242,0.93145114,0.42857142857142855
1243,0.92431444,0.15837796480489671
1244,0.74247605,0.13932526397115633
1245,0.99213827,0.3883495145631068
1246,0.9746324,0.45931758530183725
1247,0.6381875,0.09977827050997783
1248,0.80000514,0.0
1249,0.97067565,0.4169054441260745
1250,0.77793473,0.20565832426550598
1251,0.9904501,0.5884543761638734
1252,0.98413354,0.8616352201257862
1253,0.8316134,0.035168195718654434
1254,0.6192605,0.11958266452648475
1255,0.8638885,0.043478260869565216
1256,0.73021543,0.21644883646796304
1257,0.8099929,0.2755905511811024
1258,0.95739514,0.6921430755120758
1259,0.9807101,0.45473684210526316
1260,0.9477678,0.3738819320214669
1261,0.94278204,0.7890451517394522
1262,0.945906,0.26870474658085275
1263,0.9991118,0.9926829268292683
1264,0.7955997,0.5794009911656971
1265,0.9972069,0.7961992136304062
1266,0.9801863,0.4509493670886076
1267,0.9593081,0.3974010275007555
1268,0.6466678,0.18210609659540775
1269,0.9887502,0.60498687664042
1270,0.70119715,0.25439882697947214
1271,0.9753554,0.49504950495049505
1272,0.9878164,0.4251968503937008
1273,0.7308782,0.09268514311676511
1274,0.80518717,0.6846738695478192
1275,0.96644443,0.7258933918945898
1276,0.7953455,0.06909462219196733
1277,0.932624,0.8396137541215262
1278,0.652586,0.18566775244299674
1279,0.9883064,0.2796610169491525
1280,0.9066898,0.44734876773711724
1281,0.9555188,0.5239294710327456
1282,0.9755321,0.4444444444444444
1283,0.9812167,0.7334070796460177
1284,0.78368706,0.3687746119990734
1285,0.98400146,0.36046511627906974
1286,0.9469032,0.4790257104194858
1287,0.8445124,0.33059548254620125
1288,0.90227336,0.04018667358050298
1289,0.7608551,0.660639246147969
1290,0.7098707,0.19542857142857142
1291,0.97688764,0.5810126582278481
1292,0.9693599,0.5816808309726157
1293,0.98399425,0.6964335084324026
1294,0.79004186,0.0926130099228225
1295,0.9355646,0.3932038834951456
1296,0.9562753,0.3838095238095238
1297,0.982097,0.4138335287221571
1298,0.90626174,0.3395225464190981
1299,0.9442018,0.6630116959064327
1300,0.9386175,0.42
1301,0.9922215,0.802367941712204
1302,0.9700505,0.5006353240152478
1303,0.90559757,0.5907012195121951
1304,0.7727976,0.22790294627383015
1305,0.37891722,0.02631578947368421
1306,0.9896399,0.6841046277665996
1307,0.6390408,0.21505376344086022
1308,0.9226169,0.3913978494623656
1309,0.99017906,0.5394366197183098
1310,0.5374734,0.3056831228473019
1311,0.8515869,0.06481481481481481
1312,0.97597295,0.5738045738045738
1313,0.87412655,0.3158620689655172
1314,0.95492667,0.2775193798449612
1315,0.80878025,0.4093632958801498
1316,0.8513868,0.32275132275132273
1317,0.9837473,0.39412484700122397
1318,0.98934084,0.6166936790923825
1319,0.88741934,0.4249174917491749
1320,0.9949486,0.5388127853881278
1321,0.90727395,0.45754245754245754
1322,0.53746766,0.23264907135874877
1323,0.92927116,0.7125435540069687
1324,0.93126625,0.38227146814404434
1325,0.9721991,0.7260175721714184
1326,0.98204273,0.6414893617021277
1327,0.91448116,0.7885081343025269
1328,0.73728895,0.20909496210432457
1329,0.9768146,0.6091644204851752
1330,0.9893288,0.5970348159253707
1331,0.9773249,0.7817817817817818
1332,0.9272788,0.30939226519337015
1333,0.9887735,0.3925925925925926
1334,0.971499,0.5297211993687533
1335,0.98721784,0.6929735234215886
1336,0.99690443,0.34725050916496947
1337,0.6170133,0.0
1338,0.7781244,0.0408660351826793
1339,0.9516355,0.287381158167675
1340,0.9278512,0.4667221297836938
1341,0.7160719,0.3577194752774975
1342,0.99075055,0.34357968170917813
1343,0.95179015,0.45603751465416176
1344,0.9559353,0.2554814108674929
1345,0.9162462,0.43618739903069464
1346,0.65419847,0.2160377358490566
1347,0.9040766,0.37935656836461124
1348,0.81670505,0.0830188679245283
1349,0.4974316,0.05624908209722426
1350,0.9613,0.5188284518828452
1351,0.77535194,0.27726675427069647
1352,0.9735552,0.24986025712688653
1353,0.97724897,0.2
1354,0.9831851,0.3190789473684211
1355,0.9409908,0.37464788732394366
1356,0.9402875,0.29018227009113506
1357,0.9926079,0.8082838168472563
1358,0.9776668,0.5333333333333333
1359,0.9635178,0.2545045045045045
1360,0.98096883,0.7118003025718608
1361,0.98753357,0.9207561581057857
1362,0.8205506,0.5700997801454423
1363,0.9875389,0.4869402985074627
1364,0.7141574,0.11688311688311688
1365,0.9559394,0.6481601032924468
1366,0.4314284,0.48624126134166296
1367,0.96372336,0.17331206804891017
1368,0.99575734,0.6356466876971609
1369,0.8335006,0.19236641221374046
1370,0.7224604,0.17746913580246915
1371,0.65458,0.3106080547512503
1372,0.97185373,0.4644644644644645
1373,0.9939261,0.24692826000792706
1374,0.82344127,0.31109185441941073
1375,0.8962734,0.3003412969283277
1376,0.91792154,0.5720480320213476
1377,0.96660805,0.40847784200385356
1378,0.52146304,0.05784018722835172
1379,0.9292356,0.8211419399220362
1380,0.99056345,0.527027027027027
1381,0.9209936,0.396969696969697
1382,0.8885825,0.3411764705882353
1383,0.79862845,0.3105515587529976
1384,0.9889491,0.32905982905982906
1385,0.9068994,0.4394141145139814
1386,0.7407254,0.28
1387,0.8656571,0.3515769944341373
1388,0.7590647,0.11225997045790251
1389,0.9970409,0.7698449976514796
1390,0.71631664,0.07246376811594203
1391,0.80624276,0.11652542372881355
1392,0.8978945,0.2025047258979206
1393,0.46287242,0.054086538461538464
1394,0.96713215,0.3959731543624161
1395,0.7152846,0.1969532100108814
1396,0.9147887,0.3941908713692946
1397,0.91297585,0.4091734786557675
1398,0.9913383,0.3974025974025974
1399,0.6826654,0.24193548387096775
1400,0.9836373,0.46522781774580335
1401,0.99258417,0.7921615201900237
1402,0.89365673,0.0
1403,0.9859058,0.38472727272727275
1404,0.9741938,0.5176678445229682
1405,0.98181385,0.6035714285714285
1406,0.9488953,0.4738589211618257
1407,0.99418324,0.9735813662654369
1408,0.92597586,0.23905325443786982
1409,0.9582601,0.5245559038662487
1410,0.9605548,0.08982219497240956
1411,0.97327423,0.3902439024390244
1412,0.98684335,0.5372005044136192
1413,0.9788605,0.702191235059761
1414,0.9694204,0.5293427230046949
1415,0.95191157,0.07423728813559322
1416,0.99023724,0.31555555555555553
1417,0.91823703,0.486261040235525
1418,0.9793684,0.8395261173936457
1419,0.91854054,0.479185119574845
1420,0.778251,0.5996018986372684
1421,0.31555688,0.3277533039647577
1422,0.88057226,0.4091543045517941
1423,0.7744834,0.07916666666666666
1424,0.988076,0.9417244796828543
1425,0.7394017,0.27140974967061926
1426,0.9610758,0.583916083916084
1427,0.9715291,0.5890083632019116
1428,0.90855646,0.24620573355817876
1429,0.72566724,0.031936127744510975
1430,0.8895835,0.25358166189111747
1431,0.86467755,0.3560660445082556
1432,0.69442886,0.3870967741935484
1433,0.85018486,0.18711446196024675
1434,0.9472611,0.5869434416365824
1435,0.7612874,0.10576923076923077
1436,0.75518423,0.2678443052274828
1437,0.7752666,0.516321044546851
1438,0.480609,0.12314410480349346
1439,0.92025644,0.25020735416090684
1440,0.98450744,0.5892857142857143
1441,0.90055674,0.36536796536796534
1442,0.9633101,0.3009049773755656
1443,0.95046055,0.11945812807881774
1444,0.9087089,0.6144578313253012
1445,0.95401233,0.5267785771382894
1446,0.9691551,0.7084352078239609
1447,0.7845784,0.3490909090909091
1448,0.97179866,0.6302083333333334
1449,0.98609895,0.9572353423908088
1450,0.8742556,0.27941176470588236
1451,0.605615,0.016825396825396827
1452,0.987429,0.44166666666666665
1453,0.9436774,0.5707395498392283
1454,0.7075667,0.2852897473997028
1455,0.8945223,0.2907153729071537
1456,0.98234624,0.6338639652677279
1457,0.961137,0.3181473044798785
1458,0.97223777,0.4722222222222222
1459,0.94263214,0.48512777545035607
1460,0.88003063,0.6225425950196593
1461,0.8905902,0.09219143576826197
1462,0.94638515,0.3702359346642468
1463,0.9572471,0.12743362831858407
1464,0.58230066,0.23511604439959638
1465,0.9271694,0.8181692286386927
1466,0.73036885,0.3597122302158273
1467,0.969999,0.4472271914132379
1468,0.9383367,0.3803339517625232
1469,0.95963234,0.7259147001515479
1470,0.733348,0.18243243243243243
1471,0.96702904,0.573208722741433
1472,0.98951083,0.7902995720399429
1473,0.7235753,0.1458551941238195
1474,0.84985507,0.7245080500894454
1475,0.9687124,0.6798464491362763
1476,0.9687548,0.6377952755905512
1477,0.5090418,0.2169035153328347
1478,0.9402374,0.09015112037519542
1479,0.6230605,0.06538461538461539
1480,0.9806827,0.31840796019900497
1481,0.7385665,0.14847590953785644
1482,0.9851093,0.6713483146067416
1483,0.9695253,0.5672514619883041
1484,0.74133897,0.17387304507819687
1485,0.90361744,0.23145780051150894
1486,0.75617254,0.545950864422202
1487,0.94074816,0.09767441860465116
1488,0.95515466,0.5432989690721649
1489,0.9735355,0.5639972621492129
1490,0.9872112,0.3988418385812523
1491,0.91482294,0.29873646209386284
1492,0.9582581,0.43278084714548803
1493,0.98561203,0.5992633517495396
1494,0.9567862,0.5481171548117155
1495,0.8636348,0.30257801899592945
1496,0.87926304,0.2703862660944206
1497,0.92196155,0.5405501964987496
1498,0.9606324,0.6929274843330349
1499,0.6951104,0.2727272727272727
1500,0.9889924,0.40292275574112735
1501,0.7670526,0.23361344537815126
1502,0.972531,0.34649122807017546
1503,0.687057,0.2579449152542373
1504,0.9868574,0.7887479316050745
1505,0.9393544,0.5272727272727272
1506,0.47507516,0.14309623430962343
1507,0.99060714,0.626984126984127
1508,0.97973746,0.4961315280464217
1509,0.9658347,0.3584905660377358
1510,0.59464103,0.12312312312312312
1511,0.8837135,0.5599259602036094
1512,0.99088496,0.9074128332845004
1513,0.97362024,0.45472837022132795
1514,0.97825795,0.5175808720112518
1515,0.66855913,0.425567989148864
1516,0.9013179,0.4696282864913871
1517,0.97839355,0.5046624393882879
1518,0.4814636,0.1420875420875421
1519,0.9568402,0.8858220810166799
1520,0.9850018,0.5806451612903226
1521,0.980157,0.6562829989440337
1522,0.7845259,0.07385229540918163
1523,0.91683674,0.42459983150800334
1524,0.93849134,0.2943396226415094
1525,0.9760003,0.8576131687242798
1526,0.69896513,0.11893764434180139
1527,0.75332236,0.21916508538899432
1528,0.98302823,0.9009193054136875
1529,0.97778296,0.48405797101449277
1530,0.97757936,0.4942528735632184
1531,0.9784735,0.8220283174185051
1532,0.99500036,0.7652671755725191
1533,0.6670358,0.1998284734133791
1534,0.99526143,0.5
1535,0.7414325,0.26634877384196187
1536,0.7709555,0.3438824526702458
1537,0.795496,0.05660377358490566
1538,0.8897396,0.1460446247464503
1539,0.87200546,0.2391304347826087
1540,0.9614428,0.3566775244299674
1541,0.71322376,0.16835016835016836
1542,0.88312256,0.42234848484848486
1543,0.3267342,0.5868883312421581
1544,0.97822726,0.7064638783269962
1545,0.94123036,0.11092436974789915
1546,0.944603,0.15851717079827154
1547,0.94849926,0.38235294117647056
1548,0.9432178,0.24026845637583893
1549,0.860056,0.3118279569892473
1550,0.73349583,0.14193548387096774
1551,0.56117505,0.09784366576819407
1552,0.8346272,0.12195121951219512
1553,0.8715808,0.22122302158273383
1554,0.5698042,0.002331002331002331
1555,0.6798751,0.09937888198757763
1556,0.8942123,0.4425068119891008
1557,0.85862225,0.415929203539823
1558,0.37123317,0.12928759894459102
1559,0.7398685,0.1782178217821782
1560,0.29938886,0.22058823529411764
1561,0.938544,0.17456896551724138
1562,0.5037911,0.02497343251859724
1563,0.9065127,0.2814814814814815
1564,0.72051984,0.16446124763705103
1565,0.91697496,0.17857142857142858
1566,0.35212156,0.04560260586319218
1567,0.92991203,0.6435432230522946
1568,0.8500062,0.21189591078066913
1569,0.93301785,0.1416184971098266
1570,0.82764333,0.2535211267605634
1571,0.60102725,0.1248097412480974
1572,0.8022626,0.07048458149779736
1573,0.8854591,0.44746283956945154
1574,0.9344436,0.2959917780061665
1575,0.8996322,0.044897959183673466
1576,0.8772325,0.10588235294117647
1577,0.9288159,0.7739165985282094
1578,0.97246903,0.36249073387694586
1579,0.86891586,0.13829787234042554
1580,0.9019981,0.35799522673031026
1581,0.92094934,0.10452380952380952
1582,0.9334713,0.2631578947368421
1583,0.78959984,0.14285714285714285
1584,0.8497054,0.32302025782688765
1585,0.76331705,0.06607929515418502
1586,0.85884625,0.1
1587,0.49665564,0.05761316872427984
1588,0.76652604,0.17045454545454544
1589,0.87227523,0.17229729729729729
1590,0.554974,0.18589360430364615
1591,0.8349839,0.13524590163934427
1592,0.52321684,0.07037037037037037
1593,0.93776643,0.38718473074301296
1594,0.90033334,0.1853582554517134
1595,0.8421676,0.6863886703383163
1596,0.85536176,0.24475524475524477
1597,0.46657106,0.0
1598,0.8047377,0.20863309352517986
1599,0.9194876,0.16586151368760063
1600,0.9705268,0.32161172161172163
1601,0.9138086,0.2741514360313316
1602,0.63581795,0.061696658097686374
1603,0.90992105,0.0706163973668462
1604,0.8519001,0.06482538233280073
1605,0.8089791,0.1686046511627907
1606,0.671524,0.05508474576271186
1607,0.8655477,0.24306839186691312
1608,0.94528264,0.4444444444444444
1609,0.89465344,0.3755296610169492
1610,0.8371042,0.373943661971831
1611,0.86009014,0.09348914858096828
1612,0.9124206,0.3709677419354839
1613,0.9581934,0.13382899628252787
1614,0.9400077,0.4342327150084317
1615,0.9591687,0.3781609195402299
1616,0.9211844,0.0
1617,0.7233859,0.0
1618,0.8267424,0.08633093525179857
1619,0.91711634,0.16363636363636364
1620,0.9273003,0.02263374485596708
1621,0.84571,0.21754385964912282
1622,0.9315638,0.13259668508287292
1623,0.88802356,0.49236641221374045
1624,0.69718677,0.12084592145015106
1625,0.94909835,0.5480984340044742
1626,0.9075633,0.22727272727272727
1627,0.93779814,0.07247796278158668
1628,0.7071604,0.026995979322228605
1629,0.7157083,0.007692307692307693
1630,0.9423541,0.19889502762430938
1631,0.83506835,0.02577319587628866
1632,0.93590456,0.6615005283550546
1633,0.9652588,0.31797235023041476
1634,0.8884161,0.14028776978417265
1635,0.7534539,0.6930434782608695
1636,0.95219475,0.47093023255813954
1637,0.449742,0.0
1638,0.90028673,0.12916666666666668
1639,0.85564774,0.15151515151515152
1640,0.7700729,0.1762295081967213
1641,0.687639,0.024752475247524754
1642,0.940954,0.24864130434782608
1643,0.9209122,0.053725291434363914
1644,0.89700466,0.3333333333333333
1645,0.8245024,0.3359375
1646,0.9446114,0.2375
1647,0.96930414,0.5700543705562526
1648,0.93441087,0.30919220055710306
1649,0.8625144,0.8625398270368685
1650,0.84123874,0.4692737430167598
1651,0.98439133,0.6924842226047045
1652,0.69290537,0.019230769230769232
1653,0.9234511,0.8746766988008464
1654,0.5945189,0.23595505617977527
1655,0.9113981,0.19289860020484806
1656,0.93830305,0.39362286970863114
1657,0.89801186,0.27328665393592194
1658,0.9607536,0.5213815789473685
1659,0.45684087,0.2251207729468599
1660,0.9412467,0.4068965517241379
1661,0.65448695,0.003436426116838488
1662,0.8926546,0.27941176470588236
1663,0.31925848,0.0
1664,0.9216888,0.36099585062240663
1665,0.8461114,0.06060606060606061
1666,0.62721884,0.03355704697986577
1667,0.969556,0.34600997506234416
1668,0.9777533,0.23934426229508196
1669,0.7076571,0.05761316872427984
1670,0.5195818,0.06779661016949153
1671,0.8606533,0.08578263841421736
1672,0.60829306,0.11538461538461539
1673,0.9154606,0.3048128342245989
1674,0.47881764,0.12474437627811862
1675,0.95446575,0.43941504178272983
1676,0.97165924,0.4990272373540856
1677,0.81554866,0.1581769436997319
1678,0.90351963,0.1141732283464567
1679,0.95947534,0.3644859813084112
1680,0.87370527,0.5393678698335516
1681,0.87246245,0.25
1682,0.5866343,0.1320754716981132
1683,0.7847965,0.1111111111111111
1684,0.9642819,0.7523175659614928
1685,0.89060056,0.1774891774891775
1686,0.8402094,0.30697674418604654
1687,0.9155177,0.3433962264150943
1688,0.6817281,0.9658466682588965
1689,0.89568055,0.6598739495798319
1690,0.8786719,0.4810126582278481
1691,0.920353,0.24719101123595505
1692,0.81337464,0.09090909090909091
1693,0.94391096,0.0
1694,0.9559247,0.4300713985720286
1695,0.9568791,0.5928973581637073
1696,0.9470637,0.23728813559322035
1697,0.95200986,0.031019775106630478
1698,0.4103793,0.3017312448474856
1699,0.6911474,0.1284074605451937
1700,0.9622063,0.13372093023255813
1701,0.9621479,0.8114840989399293
1702,0.8503544,0.07894736842105263
1703,0.6500856,0.07894736842105263
1704,0.7615138,0.03057982525814138
1705,0.8075135,0.12121212121212122
1706,0.84399086,0.3487241798298906
1707,0.9472848,0.3532934131736527
1708,0.3884698,0.003552397868561279
1709,0.87628603,0.2564102564102564
1710,0.58346677,0.004149377593360996
1711,0.8497958,0.15457413249211358
1712,0.7938998,0.16279069767441862
1713,0.78436065,0.09714285714285714
1714,0.51377094,0.15204678362573099
1715,0.8525432,0.21001926782273603
1716,0.84023654,0.14826498422712933
1717,0.552831,0.054380664652567974
1718,0.72346765,0.33
1719,0.91834104,0.25880281690140844
1720,0.90459424,0.06422018348623854
1721,0.5222995,0.0
1722,0.9691282,0.26
1723,0.6621368,0.12571428571428572
1724,0.56151575,0.046831955922865015
1725,0.73226404,0.0
1726,0.9073701,0.3360655737704918
1727,0.27649763,0.09669479606188466
1728,0.95024604,0.044008124576844956
1729,0.86526793,0.4432314410480349
1730,0.8142796,0.23412698412698413
1731,0.9063862,0.37142857142857144
1732,0.9643492,0.2345679012345679
1733,0.8838043,0.0
1734,0.63301253,0.0319634703196347
1735,0.9648734,0.46003552397868563
1736,0.929454,0.15119760479041916
1737,0.5515133,0.0
1738,0.79303527,0.06580829756795423
1739,0.6168097,0.0169971671388102
1740,0.74474055,0.0
1741,0.72747034,0.1282051282051282
1742,0.8614352,0.13385826771653545
1743,0.8344968,0.0
1744,0.4667965,0.03333333333333333
1745,0.8946938,0.4576710995783328
1746,0.9106392,0.17902813299232737
1747,0.6053341,0.0782608695652174
1748,0.4884624,0.18159203980099503
1749,0.4582955,0.25757575757575757
1750,0.9286126,0.296551724137931
1751,0.9269591,0.17355371900826447
1752,0.97117,0.5145518044237486
1753,0.91058415,0.2099125364431487
1754,0.5447824,0.17675544794188863
1755,0.4335823,0.05905511811023622
1756,0.9015334,0.5685308606201102
1757,0.4855309,0.20320855614973263
1758,0.82421887,0.06578947368421052
1759,0.92312247,0.14648334214701217
1760,0.46871915,0.20750887874175544
1761,0.56083614,0.18855656697009102
1762,0.9549646,0.5173410404624278
1763,0.93062603,0.10606060606060606
1764,0.7228327,0.881569387260838
1765,0.76217675,0.4811381074168798
1766,0.9488244,0.44804865686771417
1767,0.7861572,0.00423728813559322
1768,0.82973254,0.2868217054263566
1769,0.87321645,0.1527777777777778
1770,0.7081659,0.0
1771,0.450899,0.0
1772,0.8575844,0.34153197470133523
1773,0.94685435,0.2867132867132867
1774,0.5191317,0.0
1775,0.94283205,0.39815950920245397
1776,0.9734877,0.29411764705882354
1777,0.5613603,0.0
1778,0.9113376,0.48234905971626524
1779,0.81538343,0.0
1780,0.6966497,0.01406799531066823
1781,0.71539456,0.25544554455445545
1782,0.8317938,0.08653846153846154
1783,0.5796173,0.09550561797752809
1784,0.85437447,0.03580433686333838
1785,0.7290118,0.0
1786,0.7948737,0.0031982942430703624
1787,0.7789027,0.2764067127344521
1788,0.8821393,0.2577962577962578
1789,0.7608049,0.1732283464566929
1790,0.9192072,0.225
1791,0.9397665,0.14492242595204513
1792,0.9042661,0.46317606444188725
1793,0.89911115,0.19545454545454546
1794,0.79991174,0.058333333333333334
1795,0.74414814,0.16356382978723405
1796,0.68710554,0.037037037037037035
1797,0.8956627,0.2364217252396166
1798,0.747734,0.01818181818181818
1799,0.9584198,0.2994350282485876
1800,0.8556351,0.171875
1801,0.95457745,0.2
1802,0.7310244,0.27932960893854747
1803,0.9000565,0.11538461538461539
1804,0.9569018,0.6575790621592148
1805,0.9095546,0.13095238095238096
1806,0.9824022,0.6350974930362117
1807,0.9494449,0.3298611111111111
1808,0.93664443,0.3595397890699904
1809,0.88536805,0.8115942028985508
1810,0.72553957,0.01788375558867362
1811,0.8792769,0.1701388888888889
1812,0.9023609,0.4350382128159906
1813,0.7988086,0.08296943231441048
1814,0.67415714,0.07407407407407407
1815,0.88613975,0.1
1816,0.9395995,0.3637630662020906
1817,0.9211517,0.21648916636063165
1818,0.85476595,0.3818840579710145
1819,0.9009448,0.41122355105795766
1820,0.9148108,0.35
1821,0.89844316,0.14521601447636281
1822,0.6935672,0.3984375
1823,0.9529382,0.3836978131212724
1824,0.8931298,0.22087874659400544
1825,0.97228223,0.25693160813308685
1826,0.8930185,0.16587677725118483
1827,0.55350435,0.07674418604651163
1828,0.5071953,0.005031446540880503
1829,0.5966947,0.1364795918367347
1830,0.8423521,0.265
1831,0.63949466,0.02127659574468085
1832,0.9181206,0.6666666666666666
1833,0.8617637,0.03125
1834,0.73474395,0.025423728813559324
1835,0.89193064,0.37283236994219654
1836,0.94868034,0.18248175182481752
1837,0.78031516,0.0
1838,0.9366908,0.31877729257641924
1839,0.95224655,0.0525195173882186
1840,0.8976083,0.31337480559875586
1841,0.7020403,0.024581005586592177
1842,0.93018544,0.15891472868217055
1843,0.630941,0.44955419990614737
1844,0.82125795,0.0136986301369863
1845,0.7390306,0.07272727272727272
1846,0.9172109,0.4397781299524564
1847,0.8095571,0.3159722222222222
1848,0.69811815,0.0843319014243726
1849,0.9052544,0.028985507246376812
1850,0.8836619,0.2507204610951009
1851,0.85589075,0.18990384615384615
1852,0.68192697,0.1918032786885246
1853,0.7657756,0.09090909090909091
1854,0.93287724,0.20710059171597633
1855,0.8072939,0.04715733803437638
1856,0.8042271,0.056338028169014086
1857,0.8853859,0.15625
1858,0.9307673,0.4177754124534327
1859,0.53603184,0.1472915398660986
1860,0.96592516,0.5881458966565349
1861,0.9318513,0.46613545816733065
1862,0.9672014,0.4284153005464481
1863,0.8446201,0.1675454012888108
1864,0.916769,0.3639683505782106
1865,0.97412676,0.4365079365079365
1866,0.7112103,0.014388489208633094
1867,0.95112777,0.44233858014776745
1868,0.8928151,0.05761316872427984
1869,0.9193898,0.0
1870,0.46641985,0.20045045045045046
1871,0.8483984,0.2733812949640288
1872,0.86669177,0.25903614457831325
1873,0.7623913,0.10365853658536585
1874,0.74104726,0.16
1875,0.9586643,0.4793028322440087
1876,0.5861513,0.013513513513513514
1877,0.78294605,0.15789473684210525
1878,0.5561617,0.8056712274439818
1879,0.7984535,0.11627906976744186
1880,0.9308519,0.3529082774049217
1881,0.85633594,0.46630727762803237
1882,0.93967247,0.16434749905979693
1883,0.85044605,0.1282051282051282
1884,0.76824844,0.25472547254725475
1885,0.44614622,0.2026221692491061
1886,0.908991,0.3684210526315789
1887,0.96895146,0.460431654676259
1888,0.92049325,0.2870967741935484
1889,0.96151596,0.4356060606060606
1890,0.760605,0.254323499491353
1891,0.9741549,0.4674278038952317
1892,0.6710487,0.05263157894736842
1893,0.820398,0.24324324324324326
1894,0.8370561,0.12121212121212122
1895,0.57321745,0.35844550586191926
1896,0.9412172,0.1585722644821533
1897,0.81758827,0.24263431542461006
1898,0.66947216,0.16753926701570682
1899,0.72806597,0.08823529411764706
1900,0.4406422,0.20588981975120588
1901,0.7689545,0.25149700598802394
1902,0.97068673,0.39990534784666354
1903,0.9252951,0.3207831325301205
1904,0.9396783,0.09310924369747899
1905,0.6231903,0.23638470451911936
1906,0.7085632,0.10380622837370242
1907,0.6431704,0.003601440576230492
1908,0.7458911,0.19102416570771003
1909,0.8880473,0.19249394673123488
1910,0.5283311,0.21942857142857142
1911,0.6785303,0.19601328903654486
1912,0.57551354,0.06289308176100629
1913,0.96621245,0.6102102102102102
1914,0.94260025,0.3261729790842284
1915,0.71106833,0.08348134991119005
1916,0.89990413,0.16268446943078005
1917,0.69689053,0.07911392405063292
1918,0.7658083,0.1642651296829971
1919,0.9757525,0.5426621160409556
1920,0.7341499,0.10416666666666667
1921,0.97506434,0.33480176211453744
1922,0.57489645,0.0625
1923,0.9215061,0.2830188679245283
1924,0.81031877,0.36982968369829683
1925,0.57141083,0.0
1926,0.6658313,0.07951070336391437
1927,0.9665906,0.5012520868113522
1928,0.49750778,0.016042780748663103
1929,0.4292096,0.037037037037037035
1930,0.59522706,0.33933933933933935
1931,0.608309,0.27439024390243905
1932,0.8083032,0.3256924546322827
1933,0.8618599,0.1
1934,0.92686826,0.38581314878892736
1935,0.9560138,0.2642857142857143
1936,0.9369825,0.11563169164882227
1937,0.9433935,0.1875
1938,0.94018143,0.3452579034941764
1939,0.7329263,0.13978494623655913
1940,0.9143275,0.4540682414698163
1941,0.9872329,0.4254545454545455
1942,0.9449784,0.47244094488188976
1943,0.69008297,0.024793388429752067
1944,0.8549475,0.0040650406504065045
1945,0.7121219,0.317887394120578
1946,0.9366423,0.4610757254069356
1947,0.8628552,0.0379133409350057
1948,0.5022305,0.06588003933136677
1949,0.83965707,0.0
1950,0.94029397,0.4793388429752066
1951,0.9136561,0.12195121951219512
1952,0.9580593,0.5361077111383109
1953,0.889826,0.0
1954,0.9433318,0.17353244078269825
1955,0.93747914,0.3205268935236004
1956,0.90327865,0.3692115143929912
1957,0.8831822,0.37542662116040953
1958,0.6693253,0.18457943925233644
1959,0.78787357,0.018072289156626505
1960,0.90636134,0.20689655172413793
1961,0.94988793,0.325
1962,0.90491307,0.4463732176069436
1963,0.87874436,0.036585365853658534
1964,0.9633196,0.1111111111111111
1965,0.92828214,0.34445768772348034
1966,0.8935717,0.19366515837104073
1967,0.95910156,0.23096446700507614
1968,0.32333186,0.07844323452308934
1969,0.7131383,0.05397727272727273
1970,0.8095456,0.015384615384615385
1971,0.8965342,0.07692307692307693
1972,0.5797799,0.1564625850340136
1973,0.85662806,0.30660377358490565
1974,0.9490072,0.7556962025316456
1975,0.76585716,0.0029615004935834156
1976,0.9676853,0.5435380384967919
1977,0.88901055,0.12847790507364976
1978,0.97345525,0.6326086956521739
1979,0.52554005,0.0010351966873706005
1980,0.63333106,0.13043478260869565
1981,0.78994554,0.09821428571428571
1982,0.92419004,0.1320754716981132
1983,0.44916147,0.0
1984,0.49223137,0.30102360559849595
1985,0.8416515,0.23045267489711935
1986,0.93384165,0.09027777777777778
1987,0.6428608,0.03234880450070324
1988,0.5787742,0.0
1989,0.82594246,0.3333333333333333
1990,0.82514524,0.33638443935926776
1991,0.91622186,0.2705649157581764
1992,0.84189415,0.21897810218978103
1993,0.5188416,0.06597131681877444
1994,0.9518145,0.5335051546391752
1995,0.4660807,0.016985138004246284
1996,0.6622177,0.18394648829431437
1997,0.9500566,0.2437357630979499
1998,0.9622581,0.16650563607085347
1999,0.7912932,0.36647904940587867
2000,0.8813525,0.5253122945430638
2001,0.9074352,0.17374881964117092
2002,0.6218839,0.0683453237410072
2003,0.75315654,0.40817039106145253
2004,0.68216157,0.20833333333333334
2005,0.6165021,0.007204610951008645
2006,0.931097,0.14583333333333334
2007,0.93865114,0.25902335456475584
2008,0.9493205,0.7633701188455009
2009,0.9256997,0.11158798283261803
2010,0.8840238,0.3181818181818182
2011,0.8141088,0.09090909090909091
2012,0.40286878,0.03171953255425709
2013,0.83438045,0.24622030237580994
2014,0.9886902,0.3050847457627119
2015,0.9772113,0.39547038327526135
2016,0.87345135,0.15139442231075698
2017,0.47619456,0.0
2018,0.7912077,0.3760355029585799
2019,0.48663434,0.012944983818770227
2020,0.9220429,0.34375
2021,0.84967273,0.10972568578553615
2022,0.84582484,0.19031903190319033
2023,0.8951897,0.17
2024,0.9706362,0.6311239193083573
2025,0.56245506,0.12837837837837837
2026,0.8756278,0.10986964618249534
2027,0.94312817,0.5022488755622189
2028,0.97167736,0.11791730474732007
2029,0.76862216,0.3448858833474218
2030,0.85888684,0.13577068314452453
2031,0.6404331,0.22768670309653916
2032,0.45576555,0.12150170648464163
2033,0.96212757,0.39060710194730813
2034,0.96655613,0.5314664257753688
2035,0.7077754,0.09523809523809523
2036,0.7467833,0.16279069767441862
2037,0.9428623,0.3755274261603376
2038,0.72317064,0.025
2039,0.99109155,0.5474254742547425
2040,0.8709713,0.10013717421124829
2041,0.74205333,0.17866666666666667
2042,0.8784958,0.03058103975535168
2043,0.79898655,0.2517241379310345
2044,0.5409549,0.07849829351535836
2045,0.9236296,0.2867647058823529
2046,0.88142574,0.30218068535825543
2047,0.8519458,0.17142857142857143
2048,0.93310386,0.020202020202020204
2049,0.6409872,0.3093741459415141
2050,0.79089177,0.1956521739130435
2051,0.83288527,0.6665743561340349
2052,0.79688823,0.0378234903782349
2053,0.65850616,0.014245014245014245
2054,0.8776432,0.25925925925925924
2055,0.88904744,0.07632600258732213
2056,0.7636719,0.0967741935483871
2057,0.90555847,0.32727272727272727
2058,0.96473455,0.7605701473414478
2059,0.754549,0.30337078651685395
2060,0.5251423,0.11667787491593813
2061,0.8652165,0.3333333333333333
2062,0.7296488,0.19462073133877306
2063,0.876814,0.17543859649122806
2064,0.8386049,0.07053941908713693
2065,0.6992224,0.03683693516699411
2066,0.85707515,0.3124137931034483
2067,0.8513295,0.21631205673758866
2068,0.8898523,0.22058823529411764
2069,0.80580544,0.03125
2070,0.95952123,0.3797930614729154
2071,0.8062685,0.0871244635193133
2072,0.7704266,0.028455284552845527
2073,0.8870488,0.3805970149253731
2074,0.48164982,0.1158704008786381
2075,0.93641806,0.7044306257287213
2076,0.79974884,0.04962779156327544
2077,0.83146393,0.19306184012066366
2078,0.96542263,0.4413489736070381
2079,0.86788535,0.10810810810810811
2080,0.74912107,0.14848698099929628
2081,0.8044298,0.13513513513513514
2082,0.84867495,0.1099476439790576
2083,0.8523582,0.14285714285714285
2084,0.8733946,0.2868525896414343
2085,0.91583496,0.3167225682798275
2086,0.6930947,0.2949511075633606
2087,0.92333955,0.27835051546391754
2088,0.9269895,0.09090909090909091
2089,0.94480145,0.2022111269614836
2090,0.90809554,0.29411764705882354
2091,0.4590475,0.21745908028059235
2092,0.5464951,0.22189349112426035
2093,0.9470811,0.35240040858018384
2094,0.7501892,0.13770053475935828
2095,0.90415144,0.16216216216216217
2096,0.94149345,0.1753472222222222
2097,0.87128884,0.13297872340425532
2098,0.80759287,0.10431654676258993
2099,0.4929249,0.22201434362332398
2100,0.8077892,0.8965446738908198
2101,0.5840462,0.0038012489818083084
2102,0.8575293,0.18772563176895307
2103,0.91036886,0.3125
2104,0.88818985,0.31229012760241776
2105,0.85467243,0.11862527716186252
2106,0.83500534,0.2670807453416149
2107,0.9599359,0.5920810313075506
2108,0.9461086,0.7753623188405797
2109,0.7119419,0.07164790174002048
2110,0.8794738,0.05555555555555555
2111,0.941863,0.0967741935483871
2112,0.9386123,0.5526780459093584
2113,0.7961001,0.10810810810810811
2114,0.9569217,0.25688073394495414
2115,0.53445196,0.0784313725490196
2116,0.854347,0.267515923566879
2117,0.8073903,0.23940886699507388
2118,0.7525748,0.10126582278481013
2119,0.61669874,0.044444444444444446
2120,0.90784043,0.2638888888888889
2121,0.6280733,0.015037593984962405
2122,0.7316339,0.125
2123,0.6635693,0.06852248394004283
2124,0.47989944,0.0959409594095941
2125,0.6275792,0.0
2126,0.4095018,0.006230529595015576
2127,0.51965046,0.07802580380913372
2128,0.76113874,0.176
2129,0.90069556,0.25
2130,0.9264002,0.3544226044226044
2131,0.61668557,0.13735306922072268
2132,0.80299217,0.0
2133,0.94249034,0.3191489361702128
2134,0.93946785,0.47442799461641993
2135,0.8824272,0.037037037037037035
2136,0.8930086,0.25949367088607594
2137,0.94543934,0.5066548358473825
2138,0.82072705,0.13524590163934427
2139,0.64193296,0.14183381088825214
2140,0.89609796,0.15139442231075698
2141,0.8157978,0.1761904761904762
2142,0.7920984,0.01287001287001287
2143,0.97284955,0.5469412477286493
2144,0.70021045,0.006493506493506494
2145,0.88058466,0.17588932806324112
2146,0.95067406,0.2827611664820967
2147,0.9367777,0.13609467455621302
2148,0.97311723,0.33237410071942447
2149,0.89541674,0.4073226544622426
2150,0.93664455,0.31746031746031744
2151,0.8900062,0.2794326241134752
2152,0.9554262,0.2555147058823529
2153,0.97048616,0.2599118942731278
2154,0.8266665,0.0851063829787234
2155,0.8849346,0.303886925795053
2156,0.783934,0.05861664712778429
2157,0.7987743,0.003278688524590164
2158,0.9546503,0.4148936170212766
2159,0.7377877,0.035211267605633804
2160,0.95297146,0.416
2161,0.97373873,0.4260355029585799
2162,0.16697444,0.004703929164360819
2163,0.91705465,0.20588235294117646
2164,0.91393435,0.27492447129909364
2165,0.86940193,0.00655307994757536
2166,0.8312614,0.25125628140703515
2167,0.9482754,0.1381697772426249
2168,0.9579413,0.14285714285714285
2169,0.9263712,0.1411042944785276
2170,0.9607097,0.4098883572567783
2171,0.8684389,0.3920282542885974
2172,0.8973849,0.14004914004914004
2173,0.9364267,0.3792434529582929
2174,0.45476612,0.024734982332155476
2175,0.75253296,0.4294566253574833
2176,0.93905276,0.33231474407944994
2177,0.88123333,0.5907759882869692
2178,0.86689025,0.13414634146341464
2179,0.8406987,0.0547945205479452
2180,0.7662774,0.22584400465657742
2181,0.7524736,0.4044425817267393
2182,0.81003934,0.29411764705882354
2183,0.8128438,0.20119225037257824
2184,0.642762,0.09615384615384616
2185,0.6833364,0.15256797583081572
2186,0.8211052,0.013888888888888888
2187,0.816073,0.34782608695652173
2188,0.77341217,0.3508771929824561
2189,0.9649535,0.5366300366300366
2190,0.5932494,0.2128813559322034
2191,0.49177918,0.056572379367720464
2192,0.9200753,0.1017274472168906
2193,0.59439933,0.10064516129032258
2194,0.8834078,0.35200296735905046
2195,0.9225017,0.33353474320241694
2196,0.8150114,0.48899188876013905
2197,0.58948016,0.17587939698492464
2198,0.66623724,0.023032629558541268
2199,0.9511395,0.4297650130548303
2200,0.61428905,0.07142857142857142
2201,0.9558361,0.4784394250513347
2202,0.64402664,0.07042253521126761
2203,0.8975483,0.3130128956623681
2204,0.7998104,0.18584070796460178
2205,0.6760747,0.1746880570409982
2206,0.7961153,0.3253012048192771
2207,0.8256195,0.13505311077389984
2208,0.8041133,0.3404255319148936
2209,0.9243846,0.38872104733131924
2210,0.41024536,0.0
2211,0.57887465,0.0
2212,0.95066756,0.3213213213213213
2213,0.39897677,0.13087818696883852
2214,0.6767734,0.18032786885245902
2215,0.9701678,0.34782608695652173
2216,0.545502,0.1712018140589569
2217,0.92718464,0.2746268656716418
2218,0.3310267,0.026836158192090395
2219,0.85270655,0.16923076923076924
2220,0.9521642,0.6635333815377199
2221,0.92664903,0.42479108635097496
2222,0.95634425,0.3240542469664525
2223,0.75586694,0.033816425120772944
2224,0.65789616,0.0
2225,0.7297647,0.09090909090909091
2226,0.87314886,0.5948255948255948
2227,0.55869573,0.09566517189835576
2228,0.8899528,0.043478260869565216
2229,0.8567759,0.6189134178800689
2230,0.9572084,0.13580246913580246
2231,0.9636934,0.4880952380952381
2232,0.95734525,0.3569004524886878
2233,0.46572548,0.04736842105263158
2234,0.4583316,0.2829041487839771
2235,0.8883307,0.42431640625
2236,0.491674,0.011155378486055778
2237,0.7100076,0.1360824742268041
2238,0.9265047,0.29607250755287007
2239,0.62184733,0.09473684210526316
2240,0.92879885,0.4356206630686199
2241,0.6080362,0.39387571299909935
2242,0.64522326,0.06266318537859007
2243,0.9025637,0.3069466882067851
2244,0.865075,0.043478260869565216
2245,0.9752567,0.02339688041594454
2246,0.83378655,0.19959677419354838
2247,0.734036,0.2364741641337386
2248,0.90021104,0.2545697726259474
2249,0.8556627,0.19047619047619047
2250,0.85376716,0.23220973782771537
2251,0.76933026,0.11464088397790055
2252,0.91243184,0.13752913752913754
2253,0.97852564,0.361013986013986
2254,0.50916004,0.041390728476821195
2255,0.9533137,0.43769968051118213
2256,0.87797517,0.055793991416309016
2257,0.68280804,0.10526315789473684
2258,0.6964268,0.0627177700348432
2259,0.775784,0.13793103448275862
2260,0.97300303,0.6264126574103972
2261,0.8705032,0.4078413699864804
2262,0.51746374,0.017627118644067796
2263,0.3964585,0.0
2264,0.72428733,0.14148681055155876
2265,0.33363646,0.1794425087108014
2266,0.8813171,0.8588322246858833
2267,0.7986247,0.24773960216998192
2268,0.9038454,0.3709043250327654
2269,0.9365981,0.2440944881889764
2270,0.9597157,0.5092326631103816
2271,0.77623457,0.05747126436781609
2272,0.4316367,0.025502318392581144
2273,0.76827455,0.08304498269896193
2274,0.899219,0.014925373134328358
2275,0.27850363,0.12531752751905165
2276,0.9225194,0.1258023106546855
2277,0.9725031,0.31654676258992803
2278,0.96773875,0.6887417218543046
2279,0.8371334,0.125
2280,0.9189744,0.3501683501683502
2281,0.8654815,0.3884297520661157
2282,0.8749859,0.08247422680412371
2283,0.8819394,0.1592920353982301
2284,0.9589184,0.2802197802197802
2285,0.7261992,0.48572102902997405
2286,0.7702536,0.08148148148148149
2287,0.9813046,0.3018957345971564
2288,0.78988314,0.03389830508474576
2289,0.85961545,0.01178373382624769
2290,0.92108727,0.21678321678321677
2291,0.8939926,0.4830193068155385
2292,0.49619848,0.09141583054626533
2293,0.96175003,0.64293659621802
2294,0.8645759,0.035211267605633804
2295,0.845974,0.29293544457978077
2296,0.86252075,0.19935691318327975
2297,0.9250087,0.2801418439716312
2298,0.91436946,0.08641975308641975
2299,0.82207,0.12217194570135746
2300,0.97226626,0.6191595650896268
2301,0.7502152,0.06708595387840671
2302,0.86113805,0.020833333333333332
2303,0.620183,0.07392996108949416
2304,0.8767281,0.32831891688604736
2305,0.9628578,0.5584009993753903
2306,0.83636886,0.15789473684210525
2307,0.3540376,0.06527800557651305
2308,0.90824324,0.15698924731182795
2309,0.9162404,0.5101123595505618
2310,0.9575039,0.79140832595217
2311,0.41966212,0.14594279042615294
2312,0.37458888,0.026743075453677174
2313,0.720016,0.054455445544554455
2314,0.7080811,0.0
2315,0.8482135,0.5220900594732371
2316,0.5640953,0.0
2317,0.8064954,0.5070643642072213
2318,0.92098844,0.2564102564102564
2319,0.6572789,0.26939655172413796
2320,0.89316505,0.23853211009174313
2321,0.6569492,0.08633093525179857
2322,0.9517264,0.32608695652173914
2323,0.9100084,0.4436769394261424
2324,0.87577903,0.09848484848484848
2325,0.9306306,0.1437855402112104
2326,0.93514305,0.10869565217391304
2327,0.68343836,0.2033898305084746
2328,0.7877447,0.3554987212276215
2329,0.5079573,0.04597443372953577
2330,0.9223956,0.5117370892018779
2331,0.8595985,0.021551724137931036
2332,0.7745699,0.11556603773584906
2333,0.5798875,0.09674796747967479
2334,0.91431016,0.10641081552551243
2335,0.921227,0.40098345999105944
2336,0.9157076,0.17073170731707318
2337,0.3247362,0.06930443548387097
2338,0.9116791,0.28826045627376423
2339,0.6563446,0.09563994374120956
2340,0.93602467,0.11494252873563218
2341,0.8265917,0.06866952789699571
2342,0.9741538,0.36693548387096775
2343,0.85240835,0.0
2344,0.86725724,0.0273972602739726
2345,0.79667586,0.27224371373307543
2346,0.76679134,0.1188118811881188
2347,0.89570373,0.3515587529976019
2348,0.8231785,0.10869565217391304
2349,0.82542413,0.16684155299055614
2350,0.8528817,0.1232876712328767
2351,0.21452308,0.02702702702702703
2352,0.7091192,0.16476892163429338
2353,0.96212536,0.2675438596491228
2354,0.67420554,0.07142857142857142
2355,0.65591246,0.06712962962962964
2356,0.6604508,0.3008130081300813
2357,0.89770186,0.25
2358,0.818733,0.22115384615384615
2359,0.9312885,0.3146417445482866
2360,0.8198226,0.1232876712328767
2361,0.9414953,0.44172542513479884
2362,0.9027722,0.21463897131552917
2363,0.5142935,0.15990159901599016
2364,0.77870965,0.11538461538461539
2365,0.92419934,0.42388059701492536
2366,0.9491683,0.6159649122807017
2367,0.7434518,0.1540880503144654
2368,0.86828244,0.1111111111111111
2369,0.9629839,0.8174996008302731
2370,0.8798915,0.05058365758754864
2371,0.6544901,0.07355021216407355
2372,0.9540366,0.04854368932038835
2373,0.75289065,0.0
2374,0.78168446,0.1569767441860465
2375,0.9091843,0.0
2376,0.6449698,0.2076249356002061
2377,0.871893,0.19387755102040816
2378,0.8272803,0.369031377899045
2379,0.86895037,0.2579185520361991
2380,0.75530034,0.19123505976095617
2381,0.8729309,0.4409406734366649
2382,0.9072747,0.40869980879541107
2383,0.9388289,0.22448979591836735
2384,0.8451836,0.18831168831168832
2385,0.6893088,0.0
2386,0.906537,0.3713450292397661
2387,0.74460524,0.041666666666666664
2388,0.8885104,0.3333333333333333
2389,0.94641626,0.2795275590551181
2390,0.7596031,0.3005893909626719
2391,0.8976183,0.0660377358490566
2392,0.8381315,0.12
2393,0.7765317,0.035226077812828605
2394,0.9525519,0.7806684390429168
2395,0.49462047,0.28535564853556483
2396,0.98864895,0.4023722627737226
2397,0.8654992,0.22186495176848875
2398,0.7068397,0.019230769230769232
2399,0.8044244,0.3818112536517211
2400,0.6220301,0.07936507936507936
2401,0.9231539,0.176
2402,0.6511539,0.022641509433962263
2403,0.9352294,0.2178988326848249
2404,0.87607217,0.3258426966292135
2405,0.9534954,0.12121212121212122
2406,0.8268243,0.24192277383766744
2407,0.58875984,0.10109289617486339
2408,0.91961366,0.3635346756152125
2409,0.8495155,0.2358490566037736
2410,0.5199737,0.18861209964412812
2411,0.395901,0.03937007874015748
2412,0.8463146,0.2979744136460554
2413,0.8513187,0.3127147766323024
2414,0.734695,0.16334283000949668
2415,0.700437,0.0
2416,0.46812323,0.03946861763573354
2417,0.93508226,0.242914979757085
2418,0.9441237,0.558486737208291
2419,0.5879942,0.05405405405405406
2420,0.80029815,0.19793205317577547
2421,0.9175912,0.6195043964828137
2422,0.5548851,0.10824742268041238
2423,0.756142,0.07142857142857142
2424,0.8080775,0.4858066005077314
2425,0.703913,0.046052631578947366
2426,0.8935873,0.4723001402524544
2427,0.8499447,0.22035573122529645
2428,0.86760074,0.18666666666666668
2429,0.9127792,0.15362595419847327
2430,0.7917016,0.08060453400503778
2431,0.70458055,0.0430327868852459
2432,0.81996053,0.20588235294117646
2433,0.8912558,0.3786848072562358
2434,0.87896824,0.2754491017964072
2435,0.9163966,0.16326530612244897
2436,0.6311324,0.16580310880829016
2437,0.9339699,0.3646893646893647
2438,0.6990788,0.0
2439,0.9530656,0.4703703703703704
2440,0.9569596,0.09105960264900662
2441,0.7593209,0.14814814814814814
2442,0.78133065,0.02545766590389016
2443,0.96282154,0.46108815426997246
2444,0.9313499,0.27243475151948515
2445,0.8911065,0.23783783783783785
2446,0.41925701,0.244136460554371
2447,0.9025174,0.3299101412066752
2448,0.597539,0.041474654377880185
2449,0.7695694,0.7635491606714628
2450,0.9624683,0.38095238095238093
2451,0.8092361,0.22673434856175972
2452,0.89809155,0.02608695652173913
2453,0.65795934,0.15306122448979592
2454,0.50000066,0.04253926701570681
2455,0.9486159,0.15306122448979592
2456,0.6351197,0.2528548123980424
2457,0.3883292,0.10550458715596331
2458,0.80692995,0.145
2459,0.9044481,0.47817133443163096
2460,0.64354527,0.011494252873563218
2461,0.83297926,0.10091743119266056
2462,0.939709,0.28612997090203685
2463,0.94615406,0.26217228464419473
2464,0.87218404,0.43445878848063557
2465,0.82449794,0.33774834437086093
2466,0.93292946,0.49471458773784355
2467,0.68706733,0.26376440460947503
2468,0.8595515,0.2541176470588235
2469,0.97028124,0.5827039274924471
2470,0.76977515,0.2540816326530612
2471,0.9274616,0.13636363636363635
2472,0.8758499,0.31809145129224653
2473,0.92182136,0.3411420204978038
2474,0.97689253,0.4724602203182375
2475,0.66618943,0.11006289308176101
2476,0.945188,0.40540540540540543
2477,0.79870355,0.2567409144196952
2478,0.92727757,0.31978319783197834
2479,0.85282165,0.19334186939820744
2480,0.66205525,0.05366492146596859
2481,0.93239325,0.7193351567431097
2482,0.9351971,0.3448275862068966
2483,0.4009684,0.1743827160493827
2484,0.39946696,0.1075690419365837
2485,0.4512175,0.0034634760705289673
2486,0.34990314,0.015902712815715623
2487,0.88550675,0.14285714285714285
2488,0.70372397,0.13358778625954199
2489,0.4375171,0.004934210526315789
2490,0.9341595,0.3451127819548872
2491,0.87547964,0.15
2492,0.9102399,0.16666666666666666
2493,0.6035495,0.24793008279668813
2494,0.8811353,0.22506393861892582
2495,0.97732025,0.2684563758389262
2496,0.88401663,0.024390243902439025
2497,0.7343414,0.2058319039451115
2498,0.8934773,0.023809523809523808
2499,0.7893606,0.013295346628679962
2500,0.97566354,0.5960591133004927
2501,0.93820745,0.16145833333333334
2502,0.8638695,0.34441087613293053
2503,0.84775627,0.022222222222222223
2504,0.7832411,0.06944444444444445
2505,0.92154557,0.3369219476388549
2506,0.44042367,0.19101123595505617
2507,0.78742546,0.05263157894736842
2508,0.69384676,0.18309859154929578
2509,0.9637073,0.32160804020100503
2510,0.7952876,0.125
2511,0.9442718,0.034434620753839
2512,0.94438624,0.31348167539267013
2513,0.6790456,0.0
2514,0.8756122,0.20105124835742444
2515,0.9318037,0.6003670566643725
2516,0.88851345,0.4945054945054945
2517,0.8691876,0.01025236593059937
2518,0.9770102,0.22950819672131148
2519,0.65775466,0.05217391304347826
2520,0.87933636,0.12359550561797752
2521,0.941896,0.23265306122448978
2522,0.95796746,0.2994011976047904
2523,0.5821777,0.450996015936255
2524,0.9452505,0.3726635514018692
2525,0.88785386,0.14905450500556172
2526,0.89811665,0.0
2527,0.8107615,0.3240072202166065
2528,0.90130675,0.7128818061088977
2529,0.5067006,0.0121580547112462
2530,0.49270064,0.02517162471395881
2531,0.88320917,0.21763470958712386
2532,0.9920968,0.8229149115417018
2533,0.65642905,0.16628387689480936
2534,0.95112395,0.5485355648535565
2535,0.9461549,0.35285285285285284
2536,0.6983238,0.008206330597889801
2537,0.9366274,0.16116504854368932
2538,0.79901683,0.1956521739130435
2539,0.6781057,0.44767532265588555
2540,0.5551617,0.21025641025641026
2541,0.946392,0.10303030303030303
2542,0.8499486,0.1518987341772152
2543,0.64810336,0.0058823529411764705
2544,0.97303575,0.40717703349282297
2545,0.48435557,0.03616236162361624
2546,0.93250215,0.4497854077253219
2547,0.852312,0.17580872011251758
2548,0.8850194,0.0
2549,0.9517748,0.4619516562220233
2550,0.97462285,0.6353982300884956
2551,0.88575214,0.36606546426185704
2552,0.97017133,0.5066544286369894
2553,0.92693275,0.5535559785430005
2554,0.21859452,0.12260086173129651
2555,0.7134499,0.12989690721649486
2556,0.9208952,0.0106544901065449
2557,0.8150257,0.05701425356339085
2558,0.9593489,0.2754569190600522
2559,0.9295368,0.46819787985865724
2560,0.9483209,0.21132596685082872
2561,0.9323202,0.3644708423326134
2562,0.8343816,0.37436332767402375
2563,0.62573177,0.09746835443037975
2564,0.9284433,0.36904761904761907
2565,0.9601786,0.16174582798459564
2566,0.9550182,0.27301927194860814
2567,0.9531115,0.4092792046396023
2568,0.8824274,0.27710843373493976
2569,0.82393634,0.17329164805716837
2570,0.6796176,0.22157996146435452
2571,0.92321324,0.0127750177430802
2572,0.9552796,0.37331440738112137
2573,0.46167758,0.24175425878941645
2574,0.9717162,0.394705174488568
2575,0.85183144,0.10101010101010101
2576,0.90956247,0.32332878581173263
2577,0.6218333,0.09982486865148861
2578,0.88847876,0.2718052738336714
2579,0.92247427,0.18110236220472442
2580,0.9492926,0.07692307692307693
2581,0.51726335,0.19069767441860466
2582,0.90464085,0.0
2583,0.39237544,0.24001401541695866
2584,0.8620918,0.3812316715542522
2585,0.66542256,0.03125
2586,0.21731311,0.0
2587,0.58198875,0.04417670682730924
2588,0.7971741,0.1357142857142857
2589,0.9192918,0.3333333333333333
2590,0.95951533,0.2591973244147157
2591,0.6278399,0.14225941422594143
2592,0.9525089,0.14257425742574256
2593,0.90929425,0.2392638036809816
2594,0.74904627,0.05387205387205387
2595,0.78996056,0.5349307159353349
2596,0.8241068,0.029510395707578806
2597,0.88861114,0.1016949152542373
2598,0.8801043,0.39547038327526135
2599,0.91216844,0.16417910447761194
2600,0.97032404,0.6821840330650424
2601,0.8105049,0.3326609514204068
2602,0.9162396,0.09550561797752809
2603,0.8495974,0.30580693815987936
2604,0.91827637,0.23880597014925373
2605,0.56709,0.04050925925925926
2606,0.8564373,0.05398457583547558
2607,0.8513193,0.19978459881529348
2608,0.88137454,0.0617151058485827
2609,0.91334057,0.023276633840644583
2610,0.8686777,0.5713090757005437
2611,0.9520552,0.4105263157894737
2612,0.8918654,0.20625
2613,0.9290256,0.19736842105263158
2614,0.7545443,0.039473684210526314
2615,0.865371,0.2396694214876033
2616,0.91974074,0.1709090909090909
2617,0.86340547,0.2857142857142857
2618,0.92834103,0.05156490507952796
2619,0.8657751,0.25311203319502074
2620,0.92185324,0.18787878787878787
2621,0.901519,0.3448905109489051
2622,0.914995,0.12941176470588237
2623,0.5391109,0.16338439095550694
2624,0.93346906,0.6371712864250177
2625,0.9101962,0.9149250061470371
2626,0.31830817,0.12833827893175073
2627,0.96731955,0.31343283582089554
2628,0.8848681,0.5688538439876091
2629,0.82012016,0.27206896551724136
2630,0.9451683,0.3645612547689699
2631,0.81009644,0.05867475973697522
2632,0.9610607,0.28755733944954126
2633,0.6799067,0.1319796954314721
2634,0.670647,0.13510520487264674
2635,0.4963733,0.022082018927444796
2636,0.37981737,0.3308457711442786
2637,0.5758341,0.13036649214659685
2638,0.7922369,0.09047619047619047
2639,0.7372351,0.14878048780487804
2640,0.9053719,0.6855920668870309
2641,0.8475242,0.024099260319732762
2642,0.7970195,0.1945945945945946
2643,0.8898423,0.28338430173292556
2644,0.8237296,0.07191780821917808
2645,0.8167994,0.12734082397003746
2646,0.96027076,0.35698447893569846
2647,0.61061066,0.022727272727272728
2648,0.9830942,0.304
2649,0.7586843,0.2132486388384755
2650,0.9703523,0.5336810082572795
2651,0.7520721,0.026066350710900472
2652,0.92234623,0.12315270935960591
2653,0.70078605,0.19248826291079812
2654,0.8006225,0.32158590308370044
2655,0.86167955,0.06279168434450573
2656,0.93619335,0.1111111111111111
2657,0.7064584,0.21781055019852524
2658,0.5189475,0.15612758813654168
2659,0.98262995,0.606456571867794
2660,0.94131553,0.2669447340980188
2661,0.7622894,0.0
2662,0.9075525,0.10638297872340426
2663,0.7782688,0.33085752869682644
2664,0.84171045,0.18641975308641975
2665,0.88863325,0.15608740894901144
2666,0.9398832,0.5537190082644629
2667,0.6960872,0.2085201793721973
2668,0.81462264,0.1206896551724138
2669,0.94942266,0.43086816720257237
2670,0.85981274,0.0
2671,0.7071674,0.2233375156838143
2672,0.8945878,0.273972602739726
2673,0.70311224,0.13725490196078433
2674,0.81206614,0.20588235294117646
2675,0.5511774,0.17667844522968199
2676,0.8747279,0.17837338262476896
2677,0.71271324,0.10160427807486631
2678,0.9375596,0.4622222222222222
2679,0.7025995,0.14133333333333334
2680,0.921956,0.4736196319018405
2681,0.9111985,0.0044603033006244425
2682,0.9091211,0.3955773955773956
2683,0.80513346,0.17488076311605724
2684,0.8260881,0.22823984526112184
2685,0.6174161,0.0
2686,0.72668,0.0671462829736211
2687,0.6826025,0.12365591397849462
2688,0.5106739,0.06060606060606061
2689,0.5318099,0.2845953002610966
2690,0.63048625,0.8875727348295926
2691,0.8996166,0.2857142857142857
2692,0.6939077,0.06735751295336788
2693,0.9185251,0.18411552346570398
2694,0.3629626,0.08778173190984578
2695,0.9260549,0.08387096774193549
2696,0.78035784,0.12112676056338029
2697,0.55590224,0.0
2698,0.90465736,0.15789473684210525
2699,0.93715227,0.2536879285269063
2700,0.84353596,0.0
2701,0.9550566,0.13953488372093023
2702,0.64583135,0.016286644951140065
2703,0.7922122,0.1375
2704,0.963985,0.2574447646493756
2705,0.81099284,0.11049723756906077
2706,0.7298651,0.08695652173913043
2707,0.84509957,0.07142857142857142
2708,0.6845185,0.18277945619335348
2709,0.28885928,0.0
2710,0.4917324,0.5278033088235294
2711,0.90119666,0.4125122189638319
2712,0.768921,0.2591240875912409
2713,0.96029514,0.3988439306358382
2714,0.61795783,0.0
2715,0.7579468,0.04150943396226415
2716,0.9240126,0.15808823529411764
2717,0.51086414,0.05909090909090909
2718,0.9360623,0.2168766704849179
2719,0.92773086,0.39543726235741444
2720,0.4704075,0.778924389759873
2721,0.89272857,0.38077969174977333
2722,0.5625249,0.013761467889908258
2723,0.87860346,0.0
2724,0.5433856,0.02158273381294964
2725,0.94840217,0.0
2726,0.8230594,0.02359882005899705
2727,0.799496,0.18393782383419688
2728,0.5761537,0.4021157277593678
2729,0.8822799,0.5700808625336927
2730,0.66273946,0.0
2731,0.85780036,0.45908607863974493
2732,0.9216612,0.34430379746835443
2733,0.9613881,0.05985130111524164
2734,0.80954885,0.2746835443037975
2735,0.86165893,0.42441860465116277
2736,0.5962137,0.2147239263803681
2737,0.9330605,0.1917808219178082
2738,0.40860224,0.10011641443538999
2739,0.5143194,0.05530973451327434
2740,0.7410193,0.021052631578947368
2741,0.59179515,0.01652892561983471
2742,0.97264683,0.4054540005993407
2743,0.69352746,0.05714285714285714
2744,0.7386848,0.23480278422273781
2745,0.46282464,0.448361581920904
2746,0.9433002,0.3627978478093774
2747,0.8033392,0.23703703703703705
2748,0.9742868,0.48636651870640457
2749,0.4175404,0.107981220657277
2750,0.8118217,0.10032715376226826
2751,0.89013916,0.2054794520547945
2752,0.9535703,0.23008849557522124
2753,0.91599816,0.0
2754,0.8749588,0.07964601769911504
2755,0.9162182,0.14102564102564102
2756,0.8556366,0.432
2757,0.92458206,0.45569620253164556
2758,0.89633113,0.40404040404040403
2759,0.86303824,0.5
2760,0.81511414,0.12244897959183673
2761,0.7762515,0.1724137931034483
2762,0.96424866,0.4807436918990704
2763,0.73140335,0.23088923556942278
2764,0.8719147,0.07894736842105263
2765,0.951283,0.1600496277915633
2766,0.91109663,0.29782082324455206
2767,0.52834976,0.09852216748768473
2768,0.92198604,0.27801724137931033
2769,0.88472056,0.3125
2770,0.8082134,0.013605442176870748
2771,0.7083254,0.08438818565400844
2772,0.90099573,0.6323777403035413
2773,0.64120483,0.23517382413087934
2774,0.9485062,0.20168067226890757
2775,0.5877618,0.0
2776,0.31414518,0.2844364937388193
2777,0.97588277,0.6017011834319527
2778,0.80852497,0.011363636363636364
2779,0.9005917,0.06896551724137931
2780,0.91970307,0.25675675675675674
2781,0.71038485,0.1761194029850746
2782,0.794275,0.030878859857482184
2783,0.8320831,0.1875
2784,0.70810103,0.036036036036036036
2785,0.9164425,0.33251231527093594
2786,0.89821124,0.5745111260957518
2787,0.912355,0.3775
2788,0.9152247,0.27635619242579323
2789,0.855304,0.0
2790,0.77750164,0.1
2791,0.9233805,0.3937875751503006
2792,0.6524246,0.05194805194805195
2793,0.5982588,0.03932584269662921
2794,0.29671407,0.09825997952917093
2795,0.7774675,0.04878048780487805
2796,0.93578845,0.511369645690111
2797,0.92283887,0.19548872180451127
2798,0.62810016,0.07692307692307693
2799,0.91854936,0.3071253071253071
2800,0.8108763,0.2707253886010363
2801,0.94117355,0.2146341463414634
2802,0.8894104,0.2976190476190476
2803,0.95853174,0.7244575936883629
2804,0.41713947,0.20023557126030625
2805,0.7730566,0.48765256883338065
2806,0.87652534,0.2627986348122867
2807,0.962029,0.3907745865970409
2808,0.95849735,0.24074074074074073
2809,0.9352436,0.17790328273914577
2810,0.9277081,0.562254259501966
2811,0.8237038,0.15217391304347827
2812,0.30876803,0.036228093120585926
2813,0.8964468,0.1341991341991342
2814,0.9028025,0.3106646058732612
2815,0.8712635,0.18548387096774194
2816,0.69880825,0.22418136020151133
2817,0.91917217,0.21610169491525424
2818,0.6382475,0.1719939117199391
2819,0.9627707,0.36333333333333334
2820,0.7608233,0.18370739817123857
2821,0.8552482,0.07692307692307693
2822,0.6359662,0.055248618784530384
2823,0.4660696,0.15899122807017543
2824,0.8835655,0.7881971265255677
2825,0.7952257,0.004464285714285714
2826,0.94734335,0.22448979591836735
2827,0.53628546,0.17310443490701002
2828,0.9445092,0.49677238282346337
2829,0.58269787,0.053940514199294236
2830,0.8789432,0.4125799573560768
2831,0.95043206,0.07692307692307693
2832,0.80526954,0.12287334593572778
2833,0.90828496,0.19469026548672566
2834,0.9690012,0.5720430107526882
2835,0.8587681,0.4166666666666667
2836,0.62737817,0.19337016574585636
2837,0.75868064,0.3094425483503982
2838,0.9268982,0.41580756013745707
2839,0.933626,0.2897727272727273
2840,0.7613642,0.11538461538461539
2841,0.9631881,0.6805155420773313
2842,0.9612761,0.17142857142857143
2843,0.7655998,0.23414634146341465
2844,0.8749913,0.11057692307692307
2845,0.9184307,0.3540436456996149
2846,0.8857677,0.25675675675675674
2847,0.8806046,0.18562874251497005
2848,0.5950424,0.032387312186978295
2849,0.9326515,0.31499051233396586
2850,0.87952256,0.5882352941176471
2851,0.8289899,0.029585798816568046
2852,0.94596016,0.1303370786516854
2853,0.8028949,0.395985401459854
2854,0.5624784,0.05102040816326531
2855,0.9859228,0.5804020100502513
2856,0.5165821,0.129512467435802
2857,0.84892595,0.06672158154859967
2858,0.8506712,0.0
2859,0.9542781,0.04152249134948097
2860,0.506001,0.14640698455339154
2861,0.9673188,0.3583815028901734
2862,0.874531,0.04424778761061947
2863,0.9517471,0.650137741046832
2864,0.7712804,0.23655913978494625
2865,0.7949809,0.06686046511627906
2866,0.24760644,0.0
2867,0.6863703,0.07772020725388601
2868,0.7508563,0.04411764705882353
2869,0.8430738,0.2855313700384123
2870,0.86953527,0.09829721362229102
2871,0.9097999,0.18292682926829268
2872,0.69028205,0.0
2873,0.8649717,0.21052631578947367
2874,0.8668396,0.20833333333333334
2875,0.93641734,0.1968503937007874
2876,0.7281618,0.017777777777777778
2877,0.5694981,0.1273031825795645
2878,0.91817355,0.23493975903614459
2879,0.78743964,0.21428571428571427
2880,0.36430866,0.10945273631840796
2881,0.8501994,0.32058414464534074
2882,0.9514624,0.42278481012658226
2883,0.9560542,0.35465393794749406
2884,0.9170253,0.1446128635804998
2885,0.93016547,0.49745977984758677
2886,0.53903896,0.053475935828877004
2887,0.7682819,0.17040358744394618
2888,0.77231836,0.054945054945054944
2889,0.9402824,0.15935828877005348
2890,0.9529562,0.38196618659987475
2891,0.8216388,0.0
2892,0.80411196,0.09584664536741214
2893,0.5943843,0.12611464968152866
2894,0.840936,0.3697972251867663
2895,0.8715222,0.35941594908274055
2896,0.93451273,0.3104325699745547
2897,0.93641156,0.38164251207729466
2898,0.7015651,0.061046511627906974
2899,0.6156076,0.06474820143884892
2900,0.6989108,0.12370311252992817
2901,0.9776814,0.7465224111282844
2902,0.8179472,0.4724898308713338
2903,0.9644431,0.4911680911680912
2904,0.9392343,0.08361486486486487
2905,0.9478658,0.46008869179600886
2906,0.94482297,0.3953488372093023
2907,0.9625854,0.43253043253043255
2908,0.9473486,0.0346309403437816
2909,0.5840667,0.1109366823652538
2910,0.6105792,0.07736389684813753
2911,0.90480155,0.44418052256532065
2912,0.8285327,0.08365019011406843
2913,0.6519603,0.02912621359223301
2914,0.58545,0.0
2915,0.93240523,0.36904761904761907
2916,0.4986305,0.04280821917808219
2917,0.7022445,0.06306306306306306
2918,0.7602591,0.06149193548387097
2919,0.85279745,0.25511921458625525
2920,0.3901895,0.0
2921,0.7287367,0.0625
2922,0.66870564,0.10815602836879433
2923,0.6181947,0.0
2924,0.9549107,0.0
2925,0.92242664,0.0
2926,0.8354472,0.24740484429065743
2927,0.6906209,0.1589958158995816
2928,0.9162873,0.19205298013245034
2929,0.70926774,0.2356687898089172
2930,0.9269716,0.05555555555555555
2931,0.91046363,0.4379370629370629
2932,0.9138918,0.189873417721519
2933,0.542701,0.10526315789473684
2934,0.70725113,0.27193347193347195
2935,0.91233903,0.46060171919770776
2936,0.94956654,0.36231884057971014
2937,0.80422914,0.06666666666666667
2938,0.8399185,0.24752475247524752
2939,0.92851585,0.0
2940,0.9200064,0.30935251798561153
2941,0.8384421,0.1299513551077137
2942,0.8344226,0.5206445115810675
2943,0.8757877,0.34831460674157305
2944,0.9553143,0.3269230769230769
2945,0.97868246,0.5177725118483413
2946,0.94247746,0.6201716738197425
2947,0.83937466,0.029411764705882353
2948,0.85954654,0.23
2949,0.9567146,0.09516616314199396
2950,0.6595658,0.08823529411764706
2951,0.9494219,0.1875
2952,0.70866495,0.0
2953,0.85470295,0.2509025270758123
2954,0.8371758,0.23300970873786409
2955,0.9415089,0.2857142857142857
2956,0.9803456,0.660394265232975
2957,0.97063625,0.3640856672158155
2958,0.67250884,0.2890381386423603
2959,0.68765527,0.1761467889908257
2960,0.7455597,0.14285714285714285
2961,0.6651727,0.11940298507462686
2962,0.62066054,0.005591054313099041
2963,0.9063903,0.18627450980392157
2964,0.935931,0.471148755955532
2965,0.76451397,0.37218543046357616
2966,0.51920927,0.13114754098360656
2967,0.8829445,0.15384615384615385
2968,0.9547293,0.808666911494675
2969,0.73044986,0.3326761951700345
2970,0.9315323,0.3229166666666667
2971,0.7070124,0.09009009009009009
2972,0.33826262,0.1314655172413793
2973,0.91485584,0.0625
2974,0.88680995,0.3905325443786982
2975,0.2494102,0.11377893142980748
2976,0.7434623,0.014481707317073171
2977,0.88860023,0.8284110324627777
2978,0.5091806,0.125
2979,0.79483896,0.3083079268292683
2980,0.95050234,0.45194274028629855
2981,0.6237779,0.011123470522803115
2982,0.9504218,0.8454238717840573
2983,0.9488903,0.52843083652269
2984,0.94744825,0.22
2985,0.8000193,0.20987654320987653
2986,0.6107372,0.0
2987,0.6664304,0.08
2988,0.9526307,0.3563218390804598
2989,0.43506077,0.11808118081180811
2990,0.72393507,0.17183098591549295
2991,0.9464486,0.41798941798941797
2992,0.68991774,0.3203592814371258
2993,0.6534954,0.001349527665317139
2994,0.6436885,0.07360406091370558
2995,0.5813817,0.14012738853503184
2996,0.90735203,0.018518518518518517
2997,0.539702,0.04659782896478687
2998,0.8982632,0.24298111281265952
2999,0.9144774,0.09183673469387756
3000,0.7137067,0.04132231404958678
3001,0.71559227,0.3669108669108669
3002,0.76429206,0.12727272727272726
3003,0.90346694,0.311614730878187
3004,0.88780457,0.01314800901577761
3005,0.8732438,0.13740458015267176
3006,0.8591882,0.013569648296870672
3007,0.82772005,0.1470888661899898
3008,0.70643157,0.27860696517412936
3009,0.9717457,0.3368055555555556
3010,0.947199,0.2862476664592408
3011,0.9493132,0.21212121212121213
3012,0.6264253,0.14723203769140164
3013,0.7388196,0.2384428223844282
3014,0.8239282,0.25862068965517243
3015,0.8480267,0.0
3016,0.37429652,0.8899315004222577
3017,0.9101798,0.26737967914438504
3018,0.920425,0.11594202898550725
3019,0.9761039,0.4309016764839148
3020,0.9373395,0.10191082802547771
3021,0.87753296,0.27039748953974896
3022,0.93342334,0.5282009057225195
3023,0.64969724,0.08200455580865604
3024,0.92639834,0.21212121212121213
3025,0.3126382,0.10061457418788411
3026,0.6782926,0.030598520511096166
3027,0.7868971,0.010165184243964422
3028,0.7418909,0.06688963210702341
3029,0.6776889,0.0824295010845987
3030,0.3513074,0.0
3031,0.5576996,0.0
3032,0.72851855,0.7842455835505358
3033,0.9012618,0.22043010752688172
3034,0.90372014,0.20241691842900303
3035,0.8861221,0.15
3036,0.7096507,0.42836442673428726
3037,0.4295024,0.44032147742818056
3038,0.933158,0.28536880290205563
3039,0.9366412,0.3083941605839416
3040,0.6867226,0.2393617021276596
3041,0.48730534,0.0
3042,0.8442244,0.16778523489932887
3043,0.8720133,0.054945054945054944
3044,0.86082023,0.1553398058252427
3045,0.4530834,0.27324788655576765
3046,0.9248825,0.29476584022038566
3047,0.9757276,0.3781094527363184
3048,0.98140675,0.6693786982248521
3049,0.57751304,0.13261648745519714
3050,0.900764,0.006622516556291391
3051,0.9311247,0.18518518518518517
3052,0.94606227,0.30337078651685395
3053,0.7197748,0.23509933774834438
3054,0.7375994,0.1524390243902439
3055,0.7695431,0.023949744797801334
3056,0.95787966,0.3671052631578947
3057,0.96464384,0.43412526997840173
3058,0.62461644,0.1851393188854489
3059,0.7443691,0.05194805194805195
3060,0.54480463,0.009405074365704287
3061,0.56819636,0.14838709677419354
3062,0.37295845,0.11906816220880069
3063,0.846856,0.405777166437414
3064,0.8527274,0.15104166666666666
3065,0.90274036,0.2316849816849817
3066,0.9488466,0.2598870056497175
3067,0.5503187,0.017241379310344827
3068,0.870382,0.09230769230769231
3069,0.9063566,0.4444444444444444
3070,0.67023116,0.0025493945188017845
3071,0.6847321,0.3161668839634941
3072,0.9070421,0.3451492537313433
3073,0.93832844,0.49777777777777776
3074,0.8566966,0.27365728900255754
3075,0.8533577,0.10227272727272728
3076,0.8417119,0.20382695507487522
3077,0.53682405,0.14225941422594143
3078,0.8082813,0.10784313725490197
3079,0.9230388,0.5210035005834306
3080,0.69140667,0.24610591900311526
3081,0.9524778,0.11974110032362459
3082,0.84194404,0.10584518167456557
3083,0.940318,0.6350710900473934
3084,0.7901816,0.02127659574468085
3085,0.65919155,0.11685393258426967
3086,0.4585589,0.02849002849002849
3087,0.80024207,0.27060653188180406
3088,0.7528092,0.09969167523124357
3089,0.7522807,0.18202247191011237
3090,0.91061836,0.00554016620498615
3091,0.7360875,0.17136659436008678
3092,0.77575666,0.30019880715705766
3093,0.97014695,0.3859864781807007
3094,0.9231166,0.25
3095,0.96507096,0.15666666666666668
3096,0.95245075,0.36317567567567566
3097,0.83016187,0.07269155206286837
3098,0.9076733,0.2344559585492228
3099,0.9228634,0.2025862068965517
3100,0.9534363,0.4343807763401109
3101,0.82911295,0.10426540284360189
3102,0.8804867,0.061068702290076333
3103,0.6469327,0.20475847152126891
3104,0.7140216,0.08831908831908832
3105,0.32573998,0.0
3106,0.881462,0.0
3107,0.8753398,0.36046511627906974
3108,0.7253424,0.19402985074626866
3109,0.60591656,0.0825910931174089
3110,0.89169705,0.5590841949778435
3111,0.63580686,0.006170458927882761
3112,0.8443818,0.26288659793814434
3113,0.7094758,0.24965955515206537
3114,0.90057886,0.36075036075036077
3115,0.64555734,0.06031746031746032
3116,0.94528276,0.24484536082474226
3117,0.8809055,0.31917525773195876
3118,0.88530064,0.2463157894736842
3119,0.78011745,0.24186046511627907
3120,0.95623344,0.5649068322981367
3121,0.6387187,0.0071794871794871795
3122,0.87878096,0.27896995708154504
3123,0.9491167,0.48444031583836505
3124,0.9162038,0.20218579234972678
3125,0.45688248,0.010169491525423728
3126,0.8597578,0.31843575418994413
3127,0.97240895,0.3333333333333333
3128,0.61783963,0.0
3129,0.7610324,0.041379310344827586
3130,0.8252906,0.16767922235722965
3131,0.8910679,0.18487394957983194
3132,0.9591852,0.1728395061728395
3133,0.90149534,0.38132635253054104
3134,0.9350521,0.24187725631768953
3135,0.91357166,0.439891940567312
3136,0.95213723,0.14358974358974358
3137,0.94116503,0.13555992141453832
3138,0.93427104,0.16470588235294117
3139,0.53134805,0.3125827814569536
3140,0.93794835,0.48597081930415265
3141,0.7177095,0.15671480922612632
3142,0.9296192,0.21951219512195122
3143,0.9753088,0.6659129451667609
3144,0.64985865,0.1759656652360515
3145,0.84663177,0.24468085106382978
3146,0.4540129,0.6445797807551766
3147,0.7315254,0.06521739130434782
3148,0.7612527,0.018461538461538463
3149,0.5099533,0.19575856443719414
3150,0.78933966,0.006880733944954129
3151,0.9752346,0.48694942903752036
3152,0.8844489,0.3594059405940594
3153,0.64817095,0.9792970630717381
3154,0.8492768,0.21879194630872484
3155,0.7994872,0.26066350710900477
3156,0.97000194,0.310543004359889
3157,0.95062137,0.31176470588235294
3158,0.7632971,0.39285714285714285
3159,0.76109284,0.05250997689561017
3160,0.82621086,0.0
3161,0.708565,0.07848101265822785
3162,0.77012867,0.18268215417106654
3163,0.7217912,0.06765676567656766
3164,0.9503099,0.44719101123595506
3165,0.50433564,0.083710407239819
3166,0.61938477,0.09541984732824428
3167,0.95183796,0.5885947046843177
3168,0.5351046,0.22459016393442624
3169,0.9146636,0.18571428571428572
3170,0.9191744,0.31031307550644566
3171,0.73875,0.18170266836086404
3172,0.88704056,0.4487145507553671
3173,0.95270675,0.37825059101654845
3174,0.9577304,0.44432989690721647
3175,0.67208374,0.017094017094017096
3176,0.84135425,0.2629222629222629
3177,0.8490081,0.10650887573964497
3178,0.55001456,0.23311092577147624
3179,0.9373679,0.2617801047120419
3180,0.82553273,0.050595238095238096
3181,0.89324147,0.08333333333333333
3182,0.8966802,0.2970027247956403
3183,0.83358365,0.3227665706051873
3184,0.7128811,0.20303867403314918
3185,0.9520029,0.6491764705882352
3186,0.82630664,0.037616763443574855
3187,0.6039419,0.08690330477356181
3188,0.867343,0.1358649789029536
3189,0.9694503,0.2678275290215589
3190,0.88125724,0.9470030085628327
3191,0.50009584,0.045454545454545456
3192,0.7091431,0.37237237237237236
3193,0.7365209,0.10714285714285714
3194,0.9389111,0.3428258488499452
3195,0.9244006,0.12027491408934708
3196,0.43419275,0.10028382213812677
3197,0.8649076,0.004484304932735426
3198,0.5484785,0.0
3199,0.8431063,0.09941520467836257
3200,0.30676925,0.11746942473199457
3201,0.9410643,0.32894736842105265
3202,0.9432351,0.06097560975609756
3203,0.9584423,0.1694915254237288
3204,0.9515083,0.5460164835164835
3205,0.9266973,0.5566539923954372
3206,0.6988676,0.0012340600575894694
3207,0.8916143,0.23432898611695416
3208,0.7863771,0.0
3209,0.90963316,0.0660377358490566
3210,0.85831606,0.43438219493476593
3211,0.8285084,0.0
3212,0.77575904,0.0
3213,0.85189044,0.33707865168539325
3214,0.76282525,0.08695652173913043
3215,0.69864494,0.0736196319018405
3216,0.8649,0.07874015748031496
3217,0.9414088,0.35913591359135916
3218,0.9337532,0.5325824617860017
3219,0.86940426,0.22023809523809523
3220,0.9640582,0.12692656391659113
3221,0.7028094,0.011363636363636364
3222,0.7835909,0.0594059405940594
3223,0.88173324,0.2137809187279152
3224,0.88349193,0.40618260244428467
3225,0.7811485,0.22141119221411193
3226,0.92295253,0.4349680170575693
3227,0.93735933,0.4585514834205934
3228,0.6245783,0.1102863202545069
3229,0.9387042,0.12903225806451613
3230,0.96884567,0.6369327073552425
3231,0.95882076,0.46747967479674796
3232,0.80758035,0.36482412060301506
3233,0.7615012,0.337322363500374
3234,0.8841644,0.2967032967032967
3235,0.94153917,0.36750483558994196
3236,0.8705763,0.156714854389273
3237,0.93907666,0.2535723564562224
3238,0.9039339,0.4525043177892919
3239,0.8983465,0.24210526315789474
3240,0.6046237,0.22522522522522523
3241,0.88844585,0.27631578947368424
3242,0.7492394,0.03389830508474576
3243,0.9702752,0.23672566371681417
3244,0.85740715,0.6456217050276456
3245,0.8056191,0.08391608391608392
3246,0.90783685,0.09219858156028368
3247,0.6096774,0.03987730061349693
3248,0.9733025,0.2290187217559716
3249,0.9293611,0.14545454545454545
3250,0.8861492,0.25502008032128515
3251,0.94534385,0.42323651452282157
3252,0.93670195,0.29012345679012347
3253,0.9064543,0.2039355992844365
3254,0.55827516,0.07920792079207921
3255,0.8804697,0.17269736842105263
3256,0.6723601,0.2693032015065913
3257,0.9596099,0.24356144223693893
3258,0.89111793,0.24408014571949
3259,0.94236296,0.23529411764705882
3260,0.9177499,0.2300163132137031
3261,0.97188926,0.32507739938080493
3262,0.9039601,0.32727272727272727
3263,0.447719,0.13313609467455623
3264,0.70981,0.13831967213114754
3265,0.82598394,0.1590909090909091
3266,0.87081134,0.2826923076923077
3267,0.963427,0.2651685393258427
3268,0.8711383,0.31875
3269,0.91032094,0.10905730129390019
3270,0.52042484,0.0041876046901172526
3271,0.6697082,0.8470849304014525
3272,0.91186976,0.13953488372093023
3273,0.9646765,0.4776409591704472
3274,0.8051843,0.7546494992846924
3275,0.8456217,0.13402061855670103
3276,0.94871837,0.3905882352941176
3277,0.9445729,0.23096446700507614
3278,0.809336,0.147239263803681
3279,0.5900544,0.03048780487804878
3280,0.96265924,0.2549019607843137
3281,0.8905248,0.17579908675799086
3282,0.7795719,0.08019639934533551
3283,0.9259812,0.24260355029585798
3284,0.49836543,0.0142602495543672
3285,0.73556244,0.039603960396039604
3286,0.8801292,0.078125
3287,0.9312855,0.16666666666666666
3288,0.7121379,0.0
3289,0.9279995,0.20681818181818182
3290,0.65482324,0.1647183846971307
3291,0.89611506,0.23863636363636365
3292,0.9382816,0.14814814814814814
3293,0.70619863,0.058871627146361405
3294,0.64369386,0.0
3295,0.53422743,0.011619634811477354
3296,0.7797596,0.4074185765983112
3297,0.4726938,0.24180327868852458
3298,0.78857726,0.27156094084105487
3299,0.93693393,0.0
3300,0.8767461,0.4024390243902439
3301,0.87228066,0.23333333333333334
3302,0.5418344,0.01553829078801332
3303,0.65360075,0.0
3304,0.78821725,0.17180616740088106
3305,0.8671534,0.43213897937024975
3306,0.85743964,0.08888888888888889
3307,0.66007566,0.21052631578947367
3308,0.82609105,0.16265060240963855
3309,0.93940866,0.2317596566523605
3310,0.9817871,0.6958565971201881
3311,0.8476813,0.14878809695224382
3312,0.60344404,0.3028557114228457
3313,0.5035723,0.26271693596648715
3314,0.80563813,0.05581039755351682
3315,0.94882506,0.4714210802307289
3316,0.94376844,0.4221915285451197
3317,0.9270797,0.16155896069287143
3318,0.3567581,0.005256773150020219
3319,0.9521177,0.4686234817813765
3320,0.7788424,0.06504065040650407
3321,0.95084333,0.29245283018867924
3322,0.8565309,0.10959423587409936
3323,0.87357056,0.27300613496932513
3324,0.80180705,0.04411764705882353
3325,0.915458,0.07551887971992999
3326,0.91152555,0.13636363636363635
3327,0.95120436,0.7460665934870107
3328,0.48300806,0.19225634178905207
3329,0.95036495,0.13636363636363635
3330,0.9215311,0.23157894736842105
3331,0.80708706,0.23590504451038577
3332,0.7743932,0.18545837723919917
3333,0.9312698,0.2613390928725702
3334,0.913416,0.13402061855670103
3335,0.9200653,0.40519877675840976
3336,0.9369928,0.46487985212569316
3337,0.9281587,0.488030888030888
3338,0.94899243,0.5501625135427952
3339,0.6683275,0.7542087542087542
3340,0.8508307,0.4791787160208213
3341,0.874175,0.19791666666666666
3342,0.529473,0.037589214908802536
3343,0.8380265,0.0
3344,0.430123,0.17162471395881007
3345,0.86786264,0.3208993357179356
3346,0.93992484,0.3484626647144949
3347,0.93343794,0.3471502590673575
3348,0.7788053,0.3427724728350346
3349,0.82836676,0.17117117117117117
3350,0.911655,0.23255813953488372
3351,0.68066514,0.22636103151862463
3352,0.963146,0.4716981132075472
3353,0.8820188,0.14634146341463414
3354,0.77215284,0.3099815643929418
3355,0.65545434,0.08778625954198473
3356,0.73663634,0.13333333333333333
3357,0.9017998,0.18503289473684212
3358,0.86705315,0.2028985507246377
3359,0.75335884,0.7907742998352554
3360,0.9284945,0.2744479495268139
3361,0.6542173,0.17581047381546136
3362,0.5974553,0.023255813953488372
3363,0.4511697,0.14965849738850945
3364,0.9191831,0.26468401486988846
3365,0.97404927,0.2920353982300885
3366,0.9661568,0.0821917808219178
3367,0.8922816,0.2916666666666667
3368,0.9397592,0.0680786686838124
3369,0.7427992,0.2839622641509434
3370,0.6634761,0.14709677419354839
3371,0.68115133,0.1527777777777778
3372,0.7746145,0.09900990099009901
3373,0.8162725,0.1850828729281768
3374,0.46263894,0.04477611940298507
3375,0.53290045,0.04065040650406504
3376,0.9446355,0.2756756756756757
3377,0.3368874,0.002980132450331126
3378,0.6424561,0.21380697050938338
3379,0.88938373,0.49230769230769234
3380,0.94601023,0.6651406147809026
3381,0.89660215,0.17754172989377845
3382,0.91768044,0.4873574615765989
3383,0.88357556,0.3392461197339246
3384,0.88612956,0.11210762331838565
3385,0.9755457,0.5499016715830876
3386,0.8418254,0.2
3387,0.84209806,0.19019607843137254
3388,0.9412745,0.3326530612244898
3389,0.6705195,0.1046831955922865
3390,0.89085877,0.125
3391,0.9027097,0.12727272727272726
3392,0.94814676,0.48998330550918195
3393,0.8953103,0.29591836734693877
3394,0.78840333,0.03488372093023256
3395,0.9144372,0.2757475083056478
3396,0.8800263,0.266
3397,0.92985624,0.36012861736334406
3398,0.8717315,0.2677966101694915
3399,0.8331174,0.13023255813953488
3400,0.7133578,0.05263157894736842
3401,0.61452425,0.017218543046357615
3402,0.58056265,0.13048731373338704
3403,0.94196975,0.44166666666666665
3404,0.7333077,0.11931818181818182
3405,0.76489145,0.13286713286713286
3406,0.81471103,0.001336898395721925
3407,0.8839005,0.2084592145015106
3408,0.9589393,0.3470319634703196
3409,0.6237188,0.12779329608938547
3410,0.71606314,0.0
3411,0.8943615,0.12669683257918551
3412,0.5210075,0.7002967359050445
3413,0.92618245,0.18614718614718614
3414,0.46914518,0.02802664828853664
3415,0.48114625,0.18021445866482186
3416,0.96426904,0.7133850630455868
3417,0.8601011,0.2356687898089172
3418,0.8152156,0.0967741935483871
3419,0.8783069,0.05
3420,0.9282248,0.15492957746478872
3421,0.6851473,0.003121748178980229
3422,0.74441594,0.1724137931034483
3423,0.9158802,0.2
3424,0.80077744,0.1458277792588643
3425,0.8450479,0.19259606373008434
3426,0.89675695,0.14410480349344978
3427,0.85367227,0.2759938837920489
3428,0.8728786,0.28938906752411575
3429,0.95377415,0.3538175046554935
3430,0.9007609,0.0
3431,0.87478715,0.33116883116883117
3432,0.87308085,0.27419354838709675
3433,0.63080895,0.004734848484848485
3434,0.93782336,0.09321012454801125
3435,0.89469886,0.21428571428571427
3436,0.861513,0.18032786885245902
3437,0.72618717,0.11800302571860817
3438,0.91186416,0.5226519337016574
3439,0.75019217,0.06
3440,0.8016194,0.3712574850299401
3441,0.8133614,0.1342281879194631
3442,0.918084,0.19406392694063926
3443,0.92210776,0.024799416484318017
3444,0.9547649,0.15451604876835034
3445,0.8832326,0.15384615384615385
3446,0.72378314,0.16363636363636364
3447,0.8714677,0.343042071197411
3448,0.79083216,0.17252396166134185
3449,0.87625337,0.10416666666666667
3450,0.8215288,0.10583941605839416
3451,0.7331309,0.37037037037037035
3452,0.9684342,0.42804085422469823
3453,0.8302136,0.42179353493222105
3454,0.8509295,0.11842105263157894
3455,0.8950158,0.25
3456,0.92700064,0.21739130434782608
3457,0.9499728,0.3067484662576687
3458,0.67559993,0.043478260869565216
3459,0.8203204,0.18421052631578946
3460,0.7344234,0.0
3461,0.9234511,0.1111111111111111
3462,0.93272877,0.7873616236162362
3463,0.7884019,0.009104704097116844
3464,0.8830422,0.30086877000457246
3465,0.94828963,0.21100917431192662
3466,0.77310544,0.29665629860031106
3467,0.94811225,0.44083629893238435
3468,0.8595985,0.017259414225941423
3469,0.83204055,0.49700598802395207
3470,0.7499833,0.08333333333333333
3471,0.93568814,0.12658227848101267
3472,0.57059604,0.0
3473,0.6541527,0.08333333333333333
3474,0.56326455,0.20410490307867732
3475,0.98000085,0.36233269598470363
3476,0.78948766,0.32967032967032966
3477,0.9022126,0.17563739376770537
3478,0.9599801,0.29714285714285715
3479,0.42337316,0.08340807174887892
3480,0.8801611,0.17217391304347826
3481,0.67989343,0.20151679306608883
3482,0.91389924,0.6797230464886251
3483,0.9680241,0.500395256916996
3484,0.68495315,0.21082299887260428
3485,0.96394205,0.5010060362173038
3486,0.9330098,0.10071942446043165
3487,0.8956641,0.5719536330223353
3488,0.83222634,0.17417783191230207
3489,0.9426455,0.5649328281088529
3490,0.9292724,0.6
3491,0.42316076,0.09148531586731459
3492,0.9054547,0.2620320855614973
3493,0.8518468,0.29050814956855225
3494,0.7717328,0.16296296296296298
3495,0.40279338,0.09684857801691008
3496,0.9228667,0.4629277566539924
3497,0.93485975,0.25
3498,0.73297143,0.0
3499,0.83873826,0.0878143972246314
3500,0.964759,0.4090368608799049
3501,0.9396157,0.4603501544799176
3502,0.9662632,0.20590302178496134
3503,0.59515536,0.04316546762589928
3504,0.56415397,0.040697674418604654
3505,0.6152234,0.08881578947368421
3506,0.9548454,0.0513347022587269
3507,0.91816986,0.21723518850987433
3508,0.93769634,0.16
3509,0.8483095,0.15730337078651685
3510,0.89136076,0.24444444444444444
3511,0.73182267,0.012259194395796848
3512,0.85474306,0.030303030303030304
3513,0.43833444,0.010540184453227932
3514,0.86182857,0.296229802513465
3515,0.746376,0.1248513674197384
3516,0.80759495,0.17315175097276264
3517,0.9068164,0.31160896130346233
3518,0.9170915,0.7527708663198371
3519,0.5905299,0.0
3520,0.8276984,0.0
3521,0.8855832,0.10909090909090909
3522,0.9771416,0.5616561656165616
3523,0.84186566,0.47608503100088573
3524,0.68570304,0.48475429248075785
3525,0.9169698,0.24383561643835616
3526,0.89579993,0.34564643799472294
3527,0.4996973,0.0
3528,0.35921746,0.04468864468864469
3529,0.971342,0.08227848101265822
3530,0.8668274,0.8220684761397906
3531,0.8607904,0.18414154652686762
3532,0.8179957,0.1210762331838565
3533,0.9049144,0.3028169014084507
3534,0.8862667,0.02857142857142857
3535,0.36218643,0.05970149253731343
3536,0.49050444,0.15844636251541308
3537,0.7278734,0.14210526315789473
3538,0.6631443,0.22893258426966293
3539,0.94686383,0.5673973293020912
3540,0.91090345,0.40816326530612246
3541,0.68409073,0.192
3542,0.9618255,0.35987261146496813
3543,0.9380689,0.21100917431192662
3544,0.872391,0.1781609195402299
3545,0.8621221,0.24074074074074073
3546,0.95436114,0.38461538461538464
3547,0.87874854,0.35064935064935066
3548,0.94064367,0.25833333333333336
3549,0.86105365,0.2852037169406719
3550,0.9186643,0.09090909090909091
3551,0.3627737,0.025894897182025894
3552,0.8889126,0.36517181129877696
3553,0.8518919,0.043478260869565216
3554,0.93803006,0.15677134445534838
3555,0.94002247,0.1835897435897436
3556,0.8542915,0.3002754820936639
3557,0.89195627,0.19552337063857803
3558,0.94607013,0.6748149423308659
3559,0.95261997,0.25316455696202533
3560,0.9120018,0.2288488210818308
3561,0.48562074,0.026525198938992044
3562,0.85184634,0.10810810810810811
3563,0.77764344,0.05053191489361702
3564,0.91574454,0.3728386167146974
3565,0.943348,0.10666666666666667
3566,0.5848889,0.019003931847968544
3567,0.9643024,0.390745501285347
3568,0.72166646,0.026687598116169546
3569,0.78596234,0.10548523206751055
3570,0.4403554,0.23162939297124602
3571,0.8253854,0.3499134948096886
3572,0.66868395,0.07906976744186046
3573,0.49332535,0.3281616453184196
3574,0.92960554,0.63
3575,0.88630337,0.1680327868852459
3576,0.92497,0.5971786833855799
3577,0.8580677,0.24789915966386555
3578,0.45921022,0.061611374407582936
3579,0.9515936,0.49263241736360014
3580,0.9714924,0.46637744034707157
3581,0.74003154,0.0721747388414055
3582,0.36237478,0.06277827248441674
3583,0.6306216,0.0
3584,0.9282247,0.34782608695652173
3585,0.573166,0.08422459893048129
3586,0.9685145,0.21505376344086022
3587,0.7790276,0.3257372654155496
3588,0.8229614,0.3492647058823529
3589,0.76563776,0.041666666666666664
3590,0.9132752,0.28125
3591,0.9366797,0.0625
3592,0.77935386,0.15723270440251572
3593,0.65918565,0.11398601398601399
3594,0.9475902,0.4039347007115948
3595,0.7958296,0.07301587301587302
3596,0.62713593,0.09966777408637874
3597,0.738441,0.06015037593984962
3598,0.6676359,0.18711656441717792
3599,0.9653998,0.25
3600,0.91324633,0.02097902097902098
3601,0.91886,0.30303030303030304
3602,0.77858573,0.1964956195244055
3603,0.87229025,0.15384615384615385
3604,0.7609728,0.016666666666666666
3605,0.8497395,0.0
3606,0.82399124,0.015873015873015872
3607,0.9605803,0.4848698099929627
3608,0.7582209,0.025153374233128835
3609,0.6102306,0.34806835066864783
3610,0.83478814,0.17567567567567569
3611,0.8470936,0.1836734693877551
3612,0.63196933,0.06741573033707865
3613,0.9266913,0.5255652173913044
3614,0.8538242,0.03812316715542522
3615,0.79889274,0.1993292810731503
3616,0.7370207,0.03864042933810376
3617,0.6652506,0.09353507565337002
3618,0.836508,0.05263157894736842
3619,0.90314627,0.22123893805309736
3620,0.71982586,0.0
3621,0.64039296,0.06201550387596899
3622,0.8020253,0.1111111111111111
3623,0.9619627,0.47706855791962177
3624,0.8441584,0.11290322580645161
3625,0.76637125,0.25
3626,0.7397365,0.07874015748031496
3627,0.8910588,0.538338976299542
3628,0.98148173,0.584493518963034
3629,0.9550849,0.46744890234670705
3630,0.93929774,0.29694323144104806
3631,0.93134344,0.43219362274298884
3632,0.785193,0.125
3633,0.57793176,0.04441776710684274
3634,0.9452406,0.17647058823529413
3635,0.9534456,0.5610561056105611
3636,0.83943415,0.22491349480968859
3637,0.9308042,0.16484118291347208
3638,0.8898945,0.25
3639,0.9554723,0.2747175141242938
3640,0.8070557,0.0
3641,0.9416885,0.0847145488029466
3642,0.96571195,0.5376884422110553
3643,0.9414539,0.2277992277992278
3644,0.9160309,0.5302375809935205
3645,0.76930565,0.24294670846394983
3646,0.7750582,0.0
3647,0.46183318,0.059438951483099564
3648,0.7176023,0.0
3649,0.8277631,0.44754098360655736
3650,0.5987614,0.30009680542110356
3651,0.901322,0.11282051282051282
3652,0.82201076,0.20361990950226244
3653,0.92375106,0.2972972972972973
3654,0.6868365,0.6702592780884595
3655,0.9300183,0.403030303030303
3656,0.75533724,0.1142579705453957
3657,0.60076684,0.10227272727272728
3658,0.8752341,0.14814814814814814
3659,0.9372303,0.3068181818181818
3660,0.7243575,0.6551910598413843
3661,0.5097547,0.0
3662,0.63499856,0.025210084033613446
3663,0.9736457,0.21348314606741572
3664,0.6202752,0.12560386473429952
3665,0.6314684,0.025223499361430396
3666,0.9530725,0.3770491803278688
3667,0.8436278,0.09195402298850575
3668,0.8043398,0.18523233609166137
3669,0.86768776,0.24193548387096775
3670,0.9391718,0.06050605060506051
3671,0.84458816,0.7051305130513051
3672,0.28943524,0.11944202266782912
3673,0.87811244,0.375
3674,0.86987954,0.2375
3675,0.81323314,0.12903225806451613
3676,0.62818277,0.026985936906119345
3677,0.81434476,0.2564102564102564
3678,0.8067953,0.0
3679,0.95579034,0.7290632240979809
3680,0.8606922,0.06666666666666667
3681,0.9711099,0.15702479338842976
3682,0.9044498,0.09673202614379085
3683,0.92482054,0.0821917808219178
3684,0.91287154,0.42483660130718953
3685,0.9129522,0.27631578947368424
3686,0.8794883,0.19318181818181818
3687,0.7873694,0.06342117016525234
3688,0.9125049,0.325
3689,0.85309607,0.059322033898305086
3690,0.96606815,0.5461997019374069
3691,0.57816976,0.1720127555805665
3692,0.9821139,0.6480446927374302
3693,0.7198177,0.26040268456375837
3694,0.86640906,0.24581005586592178
3695,0.95378095,0.13812288340590229
3696,0.6451264,0.012658227848101266
3697,0.8954495,0.3917525773195876
3698,0.9428931,0.25327510917030566
3699,0.706138,0.16333938294010888
3700,0.95101386,0.49173098125689085
3701,0.65364784,0.08737864077669903
3702,0.76330596,0.2866568914956012
3703,0.73628557,0.40199185151652334
3704,0.6735149,0.338368580060423
3705,0.966796,0.3576158940397351
3706,0.7304133,0.15406976744186046
3707,0.95421714,0.2638888888888889
3708,0.71688956,0.054945054945054944
3709,0.5526938,0.25165165165165165
3710,0.6198835,0.24347826086956523
3711,0.911876,0.38881491344873503
3712,0.91459936,0.2717391304347826
3713,0.9049108,0.3680555555555556
3714,0.91296303,0.07307692307692308
3715,0.5315334,0.15885947046843177
3716,0.5706564,0.12858384013900956
3717,0.7926906,0.2558922558922559
3718,0.7553516,0.031746031746031744
3719,0.7708679,0.22007722007722008
3720,0.8254395,0.11643835616438356
3721,0.79586506,0.2665083135391924
3722,0.5452974,0.27044025157232704
3723,0.8946023,0.0
3724,0.9698924,0.6203638908327501
3725,0.90214306,0.045454545454545456
3726,0.76785225,0.05084745762711865
3727,0.825766,0.22197802197802197
3728,0.6859852,0.45494505494505494
3729,0.5703921,0.07432432432432433
3730,0.9617972,0.18333333333333332
3731,0.81579363,0.434968625213919
3732,0.86136216,0.0
3733,0.96344495,0.7507598784194529
3734,0.5589177,0.09542483660130718
3735,0.97712517,0.5031055900621118
3736,0.58564615,0.1297071129707113
3737,0.61884165,0.13375
3738,0.70424587,0.3644536652835408
3739,0.7237592,0.17889908256880735
3740,0.8752947,0.21739130434782608
3741,0.95373756,0.4481441048034934
3742,0.86823905,0.0
3743,0.7466656,0.08823529411764706
3744,0.6696194,0.14835948644793154
3745,0.97683924,0.36917562724014336
3746,0.76976687,0.10869565217391304
3747,0.42523304,0.11494252873563218
3748,0.80128366,0.11764705882352941
3749,0.9380824,0.21031746031746032
3750,0.7984918,0.2962962962962963
3751,0.93089503,0.0
3752,0.82435906,0.07628865979381444
3753,0.94294316,0.3994134897360704
3754,0.9842635,0.35497301464919045
3755,0.8866307,0.40031562335612836
3756,0.8461762,0.3398406374501992
3757,0.7914683,0.3456561922365989
3758,0.91042453,0.30288836846213896
3759,0.98165166,0.7261202830188679
3760,0.89016294,0.09523809523809523
3761,0.61809623,0.13049853372434017
3762,0.87209904,0.02824858757062147
3763,0.60479736,0.09634551495016612
3764,0.80500007,0.0
3765,0.55162805,0.0024691358024691358
3766,0.8838183,0.20114942528735633
3767,0.6233435,0.023809523809523808
3768,0.5500945,0.07570422535211267
3769,0.9451827,0.2842323651452282
3770,0.9015945,0.18461538461538463
3771,0.7559605,0.11071428571428571
3772,0.92084825,0.3898750821827745
3773,0.8328413,0.23809523809523808
3774,0.6608626,0.14434523809523808
3775,0.96257895,0.3826530612244898
3776,0.9029683,0.3940298507462687
3777,0.6633571,0.0019646365422396855
3778,0.8848841,0.25
3779,0.9478975,0.21736313573048266
3780,0.9661916,0.14692982456140352
3781,0.937293,0.12
3782,0.8998775,0.2768361581920904
3783,0.85635465,0.3930517711171662
3784,0.8976349,0.19480519480519481
3785,0.40809977,0.02284527518172378
3786,0.95740795,0.32075471698113206
3787,0.7288906,0.2724505327245053
3788,0.86799574,0.18846153846153846
3789,0.91804487,0.30503597122302156
3790,0.9684327,0.35224438902743144
3791,0.8880851,0.1530207604385351
3792,0.9649067,0.2602291325695581
3793,0.9610014,0.7244949494949495
3794,0.75060517,0.0441527446300716
3795,0.9212384,0.23267326732673269
3796,0.9414746,0.16981132075471697
3797,0.6896301,0.05263157894736842
3798,0.94885784,0.3338391502276176
3799,0.7933746,0.26004728132387706
3800,0.6445028,0.15061475409836064
3801,0.9597961,0.5456521739130434
3802,0.528592,0.08163265306122448
3803,0.880416,0.25757575757575757
3804,0.75631225,0.2044975404075896
3805,0.9918185,0.3217821782178218
3806,0.5091625,0.06181619256017506
3807,0.8512005,0.12557077625570776
3808,0.91472644,0.32275132275132273
3809,0.8616063,0.19402985074626866
3810,0.42941934,0.194043321299639
3811,0.93861985,0.10932475884244373
3812,0.8975079,0.3195718654434251
3813,0.8031059,0.22
3814,0.644805,0.06850715746421268
3815,0.72035336,0.16445623342175067
3816,0.6719176,0.006859756097560976
3817,0.8695021,0.08854166666666667
3818,0.9291449,0.0989010989010989
3819,0.96339524,0.28293736501079914
3820,0.865471,0.33503401360544216
3821,0.48832107,0.0
3822,0.9560737,0.40828804347826086
3823,0.9309172,0.3220250521920668
3824,0.6507044,0.1676829268292683
3825,0.93561035,0.26919967663702504
3826,0.7371765,0.7097009482129832
3827,0.78192616,0.1529891304347826
3828,0.8550691,0.016129032258064516
3829,0.93240815,0.4916438772409602
3830,0.78140104,0.21890547263681592
3831,0.46125665,0.24565469293163383
3832,0.7868967,0.10084033613445378
3833,0.7878853,0.15833333333333333
3834,0.8686938,0.03278688524590164
3835,0.7124397,0.39904023624953855
3836,0.7900575,0.06382978723404255
3837,0.90768886,0.45478036175710596
3838,0.958676,0.14150943396226415
3839,0.8859834,0.35584184806752556
3840,0.6504855,0.34294871794871795
3841,0.88721216,0.24102564102564103
3842,0.94399613,0.41359502154140737
3843,0.92301565,0.1964117091595845
3844,0.79509646,0.10416666666666667
3845,0.50018877,0.045779995660663916
3846,0.93044615,0.34025974025974026
3847,0.93175954,0.18181818181818182
3848,0.8550817,0.25189599133261104
3849,0.83381295,0.20906604142243063
3850,0.9470919,0.08492340768610589
3851,0.96593225,0.6114649681528662
3852,0.5991897,0.34019910744936493
3853,0.9439402,0.4436826640548482
3854,0.9296374,0.25
3855,0.7437757,0.2204843592330979
3856,0.63087887,0.16774193548387098
3857,0.71101916,0.08544303797468354
3858,0.81412154,0.08032128514056225
3859,0.7497653,0.3146067415730337
3860,0.6408868,0.6703763658437879
3861,0.6124138,0.03674540682414698
3862,0.938078,0.1896551724137931
3863,0.8609113,0.4383912248628885
3864,0.6871187,0.012734082397003745
3865,0.6669141,0.009433962264150943
3866,0.9249418,0.263254113345521
3867,0.9226698,0.08108108108108109
3868,0.87821525,0.2405857740585774
3869,0.8078636,0.5098241985522234
3870,0.80129796,0.1388888888888889
3871,0.87648916,0.20192616372391653
3872,0.94274575,0.13673232908458866
3873,0.7998702,0.17964071856287425
3874,0.45379293,0.03333333333333333
3875,0.753569,0.03125
3876,0.95824176,0.5842924847664184
3877,0.75794,0.12844036697247707
3878,0.90215987,0.36551724137931035
3879,0.57482415,0.07857142857142857
3880,0.9622945,0.21428571428571427
3881,0.75499827,0.3638785295684603
3882,0.6100983,0.03626943005181347
3883,0.976587,0.8513373725432245
3884,0.51293844,0.010327022375215147
3885,0.94653493,0.49554896142433236
3886,0.91695875,0.13694638694638694
3887,0.87570006,0.0
3888,0.5837586,0.0
3889,0.83646864,0.056705882352941175
3890,0.9436939,0.6547008547008547
3891,0.71769977,0.1701388888888889
3892,0.95672196,0.3987485779294653
3893,0.90258723,0.24761904761904763
3894,0.9272074,0.06024885396201703
3895,0.84747684,0.07936507936507936
3896,0.7325791,0.24003623188405798
3897,0.60164624,0.0026702269692923898
3898,0.91810477,0.01455026455026455
3899,0.9287113,0.10666666666666667
3900,0.8695721,0.2626387176325524
3901,0.84294266,0.14206128133704735
3902,0.7441492,0.017857142857142856
3903,0.6655387,0.12159329140461216
3904,0.7288562,0.2590338531761126
3905,0.8013433,0.10317460317460317
3906,0.7169887,0.0
3907,0.68443465,0.32534722222222223
3908,0.8977291,0.17767732962447844
3909,0.8325147,0.23255813953488372
3910,0.9357613,0.26804123711340205
3911,0.9201477,0.45482866043613707
3912,0.93606126,0.40371389270976615
3913,0.5964742,0.02976190476190476
3914,0.7124999,0.14423076923076922
3915,0.7461292,0.2263549415515409
3916,0.94252783,0.5814132104454686
3917,0.45857486,0.0
3918,0.9661336,0.5086206896551724
3919,0.79365534,0.23595505617977527
3920,0.7874627,0.2471042471042471
3921,0.92645156,0.0
3922,0.4835098,0.2153473902523332
3923,0.9669568,0.30952380952380953
3924,0.7513094,0.15254237288135594
3925,0.78988314,0.07407407407407407
3926,0.82024616,0.22762148337595908
3927,0.59388655,0.014925373134328358
3928,0.80710316,0.24603174603174602
3929,0.76439464,0.3162595219332808
3930,0.9230343,0.16170212765957448
3931,0.46359262,0.0
3932,0.71754867,0.3181818181818182
3933,0.91163355,0.6486332574031891
3934,0.8279357,0.3426073131955485
3935,0.75242347,0.0
3936,0.6826663,0.2878787878787879
3937,0.49752346,0.13810741687979539
3938,0.9483953,0.37779379956741166
3939,0.96862805,0.29120879120879123
3940,0.89466184,0.42342342342342343
3941,0.90394276,0.38482758620689655
3942,0.91557336,0.2719298245614035
3943,0.76387656,0.11688311688311688
3944,0.5171752,0.360062893081761
3945,0.8988107,0.38966337980278815
3946,0.9488401,0.4476744186046512
3947,0.9384318,0.20930232558139536
3948,0.9655081,0.45557522123893807
3949,0.98369133,0.5061255742725881
3950,0.7928104,0.4574140584915341
3951,0.8320355,0.03076923076923077
3952,0.7688432,0.011312217194570135
3953,0.9537801,0.3013698630136986
3954,0.5962428,0.0
3955,0.90984863,0.19696969696969696
3956,0.6700437,0.2
3957,0.66942936,0.006745362563237774
3958,0.92825824,0.18518518518518517
3959,0.7882248,0.2116564417177914
3960,0.9509359,0.4704021690013556
3961,0.8375032,0.24844151081774843
3962,0.7956092,0.23307086614173228
3963,0.76246536,0.09090909090909091
3964,0.38947338,0.11904761904761904
3965,0.7873463,0.19929453262786595
3966,0.9225763,0.08156424581005586
3967,0.82706267,0.20987654320987653
3968,0.68912673,0.15343915343915343
3969,0.8804295,0.12048192771084337
3970,0.3814871,0.1422289613343442
3971,0.8837651,0.11650485436893204
3972,0.6003852,0.207492795389049
3973,0.9781133,0.1746987951807229
3974,0.94907635,0.16923076923076924
3975,0.6989303,0.13667582417582416
3976,0.7478704,0.08477412158393753
3977,0.894581,0.14482758620689656
3978,0.74690753,0.19615912208504802
3979,0.80149037,0.19900497512437812
3980,0.85313326,0.022222222222222223
3981,0.7213403,0.06923076923076923
3982,0.6832327,0.03333333333333333
3983,0.7906371,0.0
3984,0.8926534,0.12637362637362637
3985,0.91643935,0.14747191011235955
3986,0.7902292,0.1895424836601307
3987,0.79682434,0.026896828582898435
3988,0.5461541,0.045454545454545456
3989,0.9132833,0.27392344497607657
3990,0.8839801,0.2694214876033058
3991,0.7619625,0.182648401826484
3992,0.88142526,0.3050847457627119
3993,0.940632,0.48146128680479827
3994,0.7730436,0.025362318840579712
3995,0.9378381,0.3584905660377358
3996,0.7787781,0.39250493096646943
3997,0.8940945,0.31521739130434784
3998,0.8357755,0.06374501992031872
3999,0.92403257,0.24719101123595505
4000,0.8794344,0.10526315789473684
4001,0.98282886,0.603448275862069
4002,0.9101988,0.3248730964467005
4003,0.69939965,0.007760962359332557
4004,0.80200285,0.015151515151515152
4005,0.8907059,0.07258064516129033
4006,0.92852974,0.2294203604481247
4007,0.43583357,0.06451612903225806
4008,0.67455435,0.15548945375878853
4009,0.9538903,0.23922734026745915
4010,0.81051534,0.23940236275191104
4011,0.6591964,0.4109311740890688
4012,0.7621209,0.01675485008818342
4013,0.73393357,0.15771230502599654
4014,0.7035696,0.08
4015,0.8492824,0.14901960784313725
4016,0.6278338,0.12891089108910891
4017,0.5970466,0.1519756838905775
4018,0.90224445,0.21818181818181817
4019,0.93632907,0.3045356371490281
4020,0.95658165,0.5699300699300699
4021,0.84829646,0.328
4022,0.89613134,0.2534562211981567
4023,0.8842241,0.2999231950844854
4024,0.86904585,0.20880428316478286
4025,0.8793005,0.31790916880891174
4026,0.85887736,0.03770197486535009
4027,0.81404877,0.47107438016528924
4028,0.9587964,0.47946561108362196
4029,0.9576963,0.2857142857142857
4030,0.8725502,0.4654563792233989
4031,0.7117796,0.018315018315018316
4032,0.83648795,0.05263157894736842
4033,0.7781853,0.0
4034,0.6124718,0.05263157894736842
4035,0.8359481,0.11877394636015326
4036,0.8601733,0.3303249097472924
4037,0.8556862,0.29015544041450775
4038,0.70496875,0.17659804983748645
4039,0.880035,0.10545454545454545
4040,0.8974583,0.2204724409448819
4041,0.89493644,0.2
4042,0.74399704,0.2231100184388445
4043,0.78118795,0.2513464991023339
4044,0.88332456,0.15839694656488548
4045,0.7074203,0.14682539682539683
4046,0.9356932,0.37856645789839943
4047,0.6912433,0.0012422360248447205
4048,0.9474466,0.46078431372549017
4049,0.9167019,0.3783783783783784
4050,0.40332806,0.07349081364829396
4051,0.6401929,0.14285714285714285
4052,0.77198416,0.1625615763546798
4053,0.93394315,0.37464788732394366
4054,0.27735108,0.08139003200731595
4055,0.87357795,0.27779030439684327
4056,0.59891206,0.046511627906976744
4057,0.96263826,0.657902876585215
4058,0.7674316,0.11724137931034483
4059,0.65176207,0.08550724637681159
4060,0.9639404,0.6515002459419577
4061,0.7518603,0.1245674740484429
4062,0.9659542,0.7134081196581197
4063,0.92555475,0.20124223602484473
4064,0.73839456,0.10734463276836158
4065,0.9083489,0.2401685393258427
4066,0.91169,0.23809523809523808
4067,0.8371928,0.18410935497650577
4068,0.9495602,0.25510204081632654
4069,0.28286535,0.08890521675238795
4070,0.9712345,0.8424401715313321
4071,0.92604023,0.22526041666666666
4072,0.9175307,0.3120567375886525
4073,0.8759541,0.38434163701067614
4074,0.602717,0.0
4075,0.95518965,0.579870729455217
4076,0.9539853,0.31797235023041476
4077,0.48729697,0.02112676056338028
4078,0.77036506,0.15979381443298968
4079,0.50429356,0.1363962670495334
4080,0.958249,0.510485651214128
4081,0.90180355,0.20963855421686747
4082,0.87691504,0.22187742435996896
4083,0.9185159,0.14030261348005502
4084,0.8184175,0.11055276381909548
4085,0.9372263,0.22988505747126436
4086,0.9073518,0.15354330708661418
4087,0.50339556,0.009433962264150943
4088,0.8753386,0.25
4089,0.5750681,0.0
4090,0.9153616,0.19225037257824143
4091,0.90211433,0.2097902097902098
4092,0.83054227,0.29844961240310075
4093,0.5146688,0.05555555555555555
4094,0.9402785,0.25846153846153846
4095,0.8832075,0.22868217054263565
4096,0.8679844,0.18421052631578946
4097,0.8775115,0.06896551724137931
4098,0.9038092,0.40836653386454186
4099,0.25080562,0.12636363636363637
4100,0.9396176,0.14772727272727273
4101,0.93973327,0.0
4102,0.8275226,0.0
4103,0.9239369,0.34321550741163054
4104,0.61219066,0.17535545023696683
4105,0.96430576,0.289166017147311
4106,0.90003735,0.3381742738589212
4107,0.96671003,0.10526315789473684
4108,0.4702156,0.048600883652430045
4109,0.94655,0.32570239334027057
4110,0.9257407,0.12786259541984732
4111,0.7752432,0.01417004048582996
4112,0.8316885,0.4906396255850234
4113,0.917216,0.27676240208877284
4114,0.65005755,0.12931034482758622
4115,0.527695,0.006680026720106881
4116,0.9337002,0.3129186602870813
4117,0.91655207,0.8544517504887151
4118,0.9361924,0.4090909090909091
4119,0.6356408,0.10736196319018405
4120,0.8800943,0.3155737704918033
4121,0.92803556,0.3288590604026846
4122,0.845608,0.4380165289256198
4123,0.8412634,0.39730046948356806
4124,0.6987574,0.10116999311768754
4125,0.89080817,0.16
4126,0.9195338,0.14606741573033707
4127,0.8072971,0.10638297872340426
4128,0.79380614,0.08854166666666667
4129,0.78243923,0.09734513274336283
4130,0.928314,0.06174200661521499
4131,0.8488506,0.03997400064998375
4132,0.90784925,0.25190839694656486
4133,0.8354143,0.2512479201331115
4134,0.71286565,0.12277227722772277
4135,0.8866905,0.4167776298268975
4136,0.9595856,0.2488095238095238
4137,0.3222984,0.291981845688351
4138,0.72380495,0.1135543157203807
4139,0.8771624,0.203125
4140,0.7537025,0.07447698744769875
4141,0.8963747,0.4439443535188216
4142,0.9321807,0.24557522123893805
4143,0.6653092,0.06989247311827956
4144,0.70866483,0.019230769230769232
4145,0.9002526,0.30405405405405406
4146,0.83457756,0.0945945945945946
4147,0.9539451,0.23935091277890466
4148,0.77797395,0.3076923076923077
4149,0.9489132,0.19817767653758542
4150,0.85362405,0.09115281501340483
4151,0.80189997,0.0061396776669224865
4152,0.851994,0.16167664670658682
4153,0.9079515,0.4323499491353001
4154,0.928402,0.19758507135016465
4155,0.41004488,0.3134517766497462
4156,0.6741278,0.2977326968973747
4157,0.94294184,0.1781609195402299
4158,0.8131266,0.03132530120481928
4159,0.95361036,0.2607763242547716
4160,0.9701786,0.38461538461538464
4161,0.8648913,0.05
4162,0.8103722,0.19927536231884058
4163,0.9199163,0.11944869831546708
4164,0.85542965,0.0
4165,0.95994765,0.5212765957446809
4166,0.807048,0.2783171521035599
4167,0.96318793,0.8402251039882555
4168,0.9629006,0.0
4169,0.78166485,0.0914560770156438
4170,0.9713415,0.4004739336492891
4171,0.8220934,0.291970802919708
4172,0.9093719,0.32369402985074625
4173,0.9627412,0.47377699427060377
4174,0.82293206,0.3694627709707823
4175,0.77723134,0.1728744939271255
4176,0.65285146,0.16692426584234932
4177,0.8385633,0.28132678132678135
4178,0.9126267,0.08571428571428572
4179,0.86373574,0.40610961365678344
4180,0.77125454,0.10568561872909699
4181,0.47715363,0.09920182440136831
4182,0.86826247,0.2837209302325581
4183,0.44800508,0.0639269406392694
4184,0.71191514,0.0
4185,0.6449008,0.1883656509695291
4186,0.9773394,0.3374233128834356
4187,0.8500742,0.2826086956521739
4188,0.31619194,0.15106177606177607
4189,0.8967496,0.07894736842105263
4190,0.6516788,0.15880192144673635
4191,0.6355817,0.26373626373626374
4192,0.71262425,0.046610169491525424
4193,0.72875327,0.07692307692307693
4194,0.89949137,0.3219116321009919
4195,0.5009492,0.13656918902622853
4196,0.81298417,0.2470997679814385
4197,0.95258844,0.20772058823529413
4198,0.35196003,0.01256106071179344
4199,0.95172477,0.13043478260869565
4200,0.9308761,0.4163424124513619
4201,0.832254,0.32314923619271446
4202,0.7242322,0.41514207862981706
4203,0.9594866,0.2608695652173913
4204,0.92284817,0.4170467502850627
4205,0.71295315,0.1380952380952381
4206,0.77638936,0.03103448275862069
4207,0.94713163,0.07692307692307693
4208,0.917242,0.36135624709707387
4209,0.6897193,0.0
4210,0.7564348,0.0
4211,0.7189423,0.1867283950617284
4212,0.83457863,0.11333333333333333
4213,0.91813135,0.02857142857142857
4214,0.9654007,0.37168141592920356
4215,0.76395875,0.4503846153846154
4216,0.83441424,0.25287356321839083
4217,0.9223345,0.32222222222222224
4218,0.7327714,0.20087976539589442
4219,0.79962254,0.19672131147540983
4220,0.85708797,0.3700787401574803
4221,0.8389745,0.0398406374501992
4222,0.9327949,0.2903225806451613
4223,0.94636387,0.3659658344283837
4224,0.7789106,0.11168224299065421
4225,0.67351043,0.006514657980456026
4226,0.91959935,0.18920765027322403
4227,0.91180575,0.11764705882352941
4228,0.77109563,0.18666666666666668
4229,0.8288945,0.325181758096497
4230,0.6402252,0.17013232514177692
4231,0.6823977,0.14917127071823205
4232,0.9266826,0.4675747705063666
4233,0.6333595,0.04823151125401929
4234,0.6382937,0.02197802197802198
4235,0.922096,0.1746031746031746
4236,0.73889804,0.05303030303030303
4237,0.5103169,0.0
4238,0.87483186,0.05660377358490566
4239,0.89673907,0.39748953974895396
4240,0.78828186,0.819704433497537
4241,0.6382686,0.13752913752913754
4242,0.8111154,0.35285317375507586
4243,0.9148561,0.38202247191011235
4244,0.944733,0.4686601495112133
4245,0.64640164,0.0178752107925801
4246,0.7527456,0.33636363636363636
4247,0.93012214,0.1875
4248,0.81063575,0.13954116059379218
4249,0.88510245,0.3380281690140845
4250,0.9599872,0.22424242424242424
4251,0.631346,0.10586011342155009
4252,0.9521573,0.30404463040446306
4253,0.94022477,0.045889101338432124
4254,0.86607236,0.06557377049180328
4255,0.7343577,0.08064516129032258
4256,0.9343949,0.0
4257,0.75809824,0.2819492789656887
4258,0.87315655,0.1419939577039275
4259,0.6550358,0.0
4260,0.9231619,0.554575986565911
4261,0.89025164,0.41740787801778906
4262,0.61298126,0.24489795918367346
4263,0.887345,0.267515923566879
4264,0.7815134,0.0019630938358853552
4265,0.46436808,0.031746031746031744
4266,0.8638014,0.05263157894736842
4267,0.9240505,0.2938034188034188
4268,0.9184085,0.1881720430107527
4269,0.59973854,0.3404969778374748
4270,0.79847807,0.07258064516129033
4271,0.8448036,0.047619047619047616
4272,0.34194002,0.16729088639200998
4273,0.94540083,0.45977011494252873
4274,0.9659303,0.6246958637469586
4275,0.9050824,0.3026315789473684
4276,0.8502741,0.6224682053697598
4277,0.65418875,0.0
4278,0.9262883,0.38095238095238093
4279,0.89479494,0.36532258064516127
4280,0.8406611,0.2904091213950369
4281,0.8345598,0.14285714285714285
4282,0.8926193,0.5917904809871569
4283,0.8839994,0.18947368421052632
4284,0.55043775,0.11406736484574016
4285,0.9322326,0.22171945701357465
4286,0.38456175,0.11099858213489974
4287,0.95294994,0.6634053968754932
4288,0.9640959,0.2897727272727273
4289,0.82632995,0.7601831766690769
4290,0.6121708,0.0
4291,0.9257475,0.36325301204819277
4292,0.7706284,0.058823529411764705
4293,0.8074865,0.19282051282051282
4294,0.7891607,0.21030042918454936
4295,0.9223386,0.18461538461538463
4296,0.58060604,0.3329775880469584
4297,0.84810656,0.15
4298,0.7350104,0.2618577075098814
4299,0.76920885,0.05263157894736842
4300,0.73577595,0.0851063829787234
4301,0.47688305,0.031185031185031187
4302,0.8701326,0.04752760441670667
4303,0.9659075,0.7243155326646787
4304,0.8836371,0.520516717325228
4305,0.91177624,0.26440677966101694
4306,0.77975714,0.25857843137254904
4307,0.894182,0.2032967032967033
4308,0.96227014,0.3841059602649007
4309,0.88870937,0.5132997843278218
4310,0.7289681,0.14594594594594595
4311,0.5247277,0.024691358024691357
4312,0.86359257,0.3157894736842105
4313,0.9452232,0.21182266009852216
4314,0.69681686,0.09090909090909091
4315,0.8950099,0.14
4316,0.8541221,0.263360246059208
4317,0.6356122,0.011363636363636364
4318,0.7602645,0.08196721311475409
4319,0.83913815,0.1433408577878104
4320,0.90858483,0.16052060737527116
4321,0.6082547,0.09663409337676439
4322,0.4816018,0.0975609756097561
4323,0.62972164,0.2372611464968153
4324,0.8871909,0.3681538872562116
4325,0.83397585,0.1503178928247048
4326,0.9144283,0.3305439330543933
4327,0.7761301,0.0425531914893617
4328,0.79016227,0.22466960352422907
4329,0.79807997,0.12878787878787878
4330,0.9555774,0.49806201550387597
4331,0.6637804,0.024
4332,0.72578764,0.19770408163265307
4333,0.7670403,0.040765130134838505
4334,0.97352266,0.46116090482287664
4335,0.94719595,0.14859437751004015
4336,0.9512518,0.32038834951456313
4337,0.9749587,0.27300613496932513
4338,0.9516662,0.48615384615384616
4339,0.6191789,0.0
4340,0.8535456,0.37462981243830207
4341,0.96277356,0.3426829268292683
4342,0.92465454,0.2682748538011696
4343,0.9395371,0.4
4344,0.81208426,0.7337361530715005
4345,0.93398756,0.30453879941434847
4346,0.79608274,0.04054054054054054
4347,0.982751,0.6029520295202953
4348,0.6699454,0.06060606060606061
4349,0.7600059,0.15245009074410162
4350,0.9262328,0.30764119601328904
4351,0.93027383,0.2903225806451613
4352,0.6481918,0.09386973180076628
4353,0.8101041,0.3067896060352054
4354,0.895317,0.05128205128205128
4355,0.8906944,0.5469506292352372
4356,0.84200597,0.030303030303030304
4357,0.9224036,0.1873015873015873
4358,0.9566242,0.5746380429355966
4359,0.5698254,0.0
4360,0.9307254,0.11825192802056556
4361,0.77367747,0.4283276450511945
4362,0.8220697,0.04081632653061224
4363,0.7491504,0.3754152823920266
4364,0.9318979,0.386317907444668
4365,0.90728074,0.5389072847682119
4366,0.81421685,0.1746987951807229
4367,0.87889516,0.3494578815679733
4368,0.90418446,0.19572953736654805
4369,0.9295017,0.4165067178502879
4370,0.9412873,0.3164882226980728
4371,0.9727059,0.4668587896253602
4372,0.731106,0.19534883720930232
4373,0.9608204,0.4838280903854674
4374,0.7991498,0.16666666666666666
4375,0.6851755,0.038834951456310676
4376,0.7889273,0.3881019830028329
4377,0.94172055,0.1686746987951807
4378,0.9118927,0.5129224652087475
4379,0.5777916,0.0
4380,0.25197977,0.0
4381,0.96584684,0.7643629124004551
4382,0.79850703,0.24444444444444444
4383,0.85845953,0.3982608695652174
4384,0.6428121,0.14499484004127966
4385,0.7062911,0.2776349614395887
4386,0.94014716,0.5183731716018551
4387,0.911308,0.05
4388,0.9715564,0.6469820554649266
4389,0.88802785,0.17424242424242425
4390,0.87289107,0.17757009345794392
4391,0.8583034,0.2703619909502262
4392,0.8621001,0.29058211074301943
4393,0.8917884,0.42962507682851875
4394,0.8325203,0.026785714285714284
4395,0.8726429,0.308191403081914
4396,0.820333,0.08482142857142858
4397,0.73763615,0.22137404580152673
4398,0.9437782,0.030303030303030304
4399,0.8421219,0.16872427983539096
4400,0.89255565,0.26229508196721313
4401,0.90373886,0.2645161290322581
4402,0.9342516,0.2857142857142857
4403,0.9023455,0.2857142857142857
4404,0.6153195,0.12629757785467127
4405,0.97075254,0.15061475409836064
4406,0.5300906,0.011560693641618497
4407,0.88967854,0.031969910672308414
4408,0.82694954,0.18055555555555555
4409,0.8334697,0.2548076923076923
4410,0.5546095,0.02040816326530612
4411,0.5590279,0.0332409972299169
4412,0.8710188,0.06330749354005168
4413,0.94795907,0.5658218936994016
4414,0.90001935,0.6103012633624878
4415,0.8759335,0.04918032786885246
4416,0.97851926,0.5628415300546448
4417,0.26083058,0.0
4418,0.7321306,0.14397905759162305
4419,0.92806447,0.27105427323767933
4420,0.9401847,0.4161520190023753
4421,0.92509145,0.136986301369863
4422,0.91684353,0.29991204925241866
4423,0.62630606,0.26906274821286735
4424,0.36620075,0.16802610114192496
4425,0.8585392,0.003292806484295846
4426,0.62504464,0.09864757358790771
4427,0.8867578,0.31036662452591657
4428,0.8926882,0.14102564102564102
4429,0.959456,0.36054421768707484
4430,0.7591247,0.5019157088122606
4431,0.923757,0.38333333333333336
4432,0.9636855,0.4481503941782899
4433,0.56662184,0.07287607170693687
4434,0.85610896,0.10909090909090909
4435,0.84661657,0.125
4436,0.68232316,0.23730814639905548
4437,0.8890503,0.25
4438,0.9309872,0.4812398042414356
4439,0.63240397,0.16066725197541704
4440,0.7275756,0.06818181818181818
4441,0.8098491,0.6282289969746334
4442,0.9480908,0.14173228346456693
4443,0.3122364,0.015712682379349047
4444,0.93474674,0.516728624535316
4445,0.78875333,0.003215434083601286
4446,0.6344255,0.6873988439306359
4447,0.9025241,0.10666666666666667
4448,0.8925565,0.2482468443197756
4449,0.9502256,0.43349753694581283
4450,0.7437967,0.0
4451,0.49718478,0.17476521028991426
4452,0.7240644,0.26608649789029537
4453,0.63079375,0.07692307692307693
4454,0.9474899,0.09090909090909091
4455,0.90471303,0.4867682437850842
4456,0.9682628,0.3338323353293413
4457,0.9275879,0.3858267716535433
4458,0.9429867,0.16666666666666666
4459,0.93287355,0.19578313253012047
4460,0.76987684,0.0
4461,0.7208925,0.10475030450669914
4462,0.62162924,0.04419889502762431
4463,0.9707518,0.39957716701902746
4464,0.6356867,0.0
4465,0.86808854,0.2604166666666667
4466,0.8283015,0.02982039986445273
4467,0.8221409,0.5046480743691899
4468,0.9473136,0.18466898954703834
4469,0.8626255,0.0
4470,0.88901085,0.7534728033472803
4471,0.8344209,0.0
4472,0.96013534,0.4
4473,0.9739072,0.37037037037037035
4474,0.90865386,0.339041095890411
4475,0.95132244,0.20098039215686275
4476,0.9536947,0.20930232558139536
4477,0.8878093,0.0
4478,0.92482686,0.2842712842712843
4479,0.61394,0.028037383177570093
4480,0.5603114,0.17773788150807898
4481,0.62415075,0.19712351945854484
4482,0.8974899,0.0
4483,0.95908594,0.33161953727506427
4484,0.9329884,0.5837346174424826
4485,0.97127885,0.6727941176470589
4486,0.8557717,0.09824561403508772
4487,0.80075073,0.03005008347245409
4488,0.9194245,0.1865671641791045
4489,0.68257636,0.17582417582417584
4490,0.90713984,0.5228314109653974
4491,0.897112,0.3125
4492,0.8696459,0.15767634854771784
4493,0.96966916,0.5779487179487179
4494,0.8346653,0.0018214936247723133
4495,0.8492542,0.18592964824120603
4496,0.94244856,0.31724137931034485
4497,0.7767279,0.014084507042253521
4498,0.51083577,0.061452513966480445
4499,0.764935,0.3
4500,0.8907869,0.2589928057553957
4501,0.9614875,0.7828509308329936
4502,0.8748694,0.10982658959537572
4503,0.8757363,0.36127744510978044
4504,0.9427108,0.5
4505,0.66112566,0.2742362951597154
4506,0.85072976,0.16581750810560444
4507,0.9585576,0.5854922279792746
4508,0.73030907,0.0
4509,0.89371306,0.2619775739041794
4510,0.92125386,0.28903654485049834
4511,0.907831,0.022123893805309734
4512,0.724968,0.28699551569506726
4513,0.6282465,0.20451339915373765
4514,0.82421833,0.08403361344537816
4515,0.9639501,0.5487517663683467
4516,0.59844637,0.19037037037037038
4517,0.7520323,0.22026431718061673
4518,0.9623378,0.3281853281853282
4519,0.6593239,0.017130620985010708
4520,0.8411537,0.11940298507462686
4521,0.7639099,0.21757770632368703
4522,0.44341338,0.14943396226415095
4523,0.68355554,0.0846262341325811
4524,0.9455054,0.47451669595782076
4525,0.32344207,0.06390532544378698
4526,0.90635866,0.045704845814977975
4527,0.9557958,0.4942528735632184
4528,0.8660001,0.060240963855421686
4529,0.8882514,0.24
4530,0.78049576,0.03389830508474576
4531,0.92249024,0.39274447949526814
4532,0.91206086,0.04932735426008968
4533,0.796775,0.05714285714285714
4534,0.8574012,0.22727272727272727
4535,0.49347556,0.08108108108108109
4536,0.96425575,0.2535211267605634
4537,0.91538155,0.4106680476437079
4538,0.8945019,0.05405405405405406
4539,0.92135847,0.5078341013824885
4540,0.83937407,0.26666666666666666
4541,0.9197075,0.12541694462975317
4542,0.7269983,0.4039395574743659
4543,0.8847675,0.23469387755102042
4544,0.94790465,0.3360655737704918
4545,0.90095496,0.2709537572254335
4546,0.84758633,0.16780510018214936
4547,0.76345116,0.08333333333333333
4548,0.93004274,0.24096385542168675
4549,0.52006906,0.06263537906137184
4550,0.6466154,0.001273074474856779
4551,0.7745017,0.03139013452914798
4552,0.90928,0.39263803680981596
4553,0.77365273,0.27040816326530615
4554,0.7687077,0.08490566037735849
4555,0.9260996,0.3244929797191888
4556,0.8624227,0.0
4557,0.937699,0.2596211365902293
4558,0.6231573,0.21311475409836064
4559,0.78452504,0.15430861723446893
4560,0.7176229,0.03333333333333333
4561,0.79210126,0.06132879045996593
4562,0.43459046,0.005220417633410673
4563,0.56730914,0.0957372466806429
4564,0.9170568,0.32300542215336947
4565,0.858707,0.0377906976744186
4566,0.48981342,0.0
4567,0.89552224,0.30392156862745096
4568,0.97021383,0.6101694915254238
4569,0.7739603,0.05714285714285714
4570,0.57225925,0.02975206611570248
4571,0.56975406,0.0963855421686747
4572,0.8790426,0.25497630331753557
4573,0.7828356,0.09375
4574,0.9114313,0.39867737364194616
4575,0.5199826,0.13556618819776714
4576,0.92567366,0.21389645776566757
4577,0.48429918,0.03829787234042553
4578,0.9797826,0.4830383480825959
4579,0.76752204,0.0
4580,0.8997171,0.3058103975535168
4581,0.94440824,0.2540016849199663
4582,0.90146446,0.2790143084260731
4583,0.84899455,0.09866511897852583
4584,0.7633446,0.16071428571428573
4585,0.87527865,0.7502497502497503
4586,0.9569977,0.2956204379562044
4587,0.82143825,0.31208053691275167
4588,0.97391117,0.18181818181818182
4589,0.6322609,0.013916500994035786
4590,0.7406854,0.09401709401709402
4591,0.70886016,0.7838827838827839
4592,0.9052329,0.02945009121709669
4593,0.88355166,0.18835192069392812
4594,0.22976165,0.0968
4595,0.74976087,0.024844720496894408
4596,0.66201776,0.047619047619047616
4597,0.7777923,0.3238786279683377
4598,0.46190986,0.0009099181073703367
4599,0.8007181,0.6035896299578994
4600,0.88917136,0.06606606606606606
4601,0.49640092,0.0038314176245210726
4602,0.9537178,0.5058027079303675
4603,0.9480107,0.35381861575178997
4604,0.66439426,0.04838709677419355
4605,0.93147796,0.17692307692307693
4606,0.68128365,0.19155844155844157
4607,0.9165873,0.3076923076923077
4608,0.8490131,0.08333333333333333
4609,0.24745706,0.0
4610,0.40509167,0.008486562942008486
4611,0.9509744,0.1981460023174971
4612,0.2757292,0.022099447513812154
4613,0.60700667,0.0
4614,0.91986275,0.08266666666666667
4615,0.8495998,0.011235955056179775
4616,0.9099205,0.0
4617,0.73082924,0.0
4618,0.6592961,0.14392298435619735
4619,0.48705786,0.0
4620,0.9109709,0.04533152909336942
4621,0.6257559,0.0273972602739726
4622,0.90627277,0.291970802919708
4623,0.47596613,0.00015542430836182778
4624,0.5415313,0.0
4625,0.8135731,0.06666666666666667
4626,0.847651,0.0
4627,0.64930665,0.08653846153846154
4628,0.36006263,0.17647058823529413
4629,0.89717996,0.0
4630,0.9160365,0.2658959537572254
4631,0.86262095,0.1461187214611872
4632,0.33888257,0.0
4633,0.6901256,0.06726457399103139
4634,0.8414033,0.1566265060240964
4635,0.71965253,0.0
4636,0.9004587,0.18719211822660098
4637,0.85030484,0.3333333333333333
4638,0.8949119,0.2532467532467532
4639,0.8783555,0.21962616822429906
4640,0.16638446,0.009430306161994575
4641,0.8502362,0.39819004524886875
4642,0.60502046,0.034482758620689655
4643,0.23389348,0.21978021978021978
4644,0.8169221,0.0
4645,0.8687439,0.08333333333333333
4646,0.83487403,0.14285714285714285
4647,0.8197891,0.09090909090909091
4648,0.56333464,0.0975609756097561
4649,0.9272276,0.05454545454545454
4650,0.76991767,0.10869565217391304
4651,0.739425,0.0
4652,0.88481885,0.14207650273224043
4653,0.7412572,0.28975409836065574
4654,0.94968367,0.05555555555555555
4655,0.9305634,0.16666666666666666
4656,0.7589266,0.10377358490566038
4657,0.8205625,0.14
4658,0.75242573,0.0
4659,0.7726149,0.12422360248447205
4660,0.9059026,0.17647058823529413
4661,0.94696426,0.19821826280623608
4662,0.7742564,0.09420289855072464
4663,0.8885036,0.25992063492063494
4664,0.5268937,0.0
4665,0.8973322,0.14615384615384616
4666,0.91965866,0.104
4667,0.723663,0.0
4668,0.732853,0.05555555555555555
4669,0.54736656,0.02531645569620253
4670,0.79044265,0.2126865671641791
4671,0.7325853,0.06690140845070422
4672,0.5111469,0.0
4673,0.7003444,0.022727272727272728
4674,0.923885,0.3159379407616361
4675,0.45941776,0.05555555555555555
4676,0.59806865,0.3896037056098816
4677,0.8976094,0.0
4678,0.8469214,0.0
4679,0.89378506,0.18328445747800587
4680,0.9065526,0.15495867768595042
4681,0.6164982,0.0425531914893617
4682,0.35299006,0.011111111111111112
4683,0.89537376,0.1717171717171717
4684,0.7327948,0.0
4685,0.5019202,0.0425531914893617
4686,0.91559577,0.1713235294117647
4687,0.92293936,0.12307692307692308
4688,0.6014318,0.08906882591093117
4689,0.89079523,0.147239263803681
4690,0.89484376,0.24489795918367346
4691,0.8065601,0.21875
4692,0.92385757,0.20175438596491227
4693,0.88861495,0.2087378640776699
4694,0.86249053,0.058333333333333334
4695,0.6648274,0.05063291139240506
4696,0.57530963,0.16045380875202594
4697,0.7266205,0.0851063829787234
4698,0.80362976,0.047619047619047616
4699,0.81610054,0.09375
4700,0.8143642,0.11914893617021277
4701,0.21293391,0.06930693069306931
4702,0.53483826,0.0
4703,0.84585744,0.1720183486238532
4704,0.77761066,0.06542056074766354
4705,0.75841576,0.12999365884590997
4706,0.7726074,0.14883720930232558
4707,0.6378312,0.0
4708,0.6901224,0.0
4709,0.91727155,0.16305220883534136
4710,0.9104902,0.29333333333333333
4711,0.8714802,0.01948051948051948
4712,0.66704357,0.0
4713,0.9091707,0.6744186046511628
4714,0.8804147,0.0
4715,0.7741483,0.3354908306364617
4716,0.7362541,0.008849557522123894
4717,0.8873916,0.4621212121212121
4718,0.84915704,0.19642857142857142
4719,0.6705386,0.0
4720,0.7228165,0.10526315789473684
4721,0.8993088,0.16666666666666666
4722,0.920796,0.1079136690647482
4723,0.9443727,0.5588235294117647
4724,0.793231,0.17142857142857143
4725,0.8981899,0.31754256106587714
4726,0.8808105,0.4
4727,0.9204051,0.056577086280056574
4728,0.9058807,0.04711246200607903
4729,0.71669644,0.033707865168539325
4730,0.7599882,0.1291390728476821
4731,0.86805683,0.029411764705882353
4732,0.8146056,0.2275449101796407
4733,0.44871125,0.0
4734,0.65851915,0.02666666666666667
4735,0.9009712,0.4234633569739953
4736,0.9107604,0.22448979591836735
4737,0.48252195,0.10256410256410256
4738,0.8970099,0.0
4739,0.7790186,0.0
4740,0.95834744,0.3154016212232867
4741,0.9066793,0.04517528008673654
4742,0.4953707,0.03970223325062035
4743,0.8457174,0.0
4744,0.6692536,0.0
4745,0.87886775,0.18072289156626506
4746,0.52354705,0.0
4747,0.8474122,0.02702702702702703
4748,0.16903107,0.2198938250908075
4749,0.73639464,0.005681818181818182
4750,0.8581689,0.050505050505050504
4751,0.7285468,0.0
4752,0.94022053,0.2660996354799514
4753,0.7576101,0.014492753623188406
4754,0.55189127,0.015564560692576902
4755,0.51893175,0.008882655446470314
4756,0.59264547,0.04807692307692308
4757,0.8928349,0.14285714285714285
4758,0.8382204,0.19047619047619047
4759,0.40711856,0.015515975027543151
4760,0.96551204,0.766048655020898
4761,0.9146693,0.0
4762,0.9314001,0.09375
4763,0.82745796,0.15333333333333332
4764,0.5235543,0.0
4765,0.6778631,0.02608695652173913
4766,0.68156666,0.2
4767,0.6517231,0.06363636363636363
4768,0.82463175,0.012738853503184714
4769,0.91247267,0.007352941176470588
4770,0.56795514,0.0
4771,0.7822522,0.1
4772,0.8733385,0.1
4773,0.89367294,0.0784313725490196
4774,0.8752985,0.0
4775,0.8337248,0.10227272727272728
4776,0.6300431,0.07670928293496387
4777,0.81656504,0.04111842105263158
4778,0.79365194,0.058823529411764705
4779,0.9098711,0.26804123711340205
4780,0.899467,0.3333333333333333
4781,0.88794994,0.0
4782,0.63406616,0.17054263565891473
4783,0.6846973,0.05104408352668213
4784,0.9098277,0.12080536912751678
4785,0.6996248,0.11885245901639344
4786,0.92057955,0.24836601307189543
4787,0.7558414,0.0
4788,0.85210764,0.09243697478991597
4789,0.28520575,0.9169724770642201
4790,0.5066909,0.1
4791,0.8795182,0.0533596837944664
4792,0.8362088,0.06666666666666667
4793,0.17562564,0.2693361753958587
4794,0.4745773,0.0
4795,0.7490602,0.5714285714285714
4796,0.6134438,0.02077922077922078
4797,0.23629501,0.12604042806183116
4798,0.841079,0.0
4799,0.6615017,0.0
4800,0.89760214,0.4235156478502486
4801,0.7889656,0.23809523809523808
4802,0.3739517,0.03664921465968586
4803,0.9005858,0.18823529411764706
4804,0.8502865,0.0
4805,0.9232424,0.36454849498327757
4806,0.6246115,0.0
4807,0.5915958,0.0
4808,0.87101036,0.0
4809,0.91308403,0.0005396654074473826
4810,0.6660619,0.0326530612244898
4811,0.9256132,0.2903225806451613
4812,0.8203643,0.01757910597689603
4813,0.64699805,0.0
4814,0.261932,0.0
4815,0.1356118,0.0
4816,0.8868972,0.2982870643827525
4817,0.7996361,0.14754098360655737
4818,0.88367814,0.11290322580645161
4819,0.81850857,0.0
4820,0.93505335,0.0
4821,0.9207129,0.0
4822,0.9055501,0.09523809523809523
4823,0.8779544,0.07570977917981073
4824,0.41607141,0.0
4825,0.7392232,0.0
4826,0.9303112,0.12320328542094455
4827,0.8029187,0.22962962962962963
4828,0.81967074,0.050445103857566766
4829,0.30676374,0.12025952663803345
4830,0.9024168,0.21315192743764172
4831,0.9078696,0.3529868114817688
4832,0.73057306,0.10869565217391304
4833,0.70252097,0.08620689655172414
4834,0.8651828,0.0
4835,0.77695364,0.06345177664974619
4836,0.56508577,0.0
4837,0.96095544,0.7405236420476748
4838,0.83652204,0.0
4839,0.91438925,0.038461538461538464
4840,0.8229981,0.05660377358490566
4841,0.6958518,0.05263157894736842
4842,0.38421372,0.08641975308641975
4843,0.896313,0.06521739130434782
4844,0.6607593,0.0
4845,0.7660858,0.216696269982238
4846,0.59938776,0.08394160583941605
4847,0.85659987,0.0
4848,0.965434,0.22823529411764706
4849,0.9117033,0.0
4850,0.6304304,0.0
4851,0.7963272,0.1111111111111111
4852,0.9173171,0.26785714285714285
4853,0.6912216,0.15598290598290598
4854,0.32138586,0.030303030303030304
4855,0.7446196,0.0
4856,0.91210943,0.25
4857,0.8207737,0.0
4858,0.3081409,0.0823759472011733
4859,0.44058704,0.007246376811594203
4860,0.8602544,0.0
4861,0.8966939,0.19444444444444445
4862,0.8988591,0.292817679558011
4863,0.7433377,0.0
4864,0.8186174,0.3093220338983051
4865,0.8661633,0.5415464512406232
4866,0.9199206,0.3931297709923664
4867,0.7193752,0.09803921568627451
4868,0.92216784,0.31255565449688333
4869,0.89635646,0.16071428571428573
4870,0.91220176,0.2437137330754352
4871,0.91327184,0.2863741339491917
4872,0.72752386,0.08333333333333333
4873,0.7878399,0.1518324607329843
4874,0.9343351,0.040697674418604654
4875,0.87680393,0.0
4876,0.91172385,0.35785953177257523
4877,0.7938644,0.09523809523809523
4878,0.8075607,0.0875
4879,0.6549679,0.08310249307479224
4880,0.799261,0.0
4881,0.7766855,0.07692307692307693
4882,0.8952281,0.3815261044176707
4883,0.8885197,0.08139534883720931
4884,0.8768646,0.2222222222222222
4885,0.92051166,0.4061433447098976
4886,0.68935955,0.0
4887,0.6875438,0.12239583333333333
4888,0.48381194,0.024504084014002333
4889,0.69425285,0.0
4890,0.7410781,0.3232758620689655
4891,0.93961585,0.15151515151515152
4892,0.8602348,0.0
4893,0.8309253,0.038461538461538464
4894,0.61893594,0.0
4895,0.66688746,0.04581225407532322
4896,0.6838647,0.0
4897,0.87142015,0.09090909090909091
4898,0.96411747,0.2903225806451613
4899,0.8862683,0.019753086419753086
4900,0.73113805,0.24
4901,0.8286316,0.0
4902,0.9151997,0.28125
4903,0.8880139,0.256213562442467
4904,0.93052304,0.05
4905,0.7033728,0.0
4906,0.93888545,0.13953488372093023
4907,0.49439305,0.05747126436781609
4908,0.89530724,0.009325287986834888
4909,0.8389349,0.16666666666666666
4910,0.73458815,0.4172661870503597
4911,0.76072747,0.2294238683127572
4912,0.59658986,0.04583333333333333
4913,0.9783105,0.7537113652956924
4914,0.8021865,0.10883843122537061
4915,0.85548973,0.10344827586206896
4916,0.87633616,0.32589285714285715
4917,0.8243823,0.0
4918,0.3304377,0.020761245674740483
4919,0.69667745,0.03225806451612903
4920,0.5336904,0.0
4921,0.37478068,0.0
4922,0.9460541,0.1024390243902439
4923,0.93643165,0.28421052631578947
4924,0.8795093,0.018711018711018712
4925,0.9625438,0.061488673139158574
4926,0.5053972,0.0
4927,0.8092913,0.15748031496062992
4928,0.9298007,0.09090909090909091
4929,0.95989686,0.36724565756823824
4930,0.6818549,0.029411764705882353
4931,0.87969697,0.034013605442176874
4932,0.69274515,0.0
4933,0.7258621,0.2
4934,0.88773096,0.16666666666666666
4935,0.9683436,0.2094240837696335
4936,0.8190588,0.0
4937,0.2566258,0.10413476263399694
4938,0.7632374,0.15660377358490565
4939,0.44970623,0.0
4940,0.869531,0.0
4941,0.8915914,0.06976744186046512
4942,0.4888489,0.01124108938036922
4943,0.8587573,0.019230769230769232
4944,0.6783807,0.04878048780487805
4945,0.8604527,0.0
4946,0.36695078,0.09813463098134631
4947,0.9006256,0.4326241134751773
4948,0.604302,0.0
4949,0.9668838,0.6549645924363418
4950,0.85585374,0.15384615384615385
4951,0.65249974,0.0392156862745098
4952,0.35107526,0.9630847953216374
4953,0.9136897,0.0
4954,0.90861684,0.0
4955,0.65913683,0.0
4956,0.8179891,0.06521739130434782
4957,0.87476003,0.1751412429378531
4958,0.3462282,0.030303030303030304
4959,0.8597483,0.0
4960,0.53805876,0.03076923076923077
4961,0.8311553,0.1023454157782516
4962,0.29725128,0.0
4963,0.5797305,0.05008787346221441
4964,0.67149556,0.14761904761904762
4965,0.97544646,0.625
4966,0.88636553,0.13953488372093023
4967,0.6179675,0.08075370121130551
4968,0.76630104,0.10344827586206896
4969,0.3964443,0.07468879668049792
4970,0.92837614,0.5540540540540541
4971,0.67610025,0.0
4972,0.8317993,0.2037037037037037
4973,0.6262381,0.07799442896935933
4974,0.86905634,0.2691292875989446
4975,0.7546527,0.0
4976,0.7574324,0.13356164383561644
4977,0.8376754,0.13636363636363635
4978,0.7495819,0.1774193548387097
4979,0.69873095,0.1453287197231834
4980,0.8693134,0.030303030303030304
4981,0.48577696,0.17333333333333334
4982,0.87456167,0.0
4983,0.789522,0.21935483870967742
4984,0.8778538,0.039524733268671196
4985,0.76530296,0.12727272727272726
4986,0.7188022,0.35555555555555557
4987,0.57113725,0.027491408934707903
4988,0.30998224,0.03651685393258427
4989,0.7422026,0.020530796194291438
4990,0.87572134,0.08333333333333333
4991,0.6558869,0.0
4992,0.8557733,0.06349206349206349
4993,0.88037586,0.2247191011235955
4994,0.3492223,0.02903225806451613
4995,0.72930956,0.07692307692307693
4996,0.91750824,0.06015037593984962
4997,0.94297767,0.15196998123827393
4998,0.8378429,0.0
4999,0.9145489,0.14285714285714285
5000,0.88567895,0.35021707670043417
5001,0.62906456,0.0015606034333275533
5002,0.91177166,0.32192414431082333
5003,0.5122036,0.010357815442561206
5004,0.22840911,0.0
5005,0.91801304,0.09090909090909091
5006,0.84281856,0.05612244897959184
5007,0.87748057,0.07772020725388601
5008,0.69963235,0.09803921568627451
5009,0.87101614,0.125
5010,0.84103817,0.16666666666666666
5011,0.94647574,0.3170441001191895
5012,0.8970168,0.0975609756097561
5013,0.4705844,0.0
5014,0.94006306,0.0
5015,0.3870251,0.0
5016,0.33660713,0.10484668644906034
5017,0.7143448,0.01718213058419244
5018,0.5391809,0.0
5019,0.78242373,0.0
5020,0.31860927,0.00018171906232963838
5021,0.88429105,0.0
5022,0.8254011,0.05185185185185185
5023,0.9273679,0.21161825726141079
5024,0.8168741,0.0
5025,0.8190923,0.07692307692307693
5026,0.8038265,0.0
5027,0.90356046,0.0
5028,0.70853174,0.18627450980392157
5029,0.65723616,0.3076923076923077
5030,0.26823625,0.007177033492822967
5031,0.7525722,0.05789473684210526
5032,0.7779399,0.002177463255307567
5033,0.37819064,0.016092172919443915
5034,0.18464762,0.0017873100983020554
5035,0.9073911,0.262015503875969
5036,0.56181353,0.10638297872340426
5037,0.20283955,0.021156558533145273
5038,0.86862373,0.15
5039,0.88277245,0.0
5040,0.9626186,0.5656430796617713
5041,0.56721556,0.017632241813602016
5042,0.7304742,0.0
5043,0.94790876,0.29829545454545453
5044,0.797923,0.22916666666666666
5045,0.9094183,0.05714285714285714
5046,0.92123646,0.0650432553668696
5047,0.5545965,0.0947176684881603
5048,0.89049184,0.0
5049,0.9120617,0.14376996805111822
5050,0.8259385,0.125
5051,0.32496783,0.0
5052,0.84193397,0.0
5053,0.79804116,0.0
5054,0.5005155,0.01818181818181818
5055,0.7712224,0.0
5056,0.8572674,0.0
5057,0.28821632,0.0
5058,0.9301998,0.22348484848484848
5059,0.8747206,0.30927835051546393
5060,0.7269412,0.0
5061,0.8908246,0.22839506172839505
5062,0.715778,0.1232876712328767
5063,0.8157605,0.023809523809523808
5064,0.33103386,0.0
5065,0.9350933,0.24570200573065903
5066,0.9152286,0.1724137931034483
5067,0.84294933,0.21428571428571427
5068,0.77314776,0.00929368029739777
5069,0.3202759,0.0
5070,0.7033119,0.14285714285714285
5071,0.71710956,0.2692307692307692
5072,0.8103706,0.0
5073,0.80992,0.13592233009708737
5074,0.8816956,0.08009153318077804
5075,0.8744566,0.05263157894736842
5076,0.2604447,0.014239169783999035
5077,0.35761872,0.012575888985255855
5078,0.8728855,0.0
5079,0.93999016,0.16666666666666666
5080,0.9372085,0.11764705882352941
5081,0.88423777,0.3003412969283277
5082,0.627861,0.0
5083,0.77980924,0.017857142857142856
5084,0.95633155,0.36430987276534066
5085,0.8926434,0.1414141414141414
5086,0.81930536,0.09523809523809523
5087,0.6636921,0.015792916549855155
5088,0.54667765,0.0
5089,0.86678225,0.0
5090,0.33687818,0.0641025641025641
5091,0.7256796,0.05821917808219178
5092,0.9025091,0.015873015873015872
5093,0.19860311,9.649715333397665e-05
5094,0.96485335,0.5363079615048119
5095,0.5425441,0.0
5096,0.8552264,0.06521739130434782
5097,0.6777168,0.14335664335664336
5098,0.8601464,0.12422360248447205
5099,0.9362931,0.4393468118195957
5100,0.89378035,0.0
5101,0.7453506,0.1411764705882353
5102,0.93074125,0.04285714285714286
5103,0.7994805,0.06842105263157895
5104,0.62163764,0.0
5105,0.3813688,0.0008664572728257337
5106,0.7966174,0.07547169811320754
5107,0.83049566,0.0
5108,0.82678324,0.0
5109,0.8520517,0.0
5110,0.6954325,0.03553299492385787
5111,0.7871687,0.07575757575757576
5112,0.87039125,0.15261044176706828
5113,0.8796082,0.0
5114,0.8951721,0.08196721311475409
5115,0.7037983,0.10273972602739725
5116,0.6854038,0.054945054945054944
5117,0.45952353,0.0
5118,0.84380376,0.0
5119,0.81155723,0.0
5120,0.8933507,0.05543237250554324
5121,0.6918384,0.005119453924914676
5122,0.7264304,0.05517241379310345
5123,0.9566056,0.7953927600515095
5124,0.7970138,0.045454545454545456
5125,0.62476426,0.18772563176895307
5126,0.82152426,0.14285714285714285
5127,0.6924988,0.0
5128,0.81579685,0.25
5129,0.8609946,0.12280701754385964
5130,0.9066321,0.32550335570469796
5131,0.76580185,0.15714285714285714
5132,0.9018306,0.05263157894736842
5133,0.2813397,0.00018268176835951772
5134,0.42896324,0.10559006211180125
5135,0.86291325,0.17647058823529413
5136,0.7190983,0.03333333333333333
5137,0.39513212,0.0
5138,0.87182677,0.2750642673521851
5139,0.8304557,0.20253164556962025
5140,0.7968863,0.0425531914893617
5141,0.7614618,0.10989010989010989
5142,0.71542233,0.11403508771929824
5143,0.9218077,0.2857142857142857
5144,0.27135974,0.0
5145,0.8909212,0.13513513513513514
5146,0.88760924,0.07581227436823104
5147,0.6095827,0.07142857142857142
5148,0.69099146,0.19736842105263158
5149,0.57927305,0.2218725413060582
5150,0.5605966,0.07328072153325817
5151,0.9108495,0.12121212121212122
5152,0.7970835,0.10416666666666667
5153,0.6359595,0.18823529411764706
5154,0.44815573,0.00547645125958379
5155,0.88483626,0.1509584664536741
5156,0.3912076,0.1286549707602339
5157,0.8717417,0.18181818181818182
5158,0.8292779,0.016739446870451237
5159,0.81255126,0.0
5160,0.44892335,0.0
5161,0.9180773,0.125
5162,0.8212909,0.0
5163,0.36550874,0.0
5164,0.77492917,0.0
5165,0.8108987,0.17352941176470588
5166,0.5865494,0.0549645390070922
5167,0.8401601,0.2
5168,0.54232955,0.08064516129032258
5169,0.90825564,0.25051334702258726
5170,0.8891995,0.1496149614961496
5171,0.8040661,0.08505154639175258
5172,0.8907403,0.11627906976744186
5173,0.61158556,0.0
5174,0.80496293,0.10588235294117647
5175,0.8208333,0.14742014742014742
5176,0.7454755,0.017857142857142856
5177,0.9108751,1.0
5178,0.6050356,0.0
5179,0.88250655,0.058823529411764705
5180,0.48346856,0.0
5181,0.48198855,0.011695906432748537
5182,0.8015976,0.10526315789473684
5183,0.82875043,0.19370078740157481
5184,0.9005824,0.3634085213032581
5185,0.7283481,0.17647058823529413
5186,0.7544611,0.0
5187,0.7069995,0.024390243902439025
5188,0.58526415,0.07975460122699386
5189,0.9379825,0.25495495495495496
5190,0.6503289,0.016745212072596008
5191,0.9115382,0.030303030303030304
5192,0.9433239,0.18354430379746836
5193,0.8975402,0.17889908256880735
5194,0.89004195,0.0
5195,0.51253104,0.06535947712418301
5196,0.93707436,0.2746478873239437
5197,0.8042408,0.011904761904761904
5198,0.9427316,0.2764423076923077
5199,0.87187904,0.2558139534883721
5200,0.85511863,0.2094017094017094
5201,0.74663275,0.0
5202,0.8551057,0.07792207792207792
5203,0.8439394,0.176
5204,0.88743275,0.10846560846560846
5205,0.64488924,0.0
5206,0.6261174,0.004032258064516129
5207,0.9536064,0.43812709030100333
5208,0.873529,0.0
5209,0.35751548,0.011730205278592375
5210,0.55034375,0.0
5211,0.58897126,0.0
5212,0.71101606,0.057034220532319393
5213,0.74179107,0.19678714859437751
5214,0.46363372,0.5626146406536602
5215,0.7320843,0.08433734939759036
5216,0.9241829,0.10526315789473684
5217,0.5414513,0.0
5218,0.9223947,0.09859154929577464
5219,0.70346975,0.0
5220,0.42548534,0.023500576701268743
5221,0.6850094,0.17770034843205576
5222,0.53513765,0.0
5223,0.8395392,0.012974051896207584
5224,0.2267112,0.6339791628587096
5225,0.8820297,0.1262135922330097
5226,0.85492545,0.19367588932806323
5227,0.5191917,0.0037735849056603774
5228,0.5688441,0.0
5229,0.2925169,0.0
5230,0.9492002,0.20657276995305165
5231,0.93336874,0.17857142857142858
5232,0.60558033,0.08571428571428572
5233,0.5725074,0.0
5234,0.6552911,0.0
5235,0.7895587,0.1348314606741573
5236,0.28282827,0.5778698224852071
5237,0.40962672,0.0
5238,0.8043155,0.23255813953488372
5239,0.50329596,0.024390243902439025
5240,0.7941044,0.0
5241,0.17124315,0.0
5242,0.86518246,0.29311678267594743
5243,0.706369,0.5843939077821824
5244,0.9264253,0.0607649000194137
5245,0.73636097,0.125
5246,0.3666524,0.0
5247,0.89107066,0.0
5248,0.45601845,0.0
5249,0.91894776,0.0
5250,0.93899155,0.4328011611030479
5251,0.8882165,0.06493506493506493
5252,0.9516087,0.22178477690288714
5253,0.9441393,0.09090909090909091
5254,0.9416244,0.10256410256410256
5255,0.9354338,0.4
5256,0.4330318,0.0
5257,0.83534116,0.005571030640668524
5258,0.4630615,0.0
5259,0.80846834,0.0
5260,0.83954006,0.0
5261,0.67561483,0.0
5262,0.7642504,0.07278481012658228
5263,0.80866915,0.08849557522123894
5264,0.8292588,0.17
5265,0.3871824,0.0035211267605633804
5266,0.9283164,0.0
5267,0.3361014,0.009164017205909855
5268,0.84823686,0.03731343283582089
5269,0.9122656,0.30004732607666823
5270,0.47090587,0.0007304601899196494
5271,0.5231402,0.05011389521640091
5272,0.8940757,0.22033898305084745
5273,0.685473,0.19767441860465115
5274,0.4720423,0.020761245674740483
5275,0.73658144,0.0
5276,0.9127384,0.16115702479338842
5277,0.7045036,0.07606973058637084
5278,0.92976284,0.29074529074529076
5279,0.9208879,0.27184466019417475
5280,0.9058242,0.13333333333333333
5281,0.9793928,0.45391750542727455
5282,0.89224607,0.10791186780170256
5283,0.8331863,0.125
5284,0.88749796,0.0006291286568103177
5285,0.90885013,0.0
5286,0.5793831,0.0
5287,0.3820612,0.033299697275479316
5288,0.74890006,0.043478260869565216
5289,0.88703305,0.1182033096926714
5290,0.85501665,0.0
5291,0.80664665,0.03571428571428571
5292,0.6870856,0.05846153846153846
5293,0.47311,0.17247238742565846
5294,0.6597354,0.04242424242424243
5295,0.49502963,0.0
5296,0.61938673,0.0
5297,0.9383346,0.2794258373205742
5298,0.8400961,0.22875816993464052
5299,0.8566702,0.0
5300,0.8420169,0.21641791044776118
5301,0.92475724,0.035211267605633804
5302,0.69915396,0.15964125560538117
5303,0.94755965,0.2773302646720368
5304,0.63835174,0.0
5305,0.9402906,0.8252359314924852
5306,0.89875,0.12612612612612611
5307,0.95350933,0.09946902654867257
5308,0.64699024,0.10382978723404256
5309,0.9158123,0.25
5310,0.89304477,0.0
5311,0.806878,0.0
5312,0.9073012,0.3684210526315789
5313,0.8432698,0.0
5314,0.89688253,0.18181818181818182
5315,0.96853334,0.4579505300353357
5316,0.84217954,0.010380622837370242
5317,0.9295204,0.23529411764705882
5318,0.92696106,0.3595238095238095
5319,0.8260667,0.23684210526315788
5320,0.7749202,0.01893939393939394
5321,0.792621,0.08064516129032258
5322,0.39369094,0.0
5323,0.7703777,0.0
5324,0.5499088,0.1174496644295302
5325,0.5467396,0.0
5326,0.89815944,0.1510791366906475
5327,0.93143904,0.28524046434494194
5328,0.9571482,0.27906976744186046
5329,0.5754916,0.02564102564102564
5330,0.80906767,0.6412520064205457
5331,0.9350906,0.22
5332,0.8910172,0.08269230769230769
5333,0.82764524,0.0
5334,0.8808309,0.0
5335,0.8760203,0.03225806451612903
5336,0.17202213,0.0
5337,0.73934585,0.0
5338,0.58989567,0.029411764705882353
5339,0.7724184,0.11940298507462686
5340,0.8397649,0.0
5341,0.70464694,0.0
5342,0.66740155,0.05714285714285714
5343,0.8271286,0.0
5344,0.86289555,0.21390374331550802
5345,0.3554282,0.011904761904761904
5346,0.9467569,0.31714956930305405
5347,0.83427083,0.03333333333333333
5348,0.89137214,0.12121212121212122
5349,0.95193714,0.31351351351351353
5350,0.88853323,0.07692307692307693
5351,0.9082586,0.13793103448275862
5352,0.7016785,0.0
5353,0.319902,0.0
5354,0.81406736,0.19735576923076922
5355,0.9304507,0.49714285714285716
5356,0.9319169,0.27480245829675154
5357,0.29367083,0.0
5358,0.9128505,0.36220472440944884
5359,0.60259885,0.18097447795823665
5360,0.7952899,0.17543859649122806
5361,0.6561889,0.24213836477987422
5362,0.85683084,0.0
5363,0.86573327,0.32075471698113206
5364,0.8654773,0.11929824561403508
5365,0.7191351,0.0
5366,0.7073892,0.07607361963190185
5367,0.75144726,0.12882483370288247
5368,0.6840623,0.1689291101055807
5369,0.7918848,0.0625
5370,0.8384448,0.13559322033898305
5371,0.7947739,0.12357954545454546
5372,0.76329917,0.0
5373,0.29678416,0.9150943396226415
5374,0.27923444,0.039473684210526314
5375,0.5966364,0.0
5376,0.87449116,0.12869565217391304
5377,0.6118798,0.0
5378,0.67528373,0.2631578947368421
5379,0.9319476,0.24427480916030533
5380,0.7972556,0.14182692307692307
5381,0.3009896,0.0014845605700712589
5382,0.90871143,0.2770897832817337
5383,0.83069474,0.2226148409893993
5384,0.7269442,0.31682090364725096
5385,0.7105089,0.2292817679558011
5386,0.8922071,0.0
5387,0.92948824,0.043478260869565216
5388,0.8590959,0.1220159151193634
5389,0.8559093,0.05263157894736842
5390,0.7211612,0.0
5391,0.8750097,0.32059800664451826
5392,0.777725,0.11498257839721254
5393,0.71805227,0.16298116298116297
5394,0.4646036,0.001633453119895459
5395,0.73873955,0.009823182711198428
5396,0.91789377,0.23076923076923078
5397,0.82249445,0.04
5398,0.81233823,0.0625
5399,0.3811864,0.09585492227979274
5400,0.6832014,0.0
5401,0.2437923,0.00028422548555187115
5402,0.9205497,0.0
5403,0.6010228,0.0
5404,0.42277625,0.0
5405,0.59333295,0.06451612903225806
5406,0.34785867,0.0
5407,0.83468306,0.10300429184549356
5408,0.8290306,0.27586206896551724
5409,0.93687356,0.0
5410,0.9054271,0.14285714285714285
5411,0.613063,0.09154929577464789
5412,0.9398515,0.44072948328267475
5413,0.19410454,0.0
5414,0.856924,0.0
5415,0.9624374,0.42201834862385323
5416,0.93596566,0.0
5417,0.94983554,0.345873786407767
5418,0.8808005,0.25121951219512195
5419,0.8512806,0.17256637168141592
5420,0.9207342,0.03783783783783784
5421,0.7681514,0.0
5422,0.42367628,0.04978540772532189
5423,0.91486377,0.20945945945945946
5424,0.90278566,0.3313253012048193
5425,0.89391166,0.08333333333333333
5426,0.833314,0.07142857142857142
5427,0.45363295,0.07407407407407407
5428,0.8870128,0.4247787610619469
5429,0.6256882,0.0026954177897574125
5430,0.5363109,0.00338409475465313
5431,0.7427883,0.0
5432,0.9000336,0.287396937573616
5433,0.837493,0.0009612303748798462
5434,0.52423036,0.009609840476648087
5435,0.8425477,0.05947955390334572
5436,0.94394636,0.10638297872340426
5437,0.7333387,0.09498480243161095
5438,0.8320032,0.16722972972972974
5439,0.8027694,0.0
5440,0.8875547,0.0
5441,0.8796692,0.20958083832335328
5442,0.7386485,0.15606242496998798
5443,0.92925483,0.11702127659574468
5444,0.637338,0.0
5445,0.91487503,0.17266187050359713
5446,0.8646876,0.2330316742081448
5447,0.89579344,0.19696969696969696
5448,0.5843054,0.0
5449,0.92431164,0.265625
5450,0.9550161,0.2639676113360324
5451,0.6859979,0.09860312243221035
5452,0.71598923,0.27586206896551724
5453,0.8520735,0.043478260869565216
5454,0.9033152,0.0
5455,0.54431504,0.0
5456,0.84632736,0.09803921568627451
5457,0.5721975,0.0
5458,0.3715885,0.0007613826709304097
5459,0.9049533,0.2727272727272727
5460,0.9574306,0.5277777777777778
5461,0.66684806,0.0
5462,0.9646188,0.43123336291038156
5463,0.8924896,0.0
5464,0.58321655,0.0547945205479452
5465,0.81682,0.1889763779527559
5466,0.75548744,0.0
5467,0.73540014,0.203125
5468,0.76421624,0.018867924528301886
5469,0.8651177,0.21033210332103322
5470,0.30778956,0.011450381679389313
5471,0.59590304,0.0
5472,0.8699417,0.0
5473,0.9160965,0.0
5474,0.7155006,0.041666666666666664
5475,0.9279843,0.034482758620689655
5476,0.8656095,0.0
5477,0.8913163,0.09090909090909091
5478,0.2232321,0.23247619047619048
5479,0.68300575,0.0
5480,0.68047553,0.0
5481,0.90250045,0.0
5482,0.8305409,0.0
5483,0.90206224,0.1111111111111111
5484,0.8781865,0.18584070796460178
5485,0.90025914,0.2
5486,0.82670677,0.0
5487,0.9049317,0.010377358490566037
5488,0.70419884,0.5132275132275133
5489,0.85349995,0.07989960259359967
5490,0.7589396,0.07526881720430108
5491,0.90636325,0.0009770395701025891
5492,0.9149026,0.0
5493,0.27595058,0.0
5494,0.9165361,0.16666666666666666
5495,0.66069025,0.0
5496,0.8377881,0.05238095238095238
5497,0.96317977,0.18779342723004694
5498,0.9330095,0.1819571865443425
5499,0.85405415,0.0
5500,0.6207303,0.0
5501,0.78949195,0.027777777777777776
5502,0.6852469,0.0
5503,0.87150073,0.25
5504,0.88472164,0.29411764705882354
5505,0.9382742,0.30076230076230076
5506,0.7372567,0.0
5507,0.8661938,0.28317373461012313
5508,0.7748129,0.0
5509,0.51332796,0.007128969539857421
5510,0.65836006,0.004821958456973294
5511,0.8951176,0.03409090909090909
5512,0.3395892,0.24259884760580172
5513,0.906577,0.0
5514,0.80249274,0.09090909090909091
5515,0.6816715,0.13081822635962764
5516,0.8064332,0.0
5517,0.9145182,0.29866989117291415
5518,0.92180955,0.08823529411764706
5519,0.49095872,0.0
5520,0.6802514,0.0
5521,0.6455593,0.0
5522,0.7312524,0.013333333333333334
5523,0.7826743,0.0
5524,0.71072054,0.0
5525,0.833452,0.1111111111111111
5526,0.8628121,0.26956521739130435
5527,0.8998303,0.06585612968591692
5528,0.67249215,0.5996055226824457
5529,0.7473026,0.10526315789473684
5530,0.8952255,0.14285714285714285
5531,0.6072908,0.0
5532,0.8669892,0.078125
5533,0.4474838,0.17468354430379746
5534,0.8949218,0.14705882352941177
5535,0.8558115,0.13953488372093023
5536,0.57642,0.0
5537,0.712351,0.034036012296881864
5538,0.9127662,0.2562189054726368
5539,0.8999492,0.043010752688172046
5540,0.85884196,0.2995391705069124
5541,0.82197344,0.25252525252525254
5542,0.17578955,0.000365764447695684
5543,0.6571513,0.0
5544,0.6480748,0.0
5545,0.8077597,0.2154761904761905
5546,0.89003724,0.3196172248803828
5547,0.69809765,0.0
5548,0.46122426,0.0
5549,0.79058826,0.05194805194805195
5550,0.8297661,0.0
5551,0.90354025,0.06382978723404255
5552,0.89475965,0.0011376564277588168
5553,0.6833892,0.0918918918918919
5554,0.31465292,0.18203483043079743
5555,0.8563857,0.05263157894736842
5556,0.7681468,0.09933774834437085
5557,0.4809408,0.0
5558,0.8757333,0.2684563758389262
5559,0.5297026,0.342716396903589
5560,0.85903394,0.25287356321839083
5561,0.9631752,0.458700882117081
5562,0.72954404,0.31806615776081426
5563,0.2601347,0.0
5564,0.84126854,0.0
5565,0.8308,0.0
5566,0.9736166,0.2358490566037736
5567,0.90112585,0.21256038647342995
5568,0.661076,0.0
5569,0.86100245,0.5333333333333333
5570,0.9445295,0.15159155373463598
5571,0.9097153,0.16666666666666666
5572,0.8424566,0.15753424657534246
5573,0.7711135,0.006047278724573941
5574,0.8386003,0.3123888559573207
5575,0.7855795,0.0
5576,0.8469456,0.11428571428571428
5577,0.7523919,0.0
5578,0.8685576,0.1
5579,0.6743375,0.037037037037037035
5580,0.9351408,0.2682619647355164
5581,0.9243592,0.0
5582,0.75393784,0.1306532663316583
5583,0.66558886,0.0196078431372549
5584,0.9113844,0.4156891495601173
5585,0.54111224,0.0
5586,0.6187346,0.0
5587,0.83671147,0.7105263157894737
5588,0.818359,0.03497135966234549
5589,0.8353267,0.07142857142857142
5590,0.83987635,0.07924528301886792
5591,0.7732378,0.034482758620689655
5592,0.5956138,0.0
5593,0.6463962,0.06818181818181818
5594,0.9122471,0.1111111111111111
5595,0.82493484,0.04150943396226415
5596,0.71483225,0.0
5597,0.30903,0.0
5598,0.94867486,0.09433962264150944
5599,0.93427634,0.375
5600,0.54040945,0.03710353081986834
5601,0.42166996,0.0
5602,0.30499747,0.053591470258136924
5603,0.7787507,0.0
5604,0.543573,0.027522935779816515
5605,0.40331534,0.0
5606,0.6409161,0.03333333333333333
5607,0.95977473,0.37421944692239073
5608,0.40699753,0.0
5609,0.8459344,0.2991869918699187
5610,0.8489773,0.09090909090909091
5611,0.76868147,0.0
5612,0.93147427,0.3377777777777778
5613,0.4849014,0.0
5614,0.5483762,0.09177489177489177
5615,0.8817931,0.20915032679738563
5616,0.69541335,0.22364532019704433
5617,0.97332996,0.32387706855791965
5618,0.55148464,0.04838709677419355
5619,0.87648183,0.013961605584642234
5620,0.8685412,0.25
5621,0.38942367,0.0
5622,0.92475116,0.13043478260869565
5623,0.7205082,0.0
5624,0.8993875,0.31391830559757944
5625,0.76865613,0.045454545454545456
5626,0.7707052,0.045454545454545456
5627,0.9309334,0.3352272727272727
5628,0.96895283,0.32004253056884635
5629,0.8579822,0.015625
5630,0.87711906,0.01818181818181818
5631,0.5542504,0.036603221083455345
5632,0.6361294,0.11764705882352941
5633,0.84903246,0.023809523809523808
5634,0.6821809,0.0
5635,0.7519426,0.1187214611872146
5636,0.56060624,0.038461538461538464
5637,0.21697131,0.004975124378109453
5638,0.6300898,0.11290322580645161
5639,0.9648661,0.42078113485630064
5640,0.90673655,0.34324942791762014
5641,0.8583208,0.12658227848101267
5642,0.34950328,0.0
5643,0.9154289,0.0
5644,0.7750108,0.1907514450867052
5645,0.90337205,0.26904761904761904
5646,0.86608535,0.0
5647,0.6316027,0.0
5648,0.951025,0.0016574585635359116
5649,0.90246946,0.1951219512195122
5650,0.2166735,0.9811564751524109
5651,0.8889506,0.22727272727272727
5652,0.92378116,0.26582278481012656
5653,0.936901,0.3413793103448276
5654,0.6107167,0.1059322033898305
5655,0.92225647,0.03636363636363636
5656,0.9397135,0.375
5657,0.56272227,0.037037037037037035
5658,0.8725119,0.15789473684210525
5659,0.5762829,0.0
5660,0.8226607,0.12781954887218044
5661,0.7211377,0.08490566037735849
5662,0.8748546,0.2857142857142857
5663,0.37566802,0.09744560075685904
5664,0.91510564,0.0
5665,0.92501694,0.08955223880597014
5666,0.82794785,0.16129032258064516
5667,0.9451139,0.4263990267639903
5668,0.9197292,0.3709090909090909
5669,0.73791313,0.1606425702811245
5670,0.8279609,0.2727272727272727
5671,0.314846,0.0
5672,0.77645415,0.0
5673,0.7775365,0.09402720283855706
5674,0.9099453,0.09793253536452666
5675,0.39799234,0.0
5676,0.85861206,0.0
5677,0.7869946,0.0
5678,0.7056729,0.05
5679,0.80648637,0.0
5680,0.9011507,0.0
5681,0.8551224,0.1989247311827957
5682,0.9050868,0.0967741935483871
5683,0.8240855,0.21428571428571427
5684,0.28168023,0.0587248322147651
5685,0.8653419,0.2
5686,0.7236862,0.0
5687,0.8459126,0.02303330970942594
5688,0.5258266,0.0
5689,0.9207798,0.0
5690,0.87368023,0.04
5691,0.8843201,0.20689655172413793
5692,0.9596204,0.15705018777739843
5693,0.79258287,0.06880733944954129
5694,0.9352192,0.05555555555555555
5695,0.37422788,0.1743222891566265
5696,0.30661076,0.0031007751937984496
5697,0.77847433,0.0
5698,0.62801105,0.0
5699,0.17418477,0.0
5700,0.86452836,0.17197452229299362
5701,0.24577816,0.003805899143672693
5702,0.70787495,0.09333333333333334
5703,0.9043274,0.17689530685920576
5704,0.4176899,0.0
5705,0.75260174,0.0
5706,0.7929471,0.13131313131313133
5707,0.7713296,0.4229390681003584
5708,0.41193676,0.0
5709,0.8633499,0.3684210526315789
5710,0.81486315,0.0
5711,0.7438217,0.15384615384615385
5712,0.9433789,0.12380952380952381
5713,0.83323896,0.0
5714,0.91332674,0.24456521739130435
5715,0.7543128,0.16
5716,0.8375669,0.019583843329253364
5717,0.89732444,0.2
5718,0.6550876,0.16206896551724137
5719,0.8854498,0.012987012987012988
5720,0.8560862,0.017699115044247787
5721,0.56217915,0.0
5722,0.93000287,0.0182370820668693
5723,0.7637255,0.018867924528301886
5724,0.8123278,0.2096069868995633
5725,0.6496553,0.13114754098360656
5726,0.89247453,0.08695652173913043
5727,0.93359447,0.1802773497688752
5728,0.6239322,0.1323529411764706
5729,0.93450636,0.017241379310344827
5730,0.9268299,0.34047919293820933
5731,0.89122534,0.0
5732,0.94296736,0.4193138500635324
5733,0.6974361,0.0
5734,0.91866857,0.043478260869565216
5735,0.9217377,0.03333333333333333
5736,0.90381825,0.08333333333333333
5737,0.86257815,0.024390243902439025
5738,0.78468937,0.17091836734693877
5739,0.48488846,0.05128205128205128
5740,0.8975046,0.1737704918032787
5741,0.9110118,0.0
5742,0.8815867,0.029411764705882353
5743,0.22354232,0.45899445612693557
5744,0.9295448,0.0
5745,0.45540023,0.061946902654867256
5746,0.8768957,0.11904761904761904
5747,0.52420443,0.20634920634920634
5748,0.8796862,0.0008448324415657561
5749,0.9241779,0.18181818181818182
5750,0.83224785,0.1968503937007874
5751,0.86848044,0.25654450261780104
5752,0.35329363,0.0
5753,0.95392233,0.23529411764705882
5754,0.9283706,0.1130952380952381
5755,0.9050778,0.28134556574923547
5756,0.83275366,0.4224137931034483
5757,0.72344136,0.0
5758,0.8314509,0.14942528735632185
5759,0.77768433,0.21951219512195122
5760,0.82788444,0.16417910447761194
5761,0.9332534,0.2631261315630658
5762,0.8998588,0.15625
5763,0.33665943,0.8479488144523899
5764,0.89988023,0.12727272727272726
5765,0.8566171,0.0
5766,0.7206777,0.027522935779816515
5767,0.89804786,0.0967741935483871
5768,0.89786243,0.3113207547169811
5769,0.87552965,0.08133971291866028
5770,0.7752866,0.06451612903225806
5771,0.89618486,0.24324324324324326
5772,0.8405678,0.0
5773,0.40940034,0.0
5774,0.5177593,0.0
5775,0.92291844,0.18181818181818182
5776,0.9060077,0.1970649895178197
5777,0.8246248,0.0
5778,0.4651014,0.009916699722332408
5779,0.37588552,0.05442176870748299
5780,0.6340826,0.06753246753246753
5781,0.77178556,0.2608173076923077
5782,0.70504427,0.0
5783,0.57353777,0.05
5784,0.933213,0.022871664548919948
5785,0.93124586,0.06060606060606061
5786,0.88251454,0.19444444444444445
5787,0.7753307,0.20611916264090177
5788,0.6446194,0.0
5789,0.81283695,0.07142857142857142
5790,0.8339772,0.0
5791,0.96707267,0.35170603674540685
5792,0.87591374,0.1
5793,0.62001556,0.06474820143884892
5794,0.7294184,0.16165413533834586
5795,0.8453125,0.0
5796,0.38144544,0.0010080645161290322
5797,0.87449825,0.09803921568627451
5798,0.903244,0.3076923076923077
5799,0.8669839,0.09523809523809523
5800,0.9588476,0.38058551617873654
5801,0.47374362,0.30570652173913043
5802,0.5493093,0.0449438202247191
5803,0.8585787,0.09469605231290869
5804,0.9146697,0.0
5805,0.91734314,0.30308734939759036
5806,0.87577087,0.0
5807,0.9381238,0.29069767441860467
5808,0.75006694,0.0
5809,0.6753933,0.0
5810,0.7501042,0.02
5811,0.92837536,0.12
5812,0.48131618,0.0
5813,0.64048177,0.21114369501466276
5814,0.9134778,0.19004524886877827
5815,0.979151,0.2749944333110666
5816,0.8031335,0.07692307692307693
5817,0.76312226,0.18181818181818182
5818,0.6270111,0.0
5819,0.6104994,0.21428571428571427
5820,0.8916537,0.18197155941190649
5821,0.74333596,0.025
5822,0.76011986,0.0
5823,0.8293531,0.171875
5824,0.85115296,0.1875
5825,0.8835774,0.16048448145344435
5826,0.896954,0.11382113821138211
5827,0.42121986,0.015651046490090758
5828,0.85945415,0.18574766355140188
5829,0.85290587,0.0
5830,0.91732115,0.25862068965517243
5831,0.53748286,0.0
5832,0.7281074,0.0
5833,0.7056792,0.03220338983050847
5834,0.56867856,0.0
5835,0.666186,0.0
5836,0.91213393,0.12307692307692308
5837,0.5637519,0.09342560553633218
5838,0.87532914,0.0
5839,0.9254369,0.1836734693877551
5840,0.66362816,0.01639344262295082
5841,0.82671356,0.07692307692307693
5842,0.87991786,0.30753424657534245
5843,0.9388198,0.33540372670807456
5844,0.6040664,0.04256803907885555
5845,0.96127117,0.2222222222222222
5846,0.5925771,0.055232558139534885
5847,0.7743199,0.0
5848,0.7233253,0.10194174757281553
5849,0.87893575,0.19230769230769232
5850,0.8435999,0.16260162601626016
5851,0.8360511,0.35047846889952156
5852,0.74020076,0.0
5853,0.85013247,0.34375
5854,0.7260907,0.02127659574468085
5855,0.92909616,0.24390243902439024
5856,0.56656575,0.0
5857,0.87962717,0.1
5858,0.7400907,0.10714285714285714
5859,0.63336205,0.0
5860,0.8942636,0.16176470588235295
5861,0.7833946,0.0
5862,0.3305309,0.045576407506702415
5863,0.9249782,0.0
5864,0.7860841,0.1349206349206349
5865,0.72497743,0.032640949554896145
5866,0.93975884,0.0
5867,0.6614134,0.0
5868,0.89436436,0.17525773195876287
5869,0.8112138,0.0
5870,0.84820044,0.1388888888888889
5871,0.94717073,0.07304785894206549
5872,0.8357972,0.05063291139240506
5873,0.86277145,0.3449612403100775
5874,0.886479,0.028985507246376812
5875,0.8602552,0.1111111111111111
5876,0.8390276,0.0
5877,0.638598,0.0
5878,0.85651195,0.14814814814814814
5879,0.92731166,0.10899653979238755
5880,0.661699,0.0
5881,0.60128605,0.10204081632653061
5882,0.84735954,0.0
5883,0.315773,0.0020463847203274215
5884,0.8684813,0.07142857142857142
5885,0.9202966,0.29533678756476683
5886,0.9104305,0.0
5887,0.9185948,0.3333333333333333
5888,0.84488004,0.1111111111111111
5889,0.9551511,0.24271844660194175
5890,0.65589935,0.0
5891,0.7012048,0.04
5892,0.9402865,0.1724137931034483
5893,0.8663608,0.2054794520547945
5894,0.70899934,0.2889079965606191
5895,0.89985555,0.0
5896,0.8892702,0.1
5897,0.85834205,0.0
5898,0.600546,0.09200438116100766
5899,0.7923418,0.0
5900,0.55748796,0.07547169811320754
5901,0.86541206,0.0
5902,0.53840774,0.0
5903,0.6675852,0.0821917808219178
5904,0.75814366,0.2033898305084746
5905,0.6300961,0.08035714285714286
5906,0.812486,0.0
5907,0.7255361,0.09090909090909091
5908,0.9423115,0.42857142857142855
5909,0.83640736,0.0
5910,0.8880109,0.0
5911,0.75376344,0.0
5912,0.66820216,0.3405488983378431
5913,0.21388838,0.0
5914,0.8431219,0.0
5915,0.6621413,0.11764705882352941
5916,0.8011957,0.128099173553719
5917,0.5000787,0.18181818181818182
5918,0.9427375,0.16822429906542055
5919,0.49767563,0.2511111111111111
5920,0.48747185,0.0
5921,0.63838655,0.004830917874396135
5922,0.8676445,0.028985507246376812
5923,0.73671037,0.10526315789473684
5924,0.8885719,0.07407407407407407
5925,0.49343696,0.0
5926,0.77427655,0.06756756756756757
5927,0.18358178,0.0
5928,0.77202684,0.0
5929,0.6162033,0.03676470588235294
5930,0.8075097,0.25
5931,0.8945427,0.0
5932,0.7014871,0.0
5933,0.86861193,0.1015625
5934,0.31232262,0.029850746268656716
5935,0.4045818,0.015553101417264863
5936,0.80532646,0.19653179190751446
5937,0.22802301,0.9122563960469198
5938,0.7960604,0.0625
5939,0.93864006,0.4877913429522753
5940,0.43051437,0.0
5941,0.8313811,0.0
5942,0.8315413,0.4131455399061033
5943,0.6343972,0.0
5944,0.89894754,0.06896551724137931
5945,0.8879853,0.19117647058823528
5946,0.78961915,0.0
5947,0.7351567,0.4
5948,0.7087384,0.04054054054054054
5949,0.7876192,0.15584415584415584
5950,0.89572144,0.08056695262961582
5951,0.43866807,0.0
5952,0.90975964,0.21476510067114093
5953,0.90681654,0.0
5954,0.8954508,0.21818181818181817
5955,0.89065963,0.030303030303030304
5956,0.92320925,0.5044444444444445
5957,0.9731695,0.49643705463182897
5958,0.919996,0.10344827586206896
5959,0.7637201,0.2416649828248131
5960,0.72402865,0.07216494845360824
5961,0.8770074,0.0
5962,0.2897004,0.16494501832722425
5963,0.7160034,0.6384364820846905
5964,0.7313845,0.24793388429752067
5965,0.9549066,0.3793103448275862
5966,0.7006793,0.06666666666666667
5967,0.6844471,0.0
5968,0.3173265,0.005005720823798627
5969,0.87610716,0.10144927536231885
5970,0.7159512,0.11695906432748537
5971,0.3038453,0.037383177570093455
5972,0.907554,0.11764705882352941
5973,0.7292318,0.0
5974,0.8723724,0.13368983957219252
5975,0.2706434,0.03299492385786802
5976,0.68348354,0.06842105263157895
5977,0.7348089,0.075
5978,0.662833,0.10194174757281553
5979,0.677827,0.0
5980,0.8313137,0.0
5981,0.8895084,0.402020202020202
5982,0.5516833,0.05343511450381679
5983,0.8982463,0.12043795620437957
5984,0.5866828,0.125
5985,0.9249994,0.02040816326530612
5986,0.61285657,0.047619047619047616
5987,0.5726654,0.23076923076923078
5988,0.83939946,0.14634146341463414
5989,0.66719633,0.1935483870967742
5990,0.75628644,0.0
5991,0.3988782,0.0
5992,0.9652549,0.7737674905191578
5993,0.44273674,0.005847953216374269
5994,0.7845525,0.0
5995,0.84533316,0.0
5996,0.5865861,0.0
5997,0.26343998,0.0
5998,0.89867777,0.24836601307189543
5999,0.84814465,0.0
6000,0.9135269,0.42194323144104806
6001,0.7951037,0.21397379912663755
6002,0.90782464,0.14487632508833923
6003,0.93996954,0.19230769230769232
6004,0.97477376,0.20238095238095238
6005,0.71173,0.1079136690647482
6006,0.58229434,0.015533980582524271
6007,0.8560709,0.0
6008,0.76879144,0.08080808080808081
6009,0.6065025,0.01991150442477876
6010,0.17114182,0.07392739273927393
6011,0.7626532,0.0
6012,0.8395824,0.31322272498743087
6013,0.7357847,0.11940298507462686
6014,0.9528435,0.12442396313364056
6015,0.75261295,0.0192131747483989
6016,0.78995943,0.0
6017,0.8383871,0.2422360248447205
6018,0.734822,0.006225911651348948
6019,0.836241,0.0
6020,0.89115024,0.2222222222222222
6021,0.93757737,0.11672473867595819
6022,0.33536264,0.056043214044564485
6023,0.6841424,0.3008849557522124
6024,0.61367303,0.0
6025,0.6851926,0.12422360248447205
6026,0.89623713,0.1875
6027,0.87521577,0.02869757174392936
6028,0.66857785,0.0847457627118644
6029,0.76046515,0.01875
6030,0.909095,0.16666666666666666
6031,0.88315123,0.0
6032,0.8754804,0.1406896551724138
6033,0.87001914,0.15384615384615385
6034,0.45667565,0.03107658157602664
6035,0.8963078,0.06746031746031746
6036,0.8564156,0.2239819004524887
6037,0.88493466,0.0
6038,0.31068248,0.21402877697841727
6039,0.90794504,0.1781045751633987
6040,0.8747868,0.24528301886792453
6041,0.79557395,0.0
6042,0.46393633,0.03205128205128205
6043,0.59104246,0.06868131868131869
6044,0.7290552,0.0
6045,0.30529,0.07692307692307693
6046,0.81116563,0.08888888888888889
6047,0.7324256,0.06060606060606061
6048,0.18130884,0.5135864507723804
6049,0.8751133,0.0
6050,0.8433806,0.0
6051,0.8921641,0.3662361623616236
6052,0.5427509,0.0
6053,0.8516804,0.0
6054,0.65633917,0.0
6055,0.68670034,0.0
6056,0.6652062,0.0
6057,0.90799356,0.0
6058,0.83597565,0.0
6059,0.74712515,0.07473309608540925
6060,0.879046,0.16872427983539096
6061,0.6338197,0.0
6062,0.86513454,0.12097812097812098
6063,0.88133377,0.021305841924398626
6064,0.5382568,0.055865921787709494
6065,0.72905374,0.0
6066,0.9062443,0.0880503144654088
6067,0.6058282,0.1016949152542373
6068,0.7657376,0.08
6069,0.17989933,0.0
6070,0.69504905,0.0913978494623656
6071,0.81090134,0.017241379310344827
6072,0.7520604,0.06779661016949153
6073,0.9132527,0.20710059171597633
6074,0.7883032,0.0
6075,0.72505665,0.12307692307692308
6076,0.62521535,0.1
6077,0.76093864,0.14453125
6078,0.6799371,0.10344827586206896
6079,0.836308,0.044444444444444446
6080,0.87039244,0.0
6081,0.94694203,0.26876876876876876
6082,0.91883725,0.17391304347826086
6083,0.6895615,0.0975609756097561
6084,0.92464066,0.08666666666666667
6085,0.6580339,0.33910891089108913
6086,0.5882535,0.0048543689320388345
6087,0.8934789,0.0949367088607595
6088,0.95437896,0.3699186991869919
6089,0.39109364,0.04316069057104914
6090,0.7119528,0.26854219948849106
6091,0.7906044,0.05
6092,0.32148027,0.0
6093,0.8853661,0.0
6094,0.90114135,0.28935185185185186
6095,0.8851583,0.2786885245901639
6096,0.24506043,0.006379585326953748
6097,0.94362754,0.09090909090909091
6098,0.8049774,0.36363636363636365
6099,0.7043273,0.01639344262295082
6100,0.6248893,0.14309346567411083
6101,0.78890747,0.0
6102,0.8330177,0.10677083333333333
6103,0.6917078,0.1732283464566929
6104,0.6640512,0.05785123966942149
6105,0.88285685,0.0
6106,0.73038584,0.1310592459605027
6107,0.9137561,0.05172413793103448
6108,0.92973846,0.14285714285714285
6109,0.8052535,0.23448275862068965
6110,0.66840166,0.05652173913043478
6111,0.69492334,0.043795620437956206
6112,0.1816129,0.9008917900156294
6113,0.8642913,0.168141592920354
6114,0.665691,0.024390243902439025
6115,0.78458405,0.0
6116,0.7065161,0.27426810477657937
6117,0.8630291,0.9349330872173511
6118,0.91235244,0.26618705035971224
6119,0.7076976,0.0625
6120,0.76292765,0.057692307692307696
6121,0.31065705,0.29257558362035974
6122,0.9193304,0.020689655172413793
6123,0.8586398,0.5456431535269709
6124,0.9119516,0.17567567567567569
6125,0.9354288,0.1996779388083736
6126,0.65116733,0.0
6127,0.15343669,0.0
6128,0.9638535,0.6666666666666666
6129,0.40326688,0.0838235294117647
6130,0.374686,0.0
6131,0.7241863,0.08163265306122448
6132,0.6794187,0.07272727272727272
6133,0.8688615,0.41919191919191917
6134,0.7936692,0.05
6135,0.82971853,0.045871559633027525
6136,0.19599415,0.0
6137,0.86666685,0.03424657534246575
6138,0.14403835,0.0
6139,0.7573271,0.020961145194274028
6140,0.8062506,0.1
6141,0.9395469,0.27927927927927926
6142,0.5464921,0.10179640718562874
6143,0.94882613,0.0
6144,0.874375,0.06976744186046512
6145,0.28876325,0.9891244745019192
6146,0.806798,0.25
6147,0.5577132,0.0
6148,0.6974978,0.0
6149,0.15317728,0.5697986577181208
6150,0.92981553,0.18292682926829268
6151,0.53657126,0.0
6152,0.8309209,0.0
6153,0.91080195,0.16666666666666666
6154,0.93464583,0.03571428571428571
6155,0.6239568,0.0
6156,0.54519355,0.04075235109717868
6157,0.6647119,0.050761421319796954
6158,0.9479473,0.35201149425287354
6159,0.4522493,0.08588957055214724
6160,0.7605881,0.06722689075630252
6161,0.7219645,0.17105263157894737
6162,0.8770024,0.09259259259259259
6163,0.84321874,0.06666666666666667
6164,0.96225816,0.6095273818454614
6165,0.8805551,0.08695652173913043
6166,0.88632137,0.0
6167,0.53188264,0.0
6168,0.7970463,0.02857142857142857
6169,0.6235934,0.02247191011235955
6170,0.7146564,0.0
6171,0.5401792,0.009009009009009009
6172,0.92421454,0.20930232558139536
6173,0.5171072,0.0
6174,0.76492417,0.043478260869565216
6175,0.947755,0.0873015873015873
6176,0.9106876,0.16111111111111112
6177,0.8113607,0.0
6178,0.9337294,0.1450381679389313
6179,0.9626112,0.23346303501945526
6180,0.9358687,0.26521659660025587
6181,0.7843425,0.0
6182,0.8813834,0.14285714285714285
6183,0.7818203,0.022727272727272728
6184,0.70401406,0.05555555555555555
6185,0.6938246,0.08333333333333333
6186,0.6434608,0.0
6187,0.8809648,0.273068669527897
6188,0.8165401,0.0743801652892562
6189,0.91228825,0.11392405063291139
6190,0.7784535,0.14545454545454545
6191,0.5569952,0.0
6192,0.91907567,0.09090909090909091
6193,0.8322035,0.0
6194,0.88975203,0.09502003434459072
6195,0.89155036,0.12244897959183673
6196,0.9171984,0.0
6197,0.8931387,0.0
6198,0.91460466,0.11904761904761904
6199,0.7196937,0.0
6200,0.5038658,0.0
6201,0.8979874,0.0
6202,0.2934317,0.34405228758169937
6203,0.92721426,0.17804878048780487
6204,0.9386794,0.12871287128712872
6205,0.80642265,0.34782608695652173
6206,0.43534777,0.30151024811218985
6207,0.80477095,0.0763888888888889
6208,0.8436052,0.011444921316165951
6209,0.9522844,0.27911784975878706
6210,0.8960918,0.16666666666666666
6211,0.85911214,0.1038961038961039
6212,0.8780473,0.0
6213,0.28579947,0.06593406593406594
6214,0.7727458,0.0
6215,0.7277138,0.12359550561797752
6216,0.94185156,0.14754098360655737
6217,0.7798635,0.23434045689019897
6218,0.47398302,0.026455026455026454
6219,0.8079923,0.26811594202898553
6220,0.89568496,0.3333333333333333
6221,0.74944353,0.0
6222,0.86216635,0.2255892255892256
6223,0.9504094,0.0
6224,0.929709,0.11356466876971609
6225,0.7330633,0.0
6226,0.40424153,0.0
6227,0.7268594,0.0
6228,0.8732853,0.0
6229,0.489707,0.0
6230,0.84207684,0.0
6231,0.85850006,0.009668508287292817
6232,0.8990195,0.0
6233,0.47200638,0.022108298622236462
6234,0.72797155,0.18181818181818182
6235,0.95517,0.1875
6236,0.75687367,0.030927835051546393
6237,0.9239514,0.08571428571428572
6238,0.79622096,0.0
6239,0.23961422,0.0
6240,0.7120599,0.020535714285714286
6241,0.7112131,0.0034965034965034965
6242,0.8763541,0.2599118942731278
6243,0.8429766,0.023809523809523808
6244,0.70636773,0.008539709649871904
6245,0.45359462,0.001181434599156118
6246,0.45346445,0.011904761904761904
6247,0.7744849,0.1111111111111111
6248,0.704266,0.16883116883116883
6249,0.93846834,0.20588235294117646
6250,0.92554754,0.45852951829047445
6251,0.8251838,0.0
6252,0.8560572,0.21052631578947367
6253,0.34354058,0.0
6254,0.2157581,0.0
6255,0.8808681,0.4092827004219409
6256,0.94259053,0.04804270462633452
6257,0.82226604,0.058823529411764705
6258,0.8564074,0.0
6259,0.47289458,0.011148679521155076
6260,0.6108852,0.041474654377880185
6261,0.7674084,0.08333333333333333
6262,0.40832102,0.0
6263,0.77597886,0.06666666666666667
6264,0.20948957,0.0
6265,0.80721784,0.0
6266,0.726559,0.14754098360655737
6267,0.8594899,0.2631578947368421
6268,0.84400195,0.0
6269,0.69606984,0.06521739130434782
6270,0.41479787,0.02857142857142857
6271,0.8384678,0.0989010989010989
6272,0.67960304,0.010869565217391304
6273,0.8990002,0.23521724926494608
6274,0.44137782,0.13733650416171225
6275,0.23529541,0.0
6276,0.66714436,0.0
6277,0.71982366,0.16666666666666666
6278,0.80388266,0.06666666666666667
6279,0.86279744,0.0
6280,0.36920354,0.002875629043853343
6281,0.96587193,0.4065934065934066
6282,0.8956231,0.0449438202247191
6283,0.45643294,0.012750455373406194
6284,0.7795256,0.22413793103448276
6285,0.8005211,0.0
6286,0.88670224,0.13274336283185842
6287,0.74654764,0.024390243902439025
6288,0.81658196,0.15625
6289,0.9222609,0.11231101511879049
6290,0.9188477,0.0
6291,0.9262346,0.11401869158878504
6292,0.32719997,0.2287121745249824
6293,0.90165246,0.41304347826086957
6294,0.765965,0.1
6295,0.63205314,0.10096153846153846
6296,0.44367787,0.0
6297,0.9174654,0.07023411371237458
6298,0.630415,0.04782116581777023
6299,0.6813655,0.0
6300,0.9505488,0.22988505747126436
6301,0.65180314,0.0851063829787234
6302,0.7382991,0.1822429906542056
6303,0.7785366,0.14795383001049317
6304,0.739242,0.007246376811594203
6305,0.75951385,0.0
6306,0.38918015,0.022321428571428572
6307,0.6191656,0.0006583278472679394
6308,0.8579811,0.14285714285714285
6309,0.8148809,0.08955223880597014
6310,0.85402316,0.0
6311,0.52989995,0.011239035087719298
6312,0.63839394,0.16831683168316833
6313,0.8707286,0.0
6314,0.6254774,0.18181818181818182
6315,0.86551946,0.19480519480519481
6316,0.7690878,0.1251798561151079
6317,0.5961866,0.0
6318,0.81421155,0.0
6319,0.89792067,0.1935483870967742
6320,0.6042869,0.0
6321,0.4246053,0.01808066759388039
6322,0.8439779,0.1452991452991453
6323,0.8388122,0.2824074074074074
6324,0.8011116,0.0
6325,0.42342368,0.1975199291408326
6326,0.9158911,0.0
6327,0.20290053,0.0
6328,0.70000774,0.296875
6329,0.913705,0.007633587786259542
6330,0.83074284,0.23129251700680273
6331,0.92550796,0.3
6332,0.55145866,0.0
6333,0.4793355,0.0
6334,0.8219592,0.0
6335,0.98018444,0.5585152838427948
6336,0.6436983,0.20233463035019456
6337,0.6575016,0.03783783783783784
6338,0.57946694,0.011240062140180938
6339,0.91949964,0.297111416781293
6340,0.90096563,0.09090909090909091
6341,0.6769235,0.0
6342,0.21279246,0.0026700393479482856
6343,0.9201092,0.17117117117117117
6344,0.93652207,0.2625
6345,0.48151946,0.0005980861244019139
6346,0.70854396,0.2
6347,0.66849667,0.0
6348,0.42736602,0.019895163211817966
6349,0.7026151,0.0594059405940594
6350,0.89578277,0.0
6351,0.83881277,0.0
6352,0.97305244,0.4710409072498987
6353,0.5495917,0.2763225475089882
6354,0.7119519,0.08974358974358974
6355,0.8701473,0.14285714285714285
6356,0.7511258,0.2057142857142857
6357,0.8836006,0.0
6358,0.8381779,0.0
6359,0.42293182,0.3395896988214753
6360,0.44575942,0.10149488591660111
6361,0.92177725,0.5058032987171656
6362,0.84471065,0.23931623931623933
6363,0.6939856,0.03153153153153153
6364,0.95446736,0.1440677966101695
6365,0.37993523,0.15891032917139614
6366,0.81655604,0.0
6367,0.8983146,0.03125
6368,0.77285403,0.0
6369,0.9375063,0.24006908462867013
6370,0.31408417,0.008403361344537815
6371,0.61952376,0.0
6372,0.9229081,0.3260632497273719
6373,0.88687253,0.09022556390977443
6374,0.92209476,0.1111111111111111
6375,0.61026907,0.0
6376,0.72370476,0.11578947368421053
6377,0.90359753,0.34981458590852904
6378,0.9260116,0.0
6379,0.93428165,0.07079646017699115
6380,0.765319,0.2222222222222222
6381,0.71046644,0.023696682464454975
6382,0.89854556,0.2622754491017964
6383,0.21551725,0.9270928741527752
6384,0.85276866,0.11494252873563218
6385,0.93328905,0.0
6386,0.87370783,0.0
6387,0.1572861,0.0076045627376425855
6388,0.8262272,0.0
6389,0.9450061,0.11003929974991068
6390,0.47696218,0.05555555555555555
6391,0.8675863,0.08452454940957116
6392,0.71295226,0.01638576779026217
6393,0.90287334,0.3029001074113856
6394,0.8287186,0.14814814814814814
6395,0.8149716,0.13333333333333333
6396,0.8743694,0.0
6397,0.9427015,0.3494897959183674
6398,0.72077084,0.20238095238095238
6399,0.8748657,0.11842105263157894
6400,0.835864,0.10344827586206896
6401,0.14441018,0.0
6402,0.9231056,0.043478260869565216
6403,0.54636824,0.11284722222222222
6404,0.9015215,0.125
6405,0.6703951,0.14700726270974204
6406,0.6257597,0.045112781954887216
6407,0.628424,0.1527777777777778
6408,0.9188589,0.0
6409,0.33222267,0.0
6410,0.82263047,0.5281820045091207
6411,0.33876505,0.0
6412,0.9488963,0.05767441860465116
6413,0.8759331,0.284472049689441
6414,0.88045865,0.0
6415,0.3748483,0.9105209586379198
6416,0.8660809,0.0
6417,0.724012,0.25925925925925924
6418,0.8073335,0.15384615384615385
6419,0.457212,0.005555555555555556
6420,0.8010037,0.16956521739130434
6421,0.8212467,0.42714238079359784
6422,0.7343125,0.08064516129032258
6423,0.55548346,0.0
6424,0.69637567,0.047337278106508875
6425,0.8970989,0.043478260869565216
6426,0.8401718,0.29989969909729186
6427,0.9578725,0.2186125211505922
6428,0.79197603,0.0
6429,0.93263805,0.12941176470588237
6430,0.34433264,0.9971673976608187
6431,0.8611783,0.16
6432,0.79639435,0.012269938650306749
6433,0.67336094,0.1488095238095238
6434,0.7547738,0.1797752808988764
6435,0.9419434,0.5441576086956522
6436,0.85809207,0.0
6437,0.80022234,0.047619047619047616
6438,0.93448186,0.19298245614035087
6439,0.27153966,0.001324308416715715
6440,0.7322998,0.06578947368421052
6441,0.83395827,0.09632224168126094
6442,0.74969274,0.0
6443,0.8770843,0.08333333333333333
6444,0.81251585,0.0
6445,0.930484,0.19884169884169883
6446,0.9553354,0.18230723251643755
6447,0.7210356,0.1935483870967742
6448,0.80233085,0.0
6449,0.82052535,0.2727272727272727
6450,0.8166961,0.0
6451,0.53513485,0.0
6452,0.7738746,0.0
6453,0.6866269,0.06923076923076923
6454,0.20623374,0.11607761607761607
6455,0.5307242,0.0
6456,0.816465,0.21359223300970873
6457,0.9367573,0.2916666666666667
6458,0.7193775,0.0
6459,0.9236358,0.34194053208137715
6460,0.9124199,0.2631578947368421
6461,0.8273189,0.18225806451612903
6462,0.8888745,0.2323943661971831
6463,0.79197025,0.0
6464,0.88227427,0.21428571428571427
6465,0.94582677,0.0
6466,0.8666485,0.0
6467,0.88553625,0.0
6468,0.848038,0.12103174603174603
6469,0.88540703,0.3673469387755102
6470,0.77686626,0.0
6471,0.6772835,0.0
6472,0.94256973,0.08383838383838384
6473,0.4272848,0.035
6474,0.6222388,0.0
6475,0.8651592,0.3482758620689655
6476,0.2969969,0.14603616133518776
6477,0.9000806,0.0
6478,0.8941995,0.07526881720430108
6479,0.6805887,0.0
6480,0.70912695,0.015151515151515152
6481,0.800527,0.0
6482,0.4711357,0.031206657420249653
6483,0.55825317,0.0
6484,0.5557847,0.09090909090909091
6485,0.95525753,0.0
6486,0.7301538,0.09759243336199484
6487,0.87593734,0.35036496350364965
6488,0.91188174,0.1724137931034483
6489,0.8254305,0.06896551724137931
6490,0.9505328,0.3557951482479784
6491,0.81860876,0.12101910828025478
6492,0.732648,0.0
6493,0.82565427,0.046511627906976744
6494,0.8625531,0.1568627450980392
6495,0.9332621,0.32643524699599463
6496,0.90965176,0.11607142857142858
6497,0.8523265,0.0
6498,0.9551287,0.32
6499,0.9188179,0.010921004732435385
6500,0.61078995,0.0
6501,0.38385105,0.051070840197693576
6502,0.6529967,0.0
6503,0.9463351,0.001692047377326565
6504,0.8892494,0.057753524329240566
6505,0.8943253,0.06896551724137931
6506,0.81859696,0.4230769230769231
6507,0.91307235,0.35340314136125656
6508,0.80419135,0.08118081180811808
6509,0.6871982,0.0
6510,0.787842,0.07413509060955518
6511,0.95550275,0.29345238095238096
6512,0.7942691,0.2
6513,0.8681604,0.035182679296346414
6514,0.943928,0.0
6515,0.85093355,0.49107635694572216
6516,0.86032975,0.07526881720430108
6517,0.17235233,0.0
6518,0.8410516,0.125
6519,0.7165529,0.046153846153846156
6520,0.42411166,0.00045558086560364467
6521,0.85428715,0.0
6522,0.8690372,0.18
6523,0.9331716,0.3333333333333333
6524,0.8522872,0.1390532544378698
6525,0.84194267,0.125
6526,0.58955723,0.00196078431372549
6527,0.84576654,0.008403361344537815
6528,0.861458,0.0
6529,0.81095755,0.18617021276595744
6530,0.7524584,0.0
6531,0.8964518,0.08947368421052632
6532,0.82374805,0.075
6533,0.6871361,0.14985590778097982
6534,0.33955228,0.0
6535,0.85579425,0.07530120481927711
6536,0.16671486,0.3366880146386093
6537,0.84986645,0.14285714285714285
6538,0.8760984,0.0
6539,0.7379892,0.003367003367003367
6540,0.2850814,0.24069767441860465
6541,0.7273307,0.022222222222222223
6542,0.8119274,0.06779661016949153
6543,0.91581255,0.3198707592891761
6544,0.7993534,0.0
6545,0.5419693,0.0
6546,0.56337756,0.03367875647668394
6547,0.36957896,0.04390243902439024
6548,0.8895827,0.15789473684210525
6549,0.82723397,0.1856925418569254
6550,0.569294,0.0006062810719049351
6551,0.63476264,0.0
6552,0.8393019,0.0
6553,0.86216956,1.0
6554,0.792762,0.07633587786259542
6555,0.60106623,0.0
6556,0.8953991,0.007936507936507936
6557,0.9366343,0.38900343642611684
6558,0.900037,0.046464646464646465
6559,0.4683998,0.0
6560,0.8233674,0.1
6561,0.93304324,0.02702702702702703
6562,0.91483516,0.14634146341463414
6563,0.90733415,0.0
6564,0.4577187,0.010807504078303425
6565,0.83395296,0.19025110782865584
6566,0.80828583,0.08383233532934131
6567,0.89967954,0.1597222222222222
6568,0.8504198,0.1276595744680851
6569,0.4134764,0.045584045584045586
6570,0.6129612,0.0
6571,0.33353457,0.14285714285714285
6572,0.7121019,0.0
6573,0.8471625,0.1694915254237288
6574,0.9131231,0.0
6575,0.27836847,0.047619047619047616
6576,0.6574752,0.0
6577,0.30759504,0.0
6578,0.84030443,0.07462686567164178
6579,0.9476319,0.1171875
6580,0.7717647,0.0
6581,0.68368757,0.0
6582,0.76415867,0.10810810810810811
6583,0.50633794,0.009302325581395349
6584,0.92056507,0.0
6585,0.8270023,0.06934306569343066
6586,0.6263302,0.0
6587,0.9141271,0.13054830287206268
6588,0.80117804,0.5276476101218369
6589,0.45231482,0.0
6590,0.65302324,0.12950450450450451
6591,0.9352516,0.13924050632911392
6592,0.40048838,0.0
6593,0.8894826,0.2652877697841727
6594,0.64719987,0.04148471615720524
6595,0.9287968,0.17488262910798122
6596,0.70485836,0.2231404958677686
6597,0.49758166,0.1540590405904059
6598,0.65204346,0.2361111111111111
6599,0.8144844,0.06896551724137931
6600,0.42951447,0.0
6601,0.6182706,0.07344632768361582
6602,0.8693155,0.051075268817204304
6603,0.7376006,0.07880434782608696
6604,0.9086262,0.1201923076923077
6605,0.8001052,0.13953488372093023
6606,0.69591933,0.044444444444444446
6607,0.39071947,0.07712082262210797
6608,0.9345658,0.0
6609,0.20153055,0.25356466247881143
6610,0.94201165,0.30630243063024304
6611,0.8688225,0.1875
6612,0.34518325,0.07471264367816093
6613,0.7440311,0.08641975308641975
6614,0.6928212,0.05405405405405406
6615,0.7637186,0.09818731117824774
6616,0.960863,0.1809872029250457
6617,0.6957444,0.0
6618,0.79117745,0.045454545454545456
6619,0.5333493,0.11337209302325581
6620,0.71661454,0.31853194381513367
6621,0.8245927,0.057208237986270026
6622,0.79316527,0.07142857142857142
6623,0.7529597,0.12280701754385964
6624,0.8662837,0.18269230769230768
6625,0.50293946,0.03614457831325301
6626,0.78091806,0.09090909090909091
6627,0.6727433,0.0
6628,0.734969,0.13918741808650065
6629,0.95269144,0.0
6630,0.75630987,0.0
6631,0.9287368,0.07142857142857142
6632,0.7107473,0.041379310344827586
6633,0.8521843,0.2127659574468085
6634,0.7590155,0.18315018315018314
6635,0.9333504,0.36363636363636365
6636,0.9295407,0.09375
6637,0.8951015,0.05286343612334802
6638,0.4975051,0.0
6639,0.83225334,0.1588785046728972
6640,0.86989933,0.0
6641,0.93187237,0.13089005235602094
6642,0.6579536,0.05555555555555555
6643,0.8716471,0.047619047619047616
6644,0.90251523,0.06060606060606061
6645,0.7177804,0.005970149253731343
6646,0.4714454,0.0830860534124629
6647,0.8423948,0.2878787878787879
6648,0.6731621,0.0
6649,0.60257584,0.0
6650,0.5589853,0.029914529914529916
6651,0.7867476,0.11264367816091954
6652,0.93360573,0.17771739130434783
6653,0.38767287,0.0
6654,0.8183737,0.2
6655,0.89442086,0.2161290322580645
6656,0.25500524,0.0
6657,0.86088127,0.21428571428571427
6658,0.6379477,0.1
6659,0.77582043,0.0
6660,0.87184477,0.45045045045045046
6661,0.74311894,0.0
6662,0.8100682,0.358974358974359
6663,0.88973284,0.07526881720430108
6664,0.803044,0.3745194947830862
6665,0.2767585,0.04938271604938271
6666,0.38004404,0.029019049314580738
6667,0.3112416,0.9977154345243535
6668,0.8397262,0.07377049180327869
6669,0.76119846,0.0
6670,0.7671433,0.07462686567164178
6671,0.90738815,0.2222222222222222
6672,0.93480283,0.17857142857142858
6673,0.85018,0.0
6674,0.7804326,0.028169014084507043
6675,0.8505771,0.054945054945054944
6676,0.8863107,0.11976047904191617
6677,0.92445076,0.18181818181818182
6678,0.6691299,0.1456953642384106
6679,0.77133274,0.20454545454545456
6680,0.8238813,0.6056027164685909
6681,0.4344836,0.03288288288288288
6682,0.8416487,0.0
6683,0.23610075,0.007633587786259542
6684,0.91179746,0.2903225806451613
6685,0.75100565,0.09090909090909091
6686,0.81494933,0.0
6687,0.77551246,0.0
6688,0.61177427,0.04983388704318937
6689,0.8886896,0.14728682170542637
6690,0.9103949,0.14285714285714285
6691,0.9041862,0.1875
6692,0.8444395,0.11363636363636363
6693,0.93997097,0.125
6694,0.89561445,0.05128205128205128
6695,0.74302244,0.0
6696,0.8990952,0.7789532293986637
6697,0.60888547,0.0
6698,0.7095622,0.0
6699,0.68686485,0.16059957173447537
6700,0.72800434,0.04477611940298507
6701,0.7557461,0.05747126436781609
6702,0.8621406,0.05
6703,0.82750016,0.16
6704,0.8866934,0.0
6705,0.9491393,0.22810549627541776
6706,0.82528627,0.33935018050541516
6707,0.8688663,0.21879194630872484
6708,0.79291123,0.34655172413793106
6709,0.914576,0.1912568306010929
6710,0.8677152,0.31161137440758296
6711,0.852067,0.9410150891632373
6712,0.7617145,0.2986425339366516
6713,0.85981864,0.0
6714,0.63848597,0.0
6715,0.9422617,0.13765182186234817
6716,0.47399762,0.0
6717,0.3130717,0.0
6718,0.65937346,0.0
6719,0.4954114,0.03962264150943396
6720,0.4331136,0.07692307692307693
6721,0.8508694,0.0
6722,0.96429485,0.41239316239316237
6723,0.9113677,0.13333333333333333
6724,0.7749126,0.0
6725,0.9031907,0.06976744186046512
6726,0.62319446,0.0
6727,0.8206569,0.023255813953488372
6728,0.64117134,0.0
6729,0.7452804,0.09929078014184398
6730,0.8928689,0.25
6731,0.83928984,0.0
6732,0.5961674,0.010847457627118645
6733,0.8748299,0.0
6734,0.90826756,0.37681159420289856
6735,0.84746784,0.0
6736,0.4998878,0.24168882978723405
6737,0.71182144,0.05803571428571429
6738,0.95701754,0.6793107882216793
6739,0.8954184,0.017391304347826087
6740,0.85171926,0.2536136662286465
6741,0.3170815,0.0009596928982725527
6742,0.7622701,0.21333333333333335
6743,0.8551516,0.1484814398200225
6744,0.77591705,0.008695652173913044
6745,0.95022,0.642129764329357
6746,0.795397,0.0
6747,0.87897724,0.0
6748,0.583138,0.10251046025104603
6749,0.91460025,0.0
6750,0.95495355,0.2682119205298013
6751,0.9485147,0.125
6752,0.34320313,0.0703335283791691
6753,0.8528277,0.09565217391304348
6754,0.84093195,0.08
6755,0.87362117,0.23684210526315788
6756,0.41473082,0.0
6757,0.7637201,0.0
6758,0.8471973,0.16666666666666666
6759,0.8708775,0.33397312859884837
6760,0.8927174,0.18587360594795538
6761,0.64711946,0.031007751937984496
6762,0.8520984,0.0037262872628726286
6763,0.8923695,0.13194444444444445
6764,0.5563187,0.0
6765,0.91216266,0.14814814814814814
6766,0.87811637,0.0
6767,0.6126283,0.0
6768,0.9445615,0.3169761273209549
6769,0.7174538,0.0
6770,0.6425055,0.0
6771,0.8901269,0.1267605633802817
6772,0.80723137,0.0
6773,0.8933649,0.021052631578947368
6774,0.85234416,0.0
6775,0.5339303,0.06694560669456066
6776,0.39453432,0.5406785844582269
6777,0.82217366,0.10329670329670329
6778,0.548346,0.2892561983471074
6779,0.8649695,0.1524390243902439
6780,0.94659656,0.31521739130434784
6781,0.8495664,0.12962962962962962
6782,0.97760075,0.5748502994011976
6783,0.86154264,0.14859437751004015
6784,0.70522493,0.009259259259259259
6785,0.94603187,0.01984126984126984
6786,0.9019517,0.125
6787,0.9264656,0.15151515151515152
6788,0.7005687,0.0
6789,0.88627636,0.0
6790,0.90509367,0.28439306358381505
6791,0.51479053,0.01596654628397643
6792,0.88000023,0.0
6793,0.7391466,0.0
6794,0.27016696,0.02391304347826087
6795,0.5916441,0.127208480565371
6796,0.84712434,0.125
6797,0.85526925,0.028469750889679714
6798,0.77051544,0.16666666666666666
6799,0.93277097,0.30655957161981257
6800,0.6106867,0.028282828282828285
6801,0.6609234,0.0759493670886076
6802,0.6014405,0.0
6803,0.7806088,0.13962264150943396
6804,0.9470801,0.08695652173913043
6805,0.9565917,0.30824372759856633
6806,0.6853028,0.23837638376383763
6807,0.74545276,0.0
6808,0.9346953,0.16546762589928057
6809,0.6670632,0.08029197080291971
6810,0.6527962,0.0
6811,0.5811583,0.1261335531739489
6812,0.7843141,0.11627906976744186
6813,0.31003046,0.03125
6814,0.5591417,0.015603360723848214
6815,0.9489426,0.16
6816,0.7042023,0.0
6817,0.91804135,0.0
6818,0.6091553,0.0017385257301808068
6819,0.93441594,0.0
6820,0.87890494,0.05405405405405406
6821,0.7529466,0.19696969696969696
6822,0.90852946,0.14182692307692307
6823,0.95724064,0.346723044397463
6824,0.4372529,0.0782520325203252
6825,0.806069,0.12698412698412698
6826,0.66132325,0.0
6827,0.2540126,0.05341314608034995
6828,0.85398966,0.041666666666666664
6829,0.94723797,0.2380038387715931
6830,0.8954605,0.05
6831,0.31153148,0.0
6832,0.89762557,0.17142857142857143
6833,0.8813156,0.06363636363636363
6834,0.59932077,0.0
6835,0.9684612,0.5603277060575969
6836,0.750697,0.0
6837,0.44400316,0.0003572704537334762
6838,0.30692965,0.0
6839,0.80767924,0.0
6840,0.94226646,0.24274809160305344
6841,0.81649196,0.0
6842,0.8543735,0.0
6843,0.82885426,0.08196721311475409
6844,0.70386815,0.13953488372093023
6845,0.7638493,0.029411764705882353
6846,0.49895605,0.029411764705882353
6847,0.4599418,0.0
6848,0.31987152,0.085995085995086
6849,0.63913524,0.06273062730627306
6850,0.936327,0.18598382749326145
6851,0.8996467,0.0
6852,0.6758324,0.2055800293685756
6853,0.59197336,0.0
6854,0.8559965,0.16666666666666666
6855,0.8375151,0.07468879668049792
6856,0.6663014,0.057692307692307696
6857,0.7467304,0.0
6858,0.73654467,0.0056892778993435445
6859,0.8057985,0.09619952494061758
6860,0.932289,0.0
6861,0.43770966,0.005681818181818182
6862,0.37971368,0.0
6863,0.9330423,0.10344827586206896
6864,0.86933494,0.20081967213114754
6865,0.89211524,0.11764705882352941
6866,0.922334,0.07142857142857142
6867,0.90945566,0.04411764705882353
6868,0.19857094,0.5647453833240067
6869,0.87744015,0.16521739130434782
6870,0.8222949,0.2553191489361702
6871,0.8970747,0.0
6872,0.79499286,0.0
6873,0.83899814,0.2
6874,0.7900073,0.25
6875,0.8052524,0.0
6876,0.77138525,0.05660377358490566
6877,0.83244926,0.0
6878,0.8449329,0.1111111111111111
6879,0.8676665,0.1646586345381526
6880,0.75958604,0.18141592920353983
6881,0.8663877,0.18181818181818182
6882,0.6121382,0.0
6883,0.799286,0.0
6884,0.58587575,0.0
6885,0.9395378,0.22674418604651161
6886,0.8955418,0.0
6887,0.72817355,0.2161961367013373
6888,0.9157546,0.0
6889,0.536755,0.18048024786986833
6890,0.74981916,0.05970149253731343
6891,0.43385163,0.0
6892,0.7044791,0.0
6893,0.8420002,0.06896551724137931
6894,0.9110443,0.24394463667820068
6895,0.8669969,0.0005040322580645161
6896,0.83359957,0.05263157894736842
6897,0.8832396,0.23076923076923078
6898,0.6719576,0.09525471039776692
6899,0.462233,0.11363636363636363
6900,0.7467355,0.034782608695652174
6901,0.9396784,0.07010044881384911
6902,0.8334596,0.13636363636363635
6903,0.7193432,0.16901408450704225
6904,0.95439017,0.24257425742574257
6905,0.6926231,0.045454545454545456
6906,0.65898913,0.0
6907,0.48912907,0.14953271028037382
6908,0.9024394,0.12903225806451613
6909,0.81490916,0.04
6910,0.73607576,0.0
6911,0.9565085,0.3338533541341654
6912,0.61823726,0.10614525139664804
6913,0.7455301,0.0
6914,0.81445575,0.0
6915,0.7918157,0.027700831024930747
6916,0.7227128,0.2589641434262948
6917,0.515609,0.056
6918,0.954298,0.14465408805031446
6919,0.8821639,0.05128205128205128
6920,0.3166123,0.0
6921,0.7725491,0.008264462809917356
6922,0.6854333,0.11428571428571428
6923,0.6003031,0.0
6924,0.75330395,0.0
6925,0.9133192,0.10526315789473684
6926,0.74002993,0.0
6927,0.8098142,0.1111111111111111
6928,0.42718172,0.17540687160940324
6929,0.8365607,0.10975609756097561
6930,0.85711807,0.0
6931,0.93479687,0.07215562090024881
6932,0.5677643,0.08345221112696148
6933,0.8033435,0.15079365079365079
6934,0.7274571,0.10426540284360189
6935,0.9464479,0.18
6936,0.6704339,0.0
6937,0.790251,0.18181818181818182
6938,0.39215654,0.0962800875273523
6939,0.7830175,0.4
6940,0.75087625,0.038461538461538464
6941,0.85173357,0.19469026548672566
6942,0.648805,0.0
6943,0.81155956,0.06711409395973154
6944,0.79199666,0.03571428571428571
6945,0.7714505,0.07235142118863049
6946,0.84627736,0.07894736842105263
6947,0.7795809,0.0
6948,0.8200184,0.0
6949,0.9342152,0.21212121212121213
6950,0.7727205,0.06086956521739131
6951,0.17009982,0.0
6952,0.49368304,0.0
6953,0.9362807,0.09271978021978022
6954,0.9208222,0.3418803418803419
6955,0.9174689,0.2363296879167778
6956,0.93510205,0.16216216216216217
6957,0.87582016,0.15789473684210525
6958,0.80018073,0.05263157894736842
6959,0.94262296,0.2990353697749196
6960,0.7444244,0.1111111111111111
6961,0.8034342,0.03752655180552278
6962,0.7672111,0.09188544152744631
6963,0.44776616,0.0
6964,0.5916226,0.0
6965,0.813568,0.08571428571428572
6966,0.82763416,0.3673548889754577
6967,0.7752619,0.05
6968,0.972735,0.5868118572292801
6969,0.79120684,0.18867924528301888
6970,0.63313514,0.0
6971,0.9315848,0.0
6972,0.6026801,0.19362186788154898
6973,0.21399179,0.015384615384615385
6974,0.71997595,0.1703977798334875
6975,0.7186091,0.0
6976,0.94592017,0.28488372093023256
6977,0.8847367,0.20603015075376885
6978,0.6323143,0.041237113402061855
6979,0.47022504,0.043478260869565216
6980,0.87083143,0.0
6981,0.6563539,0.12698412698412698
6982,0.31525195,0.011672407194795254
6983,0.913572,0.2967032967032967
6984,0.87518054,0.08080808080808081
6985,0.65203285,0.17721518987341772
6986,0.8226108,0.0
6987,0.6384515,0.06121372031662269
6988,0.636258,0.0
6989,0.71169865,0.0
6990,0.857109,0.18181818181818182
6991,0.9097246,0.14285714285714285
6992,0.8322305,0.11428571428571428
6993,0.4126868,0.0
6994,0.9159296,0.12096774193548387
6995,0.7679032,0.023809523809523808
6996,0.17658412,0.0010653753026634383
6997,0.924957,0.0
6998,0.7022951,0.02765705254839984
6999,0.83197415,0.043478260869565216
7000,0.89338166,0.43253467843631777
7001,0.76622784,0.17270788912579957
7002,0.9077776,0.0
7003,0.94199324,0.11508704061895551
7004,0.87298334,0.047619047619047616
7005,0.78853774,0.05
7006,0.79568166,0.6643929058663028
7007,0.88032806,0.3508771929824561
7008,0.34215662,0.08292919495635305
7009,0.30865505,0.003968253968253968
7010,0.7111291,0.0
7011,0.79623127,0.04700854700854701
7012,0.8670811,0.034482758620689655
7013,0.9311332,0.145329967544176
7014,0.80381763,0.026143790849673203
7015,0.72078645,0.038461538461538464
7016,0.7298435,0.125
7017,0.6205256,0.0
7018,0.8595045,0.04081632653061224
7019,0.96490073,0.4608993157380254
7020,0.7078315,0.0
7021,0.8325819,0.12582781456953643
7022,0.86919963,0.0738255033557047
7023,0.64168215,0.0
7024,0.76928824,0.01669449081803005
7025,0.66941416,0.0
7026,0.62280416,0.0
7027,0.92526037,0.046153846153846156
7028,0.75071,0.23076923076923078
7029,0.8703881,0.0
7030,0.8400897,0.0
7031,0.5903141,0.12056737588652482
7032,0.50490683,0.007494379215588309
7033,0.78774107,0.07547169811320754
7034,0.91628146,0.3392857142857143
7035,0.9220131,0.2956989247311828
7036,0.80096334,0.1502403846153846
7037,0.11224078,0.0
7038,0.70236975,0.1111111111111111
7039,0.9118252,0.05825242718446602
7040,0.8150646,0.0
7041,0.53415096,0.0392156862745098
7042,0.95730543,0.44609375
7043,0.88302714,0.09811122770199371
7044,0.85015583,0.03571428571428571
7045,0.696815,0.0
7046,0.79334897,0.0
7047,0.6894556,0.0
7048,0.908421,0.16145833333333334
7049,0.84517443,0.047619047619047616
7050,0.8386195,0.05555555555555555
7051,0.3865699,0.006503442999234889
7052,0.9330614,0.19883040935672514
7053,0.962617,0.38629737609329445
7054,0.51380354,0.16304347826086957
7055,0.7644037,0.1111111111111111
7056,0.81591684,0.07563025210084033
7057,0.94373876,0.08620689655172414
7058,0.8884774,0.0
7059,0.6186465,0.015151515151515152
7060,0.85320425,0.0
7061,0.913656,0.2608695652173913
7062,0.41282022,0.10818505338078292
7063,0.3646586,0.02631578947368421
7064,0.4028773,0.04871794871794872
7065,0.31136584,0.0
7066,0.9645922,0.2684651650078575
7067,0.8812619,0.0
7068,0.8540075,0.0
7069,0.85618186,0.22325581395348837
7070,0.6386385,0.0554989816700611
7071,0.6387056,0.15315315315315314
7072,0.23979992,0.08163265306122448
7073,0.948929,0.2676056338028169
7074,0.67210495,0.05429864253393665
7075,0.5440432,0.0
7076,0.9075335,0.15254237288135594
7077,0.44697687,0.07317073170731707
7078,0.93495196,0.20353982300884957
7079,0.8392313,0.2604456824512535
7080,0.88400996,0.18461538461538463
7081,0.8977044,0.0
7082,0.76753664,0.21212121212121213
7083,0.8748935,0.000911854103343465
7084,0.92526734,0.09259259259259259
7085,0.8961569,0.22866894197952217
7086,0.6650632,0.034482758620689655
7087,0.9134966,0.21212121212121213
7088,0.6671492,0.0
7089,0.9440253,0.0038314176245210726
7090,0.78255326,0.0
7091,0.95641017,0.336283185840708
7092,0.14583503,0.0
7093,0.6613237,0.14285714285714285
7094,0.42721215,0.020905923344947737
7095,0.9143597,0.041666666666666664
7096,0.85350704,0.14760914760914762
7097,0.904686,0.0
7098,0.70257473,0.16666666666666666
7099,0.9351852,0.0
7100,0.8603227,0.0
7101,0.9169746,0.6745484400656815
7102,0.4188991,0.0
7103,0.9309069,0.0
7104,0.55987376,0.0
7105,0.79284173,0.1111111111111111
7106,0.7185792,0.08832698302736404
7107,0.92983496,0.6627485125526048
7108,0.85814404,0.16666666666666666
7109,0.2952873,0.15
7110,0.73247105,0.1346153846153846
7111,0.7137959,0.35507246376811596
7112,0.82980025,0.009174311926605505
7113,0.91044116,0.09836065573770492
7114,0.90579987,0.18181818181818182
7115,0.71393263,0.0
7116,0.17980275,0.09280742459396751
7117,0.82649565,0.0
7118,0.82040757,0.26865671641791045
7119,0.9337992,0.06666666666666667
7120,0.89953995,0.12121212121212122
7121,0.64655733,0.0783132530120482
7122,0.37453425,0.21800825593395254
7123,0.768469,0.0
7124,0.5507463,0.08
7125,0.9038987,0.3076923076923077
7126,0.88348156,0.0
7127,0.86808974,0.0
7128,0.30893153,0.02920161540851196
7129,0.69221205,0.0
7130,0.58870703,0.0036363636363636364
7131,0.8782245,0.0
7132,0.75347304,0.0
7133,0.5905877,0.0
7134,0.8845786,0.11872705018359853
7135,0.9135664,0.6276346604215457
7136,0.85855514,0.2600732600732601
7137,0.73600566,0.0
7138,0.88935024,0.0
7139,0.7536827,0.03861003861003861
7140,0.8159757,0.08695652173913043
7141,0.3406273,0.025713236194441044
7142,0.25615123,0.5161660922369933
7143,0.5158663,0.0
7144,0.38465267,0.0
7145,0.77021897,0.1
7146,0.68469566,0.2028985507246377
7147,0.91321427,0.0
7148,0.4094646,0.14163903363334912
7149,0.7474744,0.05555555555555555
7150,0.8566494,0.0
7151,0.60795665,0.0
7152,0.7287145,0.11038961038961038
7153,0.92336136,0.3346613545816733
7154,0.6906665,0.0
7155,0.8807714,0.05982905982905983
7156,0.788497,0.16019417475728157
7157,0.609647,0.0
7158,0.8248963,0.225
7159,0.76354146,0.0
7160,0.9612332,0.15789473684210525
7161,0.9496829,0.28205128205128205
7162,0.69241244,0.20454545454545456
7163,0.515724,0.961531432748538
7164,0.43704864,0.0
7165,0.9096426,0.09352517985611511
7166,0.7220678,0.23076923076923078
7167,0.90478075,0.2825
7168,0.5750647,0.20127675553886595
7169,0.82161325,0.1
7170,0.96742105,0.38158691701998787
7171,0.67147964,0.0
7172,0.750872,0.0989010989010989
7173,0.8794168,0.17270896273917422
7174,0.37783003,0.02631578947368421
7175,0.80245656,0.12173913043478261
7176,0.8456328,0.0
7177,0.86458224,0.013024602026049204
7178,0.7973183,0.013513513513513514
7179,0.81931555,0.014347202295552367
7180,0.706411,0.04918032786885246
7181,0.74242914,0.0
7182,0.77461904,0.10153846153846154
7183,0.7238438,0.16777041942604856
7184,0.87913483,0.25
7185,0.15595357,0.7848543332414301
7186,0.680952,0.0
7187,0.9141706,0.17962466487935658
7188,0.662746,0.0
7189,0.89309645,0.07142857142857142
7190,0.7447926,0.17410714285714285
7191,0.44373322,0.00980392156862745
7192,0.9519791,0.38953488372093026
7193,0.68752307,0.12213740458015267
7194,0.8685753,0.22361111111111112
7195,0.84650874,0.1040268456375839
7196,0.71927965,0.0
7197,0.73241085,0.16576819407008087
7198,0.6895792,0.0273972602739726
7199,0.88434565,0.20754716981132076
7200,0.5394928,0.0
7201,0.84183323,0.08064516129032258
7202,0.4518276,0.03289473684210526
7203,0.5474746,0.0
7204,0.84726125,0.20967741935483872
7205,0.8484056,0.14285714285714285
7206,0.34322858,0.00477326968973747
7207,0.6910409,0.018518518518518517
7208,0.34474212,0.0023591860808021233
7209,0.70215255,0.0
7210,0.88830286,0.13086913086913088
7211,0.32905865,0.16423357664233576
7212,0.8068748,0.11918604651162791
7213,0.53138894,0.07728669345308438
7214,0.5042122,0.0
7215,0.7950377,0.0
7216,0.9138591,0.019138755980861243
7217,0.8494143,0.0
7218,0.7543059,0.10630220197418375
7219,0.756876,0.0
7220,0.44460943,0.014492753623188406
7221,0.9246353,0.12
7222,0.7448726,0.017241379310344827
7223,0.8217044,0.033210332103321034
7224,0.86373276,0.001375894331315355
7225,0.90505254,0.0392156862745098
7226,0.42062873,0.012345679012345678
7227,0.47637793,0.006772009029345372
7228,0.8713231,0.0995850622406639
7229,0.7295283,0.0
7230,0.77991974,0.018518518518518517
7231,0.39015698,0.04073463621379798
7232,0.82054484,0.0
7233,0.86094725,0.0
7234,0.8355294,0.14018691588785046
7235,0.9178707,0.1951219512195122
7236,0.72927916,0.0
7237,0.6882493,0.1794871794871795
7238,0.6393161,0.0
7239,0.9224604,0.0
7240,0.8240929,0.0449438202247191
7241,0.7373505,0.04411764705882353
7242,0.4587472,0.04938271604938271
7243,0.89419687,0.19652509652509653
7244,0.7286812,0.02535211267605634
7245,0.6222021,0.02160693492042955
7246,0.91355765,0.1276595744680851
7247,0.885325,0.0
7248,0.9468599,0.42482517482517484
7249,0.78388894,0.10344827586206896
7250,0.8831905,0.11320754716981132
7251,0.5171106,0.1271186440677966
7252,0.8622348,0.0
7253,0.79879236,0.0
7254,0.67340267,0.13293051359516617
7255,0.84505045,0.16440422322775264
7256,0.8401576,0.0
7257,0.78290564,0.06666666666666667
7258,0.58345604,0.015533088235294118
7259,0.73341775,0.0
7260,0.9117464,0.07692307692307693
7261,0.8014405,0.0
7262,0.5316089,0.0
7263,0.6442342,0.0
7264,0.8680494,0.05714285714285714
7265,0.8528328,0.1276595744680851
7266,0.83434325,0.05174353205849269
7267,0.14865445,0.00032206119162640903
7268,0.39642525,0.011043622308117063
7269,0.6943217,0.031446540880503145
7270,0.9470575,0.2445414847161572
7271,0.8441311,0.0
7272,0.80457973,0.0
7273,0.8626498,0.043478260869565216
7274,0.8555351,0.23076923076923078
7275,0.2718279,0.0
7276,0.73873603,0.047619047619047616
7277,0.5069936,0.018691588785046728
7278,0.8039744,0.02040816326530612
7279,0.7174314,0.014650481372959398
7280,0.5116633,0.008547008547008548
7281,0.6022236,0.0
7282,0.5944027,0.0
7283,0.8729179,0.125
7284,0.7609164,0.07163323782234957
7285,0.8839535,0.0
7286,0.49575177,0.03804347826086957
7287,0.36230356,0.021139705882352942
7288,0.95262194,0.25349301397205587
7289,0.86898524,0.12280701754385964
7290,0.62982404,0.02857142857142857
7291,0.49489528,0.0
7292,0.591692,0.05172413793103448
7293,0.5760647,0.043478260869565216
7294,0.9110741,0.0
7295,0.56139904,0.0
7296,0.4854425,0.012903225806451613
7297,0.7771652,0.0
7298,0.543419,0.0
7299,0.8270399,0.0
7300,0.92174536,0.2192846034214619
7301,0.9239426,0.2111024237685692
7302,0.3371647,0.04111498257839721
7303,0.87094593,0.20110957004160887
7304,0.9107664,0.043478260869565216
7305,0.57127327,0.0
7306,0.7890204,0.0
7307,0.38821548,0.1970820668693009
7308,0.9035486,0.17142857142857143
7309,0.3653456,0.0013636363636363637
7310,0.6917558,0.018638573743922204
7311,0.5068725,0.0
7312,0.72849923,0.0
7313,0.5369508,0.05818965517241379
7314,0.7338947,0.11764705882352941
7315,0.7852951,0.0
7316,0.51551056,0.06
7317,0.8122128,0.14925373134328357
7318,0.75523275,0.0125
7319,0.91137826,0.017857142857142856
7320,0.2735535,0.006910850034554251
7321,0.8953769,0.2894736842105263
7322,0.9102643,0.22093023255813954
7323,0.45331168,0.06312769010043041
7324,0.70328414,0.29971988795518206
7325,0.36737946,0.0982824427480916
7326,0.7498947,0.0
7327,0.76463795,0.2
7328,0.5830478,0.0
7329,0.9353189,0.05555555555555555
7330,0.93722194,0.5703703703703704
7331,0.9054432,0.2229299363057325
7332,0.85121083,0.23529411764705882
7333,0.721449,0.14677103718199608
7334,0.7157663,0.0
7335,0.8456519,0.0875
7336,0.7209297,0.08524590163934426
7337,0.4410873,0.0
7338,0.9175694,0.14583333333333334
7339,0.45107448,0.06602641056422569
7340,0.65593493,0.13157894736842105
7341,0.76882166,0.0
7342,0.7141443,0.04285714285714286
7343,0.89297855,0.08888888888888889
7344,0.80623496,0.0
7345,0.9541754,0.370242214532872
7346,0.5533841,0.0
7347,0.8973224,0.19480519480519481
7348,0.41563204,0.0
7349,0.8495857,0.01929260450160772
7350,0.8706671,0.12418300653594772
7351,0.5606593,0.005668192718552431
7352,0.65188676,0.08152173913043478
7353,0.93836987,0.11173184357541899
7354,0.7753236,0.029411764705882353
7355,0.90206033,0.06896551724137931
7356,0.84677696,0.10909090909090909
7357,0.8471851,0.08888888888888889
7358,0.5510585,0.019230769230769232
7359,0.87724924,0.0
7360,0.919721,0.2126865671641791
7361,0.89416707,0.029411764705882353
7362,0.7353737,0.0
7363,0.9302511,0.0
7364,0.8049083,0.2215909090909091
7365,0.8389929,0.0
7366,0.92703617,0.0
7367,0.8516995,0.13636363636363635
7368,0.69716334,0.14285714285714285
7369,0.85767144,0.0
7370,0.8844355,0.2767527675276753
7371,0.7587476,0.17970946579194003
7372,0.6423734,0.061224489795918366
7373,0.68856955,0.1558073654390935
7374,0.934077,0.31788079470198677
7375,0.8134946,0.0
7376,0.6034337,0.0
7377,0.64826417,0.04975124378109453
7378,0.8044087,0.0
7379,0.8076611,0.09523809523809523
7380,0.8638363,0.0
7381,0.8424198,0.1509433962264151
7382,0.73268,0.07407407407407407
7383,0.9065486,0.2603305785123967
7384,0.8546979,0.05
7385,0.93571365,0.1746031746031746
7386,0.95990974,0.7114188807235726
7387,0.66221046,0.0
7388,0.7420743,0.06844106463878327
7389,0.8963004,0.06666666666666667
7390,0.8084893,0.114
7391,0.9134464,0.8671164564388384
7392,0.70374537,0.08154296875
7393,0.8036723,0.05263157894736842
7394,0.9505479,0.27623318385650225
7395,0.29369104,0.1255446347147634
7396,0.9078426,0.0
7397,0.8824371,0.18181818181818182
7398,0.8556676,0.2631578947368421
7399,0.44954717,0.0
7400,0.8516798,0.0
7401,0.4971322,0.0
7402,0.8786869,0.0
7403,0.7537418,0.0
7404,0.9050104,0.0
7405,0.84909517,0.0
7406,0.8614714,0.26717557251908397
7407,0.4386848,0.0
7408,0.9212007,0.1984732824427481
7409,0.751393,0.2145748987854251
7410,0.80939925,0.0
7411,0.9333158,0.22962962962962963
7412,0.97167224,0.4339152119700748
7413,0.8766379,0.22696011004126548
7414,0.7258136,0.0
7415,0.7307406,0.1145374449339207
7416,0.8345146,0.17391304347826086
7417,0.86128736,0.07142857142857142
7418,0.7239928,0.016666666666666666
7419,0.5995701,0.06451612903225806
7420,0.8299831,0.13801452784503632
7421,0.37829286,0.04566584632212196
7422,0.76883596,0.0
7423,0.83859926,0.0
7424,0.9281205,0.0
7425,0.8873646,0.12871287128712872
7426,0.8955216,0.228125
7427,0.86271316,0.1346704871060172
7428,0.8942291,0.056074766355140186
7429,0.78765106,0.09302325581395349
7430,0.9322699,0.06666666666666667
7431,0.7275046,0.04
7432,0.71527034,0.024844720496894408
7433,0.9062835,0.0
7434,0.7506712,0.15384615384615385
7435,0.9394921,0.2672723431227551
7436,0.65151334,0.09523809523809523
7437,0.8329873,0.0
7438,0.9622785,0.28274428274428276
7439,0.75325274,0.0
7440,0.74387246,0.0
7441,0.72553205,0.0
7442,0.76308656,0.23954372623574144
7443,0.76358986,0.0
7444,0.6526477,0.0
7445,0.5285428,0.06338028169014084
7446,0.9051561,0.0915032679738562
7447,0.8956612,0.0
7448,0.84197015,0.0
7449,0.76202196,0.10218978102189781
7450,0.791843,0.31868131868131866
7451,0.8617722,0.0
7452,0.8347139,0.396011396011396
7453,0.5896943,0.032
7454,0.7595066,0.356532877882152
7455,0.5598297,0.0
7456,0.37103105,0.0
7457,0.80669975,0.5643712574850299
7458,0.6177373,0.0
7459,0.88659936,0.06306306306306306
7460,0.83482635,0.0
7461,0.8327491,0.015384615384615385
7462,0.7712085,0.22675736961451248
7463,0.8554192,0.02
7464,0.6192713,0.0
7465,0.7404566,0.0784313725490196
7466,0.89690095,0.2422062350119904
7467,0.59195673,0.041666666666666664
7468,0.49472982,0.11435523114355231
7469,0.93210924,0.0
7470,0.8332783,0.0
7471,0.41191083,0.18251928020565553
7472,0.5267827,0.0
7473,0.6113186,0.0
7474,0.747142,0.058823529411764705
7475,0.6955759,0.0
7476,0.66100645,0.0
7477,0.79332525,0.028901734104046242
7478,0.883074,0.14756944444444445
7479,0.780058,0.22151898734177214
7480,0.927927,0.5257023311416616
7481,0.7947768,0.0
7482,0.89868224,0.12177121771217712
7483,0.89306074,0.0
7484,0.7755925,0.1556701030927835
7485,0.697215,0.21842105263157896
7486,0.52992696,0.00026102845210127906
7487,0.88274515,0.005473277527366388
7488,0.79675734,0.07792207792207792
7489,0.74704665,0.0
7490,0.8594402,0.0007112375533428165
7491,0.9507618,0.3264887063655031
7492,0.83838034,0.0
7493,0.474506,0.00017277125086385625
7494,0.8123636,0.40425531914893614
7495,0.9238436,0.18478260869565216
7496,0.70923054,0.0
7497,0.85954404,0.0
7498,0.46048534,0.04634581105169341
7499,0.8063419,0.22916666666666666
7500,0.40145117,0.21158129175946547
7501,0.88037854,0.0
7502,0.8766204,0.02857142857142857
7503,0.6121836,0.01820425794507868
7504,0.94699126,0.46332737030411447
7505,0.7877381,0.06811145510835913
7506,0.73873687,0.0546218487394958
7507,0.9372958,0.21722846441947566
7508,0.7890171,0.14074074074074075
7509,0.8575274,0.0
7510,0.84500176,0.0
7511,0.552774,0.0
7512,0.7697124,0.14285714285714285
7513,0.15336196,0.40234661451967735
7514,0.635795,0.0005485463521667581
7515,0.8695153,0.18548387096774194
7516,0.2721219,0.0
7517,0.83197886,0.07547169811320754
7518,0.8328408,0.13559322033898305
7519,0.58287394,0.0
7520,0.1973385,0.0
7521,0.7864493,0.18787878787878787
7522,0.77053404,0.0
7523,0.8019505,0.022058823529411766
7524,0.68421036,0.0
7525,0.8373943,0.0
7526,0.7794132,0.16666666666666666
7527,0.68775475,0.0
7528,0.39649802,0.0
7529,0.5509964,0.04180064308681672
7530,0.7473193,0.11483253588516747
7531,0.9550549,0.36298932384341637
7532,0.8648768,0.103
7533,0.81849957,0.039473684210526314
7534,0.8329136,0.16981132075471697
7535,0.9027919,0.02564102564102564
7536,0.73442304,0.13875598086124402
7537,0.91434175,0.2073170731707317
7538,0.8511932,0.0
7539,0.4949108,0.0
7540,0.927785,0.12121212121212122
7541,0.93959475,0.15286624203821655
7542,0.8885477,0.2857142857142857
7543,0.8118182,0.0
7544,0.7951779,0.2661290322580645
7545,0.9418536,0.19791666666666666
7546,0.4807748,0.000145623998835008
7547,0.53299034,0.0
7548,0.91528034,0.08695652173913043
7549,0.71911764,0.1044776119402985
7550,0.8710888,0.0
7551,0.9217,0.0
7552,0.7947176,0.018518518518518517
7553,0.819354,0.19724137931034483
7554,0.41367212,0.0
7555,0.82356745,0.43884892086330934
7556,0.8767475,0.11764705882352941
7557,0.74984795,0.04801670146137787
7558,0.8836876,0.2216270505523937
7559,0.5627858,0.034482758620689655
7560,0.94643885,0.12198221092757307
7561,0.6249527,0.07692307692307693
7562,0.8048756,0.11382113821138211
7563,0.76978457,0.0
7564,0.6201267,0.0
7565,0.9423812,0.05263157894736842
7566,0.56698227,0.0
7567,0.9134323,0.26956521739130435
7568,0.72024524,0.00558659217877095
7569,0.657756,0.17331670822942644
7570,0.9126443,0.3333333333333333
7571,0.527695,0.0
7572,0.893085,0.25984251968503935
7573,0.7188229,0.15789473684210525
7574,0.8206705,0.14054054054054055
7575,0.46080035,0.0
7576,0.87617165,0.0
7577,0.54384166,0.0
7578,0.85018563,0.0
7579,0.477006,0.19412090959511924
7580,0.9268166,0.2674285714285714
7581,0.7638642,0.0
7582,0.9074691,0.21052631578947367
7583,0.51195747,0.10020449897750511
7584,0.7713242,0.0
7585,0.6446414,0.0
7586,0.8982011,0.19230769230769232
7587,0.89923894,0.3627450980392157
7588,0.5358383,0.2445054945054945
7589,0.96568286,0.43524699599465955
7590,0.6862361,0.015021459227467811
7591,0.56367755,0.03653846153846154
7592,0.9278416,0.14285714285714285
7593,0.8133597,0.1
7594,0.8766481,0.2379746835443038
7595,0.73368603,0.07428571428571429
7596,0.37366208,0.023067417273101742
7597,0.6745217,0.045112781954887216
7598,0.51676023,0.0
7599,0.8913497,0.05925925925925926
7600,0.7876269,0.12719298245614036
7601,0.76270777,0.19458128078817735
7602,0.5716943,0.0
7603,0.58992004,0.03424657534246575
7604,0.77055925,0.0
7605,0.8657721,0.3825503355704698
7606,0.75528675,0.27941176470588236
7607,0.70483273,0.03409090909090909
7608,0.40368322,0.09523809523809523
7609,0.37090048,0.017857142857142856
7610,0.88394135,0.07142857142857142
7611,0.9692606,0.7781350482315113
7612,0.8564791,0.046296296296296294
7613,0.9134732,0.13333333333333333
7614,0.73680705,0.0
7615,0.83706176,0.11
7616,0.7568746,0.3140495867768595
7617,0.7734243,0.07746478873239436
7618,0.9090534,0.0
7619,0.8809065,0.26222222222222225
7620,0.7700566,0.11538461538461539
7621,0.5552283,0.09395973154362416
7622,0.41905558,0.04046242774566474
7623,0.73416466,0.008522727272727272
7624,0.8560575,0.08771929824561403
7625,0.560786,0.016260162601626018
7626,0.55425507,0.00984312519224854
7627,0.9009575,0.0
7628,0.9351124,0.029411764705882353
7629,0.8060489,0.12195121951219512
7630,0.31641564,0.1511758118701008
7631,0.8380216,0.13580246913580246
7632,0.92185533,0.1
7633,0.84113306,0.0
7634,0.87833166,0.1282051282051282
7635,0.8814542,0.07246376811594203
7636,0.43970618,0.07514450867052024
7637,0.68400496,0.10915492957746478
7638,0.9132519,0.0
7639,0.83234507,0.020202020202020204
7640,0.71059656,0.0
7641,0.13516428,0.0
7642,0.952117,0.7390726520968695
7643,0.40063804,0.1488095238095238
7644,0.916004,0.07692307692307693
7645,0.6890742,0.022710068130204392
7646,0.7506972,0.11764705882352941
7647,0.5918478,0.0
7648,0.9032366,0.1103448275862069
7649,0.8879531,0.12886597938144329
7650,0.8547986,0.07575757575757576
7651,0.66855496,0.0196078431372549
7652,0.5160558,0.1608187134502924
7653,0.8100128,0.05263157894736842
7654,0.8934594,0.25316455696202533
7655,0.66936195,0.10833333333333334
7656,0.6328379,0.0
7657,0.5673161,0.03333333333333333
7658,0.934709,0.038461538461538464
7659,0.40647706,0.009174311926605505
7660,0.80698067,0.15285451197053407
7661,0.8014136,0.25547445255474455
7662,0.8459277,0.14285714285714285
7663,0.90204173,0.3231441048034934
7664,0.9272442,0.20869565217391303
7665,0.7403107,0.11538461538461539
7666,0.8725827,0.0
7667,0.81281817,0.14285714285714285
7668,0.7694426,0.0
7669,0.45120093,0.0
7670,0.7050248,0.015873015873015872
7671,0.8648895,0.0625
7672,0.32194164,0.006472491909385114
7673,0.85562533,0.16543816543816545
7674,0.9092949,0.20208333333333334
7675,0.87943876,0.07424071991001124
7676,0.68137586,0.03571428571428571
7677,0.3294868,0.041379310344827586
7678,0.84753036,0.18
7679,0.67754674,0.08108108108108109
7680,0.8452338,0.0
7681,0.80743885,0.23676612127045235
7682,0.69727737,0.01483679525222552
7683,0.3969099,0.01312522170982618
7684,0.69655204,0.05555555555555555
7685,0.7241907,0.0
7686,0.81694293,0.16666666666666666
7687,0.6396904,0.15
7688,0.8762813,0.049586776859504134
7689,0.88093257,0.0
7690,0.79619807,0.07920792079207921
7691,0.7766477,0.14746543778801843
7692,0.9044158,0.0
7693,0.91456777,0.3409090909090909
7694,0.720768,0.0
7695,0.3517327,0.0
7696,0.68852186,0.007073386383731211
7697,0.89978325,0.15137614678899083
7698,0.6881848,0.10752688172043011
7699,0.7405449,0.04516129032258064
7700,0.90705854,0.022684310018903593
7701,0.7238787,0.0
7702,0.67366904,0.18816489361702127
7703,0.79823184,0.0
7704,0.6059682,0.015692538996429244
7705,0.8820011,0.0
7706,0.91373616,0.17307692307692307
7707,0.60897356,0.0
7708,0.7434108,0.07692307692307693
7709,0.9563498,0.2396694214876033
7710,0.7887306,0.0
7711,0.17783418,0.006711409395973154
7712,0.17385973,0.0
7713,0.64096624,0.0
7714,0.3234702,0.0071174377224199285
7715,0.9095336,0.33241379310344826
7716,0.8065319,0.15151515151515152
7717,0.67945325,0.02
7718,0.87823695,0.0
7719,0.76485103,0.12903225806451613
7720,0.33287612,0.2671561129805241
7721,0.759132,0.30434782608695654
7722,0.7593257,0.04424778761061947
7723,0.48472348,0.0
7724,0.94808936,0.39260969976905313
7725,0.897379,0.33858267716535434
7726,0.48142847,0.01823092505064146
7727,0.6788728,0.0
7728,0.3711448,0.05421686746987952
7729,0.2294727,0.0
7730,0.8479143,0.10590631364562118
7731,0.88309675,0.29984135378106824
7732,0.6762854,0.010160427807486631
7733,0.46879333,0.023809523809523808
7734,0.699833,0.05172413793103448
7735,0.8633693,0.0
7736,0.87447363,0.02631578947368421
7737,0.3899221,0.24247226624405704
7738,0.5701291,0.03067484662576687
7739,0.7050986,0.15736040609137056
7740,0.9313194,0.12745098039215685
7741,0.81842756,0.04735376044568245
7742,0.526944,0.6801695713612812
7743,0.7502868,0.24175824175824176
7744,0.865856,0.14035087719298245
7745,0.9092952,0.37454100367197063
7746,0.842519,0.039473684210526314
7747,0.95267683,0.4028117359413203
7748,0.85441095,0.18235294117647058
7749,0.4033644,0.006535947712418301
7750,0.8862482,0.18461538461538463
7751,0.7080506,0.0
7752,0.6324983,0.0
7753,0.3974568,0.0
7754,0.8429267,0.11290322580645161
7755,0.7426322,0.1724137931034483
7756,0.69338554,0.041666666666666664
7757,0.7421757,0.014598540145985401
7758,0.6128447,0.01868131868131868
7759,0.18806374,0.004273047751308621
7760,0.79202884,0.08571428571428572
7761,0.5129347,0.03594771241830065
7762,0.7998002,0.042328042328042326
7763,0.6068547,0.19402985074626866
7764,0.7128503,0.017241379310344827
7765,0.914695,0.3370660694288914
7766,0.77198327,0.00909090909090909
7767,0.7234469,0.0
7768,0.9289599,0.4265402843601896
7769,0.757464,0.0
7770,0.6098881,0.009900990099009901
7771,0.78862274,0.0
7772,0.6420449,0.03135100193923723
7773,0.5403246,0.10479041916167664
7774,0.8293268,0.18181818181818182
7775,0.9089459,0.0625
7776,0.81090105,0.15783365570599614
7777,0.8902609,0.1783625730994152
7778,0.36904705,0.10155255790277425
7779,0.22897436,0.0887634684453566
7780,0.9374986,0.16666666666666666
7781,0.80331737,0.0
7782,0.40144774,0.000683900971139379
7783,0.8075231,0.0
7784,0.7766259,0.024271844660194174
7785,0.6175734,0.0
7786,0.8858177,0.2730496453900709
7787,0.46015418,0.0
7788,0.9320698,0.0
7789,0.73520774,0.061068702290076333
7790,0.90508676,0.3333333333333333
7791,0.8978458,0.2857142857142857
7792,0.718262,0.0
7793,0.96415305,0.420873786407767
7794,0.872621,0.16666666666666666
7795,0.6647165,0.21568627450980393
7796,0.44359684,0.11475409836065574
7797,0.6726663,0.0
7798,0.62345177,0.0625
7799,0.55506253,0.0
7800,0.7811313,0.257631822386679
7801,0.79526657,0.06818181818181818
7802,0.34540743,0.0029585798816568047
7803,0.735535,0.019230769230769232
7804,0.883192,0.24861878453038674
7805,0.80288917,0.0
7806,0.40881258,0.0017825311942959
7807,0.88965064,0.13157894736842105
7808,0.9566608,0.7239343052223658
7809,0.8846363,0.07407407407407407
7810,0.891995,0.0
7811,0.8680242,0.2222222222222222
7812,0.90493816,0.061224489795918366
7813,0.81550986,0.24062877871825877
7814,0.91923743,0.4872057318321392
7815,0.8568487,0.07238095238095238
7816,0.87647134,0.19047619047619047
7817,0.92656434,0.09051724137931035
7818,0.9325647,0.26956521739130435
7819,0.30617607,0.0
7820,0.83027333,0.034482758620689655
7821,0.95836186,0.17391304347826086
7822,0.64487475,0.0
7823,0.900011,0.19402985074626866
7824,0.67734414,0.07272727272727272
7825,0.3049814,0.006896551724137931
7826,0.8918763,0.23267326732673269
7827,0.8777444,0.18823529411764706
7828,0.27986598,0.02157164869029276
7829,0.77379495,0.0
7830,0.47008446,0.0
7831,0.82999945,0.48785046728971965
7832,0.77966166,0.0
7833,0.3356396,0.019155844155844155
7834,0.87701017,0.20634920634920634
7835,0.87496364,0.12394957983193278
7836,0.86579853,0.09956709956709957
7837,0.8892655,0.325782092772384
7838,0.8123495,0.07228915662650602
7839,0.840422,0.3333333333333333
7840,0.76237506,0.1
7841,0.87024415,0.09734513274336283
7842,0.6675009,0.06896551724137931
7843,0.85067505,0.20567375886524822
7844,0.85340804,0.05263157894736842
7845,0.92494303,0.1111111111111111
7846,0.72048753,0.2
7847,0.68426883,0.0
7848,0.9197704,0.3321554770318021
7849,0.8645459,0.0
7850,0.8884579,0.1880559085133418
7851,0.9683421,0.451732256979482
7852,0.5232866,0.0
7853,0.9096878,0.05172413793103448
7854,0.2896188,0.0
7855,0.93067336,0.43953488372093025
7856,0.7380476,0.006802721088435374
7857,0.7817213,0.2603550295857988
7858,0.8174406,0.010869565217391304
7859,0.85843796,0.279887482419128
7860,0.60291064,0.08333333333333333
7861,0.5907256,0.18635809987819732
7862,0.4007423,0.10095137420718817
7863,0.8929061,0.2768595041322314
7864,0.94597566,0.5464066449981942
7865,0.8639949,0.0
7866,0.81783634,0.018867924528301886
7867,0.91886085,0.1044776119402985
7868,0.7315765,0.0
7869,0.57527006,0.02741514360313316
7870,0.6424295,0.0
7871,0.2444189,0.1289710763394974
7872,0.67694026,0.08571428571428572
7873,0.9338944,0.2028688524590164
7874,0.9237888,0.15355805243445692
7875,0.6706686,0.0
7876,0.7858648,0.0
7877,0.63123846,0.0
7878,0.8163502,0.2006980802792321
7879,0.8327314,0.047619047619047616
7880,0.8362082,0.0
7881,0.84628636,0.14634146341463414
7882,0.79996103,0.0
7883,0.7501111,0.0
7884,0.8306276,0.04477611940298507
7885,0.8911618,0.0
7886,0.5469065,0.1238030095759234
7887,0.8792356,0.0
7888,0.9237709,0.49585406301824214
7889,0.95862585,0.257847533632287
7890,0.85007167,0.1391304347826087
7891,0.40712225,0.8652089676169389
7892,0.53678894,0.23333333333333334
7893,0.9025971,0.36578947368421055
7894,0.8884391,0.13157894736842105
7895,0.345843,0.0
7896,0.62787586,0.0
7897,0.82923007,0.0
7898,0.91939205,0.041237113402061855
7899,0.93599206,0.08433734939759036
7900,0.7345992,0.008620689655172414
7901,0.50354683,0.167
7902,0.81047845,0.23841059602649006
7903,0.91328895,0.1368421052631579
7904,0.9520638,0.37375178316690444
7905,0.49310133,0.04520990312163617
7906,0.67789686,0.05963302752293578
7907,0.9306274,0.17221418234442837
7908,0.83502954,0.3333333333333333
7909,0.8995461,0.26636568848758463
7910,0.70611674,0.0
7911,0.45875013,0.0
7912,0.9470902,0.3685636856368564
7913,0.58002627,0.0
7914,0.87351954,0.030821917808219176
7915,0.61881214,0.0
7916,0.89410776,0.12406015037593984
7917,0.7264863,0.15217391304347827
7918,0.8896414,0.0
7919,0.68390435,0.13340683572216097
7920,0.93077075,0.49521322889469105
7921,0.81409115,0.11764705882352941
7922,0.88459575,0.0
7923,0.9400852,0.17204301075268819
7924,0.68311965,0.07653061224489796
7925,0.9024862,0.168
7926,0.30529767,0.15322236448997012
7927,0.8659618,0.1724137931034483
7928,0.7499255,0.006578947368421052
7929,0.34957692,0.0
7930,0.8803487,0.06951871657754011
7931,0.78224194,0.11009174311926606
7932,0.94493806,0.10666666666666667
7933,0.55120397,0.19093851132686085
7934,0.34842855,0.0
7935,0.40677252,0.17756539235412475
7936,0.5510394,0.13987284287011809
7937,0.93263435,0.2465986394557823
7938,0.4143211,0.0
7939,0.9259846,0.20689655172413793
7940,0.25962612,0.025583145221971408
7941,0.892137,0.0812720848056537
7942,0.8549301,0.058823529411764705
7943,0.8895325,0.2661290322580645
7944,0.74177235,0.1930116472545757
7945,0.74063957,0.125
7946,0.7221255,0.14285714285714285
7947,0.95425814,0.3752775721687639
7948,0.68507975,0.06666666666666667
7949,0.97068936,0.4197355996222852
7950,0.33887628,0.006
7951,0.68362504,0.0
7952,0.8604004,0.0
7953,0.285206,0.0
7954,0.7975204,0.05641025641025641
7955,0.84188783,0.017804154302670624
7956,0.93274766,0.4899497487437186
7957,0.7027303,0.0
7958,0.90155196,0.15606936416184972
7959,0.94632804,0.16
7960,0.7615974,1.0
7961,0.68226093,0.0
7962,0.89925104,0.0
7963,0.8889315,0.09649122807017543
7964,0.92956954,0.2087227414330218
7965,0.29199797,0.06120760959470637
7966,0.9075251,0.024390243902439025
7967,0.86582774,0.0
7968,0.93333316,0.49168474331164136
7969,0.94990396,0.25627817128139085
7970,0.63156927,0.12011577424023155
7971,0.89701766,0.03553299492385787
7972,0.41609883,0.0
7973,0.80407256,0.10869565217391304
7974,0.4685416,0.010638297872340425
7975,0.87824863,0.0
7976,0.73942995,0.03816793893129771
7977,0.36420405,0.0
7978,0.5838868,0.014084507042253521
7979,0.3408569,0.26213890596189304
7980,0.7419949,0.0
7981,0.95243305,0.4792079207920792
7982,0.8239916,0.3333333333333333
7983,0.88041526,0.0
7984,0.55057395,0.0
7985,0.61847526,0.17549407114624507
7986,0.78767204,0.038461538461538464
7987,0.8031736,0.10526315789473684
7988,0.8587646,0.1111111111111111
7989,0.7449461,0.14705882352941177
7990,0.8315618,0.0
7991,0.87153894,0.08974358974358974
7992,0.9264903,0.3089005235602094
7993,0.88934535,0.024691358024691357
7994,0.8784722,0.03225806451612903
7995,0.44433904,0.0
7996,0.7338471,0.22439759036144577
7997,0.8225172,0.17757009345794392
7998,0.6803061,0.0
7999,0.5388949,0.0
8000,0.49779767,0.0
8001,0.92541075,0.06666666666666667
8002,0.9382298,0.08791208791208792
8003,0.6527882,0.0
8004,0.90783525,0.09090909090909091
8005,0.8590919,0.1206896551724138
8006,0.87126637,0.15895953757225434
8007,0.88923514,0.0
8008,0.93538046,0.4792806880375293
8009,0.8388652,0.0
8010,0.9499314,0.8512157468159012
8011,0.84989905,0.1804733727810651
8012,0.776588,0.20065789473684212
8013,0.83419114,0.0
8014,0.70894796,0.16666666666666666
8015,0.93403894,0.13636363636363635
8016,0.29826444,0.2523961661341853
8017,0.7887753,0.0
8018,0.8777931,0.20833333333333334
8019,0.8451502,0.07260869565217391
8020,0.79175085,0.21428571428571427
8021,0.9061868,0.0
8022,0.920766,0.3270440251572327
8023,0.7979384,0.030927835051546393
8024,0.60616654,0.0
8025,0.8242265,0.021671826625386997
8026,0.6211005,0.0
8027,0.86435604,0.21608040201005024
8028,0.52994365,0.0
8029,0.7358245,0.148
8030,0.6696738,0.1693548387096774
8031,0.24626175,0.11477411477411477
8032,0.69403803,0.01545496113397348
8033,0.37054834,0.0
8034,0.8297117,0.12
8035,0.4655951,0.0759651307596513
8036,0.43704867,0.028985507246376812
8037,0.8906938,0.028070175438596492
8038,0.72227514,0.14285714285714285
8039,0.9573887,0.4603174603174603
8040,0.82489955,0.03333333333333333
8041,0.9377648,0.041666666666666664
8042,0.9104521,0.2032520325203252
8043,0.6030862,0.11764705882352941
8044,0.8983047,0.22727272727272727
8045,0.84677666,0.06349206349206349
8046,0.5221234,0.002328288707799767
8047,0.7683065,0.046021840873634944
8048,0.92216724,0.06451612903225806
8049,0.91540146,0.17054263565891473
8050,0.72199064,0.15384615384615385
8051,0.82811445,0.0
8052,0.6588233,0.03896103896103896
8053,0.9331989,0.1794071762870515
8054,0.79360926,0.047058823529411764
8055,0.79078794,0.15
8056,0.6147835,0.0
8057,0.8971116,0.03125
8058,0.32318312,0.0136986301369863
8059,0.60838926,0.0425531914893617
8060,0.86078143,0.19095477386934673
8061,0.87611127,0.16666666666666666
8062,0.6673241,0.0
8063,0.87519324,0.3423076923076923
8064,0.7005542,0.0
8065,0.3410607,0.09438202247191012
8066,0.9366111,0.42543859649122806
8067,0.7743707,0.0
8068,0.76681435,0.0
8069,0.8927973,0.3076049943246311
8070,0.7021262,0.0
8071,0.86276853,0.12222222222222222
8072,0.3955539,0.047020229633679606
8073,0.33335203,0.0
8074,0.9060047,0.0
8075,0.9088957,0.07407407407407407
8076,0.7966752,0.0
8077,0.7581901,0.0
8078,0.9186543,0.3180693069306931
8079,0.90208006,0.0
8080,0.8737844,0.0
8081,0.86667365,0.05555555555555555
8082,0.54289055,0.045454545454545456
8083,0.72614294,0.0
8084,0.7872768,0.23648648648648649
8085,0.74446064,0.06976744186046512
8086,0.62450206,0.03404255319148936
8087,0.6628804,0.0
8088,0.88843197,0.07258064516129033
8089,0.8225146,0.0006793478260869565
8090,0.91904545,0.09671125975473802
8091,0.5066416,0.00027693159789531985
8092,0.7057526,0.02631578947368421
8093,0.89740264,0.2701812191103789
8094,0.3443439,0.043652467313369886
8095,0.89324594,0.2
8096,0.81822026,0.13134765625
8097,0.4591758,0.10338983050847457
8098,0.27920872,0.13271604938271606
8099,0.88310057,0.0
8100,0.87166125,0.0
8101,0.3831939,0.1450171821305842
8102,0.6821373,0.05555555555555555
8103,0.8876272,0.05
8104,0.91764534,0.3023255813953488
8105,0.29679924,0.003913894324853229
8106,0.8117841,0.0
8107,0.8707439,0.4128993369499699
8108,0.84268546,0.14938488576449913
8109,0.9609248,0.6426893186336526
8110,0.88653183,0.0
8111,0.43304542,0.09276437847866419
8112,0.3721351,0.0
8113,0.857974,0.07692307692307693
8114,0.57289046,0.0
8115,0.69250864,0.0
8116,0.807806,0.0410958904109589
8117,0.7560296,0.0
8118,0.85046846,0.1554524361948956
8119,0.890154,0.2638788752703677
8120,0.85779595,0.0
8121,0.7616945,0.0
8122,0.88692445,0.15416666666666667
8123,0.406129,0.19136931991460812
8124,0.8081876,0.1276595744680851
8125,0.5092444,0.04190340909090909
8126,0.5619498,0.00029394473838918284
8127,0.831601,0.32947976878612717
8128,0.86015105,0.025
8129,0.88329816,0.08333333333333333
8130,0.89979327,0.0
8131,0.9040342,0.11504424778761062
8132,0.916229,0.0
8133,0.624493,0.0
8134,0.9104524,0.21978021978021978
8135,0.82954586,0.0
8136,0.95028186,0.17647058823529413
8137,0.5470051,0.0
8138,0.91530883,0.0
8139,0.93640566,0.45330380214101146
8140,0.7914112,0.323943661971831
8141,0.20899211,0.00964630225080386
8142,0.813552,0.37060518731988473
8143,0.8103422,0.18181818181818182
8144,0.90320563,0.16666666666666666
8145,0.8941547,0.0
8146,0.8191899,0.12
8147,0.3480514,0.0
8148,0.6648767,0.009230769230769232
8149,0.36769468,0.0
8150,0.33181846,0.08060033351862146
8151,0.91689146,0.2
8152,0.17222103,0.04445303440278315
8153,0.8799207,0.0
8154,0.7749294,0.1276595744680851
8155,0.8837174,0.0
8156,0.47907937,0.01834862385321101
8157,0.96146137,0.49736286919831224
8158,0.7515116,0.15737704918032788
8159,0.70537406,0.0
8160,0.5651686,0.0
8161,0.87434196,0.2597402597402597
8162,0.8702699,0.1111111111111111
8163,0.6597452,0.03477112676056338
8164,0.5917019,0.0
8165,0.8879111,0.33707865168539325
8166,0.828748,0.20704845814977973
8167,0.81219983,0.006756756756756757
8168,0.6233538,0.0
8169,0.2532266,0.0
8170,0.9374059,0.14838709677419354
8171,0.33645794,0.08142493638676845
8172,0.75650173,0.0
8173,0.8830291,0.0
8174,0.8783966,0.1986970684039088
8175,0.8870113,0.0
8176,0.89658254,0.14893617021276595
8177,0.9337127,0.25
8178,0.14036706,0.0009541984732824427
8179,0.7271311,0.015625
8180,0.7285399,0.0
8181,0.556899,0.0
8182,0.90130585,0.18558523173605657
8183,0.84269524,0.0
8184,0.8374967,0.1674057649667406
8185,0.5818458,0.0
8186,0.546813,0.005878030859662013
8187,0.84812874,0.1530120481927711
8188,0.70896626,0.0
8189,0.687036,0.09090909090909091
8190,0.3858799,0.1108695652173913
8191,0.77410305,0.0
8192,0.9225631,0.41294642857142855
8193,0.90682006,0.35795454545454547
8194,0.8689803,0.0
8195,0.67093194,0.0
8196,0.8824837,0.16981132075471697
8197,0.54946834,0.03670770633834929
8198,0.7206785,0.0
8199,0.8868967,0.0
8200,0.8338739,0.0425531914893617
8201,0.93853295,0.24545454545454545
8202,0.78348285,0.0
8203,0.66380924,0.0
8204,0.7905808,0.0
8205,0.9221754,0.27631578947368424
8206,0.24586329,0.0
8207,0.91809344,0.1582089552238806
8208,0.7527174,0.12195121951219512
8209,0.58736485,0.004761904761904762
8210,0.627689,0.16455696202531644
8211,0.9330376,0.3023255813953488
8212,0.8201176,0.26247436773752564
8213,0.8313471,0.0
8214,0.842371,0.0
8215,0.81944394,0.10967741935483871
8216,0.289602,0.0
8217,0.7081218,0.05128205128205128
8218,0.9528964,0.3708609271523179
8219,0.5965166,0.012345679012345678
8220,0.5218991,0.0
8221,0.8838634,0.0
8222,0.80219734,0.2033898305084746
8223,0.8799932,0.15019762845849802
8224,0.7646381,0.13381555153707053
8225,0.96226805,0.0
8226,0.716701,0.0
8227,0.9250732,0.30331969076853116
8228,0.80354923,0.2831746031746032
8229,0.92962724,0.22772277227722773
8230,0.54685414,0.03455723542116631
8231,0.91953194,0.05454545454545454
8232,0.5543325,0.053613053613053616
8233,0.2730137,0.5127988748241913
8234,0.91934353,0.09090909090909091
8235,0.883741,0.22429906542056074
8236,0.8980961,0.07692307692307693
8237,0.762231,0.17028985507246377
8238,0.92295575,0.21052631578947367
8239,0.39601326,0.010919272048530097
8240,0.7736011,0.1388888888888889
8241,0.8552965,0.1322314049586777
8242,0.89911425,0.0
8243,0.5965805,0.0
8244,0.5423137,0.0
8245,0.78967386,0.3033419023136247
8246,0.68976206,0.0
8247,0.80583775,0.2153846153846154
8248,0.8917393,0.0
8249,0.9209812,0.0625
8250,0.94729877,0.11235955056179775
8251,0.60671574,0.0
8252,0.9590983,0.5072164948453608
8253,0.8783857,0.0
8254,0.90540373,0.7700984413453651
8255,0.8708878,0.3111111111111111
8256,0.73367167,0.025210084033613446
8257,0.85880417,0.14468085106382977
8258,0.8960666,0.3550436854646545
8259,0.5837791,0.14285714285714285
8260,0.5596332,0.023255813953488372
8261,0.47922963,0.025448334756618275
8262,0.8998173,0.24532085561497327
8263,0.79393995,0.23684210526315788
8264,0.7420864,0.0
8265,0.6012118,0.0003655638822884299
8266,0.66006523,0.0
8267,0.91525495,0.0
8268,0.6091114,0.0
8269,0.3599986,0.00036469730123997083
8270,0.9087923,0.11904761904761904
8271,0.6276436,0.0
8272,0.68594843,0.0
8273,0.87579215,0.0
8274,0.35990238,0.07947019867549669
8275,0.70061964,0.23833819241982507
8276,0.81325024,0.02857142857142857
8277,0.9146916,0.2875760208514335
8278,0.88049984,0.06944444444444445
8279,0.95496404,0.18317972350230416
8280,0.81669235,0.1111111111111111
8281,0.8568682,0.18270571827057183
8282,0.48520803,0.0
8283,0.29423657,0.025069637883008356
8284,0.81354487,0.20527306967984935
8285,0.3570714,0.02631578947368421
8286,0.8270416,0.36619718309859156
8287,0.53650177,0.04440993788819876
8288,0.8425896,0.0
8289,0.83644384,0.0
8290,0.5375222,0.0
8291,0.7225152,0.07534246575342465
8292,0.7946812,0.08571428571428572
8293,0.2827218,0.027941176470588237
8294,0.8291436,0.0
8295,0.89851904,0.18727272727272729
8296,0.84476596,0.09090909090909091
8297,0.8991823,0.16666666666666666
8298,0.71949315,0.07582938388625593
8299,0.8862889,0.08337796821996073
8300,0.51057124,0.16666666666666666
8301,0.9288117,0.09523809523809523
8302,0.7313562,0.09523809523809523
8303,0.6910633,0.5980823012385138
8304,0.8956167,0.23116883116883116
8305,0.34445474,0.0
8306,0.58268815,0.0
8307,0.7317605,0.046511627906976744
8308,0.8477794,0.0
8309,0.9030611,0.21788772597526165
8310,0.5361119,0.10902255639097744
8311,0.94400924,0.22375
8312,0.73721457,0.0
8313,0.9130017,0.4851764705882353
8314,0.33217746,0.06105675146771037
8315,0.89791435,0.2998102466793169
8316,0.42407054,0.07058823529411765
8317,0.79080784,0.09090909090909091
8318,0.8259661,0.0
8319,0.59418,0.0
8320,0.8739787,0.2153846153846154
8321,0.2808106,0.03571428571428571
8322,0.6249231,0.02564102564102564
8323,0.818595,0.0
8324,0.78289837,0.15363128491620112
8325,0.95043814,0.7466286799620133
8326,0.17581798,0.0
8327,0.91841483,0.3080357142857143
8328,0.8605983,0.0
8329,0.8127218,0.14606741573033707
8330,0.69891965,0.12121212121212122
8331,0.84839404,0.15384615384615385
8332,0.7918501,0.0
8333,0.8484895,0.2681818181818182
8334,0.75441617,0.05907172995780591
8335,0.9095693,0.0
8336,0.7915517,0.0
8337,0.6412725,0.12698412698412698
8338,0.76330584,0.05
8339,0.45818263,0.0
8340,0.8683235,0.02702702702702703
8341,0.51894283,0.066973079448457
8342,0.43659535,0.1927683095347766
8343,0.86263686,0.0
8344,0.5274281,0.10285714285714286
8345,0.382312,0.0
8346,0.8972202,0.17391304347826086
8347,0.8580212,0.21052631578947367
8348,0.8294314,0.1774193548387097
8349,0.78296113,0.05
8350,0.83343303,0.23529411764705882
8351,0.85428554,0.16666666666666666
8352,0.6521282,0.0
8353,0.8430212,0.0
8354,0.84844965,0.18181818181818182
8355,0.6073606,0.04633204633204633
8356,0.91519773,0.0
8357,0.92408216,0.04054054054054054
8358,0.9321037,0.18421052631578946
8359,0.91906965,0.3333333333333333
8360,0.30184475,0.9799890350877193
8361,0.51348096,0.00039541320680110717
8362,0.90981233,0.18032786885245902
8363,0.9419061,0.3103448275862069
8364,0.7554351,0.043402777777777776
8365,0.8348425,0.08823529411764706
8366,0.84464604,0.24404761904761904
8367,0.58100206,0.049281314168377825
8368,0.90767115,0.17592592592592593
8369,0.93004733,0.07462686567164178
8370,0.93120605,0.20689655172413793
8371,0.5832982,0.0
8372,0.88433874,0.26458797327394207
8373,0.9483828,0.26876876876876876
8374,0.6690415,0.02127659574468085
8375,0.4402357,0.10424710424710425
8376,0.8688248,0.09142857142857143
8377,0.8258536,0.06451612903225806
8378,0.55721855,0.0
8379,0.5761856,0.0
8380,0.5083197,0.0
8381,0.87132657,0.2222222222222222
8382,0.59610265,0.0
8383,0.56192064,0.04477611940298507
8384,0.53518385,0.05454545454545454
8385,0.94022423,0.376
8386,0.922246,0.046511627906976744
8387,0.6213729,0.06179775280898876
8388,0.6607708,0.0
8389,0.72219586,0.00904977375565611
8390,0.87198275,0.1891891891891892
8391,0.8345739,0.0
8392,0.88222754,0.07017543859649122
8393,0.8038475,0.08571428571428572
8394,0.68304783,0.02197802197802198
8395,0.58877593,0.02830188679245283
8396,0.58708256,0.0779510022271715
8397,0.6528298,0.1
8398,0.7791905,0.0
8399,0.85655665,0.0
8400,0.886921,0.09523809523809523
8401,0.77528864,0.0
8402,0.8154592,0.058823529411764705
8403,0.8831067,0.005385996409335727
8404,0.65992004,0.0
8405,0.8123731,0.0196078431372549
8406,0.5214558,0.02040816326530612
8407,0.43722683,0.04204660587639311
8408,0.8627324,0.09302325581395349
8409,0.39406782,0.025495750708215296
8410,0.9580787,0.19751552795031055
8411,0.89871377,0.15384615384615385
8412,0.8555269,0.0931899641577061
8413,0.74082017,0.013527575442247659
8414,0.7603211,0.08791208791208792
8415,0.6360826,0.0
8416,0.87521297,0.13580246913580246
8417,0.7838595,0.15384615384615385
8418,0.8237068,0.06666666666666667
8419,0.7990308,0.17616580310880828
8420,0.9148916,0.008542713567839196
8421,0.8737243,0.07476635514018691
8422,0.9110122,0.29054520358868186
8423,0.76460105,0.19736842105263158
8424,0.893432,0.3333333333333333
8425,0.9215524,0.06077348066298342
8426,0.9612265,0.4160079051383399
8427,0.814634,0.39893617021276595
8428,0.93820465,0.23824068417837507
8429,0.6393206,0.0
8430,0.89922404,0.16740088105726872
8431,0.8597245,0.0
8432,0.5570348,0.0
8433,0.73579395,0.0
8434,0.8951611,0.17391304347826086
8435,0.9327179,0.315
8436,0.7956697,0.18253968253968253
8437,0.8068955,0.0
8438,0.84341156,0.0
8439,0.620234,0.0
8440,0.3344098,0.060240963855421686
8441,0.22160491,0.4988982739625413
8442,0.21954039,0.0
8443,0.88525456,1.0
8444,0.6680077,0.14950980392156862
8445,0.90186334,0.12804878048780488
8446,0.7836278,0.11650485436893204
8447,0.5086793,0.0045871559633027525
8448,0.36250067,0.010752688172043012
8449,0.9481807,0.12658227848101267
8450,0.87528294,0.13740458015267176
8451,0.7088853,0.0
8452,0.63728327,0.0
8453,0.6512192,0.0
8454,0.8781863,0.12389380530973451
8455,0.8036666,0.0
8456,0.9258889,0.09142857142857143
8457,0.8553794,0.14965986394557823
8458,0.90388596,0.27719821162444114
8459,0.8594265,0.0
8460,0.7537284,0.0
8461,0.921678,0.39744302390216785
8462,0.8521632,0.1288981288981289
8463,0.85836947,0.004153686396677051
8464,0.64703125,0.06611570247933884
8465,0.92183423,0.3343207786711807
8466,0.8747794,0.0
8467,0.724862,0.07763975155279502
8468,0.14339973,0.20329514250544456
8469,0.69953245,0.21341463414634146
8470,0.55989426,0.0
8471,0.9013213,0.05263157894736842
8472,0.7128994,0.0
8473,0.49392745,0.02564102564102564
8474,0.5674468,0.17760279965004375
8475,0.9059347,0.047619047619047616
8476,0.81182563,0.2023486901535682
8477,0.87788093,0.12280701754385964
8478,0.81093144,0.01076555023923445
8479,0.8356232,0.296551724137931
8480,0.8771403,0.2272159800249688
8481,0.49827322,0.05944055944055944
8482,0.57917666,0.006329113924050633
8483,0.19637682,0.25
8484,0.20692065,0.852927700907175
8485,0.81874114,0.0
8486,0.7521391,0.07692307692307693
8487,0.80945915,0.0970873786407767
8488,0.41719905,0.9928715042953756
8489,0.28716806,0.12280701754385964
8490,0.85607123,0.0
8491,0.9218313,0.39430284857571213
8492,0.8714534,0.030303030303030304
8493,0.4021951,0.07453416149068323
8494,0.94458365,0.13978494623655913
8495,0.7461586,0.10843373493975904
8496,0.58618504,0.0
8497,0.29061586,0.07096774193548387
8498,0.6839195,0.0
8499,0.91349983,0.08465608465608465
8500,0.6321139,0.0
8501,0.7803637,0.0
8502,0.90791667,0.038834951456310676
8503,0.46293178,0.1400862068965517
8504,0.49277773,0.001199040767386091
8505,0.537741,0.24414715719063546
8506,0.51033545,0.13636363636363635
8507,0.876284,0.0
8508,0.91833574,0.18246869409660108
8509,0.73315847,0.39862879529872675
8510,0.9123557,0.3157894736842105
8511,0.5896893,0.05702647657841141
8512,0.9032863,0.20212765957446807
8513,0.76142764,0.13333333333333333
8514,0.91105604,0.1111111111111111
8515,0.5481155,0.0
8516,0.7502697,0.0
8517,0.9366303,0.2336448598130841
8518,0.9031771,0.01904761904761905
8519,0.78921527,0.10119047619047619
8520,0.20540152,0.5600438676658747
8521,0.9420059,0.1724137931034483
8522,0.92978895,0.23387096774193547
8523,0.58317274,0.0
8524,0.8907037,0.0967741935483871
8525,0.84128225,0.0
8526,0.14460456,0.0
8527,0.76241076,0.13194444444444445
8528,0.71242565,0.15605095541401273
8529,0.90321726,0.8560878621473206
8530,0.7925942,0.07547169811320754
8531,0.7374601,0.09090909090909091
8532,0.5959126,0.0
8533,0.41726315,0.10176125244618395
8534,0.946907,0.19735876742479824
8535,0.29873496,0.038461538461538464
8536,0.9089455,0.029411764705882353
8537,0.46608832,0.0
8538,0.8904506,0.13291139240506328
8539,0.8623082,0.1
8540,0.8184818,0.017142857142857144
8541,0.82863724,0.2916396629941672
8542,0.8957148,0.07534246575342465
8543,0.89850014,0.08163265306122448
8544,0.51960355,0.03223886519194524
8545,0.92885786,0.2291220556745182
8546,0.9582047,0.49432697266632286
8547,0.9393662,0.0967741935483871
8548,0.8677909,0.0
8549,0.9677548,0.26987654320987653
8550,0.7326944,0.18947368421052632
8551,0.82886755,0.0
8552,0.59963673,0.04878048780487805
8553,0.8341731,0.16751269035532995
8554,0.5200735,0.07847533632286996
8555,0.92028224,0.16666666666666666
8556,0.44059363,0.0
8557,0.67918843,0.11302475780409042
8558,0.7296417,0.0861244019138756
8559,0.5694531,0.1708542713567839
8560,0.8572168,0.0
8561,0.898996,0.24331550802139038
8562,0.95059246,0.2
8563,0.72423345,0.024509803921568627
8564,0.28740302,0.930642777983007
8565,0.9388457,0.07772020725388601
8566,0.7306011,0.0
8567,0.8846325,0.17647058823529413
8568,0.9175475,0.0
8569,0.76936543,0.0
8570,0.93311536,0.31800766283524906
8571,0.91758776,0.09433962264150944
8572,0.35351834,0.0
8573,0.7801318,0.08597285067873303
8574,0.23767072,0.0
8575,0.1279725,0.07936683639583794
8576,0.89221245,0.14285714285714285
8577,0.8131072,0.102803738317757
8578,0.96705514,0.5589386689865159
8579,0.56511456,0.10355987055016182
8580,0.9269515,0.42625
8581,0.8940354,0.41379310344827586
8582,0.6802146,0.12598425196850394
8583,0.74094635,0.0
8584,0.7222526,0.0
8585,0.56993675,0.2510602205258694
8586,0.7866248,0.18518518518518517
8587,0.8128142,0.37101063829787234
8588,0.50582075,0.031746031746031744
8589,0.77614003,0.0
8590,0.8798438,0.0
8591,0.8994274,0.14285714285714285
8592,0.58112836,0.07741935483870968
8593,0.79099524,0.10377358490566038
8594,0.6627752,0.0
8595,0.61326796,0.07938388625592417
8596,0.9465203,0.2003218020917136
8597,0.58315134,0.024061873388713836
8598,0.92691815,0.0
8599,0.7206277,0.0
8600,0.7836304,0.0
8601,0.5765832,0.002277904328018223
8602,0.28403252,0.0747108139658283
8603,0.75598204,0.15789473684210525
8604,0.87493306,0.35622895622895623
8605,0.7941436,0.125
8606,0.8677161,0.31551724137931036
8607,0.8739171,0.0
8608,0.8967237,0.09523809523809523
8609,0.53325033,0.0427807486631016
8610,0.94223416,0.0
8611,0.6615528,0.0
8612,0.91555387,0.4384442301510768
8613,0.938575,0.18674698795180722
8614,0.8274239,0.25
8615,0.9041837,0.0
8616,0.74897504,0.026143790849673203
8617,0.9185209,0.12949640287769784
8618,0.8604797,0.125
8619,0.25499865,0.5086964653076491
8620,0.78081787,0.11956521739130435
8621,0.8629233,0.0
8622,0.3559528,0.9287103046014258
8623,0.92917526,0.22608695652173913
8624,0.8056569,0.0
8625,0.27591613,0.0
8626,0.32591504,0.0040650406504065045
8627,0.82655525,0.0
8628,0.6847254,0.03595890410958904
8629,0.8633241,0.3933333333333333
8630,0.5605199,0.038461538461538464
8631,0.94863474,0.2634146341463415
8632,0.7972233,0.0
8633,0.89521796,0.14545454545454545
8634,0.38830617,0.0
8635,0.80387336,0.2114695340501792
8636,0.843695,0.005256241787122208
8637,0.74019843,0.0
8638,0.9025314,0.400208986415883
8639,0.81684214,0.16666666666666666
8640,0.95087904,0.3778409090909091
8641,0.8828027,0.08
8642,0.9282044,0.0
8643,0.8669534,0.2720105124835742
8644,0.69894725,0.04195804195804196
8645,0.85215485,0.08163265306122448
8646,0.77406025,0.1556420233463035
8647,0.741328,0.0
8648,0.7655366,0.0
8649,0.6988342,0.031914893617021274
8650,0.44951376,0.052749719416386086
8651,0.952593,0.0
8652,0.81411195,0.08172362555720654
8653,0.7814201,0.08333333333333333
8654,0.8636927,0.3803066037735849
8655,0.90657616,0.1285140562248996
8656,0.7173548,0.24060150375939848
8657,0.7942954,0.1111111111111111
8658,0.23801444,0.4292874692874693
8659,0.80526054,0.05555555555555555
8660,0.87936413,0.0
8661,0.90998435,0.05434782608695652
8662,0.8883327,0.26666666666666666
8663,0.9557289,0.2549194991055456
8664,0.8162843,0.029411764705882353
8665,0.9140571,0.10714285714285714
8666,0.6991781,0.11764705882352941
8667,0.6962395,0.0
8668,0.7791952,0.3793103448275862
8669,0.66011494,0.01340033500837521
8670,0.8091546,0.0
8671,0.5881756,0.1172962226640159
8672,0.91065544,1.0
8673,0.7003678,0.14666666666666667
8674,0.42348066,0.052313883299798795
8675,0.64185697,0.0
8676,0.9437262,0.027340823970037453
8677,0.47017786,0.0029190992493744786
8678,0.8384319,0.18471337579617833
8679,0.8304816,0.20833333333333334
8680,0.84413165,0.11290322580645161
8681,0.41167074,0.010638297872340425
8682,0.9279148,0.13636363636363635
8683,0.82129776,0.0
8684,0.87890404,0.16981132075471697
8685,0.8376263,0.11587982832618025
8686,0.901813,0.32338308457711445
8687,0.28741956,0.0
8688,0.78666705,0.2823529411764706
8689,0.5703702,0.043478260869565216
8690,0.90321875,0.02097902097902098
8691,0.20630896,0.0064516129032258064
8692,0.8334792,0.19
8693,0.94130135,0.2366412213740458
8694,0.90692085,0.6666666666666666
8695,0.6219749,0.0006899724011039559
8696,0.48243457,0.0
8697,0.51207507,0.00018950161076369148
8698,0.8776314,0.1232876712328767
8699,0.3018511,0.0
8700,0.30091158,0.03225806451612903
8701,0.9450912,0.5384802136440884
8702,0.933373,0.2619589977220957
8703,0.71250844,0.07692307692307693
8704,0.91333467,0.27472527472527475
8705,0.94334906,0.3098796937659497
8706,0.8739884,0.16129032258064516
8707,0.8511491,0.07017543859649122
8708,0.89117855,0.07174887892376682
8709,0.8423079,0.12837837837837837
8710,0.6871639,0.047619047619047616
8711,0.8162834,0.4070401586514626
8712,0.9634629,0.16274471030255092
8713,0.48795298,0.0
8714,0.70946366,0.15384615384615385
8715,0.75736934,0.3734224201930215
8716,0.9224442,0.41906653426017876
8717,0.8849947,0.02
8718,0.5202468,0.21686746987951808
8719,0.87693334,0.24246231155778894
8720,0.800678,0.0975609756097561
8721,0.9308736,0.25
8722,0.59480995,0.0
8723,0.46318454,0.028314028314028315
8724,0.6268838,0.04423076923076923
8725,0.7526037,0.12643678160919541
8726,0.8732224,0.04
8727,0.8553198,0.14746543778801843
8728,0.84354067,0.047619047619047616
8729,0.94091487,0.2114695340501792
8730,0.94903713,0.4027093596059113
8731,0.8904401,0.42147117296222664
8732,0.75556904,0.0
8733,0.79904133,0.0
8734,0.822053,0.07
8735,0.65687734,0.175
8736,0.95039344,0.23225806451612904
8737,0.89000857,0.0
8738,0.87866604,0.023255813953488372
8739,0.9675139,0.3207126948775056
8740,0.9365094,0.18339529120198264
8741,0.82100433,0.0
8742,0.9408104,0.22342733188720174
8743,0.4929225,0.0
8744,0.84268653,0.16
8745,0.84671193,0.033342443290516534
8746,0.92373043,0.33962264150943394
8747,0.7764432,0.0
8748,0.6042017,0.25925925925925924
8749,0.4866822,0.0
8750,0.73353213,0.06956521739130435
8751,0.49742898,0.0
8752,0.7738115,0.0
8753,0.746958,0.03631411711302769
8754,0.9224412,0.0759493670886076
8755,0.6682138,0.05454545454545454
8756,0.9228448,0.2631578947368421
8757,0.38163286,0.08585858585858586
8758,0.5281222,0.0
8759,0.5978063,0.16064814814814815
8760,0.8976528,0.0
8761,0.9058953,0.0
8762,0.59838533,0.0
8763,0.29851928,0.0
8764,0.80575615,0.0
8765,0.83519214,0.2549019607843137
8766,0.919082,0.767786914551305
8767,0.8200284,0.09090909090909091
8768,0.9681372,0.33129770992366414
8769,0.3193726,0.07507987220447285
8770,0.350324,0.06719367588932806
8771,0.86790925,0.0
8772,0.68311787,0.0812133072407045
8773,0.81371135,0.18198529411764705
8774,0.8904376,0.0
8775,0.63211805,0.0
8776,0.79477143,0.06666666666666667
8777,0.31451315,0.08927978758712247
8778,0.9470877,0.3410784743533538
8779,0.82986885,0.21105527638190955
8780,0.8757336,0.13043478260869565
8781,0.81029737,0.07272727272727272
8782,0.6018479,0.0
8783,0.8603602,0.2716049382716049
8784,0.81548727,0.18493150684931506
8785,0.42182553,0.03731343283582089
8786,0.5845921,0.0
8787,0.3084917,0.008547008547008548
8788,0.6971513,0.0
8789,0.6012186,0.0
8790,0.723918,0.009345794392523364
8791,0.6297123,0.8095108695652173
8792,0.7746025,0.0
8793,0.53134185,0.03076923076923077
8794,0.8067073,0.0
8795,0.9556606,0.40491958372753073
8796,0.54386944,0.12626262626262627
8797,0.59831077,0.2021461716937355
8798,0.25445622,0.0024691358024691358
8799,0.8612031,0.20245398773006135
8800,0.8711032,0.04
8801,0.46443978,0.6737588652482269
8802,0.79391724,0.0
8803,0.9353063,0.4115138592750533
8804,0.54522926,0.0
8805,0.8263579,0.0
8806,0.82755077,0.04918032786885246
8807,0.890267,0.0
8808,0.7856484,0.0
8809,0.7086271,0.13403880070546736
8810,0.7518694,0.17834394904458598
8811,0.88236153,0.0
8812,0.5214022,0.6715116279069767
8813,0.8738781,0.05223880597014925
8814,0.8798912,0.0
8815,0.9416927,0.16428571428571428
8816,0.63189876,0.011764705882352941
8817,0.84367836,0.0
8818,0.9524704,0.2123015873015873
8819,0.9083303,0.15
8820,0.9174082,0.3888888888888889
8821,0.9208146,0.0013736263736263737
8822,0.72402483,0.250272034820457
8823,0.93893594,0.038461538461538464
8824,0.7972845,0.02127659574468085
8825,0.6509479,0.0
8826,0.8307369,0.0
8827,0.70946777,0.3070452155625657
8828,0.8654961,0.17326732673267325
8829,0.91265875,0.411231101511879
8830,0.90904635,0.2588532883642496
8831,0.79731536,0.06622516556291391
8832,0.74797344,0.14361702127659576
8833,0.8022616,0.09090909090909091
8834,0.82132566,0.0
8835,0.7908749,0.125
8836,0.7989564,0.11538461538461539
8837,0.91507787,0.407158836689038
8838,0.9013376,0.13157894736842105
8839,0.8293834,0.2222222222222222
8840,0.74045277,0.08695652173913043
8841,0.95966715,0.058394160583941604
8842,0.9177362,0.10810810810810811
8843,0.8162621,0.0
8844,0.9546018,0.3008763388510224
8845,0.4013565,0.0
8846,0.7228689,0.06349206349206349
8847,0.67819196,0.0
8848,0.6509372,0.11549851924975321
8849,0.7940473,0.25
8850,0.45839375,0.008264462809917356
8851,0.21478157,0.4054147465437788
8852,0.38708293,0.43487433498440653
8853,0.2847395,0.4813490035769034
8854,0.8375621,0.1762208067940552
8855,0.7152267,0.20958751393534003
8856,0.5669059,0.0
8857,0.8585047,0.10666666666666667
8858,0.91246957,0.18181818181818182
8859,0.92561114,0.16
8860,0.8597123,0.008695652173913044
8861,0.66285455,0.0
8862,0.880511,0.0
8863,0.8874739,0.16666666666666666
8864,0.19737467,0.0
8865,0.47794208,0.004658385093167702
8866,0.279776,0.04437869822485207
8867,0.6990471,0.1388888888888889
8868,0.9114414,0.1724137931034483
8869,0.5506538,0.0
8870,0.6423354,0.0007449714427613609
8871,0.9577314,0.44565217391304346
8872,0.87011474,0.0
8873,0.6543154,0.1
8874,0.9100538,0.1092896174863388
8875,0.86509717,0.2541436464088398
8876,0.81439364,0.0
8877,0.6105428,0.0
8878,0.8769361,0.20194174757281552
8879,0.24425243,0.030437000510117326
8880,0.33034968,0.014328808446455505
8881,0.95785046,0.2891566265060241
8882,0.6631453,0.18181818181818182
8883,0.88742995,0.09523809523809523
8884,0.9467625,0.39817826935588807
8885,0.51619554,0.0
8886,0.89030164,0.26865671641791045
8887,0.77886724,0.0
8888,0.892359,0.12307692307692308
8889,0.25929025,0.08518518518518518
8890,0.39225096,0.0
8891,0.9532066,0.48106365834004833
8892,0.84395593,0.1115702479338843
8893,0.9045848,0.4413793103448276
8894,0.7744341,0.17647058823529413
8895,0.83243936,0.02857142857142857
8896,0.79084367,0.11683848797250859
8897,0.82035357,0.29959514170040485
8898,0.5737205,0.010050251256281407
8899,0.83802396,0.11764705882352941
8900,0.63057786,0.015625
8901,0.7035412,0.0
8902,0.9433492,0.09230769230769231
8903,0.88636696,0.0
8904,0.12954326,0.0
8905,0.8487265,0.06666666666666667
8906,0.92853445,0.4081041968162084
8907,0.5279231,0.11872455902306649
8908,0.9052449,0.4451114922813036
8909,0.85267764,0.22481751824817517
8910,0.792166,0.12195121951219512
8911,0.6645422,0.0
8912,0.8794928,0.0
8913,0.74065363,0.17105263157894737
8914,0.60589564,0.015464860907759883
8915,0.25210825,0.5004095962551199
8916,0.79823774,0.0380952380952381
8917,0.64724535,0.003194888178913738
8918,0.6531199,0.0
8919,0.7035117,0.0
8920,0.79320073,0.04
8921,0.88607377,0.0
8922,0.7944206,0.0967741935483871
8923,0.8929997,0.3483995496220042
8924,0.1616073,0.0188953488372093
8925,0.8362802,0.0
8926,0.810134,0.0
8927,0.7193833,0.0392156862745098
8928,0.22052918,0.23499374739474782
8929,0.6050033,0.0
8930,0.9200265,0.16055045871559634
8931,0.9528712,0.02174588381484933
8932,0.8932357,0.36160714285714285
8933,0.9276849,0.1891891891891892
8934,0.6638314,0.10886319845857419
8935,0.730491,0.0
8936,0.83451194,0.09090909090909091
8937,0.9413545,0.34562607204116635
8938,0.8059975,0.19586894586894588
8939,0.6655333,0.0
8940,0.68279827,0.06666666666666667
8941,0.85565394,0.14705882352941177
8942,0.8166124,0.015151515151515152
8943,0.7930393,0.1
8944,0.7517457,0.15384615384615385
8945,0.6862079,0.13636363636363635
8946,0.8867938,0.006802721088435374
8947,0.8521177,0.0
8948,0.6426578,0.0072992700729927005
8949,0.50284916,0.0918918918918919
8950,0.8871409,0.0
8951,0.84452146,0.0
8952,0.9474714,0.2053941908713693
8953,0.8072182,0.0
8954,0.912672,0.06666666666666667
8955,0.9291979,0.0625
8956,0.9202129,0.1
8957,0.884661,0.19811320754716982
8958,0.9009824,0.047619047619047616
8959,0.8593772,0.2921719955898567
8960,0.63156044,0.0
8961,0.776262,0.0
8962,0.78061825,0.38173302107728335
8963,0.77319515,0.008356545961002786
8964,0.82177365,0.05714285714285714
8965,0.71826166,0.06084656084656084
8966,0.9266802,0.018633540372670808
8967,0.6888767,0.0
8968,0.46491823,0.0
8969,0.90639305,0.11148648648648649
8970,0.7678596,0.07692307692307693
8971,0.9423708,0.171875
8972,0.90758675,0.30038910505836575
8973,0.5744544,0.0
8974,0.89213467,0.0
8975,0.7834956,0.0
8976,0.7404455,0.07142857142857142
8977,0.95304656,0.26024873330262555
8978,0.91602373,0.16666666666666666
8979,0.65070546,0.0
8980,0.3274401,0.0
8981,0.9156179,0.0736196319018405
8982,0.6691646,0.02702702702702703
8983,0.90181375,0.0
8984,0.94979095,0.09090909090909091
8985,0.8679018,0.3333333333333333
8986,0.24684145,0.5582349285270354
8987,0.40035403,0.045662100456621
8988,0.69820094,0.11727416798732171
8989,0.87513524,0.1
8990,0.759257,0.14074074074074075
8991,0.9266021,0.07317073170731707
8992,0.89260757,0.0
8993,0.6815716,0.012738853503184714
8994,0.7005187,0.0
8995,0.67682725,0.0
8996,0.36000633,0.018268467037331215
8997,0.82856977,0.03278688524590164
8998,0.6537349,0.0273972602739726
8999,0.40866527,0.0
9000,0.92074466,0.05263157894736842
9001,0.648829,0.01098901098901099
9002,0.8427362,0.0
9003,0.8148891,0.0
9004,0.8653869,0.2702702702702703
9005,0.93453777,0.0
9006,0.7251808,0.0011278195488721805
9007,0.9392192,0.2803149606299213
9008,0.94358367,0.2613556953179595
9009,0.93447775,0.3051948051948052
9010,0.8432142,0.1793400286944046
9011,0.5568527,0.10294117647058823
9012,0.93021584,0.05493689680772086
9013,0.44452468,0.2189384800965018
9014,0.30782652,0.08790904048807544
9015,0.9564874,0.0
9016,0.622537,0.12084993359893759
9017,0.800208,0.29750479846449135
9018,0.39909238,0.06872852233676977
9019,0.5961149,0.011764705882352941
9020,0.9180639,0.12433527475310205
9021,0.87203586,0.20439963336388633
9022,0.76531106,0.0
9023,0.8088164,0.0
9024,0.7485656,0.0
9025,0.39813495,0.058800922367409685
9026,0.8282274,0.0
9027,0.815142,0.04507042253521127
9028,0.9664412,0.36583184257602863
9029,0.72432816,0.0
9030,0.78312933,0.07142857142857142
9031,0.9643954,0.34800550206327374
9032,0.40198654,0.21554946424121604
9033,0.8565611,0.0
9034,0.95729494,0.18141592920353983
9035,0.8449535,0.0
9036,0.27903634,0.034746180384425826
9037,0.58127105,0.0
9038,0.91561234,0.13793103448275862
9039,0.9046312,0.0
9040,0.9190752,0.0
9041,0.9034869,0.12949640287769784
9042,0.94770634,0.36140350877192984
9043,0.9432764,0.5749202975557917
9044,0.36382076,0.0005823263939438055
9045,0.85648197,0.0
9046,0.9105043,0.03125
9047,0.8933294,0.31451612903225806
9048,0.7670829,0.0
9049,0.6958524,0.04225352112676056
9050,0.92371845,0.15625
9051,0.705643,0.0020161290322580645
9052,0.9621089,0.26304288445779844
9053,0.9333659,0.5106337271750806
9054,0.87138736,0.22626262626262628
9055,0.9089996,0.0
9056,0.9434362,0.29132231404958675
9057,0.7453447,0.03278688524590164
9058,0.7749005,0.0
9059,0.4878652,0.009104704097116844
9060,0.88275695,0.03968253968253968
9061,0.6040771,0.1288416075650118
9062,0.74182683,0.0
9063,0.89704156,0.2631578947368421
9064,0.8361246,0.28125
9065,0.4714222,0.10203412073490814
9066,0.8523287,0.0
9067,0.601319,0.0
9068,0.7630476,0.2
9069,0.92993265,0.0425531914893617
9070,0.93340343,0.2591623036649215
9071,0.8872855,0.22131147540983606
9072,0.7752402,0.21153846153846154
9073,0.47037107,0.06982248520710059
9074,0.9706987,0.4193142497640768
9075,0.90927327,0.04
9076,0.7757526,0.2571428571428571
9077,0.46956405,0.0
9078,0.42377073,0.04055944055944056
9079,0.83432716,0.25
9080,0.2069922,0.8820407783260404
9081,0.53714347,0.00037351760201699503
9082,0.7308318,0.15384615384615385
9083,0.927231,0.08333333333333333
9084,0.68631786,0.12727272727272726
9085,0.944861,0.3273542600896861
9086,0.49512008,0.15
9087,0.89162827,0.12
9088,0.74189216,0.035211267605633804
9089,0.42063832,0.055876685934489405
9090,0.9149895,0.2878787878787879
9091,0.9363214,0.3520958083832335
9092,0.8562304,0.05625
9093,0.8666053,0.21060171919770773
9094,0.29736394,0.0
9095,0.48553166,0.024390243902439025
9096,0.6679141,0.0
9097,0.7466922,0.14204545454545456
9098,0.8531316,0.024390243902439025
9099,0.91597044,0.0
9100,0.9205746,0.0
9101,0.6777527,0.0625
9102,0.9280896,0.16666666666666666
9103,0.8624394,0.08333333333333333
9104,0.82836264,0.18181818181818182
9105,0.83528954,0.0
9106,0.2163074,0.0
9107,0.6701529,0.13076923076923078
9108,0.9299415,0.4180064308681672
9109,0.8459469,0.1608695652173913
9110,0.91507596,0.5259959486833221
9111,0.85674417,0.0958904109589041
9112,0.84179527,0.375
9113,0.72081137,0.047058823529411764
9114,0.6494946,0.10303030303030303
9115,0.7623014,0.0
9116,0.86591357,0.08928571428571429
9117,0.9204582,0.3124108416547789
9118,0.77502286,0.06994818652849741
9119,0.88418657,0.15789473684210525
9120,0.83129054,0.15476190476190477
9121,0.890835,0.16967509025270758
9122,0.8467443,0.1821561338289963
9123,0.8586713,0.0
9124,0.78909653,0.255
9125,0.79200155,0.016042780748663103
9126,0.86367506,0.27335640138408307
9127,0.57358813,0.0
9128,0.6887249,0.0
9129,0.300222,0.000597609561752988
9130,0.9630574,0.408619749045281
9131,0.5065997,0.0
9132,0.9610846,0.7141277301631186
9133,0.91057914,0.2345679012345679
9134,0.92270744,0.12727272727272726
9135,0.6782301,0.1911209766925638
9136,0.7501778,0.0
9137,0.8944488,0.48017784364579474
9138,0.9196189,0.12098765432098765
9139,0.5154107,0.019230769230769232
9140,0.6995522,0.0
9141,0.8964286,0.0
9142,0.81331927,0.1111111111111111
9143,0.6777313,0.0
9144,0.84922206,0.19636363636363635
9145,0.9316742,0.0
9146,0.8690434,0.102803738317757
9147,0.46196136,0.003416856492027335
9148,0.83043873,0.10526315789473684
9149,0.84301406,0.09230769230769231
9150,0.7948441,0.0
9151,0.82206637,0.0
9152,0.9001263,0.0
9153,0.89618033,0.14634146341463414
9154,0.81409,0.08333333333333333
9155,0.96241695,0.5646845211075806
9156,0.87699354,0.11956521739130435
9157,0.9418567,0.16279069767441862
9158,0.8606124,0.01875
9159,0.8279368,0.5126558367963733
9160,0.76648754,0.0
9161,0.9281382,0.39063502245028864
9162,0.7091207,0.0
9163,0.92764276,0.4990328820116054
9164,0.7260974,0.0
9165,0.8986517,0.3176470588235294
9166,0.95764214,0.08035714285714286
9167,0.86100966,0.11087420042643924
9168,0.6896422,0.0
9169,0.86971587,0.2507936507936508
9170,0.47890916,0.0004562043795620438
9171,0.2923564,0.037037037037037035
9172,0.5864152,0.0
9173,0.90595245,0.124
9174,0.8070534,1.0
9175,0.92454934,0.06504065040650407
9176,0.6442898,0.02702702702702703
9177,0.7512258,0.0
9178,0.42013243,0.0
9179,0.87236625,0.1111111111111111
9180,0.46942383,0.0
9181,0.8904403,0.002497918401332223
9182,0.87178266,0.08333333333333333
9183,0.3508704,0.0028169014084507044
9184,0.8676574,0.0
9185,0.44990438,0.07105263157894737
9186,0.8906647,0.18491484184914841
9187,0.66192025,0.1647909967845659
9188,0.75052,0.0
9189,0.90980893,0.41162514827995256
9190,0.58183044,0.003125
9191,0.8851154,0.08653846153846154
9192,0.7535804,0.01818181818181818
9193,0.59451395,0.0
9194,0.46852863,0.0
9195,0.9542784,0.3220338983050847
9196,0.8647393,0.2248062015503876
9197,0.7881708,0.12
9198,0.7554323,0.0
9199,0.6357608,0.03125
9200,0.90991515,0.18596059113300492
9201,0.6038404,0.2759815242494226
9202,0.54782975,0.0375
9203,0.15565397,0.2289139431996575
9204,0.83131784,0.09844559585492228
9205,0.3033735,0.10480693459416864
9206,0.9206896,0.2916666666666667
9207,0.86143345,0.0
9208,0.87873846,0.1111111111111111
9209,0.799516,0.38884308876064855
9210,0.6382424,0.0
9211,0.6231102,0.0
9212,0.85879356,0.0
9213,0.7423309,0.006968641114982578
9214,0.84927493,0.09401709401709402
9215,0.5646202,0.0
9216,0.88114214,0.10526315789473684
9217,0.444975,0.008695652173913044
9218,0.9428882,0.0916030534351145
9219,0.7485753,0.03954802259887006
9220,0.7451641,0.07563025210084033
9221,0.7133991,0.08695652173913043
9222,0.8401877,0.08695652173913043
9223,0.58033854,0.017543859649122806
9224,0.8910843,0.0
9225,0.5690248,0.013761467889908258
9226,0.9374943,0.046511627906976744
9227,0.87973243,0.13522975929978118
9228,0.9046368,0.030534351145038167
9229,0.7559219,0.12125984251968504
9230,0.6378187,0.047619047619047616
9231,0.6141009,0.14461538461538462
9232,0.77193254,0.08810068649885583
9233,0.8489446,0.06403940886699508
9234,0.51569045,0.0
9235,0.5828987,0.0
9236,0.9352192,0.2805755395683453
9237,0.84791535,0.2358490566037736
9238,0.817041,0.025
9239,0.9107467,0.0
9240,0.87036103,0.0
9241,0.85402715,0.0
9242,0.86596805,0.1
9243,0.8811507,0.011764705882352941
9244,0.4387446,0.36267472610502455
9245,0.8742358,0.0
9246,0.81209105,0.008771929824561403
9247,0.67309755,0.1568862275449102
9248,0.69625723,0.018867924528301886
9249,0.7837892,0.046153846153846156
9250,0.878151,0.03225806451612903
9251,0.8364594,0.27049180327868855
9252,0.59677887,0.045
9253,0.9021916,0.16666666666666666
9254,0.64681613,0.0
9255,0.9227447,0.15480649188514356
9256,0.69984376,0.2857142857142857
9257,0.540315,0.012396694214876033
9258,0.70038605,0.0
9259,0.5170736,0.0
9260,0.52030355,0.06356164383561644
9261,0.830789,0.0
9262,0.9648058,0.4747682801235839
9263,0.84093475,0.08333333333333333
9264,0.74442947,0.0
9265,0.35258806,0.15384615384615385
9266,0.76869315,0.0
9267,0.5565174,0.136986301369863
9268,0.29489133,0.5771726217673399
9269,0.1963867,0.0
9270,0.6807117,0.0
9271,0.86355096,0.015806111696522657
9272,0.87907445,0.0
9273,0.92081,0.045112781954887216
9274,0.9482388,0.18762886597938144
9275,0.7656438,0.15174825174825174
9276,0.74682283,0.0
9277,0.7398916,0.10416666666666667
9278,0.8269547,0.0
9279,0.74068993,0.0
9280,0.30544075,0.012470151233749005
9281,0.8784867,0.0
9282,0.93578035,0.5
9283,0.38465273,0.07175295186194369
9284,0.93605095,0.16483516483516483
9285,0.5521277,0.0
9286,0.8305863,0.06976744186046512
9287,0.698753,0.10526315789473684
9288,0.77981025,0.08368200836820083
9289,0.8117349,0.18285714285714286
9290,0.26604876,0.06775832862789384
9291,0.9237758,0.42466765140324964
9292,0.9361214,0.4385564184559159
9293,0.73604256,0.0
9294,0.75033015,0.05504587155963303
9295,0.8469564,0.09036144578313253
9296,0.7169513,0.0
9297,0.7704913,0.14285714285714285
9298,0.8547733,0.1111111111111111
9299,0.8695682,0.3389402859545837
9300,0.85371417,0.16666666666666666
9301,0.6447862,0.015957446808510637
9302,0.8062919,0.08266129032258064
9303,0.82110614,0.13636363636363635
9304,0.7471217,0.0
9305,0.9551132,0.47366585280781304
9306,0.9185627,0.5949978060552874
9307,0.7925614,0.0
9308,0.9310587,0.1941747572815534
9309,0.8634441,0.0
9310,0.92330444,0.1642512077294686
9311,0.8940038,0.0
9312,0.8778133,0.3127450980392157
9313,0.6407024,0.021739130434782608
9314,0.5363188,0.014774494556765163
9315,0.65290904,0.10178117048346055
9316,0.5911603,0.0
9317,0.8670554,0.22514619883040934
9318,0.55443853,0.0
9319,0.83060324,0.0
9320,0.8322194,0.1875
9321,0.6097656,0.09574468085106383
9322,0.61035395,0.0
9323,0.88417536,0.29545454545454547
9324,0.9475391,0.0967741935483871
9325,0.8372906,0.19791666666666666
9326,0.9173609,0.07142857142857142
9327,0.23543626,0.0
9328,0.9196012,0.019230769230769232
9329,0.9075136,0.0
9330,0.26773772,0.2487935656836461
9331,0.75008345,0.05714285714285714
9332,0.5360243,0.14189189189189189
9333,0.24401632,0.018140589569160998
9334,0.3318252,0.0
9335,0.77055013,0.0
9336,0.8439647,0.3333333333333333
9337,0.34132203,0.035341635812857625
9338,0.9221952,0.36666666666666664
9339,0.52041376,0.051094890510948905
9340,0.87505263,0.0
9341,0.89062417,0.1419141914191419
9342,0.86686796,0.1652542372881356
9343,0.8944378,0.0
9344,0.95634454,0.4174382716049383
9345,0.9357273,0.28678678678678676
9346,0.92434573,0.16702819956616052
9347,0.9321129,0.2318840579710145
9348,0.90759933,0.0
9349,0.3078147,0.023026315789473683
9350,0.9131371,0.46367239101717306
9351,0.95874923,0.23529411764705882
9352,0.9018882,0.03825136612021858
9353,0.65752804,0.025157232704402517
9354,0.93786126,0.09975062344139651
9355,0.9244299,0.11904761904761904
9356,0.92706424,0.20754716981132076
9357,0.7269103,0.07037037037037037
9358,0.91389936,0.3767123287671233
9359,0.8989056,0.14754098360655737
9360,0.8921654,0.32713026444662097
9361,0.32107198,0.02185792349726776
9362,0.94967705,0.13793103448275862
9363,0.9359004,0.17567567567567569
9364,0.91727793,0.20920502092050208
9365,0.82911515,0.0106951871657754
9366,0.33196673,0.011111111111111112
9367,0.9061498,0.2608695652173913
9368,0.32395506,0.2991568950479698
9369,0.67769533,0.0
9370,0.9236574,0.30434782608695654
9371,0.6130888,0.06481481481481481
9372,0.42315596,9.601536245799327e-05
9373,0.93033934,0.25396825396825395
9374,0.8880754,0.6465107057890563
9375,0.91041887,0.0
9376,0.80750006,0.14
9377,0.8403298,0.23515439429928742
9378,0.37033433,0.0
9379,0.91584593,0.0
9380,0.9009199,0.5987949672160199
9381,0.82295746,0.0
9382,0.85696685,0.0
9383,0.8880711,0.1896551724137931
9384,0.91928583,0.3044496487119438
9385,0.64750576,0.08365758754863813
9386,0.89620227,0.045098039215686274
9387,0.5698162,0.0
9388,0.7370099,0.25742574257425743
9389,0.87111944,0.0
9390,0.86441636,0.30357142857142855
9391,0.27399242,0.0947867298578199
9392,0.94126993,0.41009463722397477
9393,0.36607617,0.02702702702702703
9394,0.90107113,0.0625
9395,0.9066937,0.1223021582733813
9396,0.43300372,0.021739130434782608
9397,0.79514706,0.0
9398,0.93761295,0.07407407407407407
9399,0.95469826,0.3157894736842105
9400,0.7968794,0.0
9401,0.33868262,0.6735212569316081
9402,0.44893646,0.0
9403,0.34392342,0.9986293859649122
9404,0.9258398,0.06377952755905512
9405,0.9612552,0.1111111111111111
9406,0.85853416,0.23776223776223776
9407,0.8094648,0.08208955223880597
9408,0.48405737,0.0
9409,0.93302435,0.15807560137457044
9410,0.7268649,0.0
9411,0.6190548,0.06666666666666667
9412,0.75087756,0.19736842105263158
9413,0.7745972,0.18840579710144928
9414,0.9703143,0.3323615160349854
9415,0.9658201,0.15
9416,0.81607836,0.2161547212741752
9417,0.7706194,0.08888888888888889
9418,0.82093155,0.22735042735042735
9419,0.802874,0.25
9420,0.8338572,0.42221280203476047
9421,0.85032874,0.10714285714285714
9422,0.50657356,0.09226333493512734
9423,0.7862057,0.0
9424,0.24075478,0.03278688524590164
9425,0.7810589,0.05714285714285714
9426,0.86385506,0.07911392405063292
9427,0.66560435,0.02702702702702703
9428,0.89258546,0.0975609756097561
9429,0.9387405,0.26282051282051283
9430,0.83722216,0.21428571428571427
9431,0.7934558,0.0
9432,0.81446564,0.07692307692307693
9433,0.70510894,0.16666666666666666
9434,0.9761578,0.3861209964412811
9435,0.8092282,0.0
9436,0.9140002,0.5
9437,0.84153944,0.0
9438,0.57106787,0.1509090909090909
9439,0.9097766,0.10526315789473684
9440,0.9092295,0.17106773823191734
9441,0.81679666,0.0
9442,0.7368939,0.31514581373471307
9443,0.856305,0.0
9444,0.567846,0.015473356528108405
9445,0.87187743,0.125
9446,0.36065352,0.0
9447,0.9167725,0.3176470588235294
9448,0.827844,0.2754360465116279
9449,0.90311736,0.20121951219512196
9450,0.7863287,0.10714285714285714
9451,0.5726747,0.15776081424936386
9452,0.95648116,0.42168674698795183
9453,0.46511048,0.010752688172043012
9454,0.9230836,0.08849557522123894
9455,0.50133425,0.06527196652719665
9456,0.7493996,0.020689655172413793
9457,0.699645,0.10204081632653061
9458,0.83475584,0.07216494845360824
9459,0.8311107,0.0
9460,0.47707042,0.03343313373253493
9461,0.6322378,0.0121580547112462
9462,0.8755934,0.1171875
9463,0.95833725,0.3861842105263158
9464,0.24631755,0.08108108108108109
9465,0.8969484,0.17391304347826086
9466,0.60534114,0.14218009478672985
9467,0.96709883,0.2692307692307692
9468,0.8810678,0.047619047619047616
9469,0.51013654,0.0
9470,0.4285314,0.0
9471,0.8608507,0.3217309501411101
9472,0.89574295,0.0
9473,0.9020327,0.0821917808219178
9474,0.3091444,0.0
9475,0.84328765,0.0
9476,0.7564993,0.0
9477,0.933448,0.26548672566371684
9478,0.59204835,0.0
9479,0.7943032,0.04918032786885246
9480,0.7771292,0.5
9481,0.83132875,0.026200873362445413
9482,0.70461446,0.0
9483,0.662349,0.08552631578947369
9484,0.94898725,0.20652173913043478
9485,0.8099538,0.20863309352517986
9486,0.78777003,0.14516129032258066
9487,0.74203163,0.16666666666666666
9488,0.92420495,0.2517985611510791
9489,0.8917543,0.0
9490,0.8583757,0.10465116279069768
9491,0.5793055,0.0
9492,0.66405165,0.06666666666666667
9493,0.9106073,0.30434782608695654
9494,0.8712574,0.041666666666666664
9495,0.67686594,0.0
9496,0.88842505,0.09090909090909091
9497,0.8772395,0.0
9498,0.9500713,0.25022143489813997
9499,0.8402786,0.3143859649122807
9500,0.7677243,0.06451612903225806
9501,0.93852663,0.07729468599033816
9502,0.91779476,0.2134453781512605
9503,0.9260582,0.0748502994011976
9504,0.7051226,0.0007186489399928135
9505,0.96339357,0.3804573804573805
9506,0.8634988,0.3241590214067278
9507,0.9701704,0.7300892406128978
9508,0.88298875,0.20157068062827224
9509,0.82704717,0.3333333333333333
9510,0.56553805,0.10204081632653061
9511,0.85776,0.0
9512,0.9723238,0.7517356289919467
9513,0.63711435,0.015557396667587223
9514,0.9128028,0.04167787039526755
9515,0.9142909,0.27100271002710025
9516,0.62478334,0.1037037037037037
9517,0.8169093,0.0
9518,0.7098422,0.028225806451612902
9519,0.8588346,0.0
9520,0.43507934,0.0
9521,0.9331142,0.0
9522,0.9413586,0.40324594257178525
9523,0.69231194,0.01282051282051282
9524,0.4982191,0.16559278350515463
9525,0.81037587,0.17692307692307693
9526,0.8849069,0.22805139186295503
9527,0.92342967,0.11023622047244094
9528,0.6207468,0.05263157894736842
9529,0.85747075,0.3124087591240876
9530,0.19910921,0.0
9531,0.8392323,0.0
9532,0.542925,0.0
9533,0.38564172,0.04820198928844682
9534,0.9051872,0.12244897959183673
9535,0.53564984,0.0
9536,0.6383389,0.0
9537,0.7137252,0.22016460905349794
9538,0.306264,0.0
9539,0.9224242,0.3333333333333333
9540,0.56415725,0.0
9541,0.80775225,0.07317073170731707
9542,0.8803629,0.210752688172043
9543,0.6725592,0.0
9544,0.8626814,0.15384615384615385
9545,0.8590743,0.0
9546,0.20833884,0.0
9547,0.5608974,0.08843537414965986
9548,0.7953034,0.0
9549,0.87456053,0.14473684210526316
9550,0.47730866,0.05090765588003157
9551,0.8420238,0.47380784590086916
9552,0.9496422,0.13642756680731363
9553,0.65875465,0.005555555555555556
9554,0.5317579,0.0
9555,0.96291816,0.04409963250306247
9556,0.9222081,0.26618705035971224
9557,0.8422737,0.0
9558,0.2510258,0.004395604395604396
9559,0.8036054,0.0423728813559322
9560,0.7488809,0.0988235294117647
9561,0.81182224,0.11963882618510158
9562,0.7380699,0.0
9563,0.8561981,0.20454545454545456
9564,0.6802776,0.0
9565,0.1556396,0.11668126094570928
9566,0.9586671,0.2140468227424749
9567,0.8092444,0.3072289156626506
9568,0.89596283,0.17880794701986755
9569,0.63968813,0.0
9570,0.9125926,0.07462686567164178
9571,0.6778852,0.0
9572,0.9274543,0.16216216216216217
9573,0.69915533,0.0
9574,0.9204309,0.04285714285714286
9575,0.91568273,0.07692307692307693
9576,0.37454745,0.03372434017595308
9577,0.87775517,0.0
9578,0.8296535,0.0
9579,0.82064813,0.2740740740740741
9580,0.9054181,0.0
9581,0.22097577,0.0
9582,0.7807617,0.029850746268656716
9583,0.3525094,0.6257579432452098
9584,0.95178384,0.18456375838926176
9585,0.6510755,0.2189655172413793
9586,0.88996637,0.16216216216216217
9587,0.72396654,0.2631578947368421
9588,0.8478319,0.125
9589,0.9437873,0.3527093596059113
9590,0.95348483,0.12598425196850394
9591,0.9307481,0.769485614646905
9592,0.70250416,0.017857142857142856
9593,0.44777563,0.10964912280701754
9594,0.95522106,0.25925925925925924
9595,0.8783601,0.22413793103448276
9596,0.6320212,0.038461538461538464
9597,0.9236334,0.19484536082474227
9598,0.61236537,0.0
9599,0.6115463,0.0
9600,0.458805,0.03225806451612903
9601,0.9128309,0.05202312138728324
9602,0.76098704,0.0
9603,0.81536,0.23027375201288244
9604,0.3021052,0.9570540935672515
9605,0.7505121,0.0
9606,0.87229586,0.0
9607,0.82512367,0.05555555555555555
9608,0.8858992,0.0
9609,0.6352374,0.027726432532347505
9610,0.9390056,0.31891891891891894
9611,0.94212335,0.1111111111111111
9612,0.91892135,0.0
9613,0.8813124,0.34375
9614,0.7993766,0.05263157894736842
9615,0.46425262,0.0
9616,0.8289693,0.0
9617,0.8750729,0.0
9618,0.94437516,0.10062893081761007
9619,0.6763724,0.3034230641409106
9620,0.72293264,0.0
9621,0.46751603,0.12974051896207583
9622,0.3374822,0.025
9623,0.83371997,0.0625
9624,0.7597207,0.05982905982905983
9625,0.7731647,0.05555555555555555
9626,0.8636855,0.006633499170812604
9627,0.25978637,0.0042884990253411305
9628,0.23969585,0.5882615156017831
9629,0.8189081,0.05555555555555555
9630,0.9208291,0.1891891891891892
9631,0.4409845,0.22999080036798528
9632,0.91736156,0.251357220412595
9633,0.88065386,0.1574074074074074
9634,0.9006046,0.06993006993006994
9635,0.92104816,0.11498405951115834
9636,0.9417746,0.3513909224011713
9637,0.7768139,0.47560975609756095
9638,0.87637115,0.0
9639,0.71544677,0.05555555555555555
9640,0.6397727,0.027777777777777776
9641,0.92575413,0.25692237857467093
9642,0.18688685,0.33853253345639134
9643,0.7512255,0.09539473684210527
9644,0.7054506,0.19047619047619047
9645,0.43601614,0.0
9646,0.93108124,0.11392405063291139
9647,0.5941295,0.03125
9648,0.9461089,0.25
9649,0.6623154,0.18929254302103252
9650,0.8528869,0.0
9651,0.73136485,0.06666666666666667
9652,0.45675787,0.05263157894736842
9653,0.75594324,0.22810590631364563
9654,0.96086633,0.31197771587743733
9655,0.5849036,0.2891278375149343
9656,0.55084467,0.015500321012565349
9657,0.6217998,0.028985507246376812
9658,0.70337623,0.0375
9659,0.7660284,0.0
9660,0.69742113,0.22413793103448276
9661,0.90152067,0.2109704641350211
9662,0.6316322,0.04682779456193353
9663,0.8483966,0.05357142857142857
9664,0.6684878,0.2
9665,0.17867544,0.0
9666,0.9157308,0.16113744075829384
9667,0.3991419,0.0
9668,0.50473666,0.002702702702702703
9669,0.8670475,0.3076923076923077
9670,0.71914893,0.0031685678073510772
9671,0.8403628,0.34210526315789475
9672,0.7017511,0.05581395348837209
9673,0.8524759,0.2
9674,0.7586903,0.0
9675,0.85168946,0.045454545454545456
9676,0.5127949,0.0027598896044158236
9677,0.97673076,0.5773809523809523
9678,0.6966279,0.0005787037037037037
9679,0.55746585,0.2647058823529412
9680,0.5832678,0.11277330264672036
9681,0.9352767,0.047619047619047616
9682,0.5926026,0.06896551724137931
9683,0.83442336,0.17073170731707318
9684,0.75040543,0.0
9685,0.64214724,0.012
9686,0.54028875,0.05
9687,0.2733263,0.04319498069498069
9688,0.55290896,0.0
9689,0.7843875,0.0
9690,0.8311328,0.2295839753466872
9691,0.79058963,0.15749525616698293
9692,0.9152404,0.13793103448275862
9693,0.47735593,0.008018327605956471
9694,0.72988605,0.19672131147540983
9695,0.22679687,0.050450242438235975
9696,0.78146976,0.09926470588235294
9697,0.5307778,0.0784313725490196
9698,0.89571565,0.14583333333333334
9699,0.9122518,0.06930693069306931
9700,0.8723629,0.24482758620689654
9701,0.78211296,0.11363636363636363
9702,0.94297564,0.14285714285714285
9703,0.5786068,0.14953271028037382
9704,0.5569723,0.012903225806451613
9705,0.8510912,0.136
9706,0.9625055,0.14218009478672985
9707,0.7935132,0.0
9708,0.89416015,0.0
9709,0.86720765,0.2676056338028169
9710,0.8558237,0.0
9711,0.8768376,0.24234904880066171
9712,0.91447103,0.1111111111111111
9713,0.5657641,0.07462686567164178
9714,0.893861,0.0
9715,0.7303273,0.0
9716,0.934967,0.01731399157697707
9717,0.26269698,0.00013829345871940258
9718,0.6241644,0.06569343065693431
9719,0.83898216,0.12096774193548387
9720,0.8618302,0.0
9721,0.6897478,0.16722408026755853
9722,0.65808123,0.0
9723,0.8115016,0.06666666666666667
9724,0.7738114,0.16199376947040497
9725,0.88204217,0.12444444444444444
9726,0.82156473,0.19536423841059603
9727,0.85294783,0.3352272727272727
9728,0.91901076,0.0
9729,0.82302576,0.0
9730,0.7724964,0.0
9731,0.51792026,0.026758409785932722
9732,0.60474384,0.13333333333333333
9733,0.7375903,0.05
9734,0.82653105,0.009174311926605505
9735,0.7913661,0.0
9736,0.5494235,0.0
9737,0.68697333,0.009259259259259259
9738,0.8447834,0.029290993703805092
9739,0.4442828,0.02145214521452145
9740,0.75189763,0.0
9741,0.8345853,0.15151515151515152
9742,0.6921719,0.25
9743,0.45620528,0.005555555555555556
9744,0.34823805,0.24752660070935226
9745,0.9429653,0.37934272300469485
9746,0.87104535,0.0
9747,0.48229316,0.024054982817869417
9748,0.6980444,0.11044776119402985
9749,0.3741992,0.0
9750,0.7446947,0.039603960396039604
9751,0.9600653,0.4537467700258398
9752,0.79076934,0.08438818565400844
9753,0.9431073,0.42011669908307864
9754,0.9111033,0.1346153846153846
9755,0.7521576,0.022123893805309734
9756,0.7644494,0.0
9757,0.6450633,0.0
9758,0.42102548,0.0
9759,0.88171107,0.0020181634712411706
9760,0.25909513,0.5753577401969894
9761,0.91629887,0.11504424778761062
9762,0.9114188,0.2692307692307692
9763,0.761934,0.056338028169014086
9764,0.82675725,0.07246376811594203
9765,0.84832305,0.2903225806451613
9766,0.77903134,0.0
9767,0.84119767,0.2459016393442623
9768,0.7433618,0.0
9769,0.8677743,0.02702702702702703
9770,0.5862304,0.0
9771,0.21293162,0.2336298360304362
9772,0.8455637,0.19444444444444445
9773,0.86956084,0.17575757575757575
9774,0.90358424,0.28169014084507044
9775,0.95041203,0.40852671343766866
9776,0.87582135,0.41595744680851066
9777,0.9032703,0.0
9778,0.6125706,0.33730789613142553
9779,0.7635815,0.14516129032258066
9780,0.8700157,0.11428571428571428
9781,0.8015227,0.2390300230946882
9782,0.9374497,0.14285714285714285
9783,0.8865594,0.09090909090909091
9784,0.8370432,0.10714285714285714
9785,0.7080597,0.0
9786,0.49668226,0.5345460347853838
9787,0.90379006,0.0
9788,0.90243965,0.05263157894736842
9789,0.80399406,0.0
9790,0.9573148,0.49767441860465117
9791,0.87347585,0.14285714285714285
9792,0.72569567,0.07653061224489796
9793,0.875895,0.625
9794,0.5590461,0.2532467532467532
9795,0.5318303,0.12732919254658384
9796,0.72515404,0.041666666666666664
9797,0.87774074,0.22950819672131148
9798,0.81303257,0.002793296089385475
9799,0.8575957,0.03225806451612903
9800,0.8459356,0.1651376146788991
9801,0.7338548,0.0
9802,0.81764764,0.0
9803,0.89344555,0.25202156334231807
9804,0.252684,0.0
9805,0.5260623,0.0
9806,0.85383105,0.23809523809523808
9807,0.47208947,0.0
9808,0.4616437,0.0
9809,0.45154205,0.0
9810,0.7891715,0.0625
9811,0.45995158,0.0
9812,0.8573565,0.19597989949748743
9813,0.33471018,0.041666666666666664
9814,0.41738957,0.00888568683957733
9815,0.34314853,0.0
9816,0.88814473,0.05555555555555555
9817,0.9260429,0.125
9818,0.67389137,0.04477611940298507
9819,0.95164,0.09537434430138293
9820,0.7614548,0.013333333333333334
9821,0.2635035,0.004923076923076923
9822,0.572028,0.13761467889908258
9823,0.81980646,0.06756756756756757
9824,0.34270987,0.060228452751817235
9825,0.9247841,0.06343283582089553
9826,0.5272793,0.07065217391304347
9827,0.89936614,0.0
9828,0.5551646,0.2480127186009539
9829,0.40100166,0.09971509971509972
9830,0.8889557,0.25412541254125415
9831,0.78098845,0.16923076923076924
9832,0.8338721,0.5510385756676558
9833,0.5407734,0.010227272727272727
9834,0.83401114,0.07692307692307693
9835,0.82403827,0.3076923076923077
9836,0.87276196,0.0
9837,0.9263918,0.3103448275862069
9838,0.56271917,0.08333333333333333
9839,0.7631768,0.0784313725490196
9840,0.4764135,0.13157894736842105
9841,0.88737434,0.0
9842,0.82537395,0.18181818181818182
9843,0.51244867,0.1
9844,0.9302496,0.14463840399002495
9845,0.96389574,0.4864864864864865
9846,0.5498909,0.0
9847,0.8458365,0.15384615384615385
9848,0.8689288,0.4281609195402299
9849,0.89528096,0.0
9850,0.6794765,0.0
9851,0.59074867,0.18604651162790697
9852,0.9354769,0.24107142857142858
9853,0.84717965,0.2
9854,0.78777957,0.0
9855,0.7483724,0.19377162629757785
9856,0.5919659,0.008097165991902834
9857,0.6340197,0.057692307692307696
9858,0.83723706,0.04430379746835443
9859,0.6144058,0.0
9860,0.8798609,0.14383561643835616
9861,0.91139126,0.12727272727272726
9862,0.85404056,0.30526315789473685
9863,0.93567663,0.14432989690721648
9864,0.70642245,0.0
9865,0.66540015,0.056179775280898875
9866,0.8932974,0.3241758241758242
9867,0.87674695,0.0
9868,0.7814353,0.0
9869,0.8885443,0.02321083172147002
9870,0.91259813,0.0
9871,0.8216378,0.0
9872,0.74334395,0.07692307692307693
9873,0.7313521,0.0
9874,0.7443577,0.0
9875,0.8821344,0.03551912568306011
9876,0.51907194,0.016129032258064516
9877,0.7615799,0.22916666666666666
9878,0.6117767,0.15555555555555556
9879,0.53775615,0.08626760563380281
9880,0.9160243,0.045454545454545456
9881,0.4685476,0.04980503367600142
9882,0.7458416,0.0
9883,0.9202665,0.2755905511811024
9884,0.65505826,0.027777777777777776
9885,0.89645094,0.26666666666666666
9886,0.90852976,0.05263157894736842
9887,0.5013502,0.0
9888,0.442584,0.0
9889,0.6039479,0.047619047619047616
9890,0.8494937,0.1349206349206349
9891,0.4284443,0.0
9892,0.93363976,0.15384615384615385
9893,0.69653606,0.2127659574468085
9894,0.93972147,0.3440959409594096
9895,0.68461,0.0
9896,0.64720225,0.045714285714285714
9897,0.7491862,0.09195402298850575
9898,0.8314409,0.14
9899,0.33048233,0.0
9900,0.9238079,0.14285714285714285
9901,0.8794514,0.14285714285714285
9902,0.49866745,0.005555555555555556
9903,0.8835569,0.13636363636363635
9904,0.9283462,0.189873417721519
9905,0.87796396,0.09375
9906,0.7807242,0.08333333333333333
9907,0.93416053,0.07407407407407407
9908,0.8720638,0.0
9909,0.62587845,0.043343653250773995
9910,0.87438375,0.0
9911,0.56256634,0.015565994289398545
9912,0.8461411,0.0
9913,0.8740071,0.09967845659163987
9914,0.8479006,0.0
9915,0.7244345,0.21768707482993196
9916,0.8764637,0.2185792349726776
9917,0.83167475,0.0
9918,0.82766914,0.0
9919,0.72478163,0.125
9920,0.59407735,0.10416666666666667
9921,0.81955606,0.0
9922,0.66231763,0.18181818181818182
9923,0.9199993,0.2
9924,0.8248795,0.0
9925,0.9317349,0.157942238267148
9926,0.5792141,0.07407407407407407
9927,0.7377957,0.07692307692307693
9928,0.7984871,0.0
9929,0.8997667,0.14285714285714285
9930,0.7354912,0.05263157894736842
9931,0.6186719,0.0007320644216691069
9932,0.54776996,0.14285714285714285
9933,0.64342314,0.0
9934,0.79135144,0.125
9935,0.8789725,0.03571428571428571
9936,0.3670406,0.044977511244377814
9937,0.78423357,0.1390728476821192
9938,0.55941504,0.0
9939,0.80937845,0.03076923076923077
9940,0.76905054,0.0
9941,0.6293553,0.0
9942,0.38920972,0.003028009084027252
9943,0.89247966,0.12
9944,0.89419043,0.04285714285714286
9945,0.57871455,0.0
9946,0.74892145,0.0
9947,0.8474817,0.0
9948,0.8960236,0.058823529411764705
9949,0.7098651,0.14285714285714285
9950,0.9550978,0.22341302555647155
9951,0.5878757,0.0035587188612099642
9952,0.9249984,0.39285714285714285
9953,0.77840215,0.06696428571428571
9954,0.6938215,0.2857142857142857
9955,0.5999377,0.140625
9956,0.8872012,0.0
9957,0.86767334,0.16030534351145037
9958,0.195666,0.0
9959,0.7698553,0.18181818181818182
9960,0.86795086,0.1890738369611609
9961,0.86728376,0.1724137931034483
9962,0.7053578,0.0
9963,0.5641539,0.08923272573124205
9964,0.74325037,0.0
9965,0.81983525,0.35294117647058826
9966,0.4952207,0.22473246135552913
9967,0.71175843,0.0
9968,0.91595244,0.026717557251908396
9969,0.82661676,0.3583309016632623
9970,0.85330975,0.2465753424657534
9971,0.81880784,0.0
9972,0.53742296,0.023222748815165877
9973,0.511207,0.0
9974,0.6519049,0.0
9975,0.85563475,0.20416666666666666
9976,0.51663065,0.0948509485094851
9977,0.7226275,0.0
9978,0.78826606,0.04433497536945813
9979,0.9202331,0.2782685512367491
9980,0.8309328,0.0
9981,0.866928,0.1647940074906367
9982,0.7773944,0.0
9983,0.67127824,0.0
9984,0.95195395,0.3037249283667622
9985,0.88157684,0.23473282442748092
9986,0.90941596,0.10526315789473684
9987,0.14610074,0.4867492850333651
9988,0.6274718,0.0
9989,0.8446342,0.03409090909090909
9990,0.7025506,0.0
9991,0.7164775,0.10526315789473684
9992,0.3726514,0.04441702652683529
9993,0.8131827,0.0
9994,0.71820086,0.0
9995,0.92483777,0.12987012987012986
9996,0.53377247,0.0
9997,0.80241376,0.13392857142857142
9998,0.8027578,0.08333333333333333
9999,0.94368196,0.0
10000,0.7275785,0.022727272727272728
10001,0.8709321,0.2549129702414374
10002,0.9017017,0.23877917414721722
10003,0.948538,0.32781065088757394
10004,0.81047255,0.0
10005,0.9380813,0.46733668341708545
10006,0.60883355,0.0
10007,0.9452232,0.0
10008,0.74276406,0.3966320315299176
10009,0.94256514,0.1583710407239819
10010,0.23209317,0.0
10011,0.44550982,0.9979895823814311
10012,0.93640363,0.07692307692307693
10013,0.7704015,0.06944444444444445
10014,0.8603123,0.0
10015,0.7751452,0.0
10016,0.7735646,0.0
10017,0.9592323,0.6104118993135011
10018,0.9192613,0.13793103448275862
10019,0.19919442,0.5500546448087432
10020,0.76502126,0.12242562929061784
10021,0.6366663,0.0
10022,0.9112035,0.12280701754385964
10023,0.9363319,0.34990791896869244
10024,0.88858545,0.125
10025,0.7791142,0.10955337472461446
10026,0.93336844,0.09302325581395349
10027,0.32018578,0.1753472222222222
10028,0.66755456,0.0
10029,0.8419529,0.28
10030,0.7559346,0.0
10031,0.6220808,0.0
10032,0.84318745,0.028846153846153848
10033,0.93303317,0.003934624697336562
10034,0.50638,0.0
10035,0.3320072,0.0
10036,0.3077477,0.0
10037,0.745161,0.24347826086956523
10038,0.6299838,0.031007751937984496
10039,0.82736444,0.04225352112676056
10040,0.6884704,0.0
10041,0.86785734,0.0
10042,0.8375396,0.0
10043,0.9441366,0.19534883720930232
10044,0.9352321,0.12121212121212122
10045,0.49589828,0.0
10046,0.88973635,0.3923809523809524
10047,0.9128899,0.09027777777777778
10048,0.30446908,0.025510204081632654
10049,0.76013,0.0
10050,0.72375613,0.05925925925925926
10051,0.7646921,0.04671280276816609
10052,0.36955345,0.0016501650165016502
10053,0.7544963,0.0
10054,0.92716897,0.19215686274509805
10055,0.86120963,0.024853801169590642
10056,0.8771548,0.1875
10057,0.8981785,0.15151515151515152
10058,0.8473054,0.12
10059,0.5901745,0.10843373493975904
10060,0.9456895,0.7015414890127911
10061,0.92171675,0.15254237288135594
10062,0.9551648,0.3592233009708738
10063,0.86041653,0.056910569105691054
10064,0.87578064,0.26902654867256637
10065,0.39843875,0.0
10066,0.87798536,0.011494252873563218
10067,0.55434316,0.0297029702970297
10068,0.6132454,0.04477611940298507
10069,0.9315809,0.31307550644567217
10070,0.95329094,0.2589928057553957
10071,0.6738143,0.015625
10072,0.92384356,0.17279784002699966
10073,0.91735214,0.19047619047619047
10074,0.4543321,0.10412147505422993
10075,0.9196778,0.0
10076,0.89898705,0.44024563060935284
10077,0.77523595,0.07407407407407407
10078,0.56140065,0.04819277108433735
10079,0.89259154,0.44976076555023925
10080,0.57532084,0.0
10081,0.86760205,0.2222222222222222
10082,0.8462969,0.0
10083,0.77557594,0.0
10084,0.7350209,0.09036144578313253
10085,0.9601837,0.2420749279538905
10086,0.87963915,0.11538461538461539
10087,0.7040356,0.13365155131264916
10088,0.9061688,0.09815950920245399
10089,0.70283484,0.0
10090,0.65652466,0.07048458149779736
10091,0.3311975,0.0
10092,0.58652663,0.06329113924050633
10093,0.9063084,0.14432989690721648
10094,0.93735373,0.21909424724602203
10095,0.5929397,0.02607969956186105
10096,0.90173817,0.3416230366492147
10097,0.5431487,0.0
10098,0.9004189,0.2064516129032258
10099,0.9318803,0.15384615384615385
10100,0.6149901,0.0
10101,0.78694165,0.02714440825190011
10102,0.6945503,0.04054054054054054
10103,0.91781545,0.06818181818181818
10104,0.6341346,0.0
10105,0.84923697,0.0
10106,0.7281132,0.0
10107,0.43895546,0.0349634874972339
10108,0.7574662,0.08571428571428572
10109,0.34145442,0.025029797377830752
10110,0.85374814,0.0
10111,0.67927635,0.03076923076923077
10112,0.67548037,0.014814814814814815
10113,0.7697889,0.33861940298507465
10114,0.75947684,0.09090909090909091
10115,0.9065306,0.020833333333333332
10116,0.7560273,0.2546201232032854
10117,0.5427462,0.0
10118,0.29092222,0.005747126436781609
10119,0.8996871,0.7679275019700552
10120,0.808099,0.20930232558139536
10121,0.8278996,0.04225352112676056
10122,0.87495154,0.19148936170212766
10123,0.8897073,0.05333333333333334
10124,0.56426793,0.0
10125,0.97693884,0.7508431703204047
10126,0.95165783,0.3307003686150606
10127,0.7000327,0.0
10128,0.89149374,0.0
10129,0.8973979,0.1523809523809524
10130,0.44441327,0.0
10131,0.7871959,0.1774193548387097
10132,0.81065184,0.06451612903225806
10133,0.8798478,0.1232876712328767
10134,0.83021146,0.16326530612244897
10135,0.95396143,0.42576219512195124
10136,0.94646037,0.2553191489361702
10137,0.89761746,0.0
10138,0.8998827,0.3170731707317073
10139,0.8427266,0.1
10140,0.9009459,0.2742857142857143
10141,0.9355626,0.125
10142,0.7532723,0.0
10143,0.55948734,0.01370921027225333
10144,0.41377586,0.0
10145,0.7885454,0.06666666666666667
10146,0.9139491,0.0
10147,0.89227146,0.09333333333333334
10148,0.92895216,0.11538461538461539
10149,0.9094174,0.13953488372093023
10150,0.6895807,0.12371134020618557
10151,0.5667535,0.018867924528301886
10152,0.8240111,0.0
10153,0.8996185,0.1638888888888889
10154,0.9066696,0.045454545454545456
10155,0.9040704,0.09259259259259259
10156,0.5578727,0.10714285714285714
10157,0.8815114,0.3391959798994975
10158,0.892291,0.1619047619047619
10159,0.83595747,0.3494897959183674
10160,0.61867714,0.05555555555555555
10161,0.88645226,0.13333333333333333
10162,0.940931,0.2536443148688047
10163,0.8643035,0.0625
10164,0.84207565,0.1574468085106383
10165,0.9387992,0.20065789473684212
10166,0.8733816,0.0
10167,0.907406,0.0
10168,0.926882,0.11643835616438356
10169,0.70306355,0.0
10170,0.6919976,0.075
10171,0.30632237,0.0051813471502590676
10172,0.9152177,0.14
10173,0.9140363,0.16214859437751003
10174,0.91913766,0.0
10175,0.9405814,0.125
10176,0.8990418,0.10416666666666667
10177,0.6743824,0.0
10178,0.42416403,0.01432469304229195
10179,0.76780105,0.0
10180,0.93686265,0.25
10181,0.7517384,0.078125
10182,0.76637846,0.2245557350565428
10183,0.33508784,0.0136986301369863
10184,0.92168415,0.02127659574468085
10185,0.93568003,0.3751783166904422
10186,0.7138704,0.09278350515463918
10187,0.53748745,0.08709677419354839
10188,0.83310944,0.045454545454545456
10189,0.93420434,0.1179245283018868
10190,0.7723623,0.03875968992248062
10191,0.48543933,0.12033377250768555
10192,0.8886769,0.0
10193,0.86802584,0.02857142857142857
10194,0.7838354,0.0
10195,0.5032646,0.07142857142857142
10196,0.5779168,0.08333333333333333
10197,0.5258057,0.015453547915142649
10198,0.5991158,0.0
10199,0.6980159,0.06403940886699508
10200,0.6382987,0.0
10201,0.91395444,0.0
10202,0.34277657,0.8870254330998895
10203,0.86701673,0.0
10204,0.7259007,0.2740693196405648
10205,0.84013355,0.08317757009345794
10206,0.8278671,0.19029850746268656
10207,0.5985769,0.12131919905771496
10208,0.8850692,0.06318082788671024
10209,0.16589431,0.01607717041800643
10210,0.9237324,0.08421052631578947
10211,0.37294185,0.8488285608032726
10212,0.92481476,0.14814814814814814
10213,0.8997498,0.0
10214,0.6647501,0.2222222222222222
10215,0.83831316,0.2204724409448819
10216,0.7755779,0.0
10217,0.30274725,0.06723484848484848
10218,0.22109695,0.0
10219,0.79616493,0.1935483870967742
10220,0.7314258,0.12121212121212122
10221,0.82760304,0.0
10222,0.86367965,0.16666666666666666
10223,0.9220218,0.3135593220338983
10224,0.7339495,0.08139534883720931
10225,0.8159541,0.25
10226,0.84682983,0.0
10227,0.87137955,0.3504132231404959
10228,0.9053067,0.21739130434782608
10229,0.9426279,0.11888888888888889
10230,0.7810068,0.2727272727272727
10231,0.73802,0.11594202898550725
10232,0.7584036,0.09523809523809523
10233,0.5326183,0.0
10234,0.73186594,0.20162748643761302
10235,0.9178461,0.1511627906976744
10236,0.8078867,0.2581560283687943
10237,0.53834754,0.0
10238,0.7961953,0.27602905569007263
10239,0.8984361,0.38461538461538464
10240,0.82630897,0.0
10241,0.8404015,0.3359683794466403
10242,0.9079031,0.32044198895027626
10243,0.40473354,0.022242479489516864
10244,0.9039617,0.037037037037037035
10245,0.7676548,0.06382978723404255
10246,0.884712,0.16666666666666666
10247,0.9023964,0.08695652173913043
10248,0.77319443,0.1875
10249,0.8877406,0.21205821205821207
10250,0.9114865,0.35208816705336426
10251,0.65766,0.0
10252,0.80903244,0.14450867052023122
10253,0.9434194,0.0
10254,0.7697328,0.30788804071246817
10255,0.78867424,0.0087527352297593
10256,0.8945431,0.24064171122994651
10257,0.8379073,0.02702702702702703
10258,0.8730732,0.15789473684210525
10259,0.909499,0.12834224598930483
10260,0.80171245,0.0
10261,0.6655375,0.14285714285714285
10262,0.7380326,0.0
10263,0.7586866,0.0
10264,0.6834283,0.042105263157894736
10265,0.23699127,0.18056116269681066
10266,0.81324595,0.09876543209876543
10267,0.7740256,0.20212765957446807
10268,0.8848751,0.19875776397515527
10269,0.58901757,0.0
10270,0.89358544,0.0
10271,0.8926944,0.2087912087912088
10272,0.813849,0.004291845493562232
10273,0.7185137,0.25
10274,0.7806177,0.06976744186046512
10275,0.5783033,0.03125
10276,0.9125844,0.42251223491027734
10277,0.7823647,0.0
10278,0.8850479,0.02665036674816626
10279,0.9097455,0.2631578947368421
10280,0.77154356,0.16666666666666666
10281,0.55095774,0.0
10282,0.8960211,0.15933412604042807
10283,0.7591433,0.034482758620689655
10284,0.72196263,0.015384615384615385
10285,0.90612745,0.3860640301318267
10286,0.8982401,0.25675675675675674
10287,0.79704595,0.0
10288,0.68169,0.11387900355871886
10289,0.8001954,0.22807017543859648
10290,0.78251255,0.0
10291,0.66900027,0.02631578947368421
10292,0.925859,0.0
10293,0.34225556,0.7000091600256481
10294,0.9063682,0.24413145539906103
10295,0.88883513,0.20657276995305165
10296,0.94546753,0.2806873977086743
10297,0.9167072,0.0
10298,0.81505024,0.0
10299,0.9039659,0.2777777777777778
10300,0.698949,0.0
10301,0.818217,0.04782608695652174
10302,0.8060384,0.45054945054945056
10303,0.85820895,0.25
10304,0.87392485,0.0
10305,0.19565,0.05128205128205128
10306,0.88601214,0.13823529411764707
10307,0.599799,0.0
10308,0.81117487,0.10526315789473684
10309,0.8714308,0.1
10310,0.53137356,0.10826771653543307
10311,0.80637485,0.13333333333333333
10312,0.59719574,0.35361216730038025
10313,0.9141355,0.1691542288557214
10314,0.7418501,0.0794392523364486
10315,0.8470911,0.0
10316,0.87840843,0.1111111111111111
10317,0.7572763,0.14935064935064934
10318,0.72077656,0.0
10319,0.90830606,0.3884007029876977
10320,0.6679369,0.0
10321,0.8989942,0.35294117647058826
10322,0.4529105,0.40974789915966386
10323,0.4185488,0.07742998352553541
10324,0.6738951,0.0375
10325,0.81383085,0.08465608465608465
10326,0.40272453,0.0
10327,0.3894196,0.0
10328,0.91842353,0.13142857142857142
10329,0.7293803,0.04
10330,0.9309874,0.0
10331,0.72434413,0.12857142857142856
10332,0.84106696,0.0
10333,0.9446258,0.3157894736842105
10334,0.6818213,0.015862586821850946
10335,0.8434822,0.08068269976726145
10336,0.9170899,0.1875
10337,0.80560577,0.043478260869565216
10338,0.8733248,0.10245901639344263
10339,0.87440467,0.32171581769436997
10340,0.8370258,0.33676470588235297
10341,0.8716701,0.30248306997742663
10342,0.9361982,0.08260869565217391
10343,0.94432837,0.22173274596182085
10344,0.8989178,0.16666666666666666
10345,0.48149103,0.0
10346,0.8200986,0.19047619047619047
10347,0.26229322,0.01129032258064516
10348,0.8236701,0.0
10349,0.68282104,0.0
10350,0.8859467,0.0
10351,0.75493264,0.08333333333333333
10352,0.58740366,0.0
10353,0.7833745,0.33361379890618426
10354,0.83811283,0.08895705521472393
10355,0.6615766,0.08641975308641975
10356,0.8293835,0.046875
10357,0.47493628,0.0364963503649635
10358,0.7160183,0.0
10359,0.87867695,0.03076923076923077
10360,0.959446,0.36480246280143663
10361,0.48535526,0.014211886304909561
10362,0.36235356,0.0
10363,0.81409174,0.05454545454545454
10364,0.7209829,0.0
10365,0.40186965,0.011248285322359396
10366,0.90304434,0.27467811158798283
10367,0.7025457,0.016080402010050253
10368,0.4699769,0.022655426765015807
10369,0.9259817,0.0
10370,0.27515963,0.15099223468507333
10371,0.71882015,0.0
10372,0.53897715,0.03424657534246575
10373,0.21687719,0.31255117557609075
10374,0.6704122,0.0
10375,0.456949,0.05333333333333334
10376,0.48156306,0.0325497287522604
10377,0.8135436,0.19047619047619047
10378,0.7886471,0.0
10379,0.959158,0.13963480128893663
10380,0.88970125,0.0
10381,0.7242568,0.0
10382,0.23287271,0.36662106703146374
10383,0.6048263,0.28725452445128996
10384,0.84016985,0.1711229946524064
10385,0.88517797,0.0
10386,0.8949293,0.0
10387,0.3403419,0.01544648569600585
10388,0.5182386,0.0
10389,0.93950784,0.0625
10390,0.66467863,0.010040160642570281
10391,0.24129273,0.7346576800283788
10392,0.889627,0.0
10393,0.84330386,0.05351170568561873
10394,0.7992672,0.1930835734870317
10395,0.33753276,0.006593406593406593
10396,0.38198107,0.010583471378612186
10397,0.71384233,0.1111111111111111
10398,0.49142545,0.0
10399,0.92150676,0.05263157894736842
10400,0.45704958,0.0
10401,0.88164437,0.0
10402,0.90245324,0.0
10403,0.8406026,0.18617021276595744
10404,0.95098716,0.5702199661590525
10405,0.79701924,0.022964509394572025
10406,0.9347293,0.7441599700990469
10407,0.8479435,0.045454545454545456
10408,0.68152547,0.0016174686615446825
10409,0.8941349,0.3532846715328467
10410,0.77118117,0.041666666666666664
10411,0.5451645,0.7744733581164808
10412,0.5870352,0.0
10413,0.9435019,0.37623762376237624
10414,0.9041976,0.2199010445299615
10415,0.88489544,0.0
10416,0.86197,0.0
10417,0.16477263,0.0
10418,0.9301616,0.041666666666666664
10419,0.91199577,0.0
10420,0.90952635,0.25
10421,0.9228942,0.18620689655172415
10422,0.70044065,0.17543859649122806
10423,0.9319682,0.16058394160583941
10424,0.6760868,0.0
10425,0.7818796,0.02586206896551724
10426,0.8643505,0.11764705882352941
10427,0.46623027,0.0
10428,0.6675305,0.0
10429,0.7829186,0.04678362573099415
10430,0.25223556,0.0
10431,0.7963138,0.247170935080405
10432,0.89899653,0.5
10433,0.7963615,0.0
10434,0.3221392,0.016704631738800303
10435,0.8794345,0.26136363636363635
10436,0.83583903,0.17894736842105263
10437,0.91563094,0.16216216216216217
10438,0.7845506,0.03205128205128205
10439,0.2889898,0.8887247206574937
10440,0.8014767,0.0
10441,0.7411863,0.1686746987951807
10442,0.8844406,0.11206896551724138
10443,0.73121816,0.05454545454545454
10444,0.46931058,0.0
10445,0.7748467,0.6666666666666666
10446,0.8776554,0.16666666666666666
10447,0.7295951,0.18425760286225404
10448,0.70121694,0.029411764705882353
10449,0.8226373,0.1292517006802721
10450,0.51332617,0.0
10451,0.31294405,0.0
10452,0.6672739,0.21031746031746032
10453,0.8342621,0.14911206368646662
10454,0.93788904,0.3146067415730337
10455,0.8254743,0.2
10456,0.56775737,0.0
10457,0.49536833,0.03389830508474576
10458,0.8828061,0.05194805194805195
10459,0.80153227,0.3115942028985507
10460,0.8688998,0.1298342541436464
10461,0.8320773,0.040828951438292606
10462,0.2499738,0.023255813953488372
10463,0.86358666,0.09523809523809523
10464,0.15192527,0.0
10465,0.83307904,0.12101910828025478
10466,0.8128335,0.0
10467,0.87952733,0.007874015748031496
10468,0.78985465,0.08812260536398467
10469,0.8819689,0.02531645569620253
10470,0.9156731,0.06578947368421052
10471,0.49107757,0.0
10472,0.91930866,0.3089171974522293
10473,0.7899964,0.0
10474,0.7809892,0.0410958904109589
10475,0.5868417,0.0
10476,0.68758094,0.0
10477,0.92487735,0.16554054054054054
10478,0.5681478,0.0039273441335297005
10479,0.8429219,0.09259259259259259
10480,0.7673471,0.011764705882352941
10481,0.7968319,0.21739130434782608
10482,0.80787027,0.07653429602888087
10483,0.88232327,0.18604651162790697
10484,0.8812405,0.035856573705179286
10485,0.9436529,0.14285714285714285
10486,0.9553722,0.15593220338983052
10487,0.6786461,0.2441860465116279
10488,0.734798,0.05970149253731343
10489,0.9405785,0.416367552045944
10490,0.84430724,0.12879947518040674
10491,0.3677905,0.5412419781049452
10492,0.62805295,0.0
10493,0.89662224,0.17333333333333334
10494,0.6192866,0.0
10495,0.70684355,0.0
10496,0.8233521,0.01834862385321101
10497,0.87429833,0.13527054108216433
10498,0.85778624,0.051798561151079135
10499,0.679076,0.1
10500,0.9008179,0.16569428238039674
10501,0.7684202,0.034358047016274866
10502,0.8643574,0.125
10503,0.6338527,0.046296296296296294
10504,0.9490703,0.1801470588235294
10505,0.80470985,0.04941860465116279
10506,0.8502921,0.0364741641337386
10507,0.86218774,0.03364485981308411
10508,0.38147128,0.0
10509,0.8163598,0.01919616076784643
10510,0.64582264,0.1171875
10511,0.9453585,0.8075880758807588
10512,0.8538492,0.06896551724137931
10513,0.84432626,0.18421052631578946
10514,0.8957926,0.0
10515,0.23636484,0.2765692272830274
10516,0.63378894,0.0694980694980695
10517,0.74765605,0.0
10518,0.95002055,0.2739032620922385
10519,0.7050484,0.15254237288135594
10520,0.8637407,0.41369606003752346
10521,0.8990545,0.0
10522,0.8650851,0.1111111111111111
10523,0.8868703,0.16326530612244897
10524,0.9013089,0.3986175115207373
10525,0.87664187,0.0
10526,0.272533,0.008145663632007666
10527,0.94032645,0.26199669056811914
10528,0.75548905,0.21818181818181817
10529,0.76972824,0.5096525096525096
10530,0.813919,0.0
10531,0.86030895,0.08928571428571429
10532,0.5164795,0.0
10533,0.8632551,0.1
10534,0.7190149,0.02666666666666667
10535,0.28634676,0.20876190476190476
10536,0.26182404,0.0
10537,0.25272068,0.026609442060085836
10538,0.9196983,0.09523809523809523
10539,0.39440465,0.007685142058686539
10540,0.91296774,0.28160919540229884
10541,0.9429921,0.5192307692307693
10542,0.80840933,0.0
10543,0.742197,0.02681897193940899
10544,0.8447881,0.25
10545,0.8911989,0.0
10546,0.82326436,0.0
10547,0.9512811,0.37219101123595505
10548,0.5866329,0.017341040462427744
10549,0.70908076,0.24924012158054712
10550,0.25224945,0.01556420233463035
10551,0.87272686,0.4482758620689655
10552,0.7454363,0.3333333333333333
10553,0.72098005,0.0
10554,0.5934577,0.0
10555,0.5383675,0.0
10556,0.77738094,0.18507890961262555
10557,0.5677363,0.012429378531073447
10558,0.83023083,0.0
10559,0.773757,0.19230769230769232
10560,0.6254646,0.13333333333333333
10561,0.82935745,0.1016949152542373
10562,0.8854412,0.0
10563,0.7929243,0.0
10564,0.92364365,0.23331635252165053
10565,0.83520335,0.0
10566,0.90541196,0.14285714285714285
10567,0.54625684,0.13064628214037527
10568,0.8000839,0.12996941896024464
10569,0.9564793,0.3490488006617039
10570,0.97056705,0.502960769800148
10571,0.94008803,0.21631205673758866
10572,0.7752784,0.16666666666666666
10573,0.54027134,0.0
10574,0.55576617,0.12867647058823528
10575,0.80328226,0.0
10576,0.6909206,0.19401197604790418
10577,0.8584872,0.2173076923076923
10578,0.81177646,0.11524163568773234
10579,0.76777726,0.0
10580,0.918792,0.25
10581,0.89898694,0.15517241379310345
10582,0.7307431,0.11764705882352941
10583,0.8576915,0.34099616858237547
10584,0.24539539,0.0047169811320754715
10585,0.9513731,0.8291316526610645
10586,0.38031587,0.014492753623188406
10587,0.5880507,0.01639344262295082
10588,0.70273226,0.0
10589,0.8876517,0.12355212355212356
10590,0.84152883,0.1419753086419753
10591,0.67089725,0.05504587155963303
10592,0.38847563,0.2727272727272727
10593,0.86585855,0.10111559458817944
10594,0.819223,0.03125
10595,0.7353596,0.0
10596,0.89034355,0.17461832061068702
10597,0.7937447,0.0726643598615917
10598,0.88499445,0.3333333333333333
10599,0.7824551,0.0
10600,0.73521453,0.06134969325153374
10601,0.76741385,0.19021739130434784
10602,0.5625677,0.022900763358778626
10603,0.28851596,0.003703703703703704
10604,0.77401155,0.0
10605,0.6879326,0.010443864229765013
10606,0.6525562,0.17675544794188863
10607,0.90471745,0.0
10608,0.36456224,0.0
10609,0.8394848,0.0913978494623656
10610,0.8313973,0.0
10611,0.8017236,0.0
10612,0.76565355,0.16643356643356644
10613,0.26116073,0.0
10614,0.7831922,0.3191266008817972
10615,0.59316766,0.0
10616,0.8625729,0.1
10617,0.9320976,0.015625
10618,0.890149,0.07246376811594203
10619,0.24784483,0.0
10620,0.7460888,0.06756756756756757
10621,0.8501976,0.6709860935524652
10622,0.87355363,0.016129032258064516
10623,0.8766512,0.11320754716981132
10624,0.6249344,0.0
10625,0.79625505,0.0
10626,0.76338077,0.0
10627,0.17103681,0.0
10628,0.7140101,0.095
10629,0.43675277,0.0755287009063444
10630,0.84291023,0.13653136531365315
10631,0.22149223,0.0
10632,0.4529178,0.06666666666666667
10633,0.9091518,0.1724137931034483
10634,0.91837454,0.19342359767891681
10635,0.8921019,0.125
10636,0.4200479,0.04066985645933014
10637,0.8665904,0.28169014084507044
10638,0.18224555,0.5407473663287616
10639,0.585819,0.0
10640,0.2189089,0.8518552367026138
10641,0.73192453,0.2905811623246493
10642,0.5633562,0.0
10643,0.84034353,0.0
10644,0.4720064,0.1431818181818182
10645,0.27726495,0.0
10646,0.5255858,0.029411764705882353
10647,0.6817909,0.0
10648,0.37266243,0.006662628709872804
10649,0.47307676,0.01834862385321101
10650,0.84887815,0.0
10651,0.771603,0.0
10652,0.92038065,0.0
10653,0.690482,0.11403508771929824
10654,0.7231265,0.14832535885167464
10655,0.8149013,0.23026315789473684
10656,0.82131356,0.0
10657,0.968967,0.0625
10658,0.59844124,0.011150717484690613
10659,0.61224633,0.022222222222222223
10660,0.6185518,0.0
10661,0.8464603,0.08
10662,0.82920766,0.0
10663,0.9204127,0.42857142857142855
10664,0.63062066,0.00018397571520559287
10665,0.8701402,0.16551724137931034
10666,0.75037056,0.0
10667,0.8653825,0.14572192513368984
10668,0.7990168,0.2
10669,0.6729516,0.23529411764705882
10670,0.684693,0.0
10671,0.8146989,0.3333333333333333
10672,0.61798114,0.11194029850746269
10673,0.8997615,0.10157858613589568
10674,0.76053554,0.02702702702702703
10675,0.8953268,0.1276595744680851
10676,0.8099984,0.07602339181286549
10677,0.9434966,0.2417503586800574
10678,0.8918028,0.2
10679,0.887628,0.061224489795918366
10680,0.93810487,0.22994652406417113
10681,0.95119625,0.20879940343027592
10682,0.85886616,0.2222222222222222
10683,0.79010296,0.15315315315315314
10684,0.9080856,0.0
10685,0.95639306,0.32515337423312884
10686,0.84633845,0.3523076923076923
10687,0.4468923,0.05080960357342267
10688,0.80431604,0.16261398176291794
10689,0.81657916,0.0
10690,0.94031435,0.0
10691,0.24655376,0.007874015748031496
10692,0.27158853,0.0
10693,0.84594727,0.15217391304347827
10694,0.8879931,0.3786407766990291
10695,0.9180439,0.0
10696,0.24774486,0.21963394342762063
10697,0.5219278,0.0
10698,0.80383486,0.0
10699,0.76394135,0.05343511450381679
10700,0.83420044,0.1320754716981132
10701,0.604416,0.0
10702,0.77197427,0.09090909090909091
10703,0.89629287,0.013157894736842105
10704,0.96078205,0.3034274193548387
10705,0.85145456,0.0
10706,0.86135525,0.13875598086124402
10707,0.6796271,0.19156061620897522
10708,0.1597701,0.17302219692657939
10709,0.9642888,0.44868139700641485
10710,0.9097394,0.2857142857142857
10711,0.9072214,0.0
10712,0.644236,0.1226303317535545
10713,0.5992365,0.09307359307359307
10714,0.8953107,0.0
10715,0.90728027,0.3101851851851852
10716,0.8544995,0.09302325581395349
10717,0.7564821,0.13709677419354838
10718,0.9313214,0.20833333333333334
10719,0.8742216,0.17055655296229802
10720,0.88325596,0.06153846153846154
10721,0.85375524,0.2698412698412698
10722,0.2620113,0.0
10723,0.91500133,0.7175226586102719
10724,0.8719371,0.07142857142857142
10725,0.60968775,0.0
10726,0.40150478,0.5032740879326474
10727,0.7319886,0.0
10728,0.8469405,0.1373873873873874
10729,0.71899205,0.16666666666666666
10730,0.8668173,0.2
10731,0.21496591,0.005390835579514825
10732,0.75375444,0.0
10733,0.8882402,0.09333333333333334
10734,0.14419435,0.5014641288433382
10735,0.5879566,0.03571428571428571
10736,0.6487869,0.018867924528301886
10737,0.80363053,0.14887640449438203
10738,0.9181337,0.028037383177570093
10739,0.9206771,0.2476525821596244
10740,0.3372808,0.022748965956092906
10741,0.73120385,0.13846153846153847
10742,0.9187599,0.275
10743,0.51369345,0.0
10744,0.2167635,0.00022286605749944285
10745,0.93229514,0.22608695652173913
10746,0.85997856,0.14285714285714285
10747,0.8442486,0.31297709923664124
10748,0.948144,0.05945945945945946
10749,0.8840687,0.05825242718446602
10750,0.66930825,0.23255813953488372
10751,0.46913216,0.0
10752,0.51583534,0.0
10753,0.38767877,0.0
10754,0.17952396,0.0015363933166890724
10755,0.6965032,0.0
10756,0.3789802,0.14006514657980457
10757,0.15873025,0.11422374841857943
10758,0.22234991,0.002631578947368421
10759,0.8017993,0.011574074074074073
10760,0.21102291,0.0
10761,0.9076705,0.0
10762,0.7305208,0.014285714285714285
10763,0.7438807,0.0560033941450997
10764,0.87014526,0.0625
10765,0.3819029,0.0
10766,0.9192237,0.45320197044334976
10767,0.84387785,0.08695652173913043
10768,0.2847735,0.6546448087431694
10769,0.34078997,0.07692307692307693
10770,0.68115765,0.0
10771,0.7636096,0.06557377049180328
10772,0.29152578,0.0
10773,0.3010952,0.0
10774,0.65318966,0.05714285714285714
10775,0.7765707,0.0
10776,0.6821474,0.0
10777,0.884076,0.36363636363636365
10778,0.50388,0.0
10779,0.59902817,0.0
10780,0.39278325,0.0
10781,0.9232882,0.017241379310344827
10782,0.26334321,0.05309734513274336
10783,0.1305258,0.0
10784,0.54923356,0.07142857142857142
10785,0.29862896,0.014204545454545454
10786,0.7103361,0.08053691275167785
10787,0.86422163,0.05555555555555555
10788,0.3265421,0.02795425667090216
10789,0.6784957,0.11777777777777777
10790,0.7690904,0.03172205438066465
10791,0.17374332,0.7535635964912281
10792,0.35638016,0.0
10793,0.7606387,0.0
10794,0.8106805,0.0
10795,0.9080043,0.20075757575757575
10796,0.6751526,0.001443001443001443
10797,0.39373532,0.033209081667231445
10798,0.32324898,0.0
10799,0.85511863,0.0
10800,0.30377334,0.0
10801,0.9005321,0.0
10802,0.37082097,0.0
10803,0.78559136,0.045454545454545456
10804,0.20721103,0.0
10805,0.77844584,0.19736842105263158
10806,0.2382025,0.0
10807,0.6377275,0.010657193605683837
10808,0.44226792,0.028846153846153848
10809,0.7787806,0.0
10810,0.8148315,0.02620545073375262
10811,0.8725711,0.0
10812,0.5849714,0.00024996875390576176
10813,0.4045295,0.0
10814,0.44901687,0.0
10815,0.666508,0.015504587155963303
10816,0.69737166,0.17249417249417248
10817,0.38438997,0.0
10818,0.8051633,0.0
10819,0.18453503,0.6384399913811678
10820,0.11953924,0.22833562585969738
10821,0.84302336,0.12173913043478261
10822,0.9092316,0.1829145728643216
10823,0.18675669,0.0
10824,0.4024994,0.0
10825,0.82477224,0.0
10826,0.15260299,0.0
10827,0.7880417,0.0
10828,0.25606737,0.0
10829,0.23070101,0.0
10830,0.32103086,0.0
10831,0.17948776,0.634135145060595
10832,0.28210726,0.00047365304914150384
10833,0.8009885,0.0
10834,0.25921518,0.0
10835,0.5494819,0.07375346260387812
10836,0.89481753,0.043478260869565216
10837,0.88853014,0.0
10838,0.70669025,0.0
10839,0.24652708,0.0
10840,0.9120835,0.22440944881889763
10841,0.8325082,0.0
10842,0.8701046,0.0
10843,0.42415458,0.0
10844,0.70627534,0.0
10845,0.9017961,0.0
10846,0.3749475,0.14666666666666667
10847,0.22387949,0.013333333333333334
10848,0.16696496,0.4153348729792148
10849,0.4963913,0.0
10850,0.37392798,0.04878048780487805
10851,0.9205284,0.33723196881091616
10852,0.4684186,0.0
10853,0.5463285,0.0
10854,0.26308325,0.0
10855,0.7298386,0.0
10856,0.6364294,0.0
10857,0.882883,0.09523809523809523
10858,0.71189564,0.06896551724137931
10859,0.9088358,0.023809523809523808
10860,0.54497886,0.28895184135977336
10861,0.84724295,0.0
10862,0.50427055,0.05407354001441961
10863,0.7390699,0.0
10864,0.3884395,0.00015554518587649713
10865,0.5037113,0.0
10866,0.21413036,0.09718670076726342
10867,0.9219191,0.0
10868,0.88387275,0.07317073170731707
10869,0.30288148,0.006622516556291391
10870,0.17100693,0.0
10871,0.89373976,0.043478260869565216
10872,0.86608976,0.06666666666666667
10873,0.73918325,0.10714285714285714
10874,0.3853397,0.0009655616350177019
10875,0.938285,0.4602385685884692
10876,0.43880564,0.0
10877,0.9362974,0.0872093023255814
10878,0.48874477,0.06896551724137931
10879,0.59962314,0.0
10880,0.62831753,0.030303030303030304
10881,0.5188254,0.0
10882,0.6433478,0.0
10883,0.29680088,0.3691358024691358
10884,0.7568285,0.25
10885,0.2912592,0.0
10886,0.4042541,0.02797087057265806
10887,0.24916673,0.02092050209205021
10888,0.28347293,0.04332493702770781
10889,0.21224333,0.00641025641025641
10890,0.14836483,0.0
10891,0.49120638,0.0
10892,0.32261243,0.06581740976645435
10893,0.8852159,0.1111111111111111
10894,0.9427392,0.31673306772908366
10895,0.30693725,0.015267175572519083
10896,0.260614,0.017866004962779156
10897,0.39579555,0.09854014598540146
10898,0.3965154,0.0
10899,0.95654416,0.3068731848983543
10900,0.5335509,0.0
10901,0.79081416,0.0
10902,0.23430847,0.04
10903,0.8945782,0.0
10904,0.87071073,0.0
10905,0.6221036,0.0
10906,0.884046,0.0
10907,0.92077565,0.26455026455026454
10908,0.5346982,0.0
10909,0.2840731,0.01744426094137077
10910,0.726873,0.0851063829787234
10911,0.91329,0.20535714285714285
10912,0.18635571,0.0
10913,0.826718,0.2222222222222222
10914,0.24799469,0.8183313533765878
10915,0.4264327,0.0
10916,0.4357923,0.0
10917,0.91463834,0.2619047619047619
10918,0.8700778,0.16666666666666666
10919,0.33333293,0.112475442043222
10920,0.23035903,0.0
10921,0.2586276,0.0
10922,0.21881497,0.0
10923,0.6424184,0.12558139534883722
10924,0.23798648,0.2506414861952171
10925,0.7950554,0.05405405405405406
10926,0.46365613,0.036258313666595154
10927,0.14585885,0.020282843319687383
10928,0.48921543,0.0
10929,0.19524792,0.010940919037199124
10930,0.90777534,0.0625
10931,0.82302994,0.11627906976744186
10932,0.18244149,0.0019193857965451055
10933,0.7218602,0.024390243902439025
10934,0.7527639,0.07920792079207921
10935,0.81282634,0.0970873786407767
10936,0.7502476,0.0
10937,0.4219013,0.0665163472378805
10938,0.9473696,0.027794561933534745
10939,0.9101602,0.08333333333333333
10940,0.6899337,0.0
10941,0.4091641,0.07247355390501913
10942,0.8676715,0.10526315789473684
10943,0.26685175,0.1595342983008181
10944,0.88281393,0.0875
10945,0.38805258,0.16666666666666666
10946,0.7018214,0.007751937984496124
10947,0.67205685,0.0
10948,0.77391464,0.0
10949,0.39150238,0.0
10950,0.8571369,0.16326530612244897
10951,0.7424596,0.07142857142857142
10952,0.57507133,0.0
10953,0.7802293,0.1388888888888889
10954,0.7797951,0.2
10955,0.7386875,0.0
10956,0.8942571,0.0
10957,0.33679932,0.7616959064327485
10958,0.68623894,0.018867924528301886
10959,0.7294619,0.04929577464788732
10960,0.90246975,0.0
10961,0.8111182,0.2
10962,0.8043518,0.0625
10963,0.6486096,0.0
10964,0.8625691,0.125
10965,0.5630559,0.016666666666666666
10966,0.5652714,0.0033444816053511705
10967,0.36335608,0.0
10968,0.79489166,0.0
10969,0.68036675,0.0
10970,0.7044834,0.034482758620689655
10971,0.6806242,0.037037037037037035
10972,0.85490036,0.0
10973,0.93128663,0.011627906976744186
10974,0.54927975,0.02952029520295203
10975,0.36590165,0.0
10976,0.7699701,0.0
10977,0.9075789,0.125
10978,0.7881284,0.05454545454545454
10979,0.89738476,0.2222222222222222
10980,0.4579965,0.002621231979030144
10981,0.6885966,0.08333333333333333
10982,0.5886443,0.0
10983,0.89369154,0.18309859154929578
10984,0.29369724,0.0
10985,0.8752133,0.0
10986,0.6846679,0.17231638418079095
10987,0.8895049,0.23529411764705882
10988,0.82495904,0.1
10989,0.9247119,0.13333333333333333
10990,0.66095436,0.0
10991,0.2873698,0.0
10992,0.90794146,0.0
10993,0.27132872,0.0
10994,0.50294244,0.036414565826330535
10995,0.5783299,0.0006116207951070336
10996,0.33370736,0.02630005977286312
10997,0.654316,0.0
10998,0.17324165,0.25961127723195215
10999,0.8106621,0.043478260869565216
11000,0.6644034,0.0
11001,0.69758576,0.06593406593406594
11002,0.9387139,0.31756756756756754
11003,0.862611,0.0
11004,0.82436,0.05555555555555555
11005,0.71888876,0.25
11006,0.23072642,0.0
11007,0.88705516,0.1
11008,0.9681671,0.16216216216216217
11009,0.8404411,0.0
11010,0.8797293,0.16666666666666666
11011,0.7926951,0.0
11012,0.7202568,0.2
11013,0.18997443,0.483914059890905
11014,0.6910427,0.0
11015,0.22351798,0.0
11016,0.17705755,0.0
11017,0.7776431,0.2
11018,0.8971298,0.6923719958202716
11019,0.89561087,0.0
11020,0.7145081,0.0
11021,0.8673528,0.07142857142857142
11022,0.5902446,0.0
11023,0.7218293,0.0
11024,0.5003437,0.0
11025,0.82874966,0.0
11026,0.76535696,0.11837655016910936
11027,0.58057874,0.011997658993367149
11028,0.435646,0.0
11029,0.64206517,0.03225806451612903
11030,0.6418111,0.0708955223880597
11031,0.16204154,0.9187178545187362
11032,0.37794033,0.2690421706440013
11033,0.803115,0.005802707930367505
11034,0.7748087,0.0
11035,0.6772826,0.0
11036,0.83274466,0.0
11037,0.78272945,0.20588235294117646
11038,0.3160173,0.0753241407697057
11039,0.18766852,0.0
11040,0.39049697,0.0
11041,0.82817274,0.0
11042,0.2795763,0.0
11043,0.5990319,0.011235955056179775
11044,0.73902243,0.0
11045,0.6754734,0.0
11046,0.3601596,0.015463917525773196
11047,0.3029403,0.0735042735042735
11048,0.25022337,0.0
11049,0.2691466,0.0
11050,0.9027102,0.16666666666666666
11051,0.8746131,0.024390243902439025
11052,0.714108,0.0
11053,0.70699495,0.0
11054,0.78366137,0.0
11055,0.76245594,0.058823529411764705
11056,0.86254245,0.0
11057,0.9149969,0.0
11058,0.76911664,0.058823529411764705
11059,0.5964017,0.054878048780487805
11060,0.20724335,0.0
11061,0.8803204,0.1
11062,0.70734704,0.0
11063,0.50202614,0.08099062918340026
11064,0.8866093,0.0
11065,0.76224613,0.0
11066,0.8771544,0.0
11067,0.29609048,0.02729528535980149
11068,0.8709802,0.2903225806451613
11069,0.75861883,0.16080402010050251
11070,0.8104048,0.06666666666666667
11071,0.7641137,0.0
11072,0.8746192,0.0
11073,0.3009922,0.0
11074,0.54817295,0.02631578947368421
11075,0.89267296,0.029930928626247123
11076,0.6259519,0.04866180048661801
11077,0.14351352,0.8189567312146762
11078,0.8923221,0.046511627906976744
11079,0.53348017,0.0
11080,0.54874706,0.0448542237727386
11081,0.3161123,0.019138755980861243
11082,0.52178085,0.0
11083,0.2650283,0.0
11084,0.9049453,0.15384615384615385
11085,0.5571685,0.0
11086,0.22731595,0.0
11087,0.68582696,0.08695652173913043
11088,0.7075503,0.0
11089,0.53541446,0.0
11090,0.5005852,0.05785627283800244
11091,0.61143327,0.03126750046667911
11092,0.75061834,0.01904761904761905
11093,0.1611393,0.0
11094,0.9104316,0.15384615384615385
11095,0.7525486,0.13496932515337423
11096,0.43943724,0.0
11097,0.60441667,0.21428571428571427
11098,0.8568161,0.0
11099,0.8649551,0.06593406593406594
11100,0.34885126,0.0
11101,0.92948717,0.351027397260274
11102,0.21890758,0.0
11103,0.8395753,0.0
11104,0.7808731,0.125
11105,0.24820943,0.0078125
11106,0.37120238,0.0010294117647058824
11107,0.3181227,0.0
11108,0.7427322,0.0
11109,0.22217728,0.011363636363636364
11110,0.25765204,0.02702702702702703
11111,0.8223058,0.0
11112,0.4848026,0.0
11113,0.20845817,0.0
11114,0.37012145,0.0
11115,0.8769821,0.045454545454545456
11116,0.23963252,0.0
11117,0.47398308,0.11793214862681745
11118,0.22349946,0.10529157667386609
11119,0.70849955,0.05454545454545454
11120,0.8773718,0.0
11121,0.87953985,0.03125
11122,0.8643566,0.0
11123,0.25814873,0.0
11124,0.86259055,0.1111111111111111
11125,0.6567244,0.0
11126,0.6123117,0.0
11127,0.93453044,0.0
11128,0.7876019,0.0
11129,0.40424863,0.0
11130,0.23710348,0.5492898913951546
11131,0.7714349,0.0
11132,0.23408931,0.009852216748768473
11133,0.54513067,0.0
11134,0.57421947,0.03296703296703297
11135,0.8691782,0.0
11136,0.92821884,0.1
11137,0.4877896,0.0
11138,0.3577376,0.0
11139,0.42976242,0.0
11140,0.54898256,0.0
11141,0.305989,0.28717598908594816
11142,0.43545318,0.0008271298593879239
11143,0.79625857,0.04938271604938271
11144,0.2708175,0.14101929737753588
11145,0.7614448,0.0
11146,0.86269474,0.21428571428571427
11147,0.39411634,0.0
11148,0.6160991,0.0
11149,0.5786691,0.0
11150,0.22030291,0.28738317757009346
11151,0.15413837,0.0
11152,0.2067166,0.08657465495608532
11153,0.9040429,0.0
11154,0.18737374,0.0890787664505991
11155,0.9085334,0.0
11156,0.8662446,0.018867924528301886
11157,0.8226427,0.021341463414634148
11158,0.38292152,0.0
11159,0.22147289,0.0
11160,0.84675634,0.3333333333333333
11161,0.70744693,0.0
11162,0.7974925,0.0
11163,0.9275595,0.2967557251908397
11164,0.4318107,0.0
11165,0.89720863,0.0
11166,0.8055428,0.045454545454545456
11167,0.38111696,0.0
11168,0.8099674,0.0
11169,0.20807502,0.16675734494015235
11170,0.85289025,0.03125
11171,0.4744691,0.0
11172,0.8956051,0.0
11173,0.39874706,0.0
11174,0.64684546,0.0
11175,0.42723703,0.0
11176,0.87650687,0.125
11177,0.84681094,0.5
11178,0.9022119,0.1756198347107438
11179,0.84498256,0.0
11180,0.6202714,0.0
11181,0.6910887,0.0
11182,0.5480713,0.2759026687598116
11183,0.3807992,0.0
11184,0.84247524,0.0
11185,0.85942537,0.3
11186,0.8916998,0.0
11187,0.76516646,0.3125
11188,0.5950605,0.0
11189,0.749666,0.0
11190,0.7664524,0.1903485254691689
11191,0.46376958,0.0
11192,0.8374886,0.0
11193,0.6546365,0.0
11194,0.53319687,0.0
11195,0.85141367,0.01639344262295082
11196,0.71813506,0.0
11197,0.15409218,0.0
11198,0.8868024,0.14285714285714285
11199,0.55628324,0.0
11200,0.87455726,0.1572700296735905
11201,0.30192542,0.0
11202,0.5539968,0.01758401831235043
11203,0.23827147,0.0
11204,0.8550594,0.0
11205,0.80508965,0.0
11206,0.8763893,0.0
11207,0.4667676,0.0
11208,0.70501024,0.01818181818181818
11209,0.4263827,0.0
11210,0.938884,0.043478260869565216
11211,0.84041244,0.0
11212,0.52700144,0.1375
11213,0.32189167,0.05790645879732739
11214,0.17769095,0.0
11215,0.7976372,0.058823529411764705
11216,0.5157227,0.0
11217,0.4840114,0.04
11218,0.9367769,0.31693077564637195
11219,0.609235,0.015526315789473685
11220,0.47654927,0.0
11221,0.38620713,0.0
11222,0.37104177,0.0
11223,0.766056,0.08306709265175719
11224,0.38527077,0.011294765840220386
11225,0.85374343,0.09433962264150944
11226,0.8121749,0.09090909090909091
11227,0.71547997,0.045454545454545456
11228,0.46798158,0.0
11229,0.5274663,0.0
11230,0.27228847,0.0
11231,0.3174665,0.0017331022530329288
11232,0.5383518,0.0
11233,0.7628293,0.0
11234,0.5788052,0.0
11235,0.4700195,0.2777777777777778
11236,0.7638272,0.0
11237,0.27355635,0.8117690058479532
11238,0.7198233,0.0
11239,0.27133742,0.04043071921982934
11240,0.7762936,0.0
11241,0.88156635,0.0
11242,0.31167805,0.0061447428311333634
11243,0.8092459,0.0
11244,0.32049358,0.018014411529223378
11245,0.6655502,0.0
11246,0.15768838,0.021739130434782608
11247,0.21091746,0.0
11248,0.896738,0.3730496453900709
11249,0.36766773,0.49799518845228546
11250,0.86740553,0.0
11251,0.18715426,0.0
11252,0.38455042,0.007046632124352332
11253,0.5631775,0.09090909090909091
11254,0.44703227,0.04
11255,0.18541887,0.0
11256,0.21260987,0.0
11257,0.88395864,0.0
11258,0.29051644,0.0
11259,0.7800427,0.08695652173913043
11260,0.4839217,0.06666666666666667
11261,0.15231234,0.015932521087160263
11262,0.6297222,0.3333333333333333
11263,0.32400143,0.01616161616161616
11264,0.8496239,0.13043478260869565
11265,0.8631613,0.3333333333333333
11266,0.91126126,0.03125
11267,0.8223436,0.0
11268,0.9117436,0.0
11269,0.74159926,0.16666666666666666
11270,0.81034344,0.0
11271,0.32330957,0.0
11272,0.83852226,0.0
11273,0.55229753,0.0004897159647404506
11274,0.48254132,0.0
11275,0.16047901,0.859220153746411
11276,0.4931021,0.08962868117797695
11277,0.73684967,0.1111111111111111
11278,0.551453,0.0
11279,0.7590175,0.0
11280,0.83212733,0.0
11281,0.84561664,0.07468879668049792
11282,0.22182368,0.015625
11283,0.6751566,0.06832298136645963
11284,0.35966963,0.0
11285,0.18683499,0.44676787930869855
11286,0.39981753,0.0
11287,0.8298745,0.1411042944785276
11288,0.5917993,0.0003656641374897157
11289,0.25955066,0.0020833333333333333
11290,0.4477528,0.041666666666666664
11291,0.29012704,0.0
11292,0.8852964,0.0
11293,0.67766386,0.0
11294,0.6686789,0.015976555114388353
11295,0.7317535,0.06666666666666667
11296,0.63206655,0.0
11297,0.5589849,0.0
11298,0.23410006,0.0
11299,0.79702336,0.18421052631578946
11300,0.21598375,0.0
11301,0.6250106,0.0
11302,0.31545562,0.0
11303,0.3474346,0.0
11304,0.18425687,0.0
11305,0.30704355,0.09807073954983923
11306,0.8131645,0.13333333333333333
11307,0.94394666,0.3825726141078838
11308,0.3424931,0.11428571428571428
11309,0.6126685,0.0
11310,0.7474861,0.0
11311,0.446904,0.6470211988304093
11312,0.301958,0.006507592190889371
11313,0.38848743,0.0
11314,0.29904017,0.022727272727272728
11315,0.61169165,0.015622111295988167
11316,0.26375753,0.0
11317,0.5684606,0.047619047619047616
11318,0.9259444,0.0
11319,0.7385454,0.015873015873015872
11320,0.54350156,0.05
11321,0.8525834,0.16666666666666666
11322,0.51835537,0.08156606851549755
11323,0.64979756,0.0
11324,0.7768583,0.0
11325,0.30772325,0.16666666666666666
11326,0.22764997,0.0005238344683080147
11327,0.32263866,0.1644640234948605
11328,0.8488928,0.0
11329,0.27031025,0.0
11330,0.29743186,0.01430374421539756
11331,0.93054175,0.3783783783783784
11332,0.90749055,0.13559322033898305
11333,0.7022727,0.046875
11334,0.21685658,0.0
11335,0.21739656,0.014423076923076924
11336,0.50456136,0.0
11337,0.46430236,0.0
11338,0.899717,0.0
11339,0.8938963,0.29593373493975905
11340,0.86728436,0.21942446043165467
11341,0.42264524,0.00036720829890755534
11342,0.8382194,0.0
11343,0.4066877,0.0005122294788065053
11344,0.8060033,0.0
11345,0.9097237,0.08771929824561403
11346,0.23467052,0.0
11347,0.6724855,0.03571428571428571
11348,0.8227771,0.0
11349,0.24655457,0.00010025062656641604
11350,0.87094504,0.03125
11351,0.8016969,0.0
11352,0.31888053,0.0
11353,0.22736205,0.0
11354,0.26672354,0.0
11355,0.5895985,0.045638571954361426
11356,0.25764817,0.0
11357,0.6036086,0.0011485451761102604
11358,0.29262286,0.04183535762483131
11359,0.92321,0.30467289719626167
11360,0.25303027,0.0
11361,0.5322749,0.0
11362,0.8596374,0.0
11363,0.25637656,0.0
11364,0.77272826,0.0
11365,0.84525573,0.07242063492063493
11366,0.56081814,0.3216045038705137
11367,0.8656175,0.08163265306122448
11368,0.8057237,0.0
11369,0.69164664,0.015625
11370,0.82942635,0.10714285714285714
11371,0.6403507,0.0
11372,0.28090125,0.012461059190031152
11373,0.8354285,0.03571428571428571
11374,0.5631584,0.0
11375,0.566916,0.07275132275132275
11376,0.73540235,0.002197802197802198
11377,0.24118666,0.14423076923076922
11378,0.8391078,0.0
11379,0.816126,0.0
11380,0.74763554,0.12
11381,0.79960513,0.17365269461077845
11382,0.19956969,0.6773946360153257
11383,0.18483584,0.023809523809523808
11384,0.34004638,0.008695652173913044
11385,0.578079,0.0
11386,0.5220195,0.0
11387,0.556511,0.0
11388,0.30764169,0.0
11389,0.7853545,0.0
11390,0.50777835,0.0
11391,0.76461464,0.2222222222222222
11392,0.78514093,0.05357142857142857
11393,0.38663703,0.0020909566126502874
11394,0.34035942,0.06944444444444445
11395,0.44521356,0.01106538637402835
11396,0.62589437,0.03416856492027335
11397,0.878591,0.0
11398,0.18527086,0.0
11399,0.7414032,0.18660287081339713
11400,0.9069,0.0
11401,0.27346024,0.0
11402,0.71035975,0.0
11403,0.8863404,0.0
11404,0.50989383,0.0
11405,0.21348023,0.0
11406,0.8749137,0.0
11407,0.27040485,0.0
11408,0.24118362,0.0
11409,0.2697582,0.0
11410,0.50093603,0.01639344262295082
11411,0.5151189,0.02278919990091652
11412,0.38265237,0.0
11413,0.23686635,0.0003774653203736907
11414,0.7777698,0.0
11415,0.78406096,0.0
11416,0.87174064,0.0
11417,0.5413221,0.0
11418,0.32267067,0.00663716814159292
11419,0.6740074,0.0
11420,0.8906252,0.10588235294117647
11421,0.5411334,0.15789473684210525
11422,0.25870198,0.0
11423,0.3334364,0.5609466374269005
11424,0.32611525,0.0
11425,0.58592844,0.0
11426,0.40608022,0.0
11427,0.15558748,0.0
11428,0.34944722,0.0005282620179609086
11429,0.45697373,0.037037037037037035
11430,0.8668407,0.0
11431,0.87320226,0.12598425196850394
11432,0.8591829,0.09523809523809523
11433,0.63014066,0.0
11434,0.41774207,0.03508771929824561
11435,0.8875423,0.0
11436,0.1288878,0.0
11437,0.5073692,0.0
11438,0.86213493,0.0
11439,0.87857485,0.0
11440,0.53139096,0.0
11441,0.7820481,0.0
11442,0.8430622,0.0
11443,0.4127717,0.005763688760806916
11444,0.6169608,0.0
11445,0.2862416,0.3592221426867096
11446,0.87110037,0.0
11447,0.30675477,0.006242197253433208
11448,0.75437117,0.14893617021276595
11449,0.5367379,0.0
11450,0.8535742,0.0
11451,0.5997051,0.0936426116838488
11452,0.7406117,0.06771463119709795
11453,0.55527097,0.01124108938036922
11454,0.9114743,0.16417910447761194
11455,0.7757241,0.1111111111111111
11456,0.8259246,0.125
11457,0.17592746,0.6334665334665335
11458,0.9096301,0.1564245810055866
11459,0.88361114,0.23048327137546468
11460,0.3836391,0.014383989993746092
11461,0.44968417,0.03614457831325301
11462,0.81389886,0.0
11463,0.44479817,0.0
11464,0.6247754,0.025
11465,0.8658761,0.046875
11466,0.55543315,0.015606242496998799
11467,0.45521435,0.043802887008461924
11468,0.12761927,0.25699185201497465
11469,0.39918098,0.0005003752814610958
11470,0.713396,0.0
11471,0.39884737,0.019230769230769232
11472,0.8358381,0.06779661016949153
11473,0.4655542,0.0
11474,0.88845795,0.0
11475,0.7510012,0.0
11476,0.45387042,0.0
11477,0.53183526,0.01115275619343633
11478,0.334679,0.010526315789473684
11479,0.6974748,0.0
11480,0.8987262,0.0
11481,0.8338527,0.16666666666666666
11482,0.48922572,0.05104408352668213
11483,0.79257596,0.0
11484,0.90189165,0.0
11485,0.4872329,0.0
11486,0.4344491,0.024096385542168676
11487,0.5705101,0.0
11488,0.85880756,0.3247933884297521
11489,0.38658464,0.0
11490,0.7123025,0.04081632653061224
11491,0.61608195,0.015466276196577285
11492,0.34816045,0.0
11493,0.5145344,0.0893854748603352
11494,0.7956069,1.0
11495,0.47533032,0.0
11496,0.92613715,0.35165421558164356
11497,0.6651006,0.0
11498,0.9044093,0.02631578947368421
11499,0.90112567,0.17391304347826086
11500,0.6927331,0.0
11501,0.7548733,0.25
11502,0.25125808,0.0
11503,0.3715016,0.2192007797270955
11504,0.69188285,0.0
11505,0.38168326,0.0
11506,0.8169438,0.0
11507,0.5361957,0.015442251461988304
11508,0.22318968,0.0
11509,0.888038,0.0
11510,0.3170518,0.0
11511,0.26388067,0.0
11512,0.82016325,0.9132932166301969
11513,0.77204514,0.14285714285714285
11514,0.90529335,0.0
11515,0.87695855,0.017857142857142856
11516,0.20194481,0.009635321380656177
11517,0.34219074,0.0
11518,0.69578403,0.08849557522123894
11519,0.35501546,0.05714285714285714
11520,0.6182966,0.05755395683453238
11521,0.40046662,0.011300992282249173
11522,0.56454986,0.0003763643206624012
11523,0.24455932,0.0
11524,0.8980979,0.0
11525,0.83111453,0.06666666666666667
11526,0.73055494,0.0
11527,0.72154474,0.0
11528,0.66958725,0.022222222222222223
11529,0.448464,0.4929198361614979
11530,0.37854668,0.05263157894736842
11531,0.9380014,1.0
11532,0.8032721,0.030303030303030304
11533,0.22393799,0.0
11534,0.25716242,0.0
11535,0.6611185,0.0
11536,0.5695161,0.0
11537,0.9269976,0.1038961038961039
11538,0.918397,0.2
11539,0.8867736,0.17613636363636365
11540,0.17792487,0.0016307893020221786
11541,0.58387893,0.0
11542,0.24382682,0.003663003663003663
11543,0.2943423,0.0
11544,0.17248392,0.0
11545,0.5985159,0.015457788347205707
11546,0.32228243,0.003257328990228013
11547,0.5278358,0.05263157894736842
11548,0.80658954,0.0
11549,0.13494861,0.0
11550,0.46786675,0.013861386138613862
11551,0.8762497,0.0
11552,0.88859546,0.0
11553,0.1684471,0.0
11554,0.56021965,0.0
11555,0.7948285,0.21739130434782608
11556,0.27446142,0.02857142857142857
11557,0.73340815,0.07272727272727272
11558,0.3554056,0.18725490196078431
11559,0.95735735,0.5202757502027575
11560,0.8434833,0.1111111111111111
11561,0.20697452,0.011096605744125326
11562,0.77828103,0.17717717717717718
11563,0.73259825,0.0
11564,0.7337411,0.24150943396226415
11565,0.9025048,0.0
11566,0.2462743,0.05215123859191656
11567,0.7223998,0.0
11568,0.33571923,0.21724869766544472
11569,0.22129668,0.32536675410473137
11570,0.31302682,0.0
11571,0.22662295,0.00354924578527063
11572,0.90684,0.07692307692307693
11573,0.34995702,0.03219904866447128
11574,0.8160979,0.3157894736842105
11575,0.841109,0.2857142857142857
11576,0.35158658,0.0
11577,0.8401328,0.0
11578,0.43607664,0.0898876404494382
11579,0.5520031,0.056
11580,0.265812,0.004480955937266617
11581,0.82003,0.18181818181818182
11582,0.9254811,0.3333333333333333
11583,0.19655941,0.0
11584,0.5294477,0.03349282296650718
11585,0.9080387,0.14754098360655737
11586,0.26453367,0.00029994001199760045
11587,0.47313353,0.0
11588,0.8030644,0.027777777777777776
11589,0.7667261,0.0
11590,0.28684428,0.0
11591,0.5882264,0.0
11592,0.32255495,0.0
11593,0.35365492,0.0
11594,0.40691888,0.0
11595,0.19967902,0.0
11596,0.36673787,0.008928571428571428
11597,0.8480206,0.20175438596491227
11598,0.24818803,0.0
11599,0.2134819,0.0035087719298245615
11600,0.23498258,0.36392811296534017
11601,0.8444304,0.14285714285714285
11602,0.60803205,0.09738372093023256
11603,0.32480824,0.045454545454545456
11604,0.79234886,0.22727272727272727
11605,0.36303714,0.0
11606,0.4394434,0.0
11607,0.81844944,0.0
11608,0.60056174,0.2222222222222222
11609,0.8798609,0.0
11610,0.21940875,0.0
11611,0.24481444,0.0001707067258449983
11612,0.59338135,0.04
11613,0.9299546,0.052716514254975796
11614,0.8062874,0.0
11615,0.8580636,0.0
11616,0.78834146,0.0
11617,0.5884334,0.0
11618,0.50565606,0.0
11619,0.8061929,0.0
11620,0.86466074,0.05405405405405406
11621,0.7753961,0.1937984496124031
11622,0.8366205,0.0
11623,0.26670086,0.0
11624,0.28649902,0.0
11625,0.22240946,0.0035616763623412084
11626,0.27951175,0.0
11627,0.84525025,0.0
11628,0.399147,0.0
11629,0.23787719,0.0
11630,0.7447116,0.0
11631,0.8707005,0.0
11632,0.8813439,0.0
11633,0.49870455,0.0008952551477170994
11634,0.63614905,0.0
11635,0.26200452,0.06976744186046512
11636,0.8942945,0.0
11637,0.7288604,0.0
11638,0.13853951,0.11449631449631449
11639,0.5733228,0.06504065040650407
11640,0.8615931,0.2904761904761905
11641,0.6320164,0.1464968152866242
11642,0.5048964,0.0
11643,0.38229787,0.011228716060745512
11644,0.72922194,0.0
11645,0.35235286,0.0
11646,0.43626416,0.015873015873015872
11647,0.8616294,0.0
11648,0.8736813,0.0
11649,0.8160669,0.125
11650,0.47723433,0.00018284878405558602
11651,0.6718608,0.3422712933753943
11652,0.21906497,0.025157232704402517
11653,0.25700307,0.0
11654,0.85663664,0.17791411042944785
11655,0.5631268,0.0
11656,0.6290018,0.049689440993788817
11657,0.27669656,0.0
11658,0.3373124,0.018867924528301886
11659,0.7884815,0.0
11660,0.77071655,0.0
11661,0.5973336,0.2
11662,0.8196205,0.06172839506172839
11663,0.27254874,0.0
11664,0.60679126,0.0036968576709796672
11665,0.64070314,0.06504065040650407
11666,0.35503337,0.9801681593858527
11667,0.8533626,0.030303030303030304
11668,0.82156,0.25
11669,0.453669,0.0
11670,0.9562733,0.3164658634538153
11671,0.94210505,0.16019417475728157
11672,0.36880288,0.006316945893985169
11673,0.87301594,0.0
11674,0.51420283,0.14285714285714285
11675,0.803568,0.0
11676,0.72074574,0.0
11677,0.6658806,0.10526315789473684
11678,0.24610554,0.0
11679,0.87388235,0.20454545454545456
11680,0.15842803,0.30695940347970174
11681,0.8993934,0.0
11682,0.49013963,0.07207207207207207
11683,0.79193187,0.021897810218978103
11684,0.79656273,0.0
11685,0.5865591,0.0
11686,0.73324144,0.05813953488372093
11687,0.8210635,0.0
11688,0.74871117,0.016666666666666666
11689,0.30204082,0.059602649006622516
11690,0.82438105,0.0967741935483871
11691,0.8023473,0.02564102564102564
11692,0.8648558,0.0
11693,0.66243863,0.06666666666666667
11694,0.3368741,0.0
11695,0.62446404,0.0
11696,0.8263382,0.0
11697,0.30279386,0.06299212598425197
11698,0.74253094,0.0
11699,0.27502012,0.0
11700,0.8686995,0.06666666666666667
11701,0.8699482,0.0
11702,0.67466015,0.020512820512820513
11703,0.41395485,0.015864075847179197
11704,0.21564662,0.0
11705,0.833725,0.0
11706,0.19212538,0.017326732673267328
11707,0.8487567,0.5
11708,0.37852928,0.0014716703458425313
11709,0.90475214,0.0
11710,0.75850755,0.0
11711,0.2451447,0.4604554145663132
11712,0.8746712,0.0
11713,0.6834995,0.05504587155963303
11714,0.9377379,0.44197707736389685
11715,0.85229605,0.0
11716,0.85688245,0.0
11717,0.6855356,0.0
11718,0.870204,0.08333333333333333
11719,0.3665307,0.0
11720,0.5263737,0.0
11721,0.76321656,0.041666666666666664
11722,0.90544397,0.3062605752961083
11723,0.6747512,0.0
11724,0.32640693,0.008064516129032258
11725,0.8049648,0.16363636363636364
11726,0.40272972,0.0
11727,0.72536296,0.2
11728,0.66099584,0.028089887640449437
11729,0.62563974,0.0
11730,0.15580842,0.0
11731,0.35800278,0.01125858123569794
11732,0.22105362,0.0
11733,0.23214824,0.0005434044287460942
11734,0.37138903,0.024691358024691357
11735,0.74923354,0.0
11736,0.5770293,0.0
11737,0.9271939,0.37446808510638296
11738,0.83655906,0.0
11739,0.8111982,0.056818181818181816
11740,0.8099509,0.12631578947368421
11741,0.3839271,0.0
11742,0.814016,0.0
11743,0.74945706,0.10526315789473684
11744,0.28565285,0.0
11745,0.62313026,0.013317026769941568
11746,0.67471665,0.0006738544474393531
11747,0.9353084,0.27635327635327633
11748,0.90023565,0.577079107505071
11749,0.76909363,0.0
11750,0.5397433,0.529422514619883
11751,0.53817344,0.0
11752,0.20160414,0.04443019421033346
11753,0.7054329,0.0
11754,0.1764746,0.37640560268297496
11755,0.79981154,0.0
11756,0.28700596,0.0
11757,0.90082026,0.0
11758,0.85287106,0.0
11759,0.4002125,0.0
11760,0.41921622,0.0005056890012642225
11761,0.818707,0.0
11762,0.3082469,0.1297111416781293
11763,0.6965629,0.0
11764,0.89192533,0.0
11765,0.5208546,0.015443662615370557
11766,0.7274244,0.0
11767,0.2708625,0.0
11768,0.32143322,0.000496709300881659
11769,0.32189864,0.00018304960644334616
11770,0.3758434,0.0
11771,0.27743754,0.01282051282051282
11772,0.37219003,0.001717032967032967
11773,0.93251157,0.3805970149253731
11774,0.1805351,0.43314538864277086
11775,0.8103533,0.0
11776,0.6151818,0.0
11777,0.8128173,0.06535947712418301
11778,0.90784246,0.0
11779,0.23858503,0.0
11780,0.17051837,0.016260162601626018
11781,0.6941483,0.0
11782,0.36826962,0.02877697841726619
11783,0.67039156,0.02040816326530612
11784,0.22041735,0.0
11785,0.16354476,0.0
11786,0.6657089,0.05263157894736842
11787,0.64495623,0.08680555555555555
11788,0.42554528,0.0
11789,0.87692285,0.25
11790,0.2237904,0.0
11791,0.4208179,0.04406779661016949
11792,0.85915,0.0
11793,0.25038272,0.2196969696969697
11794,0.23640226,0.0
11795,0.58890074,0.0
11796,0.8786418,0.0
11797,0.8719925,0.0
11798,0.30921844,0.017646444606870627
11799,0.86916435,0.11764705882352941
11800,0.91244006,0.19399538106235567
11801,0.3752192,0.009751523675574308
11802,0.3172347,0.04604031280978081
11803,0.3613409,0.0
11804,0.79520035,0.0
11805,0.45054847,0.0
11806,0.7613735,0.21518987341772153
11807,0.14537583,0.0
11808,0.51623577,0.0
11809,0.79278636,0.0
11810,0.25314236,0.0
11811,0.7238501,0.0
11812,0.85060036,0.0
11813,0.74440116,0.0
11814,0.5667567,0.0015267175572519084
11815,0.2288331,0.0
11816,0.22652806,0.0
11817,0.57663596,0.0
11818,0.94312197,0.07420169997702734
11819,0.4635246,0.0
11820,0.5608651,0.0
11821,0.37496823,0.0
11822,0.9254192,0.1568627450980392
11823,0.34170136,0.0
11824,0.22639853,0.0
11825,0.8586917,0.0
11826,0.87776875,0.05555555555555555
11827,0.6866255,0.0
11828,0.83682996,0.044444444444444446
11829,0.83462894,0.10256410256410256
11830,0.41951245,0.0
11831,0.82372344,0.11764705882352941
11832,0.37710842,0.0
11833,0.32205737,0.06242480951744419
11834,0.24131356,0.0
11835,0.87189776,0.0
11836,0.52388597,0.0
11837,0.72944134,0.0
11838,0.2675053,0.0
11839,0.2820736,0.0
11840,0.63555485,0.0
11841,0.88583857,0.2
11842,0.15857258,0.561125366568915
11843,0.5266299,0.0
11844,0.30901822,0.0
11845,0.80739856,0.1
11846,0.48211145,0.1111111111111111
11847,0.4864561,0.015945330296127564
11848,0.23431447,0.14628040057224606
11849,0.8830809,0.0
11850,0.88929164,0.05555555555555555
11851,0.8358587,0.18584070796460178
11852,0.8611685,0.018867924528301886
11853,0.27290753,0.0
11854,0.47453114,0.0
11855,0.4694054,0.016320324379118095
11856,0.80810773,0.0
11857,0.73340046,0.1111111111111111
11858,0.30353203,0.00819672131147541
11859,0.8461174,0.0759493670886076
11860,0.80740756,0.0
11861,0.31784838,0.0645879732739421
11862,0.63182575,0.024390243902439025
11863,0.20851773,0.0
11864,0.8639884,0.0
11865,0.64075255,0.0
11866,0.30611843,0.0
11867,0.44732338,0.0
11868,0.24538848,0.0
11869,0.8653349,0.12571428571428572
11870,0.84129137,0.1320754716981132
11871,0.36156192,0.001692047377326565
11872,0.54917806,0.011334316255068191
11873,0.6310987,0.03333333333333333
11874,0.81946504,0.0
11875,0.7307053,0.02857142857142857
11876,0.89365315,0.0
11877,0.39210045,0.0
11878,0.6150248,0.5166700756800982
11879,0.36167958,0.02857142857142857
11880,0.73656684,0.16
11881,0.47330648,0.004694835680751174
11882,0.5638237,0.0
11883,0.5021436,0.16623376623376623
11884,0.8375712,0.0
11885,0.8456385,0.0
11886,0.73402804,0.02631578947368421
11887,0.37061483,0.06175457195865359
11888,0.29545483,0.0
11889,0.19483788,0.006711409395973154
11890,0.22463027,0.22932540419996283
11891,0.85423726,0.08333333333333333
11892,0.7298763,0.015873015873015872
11893,0.95776427,0.21065989847715735
11894,0.90417063,0.046511627906976744
11895,0.23614216,0.0
11896,0.82021004,0.0
11897,0.48096776,0.125
11898,0.46120328,0.0
11899,0.6081325,0.0
11900,0.8120782,0.1496437054631829
11901,0.44011974,0.9995431286549707
11902,0.3409928,0.0
11903,0.5917433,0.057971014492753624
11904,0.8216285,0.08536585365853659
11905,0.91861373,0.16017316017316016
11906,0.851386,0.3333333333333333
11907,0.18898578,0.0
11908,0.5689831,0.0
11909,0.8418095,0.10884353741496598
11910,0.20772372,0.13321533923303835
11911,0.8397954,0.0625
11912,0.5934668,0.0
11913,0.8095046,0.0
11914,0.921205,0.3143939393939394
11915,0.7404558,0.175
11916,0.80382854,0.06451612903225806
11917,0.7689643,0.03125
11918,0.29645166,0.04225352112676056
11919,0.18491581,0.8769877536099433
11920,0.8412453,0.11038961038961038
11921,0.6566445,0.05013192612137203
11922,0.7795952,0.125
11923,0.65379846,0.0
11924,0.6834853,0.0
11925,0.295579,0.0392156862745098
11926,0.2563645,0.04635603345280764
11927,0.34504578,0.0043859649122807015
11928,0.48754472,0.024509803921568627
11929,0.52864486,0.015586092409849673
11930,0.5605648,0.06549707602339182
11931,0.46763438,0.023728813559322035
11932,0.6568251,0.0
11933,0.8330241,0.0
11934,0.15579255,0.0
11935,0.43513623,0.0
11936,0.8801744,0.0
11937,0.7957051,0.0
11938,0.8018785,0.03519061583577713
11939,0.7228917,0.1
11940,0.37876666,0.0
11941,0.87128717,0.1
11942,0.85466737,0.19444444444444445
11943,0.55658853,0.125
11944,0.9386957,0.14583333333333334
11945,0.34747258,0.0
11946,0.42586365,0.0
11947,0.26966104,0.17092768444119796
11948,0.71460146,0.3333333333333333
11949,0.5317759,0.06666666666666667
11950,0.3602773,0.0
11951,0.84027284,0.0
11952,0.85340464,0.0
11953,0.48092547,0.012074643249176729
11954,0.3460799,0.04113475177304964
11955,0.41238064,0.013304488912925906
11956,0.7402089,0.0
11957,0.13920215,0.0
11958,0.55868745,0.08395061728395062
11959,0.7374959,0.041666666666666664
11960,0.9008532,0.0
11961,0.8802017,0.23017902813299232
11962,0.60797715,9.196247930844215e-05
11963,0.21529381,0.0
11964,0.85433626,0.23768272874932322
11965,0.20340462,0.056338028169014086
11966,0.8540169,0.12121212121212122
11967,0.46339437,0.0
11968,0.9230796,0.0
11969,0.66810733,0.0
11970,0.20665662,0.0
11971,0.30479553,0.0
11972,0.69075733,0.0
11973,0.33304915,0.07386609071274298
11974,0.9237854,0.14285714285714285
11975,0.81961775,0.0
11976,0.22321329,0.03607503607503607
11977,0.8322148,0.0
11978,0.70933914,0.0
11979,0.19813642,0.016129032258064516
11980,0.8590435,0.1111111111111111
11981,0.6887122,0.2836946277097078
11982,0.909028,0.0
11983,0.61372346,0.0
11984,0.4584263,0.011239035087719298
11985,0.9140354,0.0
11986,0.46341082,0.07246376811594203
11987,0.8269422,0.0
11988,0.7874336,0.0
11989,0.3085955,0.0
11990,0.8023666,0.17391304347826086
11991,0.83723927,0.0
11992,0.82103145,0.0
11993,0.71971226,0.0
11994,0.5521769,0.0
11995,0.5306854,0.04424778761061947
11996,0.9052768,0.0
11997,0.7751143,0.0011607661056297156
11998,0.4446519,0.0
11999,0.41222093,0.017432646592709985
12000,0.6570965,0.0
12001,0.9178559,0.35362578334825423
12002,0.4428778,0.2345075016307893
12003,0.18902402,0.88570902733045
12004,0.912273,0.0
12005,0.9033984,0.142570281124498
12006,0.92824376,0.14634146341463414
12007,0.7416584,0.0
12008,0.2923072,0.005319148936170213
12009,0.7558238,0.0
12010,0.7379575,0.0
12011,0.37045068,0.0007226738934056008
12012,0.3568745,0.0
12013,0.23747836,0.0
12014,0.78494895,0.08996539792387544
12015,0.2264717,0.09017384029004369
12016,0.23650834,0.0
12017,0.20245811,0.0
12018,0.5996403,0.0
12019,0.20480855,0.36683369575493996
12020,0.43389952,0.0
12021,0.8748847,0.14285714285714285
12022,0.39282984,0.008928571428571428
12023,0.4307871,0.0
12024,0.6631318,0.05928853754940711
12025,0.33736828,0.012329459322890349
12026,0.8214712,0.0
12027,0.8333345,0.0
12028,0.6185475,0.011254460609387867
12029,0.58208615,0.023255813953488372
12030,0.9307425,0.23493975903614459
12031,0.85371953,0.0
12032,0.8831642,0.08333333333333333
12033,0.24949689,0.0
12034,0.5653263,0.0
12035,0.8249508,0.16279069767441862
12036,0.49836552,0.0
12037,0.8865629,0.0
12038,0.8699915,0.0
12039,0.66530484,0.1111111111111111
12040,0.88463235,0.0
12041,0.3341178,0.0
12042,0.5715447,0.5087223008015087
12043,0.8384346,0.03571428571428571
12044,0.90620774,0.08771929824561403
12045,0.6331382,0.0
12046,0.88622415,0.14548641542506574
12047,0.4811562,0.0
12048,0.22916809,0.24161073825503357
12049,0.917282,0.2504258943781942
12050,0.29859337,0.0
12051,0.47544882,0.00021070375052675939
12052,0.6803738,0.08883248730964467
12053,0.7120832,0.045454545454545456
12054,0.17231973,0.02358490566037736
12055,0.9153327,0.16666666666666666
12056,0.35568494,0.0
12057,0.24752557,0.0
12058,0.38654843,0.1066379840196681
12059,0.43269515,0.0
12060,0.7939606,0.09090909090909091
12061,0.22197308,0.0
12062,0.22619067,0.9202420242024203
12063,0.37142336,0.0
12064,0.23608956,0.006535947712418301
12065,0.46766698,0.016209476309226933
12066,0.86129004,0.0
12067,0.23550104,0.0
12068,0.8991989,0.3333333333333333
12069,0.8857851,0.175
12070,0.3938913,0.3415233415233415
12071,0.9096625,0.7508802816901409
12072,0.12483993,0.0
12073,0.790712,0.1
12074,0.6171127,0.0
12075,0.827572,0.0625
12076,0.77519375,0.0
12077,0.937572,0.324773413897281
12078,0.68761927,0.09375
12079,0.276201,0.0
12080,0.79871875,0.09523809523809523
12081,0.67086643,0.0
12082,0.86218274,0.0
12083,0.5373334,0.0
12084,0.59808123,0.07777777777777778
12085,0.8816947,0.0
12086,0.8561062,0.0
12087,0.28071097,0.012476742913428915
12088,0.15909551,0.0
12089,0.71226096,0.0
12090,0.4769818,0.0002672367717797969
12091,0.45145276,0.03133202099737533
12092,0.7516931,0.0
12093,0.8804709,0.0
12094,0.8666653,0.0
12095,0.82991946,0.0
12096,0.4120674,0.014198782961460446
12097,0.62744737,0.04586894586894587
12098,0.43888134,0.0
12099,0.52123874,0.15018773466833543
12100,0.4204043,0.06115107913669065
12101,0.19876821,0.005649717514124294
12102,0.17812689,0.014352941176470587
12103,0.93081576,0.07692307692307693
12104,0.30708253,0.0
12105,0.8619558,0.1596312469674915
12106,0.81874686,0.05
12107,0.8614975,0.24479166666666666
12108,0.5276456,0.0
12109,0.43872952,0.0
12110,0.16624036,0.0
12111,0.38791308,0.0005068423720223011
12112,0.913751,0.11194029850746269
12113,0.31128016,0.004326979300666589
12114,0.7698689,0.01639344262295082
12115,0.6892525,0.10423452768729642
12116,0.4500151,0.06666666666666667
12117,0.51627356,0.011494252873563218
12118,0.6245994,0.011239035087719298
12119,0.39593747,0.007246376811594203
12120,0.82593405,0.08571428571428572
12121,0.77257055,0.08571428571428572
12122,0.20152262,0.0
12123,0.9235167,0.8997917148808147
12124,0.86913383,0.09523809523809523
12125,0.71962374,0.03015075376884422
12126,0.64987606,0.0
12127,0.3863669,0.04950495049504951
12128,0.14767909,0.0
12129,0.8743754,0.20217729393468117
12130,0.9275273,0.040163540163540165
12131,0.52144486,0.009716981132075472
12132,0.5964173,0.0
12133,0.85684615,0.16071428571428573
12134,0.6196908,0.0
12135,0.172268,0.418724400234055
12136,0.40728113,0.009533898305084746
12137,0.44743675,0.0002552974214960429
12138,0.25684452,0.03125
12139,0.3655763,0.7832023943135055
12140,0.2087574,0.0
12141,0.80095804,0.0
12142,0.89972943,0.0
12143,0.2839617,0.014084507042253521
12144,0.7405995,0.0
12145,0.47806016,0.0
12146,0.7184667,0.05063291139240506
12147,0.51621187,0.13965406790518897
12148,0.7081378,0.16666666666666666
12149,0.29635242,0.9434186471663619
12150,0.71232724,0.19626168224299065
12151,0.29496214,0.012448132780082987
12152,0.4161601,0.0
12153,0.8447611,0.0
12154,0.49135193,0.011239035087719298
12155,0.31978923,0.010309278350515464
12156,0.5284249,0.06666666666666667
12157,0.21842715,0.04
12158,0.35098583,0.024193548387096774
12159,0.9118303,0.192
12160,0.9311286,0.23425692695214106
12161,0.69326234,0.0
12162,0.778373,0.0
12163,0.24174818,0.0316622691292876
12164,0.18977515,0.9740497076023392
12165,0.50305605,0.29504373177842563
12166,0.2244945,0.24637174331176778
12167,0.2695231,0.0
12168,0.2649675,0.16758933064921994
12169,0.2500517,0.03153153153153153
12170,0.26075736,0.08
12171,0.26382503,0.0
12172,0.38740325,0.011976047904191617
12173,0.29541808,0.0
12174,0.18138416,0.0
12175,0.65350294,0.0
12176,0.21752155,0.0
12177,0.32235456,0.058823529411764705
12178,0.8208303,0.051238738738738736
12179,0.8866743,0.0
12180,0.60165966,0.0
12181,0.76031095,0.0
12182,0.33513382,0.011087693576468433
12183,0.9049036,0.24719101123595505
12184,0.43053883,0.0008353055826256439
12185,0.537321,0.13043478260869565
12186,0.84511864,0.07983193277310924
12187,0.8564128,0.2
12188,0.3568269,0.0
12189,0.5439367,0.0
12190,0.27515435,0.0
12191,0.65880066,0.0
12192,0.4670102,0.0003629105425512611
12193,0.3496302,0.0
12194,0.66742396,0.05263157894736842
12195,0.6588586,0.0007838526357044876
12196,0.80705374,0.0
12197,0.8596192,0.0
12198,0.6061148,0.0
12199,0.73730594,0.0
12200,0.2026184,0.0
12201,0.45409438,0.024390243902439025
12202,0.26983246,0.02586206896551724
12203,0.78842795,0.0
12204,0.87079364,0.0
12205,0.9148631,0.0
12206,0.46595496,0.0
12207,0.3857342,0.08108108108108109
12208,0.80013055,0.23076923076923078
12209,0.74705845,0.0
12210,0.5603565,0.05551651440618412
12211,0.5975418,0.08920539730134933
12212,0.36088425,0.0
12213,0.82567835,0.017857142857142856
12214,0.86998636,0.11764705882352941
12215,0.85812134,0.18181818181818182
12216,0.77749807,0.0
12217,0.26356763,0.0
12218,0.78406435,0.0
12219,0.2747653,0.0020429009193054137
12220,0.8255952,0.10416666666666667
12221,0.2913132,0.037488106565176024
12222,0.93791753,0.276307295029051
12223,0.86599034,0.16129032258064516
12224,0.8972046,0.22758620689655173
12225,0.9272893,0.09180327868852459
12226,0.36765584,0.0
12227,0.88463235,0.025
12228,0.87626237,0.0
12229,0.29024827,0.0
12230,0.7590634,0.0
12231,0.5251868,0.019801980198019802
12232,0.9236899,0.08823529411764706
12233,0.3220623,0.041666666666666664
12234,0.8963598,0.0
12235,0.2891278,0.025
12236,0.86423355,0.0
12237,0.87181956,0.0
12238,0.75893044,0.0
12239,0.87717396,0.0
12240,0.92624193,0.38721804511278196
12241,0.82143134,0.0
12242,0.7246202,0.0
12243,0.6655782,0.13186813186813187
12244,0.36566934,0.0
12245,0.2334946,0.0
12246,0.1876389,0.0
12247,0.84477645,0.10655737704918032
12248,0.42049354,0.0
12249,0.63691556,0.058823529411764705
12250,0.6068477,0.010626225110904776
12251,0.7773175,0.05263157894736842
12252,0.28287563,0.07894736842105263
12253,0.21274458,0.009588268471517203
12254,0.45090497,0.0
12255,0.48130018,0.0004042854255104103
12256,0.74061704,0.0
12257,0.39176118,0.050359712230215826
12258,0.8875556,0.37116564417177916
12259,0.15168647,0.021869077124945326
12260,0.9103445,0.0
12261,0.85020465,0.5
12262,0.6425967,0.0
12263,0.6949653,0.11510791366906475
12264,0.5199493,0.0110613401590639
12265,0.25156066,0.0
12266,0.21231724,0.0
12267,0.8464413,0.2851063829787234
12268,0.3209093,0.4435469395081673
12269,0.8886842,0.0
12270,0.3589831,0.0
12271,0.57071203,0.0
12272,0.7788624,0.008928571428571428
12273,0.8535161,0.0
12274,0.8297419,0.0
12275,0.7312863,0.07407407407407407
12276,0.77202135,0.3
12277,0.82493865,0.3333333333333333
12278,0.9030172,0.0
12279,0.84685016,0.3401015228426396
12280,0.8680514,0.09090909090909091
12281,0.6412822,0.0
12282,0.914355,0.0
12283,0.8319901,0.15228426395939088
12284,0.8887529,0.3151515151515151
12285,0.43481946,0.0
12286,0.34708443,0.04909090909090909
12287,0.3729018,0.0
12288,0.19326214,0.0
12289,0.8239918,0.23853211009174313
12290,0.27004462,0.0027397260273972603
12291,0.59863013,0.0
12292,0.9302979,0.3780407626561473
12293,0.6033317,0.07825370675453047
12294,0.17156333,0.0057692307692307696
12295,0.7086377,0.0005592841163310962
12296,0.48519444,0.0
12297,0.8953457,0.0
12298,0.85362875,0.125
12299,0.75362056,0.18518518518518517
12300,0.5632307,0.0
12301,0.84673387,0.0
12302,0.25555438,0.17427772600186392
12303,0.8526068,0.0
12304,0.73450446,0.10526315789473684
12305,0.5396118,0.03571428571428571
12306,0.9266012,0.08710801393728224
12307,0.9168922,0.2
12308,0.9002696,0.0
12309,0.8817875,0.2
12310,0.21163175,0.10934489402697495
12311,0.6747788,0.24607329842931938
12312,0.5997677,0.0
12313,0.6027471,0.07142857142857142
12314,0.680059,0.015442251461988304
12315,0.9022987,0.12
12316,0.78503287,0.1111111111111111
12317,0.513162,0.0
12318,0.939431,0.11428571428571428
12319,0.77299774,0.06818181818181818
12320,0.21302253,0.5476059438635112
12321,0.7492331,0.0
12322,0.8365922,0.05263157894736842
12323,0.32743725,0.0
12324,0.7202364,0.0
12325,0.45404875,0.0
12326,0.8075681,0.06593406593406594
12327,0.42325,0.26219002507662303
12328,0.3572467,0.0
12329,0.8187503,0.09933774834437085
12330,0.48890492,0.01268754405397241
12331,0.84036356,0.3188010899182561
12332,0.36039543,0.2972871137905049
12333,0.8964277,0.0
12334,0.22084272,0.0
12335,0.5832853,0.05714285714285714
12336,0.65845376,0.0
12337,0.6619776,0.0008990110878034162
12338,0.8900009,0.09803921568627451
12339,0.12887192,0.1372154675930158
12340,0.9007845,0.2222222222222222
12341,0.52680343,0.07268464243845252
12342,0.5867108,0.0
12343,0.13712205,0.0
12344,0.27930188,0.028846153846153848
12345,0.6035311,0.0
12346,0.4916413,0.01462735082423961
12347,0.720188,0.0
12348,0.17604913,0.0
12349,0.5622887,0.08024691358024691
12350,0.8794012,0.04285714285714286
12351,0.8943451,0.0
12352,0.8360139,0.029411764705882353
12353,0.34821492,0.0
12354,0.7007417,0.02654867256637168
12355,0.85635525,0.0
12356,0.73193514,0.0
12357,0.43975624,0.0
12358,0.36296552,0.0
12359,0.20877025,0.0
12360,0.5519531,0.07692307692307693
12361,0.9008156,0.05405405405405406
12362,0.6031817,0.007594936708860759
12363,0.91864735,0.13978494623655913
12364,0.69722956,0.0
12365,0.39754856,0.0
12366,0.8302399,0.1891891891891892
12367,0.8824094,0.0
12368,0.8367629,0.21046892039258452
12369,0.13758889,0.0
12370,0.8937803,0.1
12371,0.79896504,0.0
12372,0.73375756,0.16923076923076924
12373,0.8121413,0.0
12374,0.8468551,0.06666666666666667
12375,0.74250054,0.0
12376,0.74628675,0.04310344827586207
12377,0.7669054,0.0
12378,0.89851063,0.125
12379,0.45619288,0.08829568788501027
12380,0.20048451,0.0010649627263045794
12381,0.67312694,0.0
12382,0.6407077,0.009384775808133473
12383,0.3216165,0.0
12384,0.1674839,0.0
12385,0.44975314,0.021101449275362318
12386,0.7840517,0.0
12387,0.76465696,0.13333333333333333
12388,0.6290806,0.0
12389,0.5063439,0.2057356608478803
12390,0.31802568,0.0
12391,0.24681117,0.0
12392,0.92440206,0.25961538461538464
12393,0.9227649,0.0
12394,0.89273363,0.18
12395,0.94852334,0.38922155688622756
12396,0.82733476,0.09090909090909091
12397,0.38097718,0.0005969555268132525
12398,0.655447,0.008064516129032258
12399,0.65495765,0.07262569832402235
12400,0.22709973,0.0
12401,0.4821225,0.0
12402,0.717009,0.0
12403,0.29633945,0.021929824561403508
12404,0.8488903,0.0
12405,0.4308125,0.0
12406,0.5418834,0.11772315653298836
12407,0.725256,0.12857142857142856
12408,0.72125757,0.0
12409,0.42734382,0.0005599731212901781
12410,0.5472588,0.0
12411,0.1837055,0.004796163069544364
12412,0.8368597,0.06666666666666667
12413,0.1333937,0.0
12414,0.4075657,0.01639344262295082
12415,0.2487176,0.5294278925242186
12416,0.302537,0.041666666666666664
12417,0.84117657,0.0
12418,0.2539852,0.0011363636363636363
12419,0.2013219,0.9084074447602457
12420,0.5393786,0.019417475728155338
12421,0.8712154,0.12621023513139695
12422,0.12956536,0.0008257638315441783
12423,0.4891979,0.0
12424,0.5869924,0.041666666666666664
12425,0.8485599,0.20253164556962025
12426,0.88585657,0.0
12427,0.26119876,0.011331183786273607
12428,0.45943692,0.0006038647342995169
12429,0.19528316,0.017543859649122806
12430,0.5553987,0.03571428571428571
12431,0.9091967,0.03571428571428571
12432,0.88674253,0.42857142857142855
12433,0.85023445,0.2169811320754717
12434,0.8376203,0.19053398058252427
12435,0.7958285,0.0
12436,0.9233108,0.0625
12437,0.8735831,0.0
12438,0.61916655,0.0
12439,0.8224477,0.0
12440,0.8179323,0.0
12441,0.93592787,0.15405405405405406
12442,0.8399205,0.0
12443,0.3978095,0.0
12444,0.57421917,0.42505353319057815
12445,0.833693,0.0
12446,0.29294643,0.9363419556044762
12447,0.6216224,0.06666666666666667
12448,0.3828405,0.03508771929824561
12449,0.54070526,0.16686251468860164
12450,0.874644,0.0031446540880503146
12451,0.49520257,0.19096626643796455
12452,0.65693194,0.0
12453,0.83571917,0.0
12454,0.3745804,0.0
12455,0.7871692,0.10714285714285714
12456,0.7468719,0.10227272727272728
12457,0.6756088,0.1095890410958904
12458,0.9311359,0.0
12459,0.36945704,0.005697050938337802
12460,0.40565723,0.00037019898195279964
12461,0.17200695,0.0
12462,0.832062,0.23497267759562843
12463,0.91380143,0.10305343511450382
12464,0.3676574,0.0
12465,0.9412941,0.03508771929824561
12466,0.81770504,0.0
12467,0.25773498,0.0
12468,0.81834525,0.09549071618037135
12469,0.42301217,0.7042326668397819
12470,0.57850987,0.0
12471,0.21484528,0.0
12472,0.90161264,0.20105820105820105
12473,0.6656802,0.0
12474,0.28115848,0.07222940922811556
12475,0.65433794,0.0
12476,0.7576033,0.0
12477,0.46125355,0.0
12478,0.19841684,0.011494252873563218
12479,0.2690297,0.002477291494632535
12480,0.9494023,0.6215864759427828
12481,0.92967397,0.0625
12482,0.13248137,0.0
12483,0.5667381,0.0
12484,0.2837795,0.03377821716922063
12485,0.80516976,0.0
12486,0.69537675,0.12365591397849462
12487,0.8246661,0.2245810055865922
12488,0.8373646,0.0
12489,0.85599786,0.11124121779859485
12490,0.2094761,0.029850746268656716
12491,0.92694217,0.15384615384615385
12492,0.7774986,0.0
12493,0.8246261,0.12598425196850394
12494,0.18088959,0.6462800671266082
12495,0.8044607,0.625
12496,0.17974482,0.0
12497,0.59036285,0.0013271400132714001
12498,0.7914338,0.5
12499,0.52334654,0.025477707006369428
12500,0.79851,0.0
12501,0.2873873,0.04112670022491164
12502,0.8458271,0.0
12503,0.43279544,0.0
12504,0.79560775,0.05263157894736842
12505,0.81523854,0.1111111111111111
12506,0.36383376,0.0
12507,0.43273205,0.0
12508,0.42584136,0.018867924528301886
12509,0.31256437,0.0
12510,0.8454274,0.05873261205564142
12511,0.2267687,0.0
12512,0.78612125,0.295
12513,0.32422307,0.9759663711961984
12514,0.84610105,0.0
12515,0.5925733,0.0
12516,0.36687106,0.0
12517,0.938984,0.3152664859981933
12518,0.35734582,0.06770833333333333
12519,0.5044227,0.0
12520,0.5783842,0.0
12521,0.2542413,0.0
12522,0.87221265,0.0
12523,0.170192,0.0
12524,0.69673455,0.0
12525,0.8636831,0.0
12526,0.78496754,0.2222222222222222
12527,0.7565993,0.0
12528,0.7317214,0.0
12529,0.30766782,0.0
12530,0.17588346,0.3792581377744133
12531,0.18822859,0.004694835680751174
12532,0.6273475,0.09090909090909091
12533,0.55254203,0.0
12534,0.20410223,0.000251004016064257
12535,0.5075936,0.0064516129032258064
12536,0.8471649,0.0
12537,0.698427,0.0
12538,0.364226,0.02631578947368421
12539,0.918194,0.0
12540,0.4606333,0.0
12541,0.66963,0.0
12542,0.9225493,0.0
12543,0.86877686,0.18594104308390022
12544,0.37354478,0.0010685391543275836
12545,0.7798711,0.0
12546,0.75570405,0.0
12547,0.57308483,0.10256410256410256
12548,0.40557945,0.015557396667587223
12549,0.3713681,0.0
12550,0.6784796,0.01780821917808219
12551,0.7484724,0.0
12552,0.7923308,0.03571428571428571
12553,0.6588554,0.015812125748502995
12554,0.7581443,0.28634361233480177
12555,0.2924512,0.0589590050667895
12556,0.88991165,0.1649048625792812
12557,0.6617192,0.0
12558,0.69425005,0.0
12559,0.19549541,0.540337224383917
12560,0.765956,0.05
12561,0.29925647,0.0
12562,0.13637821,0.0
12563,0.6867045,0.0
12564,0.6529342,0.15942028985507245
12565,0.11892609,0.07505245088689681
12566,0.59401786,0.06666666666666667
12567,0.2559578,0.028797696184305256
12568,0.52379346,0.0
12569,0.231609,0.0
12570,0.7351522,0.0
12571,0.8809274,0.0
12572,0.8488981,0.11851851851851852
12573,0.23209506,0.0
12574,0.7629476,0.04
12575,0.1740637,0.07717201891959173
12576,0.8517807,0.0
12577,0.78766495,0.0
12578,0.93435866,0.17543859649122806
12579,0.7860443,0.029850746268656716
12580,0.7277441,0.013691128148959474
12581,0.40683326,0.0
12582,0.90129817,0.13043478260869565
12583,0.77695894,0.10526315789473684
12584,0.20967384,0.0
12585,0.7489692,0.0
12586,0.82566094,0.0
12587,0.7379613,0.0
12588,0.5861782,0.0
12589,0.37785625,0.0473186119873817
12590,0.78348607,0.0
12591,0.25515386,0.06818181818181818
12592,0.4075917,0.0
12593,0.71465683,0.0
12594,0.8659513,0.16666666666666666
12595,0.6075787,0.0
12596,0.2365763,0.0
12597,0.27021408,0.0
12598,0.42926496,0.0
12599,0.15488039,0.19654399155784197
12600,0.90155727,0.0
12601,0.8958389,0.0
12602,0.20736337,0.008097165991902834
12603,0.23027794,0.004479283314669653
12604,0.40379992,0.0023752969121140144
12605,0.8483494,0.05063291139240506
12606,0.87370205,0.0
12607,0.64804834,0.0
12608,0.2697163,0.0
12609,0.3225211,0.0
12610,0.19178419,0.09575863576738085
12611,0.64602286,0.0
12612,0.41356313,0.0
12613,0.8085438,0.0
12614,0.9488918,0.5005838847800701
12615,0.7660121,0.0
12616,0.6612178,0.0
12617,0.91878486,0.029850746268656716
12618,0.9274001,0.0
12619,0.3739922,0.07894736842105263
12620,0.9274975,0.0
12621,0.8739431,0.22857142857142856
12622,0.82067084,0.0
12623,0.8358552,0.0
12624,0.19515954,0.2521961932650073
12625,0.34923956,0.11764705882352941
12626,0.9270501,0.0
12627,0.833595,0.1388888888888889
12628,0.71775633,0.0
12629,0.24584231,0.008888888888888889
12630,0.8902355,0.07142857142857142
12631,0.5991198,0.0
12632,0.4770503,0.027964707641692836
12633,0.8848001,0.0
12634,0.8005188,0.0
12635,0.41466555,0.21502277586687737
12636,0.32501936,0.0
12637,0.80490935,0.0967741935483871
12638,0.7174283,0.02702702702702703
12639,0.40134564,0.017522032141005704
12640,0.19539264,0.0
12641,0.8782258,0.0
12642,0.16969854,0.0
12643,0.21865998,0.0
12644,0.86545724,0.0
12645,0.78624314,0.0594059405940594
12646,0.85703844,0.25100401606425704
12647,0.8476072,0.07142857142857142
12648,0.19870873,0.0
12649,0.82076025,0.0
12650,0.9105338,0.18092105263157895
12651,0.67815536,0.0
12652,0.74533826,0.0
12653,0.24912211,0.019490254872563718
12654,0.5664653,0.09044943820224718
12655,0.8005318,0.0
12656,0.8392937,0.06451612903225806
12657,0.79981595,0.17142857142857143
12658,0.8615344,0.15
12659,0.7985246,0.13186813186813187
12660,0.8530157,0.08139534883720931
12661,0.18812343,0.24444647591187493
12662,0.26193184,0.0
12663,0.49954197,0.0
12664,0.7604174,0.0
12665,0.25801215,0.2836624775583483
12666,0.29255822,0.0
12667,0.6032863,0.0
12668,0.8735313,0.0
12669,0.32752407,0.16165413533834586
12670,0.7559186,0.08571428571428572
12671,0.7693503,0.216793893129771
12672,0.8549526,0.0
12673,0.42744324,0.0025069637883008357
12674,0.72668463,0.06896551724137931
12675,0.5607696,0.04285714285714286
12676,0.5470721,0.05
12677,0.91957164,0.008830022075055188
12678,0.8420315,0.0
12679,0.18192619,0.0
12680,0.48011196,0.02631578947368421
12681,0.49751982,0.0
12682,0.69701004,0.0
12683,0.5122199,0.0
12684,0.8483711,0.0
12685,0.73154616,0.05357142857142857
12686,0.77897567,0.16666666666666666
12687,0.45499748,0.0
12688,0.78836364,0.19230769230769232
12689,0.89230675,0.0
12690,0.8741919,0.0
12691,0.25594643,0.0
12692,0.7839961,0.18571428571428572
12693,0.7990578,0.0
12694,0.9140836,0.05
12695,0.8444836,0.10526315789473684
12696,0.26039574,0.0
12697,0.9079666,0.423728813559322
12698,0.2610392,0.014285714285714285
12699,0.40702492,0.011659541391371939
12700,0.69126344,0.23636363636363636
12701,0.85311604,0.0
12702,0.17852128,0.0
12703,0.6489053,0.07692307692307693
12704,0.2884327,0.0
12705,0.32351887,0.4807990690457719
12706,0.2811031,0.9419773391812866
12707,0.829522,0.47704485488126647
12708,0.91671824,0.12723214285714285
12709,0.7135407,0.0
12710,0.26242965,0.0
12711,0.2858686,0.7717082990209534
12712,0.58281934,0.0
12713,0.4440247,0.0
12714,0.80992734,0.0
12715,0.46225145,0.017804154302670624
12716,0.96877444,0.4163775156141568
12717,0.8498754,0.0
12718,0.8354135,0.11904761904761904
12719,0.47686023,0.0
12720,0.68683714,0.08695652173913043
12721,0.7081053,0.0
12722,0.7754905,0.2438938053097345
12723,0.45627546,0.015563127359793719
12724,0.58177525,0.06001765225066196
12725,0.848541,0.0
12726,0.76717615,0.15384615384615385
12727,0.22027032,0.0015455950540958269
12728,0.9051941,0.0
12729,0.5346957,0.0
12730,0.26379025,0.0
12731,0.8256848,0.0
12732,0.76383495,0.0
12733,0.7994662,0.01
12734,0.19741978,0.0196078431372549
12735,0.8765474,0.03759398496240601
12736,0.2946686,0.011235955056179775
12737,0.23871431,0.53006416131989
12738,0.8346457,0.09523809523809523
12739,0.4443045,0.0
12740,0.8577031,0.1388888888888889
12741,0.50538206,0.08282208588957055
12742,0.34178597,0.02984201287302516
12743,0.88690585,0.0
12744,0.53924626,0.04504504504504504
12745,0.71021163,0.0
12746,0.91023886,0.10256410256410256
12747,0.8887039,0.1456953642384106
12748,0.8429347,0.021505376344086023
12749,0.8668274,0.029411764705882353
12750,0.37970793,0.0
12751,0.57601494,0.0
12752,0.36597908,0.0
12753,0.5462398,0.236084452975048
12754,0.38934803,0.0
12755,0.7803509,0.24333333333333335
12756,0.41975117,0.05500550055005501
12757,0.6476467,0.0
12758,0.2550125,0.0
12759,0.8984176,0.0
12760,0.22255778,0.0
12761,0.38225308,0.09375
12762,0.83428234,0.06794055201698514
12763,0.29804465,0.0
12764,0.85822225,0.281437125748503
12765,0.4153311,0.0
12766,0.33647558,0.0
12767,0.72665906,0.0
12768,0.8799044,0.14189189189189189
12769,0.7185171,0.0
12770,0.88663596,0.09433962264150944
12771,0.5446807,0.0
12772,0.7168122,0.0
12773,0.86072004,0.0
12774,0.59672284,0.0
12775,0.42224535,0.005988023952095809
12776,0.9176273,0.1988095238095238
12777,0.8047709,0.17647058823529413
12778,0.9160904,0.0
12779,0.6753148,0.0
12780,0.83225745,0.21052631578947367
12781,0.3072579,0.17760693869505223
12782,0.48511446,0.0
12783,0.22520457,0.0
12784,0.8392351,0.0
12785,0.31755647,0.0
12786,0.7924862,0.2
12787,0.7174802,0.025333333333333333
12788,0.36840138,0.01463277366100741
12789,0.846361,0.0
12790,0.46566063,0.25
12791,0.39842427,0.023593677359367737
12792,0.5801106,0.09573847051955633
12793,0.8524986,0.16666666666666666
12794,0.8780658,0.0009652509652509653
12795,0.60767555,0.0
12796,0.19348916,0.05191563708972919
12797,0.7127672,0.0
12798,0.66651094,0.0
12799,0.7208538,0.1111111111111111
12800,0.5186889,0.017926565874730023
12801,0.7290771,0.010752688172043012
12802,0.26396555,0.018900343642611683
12803,0.90213794,0.0
12804,0.19222754,0.0
12805,0.7793253,0.10987261146496816
12806,0.19860487,0.014234875444839857
12807,0.7627167,0.0
12808,0.7576073,0.07692307692307693
12809,0.3933664,0.0
12810,0.7157187,0.022222222222222223
12811,0.23401865,0.0
12812,0.23100436,0.0
12813,0.30262384,0.0
12814,0.7790107,0.05263157894736842
12815,0.47557876,0.1702127659574468
12816,0.793889,0.015625
12817,0.56814384,0.0
12818,0.38212848,0.0
12819,0.44264737,0.0
12820,0.30330387,0.002018914036765487
12821,0.8773233,0.0
12822,0.17109369,0.0
12823,0.7933226,0.1
12824,0.3427699,0.012370480016916896
12825,0.5555627,0.0
12826,0.16468893,0.0
12827,0.2773736,0.0
12828,0.4521248,0.0005078720162519045
12829,0.2546819,0.0
12830,0.90905553,0.0
12831,0.5025045,0.0
12832,0.38846496,0.0
12833,0.22003168,0.0
12834,0.2666242,0.01482106277864803
12835,0.9021185,0.128125
12836,0.21636292,0.0
12837,0.3465148,0.010869565217391304
12838,0.87271416,0.0
12839,0.45179194,0.0
12840,0.8983445,0.0
12841,0.82062703,0.05263157894736842
12842,0.24500316,0.0
12843,0.24799435,0.004379562043795621
12844,0.6116971,0.057971014492753624
12845,0.71419555,0.025
12846,0.81062746,0.12
12847,0.47406068,0.06521739130434782
12848,0.77857286,0.0
12849,0.6554674,0.0
12850,0.64695036,0.0
12851,0.7253726,0.0
12852,0.49387613,0.0
12853,0.78078616,0.0
12854,0.48530197,0.0
12855,0.77452403,0.0
12856,0.21816368,0.0002763957987838585
12857,0.8745218,0.0
12858,0.19459392,0.0
12859,0.3439949,0.024878173890741217
12860,0.8715706,0.16666666666666666
12861,0.6374246,0.08021390374331551
12862,0.89170474,0.0
12863,0.8527301,0.0
12864,0.9523205,0.4600997506234414
12865,0.6934628,0.0
12866,0.76212734,0.0
12867,0.72881293,0.08536585365853659
12868,0.82371694,0.0
12869,0.6007916,0.0
12870,0.71651244,0.16666666666666666
12871,0.8441661,0.0
12872,0.19753563,0.0
12873,0.1750666,0.6403044648658683
12874,0.71113217,0.0
12875,0.5061925,0.0
12876,0.44688836,0.0
12877,0.8118249,0.07692307692307693
12878,0.31836227,0.0
12879,0.5789221,0.0
12880,0.45156097,0.000986679822397632
12881,0.83838844,0.0
12882,0.78535074,0.16149068322981366
12883,0.21536902,0.0
12884,0.93851966,0.23076923076923078
12885,0.66749585,0.0
12886,0.7994377,0.11673151750972763
12887,0.29001012,0.03571428571428571
12888,0.92786944,0.1091314031180401
12889,0.3984583,0.0
12890,0.8858121,0.7831962397179788
12891,0.9117842,0.7405870145271272
12892,0.31244493,0.08333333333333333
12893,0.28754056,0.0
12894,0.79827005,0.0
12895,0.8530024,0.0
12896,0.701118,0.0005759262814359762
12897,0.7180948,0.05454545454545454
12898,0.2518179,0.0
12899,0.50821483,0.0
12900,0.8548662,0.0625
12901,0.22474559,0.0
12902,0.1918796,0.0
12903,0.2153193,0.9806215722120658
12904,0.8972914,0.1652892561983471
12905,0.18764226,0.0
12906,0.5879441,0.0
12907,0.77468795,0.2777777777777778
12908,0.30089852,0.022222222222222223
12909,0.8641627,0.0
12910,0.5027422,0.0
12911,0.16236036,0.8739948830409356
12912,0.82539564,0.0
12913,0.6989734,0.0
12914,0.6104235,0.0003654970760233918
12915,0.3749617,0.07981220657276995
12916,0.46560404,0.566079295154185
12917,0.2572031,0.0
12918,0.33364874,0.0
12919,0.33297673,0.23065626434144104
12920,0.82983154,0.0
12921,0.23949698,0.0009049773755656109
12922,0.6975442,0.0
12923,0.38213655,0.0
12924,0.2306051,0.0
12925,0.8268496,0.0
12926,0.5507921,0.25
12927,0.74303424,0.0
12928,0.3972107,0.0
12929,0.72038937,0.0
12930,0.6385022,0.0
12931,0.6437649,0.0
12932,0.7085798,0.0
12933,0.41525054,0.006622516556291391
12934,0.7059492,0.2
12935,0.4920092,0.0
12936,0.35667482,0.05776892430278884
12937,0.204689,0.22049262888013918
12938,0.8192915,0.05
12939,0.8449303,0.1118421052631579
12940,0.8147985,0.0
12941,0.2587556,0.0
12942,0.6103561,0.0
12943,0.5910624,0.0
12944,0.8440592,0.02040816326530612
12945,0.5753283,0.021505376344086023
12946,0.5502286,0.0002444390124663896
12947,0.7052016,0.0
12948,0.853942,0.09375
12949,0.43033332,0.017167381974248927
12950,0.3155655,0.5130604833077246
12951,0.47744113,0.0
12952,0.56597877,0.004901960784313725
12953,0.9197561,0.18571428571428572
12954,0.7669037,0.13636363636363635
12955,0.2554836,0.6922866020837142
12956,0.7990743,0.03571428571428571
12957,0.45501262,0.045454545454545456
12958,0.19064322,0.0
12959,0.40346715,0.0
12960,0.5348846,0.09587407584068686
12961,0.20184329,0.9150105321000092
12962,0.52607447,0.0
12963,0.9004754,0.1111111111111111
12964,0.58418155,0.0
12965,0.27969182,0.0
12966,0.8325017,0.0
12967,0.6235124,0.0
12968,0.1771982,0.0
12969,0.6753843,0.0
12970,0.25844827,0.007194244604316547
12971,0.90409416,0.30434782608695654
12972,0.89817303,0.0
12973,0.41425583,0.07575757575757576
12974,0.44942072,0.0
12975,0.2848332,0.0
12976,0.26871467,0.0
12977,0.7303454,0.0
12978,0.21481146,0.08788765359859567
12979,0.787059,0.1778723404255319
12980,0.6562382,0.0
12981,0.80063134,0.14634146341463414
12982,0.38579667,0.005494505494505495
12983,0.36094636,0.08557844690966719
12984,0.39991066,0.11862835959221502
12985,0.51856863,0.004468275245755138
12986,0.68110436,0.0
12987,0.26732567,0.013888888888888888
12988,0.37644297,0.016809200825715128
12989,0.3271237,0.17635467980295566
12990,0.42423686,0.013114754098360656
12991,0.19416521,0.0
12992,0.4530977,0.0
12993,0.76894,0.0
12994,0.82733697,0.10309278350515463
12995,0.28392857,0.0
12996,0.7291823,0.04950495049504951
12997,0.3006147,0.06073943661971831
12998,0.9128787,0.2846715328467153
12999,0.8316268,0.0
13000,0.54665357,0.0
13001,0.44220537,0.08168316831683169
13002,0.25427237,0.0
13003,0.74314696,0.03333333333333333
13004,0.3615048,0.0
13005,0.6222078,0.0
13006,0.828029,0.0
13007,0.9000142,0.0
13008,0.8378123,0.1
13009,0.83789176,0.0
13010,0.9145139,0.1111111111111111
13011,0.62760675,0.0
13012,0.51505715,0.0
13013,0.9150561,0.0
13014,0.13503748,0.0
13015,0.71153975,0.0
13016,0.910137,0.05
13017,0.51003957,0.0
13018,0.84946465,0.0
13019,0.76693267,0.08695652173913043
13020,0.32887685,0.0
13021,0.7691302,0.08695652173913043
13022,0.8950252,0.0
13023,0.9322445,0.41901408450704225
13024,0.30674607,0.0
13025,0.8692311,0.1953727506426735
13026,0.83894366,0.02593192868719611
13027,0.5803501,0.015582970039884982
13028,0.83061606,0.0
13029,0.7998546,0.0
13030,0.932747,0.13169984686064318
13031,0.8268811,0.012096774193548387
13032,0.37101132,0.08837209302325581
13033,0.3242224,0.6736339205733055
13034,0.9289485,0.1774193548387097
13035,0.11453594,0.0
13036,0.38802448,0.006783493499152063
13037,0.903526,1.0
13038,0.48106387,0.0
13039,0.67188644,0.0
13040,0.59149873,0.0
13041,0.2745264,0.024193548387096774
13042,0.1918988,0.10843258694616484
13043,0.30297962,0.009389671361502348
13044,0.65194213,0.010362694300518135
13045,0.8040666,0.0
13046,0.38395706,0.0
13047,0.84808564,0.16037735849056603
13048,0.820301,0.0
13049,0.18494557,0.002117148906139732
13050,0.871941,0.0
13051,0.7798523,0.0
13052,0.29870826,0.0
13053,0.24275911,0.1753334149027285
13054,0.5159059,0.0
13055,0.58750296,0.09090909090909091
13056,0.74301934,0.021897810218978103
13057,0.3516566,0.0
13058,0.48056057,0.0
13059,0.60694784,0.0
13060,0.91270936,0.0
13061,0.41936225,0.0
13062,0.6588196,0.0
13063,0.86048406,0.17747858017135862
13064,0.4531365,0.012302645068689768
13065,0.6582932,0.0
13066,0.9073632,0.0
13067,0.7349219,0.11904761904761904
13068,0.30036166,0.5539819753540556
13069,0.40354946,0.0
13070,0.49644455,0.000956327701625757
13071,0.8393918,0.2784090909090909
13072,0.6638693,0.24546722454672246
13073,0.65245396,0.0
13074,0.25681266,0.0
13075,0.8653413,0.0
13076,0.7051653,0.0
13077,0.21351832,0.882874645698089
13078,0.93888354,0.0
13079,0.21390572,0.0
13080,0.8875605,0.0
13081,0.61832523,0.0365296803652968
13082,0.79667336,0.0
13083,0.36843646,0.0
13084,0.8829595,0.18609022556390978
13085,0.78165126,0.0
13086,0.5931939,0.009950248756218905
13087,0.48510736,0.0
13088,0.85313755,0.22608695652173913
13089,0.8121724,0.0
13090,0.7962948,0.0
13091,0.7835862,0.0
13092,0.8516951,0.058823529411764705
13093,0.6593213,0.16296296296296298
13094,0.35746276,0.13520197856553998
13095,0.35109773,0.0457516339869281
13096,0.9227192,0.0
13097,0.8730873,0.0
13098,0.7834788,0.058823529411764705
13099,0.16680153,0.0
13100,0.32520038,0.6408203553410836
13101,0.3893576,0.025
13102,0.60440093,0.0
13103,0.4225541,0.06873315363881402
13104,0.28284746,0.040983606557377046
13105,0.8050037,0.15151515151515152
13106,0.4918352,0.0
13107,0.84454626,0.0
13108,0.43858674,0.0
13109,0.8690357,0.02857142857142857
13110,0.6806969,0.14285714285714285
13111,0.73603594,0.32644628099173556
13112,0.9396077,0.20245398773006135
13113,0.56611484,0.0019940179461615153
13114,0.83204406,0.6
13115,0.20657353,0.0
13116,0.17939262,0.010752688172043012
13117,0.35769182,0.0
13118,0.17780508,0.0
13119,0.84279495,0.0
13120,0.3410047,0.0
13121,0.72568613,0.11764705882352941
13122,0.62689614,0.18124207858048164
13123,0.7640102,0.03225806451612903
13124,0.81589353,0.04580152671755725
13125,0.26418892,0.18120011823825008
13126,0.86946994,0.0
13127,0.7218739,0.0
13128,0.904333,0.23625
13129,0.8078689,0.0
13130,0.19563456,0.01272264631043257
13131,0.23857632,0.00020112630732099757
13132,0.8466845,0.0
13133,0.22262646,0.0
13134,0.26151508,0.9864269992663243
13135,0.21260393,0.0
13136,0.84708285,0.10526315789473684
13137,0.389607,0.0
13138,0.14870568,0.26855572002537537
13139,0.32278517,0.0523861766319254
13140,0.4388557,0.008426966292134831
13141,0.49597654,0.0006178178672927221
13142,0.51177377,0.046511627906976744
13143,0.15664172,0.036407541562180734
13144,0.77287704,0.0
13145,0.77839965,0.0
13146,0.31738862,0.9261510128913444
13147,0.9145503,0.0
13148,0.3108609,0.04603580562659847
13149,0.90999335,0.09009009009009009
13150,0.6680287,0.015910374694031258
13151,0.2606349,0.0
13152,0.9098565,0.3578199052132701
13153,0.8585588,0.022988505747126436
13154,0.29519254,0.137546468401487
13155,0.34991375,0.0
13156,0.49288693,0.015507432556432372
13157,0.36537427,0.0
13158,0.36282885,0.037334865020103386
13159,0.88969964,0.09090909090909091
13160,0.88430846,0.75
13161,0.26358944,0.0
13162,0.77872294,0.0
13163,0.81341016,0.0
13164,0.83104205,0.0
13165,0.39961192,0.24736842105263157
13166,0.2736383,0.0
13167,0.7948142,0.0
13168,0.58199644,0.0
13169,0.8018482,0.03225806451612903
13170,0.6619558,0.0481283422459893
13171,0.19053186,0.32301177716024876
13172,0.2081141,0.0
13173,0.8097063,0.12149532710280374
13174,0.34777105,0.03819095477386935
13175,0.63808554,0.0
13176,0.8053321,0.0
13177,0.65828365,0.0
13178,0.4922964,0.00024260067928190198
13179,0.53211945,0.10132575757575757
13180,0.8813472,0.06521739130434782
13181,0.4733028,0.13227848101265824
13182,0.8635115,0.022556390977443608
13183,0.2649789,0.0
13184,0.46331015,0.0
13185,0.7060163,0.014925373134328358
13186,0.8300732,0.13157894736842105
13187,0.2854489,0.0
13188,0.90642023,0.125
13189,0.7737543,0.14102564102564102
13190,0.48687747,0.01597444089456869
13191,0.89978755,0.0979020979020979
13192,0.8343574,0.0
13193,0.22065654,0.22913135593220338
13194,0.8071985,0.0
13195,0.92459774,0.19158878504672897
13196,0.5636319,0.015500321012565349
13197,0.8989663,0.16666666666666666
13198,0.93506855,0.13274336283185842
13199,0.22055542,0.0
13200,0.22387065,0.0
13201,0.3652515,0.0
13202,0.53363436,0.07407407407407407
13203,0.9204064,0.0
13204,0.8879316,0.031746031746031744
13205,0.37500143,0.9955214331413947
13206,0.50667363,0.0
13207,0.42664084,0.06589147286821706
13208,0.19887352,0.3822493978136001
13209,0.62007105,0.08414239482200647
13210,0.8927348,0.0
13211,0.5371497,0.2
13212,0.19189079,0.0
13213,0.31006157,0.0024630541871921183
13214,0.70776004,0.13636363636363635
13215,0.32796198,0.03015075376884422
13216,0.30795887,0.008264462809917356
13217,0.25546473,0.1015625
13218,0.88081455,0.11538461538461539
13219,0.52758247,0.0
13220,0.8510452,0.0223463687150838
13221,0.22275116,0.6929909248889747
13222,0.36452383,0.009145891724443134
13223,0.20204464,0.0
13224,0.7270444,0.0
13225,0.19606262,0.0005730659025787965
13226,0.7679932,0.0
13227,0.9555518,0.9074114322973267
13228,0.42379585,0.043859649122807015
13229,0.23382255,0.0
13230,0.7285274,0.09090909090909091
13231,0.8495617,0.15989159891598917
13232,0.4434161,0.0
13233,0.36935726,0.013333333333333334
13234,0.44059962,0.0
13235,0.3171514,0.0379746835443038
13236,0.7567514,0.03076923076923077
13237,0.49693123,0.23037716615698267
13238,0.51617545,0.0
13239,0.8526191,0.22091905402807152
13240,0.60938007,0.0
13241,0.20463519,0.0
13242,0.8736699,0.0
13243,0.21213865,0.1251472320376914
13244,0.86096925,0.0
13245,0.18835184,0.0
13246,0.93854976,0.3373639661426844
13247,0.90648097,0.0
13248,0.6188665,0.0
13249,0.780468,0.0
13250,0.7468564,0.11827956989247312
13251,0.42872506,0.0
13252,0.8983435,0.0
13253,0.50202024,0.0034602076124567475
13254,0.89270073,0.0
13255,0.8303441,0.10204081632653061
13256,0.72221947,0.0
13257,0.7549402,0.0
13258,0.23905322,0.0
13259,0.7058932,0.1650485436893204
13260,0.14129046,0.8712536549707602
13261,0.50748277,0.0
13262,0.3437193,0.08196721311475409
13263,0.21837617,0.003105590062111801
13264,0.264656,0.024793388429752067
13265,0.878121,0.1891891891891892
13266,0.71808743,0.0
13267,0.8989808,0.0
13268,0.2990895,0.22012862461920343
13269,0.6963482,0.045454545454545456
13270,0.79558563,0.023809523809523808
13271,0.8050773,0.0
13272,0.29974768,0.05061675882603148
13273,0.79704314,0.16666666666666666
13274,0.47345018,0.0
13275,0.9298898,0.20588235294117646
13276,0.59308213,0.015515975027543151
13277,0.7885688,0.0851063829787234
13278,0.41289026,0.011179327407678914
13279,0.24983218,0.0
13280,0.15661842,0.6967924700721922
13281,0.87102693,0.0
13282,0.24874002,0.08302986161689731
13283,0.8844707,0.2727272727272727
13284,0.3940599,0.0
13285,0.71857613,0.08695652173913043
13286,0.5888837,0.002466091245376079
13287,0.3309627,0.0
13288,0.6128221,0.0
13289,0.7205126,0.0
13290,0.73717564,0.0
13291,0.26128066,0.19579541888923752
13292,0.6498029,0.04838709677419355
13293,0.72072005,0.0
13294,0.6241465,0.1297709923664122
13295,0.870725,0.175
13296,0.2059678,0.5485581395348837
13297,0.8273737,0.0
13298,0.70528316,0.07407407407407407
13299,0.51447076,0.049970255800118976
13300,0.7692915,0.0
13301,0.69950354,0.021778584392014518
13302,0.7002233,0.0
13303,0.7260024,0.0
13304,0.93880796,0.01282051282051282
13305,0.85963464,0.0
13306,0.29032403,0.0
13307,0.8978328,0.0
13308,0.332829,0.04819277108433735
13309,0.3419782,0.0450281425891182
13310,0.65667486,0.03409090909090909
13311,0.7949948,0.06831395348837209
13312,0.21441205,0.0
13313,0.6666277,0.0
13314,0.8819243,0.0
13315,0.20031121,0.40547341931424974
13316,0.2969848,0.0
13317,0.89213216,0.017857142857142856
13318,0.7849692,0.19083969465648856
13319,0.26444766,0.0
13320,0.7562995,0.35714285714285715
13321,0.87568474,0.336322869955157
13322,0.22940266,0.0
13323,0.73857504,0.04878048780487805
13324,0.4452361,0.061780104712041886
13325,0.3992856,0.0
13326,0.8833308,0.0
13327,0.84186095,0.13432835820895522
13328,0.81950194,0.13987473903966596
13329,0.45495754,0.0
13330,0.81576544,0.0
13331,0.5275564,0.0
13332,0.3106141,0.03618421052631579
13333,0.86900544,0.0
13334,0.83541477,0.15306122448979592
13335,0.2215465,0.06710526315789474
13336,0.5380026,0.0312128418549346
13337,0.14821993,0.0
13338,0.82613134,0.13043478260869565
13339,0.70542055,0.10810810810810811
13340,0.758788,0.0
13341,0.5616395,0.0
13342,0.74747455,0.5177664974619289
13343,0.7304006,0.0
13344,0.72481424,0.0
13345,0.78029466,0.0
13346,0.3079972,0.0
13347,0.21008748,0.0625
13348,0.5635107,0.013888888888888888
13349,0.5590292,0.0
13350,0.90047765,0.125
13351,0.48215246,0.0
13352,0.8659951,0.02
13353,0.3639225,0.000968054211035818
13354,0.16098264,0.0
13355,0.77351034,0.07446808510638298
13356,0.6382984,0.15384615384615385
13357,0.54228735,0.023529411764705882
13358,0.7493954,0.058823529411764705
13359,0.81576204,0.0
13360,0.21405649,0.0
13361,0.23166572,0.30625819748922617
13362,0.84287816,0.006711409395973154
13363,0.24226114,0.0
13364,0.2601072,0.49396000406050145
13365,0.44837362,0.0
13366,0.45374137,0.04747774480712166
13367,0.7642393,0.125
13368,0.19575177,0.3484267075978511
13369,0.5571617,0.0
13370,0.25457293,0.22909220872051464
13371,0.9223634,0.0
13372,0.53060985,0.05789473684210526
13373,0.37217355,0.24419565017894834
13374,0.9327404,0.07534246575342465
13375,0.81364715,0.07575757575757576
13376,0.15334782,0.4981605123313803
13377,0.84759134,0.11940298507462686
13378,0.8186138,0.0
13379,0.35457405,0.032827391457818565
13380,0.6754621,0.0
13381,0.8118512,0.06666666666666667
13382,0.8115737,0.0
13383,0.9191805,0.0
13384,0.3869054,0.0006523157208088715
13385,0.72609675,0.0
13386,0.31139678,0.0
13387,0.47744766,0.030695126558367963
13388,0.28386626,0.017565649396735272
13389,0.80909455,0.0
13390,0.9267366,0.2354188759278897
13391,0.8690483,0.07692307692307693
13392,0.51131004,0.05641025641025641
13393,0.8797444,0.0
13394,0.9072565,0.0
13395,0.19986045,0.5589760207388205
13396,0.7965222,0.0
13397,0.926562,0.0
13398,0.31159166,0.007819905213270141
13399,0.20792079,0.0024906600249066002
13400,0.29538715,0.02127659574468085
13401,0.24635738,0.0
13402,0.35775822,0.0
13403,0.37970492,0.010926453034615738
13404,0.4817551,0.0
13405,0.6997211,0.0967741935483871
13406,0.890554,0.0
13407,0.6522765,0.0111731843575419
13408,0.5282035,0.2621359223300971
13409,0.90168726,0.07692307692307693
13410,0.8470006,0.2803030303030303
13411,0.38417727,0.0
13412,0.86490434,0.02247191011235955
13413,0.33099726,0.008455718736092568
13414,0.26129404,0.0
13415,0.9230968,0.09090909090909091
13416,0.4663945,0.0
13417,0.2802846,0.7636845471991227
13418,0.7396935,0.0
13419,0.47143883,0.05555555555555555
13420,0.15042111,0.4956185041777053
13421,0.46564275,0.0
13422,0.9209048,0.20540540540540542
13423,0.65246946,0.015442251461988304
13424,0.21068107,0.0
13425,0.59006035,1.0
13426,0.8412197,0.0
13427,0.79834557,0.0
13428,0.77251047,0.1
13429,0.6034283,0.0
13430,0.3687182,0.0
13431,0.4501293,0.015522498383073085
13432,0.23759583,0.0189873417721519
13433,0.4321121,0.13043478260869565
13434,0.73665845,0.0
13435,0.90053034,0.0
13436,0.14950992,0.0
13437,0.78463167,0.0
13438,0.8179121,0.0
13439,0.1891445,0.0
13440,0.86378556,0.0
13441,0.86110663,0.08695652173913043
13442,0.9149998,0.35294117647058826
13443,0.2431933,0.0
13444,0.57252944,0.006896551724137931
13445,0.8841645,0.22709923664122136
13446,0.3682929,0.08819652486518874
13447,0.4643034,0.7598736176935229
13448,0.9446996,0.2073732718894009
13449,0.84958506,0.0
13450,0.36206388,0.148837823560486
13451,0.5699162,0.0
13452,0.37970722,0.0
13453,0.8577492,0.0
13454,0.8223511,0.0
13455,0.6978042,0.0
13456,0.32684526,0.0
13457,0.5528477,0.25
13458,0.38538355,0.0
13459,0.6750301,0.0
13460,0.1970513,0.0
13461,0.25088546,0.011390456644433042
13462,0.93407947,0.0
13463,0.24820864,0.0
13464,0.9234939,0.1
13465,0.93224746,0.0
13466,0.8243482,0.05517241379310345
13467,0.5431988,0.0
13468,0.21609081,0.003968253968253968
13469,0.3815668,0.0
13470,0.15293553,0.0
13471,0.7502225,0.0
13472,0.76569104,0.0
13473,0.437853,0.011259611863786158
13474,0.6482552,0.015442251461988304
13475,0.8875395,0.19931856899488926
13476,0.37174988,0.01544648569600585
13477,0.24512969,0.057694558221181975
13478,0.8224365,0.0
13479,0.32279944,0.04838709677419355
13480,0.5370959,0.0
13481,0.8134141,0.125
13482,0.2660818,0.0
13483,0.39160207,0.007142857142857143
13484,0.21399464,0.0
13485,0.17263067,0.0
13486,0.7276027,0.055887372013651876
13487,0.90016717,0.05423728813559322
13488,0.89721155,0.0
13489,0.64319265,0.0
13490,0.40855345,0.02027027027027027
13491,0.8014647,0.0
13492,0.6596599,0.0
13493,0.8685242,0.2665505226480836
13494,0.31563678,0.0
13495,0.80499685,0.125
13496,0.36573955,0.00020339672531272246
13497,0.23453376,0.05128205128205128
13498,0.43615878,0.0
13499,0.7159936,0.0
13500,0.22368182,0.6371757925072046
13501,0.8949032,0.05
13502,0.5553838,0.0
13503,0.48794863,0.0
13504,0.89188594,0.21428571428571427
13505,0.22882149,0.05434782608695652
13506,0.28549615,0.7362637362637363
13507,0.73614043,0.06474820143884892
13508,0.8001398,0.2612359550561798
13509,0.8119268,0.0
13510,0.6464358,0.0
13511,0.4799326,0.0
13512,0.6177795,0.03152132880332201
13513,0.7653493,0.08333333333333333
13514,0.5497594,0.0
13515,0.66868794,0.0
13516,0.31705776,0.0111731843575419
13517,0.17907186,0.09039482798429924
13518,0.5597695,0.0003730995242981065
13519,0.1751206,0.0
13520,0.25626644,0.06369426751592357
13521,0.654864,0.0
13522,0.54277533,0.0
13523,0.35346633,0.0
13524,0.44928664,0.0047169811320754715
13525,0.6088287,0.0
13526,0.8758593,0.0
13527,0.44807664,0.00036613272311212814
13528,0.34466767,0.15060670949321914
13529,0.4081633,0.01128026412325752
13530,0.49602678,0.0
13531,0.74480635,0.0
13532,0.6635635,0.0
13533,0.2720822,0.06217912150598973
13534,0.8814343,0.0
13535,0.6023097,0.0
13536,0.5774136,0.050595238095238096
13537,0.17199458,0.0036496350364963502
13538,0.4895796,0.0
13539,0.49657655,0.0
13540,0.168172,0.9296624897100522
13541,0.9129832,0.0
13542,0.36485353,0.0
13543,0.8357171,0.0
13544,0.52560556,0.0
13545,0.8617032,0.0
13546,0.8185113,0.0
13547,0.7515385,0.0
13548,0.69065744,0.0
13549,0.24929328,0.0
13550,0.29653624,0.0380952380952381
13551,0.28310633,0.0
13552,0.8241192,0.0
13553,0.60783607,0.045454545454545456
13554,0.40410033,0.016952552914033504
13555,0.13275139,0.0007142857142857143
13556,0.44742256,0.0
13557,0.7745177,0.09090909090909091
13558,0.77902687,0.0
13559,0.1474677,0.504595228783731
13560,0.79354364,0.0
13561,0.830652,0.0
13562,0.5140542,0.0
13563,0.88661903,0.14285714285714285
13564,0.8937701,0.046798029556650245
13565,0.86617297,0.16216216216216217
13566,0.40552995,0.004468275245755138
13567,0.88561124,0.0
13568,0.24897686,0.9826388888888888
13569,0.8303667,0.15384615384615385
13570,0.33455637,0.13446726572528883
13571,0.4433985,0.0
13572,0.651061,0.27749310208908157
13573,0.89903045,0.0
13574,0.15276085,0.03097826086956522
13575,0.83179474,0.0
13576,0.71161854,0.054878048780487805
13577,0.39062563,0.011764705882352941
13578,0.7144349,0.0
13579,0.3543783,0.0
13580,0.30937025,0.0
13581,0.8589578,0.0
13582,0.40469447,0.046511627906976744
13583,0.7685636,0.0
13584,0.8833446,0.06625
13585,0.7397877,0.0
13586,0.6932179,0.14285714285714285
13587,0.705972,0.11764705882352941
13588,0.37804955,0.0
13589,0.8006457,0.0
13590,0.7774576,0.0
13591,0.43595973,0.0033494603647190174
13592,0.6613615,0.0
13593,0.63596606,0.0
13594,0.62754995,0.0
13595,0.2993761,0.9391192895724618
13596,0.9174326,0.0
13597,0.23020202,0.0
13598,0.3245422,0.0
13599,0.46090406,0.015498899486427
13600,0.48816413,0.030893091181426698
13601,0.3915453,0.0035714285714285713
13602,0.23124166,0.0
13603,0.8882904,0.0
13604,0.7137975,0.10062893081761007
13605,0.37995115,0.0
13606,0.5231925,0.028985507246376812
13607,0.5582481,0.0
13608,0.6132205,0.0
13609,0.8488418,0.0
13610,0.83207154,0.04285714285714286
13611,0.8163244,0.125
13612,0.42202488,0.008666047663262148
13613,0.17272395,0.0
13614,0.88969445,0.0
13615,0.8038453,0.030612244897959183
13616,0.45210722,0.06244424620874219
13617,0.79835993,0.0
13618,0.11753239,0.0
13619,0.6089561,0.24
13620,0.58387536,0.05970149253731343
13621,0.6704663,0.0
13622,0.8632713,0.0
13623,0.82153815,0.038461538461538464
13624,0.9344095,0.14367816091954022
13625,0.2642488,0.005291005291005291
13626,0.5073703,0.11820083682008369
13627,0.84791124,0.0
13628,0.28036657,0.0
13629,0.6866374,0.0
13630,0.64850813,0.006097560975609756
13631,0.49803677,0.027350703997410585
13632,0.7595693,0.0
13633,0.9642041,0.17797356828193833
13634,0.87534535,0.28893058161350843
13635,0.29467553,0.125
13636,0.8663729,0.0
13637,0.8698992,0.3273809523809524
13638,0.7721859,0.0
13639,0.95858276,0.2776548672566372
13640,0.3023443,0.007545086492454913
13641,0.8561672,0.012195121951219513
13642,0.7761848,0.09732142857142857
13643,0.740803,0.0
13644,0.9407648,0.33742911153119093
13645,0.91848385,0.0
13646,0.89089864,0.06666666666666667
13647,0.8841441,0.23809523809523808
13648,0.9041911,0.0
13649,0.6263333,0.0
13650,0.91021657,0.1111111111111111
13651,0.298044,0.04442226104317445
13652,0.30766,0.011494252873563218
13653,0.84799135,0.0
13654,0.6491244,0.043478260869565216
13655,0.58931714,0.011239035087719298
13656,0.33482948,0.18663303909205547
13657,0.14421445,0.0026455026455026454
13658,0.30624127,0.5333333333333333
13659,0.8646034,0.391304347826087
13660,0.42967242,0.01652892561983471
13661,0.63470316,0.0
13662,0.74994427,0.0
13663,0.5509802,0.01630341513643384
13664,0.8646365,0.1752988047808765
13665,0.7146013,0.024390243902439025
13666,0.52167803,0.03333333333333333
13667,0.30266246,0.0
13668,0.8385001,0.0
13669,0.35517228,0.0
13670,0.5304987,0.08851063829787234
13671,0.26287484,0.0009722897423432182
13672,0.9027256,0.25
13673,0.8707985,0.22950819672131148
13674,0.53421795,0.01578849028400598
13675,0.36534557,0.9985378780955863
13676,0.19854479,0.04819277108433735
13677,0.56101376,0.05
13678,0.84336406,0.0
13679,0.4016112,0.01072803961122318
13680,0.5302355,0.0
13681,0.9002538,0.2857142857142857
13682,0.8244807,0.0
13683,0.34692478,0.07137129109863673
13684,0.9222976,0.0
13685,0.33706483,0.0
13686,0.26878512,0.0
13687,0.3893323,0.015868463817990633
13688,0.41157597,0.15168539325842698
13689,0.63877904,0.0
13690,0.7238991,0.0
13691,0.78857195,0.11538461538461539
13692,0.16724859,0.0
13693,0.8035015,0.0
13694,0.6391501,0.022727272727272728
13695,0.26715022,0.16592244418331376
13696,0.2259009,0.0
13697,0.6096229,0.0
13698,0.8031852,0.0
13699,0.823601,0.0967741935483871
13700,0.49401766,0.001088139281828074
13701,0.67478234,0.0
13702,0.49193722,0.05826683985897198
13703,0.5151175,0.0
13704,0.87821126,0.0
13705,0.9473809,0.15776699029126215
13706,0.22105525,0.9563230994152047
13707,0.627739,0.0
13708,0.2845753,0.0037285607755406414
13709,0.26278228,0.0
13710,0.16901638,0.0
13711,0.65181273,0.08571428571428572
13712,0.89967924,0.21428571428571427
13713,0.6879955,0.0
13714,0.15700486,0.0
13715,0.38347724,0.0
13716,0.8586791,0.0
13717,0.83519757,0.0
13718,0.6914,0.0
13719,0.30885577,0.05691699604743083
13720,0.46925175,0.5448680351906159
13721,0.90578705,0.0
13722,0.21696307,0.9665076160763443
13723,0.7167155,0.0
13724,0.55167794,0.0
13725,0.4400621,0.0
13726,0.9201976,0.1722689075630252
13727,0.7151799,0.14285714285714285
13728,0.885054,0.33525594808940157
13729,0.8547046,0.04878048780487805
13730,0.95429355,0.37285491419656785
13731,0.7253476,0.041666666666666664
13732,0.8298799,0.0
13733,0.28518665,0.0
13734,0.26007086,0.0
13735,0.2071785,0.5207273652085452
13736,0.70983154,0.0
13737,0.8737508,0.0
13738,0.3388934,0.048458149779735685
13739,0.35754475,0.10708833151581243
13740,0.54774696,0.08040201005025126
13741,0.5736895,0.0
13742,0.62297904,0.0
13743,0.39401254,0.0
13744,0.3002463,0.06
13745,0.41849047,0.005908419497784343
13746,0.5518122,0.1
13747,0.83973503,0.0
13748,0.8857523,0.12903225806451613
13749,0.87141454,0.0
13750,0.696086,0.03614457831325301
13751,0.3275064,0.0
13752,0.4486718,0.022286693920611896
13753,0.76782095,0.0
13754,0.62341833,0.14285714285714285
13755,0.18651626,0.026813471502590672
13756,0.39525425,0.014450867052023121
13757,0.8458192,0.16129032258064516
13758,0.72237,0.0
13759,0.70809376,0.057971014492753624
13760,0.7578346,0.0425531914893617
13761,0.5436496,0.0
13762,0.7420797,0.0
13763,0.91181725,0.18181818181818182
13764,0.9348879,0.17532467532467533
13765,0.9096055,0.0
13766,0.7521343,0.0
13767,0.4210578,0.012987012987012988
13768,0.27769578,0.5381418420699826
13769,0.60318357,0.0
13770,0.82450825,0.13690476190476192
13771,0.43758848,0.0
13772,0.68260276,0.0
13773,0.21643212,0.05933617652512516
13774,0.35026273,0.3180435291364381
13775,0.91988564,0.0
13776,0.8956061,0.0
13777,0.40324044,0.04573170731707317
13778,0.6636507,0.017857142857142856
13779,0.62594014,0.0
13780,0.52790815,0.0
13781,0.92871135,0.484251968503937
13782,0.82106376,0.0
13783,0.6409052,0.0
13784,0.9158892,0.2495049504950495
13785,0.86419,0.0
13786,0.8084363,0.09523809523809523
13787,0.77069545,0.0
13788,0.8479143,0.12727272727272726
13789,0.20539759,0.8022335970218707
13790,0.9306042,0.2119815668202765
13791,0.7158307,0.08791208791208792
13792,0.37874997,0.0022727272727272726
13793,0.89124036,0.40469483568075115
13794,0.36086735,0.0
13795,0.864645,0.0
13796,0.9255434,0.0
13797,0.8664239,0.0
13798,0.7829761,0.0
13799,0.90939486,0.06451612903225806
13800,0.83900017,0.0
13801,0.82400614,0.16666666666666666
13802,0.40990794,0.0
13803,0.8441406,0.0
13804,0.6464495,0.0
13805,0.6304906,0.002331002331002331
13806,0.78922224,0.0
13807,0.67555445,0.0
13808,0.67800444,0.0
13809,0.9112444,0.0
13810,0.87987274,0.15517241379310345
13811,0.8202195,0.0
13812,0.9025883,0.0
13813,0.85699236,0.1111111111111111
13814,0.83942485,0.0
13815,0.50633466,0.0
13816,0.41775313,0.0003707823507601038
13817,0.8108079,0.057971014492753624
13818,0.27029467,0.21879588839941264
13819,0.47571895,0.005928853754940711
13820,0.20954086,0.0
13821,0.83287495,0.18475073313782991
13822,0.2577604,0.0078125
13823,0.81726617,0.0
13824,0.74034286,0.02727272727272727
13825,0.8737631,0.0
13826,0.8631335,0.041666666666666664
13827,0.9110323,0.2782931354359926
13828,0.6121299,0.025
13829,0.91069734,0.0
13830,0.82552713,0.0
13831,0.87640667,0.0
13832,0.6573138,0.024539877300613498
13833,0.85600686,0.0
13834,0.48408002,0.0
13835,0.6651375,0.0
13836,0.16029295,0.28156138586708107
13837,0.22095843,0.0
13838,0.92030895,0.0
13839,0.8085814,0.0
13840,0.9165557,0.05128205128205128
13841,0.6475163,0.0
13842,0.90184015,0.1956521739130435
13843,0.51738304,0.023255813953488372
13844,0.67802596,0.07142857142857142
13845,0.32402095,0.0
13846,0.42327994,0.015380390002746498
13847,0.49531284,0.0
13848,0.42249337,0.0
13849,0.17048652,0.0
13850,0.7583257,0.11494252873563218
13851,0.27336115,0.03237642995898986
13852,0.34108433,0.0
13853,0.20203127,0.0
13854,0.7107485,0.12173913043478261
13855,0.631239,0.5
13856,0.8443294,0.0
13857,0.27996874,0.41631037212984956
13858,0.41966304,0.0
13859,0.8584036,0.16666666666666666
13860,0.7493376,0.006944444444444444
13861,0.80025977,0.0
13862,0.5394293,0.12917115177610333
13863,0.8473982,0.125
13864,0.6831335,0.0
13865,0.35320073,0.0022172949002217295
13866,0.7020352,0.0
13867,0.7726849,0.0
13868,0.52783257,0.0
13869,0.52625513,0.0023775558725630053
13870,0.78268725,0.022727272727272728
13871,0.17904525,0.0
13872,0.3207612,0.0
13873,0.44093835,0.0003379520108144643
13874,0.7740634,0.0
13875,0.18269819,0.0
13876,0.9443777,0.14540887524420876
13877,0.4883057,0.0003666025112272019
13878,0.13346072,0.0002577984016499098
13879,0.19887936,0.0
13880,0.57938606,0.0
13881,0.5474107,0.056818181818181816
13882,0.19935721,0.813528168366878
13883,0.87967646,0.0
13884,0.3835737,0.0005898834980091432
13885,0.4153524,0.0
13886,0.23826467,0.0
13887,0.7342103,0.0
13888,0.5038176,0.0
13889,0.8271398,0.14383561643835616
13890,0.8353188,0.0
13891,0.74126667,0.0
13892,0.2599302,0.928826600714482
13893,0.8493336,0.13247863247863248
13894,0.72047114,0.0
13895,0.51400656,0.1111111111111111
13896,0.56083965,0.0
13897,0.7574628,0.0
13898,0.503538,0.0
13899,0.4720922,0.00011242270938729624
13900,0.8753803,0.0
13901,0.8532774,0.025
13902,0.8970717,0.0
13903,0.82919294,0.0
13904,0.72429687,0.0
13905,0.8171278,0.043478260869565216
13906,0.22244264,0.0
13907,0.2946874,0.010658307210031349
13908,0.4174292,0.0007878151260504202
13909,0.9021323,0.6578947368421053
13910,0.72253036,0.0
13911,0.7905448,0.0
13912,0.78844947,0.05555555555555555
13913,0.8023815,0.125
13914,0.45393342,0.01680672268907563
13915,0.18038942,0.25075326414462673
13916,0.7580735,0.0625
13917,0.8921356,0.14795918367346939
13918,0.84246933,0.23809523809523808
13919,0.22123002,0.23860640301318267
13920,0.41228655,0.5271062271062271
13921,0.5125744,0.0
13922,0.47999346,0.0
13923,0.40956572,0.015533088235294118
13924,0.583096,0.1
13925,0.91048354,0.15719063545150502
13926,0.82482404,0.0
13927,0.4015702,0.009216589861751152
13928,0.9061393,0.0
13929,0.7921439,0.06666666666666667
13930,0.8000899,0.0
13931,0.93068945,0.5535939470365699
13932,0.8796234,0.0
13933,0.84342223,0.0
13934,0.5499983,0.0
13935,0.6672383,0.011242116808335619
13936,0.81205106,0.0
13937,0.87088263,0.16666666666666666
13938,0.7039665,0.0
13939,0.8437077,0.0
13940,0.35607708,0.0
13941,0.8486594,0.25
13942,0.21700999,0.2245784105826517
13943,0.2883379,0.0
13944,0.28447342,0.0
13945,0.40297198,0.0
13946,0.37675405,0.00032813781788351107
13947,0.898997,0.12340425531914893
13948,0.33214453,0.023809523809523808
13949,0.8490794,0.0
13950,0.86747885,0.2028688524590164
13951,0.36146054,0.0887296775971342
13952,0.21302184,0.00911854103343465
13953,0.6781161,0.0
13954,0.44157928,0.0
13955,0.6100022,0.0
13956,0.6338729,0.0
13957,0.8592864,0.0
13958,0.20844592,0.3923813975227857
13959,0.7267283,0.0
13960,0.96972156,0.31968145620022753
13961,0.69010913,0.0
13962,0.2674129,0.024390243902439025
13963,0.90237343,0.15857188806690253
13964,0.68834996,0.0
13965,0.694271,0.0
13966,0.92728084,0.3180379746835443
13967,0.48481423,0.015511702615878843
13968,0.2250654,0.0
13969,0.26632234,0.0
13970,0.7888947,0.0
13971,0.86671484,0.0
13972,0.6158024,0.1815068493150685
13973,0.689828,0.0
13974,0.8461479,0.13821138211382114
13975,0.34194356,0.0
13976,0.4164912,0.02332089552238806
13977,0.9052282,0.08333333333333333
13978,0.676894,0.0
13979,0.6551043,0.0
13980,0.58518076,0.0
13981,0.5586079,0.06896551724137931
13982,0.91269636,0.2904624277456647
13983,0.8354989,0.19444444444444445
13984,0.49389526,0.046225473894246756
13985,0.80104166,0.6
13986,0.40674275,0.09433962264150944
13987,0.85092586,0.03225806451612903
13988,0.4630385,0.0
13989,0.58114487,0.0
13990,0.68688816,0.08333333333333333
13991,0.24391131,0.0
13992,0.8988474,0.0
13993,0.30651078,0.0
13994,0.66716856,0.0
13995,0.88972294,0.22772277227722773
13996,0.51365334,0.011242116808335619
13997,0.4260469,0.0
13998,0.39202985,0.07555555555555556
13999,0.701554,0.0
14000,0.6901736,0.0
14001,0.553418,0.020353982300884955
14002,0.8630588,0.0
14003,0.66685635,0.13636363636363635
14004,0.44052574,0.5502691272587467
14005,0.8826231,0.0
14006,0.3644201,0.0
14007,0.3784602,0.0
14008,0.64208573,0.0
14009,0.20210776,0.0
14010,0.69649374,0.08602150537634409
14011,0.3760271,0.0
14012,0.22509357,0.004310344827586207
14013,0.8109402,0.0
14014,0.8736273,0.2716417910447761
14015,0.61761284,0.0
14016,0.2812672,0.01927710843373494
14017,0.76737773,0.0
14018,0.49428985,0.023148148148148147
14019,0.36109486,0.0
14020,0.76495826,0.0
14021,0.91988814,0.23988970588235295
14022,0.54317474,0.0
14023,0.4957915,0.0
14024,0.5619835,0.0
14025,0.91708136,0.14774774774774774
14026,0.7834657,0.0
14027,0.8359658,0.043478260869565216
14028,0.812864,0.30049261083743845
14029,0.7740134,0.01876554374858693
14030,0.49537703,0.0
14031,0.45375425,0.0
14032,0.83976686,0.15384615384615385
14033,0.12972306,0.0
14034,0.6043047,0.0
14035,0.2083625,0.3643350062735257
14036,0.5196158,0.03162055335968379
14037,0.66495144,0.0
14038,0.68348706,0.047619047619047616
14039,0.29518762,0.007633587786259542
14040,0.50752175,0.0
14041,0.8312377,0.0
14042,0.88321936,0.0
14043,0.8600707,0.14285714285714285
14044,0.1496776,0.0930616205725376
14045,0.24955225,0.5346601678851882
14046,0.76385516,0.028846153846153848
14047,0.3121869,0.06666666666666667
14048,0.9087814,0.1232876712328767
14049,0.5600499,0.5427678031067178
14050,0.8134549,0.16666666666666666
14051,0.19354248,0.0
14052,0.51067585,0.0
14053,0.41887715,0.0
14054,0.7171203,0.1
14055,0.81872755,0.0
14056,0.6190859,0.0
14057,0.8233608,0.0736
14058,0.79994583,0.0
14059,0.85569715,0.0
14060,0.9600967,0.2892561983471074
14061,0.8041969,0.16666666666666666
14062,0.40648657,0.2436472346786248
14063,0.88448876,0.27759197324414714
14064,0.22850284,0.0
14065,0.41379318,0.9848221632988937
14066,0.74123824,0.0
14067,0.82957315,0.03571428571428571
14068,0.71649957,0.0
14069,0.37353563,0.0
14070,0.9103716,0.04
14071,0.29615465,0.0
14072,0.7678666,0.0
14073,0.884673,0.0
14074,0.4351575,0.0119072708113804
14075,0.8215625,0.030303030303030304
14076,0.30443847,0.0
14077,0.30785704,0.0
14078,0.57059693,0.0
14079,0.5958271,0.017094017094017096
14080,0.29985964,0.0
14081,0.92504525,0.0763888888888889
14082,0.8674756,0.35714285714285715
14083,0.33973196,0.0625
14084,0.6886323,0.0
14085,0.2837781,0.002320185614849188
14086,0.31870046,0.9982638888888888
14087,0.17372581,0.0
14088,0.61161596,0.08112582781456953
14089,0.91243833,0.0
14090,0.5458401,0.0
14091,0.4093367,0.0
14092,0.7206274,0.0
14093,0.50160927,0.0
14094,0.23363383,0.003703703703703704
14095,0.71082145,0.0
14096,0.50270176,0.0
14097,0.85969317,0.06666666666666667
14098,0.69300014,0.0
14099,0.2253713,0.0
14100,0.41594306,0.0
14101,0.9396142,0.5487228003784295
14102,0.76348346,0.0
14103,0.6587151,0.02
14104,0.1636338,0.0
14105,0.21810058,0.020833333333333332
14106,0.25358662,0.004261363636363636
14107,0.47256398,0.0
14108,0.47395954,0.04610626932808547
14109,0.9575887,0.06053811659192825
14110,0.20344418,0.0
14111,0.21655455,0.017543859649122806
14112,0.5729175,0.0
14113,0.21943513,0.3333333333333333
14114,0.7073539,0.0744738262277388
14115,0.3490578,0.0
14116,0.16263643,0.0
14117,0.21671532,0.0
14118,0.92065793,0.14893617021276595
14119,0.86534977,0.24882629107981222
14120,0.40919694,0.0
14121,0.6993215,0.0
14122,0.46321768,0.0
14123,0.48786896,0.0
14124,0.87238103,0.0
14125,0.29463515,0.0
14126,0.9247382,0.20270270270270271
14127,0.82083946,0.0
14128,0.19718683,0.08205327629788062
14129,0.8850731,0.0
14130,0.25976855,0.0
14131,0.3749535,0.0625
14132,0.40980148,0.05501618122977346
14133,0.9016028,0.0
14134,0.18642478,0.1386113886113886
14135,0.36124635,0.0
14136,0.33080456,0.0
14137,0.8886448,0.04838709677419355
14138,0.866123,0.2222222222222222
14139,0.69169116,0.0
14140,0.8205279,0.046875
14141,0.892962,0.0
14142,0.90871006,0.08163265306122448
14143,0.8895841,0.0
14144,0.41748223,0.01680672268907563
14145,0.8452584,0.09859154929577464
14146,0.8784016,0.0
14147,0.7830912,0.0
14148,0.733131,0.0
14149,0.8404749,0.37583892617449666
14150,0.88453126,0.25475285171102663
14151,0.15757845,0.0
14152,0.5907002,0.0110613401590639
14153,0.8863713,0.0
14154,0.9055839,0.07142857142857142
14155,0.7905877,0.25066952329941083
14156,0.5014111,0.0030211480362537764
14157,0.7710752,0.0
14158,0.765507,0.16033755274261605
14159,0.73934025,0.0
14160,0.72853583,0.05660377358490566
14161,0.35142943,0.05446293494704992
14162,0.76718456,0.0
14163,0.9313952,0.18181818181818182
14164,0.23629178,0.019417475728155338
14165,0.93428016,0.4381551362683438
14166,0.17069611,0.0
14167,0.81121457,0.18772563176895307
14168,0.6048146,0.07420494699646643
14169,0.84584874,0.19331742243436753
14170,0.80303013,0.0
14171,0.18636145,0.29419851525982954
14172,0.26768956,0.0625
14173,0.49034494,0.0
14174,0.85255355,0.09090909090909091
14175,0.79902434,0.0
14176,0.41227233,0.035
14177,0.44528133,0.0
14178,0.7245128,0.0
14179,0.89862555,0.11764705882352941
14180,0.8282405,0.0
14181,0.9478758,0.2857142857142857
14182,0.422767,0.0
14183,0.3279306,0.052083333333333336
14184,0.27378818,0.05420054200542006
14185,0.9539307,0.3474264705882353
14186,0.90417033,0.10091743119266056
14187,0.8850014,0.0
14188,0.7986514,0.0
14189,0.88286847,0.0
14190,0.22845943,0.12968248305387084
14191,0.41426963,0.0
14192,0.6160539,0.0
14193,0.7885084,0.0
14194,0.7501256,0.0
14195,0.52184176,0.15384615384615385
14196,0.7578556,0.09433962264150944
14197,0.41512123,0.0
14198,0.6806448,0.07142857142857142
14199,0.6156505,0.0
14200,0.4950568,0.0
14201,0.81380045,0.20404040404040405
14202,0.8389598,0.0
14203,0.73609084,0.0
14204,0.80569595,0.09560723514211886
14205,0.3457228,0.02857142857142857
14206,0.330039,0.0013345195729537367
14207,0.21661767,0.48188405797101447
14208,0.9156434,0.0
14209,0.7831671,0.21428571428571427
14210,0.90039515,0.14814814814814814
14211,0.88397074,0.0
14212,0.22633494,0.08015087223008015
14213,0.85263455,0.1702127659574468
14214,0.24681368,0.005912389142703574
14215,0.8170696,0.0
14216,0.16947398,0.0
14217,0.48842478,0.0
14218,0.31922215,0.0014104372355430183
14219,0.9013946,0.0
14220,0.88433784,0.15
14221,0.8789543,0.0
14222,0.8746914,0.0
14223,0.7269893,0.10810810810810811
14224,0.19387455,0.0
14225,0.56315297,0.015151515151515152
14226,0.41067958,0.09157509157509157
14227,0.50820917,0.03278688524590164
14228,0.76116484,0.0
14229,0.83088243,0.0
14230,0.6282969,0.0
14231,0.59471583,0.0
14232,0.23995925,0.0005713469504356521
14233,0.21911792,0.6035961272475795
14234,0.24900864,0.03896103896103896
14235,0.7813628,0.09411764705882353
14236,0.611452,0.19004524886877827
14237,0.77184045,0.1
14238,0.47858724,0.01106437454279444
14239,0.8928102,0.0
14240,0.8250577,0.30788804071246817
14241,0.71054494,0.0
14242,0.8260326,0.031914893617021274
14243,0.65691,0.09870740305522914
14244,0.47663394,0.0003665017408832692
14245,0.6787621,0.0
14246,0.55243254,0.0
14247,0.45141357,0.0
14248,0.8698173,0.0
14249,0.31294802,0.0
14250,0.8478727,0.0
14251,0.89879966,0.0
14252,0.38589516,0.2755102040816326
14253,0.6458606,0.0
14254,0.43671402,0.13704496788008566
14255,0.27358678,0.34120771596309757
14256,0.3869693,0.050219941348973604
14257,0.5974099,0.0
14258,0.8377403,0.104
14259,0.63664377,0.0
14260,0.42155385,0.03409090909090909
14261,0.26808384,0.010929664395010929
14262,0.30961937,0.08041958041958042
14263,0.2503428,0.0
14264,0.37099805,0.0
14265,0.53742963,0.0
14266,0.19311617,0.0
14267,0.28748468,0.001221001221001221
14268,0.90892637,0.31851851851851853
14269,0.6903873,0.03174305033809166
14270,0.20417057,0.0
14271,0.7578677,0.0
14272,0.6433554,0.011556240369799691
14273,0.21814764,0.010416666666666666
14274,0.8916745,0.12280701754385964
14275,0.29355025,0.0
14276,0.7059071,0.009708737864077669
14277,0.5036674,0.04918032786885246
14278,0.47283807,0.00909090909090909
14279,0.60658544,0.0
14280,0.65765953,0.0
14281,0.23297074,0.0
14282,0.82270694,0.0
14283,0.560517,0.0
14284,0.35399082,0.0
14285,0.58693975,0.0
14286,0.6211532,0.0
14287,0.32811746,0.0
14288,0.44577274,0.0
14289,0.2912008,0.0010857763300760044
14290,0.3233654,0.007614213197969543
14291,0.8004993,0.047619047619047616
14292,0.754108,0.0
14293,0.8633561,0.0
14294,0.36826682,0.05164938737040528
14295,0.8905281,0.08333333333333333
14296,0.87376267,0.0
14297,0.3551899,0.012507444907683145
14298,0.22599173,0.17482951022938623
14299,0.92192143,0.15
14300,0.17260028,0.0
14301,0.5316143,0.11487758945386065
14302,0.6686625,0.0
14303,0.18890089,0.0
14304,0.6803848,0.0
14305,0.79701424,0.0
14306,0.876457,0.030303030303030304
14307,0.7020766,0.0
14308,0.87182486,0.0
14309,0.48206997,0.08211598052235503
14310,0.30409944,0.0
14311,0.89255923,0.23529411764705882
14312,0.75070775,0.0
14313,0.64075655,0.0625
14314,0.9132549,0.2903225806451613
14315,0.3904249,0.0
14316,0.6828152,0.0
14317,0.8609582,0.0
14318,0.8877617,0.25
14319,0.6609198,0.0
14320,0.54786766,0.03167420814479638
14321,0.8576418,0.0
14322,0.87824434,0.0
14323,0.48478726,0.10526315789473684
14324,0.6855467,0.13725490196078433
14325,0.75780034,0.06428571428571428
14326,0.6335185,0.0
14327,0.7615324,0.0
14328,0.6059868,0.0
14329,0.7755756,0.0
14330,0.7340834,0.0
14331,0.14628051,0.030927835051546393
14332,0.79847395,0.0
14333,0.8932979,0.10256410256410256
14334,0.16932215,0.0001148105625717566
14335,0.910607,0.0
14336,0.85142404,0.0
14337,0.7060251,0.22151450813871196
14338,0.7286799,0.21739130434782608
14339,0.85645497,0.15
14340,0.85763043,0.0
14341,0.32649997,0.018518518518518517
14342,0.85581,0.08411214953271028
14343,0.84325254,0.13333333333333333
14344,0.538554,0.0
14345,0.24569269,0.002844950213371266
14346,0.864088,0.08571428571428572
14347,0.60857356,0.0
14348,0.51596576,0.002070393374741201
14349,0.27203074,0.0
14350,0.71263504,0.5
14351,0.69449985,0.0
14352,0.43240353,0.1376037959667853
14353,0.77109724,0.0
14354,0.62661844,0.017523849025300704
14355,0.86489356,0.05263157894736842
14356,0.82552475,0.5
14357,0.92782146,0.13953488372093023
14358,0.48918295,0.012345679012345678
14359,0.44075853,0.0
14360,0.85843414,0.10819672131147541
14361,0.2422871,0.0
14362,0.88962966,0.0
14363,0.866874,0.052434456928838954
14364,0.8714195,0.1590909090909091
14365,0.674016,0.0
14366,0.918746,0.0
14367,0.6502749,0.0
14368,0.84925723,0.14285714285714285
14369,0.7370818,0.13636363636363635
14370,0.84079224,0.3333333333333333
14371,0.74041045,0.09090909090909091
14372,0.90300477,0.02857142857142857
14373,0.88454324,0.099601593625498
14374,0.832588,0.043478260869565216
14375,0.63951635,0.0
14376,0.40065262,0.00037537537537537537
14377,0.84255284,0.18181818181818182
14378,0.70320493,0.0
14379,0.46879658,0.0
14380,0.16420284,0.0
14381,0.8781882,0.20380434782608695
14382,0.38113064,0.09097688292319164
14383,0.3475034,0.0
14384,0.21699128,0.2544984686064318
14385,0.2995427,0.006734006734006734
14386,0.83947796,0.06451612903225806
14387,0.8262234,0.0
14388,0.742224,0.0
14389,0.77885705,0.0
14390,0.45517692,0.023529411764705882
14391,0.9211573,0.0
14392,0.9215199,0.0
14393,0.28593948,0.0
14394,0.5460829,0.0
14395,0.9151854,0.0
14396,0.18002263,0.4846289406696691
14397,0.61746013,0.0
14398,0.5015242,0.9951791886483536
14399,0.23910621,0.0
14400,0.21311377,0.0
14401,0.5917547,0.08695652173913043
14402,0.8797741,0.0
14403,0.3349334,0.022727272727272728
14404,0.66578513,0.0
14405,0.39450726,0.036374133949191687
14406,0.90690887,0.0
14407,0.3114763,0.0021141649048625794
14408,0.37231442,0.05063291139240506
14409,0.51145804,0.26264591439688717
14410,0.74654216,0.0
14411,0.20845863,0.0
14412,0.51854897,0.09213310251971533
14413,0.47005475,0.0
14414,0.50620675,0.0
14415,0.24671401,0.0
14416,0.26417488,0.0
14417,0.6546221,0.0
14418,0.59993345,0.0
14419,0.28217083,0.0
14420,0.86996704,0.05925925925925926
14421,0.8805282,0.0
14422,0.49347273,0.0
14423,0.22784881,0.002127659574468085
14424,0.6813187,0.0
14425,0.8250072,0.09352517985611511
14426,0.22225606,0.0
14427,0.576492,0.0
14428,0.633277,0.011062351435362956
14429,0.7139338,0.0
14430,0.9023283,0.16666666666666666
14431,0.90533733,0.23613312202852615
14432,0.8770591,0.39002932551319647
14433,0.5066775,0.05755395683453238
14434,0.82082164,0.15384615384615385
14435,0.42237076,0.07258064516129033
14436,0.9572632,0.029910714285714287
14437,0.83982956,0.0
14438,0.25457877,0.49571933742788016
14439,0.7684057,0.2222222222222222
14440,0.30625525,0.08190091001011122
14441,0.51310277,0.0
14442,0.92219096,0.18005540166204986
14443,0.91460556,0.36363636363636365
14444,0.852666,0.05263157894736842
14445,0.36880112,0.0
14446,0.76900095,0.0
14447,0.18858077,0.22252693437806073
14448,0.8732395,0.05223880597014925
14449,0.41603345,0.0
14450,0.5941599,0.0
14451,0.2351667,0.0
14452,0.35814375,0.038461538461538464
14453,0.5774801,0.045317220543806644
14454,0.3988075,0.00033664366268305
14455,0.32162812,0.0
14456,0.85209936,0.0
14457,0.45361948,0.025510204081632654
14458,0.6019596,0.07692307692307693
14459,0.5274297,0.0
14460,0.7392617,0.0
14461,0.85812503,0.4
14462,0.8626147,0.25
14463,0.79076016,0.0
14464,0.88174134,0.08196721311475409
14465,0.53787893,0.0
14466,0.20428754,0.4352588708922386
14467,0.35822317,0.0
14468,0.8496034,0.25
14469,0.3959139,0.00036563071297989033
14470,0.64073044,0.09523809523809523
14471,0.20800774,0.0
14472,0.5758906,0.0625
14473,0.43978918,0.04092071611253197
14474,0.9307415,0.0
14475,0.7568852,0.0
14476,0.7933068,0.0
14477,0.8527292,0.0
14478,0.8791922,0.0
14479,0.72728986,0.0
14480,0.86629474,0.0
14481,0.23584723,0.3889209463358338
14482,0.5588156,0.01635061919504644
14483,0.43478757,0.0
14484,0.74031913,0.0
14485,0.51954824,0.0
14486,0.6276698,0.004830917874396135
14487,0.7288024,0.0
14488,0.6763799,0.0
14489,0.34815767,0.0
14490,0.4983023,0.011240062140180938
14491,0.73513085,0.0
14492,0.8623935,0.057692307692307696
14493,0.85217273,0.06557377049180328
14494,0.8205916,0.024390243902439025
14495,0.9182962,0.09195402298850575
14496,0.6700208,0.009232544720138488
14497,0.15992352,0.0
14498,0.42487392,0.0
14499,0.79801995,0.0
14500,0.9035346,0.0
14501,0.82435507,0.29505582137161085
14502,0.80627835,0.0
14503,0.72571146,0.125
14504,0.62614405,0.00046816479400749064
14505,0.69799054,0.05263157894736842
14506,0.33775002,0.02097902097902098
14507,0.793758,0.04918032786885246
14508,0.3377412,0.0
14509,0.45931485,0.0020304568527918783
14510,0.38546017,0.03738640285287013
14511,0.7820351,0.0
14512,0.22698353,0.0
14513,0.8479587,0.1
14514,0.32081357,0.0
14515,0.8788901,0.0
14516,0.33756208,0.0
14517,0.82440263,0.2222222222222222
14518,0.6818571,0.11413043478260869
14519,0.62362397,0.02
14520,0.7039474,0.23529411764705882
14521,0.17149045,0.0
14522,0.88378054,0.0
14523,0.66225797,0.1069182389937107
14524,0.67773736,0.05555555555555555
14525,0.39032036,0.02040816326530612
14526,0.26061,0.0
14527,0.44322473,0.06818181818181818
14528,0.85598445,0.0
14529,0.77457356,0.0
14530,0.8008534,0.0
14531,0.36903977,0.0015082956259426848
14532,0.46284348,0.0
14533,0.8304997,0.0
14534,0.26338145,0.0
14535,0.32437557,0.7493587394650055
14536,0.82189214,0.0
14537,0.7677746,0.288135593220339
14538,0.3354,0.0
14539,0.7740396,0.0
14540,0.3093066,0.051102464332036315
14541,0.8997868,0.0
14542,0.8719434,0.0
14543,0.7009806,0.11904761904761904
14544,0.29178485,0.841622178514564
14545,0.91394615,0.07692307692307693
14546,0.4488906,0.015417087271726164
14547,0.20376438,0.862754074345358
14548,0.87490904,0.0
14549,0.29288918,0.9953394864296811
14550,0.67874986,0.0
14551,0.290232,0.0
14552,0.82214934,0.09090909090909091
14553,0.397852,0.0
14554,0.6478398,0.06666666666666667
14555,0.9071441,0.09090909090909091
14556,0.8386918,0.22541966426858512
14557,0.91762453,0.22857142857142856
14558,0.31186306,0.7793229643183898
14559,0.20509481,0.9856542397660819
14560,0.35078058,0.26698036006546644
14561,0.5783373,0.0006856359273225917
14562,0.7612047,0.028846153846153848
14563,0.20999208,0.005714285714285714
14564,0.9344977,0.2
14565,0.32504267,0.0
14566,0.16542569,0.5227001742639641
14567,0.36480576,0.028894472361809045
14568,0.79130983,0.03571428571428571
14569,0.37560138,0.014705882352941176
14570,0.6983014,0.03879310344827586
14571,0.15630136,0.002331002331002331
14572,0.730617,0.058823529411764705
14573,0.87062764,0.0
14574,0.44185668,0.0
14575,0.19170058,0.0
14576,0.89847815,0.3125
14577,0.6330153,0.07692307692307693
14578,0.28006282,0.00032
14579,0.1967254,0.0
14580,0.77648807,0.04527081649151172
14581,0.40574008,0.05244755244755245
14582,0.26602235,0.0
14583,0.5966798,0.1513665031534688
14584,0.30342665,0.3539102818578801
14585,0.8790991,0.0
14586,0.16961394,0.025423728813559324
14587,0.74550724,0.17890382626680454
14588,0.71243817,0.06557377049180328
14589,0.71308416,0.0625
14590,0.53342134,0.0008019246190858059
14591,0.7718535,0.0
14592,0.90090406,0.2222222222222222
14593,0.879081,0.0
14594,0.19187063,0.1365686274509804
14595,0.8285806,0.0
14596,0.35120642,0.0
14597,0.26201528,0.08771929824561403
14598,0.49206805,0.004008016032064128
14599,0.4265302,0.2627906976744186
14600,0.41058272,0.06755126658624849
14601,0.7867965,0.0
14602,0.8468973,0.0
14603,0.7966018,0.1
14604,0.27351087,0.0
14605,0.93156177,0.0
14606,0.27829638,0.03076923076923077
14607,0.8255079,0.05
14608,0.31247067,0.00039161934599569217
14609,0.5301749,0.015682656826568265
14610,0.65478957,0.08139534883720931
14611,0.7462001,0.0
14612,0.30928802,0.0
14613,0.8082216,0.08196721311475409
14614,0.3474108,0.007272727272727273
14615,0.7164574,0.1021021021021021
14616,0.90138024,0.07246376811594203
14617,0.3436075,0.0
14618,0.8712532,0.13333333333333333
14619,0.9012913,0.0
14620,0.8307729,0.1
14621,0.78194916,0.0
14622,0.5073288,0.0
14623,0.88832897,0.0
14624,0.42197677,0.09497964721845319
14625,0.22053404,0.0
14626,0.16561541,0.23039169419537517
14627,0.6111962,0.11377870563674322
14628,0.76516956,0.0
14629,0.79130447,0.2927864214992928
14630,0.48128995,0.03225806451612903
14631,0.27448782,0.01914241960183767
14632,0.9136722,0.0
14633,0.7783864,0.025
14634,0.29034892,0.0
14635,0.34680197,0.2654933068914229
14636,0.93206346,0.3333333333333333
14637,0.31676245,0.009748259239421532
14638,0.2267249,0.0
14639,0.34163207,0.09457092819614711
14640,0.76344305,0.0
14641,0.28025544,0.0
14642,0.7989441,0.0
14643,0.66480035,0.0
14644,0.6826682,0.009505703422053232
14645,0.554254,0.005045408678102927
14646,0.96079797,0.3225806451612903
14647,0.3344087,0.09781021897810219
14648,0.6338903,0.0
14649,0.5345921,0.023255813953488372
14650,0.88650453,0.0
14651,0.6175634,0.0
14652,0.2947763,0.010526315789473684
14653,0.81358564,0.11
14654,0.88002586,0.3333333333333333
14655,0.2091114,0.0111731843575419
14656,0.6606124,0.0
14657,0.76122373,0.11504424778761062
14658,0.90774184,0.2
14659,0.8899158,0.0
14660,0.48993367,0.00028538812785388126
14661,0.9279661,0.021739130434782608
14662,0.6052704,0.0
14663,0.3209535,0.0
14664,0.8312468,0.0
14665,0.81085724,0.5
14666,0.87213016,0.0
14667,0.84535605,0.047619047619047616
14668,0.21044777,0.46464757709251103
14669,0.26215178,0.12424242424242424
14670,0.31614226,0.008771929824561403
14671,0.2971973,0.049620548744892
14672,0.1664319,0.0
14673,0.9422267,0.36422881969587256
14674,0.420994,0.11593579822298652
14675,0.69583684,0.13333333333333333
14676,0.4093521,0.0
14677,0.85375047,0.4051383399209486
14678,0.66694814,0.0
14679,0.73454696,0.0
14680,0.41789848,0.0
14681,0.46808887,0.0
14682,0.5269215,0.02193419740777667
14683,0.8720211,0.0
14684,0.93646604,0.07755662319835278
14685,0.6397032,0.028169014084507043
14686,0.23803958,0.0
14687,0.6779321,0.08888888888888889
14688,0.2270304,0.0
14689,0.67903394,0.0
14690,0.8389005,0.0
14691,0.89960635,0.09523809523809523
14692,0.53748316,0.04747883695252116
14693,0.8621408,0.0
14694,0.19619471,0.09626940410615924
14695,0.29394278,0.9776133040935673
14696,0.87866724,0.24479166666666666
14697,0.44346765,0.0
14698,0.24973288,0.0
14699,0.5892003,0.012
14700,0.9562544,0.1326530612244898
14701,0.2589175,0.0
14702,0.6608543,0.09302325581395349
14703,0.38647386,0.010752688172043012
14704,0.36439714,0.0
14705,0.34181613,0.02
14706,0.16223253,0.0
14707,0.24687049,0.0
14708,0.89020073,0.05084745762711865
14709,0.33760983,0.02702702702702703
14710,0.9005968,0.20689655172413793
14711,0.42947268,0.0
14712,0.2468342,0.0
14713,0.87158364,0.05128205128205128
14714,0.7492206,0.0
14715,0.49494788,0.00043308791684711995
14716,0.3245792,0.0
14717,0.67613316,0.0
14718,0.76120293,0.07692307692307693
14719,0.27640197,0.2671432602765497
14720,0.7736768,0.08888888888888889
14721,0.8691301,0.07142857142857142
14722,0.8303674,0.0
14723,0.383765,0.0
14724,0.25688908,0.0
14725,0.5841211,0.0
14726,0.87764585,0.0
14727,0.50503814,0.0
14728,0.8660597,0.15708812260536398
14729,0.27494702,0.0
14730,0.45315936,0.0380952380952381
14731,0.6818899,0.027522935779816515
14732,0.6288457,0.023961310178061114
14733,0.80406845,0.024223034734917732
14734,0.38533372,0.6357738646895273
14735,0.8389764,0.0
14736,0.9228903,0.2087912087912088
14737,0.21129525,0.0
14738,0.9304664,0.0
14739,0.3879308,0.0
14740,0.3272344,0.008695652173913044
14741,0.87690145,0.16666666666666666
14742,0.21617943,0.4960321254422029
14743,0.13836406,0.39424740484429066
14744,0.43259373,0.012742152698642909
14745,0.3346149,0.2791641057160418
14746,0.42576784,0.0
14747,0.394826,0.0
14748,0.6939321,0.0
14749,0.49624825,0.0
14750,0.8376705,0.2
14751,0.19117847,0.0
14752,0.8765447,0.19696969696969696
14753,0.31524563,0.011267863686331989
14754,0.25100848,0.0
14755,0.51814204,0.015445074026686163
14756,0.26147768,0.0
14757,0.8864819,0.07894736842105263
14758,0.5287309,0.058823529411764705
14759,0.72484636,0.0
14760,0.8667507,0.05405405405405406
14761,0.8493613,0.0
14762,0.85150605,0.42445054945054944
14763,0.60074,0.016472203157172273
14764,0.7403597,0.021505376344086023
14765,0.9081676,0.0
14766,0.87397236,0.17647058823529413
14767,0.9195964,0.12987012987012986
14768,0.53576,0.00036643459142543056
14769,0.22293909,0.020445609436435124
14770,0.7396846,0.0
14771,0.89169604,0.06578947368421052
14772,0.842762,0.11965811965811966
14773,0.18143648,0.0
14774,0.47783494,0.10795454545454546
14775,0.6919177,0.0
14776,0.59504545,0.04744525547445255
14777,0.2235554,0.0
14778,0.5228544,0.10495626822157435
14779,0.6619624,0.0
14780,0.5457511,0.0
14781,0.77227604,0.0
14782,0.8583851,0.024390243902439025
14783,0.8010805,0.18181818181818182
14784,0.8669152,0.0
14785,0.81071866,0.14285714285714285
14786,0.5745015,0.011169092740089719
14787,0.28133726,0.0
14788,0.8189216,0.0
14789,0.39117217,0.04199475065616798
14790,0.21953085,0.0
14791,0.4430775,0.026611608167010782
14792,0.5758559,0.0
14793,0.67741734,0.0
14794,0.2060113,0.09971995616705223
14795,0.7961039,0.046875
14796,0.62200505,0.015447897623400366
14797,0.87743944,0.0
14798,0.92603564,0.10251798561151079
14799,0.3446644,0.027522935779816515
14800,0.27564108,0.007142857142857143
14801,0.8217834,0.24571428571428572
14802,0.5334715,0.0
14803,0.8828143,0.3333333333333333
14804,0.28450292,0.0
14805,0.8995755,0.0
14806,0.87706745,0.125
14807,0.5915753,0.0
14808,0.3577755,0.0
14809,0.3374447,0.000927070457354759
14810,0.6635117,0.05454545454545454
14811,0.45350593,0.06537890044576523
14812,0.3754454,0.0
14813,0.92573637,0.07142857142857142
14814,0.7258002,0.0
14815,0.90570873,0.14189189189189189
14816,0.6324814,0.08673469387755102
14817,0.5196095,0.3
14818,0.7952925,0.14285714285714285
14819,0.90148497,0.06756756756756757
14820,0.5255671,0.0
14821,0.8182572,0.0
14822,0.27041394,0.04158215010141988
14823,0.5976295,0.0
14824,0.34230766,0.0
14825,0.7525234,0.0
14826,0.49247086,0.0
14827,0.25141093,0.0007616146230007616
14828,0.8588812,0.02127659574468085
14829,0.81076306,0.0
14830,0.49129885,0.006097560975609756
14831,0.3742726,0.0
14832,0.92339295,0.0
14833,0.7675449,0.0
14834,0.16946463,0.0
14835,0.89706725,0.06779661016949153
14836,0.79323244,0.0
14837,0.4699994,0.0
14838,0.65668076,0.0
14839,0.9630813,0.4852150537634409
14840,0.21953283,0.0
14841,0.6610219,0.0
14842,0.5490739,0.0
14843,0.2494282,0.0
14844,0.9123079,0.2158273381294964
14845,0.19751985,0.0
14846,0.28787047,0.0
14847,0.72909105,0.0
14848,0.19324607,0.0
14849,0.16234408,0.0
14850,0.6113727,0.0
14851,0.1896163,0.0
14852,0.59441805,0.06241699867197875
14853,0.27889863,0.0
14854,0.2704479,0.040169133192389
14855,0.38885465,0.0
14856,0.85345095,0.0
14857,0.8582505,0.0
14858,0.88723004,0.0
14859,0.8112721,0.09836065573770492
14860,0.8681294,0.0
14861,0.7370082,0.07407407407407407
14862,0.5182022,0.0
14863,0.23641703,0.0
14864,0.8707051,0.42857142857142855
14865,0.27000913,0.0
14866,0.227901,0.0
14867,0.86829364,0.0
14868,0.65478486,0.10071942446043165
14869,0.83436894,0.1780821917808219
14870,0.8998398,0.08333333333333333
14871,0.8127082,0.03125
14872,0.3346142,0.03235867446393762
14873,0.260759,0.08774978279756733
14874,0.28241128,0.5596191803088355
14875,0.8707595,0.0
14876,0.47900322,0.018556701030927835
14877,0.593948,0.04040404040404041
14878,0.49518535,0.20371381758601856
14879,0.44824377,0.0
14880,0.26797956,0.0
14881,0.52279097,0.0
14882,0.92069983,0.3847583643122677
14883,0.8755353,0.18181818181818182
14884,0.8758008,0.22077922077922077
14885,0.29215625,0.0
14886,0.43495503,0.0
14887,0.91183436,0.2529411764705882
14888,0.877074,0.16666666666666666
14889,0.76309115,0.3333333333333333
14890,0.15116109,0.43352478196128486
14891,0.7713001,0.2
14892,0.56445277,0.15141318977119786
14893,0.94745404,0.25842696629213485
14894,0.26530504,0.2370245849968481
14895,0.57172763,0.011743450767841012
14896,0.8652768,0.0
14897,0.20261328,0.0
14898,0.623606,0.0
14899,0.90022725,0.14814814814814814
14900,0.534568,0.08265078183172003
14901,0.16874525,0.31859309290174587
14902,0.42548627,0.032208588957055216
14903,0.29238757,0.0
14904,0.66702414,0.015037593984962405
14905,0.8271802,0.09090909090909091
14906,0.3640591,0.6553039625892197
14907,0.68885666,0.1575091575091575
14908,0.43371302,0.0
14909,0.7392767,0.03571428571428571
14910,0.68571204,0.0196078431372549
14911,0.84339535,0.0
14912,0.2249743,0.0
14913,0.5503734,0.0006770480704129993
14914,0.3562837,0.0
14915,0.90213406,0.41846153846153844
14916,0.87439275,0.16666666666666666
14917,0.20948835,0.05343511450381679
14918,0.37641808,0.0
14919,0.2620075,0.0
14920,0.28496578,0.006493506493506494
14921,0.8642357,0.1696969696969697
14922,0.30847773,0.02702702702702703
14923,0.93084306,0.3076923076923077
14924,0.21562329,0.0035026269702276708
14925,0.3605486,0.0005764796310530361
14926,0.7851243,0.0
14927,0.776292,0.0
14928,0.47706416,0.006109979633401222
14929,0.46844074,0.0
14930,0.8487752,0.0707070707070707
14931,0.4500556,0.8210333790580704
14932,0.26172206,0.0015885623510722795
14933,0.46934894,0.0008077544426494346
14934,0.9241345,0.0
14935,0.87443143,0.0
14936,0.9039525,0.12026726057906459
14937,0.4689859,0.03266659965825711
14938,0.86074805,0.0
14939,0.3794968,0.05778894472361809
14940,0.9163308,0.0
14941,0.38846257,0.04365079365079365
14942,0.75240695,0.0
14943,0.20922172,0.028123559243891195
14944,0.7104556,0.0
14945,0.6605003,0.0
14946,0.3162867,0.10849563866650735
14947,0.30308488,0.0
14948,0.2280285,0.0
14949,0.1848225,0.18505586592178772
14950,0.21065351,0.0
14951,0.47380313,0.16281138790035588
14952,0.6001875,0.029411764705882353
14953,0.81662035,0.0
14954,0.79861534,0.0
14955,0.17022426,0.0
14956,0.15726125,0.0
14957,0.69832367,0.08391608391608392
14958,0.26188868,0.0
14959,0.7586789,0.0
14960,0.9372686,0.16042780748663102
14961,0.723098,0.0
14962,0.93998265,0.09333333333333334
14963,0.60334903,0.001943634596695821
14964,0.83182204,0.3076923076923077
14965,0.24446249,0.00199203187250996
14966,0.21907893,0.0
14967,0.90420526,0.2
14968,0.82159156,0.06818181818181818
14969,0.46557957,0.0016741071428571428
14970,0.5536184,0.0
14971,0.21185404,0.0
14972,0.5512573,0.0
14973,0.6197507,0.0
14974,0.22245167,0.0
14975,0.2538533,0.0
14976,0.14104146,0.05263157894736842
14977,0.28458735,0.9402656894182317
14978,0.28785557,0.04786324786324787
14979,0.39718276,0.01289134438305709
14980,0.9366149,0.16925527678215851
14981,0.88053876,0.0
14982,0.8525138,0.2
14983,0.9053416,0.3271889400921659
14984,0.60775244,0.0
14985,0.722198,0.008928571428571428
14986,0.23725149,0.0
14987,0.91110784,0.0
14988,0.6665669,0.0
14989,0.70581084,0.0
14990,0.7324813,0.0
14991,0.94656736,0.20215633423180593
14992,0.51150036,0.0
14993,0.80746514,0.19406779661016949
14994,0.3684784,0.0
14995,0.5257503,0.1056338028169014
14996,0.48732275,0.0
14997,0.25126225,0.010025062656641603
14998,0.5283594,0.0
14999,0.6522706,0.1542263964409293
15000,0.5079658,0.10794602698650675
15001,0.4632151,0.0
15002,0.33282867,0.017123287671232876
15003,0.7097207,0.0007331378299120235
15004,0.4426611,0.06944444444444445
15005,0.21531995,0.0
15006,0.43303388,0.03296591141049194
15007,0.66004956,0.12734082397003746
15008,0.87587225,0.0
15009,0.7991491,0.03571428571428571
15010,0.55068064,0.006896551724137931
15011,0.8808327,0.26666666666666666
15012,0.3711569,0.2254364089775561
15013,0.14829952,0.0
15014,0.8789364,0.0
15015,0.76560825,0.043478260869565216
15016,0.21204785,0.0
15017,0.28360096,0.0
15018,0.27102903,0.03559127439724455
15019,0.79946876,0.0
15020,0.8700701,0.09174311926605505
15021,0.55491567,0.0
15022,0.70351905,0.0
15023,0.75118905,0.03571428571428571
15024,0.6965274,0.0
15025,0.26177436,0.7009636912294364
15026,0.6552948,0.0
15027,0.45795867,0.0
15028,0.25231946,0.0
15029,0.34113115,0.0
15030,0.937695,0.2512820512820513
15031,0.8519351,0.0847457627118644
15032,0.90805596,0.3333333333333333
15033,0.467407,0.0
15034,0.3542202,0.01020408163265306
15035,0.34698975,0.0062297533017692495
15036,0.59066623,0.0
15037,0.93155605,0.19672131147540983
15038,0.8033695,0.0
15039,0.6335169,0.01195219123505976
15040,0.22026713,0.0
15041,0.9018331,0.0
15042,0.37880856,0.0
15043,0.21802855,0.0
15044,0.5297416,0.0013003901170351106
15045,0.30461454,0.14773158094275243
15046,0.7722474,0.02564102564102564
15047,0.79297197,0.0
15048,0.30738652,0.0
15049,0.77128327,0.20689655172413793
15050,0.93102866,0.0
15051,0.38136724,0.0
15052,0.9343032,0.0390625
15053,0.1723423,0.8965326447805237
15054,0.92170846,0.18681318681318682
15055,0.5568216,0.018518518518518517
15056,0.2871993,0.24576976421636615
15057,0.28191394,0.021505376344086023
15058,0.7729016,0.0
15059,0.309188,0.0967741935483871
15060,0.7122754,0.0
15061,0.18122756,0.0
15062,0.74197865,0.0
15063,0.8896063,0.0
15064,0.86525446,0.0
15065,0.8091498,0.11349083682932215
15066,0.49138728,0.0
15067,0.83454245,0.0
15068,0.4117179,0.0
15069,0.57090724,0.05649717514124294
15070,0.6931727,0.0
15071,0.8357848,0.0
15072,0.29884487,0.09081735620585267
15073,0.7839433,0.024390243902439025
15074,0.49189344,0.13580246913580246
15075,0.755602,0.0
15076,0.5782318,0.013452914798206279
15077,0.8590941,0.12016293279022404
15078,0.311913,0.0
15079,0.76088953,0.0
15080,0.34358278,0.07142857142857142
15081,0.6360395,0.0
15082,0.60224277,0.0
15083,0.6802349,0.0
15084,0.8331988,0.0
15085,0.16637251,0.0
15086,0.86156774,0.0
15087,0.79337996,0.32515337423312884
15088,0.9234901,0.0
15089,0.20282891,0.483851554663992
15090,0.857743,0.0
15091,0.84190667,0.08333333333333333
15092,0.8296423,0.0
15093,0.9462499,0.24812593703148425
15094,0.73113877,0.15172413793103448
15095,0.33899006,0.009739633558341369
15096,0.8585593,0.1590909090909091
15097,0.8289354,0.14754098360655737
15098,0.8493986,0.0
15099,0.8454624,0.0
15100,0.17439169,0.0
15101,0.9614714,0.454778156996587
15102,0.65579206,0.0
15103,0.33495802,0.047058823529411764
15104,0.19745092,0.0
15105,0.23167562,0.0
15106,0.72465634,0.045454545454545456
15107,0.79059917,0.0
15108,0.21969758,0.0
15109,0.35850137,0.0
15110,0.31622478,0.0
15111,0.2427168,0.00816326530612245
15112,0.89058715,0.07692307692307693
15113,0.6443432,0.0
15114,0.734991,0.07692307692307693
15115,0.94365245,0.42857142857142855
15116,0.5393403,0.06143790849673202
15117,0.7130223,0.06626506024096386
15118,0.7805711,0.0
15119,0.9058292,0.0
15120,0.82477695,0.0
15121,0.82676965,0.0
15122,0.7160167,0.2
15123,0.90231,0.125
15124,0.69757116,0.05454545454545454
15125,0.87182796,0.0
15126,0.4710524,0.006666666666666667
15127,0.9176508,0.4559958826556871
15128,0.9270532,0.0
15129,0.9105949,0.18095238095238095
15130,0.8054028,0.001892147587511826
15131,0.783845,0.0
15132,0.3696398,0.0
15133,0.54515535,0.011336182865638356
15134,0.7866628,0.0
15135,0.7363861,0.0
15136,0.8251784,0.0
15137,0.73896515,0.0
15138,0.854516,0.2361111111111111
15139,0.89592874,0.1
15140,0.1860359,0.3239167780110708
15141,0.19193107,0.22204568023833168
15142,0.8664973,0.0
15143,0.87315136,0.0
15144,0.926646,0.0
15145,0.8742851,0.07692307692307693
15146,0.43675408,0.0
15147,0.58715147,0.027777777777777776
15148,0.75437146,0.07471264367816093
15149,0.89236015,0.05128205128205128
15150,0.64921665,0.0
15151,0.75147545,0.0273972602739726
15152,0.84175533,0.36101295641931685
15153,0.5226134,0.0
15154,0.8515287,0.0
15155,0.5269086,0.0
15156,0.40813434,0.0
15157,0.31626138,0.0
15158,0.19200377,0.0
15159,0.79144746,0.0945945945945946
15160,0.82454044,0.030612244897959183
15161,0.15602554,0.0
15162,0.4949654,0.0
15163,0.7455176,0.0
15164,0.83090246,0.10344827586206896
15165,0.31643605,0.0
15166,0.17715336,0.0
15167,0.4986643,0.02040816326530612
15168,0.88651586,0.19945105215004574
15169,0.5892062,0.0
15170,0.687193,0.0
15171,0.30946583,0.0
15172,0.26026577,0.02090032154340836
15173,0.78432155,0.0
15174,0.15263224,0.001350621285791464
15175,0.40759912,0.0
15176,0.22652942,0.47514619883040937
15177,0.44897556,0.03260869565217391
15178,0.8188119,0.2277580071174377
15179,0.1748954,0.0
15180,0.7270264,0.05555555555555555
15181,0.6907131,0.0
15182,0.29950848,0.0
15183,0.30452424,0.011242116808335619
15184,0.65372086,0.0
15185,0.86715484,0.05555555555555555
15186,0.22153394,0.0
15187,0.7375066,0.022900763358778626
15188,0.5257337,0.0
15189,0.7820627,0.07
15190,0.85537064,0.0
15191,0.5575567,0.82239171887769
15192,0.8501451,0.058823529411764705
15193,0.5230537,0.011239035087719298
15194,0.8743319,0.0
15195,0.8778045,0.0
15196,0.5737767,0.0
15197,0.67282367,0.0
15198,0.90109175,0.1506849315068493
15199,0.8316743,0.0
15200,0.42407703,0.0
15201,0.5835413,0.0
15202,0.50170135,0.029411764705882353
15203,0.9017633,0.0
15204,0.8923954,0.05454545454545454
15205,0.41005254,0.0
15206,0.2614958,0.0
15207,0.6984425,0.0
15208,0.27254137,0.0
15209,0.46792015,0.02560819462227913
15210,0.7974884,0.0
15211,0.3903364,0.05277401894451962
15212,0.4371843,0.0016999575010624734
15213,0.8339613,0.0
15214,0.59664327,0.0
15215,0.6905641,0.008130081300813009
15216,0.7885464,0.13513513513513514
15217,0.88990074,0.0
15218,0.49455675,0.0
15219,0.77287644,0.0
15220,0.8853674,0.0
15221,0.8683821,0.13358778625954199
15222,0.37705782,0.0
15223,0.28342915,0.0
15224,0.46293828,0.0
15225,0.8547779,0.0
15226,0.74765825,0.0
15227,0.76105475,0.0
15228,0.54087925,0.001279863481228669
15229,0.76567817,0.3333333333333333
15230,0.3928383,0.03077912532157295
15231,0.86200523,0.0
15232,0.7421519,0.0
15233,0.24473155,0.0
15234,0.7751805,0.0
15235,0.4627607,0.0625
15236,0.36454824,0.0
15237,0.91630226,0.0
15238,0.5158104,0.10576923076923077
15239,0.47435573,0.0
15240,0.79233146,0.10666666666666667
15241,0.871479,0.03571428571428571
15242,0.41904047,0.0
15243,0.810222,0.0
15244,0.84796166,0.10256410256410256
15245,0.73780155,0.1111111111111111
15246,0.42179343,0.0
15247,0.28334704,0.0
15248,0.7899577,0.058823529411764705
15249,0.9295644,0.0
15250,0.88996446,0.0
15251,0.6035591,0.0
15252,0.17866375,0.0
15253,0.7255414,0.0
15254,0.763272,0.08994708994708994
15255,0.33360866,0.07780320366132723
15256,0.297033,0.012474012474012475
15257,0.8537833,0.028985507246376812
15258,0.25025222,0.00014742739200943535
15259,0.863666,0.0
15260,0.93624634,0.11428571428571428
15261,0.20699805,0.0011412268188302425
15262,0.18677896,0.005847953216374269
15263,0.28141564,0.058682634730538925
15264,0.29706502,0.027777777777777776
15265,0.6484984,0.0
15266,0.84727424,0.0
15267,0.8411978,0.0
15268,0.2468988,0.0
15269,0.5397261,0.0
15270,0.44424272,0.03260869565217391
15271,0.8196172,0.019857206604194554
15272,0.8830789,0.045454545454545456
15273,0.49324578,0.0
15274,0.8560468,0.25
15275,0.81045127,0.0
15276,0.25285292,0.05333333333333334
15277,0.8631081,0.0
15278,0.9071495,0.10526315789473684
15279,0.6230041,0.0
15280,0.7792083,0.13953488372093023
15281,0.4825426,0.20315126050420168
15282,0.87281245,0.18029350104821804
15283,0.5763989,0.24903325599381285
15284,0.8434607,0.0
15285,0.8946297,0.4
15286,0.25375947,0.0
15287,0.23123181,0.0
15288,0.46456957,0.011239035087719298
15289,0.86488426,0.0
15290,0.9188899,0.4802784222737819
15291,0.54231226,0.0
15292,0.16539344,0.0
15293,0.6460087,0.07692307692307693
15294,0.26884508,0.0
15295,0.5168385,0.0
15296,0.60395235,0.029197080291970802
15297,0.88196784,0.2
15298,0.8540894,0.08333333333333333
15299,0.3934753,0.011301528485409912
15300,0.5269988,0.015443662615370557
15301,0.2667764,0.0007388252678241596
15302,0.4984858,0.0
15303,0.27253821,0.0
15304,0.94793016,0.3468795355587808
15305,0.42949018,0.0
15306,0.56033283,0.0
15307,0.38578266,0.5011270613358643
15308,0.3197941,0.0013986013986013986
15309,0.17555776,0.7253360153607022
15310,0.3615858,0.0
15311,0.5038688,0.0
15312,0.3835542,0.0
15313,0.83524233,0.0
15314,0.54648924,0.07091581466173591
15315,0.5192602,0.0
15316,0.8997421,0.35714285714285715
15317,0.88345057,0.28107074569789675
15318,0.8852644,0.034482758620689655
15319,0.5548443,0.0
15320,0.86788225,0.18181818181818182
15321,0.24381298,0.011111111111111112
15322,0.45019698,0.0
15323,0.5855006,0.07076923076923076
15324,0.50927556,0.0
15325,0.4261324,0.0002145002145002145
15326,0.8582977,0.05555555555555555
15327,0.581028,0.034482758620689655
15328,0.8304776,0.1643835616438356
15329,0.44299144,0.0
15330,0.8793973,0.16853932584269662
15331,0.83148974,0.10526315789473684
15332,0.4654122,0.010714285714285714
15333,0.5047476,0.03367003367003367
15334,0.5563974,0.1301775147928994
15335,0.83498895,0.0
15336,0.5399199,0.0
15337,0.12634283,0.0
15338,0.86704654,0.10714285714285714
15339,0.7945962,0.0
15340,0.20517051,0.0
15341,0.344367,0.9805372807017544
15342,0.3766172,0.0
15343,0.8076236,0.0967741935483871
15344,0.90469974,1.0
15345,0.70944685,0.0
15346,0.41369945,0.03068792879658817
15347,0.8379631,0.0
15348,0.89707637,0.0
15349,0.34519652,0.023809523809523808
15350,0.9052326,0.29838709677419356
15351,0.4265306,0.0
15352,0.50116664,0.010309278350515464
15353,0.34322536,0.9809941520467836
15354,0.2375647,0.006024096385542169
15355,0.82806605,0.0
15356,0.2524948,0.011538461538461539
15357,0.94244903,0.060489414352488315
15358,0.8847113,0.2177858439201452
15359,0.26152313,0.151931330472103
15360,0.9551299,0.3229166666666667
15361,0.30719262,0.12377450980392157
15362,0.8966792,0.09192200557103064
15363,0.83954346,0.0
15364,0.81862515,0.0
15365,0.9238026,0.1111111111111111
15366,0.6526877,0.0
15367,0.5285553,0.01834862385321101
15368,0.88251567,0.0
15369,0.54597014,0.02857142857142857
15370,0.16407734,0.011494252873563218
15371,0.8634802,0.0
15372,0.8856871,0.0
15373,0.8180132,0.2032520325203252
15374,0.6992016,0.0
15375,0.36438856,0.0
15376,0.5084559,0.05
15377,0.79995143,0.125
15378,0.1738482,0.014557844200092922
15379,0.27528274,0.8649341142020498
15380,0.8288611,0.047619047619047616
15381,0.87431103,0.0
15382,0.5570881,0.01552452691530406
15383,0.74502176,0.05714285714285714
15384,0.4377402,0.0
15385,0.6318377,0.04
15386,0.8458382,0.029411764705882353
15387,0.8617243,0.08695652173913043
15388,0.22702387,0.0
15389,0.44173375,0.0196078431372549
15390,0.2855271,0.01661631419939577
15391,0.46384656,0.0
15392,0.37519735,0.009069767441860464
15393,0.4329991,0.9977156432748538
15394,0.32762888,0.0
15395,0.5882832,0.0
15396,0.45724326,0.057692307692307696
15397,0.88468724,0.023166023166023165
15398,0.7535665,0.0
15399,0.6603721,0.13022113022113022
15400,0.634139,0.0
15401,0.65735537,0.13333333333333333
15402,0.53090173,0.015483279890059551
15403,0.88997215,0.16632443531827515
15404,0.8792809,0.0
15405,0.87758124,0.0
15406,0.759309,0.0
15407,0.8882541,0.021739130434782608
15408,0.7439193,0.0
15409,0.21815711,0.11220930232558139
15410,0.4780768,0.5260815822002473
15411,0.924812,0.12418300653594772
15412,0.29725394,0.011764705882352941
15413,0.83426887,0.002041649652919559
15414,0.63467646,0.0
15415,0.5529289,0.05454545454545454
15416,0.50516903,0.0006427423674343867
15417,0.8946148,0.0
15418,0.6315069,0.0
15419,0.20757397,0.016318537859007835
15420,0.44183123,0.0
15421,0.8016654,0.0
15422,0.89543015,0.16666666666666666
15423,0.7069396,0.05847953216374269
15424,0.3893864,0.16666666666666666
15425,0.19209494,0.0
15426,0.9038377,0.17248062015503876
15427,0.8923281,0.0
15428,0.38807976,0.030991158678455095
15429,0.8336137,0.0
15430,0.27624038,0.01738122827346466
15431,0.46469638,0.08904109589041095
15432,0.83368576,0.0
15433,0.61739504,0.0
15434,0.8688934,0.04186046511627907
15435,0.9362201,0.26458333333333334
15436,0.6903296,0.0
15437,0.8785116,0.0
15438,0.19850987,0.029723991507430998
15439,0.42660964,0.0
15440,0.807655,0.0
15441,0.7499876,0.175
15442,0.32776734,0.06619937694704049
15443,0.79897153,0.2857142857142857
15444,0.8540173,0.0
15445,0.7236582,0.08208955223880597
15446,0.23658669,0.061855670103092786
15447,0.2873937,0.07236842105263158
15448,0.7271146,0.0
15449,0.61674464,0.10560839619547392
15450,0.31016713,0.011542012927054479
15451,0.83847123,0.1111111111111111
15452,0.51401705,0.0
15453,0.11627447,0.0
15454,0.29105362,0.0
15455,0.44112214,0.0
15456,0.81365645,0.0
15457,0.8962062,0.0
15458,0.82049656,0.0
15459,0.33972663,0.0
15460,0.8434074,0.11764705882352941
15461,0.62250876,0.048701298701298704
15462,0.90458804,0.0
15463,0.925136,0.16304347826086957
15464,0.51120615,0.0
15465,0.5179269,0.0
15466,0.83440673,0.0
15467,0.18443045,0.13003300330033005
15468,0.65112025,0.0
15469,0.2333694,0.03721937770775896
15470,0.32007688,0.0
15471,0.7467198,0.109375
15472,0.27825487,0.6873136481677407
15473,0.9238088,0.1511627906976744
15474,0.38832638,0.0
15475,0.19615966,0.0
15476,0.26766905,0.0
15477,0.6711278,0.034739454094292806
15478,0.653236,0.015490375802016499
15479,0.29362857,0.13129251700680272
15480,0.33548498,0.16666666666666666
15481,0.79425126,0.0014970059880239522
15482,0.64982474,0.0016357688113413304
15483,0.8891127,0.12307692307692308
15484,0.78496504,0.0
15485,0.54686165,0.0
15486,0.61616445,0.03125
15487,0.7527004,0.0
15488,0.5887485,0.03017241379310345
15489,0.8016263,0.05714285714285714
15490,0.18750419,0.0
15491,0.21142587,0.0053475935828877
15492,0.47820404,0.0006455777921239509
15493,0.7279134,0.0
15494,0.6239786,0.026200873362445413
15495,0.88610405,0.0
15496,0.6141352,0.0
15497,0.77159107,0.0055819145967066705
15498,0.47493488,0.0
15499,0.84587175,0.0
15500,0.33640832,0.6041068668580261
15501,0.33343607,0.0
15502,0.4392595,0.9978981997624052
15503,0.7789814,0.27275850223290965
15504,0.47983614,0.011235955056179775
15505,0.3173066,0.0
15506,0.9514944,0.4022787028921998
15507,0.87857395,0.42857142857142855
15508,0.6964384,0.07766990291262135
15509,0.80481297,0.14942528735632185
15510,0.38293448,0.0
15511,0.47444898,0.011281298725121526
15512,0.6756646,0.0
15513,0.25439626,0.007447528774542992
15514,0.7486674,0.0
15515,0.20380116,9.898050084133426e-05
15516,0.9168533,0.19169329073482427
15517,0.95083404,0.11992324912056283
15518,0.9066381,0.10256410256410256
15519,0.85828876,0.26666666666666666
15520,0.62264067,0.03056768558951965
15521,0.28736407,0.022566995768688293
15522,0.55334467,0.0001827485380116959
15523,0.8687921,0.0
15524,0.46434894,0.0
15525,0.8452146,0.0
15526,0.3485941,0.0
15527,0.32169482,0.0
15528,0.35061997,0.9426757453073242
15529,0.25996104,0.0
15530,0.5143594,0.0
15531,0.8681618,0.05263157894736842
15532,0.69735545,0.06521739130434782
15533,0.6431053,0.0
15534,0.9431443,0.43252595155709345
15535,0.81805706,0.0
15536,0.6520838,0.0078125
15537,0.8030446,0.0
15538,0.68910336,0.05263157894736842
15539,0.7788998,0.10980662983425414
15540,0.85348004,0.13333333333333333
15541,0.29804507,0.0
15542,0.7992791,0.1
15543,0.750513,0.08974358974358974
15544,0.8296933,0.0
15545,0.4606547,0.025817555938037865
15546,0.25410378,0.0
15547,0.69472384,0.060240963855421686
15548,0.290658,0.0
15549,0.6489417,0.0
15550,0.27026394,0.17326351455413522
15551,0.20369124,0.0
15552,0.86871785,0.13539325842696628
15553,0.6139417,0.07978142076502732
15554,0.79399467,0.13725490196078433
15555,0.5886686,0.015581781301862437
15556,0.22859429,0.0
15557,0.84678376,0.0
15558,0.1655487,0.7744883040935673
15559,0.349305,0.25116574819838916
15560,0.67028135,0.031496062992125984
15561,0.6748109,0.0
15562,0.9213058,0.0
15563,0.18519837,0.0
15564,0.756121,0.024489795918367346
15565,0.81931174,0.07692307692307693
15566,0.91122615,0.100418410041841
15567,0.589474,0.0
15568,0.40746775,0.0
15569,0.3780023,0.010526315789473684
15570,0.24300833,0.043859649122807015
15571,0.55669045,0.0
15572,0.7454525,0.0002966478789676654
15573,0.28980246,0.027777777777777776
15574,0.9449993,0.0
15575,0.32544622,0.07246376811594203
15576,0.6055881,0.015443662615370557
15577,0.15439138,0.00013354700854700856
15578,0.21033326,0.6779907084785134
15579,0.80518806,0.16666666666666666
15580,0.9566027,0.31411992263056093
15581,0.2501906,0.0
15582,0.39352262,0.0
15583,0.3567876,0.18616921047672885
15584,0.70964664,0.0
15585,0.40652272,0.045454545454545456
15586,0.8711473,0.0
15587,0.83788824,0.16483516483516483
15588,0.8385991,0.04878048780487805
15589,0.83934045,0.0
15590,0.1372769,0.3623853211009174
15591,0.9067053,0.1276595744680851
15592,0.8958219,0.09375
15593,0.90049225,0.0
15594,0.82439774,0.0
15595,0.6814787,0.12684989429175475
15596,0.79792,0.1
15597,0.37190035,0.0005802146794313896
15598,0.33761564,0.004431314623338257
15599,0.43137455,0.022587268993839837
15600,0.26889738,0.0
15601,0.5843634,0.0
15602,0.39330107,0.012366780615322743
15603,0.84835565,0.0
15604,0.47649115,0.0158902621214179
15605,0.31642178,0.04117259552042161
15606,0.38246113,0.0
15607,0.87227046,0.0
15608,0.6082361,0.0
15609,0.5250725,0.07651245551601424
15610,0.73014104,0.0
15611,0.2976689,0.011521168977144999
15612,0.7056049,0.0
15613,0.33147576,0.0
15614,0.27524403,0.012328767123287671
15615,0.46200156,0.0014184397163120568
15616,0.6649676,0.0
15617,0.47021997,0.015449309808940489
15618,0.62333393,0.0
15619,0.90237147,0.0
15620,0.4824884,0.10164835164835165
15621,0.70430917,0.11764705882352941
15622,0.9006061,0.07142857142857142
15623,0.25352246,0.9079681639374256
15624,0.88045216,0.0
15625,0.8667035,0.04420505200594354
15626,0.74108505,0.01572093023255814
15627,0.79384243,0.0
15628,0.52238184,0.0
15629,0.88391465,0.0
15630,0.89475065,0.0
15631,0.31137913,0.0
15632,0.9093786,0.04656402553511078
15633,0.3846636,0.011296840558412931
15634,0.8491602,0.04716981132075472
15635,0.57308775,0.0
15636,0.68574387,0.08450704225352113
15637,0.8072967,0.0594059405940594
15638,0.20854767,0.0
15639,0.560123,0.014285714285714285
15640,0.31739715,0.010062893081761006
15641,0.27753818,0.0032879286049788633
15642,0.6320747,0.0
15643,0.7752965,0.11666666666666667
15644,0.78861433,0.09090909090909091
15645,0.27757674,0.0
15646,0.7490071,0.0
15647,0.26281837,0.0
15648,0.7806925,0.1111111111111111
15649,0.27780274,0.012658227848101266
15650,0.83548355,0.0
15651,0.846877,0.0
15652,0.29707742,0.0
15653,0.32066667,0.0
15654,0.5521689,0.0
15655,0.5212544,0.05555555555555555
15656,0.3334893,0.12384851586489252
15657,0.6434234,0.0
15658,0.2463075,0.0
15659,0.458511,0.0
15660,0.5866249,0.0
15661,0.65461564,0.0
15662,0.9410795,0.2962962962962963
15663,0.27157,0.28958491383981794
15664,0.47819704,0.026717557251908396
15665,0.5442274,0.0
15666,0.5064895,0.0
15667,0.21205047,0.0
15668,0.8996642,0.02631578947368421
15669,0.85374385,0.0
15670,0.9154765,0.13333333333333333
15671,0.4159589,0.0
15672,0.88399667,0.0
15673,0.52908623,0.0
15674,0.78791684,0.1320754716981132
15675,0.6819979,0.07784431137724551
15676,0.86618376,0.162217659137577
15677,0.3001286,0.0625
15678,0.73500514,0.0
15679,0.6348891,0.0
15680,0.2575133,0.0
15681,0.26164567,0.0
15682,0.47712392,0.02040816326530612
15683,0.5407421,0.0003655972945800201
15684,0.42533523,0.011279229711141679
15685,0.36768016,0.025423728813559324
15686,0.3555975,0.0
15687,0.8885403,0.0
15688,0.93265694,0.15789473684210525
15689,0.67029446,0.0
15690,0.81994164,0.125
15691,0.33245075,0.005278116118554608
15692,0.9057144,0.0
15693,0.20315151,0.014285714285714285
15694,0.34762204,0.0
15695,0.6145437,0.0
15696,0.45758167,0.07596611964002117
15697,0.22258903,0.0
15698,0.4834352,0.0
15699,0.8607057,0.125
15700,0.23889305,0.008928571428571428
15701,0.7778475,0.06666666666666667
15702,0.84981275,0.16666666666666666
15703,0.22084501,0.10354223433242507
15704,0.44878414,0.06727480045610035
15705,0.78846943,0.0
15706,0.7399176,0.0
15707,0.840901,0.0
15708,0.82387424,0.0
15709,0.2918568,0.021614468460520512
15710,0.7944498,0.0
15711,0.30359823,0.0
15712,0.21392977,0.0
15713,0.7668811,0.0
15714,0.27614954,0.0
15715,0.32016358,0.0
15716,0.26729023,0.0
15717,0.8368061,0.0
15718,0.21999237,0.0
15719,0.5494368,0.01601164483260553
15720,0.9102082,0.4
15721,0.711559,0.11206896551724138
15722,0.22678967,0.44148438960553377
15723,0.9199076,1.0
15724,0.32186627,0.0
15725,0.24358147,0.0
15726,0.8403977,0.15053763440860216
15727,0.9054748,0.0
15728,0.52485687,0.0
15729,0.17594099,0.3884971007679047
15730,0.7640201,0.10734463276836158
15731,0.6928362,0.0
15732,0.66011274,0.0
15733,0.9303652,0.05128205128205128
15734,0.54779744,0.125
15735,0.7295656,0.0
15736,0.5303389,0.0
15737,0.9225081,0.0
15738,0.911921,0.18233618233618235
15739,0.28259903,0.04
15740,0.736193,0.0
15741,0.8561053,0.13432835820895522
15742,0.2619467,0.00038102495713469235
15743,0.46573654,0.0
15744,0.79079497,0.0
15745,0.3100863,0.03508771929824561
15746,0.73876446,0.0625
15747,0.20274581,0.0
15748,0.2586689,0.0
15749,0.50049937,0.014634146341463415
15750,0.31026906,0.0
15751,0.8440694,0.0
15752,0.47915548,0.0
15753,0.657805,0.0081374321880651
15754,0.17804092,0.05816382627817482
15755,0.41419867,0.0
15756,0.26742414,0.004672442324540056
15757,0.5952938,0.25
15758,0.21705107,0.22103505843071786
15759,0.23533277,0.20857988165680474
15760,0.87007105,0.0
15761,0.8913129,0.0
15762,0.58161587,0.0
15763,0.20299035,0.0
15764,0.74152607,0.0
15765,0.85347,0.0
15766,0.6525066,0.08333333333333333
15767,0.3030685,0.0
15768,0.48031932,0.0
15769,0.84580433,0.0
15770,0.9323158,0.2802547770700637
15771,0.8819129,0.20679886685552407
15772,0.66808337,0.00398406374501992
15773,0.5484408,0.0001039176971838304
15774,0.42320544,0.004750593824228029
15775,0.7485336,0.015456374611304188
15776,0.6337204,0.0
15777,0.159783,0.0
15778,0.6690835,0.0967741935483871
15779,0.7203021,0.0
15780,0.84067655,0.0
15781,0.8025354,0.0
15782,0.8000306,0.04918032786885246
15783,0.2622903,0.011481056257175661
15784,0.39867604,0.0
15785,0.34836,0.0
15786,0.36142194,0.02471636952998379
15787,0.8795475,0.0
15788,0.33143556,0.0
15789,0.22002317,0.22593320235756384
15790,0.8752107,0.1111111111111111
15791,0.90418303,0.0
15792,0.47849154,0.015456374611304188
15793,0.91278344,0.0
15794,0.7393673,0.0
15795,0.18206085,0.0
15796,0.45097035,0.014213663457129757
15797,0.72771496,0.0
15798,0.32607058,0.0
15799,0.7574985,0.0
15800,0.6269601,0.0
15801,0.8220613,0.042105263157894736
15802,0.51747596,0.022354173943415996
15803,0.66372985,0.025
15804,0.62301534,0.011068068622025456
15805,0.1617892,0.04214876033057851
15806,0.8658517,0.13815789473684212
15807,0.25801405,0.06200317965023847
15808,0.88185763,0.04878048780487805
15809,0.3736056,0.0
15810,0.87271667,0.05853658536585366
15811,0.51309997,0.007168458781362007
15812,0.14045855,0.48622842453176646
15813,0.35094157,0.020138262699128343
15814,0.56185895,0.0
15815,0.6446647,0.0625
15816,0.2709967,0.26745359160613397
15817,0.29128045,0.9665570175438597
15818,0.40501714,0.0
15819,0.7659984,0.0
15820,0.33273435,0.0
15821,0.45823184,0.0
15822,0.90484977,0.24283206553540082
15823,0.6374395,0.07142857142857142
15824,0.8548543,0.0
15825,0.908319,0.0
15826,0.8527224,0.0
15827,0.7841504,0.0
15828,0.6249787,0.5714285714285714
15829,0.68819094,0.0
15830,0.21835642,0.1442382057231245
15831,0.90355885,0.0
15832,0.9594681,0.2864864864864865
15833,0.50196725,0.032308291163877
15834,0.8006496,0.0
15835,0.23874778,0.0
15836,0.8673022,0.1292929292929293
15837,0.49346703,0.0
15838,0.9015693,0.0
15839,0.90475196,0.2513011152416357
15840,0.3088651,0.00017412502176562773
15841,0.6477613,0.0
15842,0.74163836,0.07067984426474992
15843,0.8496219,0.0
15844,0.45745465,0.0
15845,0.25767422,0.15871934604904633
15846,0.48223996,0.0009794319294809011
15847,0.210434,0.0
15848,0.36465997,0.018461538461538463
15849,0.4892384,0.0
15850,0.427156,0.06829268292682927
15851,0.26928893,0.0
15852,0.5974302,0.0
15853,0.9521463,0.0
15854,0.29777032,0.08333333333333333
15855,0.7410956,0.07692307692307693
15856,0.8573394,0.15151515151515152
15857,0.90592474,0.21649484536082475
15858,0.17013279,0.0
15859,0.29767308,0.03537532355478861
15860,0.24829765,0.0
15861,0.33060008,0.0192458758837392
15862,0.73107654,0.0
15863,0.8842549,0.125
15864,0.7801175,0.0
15865,0.30578744,0.2838137472283814
15866,0.7963336,0.02857142857142857
15867,0.65528667,0.06666666666666667
15868,0.22388352,0.0
15869,0.22749937,0.007326007326007326
15870,0.81815964,0.0
15871,0.6325536,0.00909090909090909
15872,0.2094554,0.0
15873,0.3877845,0.09615384615384616
15874,0.9219334,0.057730328192961644
15875,0.9033701,0.125
15876,0.18708757,0.025
15877,0.20458126,0.0
15878,0.7501568,0.0006997900629811056
15879,0.3647719,0.0
15880,0.19277385,0.0
15881,0.45965537,0.018604651162790697
15882,0.8258611,0.058823529411764705
15883,0.6032989,0.0
15884,0.882668,0.11904761904761904
15885,0.68522316,0.125
15886,0.6694044,0.0
15887,0.3515492,0.0
15888,0.6175546,0.0
15889,0.780914,0.0
15890,0.88355476,0.16091954022988506
15891,0.9374626,0.1484375
15892,0.20903803,0.0
15893,0.910716,0.0
15894,0.18696621,0.0
15895,0.33193725,0.0
15896,0.5597757,0.03305785123966942
15897,0.5485633,0.14050131926121373
15898,0.7669939,0.0
15899,0.5613469,0.0
15900,0.6402358,0.0
15901,0.58489156,0.0
15902,0.7355152,0.0
15903,0.83649737,0.031007751937984496
15904,0.8703996,0.08469945355191257
15905,0.5545261,0.0
15906,0.2450463,0.03956043956043956
15907,0.18454966,0.22868900646678425
15908,0.43971336,0.15884244372990353
15909,0.88727283,0.0
15910,0.5915714,0.01544648569600585
15911,0.16940549,0.003416557161629435
15912,0.27624136,0.011564211807668898
15913,0.8872417,0.16666666666666666
15914,0.88335794,0.1391304347826087
15915,0.6626623,0.02914798206278027
15916,0.84239745,0.06481481481481481
15917,0.3078579,0.0
15918,0.6911903,0.0
15919,0.48984838,0.002621231979030144
15920,0.8908667,0.0
15921,0.25602365,0.0
15922,0.2658091,0.024806201550387597
15923,0.6093556,0.022222222222222223
15924,0.87664,0.0
15925,0.1927144,0.9093247588424437
15926,0.23798661,0.0
15927,0.8964553,0.0
15928,0.39531326,0.0
15929,0.20275033,0.0
15930,0.8172275,0.1694915254237288
15931,0.7126074,0.008661417322834646
15932,0.17353351,0.0
15933,0.8183193,0.184
15934,0.28206906,0.002570694087403599
15935,0.7937157,0.11979166666666667
15936,0.7439913,0.0
15937,0.6351465,0.031496062992125984
15938,0.43015674,0.030973451327433628
15939,0.6787585,0.0
15940,0.8608569,0.13043478260869565
15941,0.5338107,0.0
15942,0.6738721,0.016312741312741314
15943,0.48703414,0.0
15944,0.768246,0.13157894736842105
15945,0.6730163,0.06504065040650407
15946,0.27591738,0.0967741935483871
15947,0.893621,0.0
15948,0.45365015,0.3333333333333333
15949,0.3378829,0.0
15950,0.28534293,0.0
15951,0.6193846,0.0
15952,0.3962087,0.0
15953,0.67857987,0.0
15954,0.8585733,0.0
15955,0.78292245,0.0
15956,0.58495516,0.0
15957,0.17876299,0.0
15958,0.94845784,0.31296572280178836
15959,0.6127916,0.043478260869565216
15960,0.90241474,0.0
15961,0.3103573,0.0
15962,0.31756973,0.0
15963,0.73723066,0.015873015873015872
15964,0.39952043,0.0
15965,0.84358186,0.0
15966,0.56888753,0.041666666666666664
15967,0.86920965,0.23333333333333334
15968,0.62869984,0.0
15969,0.8681063,0.16666666666666666
15970,0.2583152,0.0
15971,0.58401173,0.044444444444444446
15972,0.8342405,0.03508771929824561
15973,0.888338,0.4
15974,0.8624117,0.5
15975,0.22088584,0.0
15976,0.23933683,0.0
15977,0.83335567,0.0
15978,0.8595666,0.23529411764705882
15979,0.8600534,0.12790697674418605
15980,0.8283529,0.0
15981,0.7103895,0.20588235294117646
15982,0.82203984,0.0
15983,0.2122921,0.0
15984,0.9019506,0.1780821917808219
15985,0.881158,0.21428571428571427
15986,0.37245464,0.0
15987,0.29531017,0.0
15988,0.65671927,0.0
15989,0.4863461,0.01555023923444976
15990,0.5869698,0.0125
15991,0.83360815,0.1232876712328767
15992,0.4809396,0.0
15993,0.38684848,0.0
15994,0.6188649,0.1282051282051282
15995,0.66993725,0.16731517509727625
15996,0.37932685,0.01619001454192923
15997,0.83603215,0.5833333333333334
15998,0.9314766,0.0
15999,0.32224306,0.0
16000,0.8235857,0.2
16001,0.9022177,0.5
16002,0.74591565,0.1
16003,0.85349977,0.0
16004,0.3549007,0.13621896880967538
16005,0.8409384,0.0888382687927107
16006,0.7507037,0.038834951456310676
16007,0.3163868,0.0
16008,0.2318451,0.0
16009,0.43302858,0.06303972366148532
16010,0.26567852,0.027777777777777776
16011,0.75653714,0.0
16012,0.27804226,0.010530749789385004
16013,0.8211406,0.0
16014,0.41983858,0.0
16015,0.77352166,0.0
16016,0.65286684,0.0
16017,0.69840306,0.0
16018,0.3256374,0.012048192771084338
16019,0.8180449,0.0
16020,0.7094823,0.09230769230769231
16021,0.79221964,0.0
16022,0.2546577,0.0
16023,0.30396163,0.0
16024,0.7350931,0.05
16025,0.52183574,0.0
16026,0.88973826,0.0
16027,0.7387749,0.015442251461988304
16028,0.4315881,0.039057899901864576
16029,0.34256744,0.0
16030,0.8809296,0.24153498871331827
16031,0.73463917,0.0
16032,0.40483177,0.0
16033,0.8043032,0.09322033898305085
16034,0.94278085,0.3987603305785124
16035,0.6840988,0.29411764705882354
16036,0.8728656,0.00593387962701328
16037,0.62822014,0.09523809523809523
16038,0.14209472,0.6943995435960826
16039,0.6956293,0.0
16040,0.6943397,0.0
16041,0.3449161,0.026737967914438502
16042,0.39899734,0.0
16043,0.18765143,0.35524459078080906
16044,0.8931495,0.0
16045,0.74623317,0.0
16046,0.8631784,0.0
16047,0.822732,0.32220039292730845
16048,0.7817926,0.10862619808306709
16049,0.5680173,0.0
16050,0.9112703,0.14285714285714285
16051,0.83166796,0.015151515151515152
16052,0.33300042,0.0018018018018018018
16053,0.7883833,0.0
16054,0.4989334,0.0
16055,0.6912779,0.0
16056,0.87434965,0.0
16057,0.8932919,0.0
16058,0.28009722,0.011363636363636364
16059,0.55670947,0.023255813953488372
16060,0.7479672,0.19827586206896552
16061,0.4438817,0.0
16062,0.26556623,0.00909090909090909
16063,0.64224994,0.04712041884816754
16064,0.22966377,0.7085117773019272
16065,0.50836796,0.0
16066,0.8863061,0.18691588785046728
16067,0.2804185,0.005597014925373134
16068,0.23393536,0.02627939142461964
16069,0.83507055,0.0851063829787234
16070,0.19435802,0.0
16071,0.40842664,0.0
16072,0.86296153,0.11888111888111888
16073,0.8577821,0.0
16074,0.63869655,0.0
16075,0.8957862,0.14513274336283186
16076,0.86199003,0.07792207792207792
16077,0.7575541,0.0
16078,0.25744113,0.6566854990583804
16079,0.35048637,0.02721482339316734
16080,0.46328643,0.26590839225330465
16081,0.8998783,0.2597402597402597
16082,0.68632984,0.0
16083,0.583736,0.0
16084,0.53766817,0.0
16085,0.6950094,0.046511627906976744
16086,0.21230423,0.6213618890719385
16087,0.5369,0.003177124702144559
16088,0.8925559,0.15384615384615385
16089,0.77461284,0.0
16090,0.22674906,0.0
16091,0.45201164,0.0
16092,0.92749983,0.34934797529169526
16093,0.93925416,0.6116622308250665
16094,0.91709113,0.125
16095,0.73254496,0.0
16096,0.24181144,0.0
16097,0.6057711,0.0
16098,0.31163165,0.032443746729461015
16099,0.29498625,0.03125
16100,0.7214505,0.012594458438287154
16101,0.759958,0.07142857142857142
16102,0.8593655,0.0
16103,0.25817424,0.002890173410404624
16104,0.6477468,0.0
16105,0.8817102,0.04054054054054054
16106,0.42648944,0.00037498828161619947
16107,0.86416686,0.0
16108,0.19974872,0.001026694045174538
16109,0.26890787,0.20717344753747324
16110,0.8606736,0.2222222222222222
16111,0.16977823,0.0
16112,0.8345982,0.0
16113,0.20685692,0.006578947368421052
16114,0.7046879,0.015503875968992248
16115,0.5237488,0.0
16116,0.82632846,0.3333333333333333
16117,0.47129318,0.0392156862745098
16118,0.8489586,0.0
16119,0.6132222,0.0
16120,0.21825707,0.02990550305725403
16121,0.2650063,0.016908736180359853
16122,0.9096511,0.0
16123,0.6871195,0.0
16124,0.62763304,0.015445074026686163
16125,0.63902116,0.10307017543859649
16126,0.11635235,0.0
16127,0.6054727,0.0
16128,0.6042622,0.0
16129,0.20127594,0.0011899095668729176
16130,0.75343513,0.0
16131,0.892576,0.05389221556886228
16132,0.77803814,0.041666666666666664
16133,0.6677502,0.02631578947368421
16134,0.5226372,0.05813953488372093
16135,0.9271299,0.05004721435316336
16136,0.7346932,0.03577512776831346
16137,0.9204428,0.1450381679389313
16138,0.19437292,0.0
16139,0.9277826,0.25
16140,0.46707258,0.0
16141,0.610713,0.0
16142,0.38442126,0.0
16143,0.7465368,0.0380952380952381
16144,0.2446882,0.0003171582619727244
16145,0.7074149,0.0
16146,0.8183922,0.0
16147,0.8289513,0.0
16148,0.39838198,0.06557377049180328
16149,0.33649465,0.03125
16150,0.54802114,0.0
16151,0.24581626,0.11925897336935547
16152,0.31345925,0.29004422392406426
16153,0.6551042,0.0
16154,0.33256286,0.0
16155,0.29718074,0.15053763440860216
16156,0.7836172,0.1111111111111111
16157,0.50823605,0.0
16158,0.37767276,0.0
16159,0.14240037,0.002210921954455008
16160,0.45002264,0.0
16161,0.89892405,0.07272727272727272
16162,0.32390222,0.0
16163,0.9058343,0.043478260869565216
16164,0.37068504,0.11627906976744186
16165,0.81628925,0.25
16166,0.8488093,0.0
16167,0.7652133,0.0673076923076923
16168,0.49070734,0.01845018450184502
16169,0.48494303,0.0
16170,0.85852635,0.013333333333333334
16171,0.50297064,0.0003671071953010279
16172,0.85239196,0.1
16173,0.74122125,0.0
16174,0.78049797,0.0
16175,0.85854584,0.0
16176,0.8357738,0.0
16177,0.77650464,0.13636363636363635
16178,0.89864033,0.26054590570719605
16179,0.59788156,0.0
16180,0.74504435,0.0
16181,0.5578656,0.0
16182,0.25719482,0.0
16183,0.46467805,0.005649717514124294
16184,0.7848589,0.0
16185,0.82347745,0.03333333333333333
16186,0.72509086,0.0
16187,0.7249632,0.0
16188,0.92230296,0.3108365019011407
16189,0.24057537,0.0
16190,0.2539918,0.0
16191,0.8425128,0.0
16192,0.15756023,0.0005787037037037037
16193,0.14786287,0.4252050146102366
16194,0.56330293,0.03909249563699826
16195,0.6392185,0.0
16196,0.91358703,0.12121212121212122
16197,0.80390835,0.11797752808988764
16198,0.7364736,0.0
16199,0.83411926,0.0
16200,0.3770459,0.0
16201,0.5469652,0.0
16202,0.7096033,0.03333333333333333
16203,0.8982006,0.36447166921898927
16204,0.5578478,0.1013745704467354
16205,0.3034132,0.0
16206,0.8867761,0.046296296296296294
16207,0.6046273,0.0
16208,0.7960952,0.0
16209,0.904735,0.35040983606557374
16210,0.4842797,0.016129032258064516
16211,0.33357757,0.021164021164021163
16212,0.78732705,0.08333333333333333
16213,0.23181783,0.004761904761904762
16214,0.7517367,0.0
16215,0.6782207,0.08333333333333333
16216,0.77532184,0.10666666666666667
16217,0.77272815,0.0
16218,0.29300594,0.012121212121212121
16219,0.698711,0.08791208791208792
16220,0.34933206,0.5523837991331639
16221,0.37829962,0.0
16222,0.8366063,0.0
16223,0.38953292,0.015792916549855155
16224,0.28174943,0.0
16225,0.6816695,0.0
16226,0.27221018,0.0
16227,0.89372104,0.05263157894736842
16228,0.8904501,0.16666666666666666
16229,0.22293259,0.0
16230,0.5951983,0.0
16231,0.8767276,0.06666666666666667
16232,0.9557051,0.2615844544095665
16233,0.3046232,0.0
16234,0.86859524,0.0
16235,0.44155207,0.16175984121733378
16236,0.340156,0.028985507246376812
16237,0.3109764,0.000184945441094877
16238,0.87551725,0.08771929824561403
16239,0.2363762,0.030303030303030304
16240,0.15574393,0.0
16241,0.80988437,0.022727272727272728
16242,0.8726855,0.0
16243,0.25360173,0.03954802259887006
16244,0.2194555,0.0
16245,0.8118558,0.0
16246,0.30508655,0.04276315789473684
16247,0.23247372,0.05555555555555555
16248,0.6277941,0.0
16249,0.37489235,0.012042612320518759
16250,0.6709513,0.0
16251,0.7664252,0.25405405405405407
16252,0.865891,0.09956709956709957
16253,0.7771024,0.08333333333333333
16254,0.5246302,0.0
16255,0.8251801,0.0
16256,0.768334,0.0
16257,0.7528652,0.0
16258,0.86766684,0.0891089108910891
16259,0.625896,0.0
16260,0.4518752,0.01956521739130435
16261,0.41318655,0.0
16262,0.32362127,0.0
16263,0.92642874,0.0
16264,0.8782192,0.0
16265,0.444711,0.0
16266,0.83338594,0.0
16267,0.9201632,0.002277904328018223
16268,0.46277326,0.02586206896551724
16269,0.39118338,0.015643802647412757
16270,0.41046706,0.0
16271,0.37269932,0.04378818737270876
16272,0.27975062,0.0007434944237918215
16273,0.7124469,0.0
16274,0.5522844,0.0
16275,0.91705626,0.15789473684210525
16276,0.35501263,0.9330147937149683
16277,0.37462413,0.09090909090909091
16278,0.40415278,0.0
16279,0.7588753,0.0
16280,0.8828403,0.3333333333333333
16281,0.5637876,0.011239035087719298
16282,0.29593423,0.01128977078344167
16283,0.87161213,0.0
16284,0.7963931,0.1368421052631579
16285,0.21065566,0.0
16286,0.9049611,0.11255411255411256
16287,0.40228358,0.0
16288,0.7498891,0.06666666666666667
16289,0.6447544,0.015503875968992248
16290,0.47334605,0.0
16291,0.8022164,0.013599274705349048
16292,0.3940053,0.019770408163265307
16293,0.4658446,0.0
16294,0.34621796,0.01969057665260197
16295,0.74263895,0.015463445877939427
16296,0.23529977,0.0
16297,0.48967558,0.0
16298,0.9094592,0.0
16299,0.8352987,0.0625
16300,0.8568548,0.2074074074074074
16301,0.8500593,0.13793103448275862
16302,0.7177189,0.0
16303,0.7857673,0.02857142857142857
16304,0.68124455,0.0
16305,0.287721,0.2761357101782634
16306,0.5224687,0.18226600985221675
16307,0.19585735,0.024844720496894408
16308,0.7253025,0.06172839506172839
16309,0.660535,0.0
16310,0.4043838,0.00021088148460565162
16311,0.8989794,0.0
16312,0.61732167,0.02702702702702703
16313,0.36908966,0.07142857142857142
16314,0.2802465,0.0
16315,0.6024413,0.0
16316,0.7432106,0.1958762886597938
16317,0.5995423,0.0
16318,0.19441816,0.0
16319,0.7532082,0.0
16320,0.91563195,0.0
16321,0.13921537,0.1850941850941851
16322,0.8207928,0.0
16323,0.6308719,0.0
16324,0.7938558,0.0
16325,0.39237213,0.0
16326,0.28948632,0.0
16327,0.4512616,0.030303030303030304
16328,0.32131985,0.010427807486631016
16329,0.17376557,0.0
16330,0.24266933,0.004342431761786601
16331,0.85836905,0.0
16332,0.47705576,0.016069221260815822
16333,0.91463923,0.17857142857142858
16334,0.9065257,0.5
16335,0.5824539,0.0079155672823219
16336,0.8721554,0.0
16337,0.7874274,0.06666666666666667
16338,0.21145214,0.0
16339,0.53587896,0.0
16340,0.32469434,0.0
16341,0.8596861,0.0784313725490196
16342,0.9384311,0.0
16343,0.24587908,0.17132675438596492
16344,0.43458086,0.003838771593090211
16345,0.17963578,0.18103549946927705
16346,0.7292371,0.0
16347,0.83826756,0.07344632768361582
16348,0.3498911,0.007407407407407408
16349,0.37656054,0.0
16350,0.5090299,0.0
16351,0.7749791,0.0
16352,0.24879888,0.9989035087719298
16353,0.7149949,0.0
16354,0.5005312,0.0
16355,0.22204603,0.0
16356,0.8350631,0.125
16357,0.49295476,0.0
16358,0.8760429,0.05555555555555555
16359,0.2321447,0.0
16360,0.7335987,0.0
16361,0.5345713,0.18317757009345795
16362,0.33206415,0.0
16363,0.6057923,0.11752136752136752
16364,0.3208157,0.0
16365,0.36479506,0.10004904364884748
16366,0.4757852,0.0007968127490039841
16367,0.8953215,0.0
16368,0.4055665,0.0
16369,0.78557736,0.0
16370,0.6172009,0.09282700421940929
16371,0.29328755,0.014367816091954023
16372,0.2605226,0.0
16373,0.94869155,0.2468553459119497
16374,0.6909244,0.0
16375,0.9008964,0.07142857142857142
16376,0.38209647,0.0
16377,0.74752057,0.0
16378,0.8735506,0.0
16379,0.9260403,0.3245382585751979
16380,0.8786643,0.0
16381,0.42184907,0.0
16382,0.20458767,0.02286902286902287
16383,0.9060093,0.0
16384,0.90666395,0.0
16385,0.2608803,0.18198491950275117
16386,0.88275176,0.25951557093425603
16387,0.60068387,0.0004048582995951417
16388,0.9147651,0.37448559670781895
16389,0.3758756,0.06976744186046512
16390,0.57932854,0.1394422310756972
16391,0.92490596,0.125
16392,0.3429266,0.0
16393,0.91062754,0.0
16394,0.19661726,0.0
16395,0.20533526,0.0
16396,0.10819098,0.0
16397,0.34954295,0.0016914749661705007
16398,0.50946885,0.07905138339920949
16399,0.8339892,0.0
16400,0.59945595,0.0
16401,0.6153929,0.4798136645962733
16402,0.9429803,0.11877394636015326
16403,0.17892084,0.0
16404,0.67425764,0.08746355685131195
16405,0.60451835,0.13008130081300814
16406,0.56048787,0.015513126491646777
16407,0.14489245,0.0
16408,0.7772969,0.0
16409,0.91524535,0.0
16410,0.7471868,0.07142857142857142
16411,0.21352877,0.019957781615812704
16412,0.3989193,0.7916705314905853
16413,0.20290619,0.008913267055193692
16414,0.22972439,0.24313022700119474
16415,0.39974335,0.0
16416,0.78541344,0.06896551724137931
16417,0.51204264,0.03519061583577713
16418,0.7128264,0.11764705882352941
16419,0.892557,0.24398625429553264
16420,0.26556692,0.13618760757314974
16421,0.5729614,0.0
16422,0.4551498,0.0
16423,0.366028,0.01368261022102678
16424,0.5548942,0.015459202341748994
16425,0.20055106,0.0
16426,0.3143869,0.0
16427,0.5149294,0.07399794450154162
16428,0.23173912,0.01342185019483331
16429,0.30673394,0.9621641381831475
16430,0.63627714,0.0
16431,0.2913708,0.07586206896551724
16432,0.79672647,0.15517241379310345
16433,0.73256123,0.0
16434,0.5375235,0.018050541516245487
16435,0.71526045,0.0
16436,0.91967666,0.1
16437,0.7360016,0.05429864253393665
16438,0.7682,0.02564102564102564
16439,0.2964322,0.0
16440,0.53141284,0.0
16441,0.9098607,0.26
16442,0.6898322,0.0
16443,0.65096194,0.0
16444,0.8916254,0.047619047619047616
16445,0.84628713,0.06666666666666667
16446,0.30041078,0.013098969995521719
16447,0.17617022,0.0
16448,0.59449476,0.0
16449,0.79570967,0.0
16450,0.5065885,0.01282051282051282
16451,0.2693482,0.4737661386319934
16452,0.8331162,0.1016949152542373
16453,0.556549,0.020202020202020204
16454,0.8414085,0.0
16455,0.22838058,0.0
16456,0.31188506,0.054954954954954956
16457,0.34120515,0.030303030303030304
16458,0.30958438,0.007380073800738007
16459,0.27056965,0.012433392539964476
16460,0.4771316,0.0
16461,0.79595053,0.0
16462,0.6754887,0.0
16463,0.23379418,0.04721549636803874
16464,0.83019835,0.0
16465,0.86773133,0.07272727272727272
16466,0.86906904,0.2
16467,0.64834183,0.0
16468,0.37079242,0.0
16469,0.37805507,0.0
16470,0.47146893,0.006211180124223602
16471,0.5836892,0.0
16472,0.40778792,0.0
16473,0.92837477,0.2686483454851374
16474,0.48520645,0.0
16475,0.7855494,0.0
16476,0.71654534,0.0
16477,0.8933367,0.05263157894736842
16478,0.91304225,0.1211340206185567
16479,0.2620982,0.0
16480,0.8751459,0.13333333333333333
16481,0.8409957,0.3333333333333333
16482,0.83777565,0.06666666666666667
16483,0.61533725,0.009174311926605505
16484,0.90118396,0.1433389544688027
16485,0.8648976,0.1
16486,0.5952147,0.0
16487,0.36021227,0.0002524296352391771
16488,0.4398977,0.013513513513513514
16489,0.8526768,0.12121212121212122
16490,0.17503242,0.0
16491,0.13835321,0.0
16492,0.28926778,0.0
16493,0.6960423,0.0
16494,0.2652336,0.0
16495,0.38908014,0.0
16496,0.6765244,0.0
16497,0.8468386,0.17307692307692307
16498,0.7484592,0.0
16499,0.31128293,0.0
16500,0.4300186,0.0
16501,0.2923615,0.00027240533914464724
16502,0.8705493,0.06666666666666667
16503,0.8845196,0.18181818181818182
16504,0.18686794,0.0
16505,0.32359853,0.0
16506,0.8776227,0.0
16507,0.49430844,0.27989886219974713
16508,0.18379337,0.0
16509,0.23563507,0.0
16510,0.9016648,0.16666666666666666
16511,0.59485555,0.0
16512,0.47766978,0.0111572153065929
16513,0.3892704,0.0
16514,0.26044804,0.0
16515,0.9448095,0.24541284403669725
16516,0.28141472,0.0
16517,0.5359925,0.009235505387378143
16518,0.6957971,0.0
16519,0.6984966,0.0
16520,0.3968854,0.13904761904761906
16521,0.3449819,0.0
16522,0.77854246,0.4
16523,0.91356945,0.09523809523809523
16524,0.91282797,0.0
16525,0.86400473,0.0
16526,0.8970446,0.0
16527,0.7051452,0.0
16528,0.80260587,0.0
16529,0.6442446,0.0011299435028248588
16530,0.32912517,0.04811715481171548
16531,0.42572486,0.0
16532,0.8935885,0.0
16533,0.22853093,0.0
16534,0.48676017,0.19047619047619047
16535,0.2803589,0.004651162790697674
16536,0.85775644,0.0
16537,0.2146074,0.0
16538,0.7675227,0.0
16539,0.37463096,0.0
16540,0.6287522,0.06683804627249357
16541,0.36085048,0.0
16542,0.8622537,0.0
16543,0.78212976,0.125
16544,0.6464546,0.1
16545,0.7268771,0.0
16546,0.8123457,0.16666666666666666
16547,0.9440487,0.2376470588235294
16548,0.48058733,0.0
16549,0.9225826,0.23583460949464014
16550,0.43444827,0.0
16551,0.830416,0.15
16552,0.91279507,0.16551724137931034
16553,0.86332077,0.0547945205479452
16554,0.8671791,0.03296703296703297
16555,0.8809454,0.0
16556,0.76479214,0.0
16557,0.51358736,0.0
16558,0.8471758,0.0
16559,0.521581,0.0
16560,0.6262716,0.0
16561,0.88317895,0.05434782608695652
16562,0.8035692,0.0
16563,0.69197524,0.0
16564,0.81807137,0.0
16565,0.7131726,0.0
16566,0.8547516,0.0
16567,0.3385924,0.0
16568,0.5028681,0.0
16569,0.76767564,0.07692307692307693
16570,0.36618787,0.0
16571,0.8449726,0.0
16572,0.7410466,0.0
16573,0.23577984,0.9824561403508771
16574,0.6356336,0.012987012987012988
16575,0.7330931,0.14285714285714285
16576,0.25288445,0.06896551724137931
16577,0.541112,0.0
16578,0.32463244,0.0
16579,0.3785533,0.014150943396226415
16580,0.75469947,0.0
16581,0.52816623,0.0
16582,0.7046722,0.06896551724137931
16583,0.9393173,0.12121212121212122
16584,0.95799965,0.11868608614812519
16585,0.11986118,0.23592257415786827
16586,0.70748204,0.0
16587,0.7403133,0.0
16588,0.3032376,0.02531645569620253
16589,0.5558971,0.0
16590,0.80461574,0.0
16591,0.43012118,0.0
16592,0.44246325,0.035398230088495575
16593,0.49929646,0.024900164435048156
16594,0.87257165,0.0
16595,0.88061076,0.11666666666666667
16596,0.5826289,0.0
16597,0.16030546,0.0
16598,0.3144095,0.0
16599,0.76376677,0.0
16600,0.87526417,0.0
16601,0.88447565,0.0
16602,0.27067333,0.08783596564145192
16603,0.536026,0.0
16604,0.8246178,0.0
16605,0.9112547,0.16666666666666666
16606,0.8773443,0.0
16607,0.2690954,0.0
16608,0.51117414,0.011240062140180938
16609,0.8792295,0.0
16610,0.7993753,0.0
16611,0.2799072,0.061224489795918366
16612,0.2505445,0.0005953562214725144
16613,0.80511504,0.0
16614,0.56925017,0.06666666666666667
16615,0.77688754,0.0
16616,0.6189877,0.0
16617,0.23545861,0.0005386189809328881
16618,0.23296398,0.008658008658008658
16619,0.4631861,0.017857142857142856
16620,0.7609018,0.03773584905660377
16621,0.6826011,0.015493215988265493
16622,0.9114364,0.0625
16623,0.8824398,0.1958762886597938
16624,0.4434911,0.026835043409629045
16625,0.65677035,0.015466276196577285
16626,0.7260623,0.0
16627,0.53949255,0.0
16628,0.20340693,0.0
16629,0.4639876,0.0
16630,0.6004458,0.016
16631,0.8739106,0.009615384615384616
16632,0.5290791,0.00048737693732332587
16633,0.18376659,0.0016366612111292963
16634,0.6914065,0.007704160246533128
16635,0.7829993,0.13333333333333333
16636,0.28624797,0.018867924528301886
16637,0.8895748,0.023255813953488372
16638,0.32432663,0.043478260869565216
16639,0.75813127,0.3014705882352941
16640,0.46487403,0.0
16641,0.6614348,0.0
16642,0.89195514,0.10714285714285714
16643,0.76515853,0.16275167785234898
16644,0.34652507,0.06846846846846846
16645,0.4898487,0.0005484260173302622
16646,0.827658,0.27596439169139464
16647,0.57429427,0.0
16648,0.83194673,0.10344827586206896
16649,0.562594,0.0
16650,0.31183293,0.24613930034667508
16651,0.49511126,0.0
16652,0.9282966,0.0
16653,0.910984,0.1375
16654,0.46471098,0.0
16655,0.31173205,0.0
16656,0.21858475,0.015730337078651686
16657,0.18325737,0.03550378894190289
16658,0.6999577,0.0
16659,0.23728342,0.0
16660,0.69995314,0.0
16661,0.78530294,0.0
16662,0.29270422,0.0
16663,0.5116364,0.0
16664,0.39382833,0.8686558839933073
16665,0.85173666,0.14219114219114218
16666,0.87630224,0.0
16667,0.46124986,0.0
16668,0.80942476,0.0
16669,0.6996126,0.11764705882352941
16670,0.43999314,0.02155607948804311
16671,0.8802967,0.1111111111111111
16672,0.8975771,0.05970149253731343
16673,0.30003512,0.0
16674,0.91095006,0.0967741935483871
16675,0.2712877,0.03824730783512811
16676,0.8154606,0.0
16677,0.5697175,0.13793103448275862
16678,0.39716512,0.0
16679,0.7773765,0.0
16680,0.66362303,0.025656782915962514
16681,0.93426377,0.125
16682,0.30989385,0.0
16683,0.36704782,0.03375527426160337
16684,0.8067699,0.0
16685,0.59319377,0.016270337922403004
16686,0.20221634,0.0
16687,0.48781765,0.0
16688,0.31112313,0.0
16689,0.24916087,0.8176475989349004
16690,0.9260053,0.21660649819494585
16691,0.7259247,0.0
16692,0.69369835,0.0
16693,0.90464175,0.3333333333333333
16694,0.8835278,0.055776892430278883
16695,0.8185405,0.1267605633802817
16696,0.2845705,0.33557046979865773
16697,0.20395824,0.0
16698,0.9030927,0.12903225806451613
16699,0.6863992,0.10963455149501661
16700,0.93748534,0.17829457364341086
16701,0.63973486,0.0
16702,0.43580437,0.0
16703,0.21622562,0.0
16704,0.30716965,0.0
16705,0.1660502,0.0
16706,0.20524538,0.0
16707,0.20517959,0.014492753623188406
16708,0.3354694,0.0
16709,0.8517731,0.1941747572815534
16710,0.78395194,0.11904761904761904
16711,0.35191822,0.0026666666666666666
16712,0.4750763,0.03943044906900329
16713,0.82957023,0.1935483870967742
16714,0.764737,0.0625
16715,0.82777464,0.0
16716,0.87171996,0.0
16717,0.86948955,0.0
16718,0.71393,0.7142857142857143
16719,0.3222046,0.020114942528735632
16720,0.41336635,0.22272470322215943
16721,0.5495043,0.006493506493506494
16722,0.6659638,0.0023677979479084454
16723,0.50390685,0.4
16724,0.30335397,0.0
16725,0.844587,0.12883435582822086
16726,0.81836516,0.0
16727,0.28192082,0.012658227848101266
16728,0.22390158,0.41229656419529837
16729,0.91954315,0.0
16730,0.6928683,0.0
16731,0.58073455,0.07894736842105263
16732,0.8111792,0.0
16733,0.24180712,0.40360661833054473
16734,0.8380698,0.18556701030927836
16735,0.8144342,0.06666666666666667
16736,0.42181325,0.13479623824451412
16737,0.3415585,0.0
16738,0.69554067,0.125
16739,0.8684221,0.0
16740,0.75627816,0.06666666666666667
16741,0.22445117,0.3957465468099101
16742,0.2430164,0.043333333333333335
16743,0.6456485,0.0
16744,0.8528827,0.125
16745,0.37155584,0.012578616352201259
16746,0.71483094,0.0
16747,0.31397685,0.03724511027881815
16748,0.4259172,0.10837070254110613
16749,0.8814784,0.0
16750,0.41848993,0.0
16751,0.20856284,0.0
16752,0.81642246,0.0
16753,0.824997,0.017094881650819342
16754,0.9121759,0.32577903682719545
16755,0.24735601,0.02562111801242236
16756,0.6125453,0.0
16757,0.8539582,0.0
16758,0.5818343,0.0
16759,0.8471309,0.0
16760,0.7579739,0.0
16761,0.6395411,0.06818181818181818
16762,0.8901104,0.0
16763,0.21271668,0.0
16764,0.22471394,0.01764705882352941
16765,0.1835048,0.24074702886247878
16766,0.424034,0.009137055837563452
16767,0.73731863,0.13333333333333333
16768,0.840232,0.23076923076923078
16769,0.46393067,0.0
16770,0.3736146,0.0072992700729927005
16771,0.3190026,0.00015234613040828764
16772,0.1902283,0.013333333333333334
16773,0.63902575,0.08333333333333333
16774,0.72489685,0.0
16775,0.79477334,0.0
16776,0.17881174,0.006172839506172839
16777,0.8713121,0.0
16778,0.7890447,0.0
16779,0.45218045,0.02564102564102564
16780,0.2557618,0.5444313955764337
16781,0.49779657,0.012787192015802059
16782,0.37508732,0.0
16783,0.36240533,0.12162162162162163
16784,0.780055,0.03571428571428571
16785,0.45223475,0.0
16786,0.8851214,0.0
16787,0.83241624,0.08484848484848485
16788,0.7593725,0.047619047619047616
16789,0.7939366,0.2631578947368421
16790,0.71735287,0.0
16791,0.8337561,0.0
16792,0.9018119,0.1
16793,0.4227649,0.0
16794,0.4587651,0.0240829346092504
16795,0.93997943,0.13616398243045388
16796,0.7460601,0.0
16797,0.7477744,0.0
16798,0.46912035,0.0
16799,0.88590634,0.1111111111111111
16800,0.8258262,0.0
16801,0.50647324,0.0
16802,0.8040482,0.0
16803,0.8779034,0.10526315789473684
16804,0.23009144,0.0
16805,0.8930873,0.0
16806,0.7043951,0.1262135922330097
16807,0.62655103,0.0
16808,0.38735515,0.004807692307692308
16809,0.18752167,0.0
16810,0.21504065,0.0
16811,0.65203243,0.0
16812,0.22249323,0.0
16813,0.5195579,0.002717391304347826
16814,0.9201347,0.0
16815,0.8276203,0.0
16816,0.7110914,0.0
16817,0.25486833,0.5833891493636972
16818,0.82448167,0.01373867290266004
16819,0.4947001,0.018731988472622477
16820,0.344032,0.005154639175257732
16821,0.89263105,0.17708333333333334
16822,0.30033034,0.023519163763066203
16823,0.41494307,0.0
16824,0.8091794,0.0
16825,0.66374254,0.14285714285714285
16826,0.3394499,0.06141820212171971
16827,0.33231187,0.0
16828,0.5720528,0.0
16829,0.8323761,0.0
16830,0.13503642,0.07395786642761093
16831,0.54339993,0.03389830508474576
16832,0.8981243,0.17418032786885246
16833,0.2806513,0.00029481132075471697
16834,0.24050605,0.3583710407239819
16835,0.43510267,0.005128205128205128
16836,0.13444033,0.0030120481927710845
16837,0.8313822,0.1891891891891892
16838,0.46768552,0.0
16839,0.19892472,0.4999539806718822
16840,0.66431147,0.10483870967741936
16841,0.91374564,0.22659667541557305
16842,0.36352876,0.0
16843,0.6964938,0.01639344262295082
16844,0.23956566,0.0
16845,0.6610277,0.0
16846,0.87274384,0.0
16847,0.9447038,0.43504230960676954
16848,0.688757,0.06060606060606061
16849,0.71542704,0.07142857142857142
16850,0.69306314,0.05075563159395495
16851,0.17076208,0.04213564213564214
16852,0.76023954,0.0
16853,0.2634536,0.0004921259842519685
16854,0.8923644,0.0
16855,0.91857564,0.2
16856,0.20770793,0.591280364909303
16857,0.86915225,0.0
16858,0.6687765,0.042735042735042736
16859,0.36710206,0.28783592644978784
16860,0.7506164,0.04040404040404041
16861,0.2550446,0.016661571384897586
16862,0.84722686,0.07142857142857142
16863,0.42996365,0.016666666666666666
16864,0.65728253,0.0
16865,0.16032727,0.0
16866,0.89236957,0.0
16867,0.3081458,0.5491067296121448
16868,0.25462836,0.0
16869,0.824255,0.0
16870,0.55063754,0.0
16871,0.8221431,0.0958904109589041
16872,0.70298296,0.1346153846153846
16873,0.7934895,0.045454545454545456
16874,0.7011464,0.036231884057971016
16875,0.8021839,0.0
16876,0.15203068,0.0017720023626698169
16877,0.6439536,0.0
16878,0.32886764,0.010309278350515464
16879,0.68788654,0.0
16880,0.75126815,0.0
16881,0.83858246,0.0
16882,0.9057185,0.15789473684210525
16883,0.91090226,0.19089316987740806
16884,0.2768006,0.008090614886731391
16885,0.276537,0.0030381944444444445
16886,0.2355612,0.1200047715614935
16887,0.2583767,0.003658536585365854
16888,0.8891921,0.041666666666666664
16889,0.6960332,0.11159737417943107
16890,0.86125195,0.09803921568627451
16891,0.7487448,0.0
16892,0.5580035,0.0011961722488038277
16893,0.78143466,0.0
16894,0.8749656,0.0
16895,0.83383447,0.0
16896,0.71161246,0.0
16897,0.43805447,0.053858520900321546
16898,0.20351844,0.0
16899,0.5566191,0.0
16900,0.43489707,0.028983021780140627
16901,0.3911501,0.0
16902,0.49149415,0.0
16903,0.8713662,0.0
16904,0.909739,0.0
16905,0.73444796,0.09649122807017543
16906,0.9354807,0.19337016574585636
16907,0.6166852,0.20358514724711907
16908,0.28054494,0.0
16909,0.41418985,0.0
16910,0.78676367,0.0
16911,0.8038746,0.0
16912,0.20342883,0.004398826979472141
16913,0.8051207,0.0
16914,0.7704785,0.05555555555555555
16915,0.6859147,0.0
16916,0.23752128,0.042879585990204236
16917,0.5586975,0.0
16918,0.9206926,0.0
16919,0.4194195,0.04248088360237893
16920,0.9150677,0.046153846153846156
16921,0.8361514,0.0
16922,0.2052796,0.017937219730941704
16923,0.7949924,0.045454545454545456
16924,0.8835087,0.0
16925,0.4313321,0.024390243902439025
16926,0.26287204,0.2
16927,0.33623978,0.00411522633744856
16928,0.20649019,0.0
16929,0.81538624,0.0
16930,0.20773031,0.0
16931,0.76293635,0.25
16932,0.550676,0.01694915254237288
16933,0.87906826,0.07142857142857142
16934,0.5111852,0.0
16935,0.79564595,0.0
16936,0.6997384,0.1
16937,0.47499657,0.0
16938,0.16474523,0.005561584373304395
16939,0.6733476,0.0
16940,0.20592406,0.0
16941,0.8115217,0.08620689655172414
16942,0.45672077,0.0
16943,0.20916013,0.0
16944,0.5088027,0.0
16945,0.22727849,0.0
16946,0.59546256,0.0
16947,0.86396664,0.0
16948,0.34875602,0.127208480565371
16949,0.23730446,0.00018158707100054475
16950,0.8317413,0.0
16951,0.830873,0.0547945205479452
16952,0.2708344,0.04790419161676647
16953,0.38592115,0.07142857142857142
16954,0.45424688,0.0
16955,0.54609346,0.058823529411764705
16956,0.22296837,0.0002720348204570185
16957,0.3382904,0.5552080827519846
16958,0.88208157,0.0
16959,0.7671586,0.0
16960,0.87828934,0.0
16961,0.5405551,0.1069364161849711
16962,0.7040029,0.14285714285714285
16963,0.8153292,0.27149321266968324
16964,0.47028106,0.0
16965,0.27707142,0.24763938848920863
16966,0.74347895,0.0
16967,0.3316747,0.0
16968,0.24710698,0.010592613799026625
16969,0.3311537,0.0
16970,0.74714726,0.0
16971,0.73102856,0.034722222222222224
16972,0.6050419,0.01586552082349608
16973,0.3620652,0.0
16974,0.6391195,0.0
16975,0.62862074,0.13333333333333333
16976,0.35995543,0.059602649006622516
16977,0.433062,0.0625
16978,0.9173288,0.28604651162790695
16979,0.31179762,0.0
16980,0.5815933,0.0
16981,0.27080944,0.5029497050294971
16982,0.8570096,0.15517241379310345
16983,0.8042972,0.1076923076923077
16984,0.6814499,0.020833333333333332
16985,0.8257884,0.1267605633802817
16986,0.22842781,0.037037037037037035
16987,0.50077707,0.07766990291262135
16988,0.686188,0.0007518796992481203
16989,0.85471857,0.1588785046728972
16990,0.77823186,0.0
16991,0.7734934,0.0
16992,0.25879994,0.03389830508474576
16993,0.42400452,0.0
16994,0.37110904,0.0
16995,0.8381164,0.0
16996,0.90526795,0.10126582278481013
16997,0.22365782,0.0
16998,0.779249,0.3333333333333333
16999,0.20223202,0.0
17000,0.7894713,0.0
17001,0.19496071,0.0
17002,0.42590564,0.04020100502512563
17003,0.30319086,0.18737270875763748
17004,0.5360779,0.0
17005,0.45419487,0.01639344262295082
17006,0.5976263,0.0
17007,0.28847992,0.0
17008,0.82154036,0.14049586776859505
17009,0.47004807,0.01079136690647482
17010,0.41200167,0.06626506024096386
17011,0.8740921,0.0
17012,0.5857977,0.04081632653061224
17013,0.7233998,0.0
17014,0.9190683,0.0
17015,0.25126302,0.0
17016,0.45311984,0.0
17017,0.5941575,0.12359550561797752
17018,0.59328955,0.0
17019,0.20415983,0.6720071776467572
17020,0.3857338,0.000549828178694158
17021,0.6350611,0.0
17022,0.63466716,0.015445074026686163
17023,0.92876625,0.3103448275862069
17024,0.50580096,0.0
17025,0.6502923,0.09634551495016612
17026,0.8892097,0.027777777777777776
17027,0.5649243,0.0
17028,0.55428886,0.0
17029,0.27992487,0.0
17030,0.78476334,0.31887755102040816
17031,0.5704907,0.0
17032,0.50142276,0.18314763231197773
17033,0.9191464,0.25622775800711745
17034,0.5455081,0.0
17035,0.5788568,0.0
17036,0.2774283,0.004521167283189478
17037,0.33835185,0.01485148514851485
17038,0.21359831,0.0
17039,0.5423395,0.06521739130434782
17040,0.78926,0.057692307692307696
17041,0.6414103,0.0
17042,0.36073732,0.125
17043,0.87121785,0.2222222222222222
17044,0.60697037,0.0
17045,0.6425819,0.08522727272727272
17046,0.64639634,0.019736842105263157
17047,0.35083547,0.04214123006833713
17048,0.8841622,0.0
17049,0.24489905,0.3210239194292908
17050,0.88510996,0.07894736842105263
17051,0.9303523,0.10752688172043011
17052,0.7830075,0.0
17053,0.39489803,0.6546953193994701
17054,0.88233453,0.0
17055,0.6877785,0.01572678205844035
17056,0.37371543,0.0
17057,0.22975068,0.06666666666666667
17058,0.9034001,0.0821917808219178
17059,0.91499966,0.16816816816816818
17060,0.8345055,0.0
17061,0.88618886,0.16666666666666666
17062,0.7352326,0.0
17063,0.5532546,0.0
17064,0.4347945,0.0
17065,0.5165305,0.0
17066,0.84110314,0.017857142857142856
17067,0.4462472,0.06557377049180328
17068,0.26622897,0.3394764397905759
17069,0.9145564,0.14792122538293218
17070,0.8351008,0.0
17071,0.8233602,0.0
17072,0.810486,0.0
17073,0.34716475,0.0
17074,0.88770235,0.09615384615384616
17075,0.7555579,0.03225806451612903
17076,0.7839983,0.0
17077,0.58924454,0.0
17078,0.69092125,0.0
17079,0.65476215,0.0
17080,0.62234855,0.0
17081,0.54033244,0.0024220894558372357
17082,0.31478545,0.025157232704402517
17083,0.8567602,1.0
17084,0.90698504,0.0
17085,0.24399897,0.0
17086,0.9224953,0.4364820846905538
17087,0.7928953,0.0
17088,0.41831523,0.011282333516785911
17089,0.27997872,0.0
17090,0.17760408,0.0
17091,0.79434747,0.0
17092,0.94693446,0.28735632183908044
17093,0.46698233,0.0003657310048459358
17094,0.82152563,0.0
17095,0.92261446,0.07792207792207792
17096,0.89751416,0.0
17097,0.9085338,0.33980582524271846
17098,0.23311673,0.7724556403420061
17099,0.27263477,0.02072538860103627
17100,0.92714816,0.06167400881057269
17101,0.8184889,0.2857142857142857
17102,0.347706,0.11248454882571075
17103,0.23478203,0.8345679012345679
17104,0.9028893,0.0
17105,0.41271505,0.0
17106,0.47432008,0.0
17107,0.72147685,0.0
17108,0.66991985,0.0
17109,0.85645413,0.0
17110,0.90308046,0.13948497854077252
17111,0.8852663,0.6464864864864864
17112,0.5832691,0.0706713780918728
17113,0.35347673,0.043726235741444866
17114,0.92276114,0.04819277108433735
17115,0.2433433,0.0
17116,0.6157231,0.0
17117,0.7114546,0.1050328227571116
17118,0.79856354,0.168
17119,0.34804288,0.0038797284190106693
17120,0.23719138,0.02040816326530612
17121,0.49236205,0.000671591672263264
17122,0.74170667,0.0
17123,0.9316525,0.045454545454545456
17124,0.6894074,0.047619047619047616
17125,0.19021899,0.0
17126,0.5184811,0.05161290322580645
17127,0.3509006,0.005509641873278237
17128,0.2781495,0.007692307692307693
17129,0.72308385,0.0
17130,0.48868254,0.0
17131,0.8227879,0.23333333333333334
17132,0.27362388,0.0
17133,0.9290285,0.14285714285714285
17134,0.40966246,0.0
17135,0.52068037,0.0
17136,0.65225685,0.0
17137,0.39063698,0.32131147540983607
17138,0.80731046,0.0
17139,0.28540903,0.02631578947368421
17140,0.589292,0.015561694290976058
17141,0.8912919,0.0
17142,0.47593367,0.0026845637583892616
17143,0.88490206,0.0
17144,0.7554819,0.4
17145,0.7709685,0.0
17146,0.13175425,0.04601272377570646
17147,0.28978658,0.0
17148,0.35843697,0.10569105691056911
17149,0.9394113,0.14285714285714285
17150,0.69766587,0.0
17151,0.8495946,0.1723076923076923
17152,0.76399827,0.047619047619047616
17153,0.7438831,0.14285714285714285
17154,0.3548607,0.011254460609387867
17155,0.6490401,0.07876712328767123
17156,0.4781725,0.03333333333333333
17157,0.13793442,0.013565891472868217
17158,0.58625454,0.011627906976744186
17159,0.8706118,0.0
17160,0.45976532,0.0
17161,0.5163699,0.0
17162,0.82669353,0.06666666666666667
17163,0.74134827,0.0032991202346041057
17164,0.8648847,0.09985935302390998
17165,0.8573629,0.08108108108108109
17166,0.5700485,0.047619047619047616
17167,0.71840525,0.0
17168,0.63747627,0.005905511811023622
17169,0.886586,0.07142857142857142
17170,0.43341747,0.015544041450777202
17171,0.897594,0.0
17172,0.7751744,0.0
17173,0.23689237,0.0683526999316473
17174,0.52113986,0.0
17175,0.7259352,0.0
17176,0.1962225,0.01050420168067227
17177,0.36327487,0.0
17178,0.7900645,0.0
17179,0.25793016,0.0
17180,0.2401618,0.01904761904761905
17181,0.32002494,0.013468013468013467
17182,0.8097498,0.0
17183,0.3433541,0.0
17184,0.94890463,0.3938144329896907
17185,0.87408376,0.25
17186,0.84959,0.18181818181818182
17187,0.5400068,0.0
17188,0.8981325,0.0
17189,0.9167522,0.034482758620689655
17190,0.52078325,0.0
17191,0.23827626,0.0
17192,0.24397649,0.0
17193,0.8366418,0.0
17194,0.4542255,0.0
17195,0.21112806,0.8956847686962882
17196,0.7525193,0.047619047619047616
17197,0.85603863,0.07547169811320754
17198,0.5613247,0.0
17199,0.20528047,0.9458741643007601
17200,0.6958624,0.0
17201,0.31719616,0.0
17202,0.42474833,0.0
17203,0.88199407,0.0
17204,0.8335608,0.0
17205,0.93144965,0.12903225806451613
17206,0.24852096,0.0
17207,0.8857779,0.1111111111111111
17208,0.8772051,0.10772357723577236
17209,0.62362516,0.025
17210,0.89840746,0.0
17211,0.16706936,0.0
17212,0.19973981,0.07069387755102041
17213,0.88971305,0.0
17214,0.65587634,0.0003009328919650918
17215,0.8544932,0.23333333333333334
17216,0.8984778,0.3094944512946979
17217,0.41994032,0.9333698930627914
17218,0.76635313,0.0
17219,0.18927498,0.0
17220,0.2440515,0.0
17221,0.6982442,0.4217506631299735
17222,0.59313834,0.0
17223,0.5703677,0.0005602764030254926
17224,0.5300627,0.0
17225,0.34455562,0.008968609865470852
17226,0.9297338,0.25
17227,0.84105885,0.2018348623853211
17228,0.92496645,0.006993006993006993
17229,0.95449245,0.22142857142857142
17230,0.66962445,0.006894484412470024
17231,0.3432007,0.011096845194424065
17232,0.42801008,0.0
17233,0.37710354,0.07373271889400922
17234,0.5493351,0.007835455435847209
17235,0.8764214,0.10344827586206896
17236,0.7552492,0.04838709677419355
17237,0.5360684,0.004201680672268907
17238,0.48732883,0.03471231573941987
17239,0.52195835,0.052039381153305204
17240,0.17396416,0.0014727540500736377
17241,0.5063878,0.0
17242,0.87315065,0.17857142857142858
17243,0.18773383,0.0
17244,0.84074706,0.0
17245,0.861937,0.0
17246,0.49407786,0.039634146341463415
17247,0.15010689,0.0
17248,0.17007972,0.0
17249,0.7006201,0.0
17250,0.8556769,0.14893617021276595
17251,0.94094694,0.0
17252,0.77712846,0.037037037037037035
17253,0.22743559,0.0
17254,0.7990089,0.016666666666666666
17255,0.3038316,0.054245283018867926
17256,0.5942394,0.0
17257,0.90136707,0.0
17258,0.81590456,0.0737527114967462
17259,0.17011961,0.0
17260,0.25154242,0.0
17261,0.9341029,0.0
17262,0.19701247,0.0
17263,0.46110195,0.013944223107569721
17264,0.9546877,0.20696517412935322
17265,0.3235201,0.06060606060606061
17266,0.37633988,0.0
17267,0.4085743,0.0
17268,0.59898394,0.0
17269,0.877498,0.08333333333333333
17270,0.25911424,0.01020408163265306
17271,0.9171075,0.00966183574879227
17272,0.47667822,0.010256410256410256
17273,0.9147264,0.26666666666666666
17274,0.7973122,0.0
17275,0.21169403,0.0
17276,0.15779825,0.006806028196402528
17277,0.8831013,0.0
17278,0.68899214,0.0
17279,0.3095685,0.0
17280,0.8890955,0.3371805441055235
17281,0.50685644,0.01687289088863892
17282,0.57667875,0.0625
17283,0.7801674,0.01937984496124031
17284,0.31675088,0.0
17285,0.39671707,0.013986013986013986
17286,0.8405047,0.09990917347865577
17287,0.819597,0.0
17288,0.8190404,0.0
17289,0.8391769,0.0
17290,0.95073915,0.07317073170731707
17291,0.73759514,0.0
17292,0.5837409,0.0
17293,0.86255217,0.0
17294,0.81388503,0.02702702702702703
17295,0.5175112,0.038461538461538464
17296,0.6290943,0.14285714285714285
17297,0.4471522,0.031914893617021274
17298,0.6287391,0.0
17299,0.45762852,0.0
17300,0.32342225,0.0
17301,0.811631,0.24041811846689895
17302,0.90522975,0.06722689075630252
17303,0.27202335,0.04270660011092623
17304,0.83144844,0.16
17305,0.9186712,0.1111111111111111
17306,0.43474907,0.03368861819566045
17307,0.6970729,0.0
17308,0.90047467,0.3087460484720759
17309,0.8890716,0.0
17310,0.82383716,0.09090909090909091
17311,0.39930376,0.0
17312,0.49449763,0.00020837674515524068
17313,0.8524588,0.3333333333333333
17314,0.94900393,0.0
17315,0.4868631,0.0
17316,0.39768982,0.0
17317,0.5962178,0.01694915254237288
17318,0.26087883,0.0
17319,0.45451453,0.039350713231677326
17320,0.28014553,0.05714285714285714
17321,0.93325776,0.3173277661795407
17322,0.7242172,0.11791590493601463
17323,0.3696241,0.4692456479690522
17324,0.8541745,0.06711409395973154
17325,0.28831682,0.025715035423773288
17326,0.34161672,0.03879310344827586
17327,0.6992332,0.0
17328,0.86792755,0.0
17329,0.41400525,0.046875
17330,0.8670159,0.0
17331,0.5251984,0.0
17332,0.15386489,0.0
17333,0.7284509,0.11538461538461539
17334,0.8951683,0.0
17335,0.48746714,0.0
17336,0.33519524,0.0
17337,0.29431546,0.01124108938036922
17338,0.33767405,0.10329670329670329
17339,0.35202667,0.0
17340,0.34309143,0.0
17341,0.26668933,0.0
17342,0.8604997,0.0
17343,0.83086,0.0
17344,0.84543693,0.03333333333333333
17345,0.21993478,0.0
17346,0.6406947,0.0
17347,0.3064217,0.06565656565656566
17348,0.7770713,1.0
17349,0.3262178,0.1
17350,0.13792944,0.0
17351,0.87411475,0.01639344262295082
17352,0.21039236,0.0
17353,0.3349994,0.29124087591240877
17354,0.7337445,0.0
17355,0.51944727,0.0
17356,0.8800513,0.07692307692307693
17357,0.6778508,0.04195804195804196
17358,0.24365336,0.0
17359,0.22775261,0.13264511102454227
17360,0.86079615,0.07792207792207792
17361,0.5773768,0.0
17362,0.9148767,0.23076923076923078
17363,0.31237242,0.0
17364,0.39930975,0.02476780185758514
17365,0.28588548,0.020833333333333332
17366,0.6103676,0.07692307692307693
17367,0.74222636,0.0
17368,0.13782234,0.004545454545454545
17369,0.8965625,0.23891625615763548
17370,0.21570413,0.021693735498839906
17371,0.66117764,0.0958904109589041
17372,0.23147525,0.2772551189817377
17373,0.77034825,0.0
17374,0.8655329,0.0
17375,0.86763656,0.08860759493670886
17376,0.93873066,0.0
17377,0.24021222,0.0041797283176593526
17378,0.26391047,0.06722689075630252
17379,0.18807861,0.011494252873563218
17380,0.47910562,0.0
17381,0.5463797,0.0
17382,0.8960057,0.08333333333333333
17383,0.26416233,0.0316776007497657
17384,0.31334823,0.02857142857142857
17385,0.17651027,0.0073439412484700125
17386,0.36004254,0.0
17387,0.77709115,0.4375158428390368
17388,0.6781571,0.06996770721205597
17389,0.8105913,0.0
17390,0.6461911,0.0
17391,0.8175357,0.0
17392,0.80673563,0.05185185185185185
17393,0.5350811,0.0001832508704416346
17394,0.904994,0.14285714285714285
17395,0.7153448,0.0
17396,0.8419317,0.04225352112676056
17397,0.72155523,0.25
17398,0.73821133,0.0
17399,0.8312005,0.15063731170336037
17400,0.3732251,0.0
17401,0.92359644,0.15294117647058825
17402,0.8648924,0.18316831683168316
17403,0.82076347,0.03225806451612903
17404,0.6122922,0.023609443777511004
17405,0.45702055,0.03225806451612903
17406,0.6962355,0.0
17407,0.6086847,0.015442251461988304
17408,0.88713807,0.13333333333333333
17409,0.8910089,0.18604651162790697
17410,0.6505717,0.07142857142857142
17411,0.885393,0.0
17412,0.26535174,0.0037154989384288748
17413,0.8879429,0.11764705882352941
17414,0.68996125,0.0
17415,0.5917567,0.02900505902192243
17416,0.91309303,0.06666666666666667
17417,0.20241445,0.000554016620498615
17418,0.90054613,0.8
17419,0.42196545,0.19268103280916327
17420,0.2509108,0.0
17421,0.9101622,0.20179372197309417
17422,0.307319,0.0
17423,0.3924946,0.0
17424,0.8406366,0.05263157894736842
17425,0.8122897,0.0
17426,0.91160786,0.0
17427,0.25472537,0.11672473867595819
17428,0.79880446,0.0
17429,0.75742286,0.375
17430,0.4700109,0.011244172227808758
17431,0.8474598,0.20869565217391303
17432,0.30049095,0.00040412204485754696
17433,0.90908676,0.2
17434,0.65969324,0.0
17435,0.7714199,0.07575757575757576
17436,0.84233314,0.04878048780487805
17437,0.6273743,0.14285714285714285
17438,0.8623921,0.0
17439,0.22051077,0.0008948545861297539
17440,0.1904283,0.10837508947745168
17441,0.29574206,0.0
17442,0.89727193,0.31851851851851853
17443,0.46208745,0.08414239482200647
17444,0.5354278,0.0
17445,0.9396482,0.14037854889589904
17446,0.258616,0.5487866531850354
17447,0.7647884,0.0
17448,0.56940687,0.014285714285714285
17449,0.17489417,0.06901985502678853
17450,0.6738957,0.06542056074766354
17451,0.90631545,0.0
17452,0.6811774,0.09859154929577464
17453,0.87915415,0.125
17454,0.5516721,0.0
17455,0.43101037,0.0
17456,0.42166197,0.4055164319248826
17457,0.85727304,0.009857612267250822
17458,0.47785333,0.008982035928143712
17459,0.636755,0.0
17460,0.43945315,0.0
17461,0.5315315,0.0
17462,0.18423727,0.0
17463,0.6291699,0.0
17464,0.8034169,0.0
17465,0.30605772,0.07741935483870968
17466,0.46035463,0.001401541695865452
17467,0.27813974,0.01639344262295082
17468,0.8869892,0.0
17469,0.19455919,0.0
17470,0.14182507,0.0
17471,0.3778084,0.0
17472,0.90947837,0.2815533980582524
17473,0.72854185,0.0
17474,0.8843842,0.0
17475,0.8419443,0.01968503937007874
17476,0.72364354,0.0
17477,0.76323205,0.0
17478,0.6079542,0.0
17479,0.64492995,0.022821576763485476
17480,0.14055465,0.0
17481,0.82823694,0.0
17482,0.3969592,0.010982768415072904
17483,0.33153653,0.9639985380116959
17484,0.89073056,0.0
17485,0.33893147,0.0
17486,0.94105816,0.8323475887170154
17487,0.8609226,0.0
17488,0.6615148,0.0
17489,0.38710025,0.00036931031299049027
17490,0.21590586,0.0
17491,0.7608765,0.0
17492,0.60310066,0.0
17493,0.7002202,0.0
17494,0.69023573,0.1386861313868613
17495,0.582608,0.0005341880341880342
17496,0.8800111,0.0
17497,0.87038493,0.29411764705882354
17498,0.20029753,0.8109689213893967
17499,0.16626754,0.7402799377916018
17500,0.5414553,0.0
17501,0.81464964,0.0
17502,0.31613174,0.0
17503,0.9194513,0.6205269366889501
17504,0.91634357,0.22110552763819097
17505,0.5564689,0.057692307692307696
17506,0.9334812,0.1888111888111888
17507,0.60488576,0.0
17508,0.18547943,0.0
17509,0.9263117,0.0
17510,0.24678107,0.7347853939782191
17511,0.17844956,0.03244722439405786
17512,0.22693278,0.6986609936178201
17513,0.6646739,0.0
17514,0.88600314,0.0
17515,0.8036432,0.0
17516,0.5171997,0.2513747054202671
17517,0.15130742,0.32293261868300155
17518,0.3970691,0.009102730819245773
17519,0.6847414,0.037037037037037035
17520,0.66162056,0.0
17521,0.21356437,0.0
17522,0.8112001,0.0
17523,0.3535551,0.0
17524,0.39347634,0.0
17525,0.8285209,0.0
17526,0.85043055,0.0
17527,0.5731555,0.0
17528,0.83652157,0.13157894736842105
17529,0.76474476,0.0
17530,0.39178187,0.0
17531,0.5839511,0.0
17532,0.86909145,0.029850746268656716
17533,0.89842606,0.1702127659574468
17534,0.6295055,0.0
17535,0.56230253,0.0
17536,0.31493938,0.48265754763067903
17537,0.59737337,0.0
17538,0.8230551,0.2560386473429952
17539,0.73372805,0.0
17540,0.51907724,0.05220883534136546
17541,0.253853,0.006622516556291391
17542,0.83314675,0.25
17543,0.3969002,0.017391304347826087
17544,0.16721559,0.0
17545,0.86481494,0.2036697247706422
17546,0.19048676,0.006355932203389831
17547,0.7589544,0.0
17548,0.4133491,0.9258983429528952
17549,0.8211934,0.06666666666666667
17550,0.8238317,0.0
17551,0.74629515,0.2631578947368421
17552,0.6622961,0.0
17553,0.47489774,0.015470523617722446
17554,0.62046415,0.10344827586206896
17555,0.9074671,0.21008403361344538
17556,0.3255815,0.0
17557,0.71581036,0.023148148148148147
17558,0.38180095,0.0
17559,0.6360033,0.013888888888888888
17560,0.70333636,0.0
17561,0.7169423,0.0
17562,0.3860971,0.5453461714809721
17563,0.21882775,0.0
17564,0.90442556,0.1346153846153846
17565,0.39329997,0.024291497975708502
17566,0.6839237,0.0
17567,0.8132115,0.09523809523809523
17568,0.48557293,0.0
17569,0.8895691,0.16666666666666666
17570,0.86957645,0.0
17571,0.48641664,0.011153775827390747
17572,0.7106374,0.0
17573,0.42964,0.08
17574,0.7925107,0.3161094224924012
17575,0.8722909,0.0
17576,0.557007,0.0
17577,0.8521315,0.0
17578,0.8750274,0.058823529411764705
17579,0.293446,0.001488095238095238
17580,0.94450897,0.4514942528735632
17581,0.75577796,0.02
17582,0.7558448,0.0
17583,0.7673183,0.0
17584,0.62187016,0.0
17585,0.93873864,0.2054794520547945
17586,0.8729591,0.17647058823529413
17587,0.90448785,0.19215686274509805
17588,0.46248645,0.0
17589,0.85281324,0.0
17590,0.30392292,0.0
17591,0.7525212,0.0
17592,0.7220842,0.0
17593,0.6597942,0.0004811161895597787
17594,0.86704755,0.0
17595,0.7726475,0.03257328990228013
17596,0.93838245,0.0
17597,0.6146691,0.006952491309385863
17598,0.4621121,0.0
17599,0.54037833,0.045454545454545456
17600,0.1875569,0.5227168845415486
17601,0.16408354,0.004651162790697674
17602,0.9425336,0.06182531894013739
17603,0.25316334,0.5490679824561403
17604,0.35491797,0.647203947368421
17605,0.81871384,0.08771929824561403
17606,0.3022205,0.012622720897615708
17607,0.92243433,0.056179775280898875
17608,0.2527639,0.0
17609,0.21506956,0.5169856240271038
17610,0.42520025,0.0
17611,0.87007505,0.09090909090909091
17612,0.87182426,0.14285714285714285
17613,0.4641316,0.011397331356560415
17614,0.9406432,0.43294779618630824
17615,0.87693465,0.0
17616,0.5121607,0.16666666666666666
17617,0.90483105,0.0
17618,0.95242,0.3619047619047619
17619,0.66529226,0.025
17620,0.4199247,0.01124108938036922
17621,0.6786011,0.13846153846153847
17622,0.75994056,0.0
17623,0.81907177,0.0
17624,0.6437261,0.0
17625,0.2994979,0.0
17626,0.82211965,0.007524454477050414
17627,0.53374773,0.10790464240903387
17628,0.40776193,0.0
17629,0.91315997,0.09774436090225563
17630,0.9195098,0.0
17631,0.35932484,0.0
17632,0.8594758,0.13725490196078433
17633,0.3543734,0.05508196721311476
17634,0.8780118,0.0
17635,0.93909943,0.267071805533344
17636,0.91066736,0.0
17637,0.6345029,0.011081893313298272
17638,0.96733505,0.585805700988947
17639,0.74021494,0.0
17640,0.1787098,0.5062631434579866
17641,0.7947764,0.08
17642,0.23058882,0.01730103806228374
17643,0.48106685,0.0
17644,0.80358464,0.1111111111111111
17645,0.20241779,0.0
17646,0.78087306,0.2823654768247203
17647,0.69068205,0.0
17648,0.62804073,0.0
17649,0.20786272,0.0
17650,0.7232096,0.0
17651,0.41473737,0.0
17652,0.84640783,0.0
17653,0.66130733,0.0
17654,0.75123876,0.08771929824561403
17655,0.29357806,0.010810810810810811
17656,0.613002,0.0
17657,0.9467849,0.25892857142857145
17658,0.3888438,0.0
17659,0.8670222,0.20588235294117646
17660,0.9392059,0.13208836255978137
17661,0.1782285,0.778671296719364
17662,0.21431156,0.0032102728731942215
17663,0.35000074,0.0
17664,0.7123326,0.0
17665,0.42930913,0.034482758620689655
17666,0.66342205,0.0
17667,0.76381874,0.0
17668,0.20128885,0.0
17669,0.8768215,0.0
17670,0.8120436,0.0
17671,0.2128369,0.0
17672,0.5236062,0.09836065573770492
17673,0.7548188,0.0
17674,0.41209054,0.05309734513274336
17675,0.9399836,0.125
17676,0.34117866,0.049079754601226995
17677,0.6022887,0.0
17678,0.89689755,0.0
17679,0.2755561,0.013513513513513514
17680,0.23390883,0.004092769440654843
17681,0.90069246,0.0
17682,0.8977675,0.0036258158085569255
17683,0.26230508,0.0
17684,0.28967676,0.0
17685,0.47385588,0.0
17686,0.77225095,0.14285714285714285
17687,0.14114435,0.0
17688,0.76396644,0.0
17689,0.36580974,0.0
17690,0.23295183,0.0
17691,0.5682982,0.0219435736677116
17692,0.928843,0.2
17693,0.8074779,0.0
17694,0.9345889,0.32786885245901637
17695,0.34788138,0.0499031007751938
17696,0.33593237,0.0
17697,0.36616394,0.0
17698,0.9350577,0.0
17699,0.80515695,0.125
17700,0.88121414,0.19230769230769232
17701,0.8490937,0.0
17702,0.3238594,0.0
17703,0.4712524,0.018898708361658734
17704,0.22603367,0.969713606002379
17705,0.86491364,0.05
17706,0.5058455,0.026277372262773723
17707,0.28947037,0.0
17708,0.3502951,0.125
17709,0.53940946,0.10810810810810811
17710,0.25451082,0.0
17711,0.7463373,0.0
17712,0.86898005,0.1111111111111111
17713,0.4412022,0.0
17714,0.8116749,0.038461538461538464
17715,0.88191044,0.024390243902439025
17716,0.93369997,0.17664233576642335
17717,0.6950596,0.0
17718,0.7864613,0.0
17719,0.8069185,0.0
17720,0.8615134,0.0
17721,0.20896803,0.7396246365318531
17722,0.8377486,0.15584415584415584
17723,0.29088336,0.0056179775280898875
17724,0.68503976,0.0
17725,0.6557944,0.0
17726,0.47334978,0.0
17727,0.68411905,0.0
17728,0.79774195,0.09090909090909091
17729,0.28978345,0.0
17730,0.885976,0.0
17731,0.85177976,0.34782608695652173
17732,0.38541633,0.03277009728622632
17733,0.7315546,0.026455026455026454
17734,0.3668134,0.20075508864084043
17735,0.92744756,0.2085889570552147
17736,0.57260805,0.0
17737,0.27868542,0.0030272452068617556
17738,0.88982064,0.0
17739,0.87697566,0.20481927710843373
17740,0.8564679,0.0
17741,0.446321,0.0
17742,0.9424134,0.3525773195876289
17743,0.69173527,0.0
17744,0.88768494,0.1
17745,0.21752171,0.005555555555555556
17746,0.26988974,0.0
17747,0.9365551,0.40767703507610853
17748,0.6500681,0.0
17749,0.1801567,0.31924624954262715
17750,0.84196955,0.07894736842105263
17751,0.67477417,0.0
17752,0.6712709,0.0
17753,0.62590444,0.0
17754,0.2637974,0.04242424242424243
17755,0.8895024,0.0
17756,0.33715862,0.0
17757,0.8390896,0.0
17758,0.1790995,0.0
17759,0.30843866,0.0
17760,0.24292262,0.0
17761,0.7600416,0.0
17762,0.8649545,0.0
17763,0.28435388,0.0
17764,0.6674881,0.0
17765,0.84769696,0.0
17766,0.9346889,0.1320754716981132
17767,0.8463455,0.0
17768,0.7682108,0.0
17769,0.5105339,0.0
17770,0.6380261,0.0
17771,0.16298428,0.0
17772,0.37536633,0.0
17773,0.50940883,0.0898876404494382
17774,0.5032076,0.0
17775,0.90023273,0.08333333333333333
17776,0.7502451,0.14173228346456693
17777,0.24187647,0.0
17778,0.5539808,0.0
17779,0.4146289,0.0
17780,0.8225441,0.0
17781,0.50384766,0.0
17782,0.8825575,0.0
17783,0.8282473,0.0
17784,0.79755247,0.1016949152542373
17785,0.8472031,0.0
17786,0.51335377,0.0
17787,0.9099921,0.2148997134670487
17788,0.43896368,0.03296703296703297
17789,0.846221,0.0
17790,0.29932487,0.07142857142857142
17791,0.70903075,0.21739130434782608
17792,0.8782852,0.0
17793,0.2646386,0.08695652173913043
17794,0.20946789,0.0
17795,0.39682153,0.0
17796,0.25528318,0.001422475106685633
17797,0.15818529,0.11930841924398626
17798,0.6935755,0.06086956521739131
17799,0.40300825,0.0
17800,0.46073282,0.0
17801,0.88718295,0.0
17802,0.92464125,0.06666666666666667
17803,0.41807193,0.0
17804,0.79574907,0.0
17805,0.40444708,0.004591104734576757
17806,0.2554557,0.0036101083032490976
17807,0.35943234,0.050026146069374236
17808,0.8968346,0.017857142857142856
17809,0.49837205,0.0005393743257820927
17810,0.17464021,0.6624778925812157
17811,0.91512007,0.0
17812,0.48506054,0.0
17813,0.74070853,0.047619047619047616
17814,0.3282106,0.030303030303030304
17815,0.7938953,0.06666666666666667
17816,0.4414118,0.0
17817,0.24212912,0.0
17818,0.89503074,0.0
17819,0.8662538,0.0
17820,0.36200222,0.0779816513761468
17821,0.91164416,0.39672131147540984
17822,0.33374408,0.0
17823,0.7576948,0.0
17824,0.3271202,0.003682272488164124
17825,0.83598584,0.0
17826,0.7702892,0.0
17827,0.3556524,0.046511627906976744
17828,0.24018626,0.0034602076124567475
17829,0.77248645,0.0
17830,0.8655212,0.07894736842105263
17831,0.7927569,0.07854984894259819
17832,0.394065,0.0
17833,0.25190786,0.018867924528301886
17834,0.8583279,0.0
17835,0.8594427,0.0
17836,0.22680233,0.037484381507705125
17837,0.7894902,0.0
17838,0.9036659,0.0
17839,0.817255,0.0
17840,0.28161347,0.0
17841,0.4089372,0.009900990099009901
17842,0.75830203,0.09893795416433762
17843,0.37546593,0.0
17844,0.51465297,0.00036593175372792974
17845,0.813426,0.014705882352941176
17846,0.29759192,0.00398406374501992
17847,0.5536877,0.0
17848,0.90416104,0.09259259259259259
17849,0.28138784,0.00014158289678606824
17850,0.8214983,0.0
17851,0.29794565,0.0007886435331230284
17852,0.9504,0.2728007761966365
17853,0.6199899,0.0273972602739726
17854,0.8147649,0.0
17855,0.7012302,0.1799265605875153
17856,0.9245103,0.12389380530973451
17857,0.35803327,0.0
17858,0.84106314,0.24561403508771928
17859,0.27517766,0.0
17860,0.24872197,0.004878048780487805
17861,0.8702478,0.07792207792207792
17862,0.5186567,0.011590683298377305
17863,0.8576952,0.029876977152899824
17864,0.58425295,0.0
17865,0.6064226,0.0
17866,0.6160101,0.0
17867,0.39935508,0.26805896805896806
17868,0.89559275,0.08695652173913043
17869,0.4293211,0.040697674418604654
17870,0.7928856,0.0
17871,0.23213466,0.0
17872,0.22410187,0.15585215605749486
17873,0.6144259,0.04036144578313253
17874,0.57868177,0.0
17875,0.421362,0.03843529679326814
17876,0.7741248,0.017814726840855107
17877,0.90499437,0.11320754716981132
17878,0.637595,0.096045197740113
17879,0.79153675,0.0
17880,0.8979801,0.2857142857142857
17881,0.82599413,0.0
17882,0.28684756,0.038461538461538464
17883,0.89607453,0.03482587064676617
17884,0.36038053,0.02442563482466747
17885,0.86699367,0.3111111111111111
17886,0.48529145,0.1282420749279539
17887,0.5075447,0.0
17888,0.15286918,0.0
17889,0.6781335,0.16666666666666666
17890,0.7481751,0.0
17891,0.90612495,0.017857142857142856
17892,0.5984548,0.04207920792079208
17893,0.9229052,0.125
17894,0.44642115,0.039440203562340966
17895,0.50272053,0.015151515151515152
17896,0.4466824,0.010471204188481676
17897,0.48194116,0.0
17898,0.87380314,0.0
17899,0.28480816,0.02962962962962963
17900,0.38691336,0.3838633040935672
17901,0.18417472,0.0
17902,0.93128765,0.15217391304347827
17903,0.6456475,0.20211515863689777
17904,0.87700075,0.0
17905,0.88571733,0.1111111111111111
17906,0.29581612,0.0
17907,0.85411763,0.09090909090909091
17908,0.24861743,0.0
17909,0.69619805,0.0
17910,0.26115987,0.0
17911,0.41307133,0.0
17912,0.23883837,0.025477707006369428
17913,0.47448334,0.0
17914,0.46086127,0.11149825783972125
17915,0.67117745,0.0
17916,0.44480848,0.0
17917,0.48275805,0.10518731988472622
17918,0.7972492,0.06
17919,0.148417,0.4403041111319692
17920,0.23946975,0.8016997167138811
17921,0.28308386,0.0
17922,0.61391485,0.17391304347826086
17923,0.8400999,0.0
17924,0.7008401,0.0
17925,0.72189856,0.041666666666666664
17926,0.5616166,0.0
17927,0.52887774,0.0
17928,0.4439483,0.01022635872687579
17929,0.74838364,0.0
17930,0.6566358,0.0
17931,0.62883687,0.0
17932,0.5935239,0.10112359550561797
17933,0.4129929,0.024634334103156273
17934,0.11813643,0.2131253461325457
17935,0.844506,0.0
17936,0.1848335,0.0
17937,0.8698652,0.24561403508771928
17938,0.33320588,0.48744212150975164
17939,0.8293166,0.3542116630669546
17940,0.26295155,0.07692307692307693
17941,0.6946433,0.12
17942,0.2425158,0.0
17943,0.4910011,0.012048192771084338
17944,0.77525336,0.09722222222222222
17945,0.81941855,0.13953488372093023
17946,0.75982773,0.0
17947,0.5414259,0.0
17948,0.6651815,0.0
17949,0.8329568,0.0
17950,0.19114257,0.0
17951,0.17169103,0.16035391191967394
17952,0.41937616,0.0
17953,0.92662734,0.0
17954,0.9193739,0.12371134020618557
17955,0.867674,0.1875
17956,0.8716087,0.0
17957,0.29571125,0.007352941176470588
17958,0.7699565,0.8676789587852495
17959,0.9260708,0.0
17960,0.79322934,0.0
17961,0.39522335,0.051094890510948905
17962,0.68112016,0.0
17963,0.27037007,0.0
17964,0.53045607,0.0
17965,0.8433326,0.0
17966,0.483267,0.041237113402061855
17967,0.73973846,0.021844660194174758
17968,0.21888132,0.0
17969,0.81506157,0.0
17970,0.6869336,0.058823529411764705
17971,0.75659674,0.045454545454545456
17972,0.25789118,0.0
17973,0.40154317,0.022151898734177215
17974,0.6433022,0.0
17975,0.84888387,0.0
17976,0.46394122,0.007518796992481203
17977,0.73170394,0.13333333333333333
17978,0.6678173,0.16279069767441862
17979,0.24938264,0.029233870967741934
17980,0.8574303,0.12534818941504178
17981,0.8420557,0.0
17982,0.21524645,0.0
17983,0.10197826,0.0008751458576429405
17984,0.7399999,0.024390243902439025
17985,0.2525388,0.0
17986,0.48333234,0.0003786444528587656
17987,0.8335721,0.0
17988,0.8175288,0.06201550387596899
17989,0.52933764,0.0
17990,0.8085998,0.038461538461538464
17991,0.33796945,0.0
17992,0.5411949,0.14285714285714285
17993,0.31269625,0.0
17994,0.2082214,0.0
17995,0.817577,0.0
17996,0.36133993,0.0
17997,0.9086344,0.21182266009852216
17998,0.7599696,0.08333333333333333
17999,0.80749893,0.0
18000,0.81918764,0.3247863247863248
18001,0.2744941,0.0
18002,0.9491417,0.11320754716981132
18003,0.7797059,0.2
18004,0.38615784,0.010714285714285714
18005,0.6604811,0.0
18006,0.6818108,0.0
18007,0.93699044,0.21895424836601307
18008,0.20347428,0.01282051282051282
18009,0.2317607,0.024390243902439025
18010,0.21355218,0.0
18011,0.7096537,0.03526448362720403
18012,0.31032375,0.0
18013,0.3672257,0.0005770340450086555
18014,0.5528427,0.061224489795918366
18015,0.2454905,0.058823529411764705
18016,0.88787043,0.0
18017,0.8401494,0.0
18018,0.7553157,0.0
18019,0.32500014,0.02666666666666667
18020,0.7417413,0.0
18021,0.8240911,0.0
18022,0.25089234,0.0
18023,0.8275322,0.14285714285714285
18024,0.8130171,0.0
18025,0.8825287,0.2
18026,0.49629542,0.14516129032258066
18027,0.45849648,0.015202866272876925
18028,0.54524827,0.0
18029,0.59633607,0.01120190983380773
18030,0.24055982,0.0
18031,0.5815076,0.0
18032,0.3564241,0.9929564581046469
18033,0.8976511,0.0
18034,0.3985815,0.015437392795883362
18035,0.7801584,0.0
18036,0.3960605,0.0
18037,0.75600225,0.0
18038,0.92333245,0.0
18039,0.80697775,0.0
18040,0.80902267,0.029411764705882353
18041,0.6551818,0.0
18042,0.3580675,0.045824847250509164
18043,0.59468216,0.0
18044,0.78920656,0.07012785741960481
18045,0.56769717,0.0
18046,0.64838916,0.0
18047,0.6309197,0.0
18048,0.8746238,0.0
18049,0.6691568,0.0
18050,0.81781936,0.0
18051,0.7457142,0.008264462809917356
18052,0.82168543,0.0
18053,0.21777004,0.0
18054,0.87097985,0.16129032258064516
18055,0.8010042,0.0
18056,0.5150639,0.10612244897959183
18057,0.24480622,0.0
18058,0.76875687,0.0
18059,0.6022484,0.0
18060,0.87922007,0.0
18061,0.84371525,1.0
18062,0.88914514,0.075
18063,0.83063614,0.0
18064,0.25761724,0.011627906976744186
18065,0.2794871,0.0
18066,0.47922215,0.0
18067,0.8537933,0.0
18068,0.8766211,0.0
18069,0.6736079,0.1279317697228145
18070,0.24641672,0.0
18071,0.53313917,0.0
18072,0.88826346,0.25
18073,0.43232358,0.08942457231726283
18074,0.29207596,0.9420543528327959
18075,0.15103647,0.9162511542012927
18076,0.18256809,0.0
18077,0.41199407,0.0
18078,0.8463706,0.0
18079,0.68297577,0.0
18080,0.76684964,0.08604651162790698
18081,0.7483108,0.0
18082,0.8814072,0.07692307692307693
18083,0.4170922,0.3731484399621809
18084,0.8366985,0.11148648648648649
18085,0.753147,0.0
18086,0.27687198,0.0
18087,0.8938692,0.0
18088,0.8409062,0.1245674740484429
18089,0.8015967,0.27716849451645065
18090,0.2641344,0.3257513379991766
18091,0.82218355,0.2413793103448276
18092,0.9084111,0.20253164556962025
18093,0.6693876,0.0
18094,0.5918259,0.0
18095,0.1899491,0.9385051169590644
18096,0.8819419,0.0
18097,0.4789855,0.011239035087719298
18098,0.67078614,0.0
18099,0.23357956,0.04938271604938271
18100,0.8787198,0.0
18101,0.795329,0.0
18102,0.203674,0.0
18103,0.54697704,0.0
18104,0.7931809,0.0
18105,0.8770714,0.4
18106,0.21689889,0.0
18107,0.3103279,0.0
18108,0.81928444,0.0
18109,0.6672419,0.0
18110,0.23702192,0.03218456280262034
18111,0.87209177,0.0
18112,0.497086,0.0
18113,0.49963206,0.0
18114,0.9180802,0.2222222222222222
18115,0.4457702,0.0
18116,0.7833603,0.0
18117,0.43814728,0.0
18118,0.5242617,0.0
18119,0.58458906,0.0
18120,0.438952,0.10267857142857142
18121,0.84371024,0.18604651162790697
18122,0.72207296,0.0
18123,0.24738164,0.0
18124,0.22570427,0.027777777777777776
18125,0.34186095,0.024539877300613498
18126,0.82417387,0.1111111111111111
18127,0.53363675,0.0
18128,0.30087626,0.007315700619020821
18129,0.9417432,0.0
18130,0.6418639,0.0
18131,0.80969495,0.0
18132,0.8235231,0.06666666666666667
18133,0.91597813,0.02127659574468085
18134,0.21902391,0.0
18135,0.2969702,0.01661586864615082
18136,0.90577275,0.0
18137,0.8521658,0.16666666666666666
18138,0.2552639,0.0
18139,0.6553754,0.0
18140,0.919057,0.0
18141,0.70332265,0.03626943005181347
18142,0.7620668,0.0
18143,0.76667017,0.11538461538461539
18144,0.8879212,0.20495495495495494
18145,0.46826404,0.0
18146,0.25188902,0.0
18147,0.8052165,0.0
18148,0.30814236,0.0028694404591104736
18149,0.44380346,0.0
18150,0.7922343,0.14285714285714285
18151,0.16332623,0.04479808665256186
18152,0.733182,0.0
18153,0.6899513,0.024096385542168676
18154,0.6303337,0.011551465063861758
18155,0.59508204,0.01079136690647482
18156,0.19699097,0.36294240111034004
18157,0.5527285,0.0
18158,0.8363619,0.1
18159,0.55152,0.0
18160,0.32968703,0.010574189880613986
18161,0.37412116,0.0
18162,0.53636014,0.0
18163,0.40965068,0.0
18164,0.45265,0.00039051059259982425
18165,0.72404534,0.16666666666666666
18166,0.92257893,0.14446952595936793
18167,0.5800115,0.0
18168,0.8968898,0.0
18169,0.88008165,0.0
18170,0.79536945,0.0
18171,0.31757754,0.10673732021196064
18172,0.7743808,0.04411764705882353
18173,0.9056051,0.23160173160173161
18174,0.19458176,0.0
18175,0.35334754,0.010432648051549556
18176,0.93713325,0.22772277227722773
18177,0.4136881,0.06853518821603928
18178,0.91661423,0.15859449192782527
18179,0.819096,0.16
18180,0.7812693,0.0
18181,0.4807915,0.0
18182,0.40767458,0.0020013342228152103
18183,0.40767872,0.08183632734530938
18184,0.70668155,0.0
18185,0.2006197,0.0
18186,0.20851624,0.03939893714495144
18187,0.22868384,0.002860411899313501
18188,0.4054637,0.0
18189,0.63599604,0.0
18190,0.49707723,0.03333333333333333
18191,0.5988811,0.0
18192,0.45159212,0.00019004180919802356
18193,0.88523984,0.7223910840932117
18194,0.6290847,0.0
18195,0.37655938,0.0
18196,0.2761514,0.016666666666666666
18197,0.25071228,0.8767478470228725
18198,0.1742829,0.0
18199,0.8424006,0.248
18200,0.5594259,0.0
18201,0.8589618,0.2857142857142857
18202,0.8764838,0.0
18203,0.9069814,0.2
18204,0.77093226,0.0
18205,0.197074,0.0
18206,0.14673826,0.0446870985501927
18207,0.8560792,0.0
18208,0.35265452,0.07692307692307693
18209,0.44713402,0.0
18210,0.7626854,0.058823529411764705
18211,0.8435139,0.0
18212,0.32701245,0.012479201331114808
18213,0.9040604,0.36666666666666664
18214,0.48169538,0.0
18215,0.9501317,0.3007985803016859
18216,0.18544748,0.0
18217,0.68439925,0.09821428571428571
18218,0.549199,0.0
18219,0.22392565,0.5011810178226326
18220,0.56021184,0.0
18221,0.8702096,0.1308411214953271
18222,0.576586,0.0
18223,0.5870819,0.022727272727272728
18224,0.82145536,0.09836065573770492
18225,0.6049809,0.0
18226,0.88142604,0.009708737864077669
18227,0.40187275,0.033950617283950615
18228,0.24403998,0.0
18229,0.23584048,0.0
18230,0.38048726,0.6065064424746414
18231,0.6813244,0.07207207207207207
18232,0.7378665,0.03048780487804878
18233,0.55636257,0.0
18234,0.21433856,0.0
18235,0.28145492,0.009900990099009901
18236,0.5149417,0.13043478260869565
18237,0.88673246,0.0
18238,0.9357188,0.0
18239,0.35348934,0.0
18240,0.30133602,0.09884255006430277
18241,0.9133896,0.0
18242,0.49492812,0.07880794701986756
18243,0.5894197,0.00425531914893617
18244,0.67347306,0.0
18245,0.92598087,0.0
18246,0.75930774,0.0
18247,0.5553117,0.07692307692307693
18248,0.8985753,0.0
18249,0.894467,0.21428571428571427
18250,0.94544154,0.29818181818181816
18251,0.8850772,0.10107816711590296
18252,0.28607368,0.9666056724611162
18253,0.55906504,0.0
18254,0.66501737,0.0
18255,0.51403743,0.015527379639838294
18256,0.1729966,0.02702702702702703
18257,0.276406,0.888797514619883
18258,0.8525616,0.17391304347826086
18259,0.14403498,0.5673732718894009
18260,0.54440904,0.0
18261,0.95579976,0.7216805530934232
18262,0.21048288,0.0
18263,0.88640624,0.08333333333333333
18264,0.8327465,0.13915857605177995
18265,0.82024187,0.0
18266,0.88990206,0.0
18267,0.46422675,0.15895953757225434
18268,0.5754189,0.03636363636363636
18269,0.36550078,0.0
18270,0.5736732,0.009009009009009009
18271,0.65932184,0.0967741935483871
18272,0.26055026,0.0
18273,0.28915498,0.008620689655172414
18274,0.28003943,0.0
18275,0.86285067,0.25
18276,0.62870115,0.01694915254237288
18277,0.3495316,0.00847457627118644
18278,0.2455545,0.0
18279,0.3471476,0.008788387479016491
18280,0.14017077,0.1655134237475782
18281,0.21205409,0.9836440058479532
18282,0.71645343,0.3235294117647059
18283,0.16207978,0.0
18284,0.9019325,0.13
18285,0.23195587,0.0
18286,0.8824469,0.21071428571428572
18287,0.4648458,0.2857142857142857
18288,0.22306265,0.03888888888888889
18289,0.799401,0.0
18290,0.8728851,0.0
18291,0.6558697,0.0
18292,0.24082382,0.04
18293,0.48164076,0.015459202341748994
18294,0.7626327,0.14285714285714285
18295,0.83091086,0.0
18296,0.7733752,0.0
18297,0.8318129,0.0
18298,0.2056127,0.0
18299,0.392101,0.0
18300,0.8637553,0.06666666666666667
18301,0.7285219,0.0
18302,0.51979643,0.10303030303030303
18303,0.17790772,0.125
18304,0.53340435,0.012711864406779662
18305,0.86582834,0.05714285714285714
18306,0.89738005,0.14634146341463414
18307,0.21981046,0.006522138526547859
18308,0.9050519,0.24528301886792453
18309,0.27251852,0.037237237237237236
18310,0.76455396,0.08695652173913043
18311,0.3032944,0.0
18312,0.47251782,0.0
18313,0.28900167,0.0077279752704791345
18314,0.47397593,0.0
18315,0.8753938,0.0
18316,0.8616737,0.0
18317,0.78353715,0.16666666666666666
18318,0.47101492,0.0008163265306122449
18319,0.2597639,0.0
18320,0.85938084,0.0
18321,0.82824355,0.13043478260869565
18322,0.2674387,0.0
18323,0.25094426,0.04875148632580262
18324,0.88431585,0.13157894736842105
18325,0.8629683,0.1780821917808219
18326,0.80221057,0.0
18327,0.88303643,0.0
18328,0.67547673,0.0
18329,0.8908223,0.10869565217391304
18330,0.40454954,0.01276236683894104
18331,0.8957258,0.0
18332,0.67338914,0.0
18333,0.8792331,0.0
18334,0.4031064,0.05414551607445008
18335,0.93899715,0.2687265917602996
18336,0.6340973,0.011302030690067078
18337,0.5014218,0.058823529411764705
18338,0.6222693,0.0
18339,0.34792146,0.0031446540880503146
18340,0.8830256,0.0694980694980695
18341,0.6476333,0.07142857142857142
18342,0.8558894,0.046419098143236075
18343,0.2366321,0.818972697825081
18344,0.21476041,0.06493506493506493
18345,0.11809934,0.0
18346,0.3584888,0.039473684210526314
18347,0.87175953,0.1
18348,0.5790234,0.0
18349,0.813797,0.07407407407407407
18350,0.6789397,0.029411764705882353
18351,0.61549944,0.0
18352,0.7860681,0.09322033898305085
18353,0.1879428,0.10714285714285714
18354,0.20208414,0.2887128712871287
18355,0.42310083,0.14736842105263157
18356,0.8923122,0.0
18357,0.5558849,0.0
18358,0.26901162,0.0
18359,0.49702772,0.06315789473684211
18360,0.18833539,0.028985507246376812
18361,0.70969504,0.0
18362,0.5340956,0.027777777777777776
18363,0.31221634,0.002581413820492454
18364,0.4230618,0.014705882352941176
18365,0.89152926,0.3419811320754717
18366,0.4876298,0.0
18367,0.8359555,0.0
18368,0.24300648,0.0
18369,0.45334193,0.2525062656641604
18370,0.772991,0.08
18371,0.5108166,0.015479025462538926
18372,0.5124807,0.0
18373,0.895911,0.16129032258064516
18374,0.84952253,0.05263157894736842
18375,0.4594699,0.01124108938036922
18376,0.1763023,0.12189231424918312
18377,0.5117987,0.0
18378,0.6502373,0.0
18379,0.31960124,0.0625
18380,0.29615662,0.0
18381,0.7965627,0.08333333333333333
18382,0.22346115,0.0
18383,0.8425972,0.0
18384,0.3936111,0.07886904761904762
18385,0.2562409,0.008955223880597015
18386,0.7582861,0.043478260869565216
18387,0.3036764,0.0
18388,0.5502914,0.05379746835443038
18389,0.88054407,0.0050968399592252805
18390,0.21795523,0.0
18391,0.26107123,0.0
18392,0.34668952,0.011253720238095238
18393,0.17763007,0.007575757575757576
18394,0.5248351,0.0625
18395,0.9159283,0.19004524886877827
18396,0.923886,0.3304552590266876
18397,0.25804192,0.010790697674418604
18398,0.27239645,0.0
18399,0.688859,0.0
18400,0.46950915,0.10456062291434928
18401,0.62539244,0.0
18402,0.21331678,0.0
18403,0.2815848,0.0
18404,0.5842217,0.0
18405,0.7220171,0.0
18406,0.91139126,0.10526315789473684
18407,0.6798425,0.0
18408,0.61210555,0.00036700614735296817
18409,0.87656415,0.0
18410,0.87909395,0.0
18411,0.72740805,0.06666666666666667
18412,0.8758806,0.0
18413,0.29082096,0.034482758620689655
18414,0.21007004,0.002857142857142857
18415,0.86499614,0.3333333333333333
18416,0.48854628,0.0
18417,0.25820324,0.00065302568567697
18418,0.73960954,0.045454545454545456
18419,0.9014742,0.0
18420,0.72681355,0.0
18421,0.8936907,0.17391304347826086
18422,0.36600783,0.0
18423,0.9402672,0.225130890052356
18424,0.39876452,0.0003039821663795724
18425,0.92886794,0.0
18426,0.853121,0.0
18427,0.5840464,0.0
18428,0.875358,0.10714285714285714
18429,0.31753418,0.011157601115760111
18430,0.38635585,0.03749043611323642
18431,0.93714875,0.11530815109343936
18432,0.69845635,0.0
18433,0.34263703,0.015
18434,0.461574,0.0
18435,0.68554485,0.03816793893129771
18436,0.90689707,0.0
18437,0.6268447,0.0
18438,0.81780756,0.0
18439,0.8948931,0.09090909090909091
18440,0.7386512,0.024264326277749097
18441,0.78145134,0.0
18442,0.3638869,0.0
18443,0.3869487,0.015873015873015872
18444,0.86015356,0.14814814814814814
18445,0.8894949,0.2191780821917808
18446,0.9048041,0.0
18447,0.70374596,0.0
18448,0.87633944,0.0
18449,0.39954993,0.0
18450,0.34377775,0.014598540145985401
18451,0.31734958,0.0
18452,0.8584983,0.1111111111111111
18453,0.28397566,0.0
18454,0.8922998,0.21428571428571427
18455,0.82884437,0.0
18456,0.20858756,0.0
18457,0.91687816,0.026737967914438502
18458,0.31706128,0.0
18459,0.21062449,0.013981076119192205
18460,0.6424284,0.0
18461,0.2951442,0.4571004085675375
18462,0.90188086,0.0
18463,0.9486707,0.4148936170212766
18464,0.47543254,0.011310344827586206
18465,0.9568623,0.36363636363636365
18466,0.28372788,0.0
18467,0.42232493,0.0
18468,0.8704364,0.0
18469,0.58429635,0.1111111111111111
18470,0.83097714,0.0
18471,0.48823196,0.1076923076923077
18472,0.95736253,0.009550215650030808
18473,0.5558768,0.03760913364674278
18474,0.8911277,0.11428571428571428
18475,0.20040856,0.0013698630136986301
18476,0.66188705,0.0
18477,0.5651321,0.0
18478,0.7844495,0.0
18479,0.18991484,0.20884164754197368
18480,0.16980089,0.0041025641025641026
18481,0.81980675,0.10344827586206896
18482,0.18006282,0.0
18483,0.9476357,0.31640625
18484,0.7022545,0.14150943396226415
18485,0.83965784,0.0
18486,0.38433114,0.003381642512077295
18487,0.8764091,0.10818713450292397
18488,0.5042084,0.0625
18489,0.728443,0.0
18490,0.8940589,0.0
18491,0.28456032,0.0
18492,0.5718794,0.0
18493,0.17243786,0.5752488776107749
18494,0.5882883,0.0
18495,0.77972215,0.0
18496,0.82860833,0.0
18497,0.8063737,0.1745635910224439
18498,0.68807036,0.05263157894736842
18499,0.12576,0.0
18500,0.5008115,0.0
18501,0.759844,0.12121212121212122
18502,0.35783353,0.03508771929824561
18503,0.6326784,0.04440574662603396
18504,0.27890712,0.9356349279221375
18505,0.85707414,0.0
18506,0.43067995,0.024764409379793996
18507,0.69105875,0.19594594594594594
18508,0.2900989,0.0625
18509,0.8321126,0.06666666666666667
18510,0.31690475,0.0
18511,0.8085056,0.16071428571428573
18512,0.821146,0.0
18513,0.7581859,0.03522012578616352
18514,0.29328096,0.03469079939668175
18515,0.38964605,0.0
18516,0.88400835,0.05263157894736842
18517,0.20873569,0.0
18518,0.32284564,0.0
18519,0.39154074,0.9029721079103795
18520,0.7216297,0.0
18521,0.64105904,0.0
18522,0.48470944,0.0
18523,0.17358796,0.47343554141355704
18524,0.90974855,0.4666666666666667
18525,0.28374493,0.04355477342718874
18526,0.16442575,0.0
18527,0.27191472,0.9461707183330287
18528,0.23410487,0.0
18529,0.5517079,0.0
18530,0.43525591,0.00684931506849315
18531,0.31938744,0.01680672268907563
18532,0.8486754,0.15
18533,0.65085596,0.16666666666666666
18534,0.8551459,0.27586206896551724
18535,0.5056806,0.0003541076487252125
18536,0.44710177,0.017526777020447908
18537,0.3843002,0.0
18538,0.4186363,0.037037037037037035
18539,0.8986,0.08333333333333333
18540,0.394398,0.026515151515151516
18541,0.48105577,0.0
18542,0.45110044,0.06266318537859007
18543,0.73814934,0.07272727272727272
18544,0.73611367,0.0
18545,0.70188147,0.0
18546,0.6003719,0.024539877300613498
18547,0.25199085,0.0
18548,0.39208668,0.00010913456291607552
18549,0.74852407,0.015442251461988304
18550,0.889155,0.0
18551,0.38526517,0.0
18552,0.61849713,0.045234248788368334
18553,0.85772544,0.10516252390057361
18554,0.8830411,0.08333333333333333
18555,0.18907961,0.0
18556,0.24013843,0.0
18557,0.87348306,0.5
18558,0.9386864,0.17168949771689498
18559,0.3295418,0.0
18560,0.84157366,0.10416666666666667
18561,0.57024604,0.0
18562,0.88767713,0.0
18563,0.5361549,0.18168783285538714
18564,0.7411247,0.06451612903225806
18565,0.5391924,0.0
18566,0.17773114,0.0
18567,0.89131474,0.0
18568,0.23285307,0.08163265306122448
18569,0.80604815,0.0
18570,0.5736212,0.0
18571,0.3397812,0.0008880994671403197
18572,0.2947497,0.4554183813443073
18573,0.80015093,0.0
18574,0.32711115,0.0042415169660678645
18575,0.9145072,0.0008149959250203749
18576,0.51621807,0.038135593220338986
18577,0.18746218,0.0
18578,0.9040668,0.19230769230769232
18579,0.42842132,0.0
18580,0.2542875,0.01646090534979424
18581,0.30912155,0.0
18582,0.8706862,0.20930232558139536
18583,0.60645044,0.10406091370558376
18584,0.85008377,0.8256459792320695
18585,0.8487498,0.18181818181818182
18586,0.7497724,0.037383177570093455
18587,0.28020534,0.0408695652173913
18588,0.43000382,0.0010578279266572638
18589,0.6994873,0.05785123966942149
18590,0.87122047,1.0
18591,0.3249687,0.5236668044646549
18592,0.24224365,0.0026014568158168575
18593,0.31503192,0.07598566308243727
18594,0.62474966,0.0148864905098623
18595,0.580047,0.0
18596,0.29969493,0.07692307692307693
18597,0.41121536,0.0
18598,0.9392756,0.36253776435045315
18599,0.583655,0.12955465587044535
18600,0.92699975,0.0913312693498452
18601,0.73933125,0.0
18602,0.35253286,0.007017543859649123
18603,0.4453503,0.024484215759383546
18604,0.87845665,0.1
18605,0.6985834,0.0
18606,0.17119506,0.0
18607,0.27620193,0.0
18608,0.81929225,0.0
18609,0.2568965,0.5022485690923958
18610,0.6951564,0.0
18611,0.47749513,0.0
18612,0.64253384,0.0
18613,0.2826678,0.002553191489361702
18614,0.28086686,0.0
18615,0.5771416,0.0
18616,0.47248927,0.03213610586011342
18617,0.63981676,0.5010752688172043
18618,0.74324447,0.0
18619,0.8098756,0.041666666666666664
18620,0.3867341,0.17764407853071565
18621,0.7751622,0.0
18622,0.8307061,0.09259259259259259
18623,0.17547695,0.0
18624,0.49506637,0.010667903525046383
18625,0.5668808,0.06268221574344024
18626,0.8652938,0.029411764705882353
18627,0.45393237,0.01124108938036922
18628,0.26683417,0.0
18629,0.5534528,0.0
18630,0.85804987,0.2066458982346833
18631,0.22538607,0.7959967096243488
18632,0.9070281,0.0
18633,0.71839416,0.18181818181818182
18634,0.6628072,0.0707070707070707
18635,0.5624495,0.0
18636,0.5205797,0.07123287671232877
18637,0.27555722,0.13984304644281487
18638,0.88715094,0.0
18639,0.21476945,0.0
18640,0.44553652,0.016795865633074936
18641,0.28380552,9.194556822361162e-05
18642,0.83158034,0.0
18643,0.27943093,0.2597369099819448
18644,0.17414324,0.008928571428571428
18645,0.27569634,0.0
18646,0.22332351,0.007786140669608098
18647,0.9080889,0.09
18648,0.93514043,0.08
18649,0.50889254,0.04293381037567084
18650,0.2480365,0.4736263736263736
18651,0.4207109,0.7402473834443387
18652,0.7362195,0.0
18653,0.29813242,0.027993041277874428
18654,0.14847533,0.0
18655,0.72871995,0.42424242424242425
18656,0.8764182,0.0
18657,0.26071337,0.0
18658,0.41703373,0.0
18659,0.2142814,0.0
18660,0.13692372,0.01314800901577761
18661,0.2357878,0.0
18662,0.27334422,0.022556390977443608
18663,0.32362735,0.0
18664,0.45055062,0.0
18665,0.86930376,0.3034124629080119
18666,0.2382553,0.0
18667,0.29757044,0.0
18668,0.1653722,0.5333809718252348
18669,0.88695973,0.08108108108108109
18670,0.24525471,0.0
18671,0.69259465,0.027777777777777776
18672,0.6557945,0.0
18673,0.84206676,0.0
18674,0.82540506,0.15789473684210525
18675,0.20785233,0.06072874493927125
18676,0.88045347,0.0
18677,0.301208,0.0
18678,0.71138203,0.0005161290322580645
18679,0.80151314,0.0
18680,0.40389928,0.0
18681,0.9050808,0.3707995365005794
18682,0.48396242,0.000655307994757536
18683,0.43571392,0.0
18684,0.4687838,0.0
18685,0.9314754,0.19444444444444445
18686,0.40636063,0.0
18687,0.8616034,0.0
18688,0.84337646,0.0
18689,0.920401,0.4771487039563438
18690,0.8540031,0.028985507246376812
18691,0.34545574,0.615279173901124
18692,0.80540425,0.0
18693,0.8920984,0.10526315789473684
18694,0.7587185,0.0
18695,0.82338667,0.0
18696,0.5343364,0.0
18697,0.87143064,0.0
18698,0.5569239,0.06153184165232358
18699,0.34070787,0.2143809523809524
18700,0.25216937,0.0
18701,0.6696394,0.10560414642047296
18702,0.8381408,0.0
18703,0.5621158,0.0
18704,0.4828285,0.18307426597582038
18705,0.81228215,0.125
18706,0.30847257,0.0
18707,0.70676225,0.0002992220227408737
18708,0.42543492,0.000864304235090752
18709,0.55259544,0.0
18710,0.3934544,0.034482758620689655
18711,0.6644088,0.0
18712,0.19466929,0.0
18713,0.48688054,0.0
18714,0.7659215,0.0
18715,0.6890411,0.1772983114446529
18716,0.1404412,0.0
18717,0.2782835,0.0
18718,0.73520035,0.0
18719,0.36447045,0.19948453608247424
18720,0.51430756,0.0
18721,0.41886637,0.07904457030288106
18722,0.93675774,0.2
18723,0.49073172,0.0
18724,0.8709298,0.0
18725,0.4784498,0.0
18726,0.41063967,0.0
18727,0.23471075,0.0
18728,0.39401034,0.0
18729,0.66514224,0.0
18730,0.86941785,0.2111111111111111
18731,0.7778439,0.14285714285714285
18732,0.9140729,0.2857142857142857
18733,0.72805524,0.0
18734,0.8766343,0.0
18735,0.91660327,0.0
18736,0.7031,0.0
18737,0.6806499,0.0
18738,0.40161377,0.05973223480947477
18739,0.4615556,0.2714981070849108
18740,0.78012764,0.0
18741,0.7487069,0.1724137931034483
18742,0.5207569,0.0
18743,0.7964204,0.06666666666666667
18744,0.2579787,0.10734463276836158
18745,0.6876185,0.0425531914893617
18746,0.57994723,0.0
18747,0.2706091,0.0
18748,0.36836246,0.02710843373493976
18749,0.234534,0.0
18750,0.91186154,0.0
18751,0.8004193,0.06584362139917696
18752,0.65456045,0.01555023923444976
18753,0.26039803,0.0
18754,0.922722,0.0
18755,0.5073521,0.0
18756,0.8333006,0.16666666666666666
18757,0.5624262,0.0011632415664986429
18758,0.36205566,0.008846584546472564
18759,0.7957146,0.0
18760,0.8307072,0.1111111111111111
18761,0.26542637,0.018599845001291655
18762,0.9048948,0.32460732984293195
18763,0.63022286,0.0
18764,0.5256854,0.0
18765,0.90440494,0.0
18766,0.9401691,0.27419354838709675
18767,0.21657336,0.0
18768,0.2765327,0.0
18769,0.296205,0.0
18770,0.9131568,0.05172413793103448
18771,0.9132533,0.16666666666666666
18772,0.74616456,0.6
18773,0.25469512,0.06909090909090909
18774,0.5192224,0.0
18775,0.48814678,0.016614235155328352
18776,0.52330345,0.01122367898291617
18777,0.9458209,0.11666666666666667
18778,0.7763631,0.0
18779,0.16405901,0.2997805814591333
18780,0.5294967,0.0
18781,0.4880575,0.0011665208515602217
18782,0.45636347,0.0
18783,0.4918729,0.011239035087719298
18784,0.49748376,0.0
18785,0.70697397,0.0
18786,0.13325825,0.05485017775520569
18787,0.72850657,0.6986228813559322
18788,0.76158816,0.09523809523809523
18789,0.46323147,0.0
18790,0.5225591,0.0
18791,0.84322065,0.0
18792,0.6047663,0.0
18793,0.8688213,0.04
18794,0.9580476,0.30357142857142855
18795,0.42318454,0.0
18796,0.54681057,0.0
18797,0.8432877,0.125
18798,0.80116385,0.25
18799,0.29235122,0.010362694300518135
18800,0.87023705,0.0821917808219178
18801,0.7953831,0.0
18802,0.38703823,0.0
18803,0.5432689,0.0
18804,0.8372094,0.25
18805,0.45335114,0.0
18806,0.31141418,0.0
18807,0.35770118,0.058823529411764705
18808,0.17262162,0.026845637583892617
18809,0.18679753,0.6304106548279689
18810,0.21229377,0.0
18811,0.5825368,0.010309278350515464
18812,0.4050205,0.13476702508960572
18813,0.6812877,0.0
18814,0.8501319,0.0
18815,0.852257,0.0
18816,0.62929493,0.14345991561181434
18817,0.9414841,0.14232209737827714
18818,0.3871478,0.0
18819,0.26250264,0.0
18820,0.20395707,0.9371799561082663
18821,0.7951829,0.0
18822,0.88150346,0.16091954022988506
18823,0.65022993,0.011269928532160528
18824,0.68519115,0.0
18825,0.84195656,0.0067243035542747355
18826,0.3038066,0.0
18827,0.8294442,0.0
18828,0.15347716,0.0
18829,0.8257137,0.0
18830,0.38427445,0.04819277108433735
18831,0.6808203,0.0
18832,0.8427037,0.21875
18833,0.47776276,0.0
18834,0.47386497,0.05
18835,0.8930405,0.0
18836,0.22531311,0.0
18837,0.9053945,0.07482993197278912
18838,0.32771498,0.005555555555555556
18839,0.22482787,0.028846153846153848
18840,0.4405636,0.0
18841,0.90343773,0.12195121951219512
18842,0.75301915,0.05555555555555555
18843,0.8038921,0.10588235294117647
18844,0.2607941,0.0
18845,0.28267047,0.0007147962830593281
18846,0.9537888,0.23516483516483516
18847,0.6049074,0.125
18848,0.3348587,0.0
18849,0.93022144,0.1762114537444934
18850,0.3538466,0.011379800853485065
18851,0.89402866,0.0
18852,0.25890556,0.0
18853,0.4729671,0.0
18854,0.6779302,0.1111111111111111
18855,0.770798,0.0
18856,0.26501903,0.2072610933370427
18857,0.29249436,0.0
18858,0.7844338,0.0
18859,0.2790051,0.0053848174415550305
18860,0.42428133,0.0
18861,0.1995804,0.11557434813248767
18862,0.9127689,0.07692307692307693
18863,0.2705465,0.0
18864,0.8421309,0.09734513274336283
18865,0.61957914,0.017151607963246555
18866,0.7303407,0.018518518518518517
18867,0.88653105,0.256198347107438
18868,0.36728746,0.14285714285714285
18869,0.92276996,0.0
18870,0.4018229,0.0017825311942959
18871,0.8496793,0.0
18872,0.91881096,0.2608695652173913
18873,0.82969546,0.04477611940298507
18874,0.81222105,0.0
18875,0.79705805,0.0
18876,0.84809655,0.15384615384615385
18877,0.23075567,0.9149560117302052
18878,0.58313274,0.0
18879,0.619248,0.015442251461988304
18880,0.25407186,0.0
18881,0.87564397,0.1282051282051282
18882,0.6830445,0.0
18883,0.8246578,0.0
18884,0.8850139,0.0
18885,0.7967097,0.020202020202020204
18886,0.86848104,0.0
18887,0.47882947,0.0
18888,0.5306103,0.0
18889,0.34525764,0.0
18890,0.38020393,0.0
18891,0.17158546,0.4560661411267064
18892,0.7528899,0.22270742358078602
18893,0.38124004,0.0
18894,0.17345159,0.8796889295516926
18895,0.8605639,0.058823529411764705
18896,0.7942152,0.0
18897,0.72642297,0.02
18898,0.74544144,0.06666666666666667
18899,0.8466591,0.0
18900,0.49991915,0.0
18901,0.9536227,0.42435424354243545
18902,0.20758559,0.06563573883161512
18903,0.82849306,0.2857142857142857
18904,0.4384639,0.003626473254759746
18905,0.6611628,0.05454545454545454
18906,0.93302166,0.34074074074074073
18907,0.3435236,0.0
18908,0.47626474,0.021333333333333333
18909,0.33294728,0.057971014492753624
18910,0.83616054,0.23484848484848486
18911,0.24436918,0.0
18912,0.9165037,0.0
18913,0.89238197,0.200109950522265
18914,0.75414246,0.0
18915,0.9479335,0.2627840909090909
18916,0.28381658,0.9140782944311707
18917,0.86390543,0.0
18918,0.5412617,0.015459202341748994
18919,0.8401368,0.0017825311942959
18920,0.5776518,0.00018485996857380533
18921,0.8734673,0.0
18922,0.31886435,0.0028328611898017
18923,0.33678743,0.0
18924,0.46641463,0.21052631578947367
18925,0.40316364,0.0
18926,0.71562296,0.0
18927,0.30472574,0.015957446808510637
18928,0.3459054,0.00046860356138706655
18929,0.58726686,0.0
18930,0.8958386,0.12
18931,0.29401454,0.004629629629629629
18932,0.4596417,0.016284447870495277
18933,0.7526662,0.0
18934,0.891885,0.0
18935,0.54090464,0.011240062140180938
18936,0.26795414,0.527689725899683
18937,0.8766948,0.3333333333333333
18938,0.22637898,0.0
18939,0.891007,0.030303030303030304
18940,0.73990786,0.0
18941,0.7996631,0.09090909090909091
18942,0.904267,0.17647058823529413
18943,0.918372,0.046511627906976744
18944,0.8146618,0.0
18945,0.8967986,0.0
18946,0.8944787,0.0
18947,0.3406696,0.08695652173913043
18948,0.15571392,0.0
18949,0.8726307,0.125
18950,0.92361665,0.0
18951,0.8575112,0.08333333333333333
18952,0.74779123,0.0
18953,0.3931283,0.0
18954,0.8161246,0.03225806451612903
18955,0.5557379,0.07269279393173199
18956,0.3787159,0.0006532745386248571
18957,0.5406731,0.0
18958,0.5032534,0.011273027220236459
18959,0.8722611,0.0
18960,0.25298148,0.02564102564102564
18961,0.58100975,0.03896103896103896
18962,0.4278585,0.05006705409029951
18963,0.85787594,0.23076923076923078
18964,0.85797906,0.0
18965,0.7128788,0.07352941176470588
18966,0.50175214,0.16539263377345378
18967,0.44419247,0.026595744680851064
18968,0.85213125,0.05405405405405406
18969,0.38369414,0.0
18970,0.46955156,0.0
18971,0.8534939,0.0
18972,0.62427574,0.0
18973,0.18979283,0.02857142857142857
18974,0.6522588,0.023696682464454975
18975,0.7113147,0.0
18976,0.14610828,0.0
18977,0.2220622,0.7665414620052008
18978,0.930205,0.4053030303030303
18979,0.8022752,0.0
18980,0.4172095,0.0
18981,0.7629447,0.2
18982,0.5965501,0.25
18983,0.8698773,0.0
18984,0.7809743,0.0
18985,0.40305445,0.004672897196261682
18986,0.6748669,0.0
18987,0.25832024,0.0
18988,0.19157358,0.0
18989,0.28328466,0.03805321935750724
18990,0.42642176,0.044585987261146494
18991,0.80544716,0.0
18992,0.3358102,0.003937007874015748
18993,0.7857547,0.0
18994,0.91331893,0.0
18995,0.33600375,0.0
18996,0.92853576,0.0625
18997,0.75870055,0.01910828025477707
18998,0.7829017,0.0
18999,0.7289564,0.0625
19000,0.26666126,0.0
19001,0.7800563,0.0
19002,0.17874262,0.3074383197285151
19003,0.8180978,0.03508771929824561
19004,0.78170717,0.0
19005,0.48060256,0.0005497526113249038
19006,0.2570386,0.0
19007,0.8922343,0.0
19008,0.8816463,0.1095890410958904
19009,0.33974415,0.0
19010,0.23067196,0.0
19011,0.45671523,0.0
19012,0.5332691,0.0
19013,0.6290026,0.008264462809917356
19014,0.9196445,0.6666666666666666
19015,0.16810389,0.0
19016,0.83932954,0.0
19017,0.2536217,0.0
19018,0.27064106,0.042897998093422304
19019,0.8531221,0.030120481927710843
19020,0.55473864,0.044444444444444446
19021,0.89039856,0.0625
19022,0.9183983,0.0
19023,0.65834695,0.011152416356877323
19024,0.85017675,0.19557195571955718
19025,0.38045442,0.0
19026,0.9029658,0.08864696734059098
19027,0.9014478,0.0
19028,0.50145435,0.023876404494382022
19029,0.808978,0.0
19030,0.66674256,0.017146915584415584
19031,0.744349,0.0
19032,0.7342287,0.0
19033,0.80289334,0.18181818181818182
19034,0.33375603,0.0
19035,0.21659783,0.2253481102585962
19036,0.37670514,0.015856536101934875
19037,0.49974263,0.0
19038,0.8432492,0.056338028169014086
19039,0.88491964,0.0
19040,0.76853746,0.0
19041,0.84976774,0.17525773195876287
19042,0.8128854,0.08571428571428572
19043,0.5275027,0.0
19044,0.5943699,0.011240062140180938
19045,0.40943825,0.011099805753399316
19046,0.34929004,0.0
19047,0.8993625,0.0
19048,0.22939247,0.2382170259408111
19049,0.9332715,0.0
19050,0.41063896,0.0006956521739130435
19051,0.9806441,0.15515222482435598
19052,0.5040955,0.0
19053,0.41645682,0.02987101154107264
19054,0.86628896,0.0
19055,0.60246044,0.0
19056,0.27735478,0.5431241902646677
19057,0.28635177,0.0
19058,0.22094144,0.0
19059,0.6198572,0.005988023952095809
19060,0.8798177,0.0
19061,0.7559781,0.08823529411764706
19062,0.38553038,0.008118530545971179
19063,0.8219537,0.2641509433962264
19064,0.800036,0.0
19065,0.3035161,0.07809330628803246
19066,0.63066113,0.0
19067,0.787738,0.21428571428571427
19068,0.2489368,0.0
19069,0.36752382,0.0
19070,0.8121754,0.14705882352941177
19071,0.94120246,0.272552783109405
19072,0.8842073,0.038461538461538464
19073,0.8331067,0.0
19074,0.124450065,0.3545802856147684
19075,0.8527548,0.12371134020618557
19076,0.72239035,0.3333333333333333
19077,0.33159393,0.0
19078,0.48813078,0.0
19079,0.4332741,0.03942652329749104
19080,0.24288721,0.002070393374741201
19081,0.81886405,0.0
19082,0.9159893,0.0
19083,0.8965824,0.0
19084,0.16959335,0.0
19085,0.9497941,0.30784123910939015
19086,0.8694163,0.28888888888888886
19087,0.877626,0.0
19088,0.46950343,0.0
19089,0.860443,0.04
19090,0.5420355,9.302325581395348e-05
19091,0.3853537,0.0
19092,0.24232483,0.948181319685615
19093,0.44071403,0.06792452830188679
19094,0.76618254,0.0
19095,0.49180177,0.04807692307692308
19096,0.2522609,0.0012547051442910915
19097,0.81292784,0.109375
19098,0.8881563,0.0
19099,0.7198986,0.0
19100,0.69785297,0.0
19101,0.6396143,0.0
19102,0.95392686,0.6678966789667896
19103,0.71488976,0.0
19104,0.8964608,0.36585365853658536
19105,0.26470137,0.004541701073492981
19106,0.9144408,0.33039294306335204
19107,0.88742673,0.17933130699088146
19108,0.15376522,0.18437563246306415
19109,0.44658685,0.0
19110,0.8761744,0.0
19111,0.8021724,0.0
19112,0.22745025,0.015232606010703994
19113,0.61568165,0.02564102564102564
19114,0.49284112,0.0
19115,0.3003282,0.06808510638297872
19116,0.71266633,0.0
19117,0.456295,0.10526315789473684
19118,0.24308036,0.0025207057976233344
19119,0.87204003,0.5
19120,0.9306148,0.3474576271186441
19121,0.6675656,0.06172839506172839
19122,0.85633034,0.05
19123,0.7988605,0.19095477386934673
19124,0.1254642,0.16666666666666666
19125,0.6163299,0.4614997483643684
19126,0.148969,0.3858430925484506
19127,0.84653926,0.0
19128,0.8036267,0.0
19129,0.7816756,0.0
19130,0.15884276,0.0
19131,0.1797099,0.27219136152363677
19132,0.32353088,0.1623062015503876
19133,0.92792237,0.28110599078341014
19134,0.5268733,0.0
19135,0.79909766,0.0
19136,0.69570374,0.0
19137,0.26291934,0.0
19138,0.93499917,0.31456548347613217
19139,0.32138565,0.0072992700729927005
19140,0.7633229,0.0
19141,0.5687606,0.0
19142,0.7720016,0.06896551724137931
19143,0.36270267,0.0005344735435595938
19144,0.7923977,0.06583969465648855
19145,0.74134386,0.0
19146,0.29888874,0.0878877400295421
19147,0.4420094,0.0
19148,0.33936894,0.0
19149,0.7457976,0.0
19150,0.38654914,0.011269928532160528
19151,0.8891465,0.25
19152,0.8323963,0.1
19153,0.8131189,0.0
19154,0.86703825,0.016848673946957878
19155,0.709362,0.0
19156,0.7177841,0.0
19157,0.8790461,0.08333333333333333
19158,0.5090593,0.2844686648501362
19159,0.93287104,0.5274405881347238
19160,0.40242833,0.0006402048655569782
19161,0.8267453,0.0
19162,0.78375524,0.0
19163,0.4295052,0.011253430924062214
19164,0.26524118,0.016666666666666666
19165,0.24714558,0.0
19166,0.42277133,0.061189412169130285
19167,0.85570574,0.0
19168,0.65374905,0.0
19169,0.86327815,0.0
19170,0.7876069,0.017857142857142856
19171,0.7610945,0.0
19172,0.8692572,0.0
19173,0.73578995,0.20911949685534592
19174,0.42692825,0.016513582177056868
19175,0.5890507,0.0014238253440911248
19176,0.8121041,0.10909090909090909
19177,0.8733311,0.05699481865284974
19178,0.40672216,0.0
19179,0.86520004,0.14285714285714285
19180,0.9593276,0.4245901639344262
19181,0.8425523,0.0
19182,0.5761743,0.0
19183,0.788634,0.0
19184,0.37888488,0.0002813335208890139
19185,0.2273888,0.5451672862453532
19186,0.8896133,0.0
19187,0.68968683,0.0
19188,0.31312478,0.030360531309297913
19189,0.35471427,0.9784317309449826
19190,0.8942796,0.21621621621621623
19191,0.33797264,0.015267175572519083
19192,0.63955015,0.02
19193,0.284938,0.03282275711159737
19194,0.90304154,0.3333333333333333
19195,0.3182098,0.0
19196,0.5056881,0.0
19197,0.2957937,0.9658260233918129
19198,0.60385865,0.0
19199,0.55028576,0.011240062140180938
19200,0.86625624,0.0027247956403269754
19201,0.25282446,0.16832790886899918
19202,0.40821415,0.0
19203,0.9267745,0.16666666666666666
19204,0.5077203,0.023255813953488372
19205,0.70067775,0.0
19206,0.5992635,0.23076923076923078
19207,0.8965988,0.21176470588235294
19208,0.88715065,0.0
19209,0.20794761,0.0
19210,0.33634996,0.0
19211,0.5363346,0.0
19212,0.28476506,0.04878048780487805
19213,0.8217132,0.0
19214,0.89111364,0.05873340143003064
19215,0.9237167,0.2302725968436155
19216,0.5887404,0.01679920477137177
19217,0.20148411,0.013850415512465374
19218,0.8602444,0.11594202898550725
19219,0.38258517,0.0109053731682381
19220,0.23234189,0.0022471910112359553
19221,0.82612467,0.0
19222,0.14065562,0.5445326700468764
19223,0.4939699,0.03571428571428571
19224,0.36760262,0.008695652173913044
19225,0.90662974,0.0
19226,0.4012514,0.0625
19227,0.2411951,0.0
19228,0.4116336,0.04330708661417323
19229,0.8040951,0.08
19230,0.848011,0.0
19231,0.5960014,0.0
19232,0.17170611,0.0
19233,0.8065638,0.0
19234,0.66109484,0.023809523809523808
19235,0.8154346,0.09137055837563451
19236,0.7600636,0.0
19237,0.8290031,0.0625
19238,0.2012306,0.8942620664000744
19239,0.8554403,0.024390243902439025
19240,0.2564139,0.0
19241,0.80304897,0.5
19242,0.81899524,0.0
19243,0.35384592,0.4458128078817734
19244,0.61800516,0.15730337078651685
19245,0.890737,0.27715355805243447
19246,0.7892083,0.10655737704918032
19247,0.7000974,0.15030246626337831
19248,0.7819398,0.0
19249,0.55914706,0.03773584905660377
19250,0.8977321,0.12195121951219512
19251,0.8816306,0.11764705882352941
19252,0.8957951,0.16363636363636364
19253,0.38451865,0.05215329909126827
19254,0.21035634,0.0
19255,0.8363434,0.0
19256,0.32460743,0.0
19257,0.56833816,0.0
19258,0.30140918,0.036885245901639344
19259,0.17711984,0.0
19260,0.30568597,0.0
19261,0.89862365,0.13636363636363635
19262,0.64967704,0.03571428571428571
19263,0.52328855,0.0
19264,0.21819112,0.0
19265,0.24885544,0.0
19266,0.21316628,0.0
19267,0.35744315,0.0
19268,0.76874834,0.0
19269,0.2832144,0.008426966292134831
19270,0.6462942,0.0
19271,0.5542987,0.5
19272,0.43428725,0.030837004405286344
19273,0.79271585,0.0
19274,0.5177494,0.0
19275,0.779379,0.0
19276,0.63124543,0.1590909090909091
19277,0.9106269,0.058823529411764705
19278,0.92731035,0.1728395061728395
19279,0.26129386,0.015306122448979591
19280,0.79762226,0.0
19281,0.6811597,0.20967741935483872
19282,0.34051374,0.0
19283,0.18871677,0.5306941431670282
19284,0.41893208,0.0
19285,0.24239233,0.0
19286,0.2912152,0.06329113924050633
19287,0.8075194,0.0
19288,0.81530035,0.0
19289,0.8106083,0.0
19290,0.80842036,0.14285714285714285
19291,0.76048803,0.16666666666666666
19292,0.67587405,0.0
19293,0.6976904,0.0
19294,0.3506988,0.0
19295,0.57865405,0.021296645307199397
19296,0.7387739,0.0
19297,0.26649845,0.0
19298,0.88113207,0.14285714285714285
19299,0.29085484,0.02915692476963279
19300,0.32751557,0.0
19301,0.48846644,9.24898261191269e-05
19302,0.7106535,0.04
19303,0.918971,0.3285163776493256
19304,0.7679551,0.037037037037037035
19305,0.8173928,0.05263157894736842
19306,0.43426797,0.015484698552318123
19307,0.36501983,0.0196078431372549
19308,0.36063737,0.0
19309,0.8128499,0.0
19310,0.9240539,0.005321979776476849
19311,0.61018044,0.0
19312,0.2627309,0.9696443265977873
19313,0.23805493,0.0
19314,0.48383933,0.0
19315,0.5763391,0.0
19316,0.6290163,0.0196078431372549
19317,0.58391047,0.19904458598726116
19318,0.39325988,0.11774744027303755
19319,0.90388155,0.05263157894736842
19320,0.50195223,0.0
19321,0.90410346,0.15441176470588236
19322,0.78170496,0.0
19323,0.64079386,0.0
19324,0.8067807,0.0
19325,0.7393685,0.08333333333333333
19326,0.37023377,0.0
19327,0.1615499,0.06837919371057684
19328,0.9402829,0.0
19329,0.28877923,0.03070175438596491
19330,0.87050664,0.10294117647058823
19331,0.86307895,0.0625
19332,0.24082838,0.0
19333,0.14550582,0.4688592760608638
19334,0.35862464,0.0
19335,0.8867209,0.0
19336,0.7081668,0.14285714285714285
19337,0.5266608,0.0
19338,0.57357246,0.011239035087719298
19339,0.5795082,0.07142857142857142
19340,0.65455735,0.08695652173913043
19341,0.2630311,0.9942381562099872
19342,0.18209788,0.0
19343,0.86223125,0.0
19344,0.23870715,0.0
19345,0.9348268,0.2954279015240328
19346,0.89479125,0.0
19347,0.85370845,0.0
19348,0.17314987,0.0
19349,0.7585379,0.0
19350,0.58066547,0.0034482758620689655
19351,0.9089226,0.40128928283642223
19352,0.33040163,0.020833333333333332
19353,0.19466017,0.0
19354,0.54465467,0.0
19355,0.27816617,0.019528728211749516
19356,0.59990484,0.053164556962025315
19357,0.23485717,0.6738031018206339
19358,0.9140364,0.0
19359,0.6877938,0.11764705882352941
19360,0.85767925,0.22857142857142856
19361,0.43654457,0.0
19362,0.23016517,0.0
19363,0.24191901,0.0
19364,0.8629289,0.3774752475247525
19365,0.7372395,0.0
19366,0.83253014,0.5
19367,0.87478065,0.0
19368,0.47361535,0.0
19369,0.211372,0.0
19370,0.4274483,0.0
19371,0.8783184,0.0
19372,0.8357195,0.0
19373,0.40918556,0.060810810810810814
19374,0.469035,0.05
19375,0.6354042,0.0
19376,0.55397075,0.0
19377,0.25903624,0.027624309392265192
19378,0.3986153,0.00037449676996535904
19379,0.8511405,0.0
19380,0.70520896,0.0
19381,0.42281482,0.0
19382,0.87767094,0.18181818181818182
19383,0.9065065,0.11057692307692307
19384,0.8579727,0.16783216783216784
19385,0.87102395,0.14285714285714285
19386,0.91215885,0.0
19387,0.1890561,0.0
19388,0.40583554,0.0
19389,0.6898103,0.0
19390,0.3662122,0.030303030303030304
19391,0.49845254,0.13513513513513514
19392,0.66261035,0.0
19393,0.8792918,0.09090909090909091
19394,0.53000414,0.0
19395,0.6074941,0.0
19396,0.5066298,0.024730383042023057
19397,0.7911676,0.0
19398,0.8873648,0.09298780487804878
19399,0.84564704,0.3333333333333333
19400,0.8165438,0.08163265306122448
19401,0.83492935,0.0
19402,0.8615061,0.14814814814814814
19403,0.30995998,0.9869334795321637
19404,0.4239431,0.01682935038707506
19405,0.8646415,0.375
19406,0.6044583,0.05847953216374269
19407,0.79774094,0.0
19408,0.3157548,0.0
19409,0.4582671,0.0
19410,0.8711512,0.027777777777777776
19411,0.5100651,0.0
19412,0.77619,0.26666666666666666
19413,0.8824012,0.12195121951219512
19414,0.54621804,0.09760956175298804
19415,0.3874501,0.0
19416,0.49671802,0.0004440497335701599
19417,0.8425428,0.1071700025335698
19418,0.5857875,0.058823529411764705
19419,0.87641853,0.0
19420,0.671134,0.0
19421,0.8315668,0.0
19422,0.4959005,0.0
19423,0.36007968,0.0
19424,0.55758834,0.0
19425,0.5886924,0.0
19426,0.24325268,0.7946795867995247
19427,0.8447382,0.0
19428,0.7395378,0.0
19429,0.7943709,0.0
19430,0.40738574,0.983735380116959
19431,0.17338905,0.12337575351640992
19432,0.19782625,0.0
19433,0.8844586,0.1111111111111111
19434,0.35086194,0.016096771121059148
19435,0.33890224,0.0
19436,0.33874005,0.0
19437,0.7872711,0.008542713567839196
19438,0.3994668,0.0421455938697318
19439,0.8124782,0.1590909090909091
19440,0.35223582,0.05555555555555555
19441,0.49213782,0.00034352456200618345
19442,0.4867401,0.03571428571428571
19443,0.48297104,0.0
19444,0.5859154,0.0
19445,0.60972726,0.011171330605021568
19446,0.8729363,0.1111111111111111
19447,0.34850472,0.06679352997145575
19448,0.9033181,0.1793103448275862
19449,0.86202323,0.0
19450,0.68285084,0.1188118811881188
19451,0.51636624,0.014598540145985401
19452,0.19357388,0.3105093990454855
19453,0.6109887,0.03225806451612903
19454,0.20236857,0.0
19455,0.18597837,0.0
19456,0.17136548,0.0
19457,0.8746954,0.1875
19458,0.29150096,0.0
19459,0.31585264,0.047406581148912434
19460,0.89989406,0.0
19461,0.6047989,0.0
19462,0.8382101,0.3333333333333333
19463,0.8505476,0.2721474131821403
19464,0.4862903,0.0
19465,0.8718119,0.0
19466,0.6164139,0.06060606060606061
19467,0.8737922,0.0
19468,0.62808627,0.029411764705882353
19469,0.17579691,0.012305699481865285
19470,0.4065608,0.07142857142857142
19471,0.22013532,0.0
19472,0.786064,0.0
19473,0.82679564,0.0
19474,0.6391174,0.0
19475,0.7814851,0.1551912568306011
19476,0.9362244,0.3737704918032787
19477,0.24545497,0.5167219327333018
19478,0.89474696,0.0
19479,0.23279239,0.0
19480,0.8274432,0.03773584905660377
19481,0.5560853,0.05263157894736842
19482,0.6875978,0.08947368421052632
19483,0.60400605,0.0
19484,0.54310775,0.047619047619047616
19485,0.7545771,0.05223880597014925
19486,0.32249266,0.0
19487,0.41505,0.0
19488,0.9016411,0.037037037037037035
19489,0.7917966,0.0
19490,0.8851082,0.12295081967213115
19491,0.57245845,0.0
19492,0.8426737,0.0
19493,0.85895103,0.0
19494,0.89394736,0.1076923076923077
19495,0.20109034,0.0
19496,0.45520127,0.0
19497,0.6733353,0.07142857142857142
19498,0.3685323,0.04
19499,0.5853147,0.07947805456702253
19500,0.5296267,0.0
19501,0.8696714,0.1487603305785124
19502,0.8002845,0.0
19503,0.21361555,0.0
19504,0.22439457,0.002535496957403651
19505,0.82105184,0.0
19506,0.48811513,0.06666666666666667
19507,0.26935798,0.0
19508,0.47749376,0.0005747126436781609
19509,0.8418611,0.0
19510,0.27193695,0.01775147928994083
19511,0.83883023,0.0
19512,0.4657452,0.0
19513,0.31367895,0.0
19514,0.8866691,0.18181818181818182
19515,0.5436519,0.0003728908362077002
19516,0.8708892,0.0
19517,0.76799905,0.043478260869565216
19518,0.93535733,0.19642857142857142
19519,0.5443743,0.0
19520,0.21565357,0.0
19521,0.364806,0.0
19522,0.29837263,0.0636604774535809
19523,0.8600205,0.0
19524,0.20932034,0.0
19525,0.21938904,0.01650917779950038
19526,0.30175683,0.0
19527,0.17423324,0.0
19528,0.88297045,0.025477707006369428
19529,0.56553835,0.0
19530,0.20459943,0.0
19531,0.18052992,0.0
19532,0.8306758,0.0
19533,0.2581791,0.0
19534,0.18635412,0.02320185614849188
19535,0.6704449,0.15873015873015872
19536,0.5240728,0.0
19537,0.1620278,0.0
19538,0.91322017,0.03571428571428571
19539,0.85299444,0.0
19540,0.12125802,0.45285451197053406
19541,0.30582595,0.9917748126485103
19542,0.20131522,0.0
19543,0.8460835,0.05384615384615385
19544,0.8742786,0.15384615384615385
19545,0.9146401,0.16666666666666666
19546,0.8586875,0.16740088105726872
19547,0.50355786,0.07068172312839816
19548,0.90342754,0.0
19549,0.24494398,0.0
19550,0.7550172,0.0
19551,0.83341324,0.1875
19552,0.81760573,0.0
19553,0.4169335,0.0
19554,0.8806535,0.18181818181818182
19555,0.37139708,0.9178642896125159
19556,0.55519074,0.0
19557,0.84769315,0.10689655172413794
19558,0.41449884,0.06349206349206349
19559,0.8670344,0.14285714285714285
19560,0.20808792,0.0
19561,0.4563827,0.0009718172983479105
19562,0.7767138,0.030927835051546393
19563,0.89696085,0.14423076923076922
19564,0.3188603,0.0
19565,0.39142296,0.0
19566,0.39957413,0.03007518796992481
19567,0.36628225,0.0
19568,0.37436497,0.0
19569,0.46223718,0.0
19570,0.9062605,0.0
19571,0.5747489,0.0
19572,0.45276746,0.0
19573,0.4697947,0.03273179838207841
19574,0.5110991,0.0
19575,0.8345587,0.018518518518518517
19576,0.31331348,0.034970238095238096
19577,0.67447954,0.0
19578,0.2677392,0.0
19579,0.91757554,0.0
19580,0.3370615,0.24238188426055354
19581,0.8859931,0.0
19582,0.93656677,0.4274088541666667
19583,0.28634295,0.5497280855378376
19584,0.624365,0.0
19585,0.51844716,0.0
19586,0.29604462,0.0
19587,0.87604403,0.125
19588,0.873865,0.42857142857142855
19589,0.81384945,0.05188679245283019
19590,0.47992286,0.05405405405405406
19591,0.6535324,0.0
19592,0.21617821,0.01929260450160772
19593,0.7500143,0.0
19594,0.6286905,0.1141732283464567
19595,0.26997703,0.23966804979253112
19596,0.5105836,0.0
19597,0.80167276,0.05454545454545454
19598,0.15865345,0.2519589300189138
19599,0.7578522,0.0
19600,0.9015909,0.1524547803617571
19601,0.8678976,0.0
19602,0.79154915,0.0
19603,0.25386536,0.0
19604,0.84627306,0.2222222222222222
19605,0.812953,0.018465909090909092
19606,0.87137395,0.10989010989010989
19607,0.91517323,0.0
19608,0.6281401,0.0
19609,0.6197636,0.0026690391459074734
19610,0.878476,0.34951456310679613
19611,0.6102494,0.0
19612,0.43060958,0.0375
19613,0.87269175,0.0
19614,0.7521827,0.024390243902439025
19615,0.28091544,0.4756629131856157
19616,0.852734,0.0
19617,0.89194316,0.0
19618,0.84979284,0.0
19619,0.3494026,0.989630707658723
19620,0.8178572,0.23076923076923078
19621,0.556276,0.0
19622,0.11116562,0.3019077420006056
19623,0.7865465,0.0812807881773399
19624,0.24507894,0.0
19625,0.8604733,0.14285714285714285
19626,0.12757443,0.16827216193147176
19627,0.49290943,0.06521739130434782
19628,0.61684597,0.0
19629,0.9046523,0.21621621621621623
19630,0.95367736,0.05
19631,0.89183223,0.08695652173913043
19632,0.3661012,0.776796154345849
19633,0.7901438,0.2727272727272727
19634,0.91514194,0.175
19635,0.43720245,0.0005099439061703213
19636,0.45344025,0.0
19637,0.8157101,0.0
19638,0.86759835,0.0
19639,0.83233285,0.1
19640,0.17698495,0.0
19641,0.70978147,0.2857142857142857
19642,0.88246644,0.0
19643,0.8230942,0.029388611912883757
19644,0.21923734,0.0
19645,0.45085126,0.009085009733939001
19646,0.6623909,0.0
19647,0.76823264,0.0
19648,0.38683397,0.0
19649,0.402218,0.0
19650,0.2365262,0.011563651248465001
19651,0.82718813,0.15384615384615385
19652,0.24520113,0.06324635117204777
19653,0.8335433,0.10344827586206896
19654,0.5194938,0.0
19655,0.5321682,0.10638297872340426
19656,0.7598485,0.03759398496240601
19657,0.2608925,0.0
19658,0.33069536,0.0
19659,0.3012924,0.05847076461769116
19660,0.22770791,0.0
19661,0.49249816,0.14949201741654572
19662,0.5541916,0.0
19663,0.8435216,0.24647887323943662
19664,0.63522565,0.0
19665,0.95635384,0.2707797772065124
19666,0.9058799,0.3
19667,0.51068515,0.0
19668,0.8576829,0.14814814814814814
19669,0.74693847,0.16666666666666666
19670,0.22405417,0.6702117734863327
19671,0.8692098,0.0
19672,0.36851254,0.0
19673,0.67111886,0.06735751295336788
19674,0.8947196,0.0
19675,0.79671097,0.0
19676,0.5381984,0.011978917105893628
19677,0.77242935,0.0
19678,0.254948,0.005952380952380952
19679,0.32662937,0.48847483672685366
19680,0.37185743,0.0
19681,0.78746384,0.0
19682,0.55845165,0.03515459551037696
19683,0.2305638,0.02564102564102564
19684,0.39690542,0.20981210855949894
19685,0.48779932,0.011162960929636746
19686,0.4973493,0.017964071856287425
19687,0.83289593,0.25
19688,0.32945958,0.015707779533413888
19689,0.5240095,0.19047619047619047
19690,0.80521643,0.00975609756097561
19691,0.24166396,0.0
19692,0.6916324,0.0
19693,0.7441932,0.23076923076923078
19694,0.19718935,0.0
19695,0.30884996,0.00354295837023915
19696,0.6120572,0.0
19697,0.24432853,0.0
19698,0.41804966,0.0003190810465858328
19699,0.16335747,0.30234833659491195
19700,0.5100373,0.0
19701,0.46107015,0.00012100677637947725
19702,0.8183767,0.0
19703,0.40932652,0.08605341246290801
19704,0.9590326,0.26162120630042257
19705,0.6577825,0.0
19706,0.5912304,0.0
19707,0.4782087,0.0
19708,0.8291607,0.0
19709,0.6361306,0.0
19710,0.12775238,0.0
19711,0.45477012,0.0
19712,0.88793516,0.0
19713,0.28440174,0.0
19714,0.85407394,0.0
19715,0.77907234,0.0
19716,0.84439695,0.0
19717,0.5750516,0.0
19718,0.68865144,0.016783216783216783
19719,0.43251154,0.00966183574879227
19720,0.71594816,0.125
19721,0.9018446,0.0625
19722,0.914769,0.16666666666666666
19723,0.22079419,0.08515057113187954
19724,0.2650343,0.0072992700729927005
19725,0.26635116,0.0
19726,0.65633667,0.0
19727,0.899951,0.15
19728,0.8341776,0.05714285714285714
19729,0.19419803,0.26653555532553563
19730,0.15950951,0.0
19731,0.27000713,0.0
19732,0.43130237,0.0
19733,0.29825678,0.0
19734,0.8458676,0.0
19735,0.35547176,0.0
19736,0.72372967,0.0
19737,0.49632707,0.04017857142857143
19738,0.28162822,0.2021072796934866
19739,0.2932175,0.19611021069692058
19740,0.7088824,0.0
19741,0.6137839,0.034684065934065936
19742,0.6576775,0.015531660692951015
19743,0.4551669,0.0
19744,0.39939868,0.01595185786608081
19745,0.592435,0.0
19746,0.54350144,0.0
19747,0.9442217,0.37777777777777777
19748,0.20823847,0.00045578851412944393
19749,0.6596993,0.0
19750,0.410228,0.0
19751,0.9414377,0.8290867449184083
19752,0.74087775,0.0
19753,0.24738032,0.0
19754,0.44729233,0.0007186489399928135
19755,0.8716413,0.06379821958456973
19756,0.38892213,0.0
19757,0.45061547,0.0
19758,0.85865676,0.0
19759,0.88751674,0.0
19760,0.8710429,0.0
19761,0.5163318,0.0
19762,0.8643337,0.01910828025477707
19763,0.67666996,0.13043478260869565
19764,0.82932913,0.0
19765,0.35241494,0.0
19766,0.36854455,0.20800395256916995
19767,0.9186199,0.36979752530933635
19768,0.846692,0.007007007007007007
19769,0.26198652,0.0
19770,0.86546296,0.0
19771,0.46594158,0.04108601633829889
19772,0.34185106,0.11
19773,0.2509726,0.0
19774,0.6023981,0.0
19775,0.64432216,0.10772833723653395
19776,0.74810725,0.0
19777,0.726042,0.0436241610738255
19778,0.1808009,0.0
19779,0.52890337,0.04722222222222222
19780,0.84441787,0.14925373134328357
19781,0.60640496,0.0
19782,0.22111775,0.0
19783,0.9316763,0.16279069767441862
19784,0.40984756,0.0
19785,0.38734013,0.0
19786,0.6418124,0.0
19787,0.16543101,0.0
19788,0.28431037,0.10449881610102604
19789,0.9382578,0.3
19790,0.58417416,0.02040816326530612
19791,0.29271126,0.08857762872361412
19792,0.4993517,0.014055299539170507
19793,0.7595273,0.03571428571428571
19794,0.7640575,0.006097560975609756
19795,0.8760988,0.0
19796,0.6999732,0.06153846153846154
19797,0.55466664,0.0
19798,0.6335092,0.17708333333333334
19799,0.7335986,0.10256410256410256
19800,0.37840232,0.05759162303664921
19801,0.91576344,0.0
19802,0.4484911,0.0
19803,0.64271075,0.0
19804,0.7420698,0.0
19805,0.8860593,0.0
19806,0.71702194,0.3
19807,0.17732453,0.0
19808,0.18586548,0.0
19809,0.7936051,0.1037344398340249
19810,0.7265757,0.0
19811,0.7929394,0.0
19812,0.90743876,0.2510460251046025
19813,0.52423584,0.0
19814,0.4313918,0.22794117647058823
19815,0.8344736,0.037037037037037035
19816,0.8500232,0.0
19817,0.14600542,0.0
19818,0.4172146,0.0005185377236193933
19819,0.7859612,0.0
19820,0.8558597,0.0
19821,0.8054799,0.0814217292664482
19822,0.6923791,0.06666666666666667
19823,0.7974425,0.0
19824,0.88472575,0.0
19825,0.91524607,0.0
19826,0.2156104,0.00579950289975145
19827,0.6200904,0.02390438247011952
19828,0.5925105,0.0
19829,0.7324062,0.0
19830,0.53693044,0.02912621359223301
19831,0.78621477,0.07051282051282051
19832,0.7817948,0.0
19833,0.91012377,0.0
19834,0.5429585,0.05263157894736842
19835,0.69892174,0.07021791767554479
19836,0.82480216,0.0
19837,0.46349978,0.0
19838,0.22113986,0.0
19839,0.5780241,0.06854838709677419
19840,0.34795025,0.0043008496800587435
19841,0.71614033,0.0
19842,0.31190497,0.0
19843,0.33136722,0.0
19844,0.34079495,0.04237074401008827
19845,0.27595803,0.0
19846,0.6425875,0.06060606060606061
19847,0.26229906,0.3604764694395626
19848,0.17670245,0.0
19849,0.8969493,0.0374331550802139
19850,0.3049044,0.02476780185758514
19851,0.2888953,0.0
19852,0.3102348,0.08623853211009175
19853,0.23797597,0.0
19854,0.5429825,0.0003289473684210526
19855,0.35232592,0.0007479431563201197
19856,0.33761898,0.5529865125240848
19857,0.9003083,0.08900523560209424
19858,0.30184954,0.0
19859,0.38747767,0.0
19860,0.485306,0.0
19861,0.65970176,0.0
19862,0.9050049,0.0761904761904762
19863,0.9224893,0.13253012048192772
19864,0.84106547,0.1
19865,0.9153892,0.0
19866,0.45109132,0.0
19867,0.22142492,0.0
19868,0.3240405,0.0
19869,0.26754174,0.00217291857273559
19870,0.65033937,0.0
19871,0.63609684,0.07142857142857142
19872,0.42807022,0.0
19873,0.24120805,0.1938108382972541
19874,0.5453645,0.0
19875,0.8985583,0.15568862275449102
19876,0.87645745,0.0
19877,0.656346,0.17647058823529413
19878,0.14950784,0.09873157353445321
19879,0.46926567,0.0
19880,0.7002734,0.0
19881,0.5599789,0.014492753623188406
19882,0.23431739,0.0
19883,0.7471152,0.04186046511627907
19884,0.49657926,0.14
19885,0.7959544,0.10429447852760736
19886,0.6296668,0.0
19887,0.63179326,0.0
19888,0.1937028,0.0
19889,0.6470994,0.0
19890,0.3459684,0.17220902612826602
19891,0.7434897,0.0043426766679826295
19892,0.80671805,0.0
19893,0.7623394,0.07971014492753623
19894,0.76185375,0.0
19895,0.45252082,0.0
19896,0.32485676,0.015439429928741092
19897,0.36779907,0.0
19898,0.83427316,0.0
19899,0.7761186,0.0821917808219178
19900,0.6282371,0.0
19901,0.883196,0.0
19902,0.49833697,0.0
19903,0.20758589,0.990661906069761
19904,0.9129665,0.16666666666666666
19905,0.21160558,0.5452341704644623
19906,0.19318035,0.0
19907,0.81100994,0.0
19908,0.8817356,0.0
19909,0.81409246,0.15172413793103448
19910,0.23337628,0.0
19911,0.19115326,0.2481509818923744
19912,0.5221678,0.0
19913,0.91640085,0.10344827586206896
19914,0.51788956,0.002028397565922921
19915,0.44552428,0.0
19916,0.18653144,0.0
19917,0.34915262,0.015597687239478283
19918,0.2953491,0.9167359763422974
19919,0.30557844,0.06720977596741344
19920,0.4061711,0.044444444444444446
19921,0.8620465,0.0
19922,0.22593959,0.011056511056511056
19923,0.40603685,0.03125
19924,0.7681899,0.075
19925,0.3175901,0.9939692982456141
19926,0.856773,0.0
19927,0.84428525,0.04054054054054054
19928,0.9138812,0.0
19929,0.81913096,0.0
19930,0.8604445,0.0
19931,0.5212342,0.0013050570962479609
19932,0.19250813,0.28377176261278436
19933,0.78783387,0.06
19934,0.89059645,0.0
19935,0.4337919,0.0
19936,0.72489834,0.016683119447186576
19937,0.21195662,0.0
19938,0.8902539,0.20869565217391303
19939,0.9205028,0.23076923076923078
19940,0.88483816,0.0
19941,0.8632891,0.09858323494687131
19942,0.9492972,0.33727810650887574
19943,0.61685336,0.0
19944,0.27920437,0.0
19945,0.8050733,0.0
19946,0.40159634,0.05172413793103448
19947,0.8304354,0.0
19948,0.1075952,0.034482758620689655
19949,0.28018752,0.00546448087431694
19950,0.75797606,0.12
19951,0.83155483,0.2727272727272727
19952,0.22207502,0.0
19953,0.9106658,0.0
19954,0.27980828,0.019230769230769232
19955,0.59354484,0.0
19956,0.79163194,0.0
19957,0.7641912,0.059322033898305086
19958,0.3936591,0.0
19959,0.79247963,0.08333333333333333
19960,0.90237546,0.04225352112676056
19961,0.88745654,0.0
19962,0.70196545,0.0
19963,0.5228236,0.0
19964,0.276516,0.02303455182774161
19965,0.9194137,0.45302445302445304
19966,0.918174,0.09375
19967,0.78738785,0.11904761904761904
19968,0.2526461,0.011498550995606245
19969,0.42454043,0.0
19970,0.7056041,0.10416666666666667
19971,0.7498276,0.0
19972,0.8809413,0.16201117318435754
19973,0.34175617,0.0
19974,0.77610654,0.05232558139534884
19975,0.81160885,0.0
19976,0.6455053,0.0
19977,0.8567951,0.18181818181818182
19978,0.49563673,0.0
19979,0.79391474,0.0
19980,0.8458371,0.0
19981,0.2226598,0.19248405103668262
19982,0.85970944,0.0
19983,0.74480253,0.0
19984,0.9181348,0.18695652173913044
19985,0.5418628,0.0
19986,0.3494482,0.0
19987,0.66786385,0.16216216216216217
19988,0.8407352,0.14754098360655737
19989,0.56999004,0.010985992859104642
19990,0.5257215,0.00039615727443795186
19991,0.26874983,0.0
19992,0.7886036,0.045454545454545456
19993,0.7629338,0.0
19994,0.50333863,0.0
19995,0.3390115,0.003838771593090211
19996,0.7812491,0.5714285714285714
19997,0.55067056,0.0
19998,0.9125736,0.0
19999,0.29973352,0.4352188202733091
20000,0.66609573,0.03125
20001,0.918843,0.35365853658536583
20002,0.77636707,0.0
20003,0.54296273,0.015376166941241077
20004,0.8216709,0.2
20005,0.21410933,0.0
20006,0.24285246,0.02030456852791878
20007,0.44609034,0.08841463414634146
20008,0.85894525,0.36363636363636365
20009,0.21518706,0.7533583112492004
20010,0.2027379,0.003098373353989156
20011,0.8706918,0.07142857142857142
20012,0.75715494,0.0
20013,0.3050258,0.5875588654035703
20014,0.69202495,0.0
20015,0.31285772,0.9975328947368421
20016,0.84096843,0.0
20017,0.5567217,0.0
20018,0.16344091,0.5902193784277879
20019,0.78864366,0.0
20020,0.8281306,0.15384615384615385
20021,0.81123114,0.0
20022,0.7546292,0.0
20023,0.75161785,0.07352941176470588
20024,0.5718827,0.1368421052631579
20025,0.568834,0.02880658436213992
20026,0.4223669,0.04241139048773099
20027,0.83321494,0.08695652173913043
20028,0.39673218,0.0
20029,0.34352127,0.021052631578947368
20030,0.60643965,0.0
20031,0.50633556,0.0
20032,0.67384595,0.0
20033,0.7795279,0.0
20034,0.91409135,0.0
20035,0.90684646,0.01376421304608019
20036,0.73697263,0.022556390977443608
20037,0.7658719,0.0
20038,0.28479803,0.09858372674257151
20039,0.25408208,0.0
20040,0.36705002,0.0
20041,0.6769033,0.0
20042,0.21091938,0.7734624874348899
20043,0.37988272,0.3311457963816956
20044,0.86262393,0.11904761904761904
20045,0.9004783,0.38872086817292295
20046,0.36912465,0.02925531914893617
20047,0.7055102,0.0
20048,0.680573,0.0
20049,0.5591329,0.0
20050,0.79028285,0.2857142857142857
20051,0.9045796,0.05128205128205128
20052,0.88680583,0.058823529411764705
20053,0.8067471,0.0
20054,0.57893836,0.0
20055,0.6449646,0.021621621621621623
20056,0.21276352,0.007246376811594203
20057,0.19979125,0.0
20058,0.8203345,0.2
20059,0.9202517,0.11538461538461539
20060,0.7192407,0.058823529411764705
20061,0.6861073,0.07894736842105263
20062,0.8554886,0.18571428571428572
20063,0.4050577,0.0
20064,0.8701822,0.4093366093366093
20065,0.6351574,0.01568591052533878
20066,0.6205393,0.0
20067,0.85631186,0.5
20068,0.91700494,0.0
20069,0.5177876,0.0
20070,0.546881,0.0
20071,0.67509556,0.0
20072,0.169181,0.0
20073,0.5913157,0.01695520257005176
20074,0.37719357,0.010802469135802469
20075,0.762759,0.12367491166077739
20076,0.8792997,0.05555555555555555
20077,0.509159,0.07451923076923077
20078,0.21003427,0.0
20079,0.73254377,0.0
20080,0.23506075,0.0
20081,0.84944123,0.1
20082,0.59845746,0.125
20083,0.5209115,0.005025125628140704
20084,0.45808434,0.0
20085,0.30951726,0.0
20086,0.68548834,0.03215926493108729
20087,0.81903607,0.0
20088,0.73183286,0.0
20089,0.32257244,0.0
20090,0.9039626,0.0
20091,0.6781904,0.06111111111111111
20092,0.79627645,0.5
20093,0.30463442,0.1409018697299279
20094,0.41115803,0.0
20095,0.7181118,0.0
20096,0.33448204,0.07563025210084033
20097,0.35313433,0.0
20098,0.9453547,0.2134944612286002
20099,0.91202664,0.038461538461538464
20100,0.922405,0.30809859154929575
20101,0.49384233,0.0
20102,0.8768945,0.0
20103,0.87677586,0.0
20104,0.6790571,0.1346153846153846
20105,0.56677234,0.015445074026686163
20106,0.42131594,0.0
20107,0.5364243,0.013157894736842105
20108,0.18047418,0.0
20109,0.872222,0.0
20110,0.41772556,0.0
20111,0.15671554,0.0
20112,0.9569876,0.2840690978886756
20113,0.3368516,0.9963450292397661
20114,0.84843826,0.0
20115,0.8044024,0.0
20116,0.86625946,0.1810344827586207
20117,0.30178255,0.002004008016032064
20118,0.5690337,0.0
20119,0.86333996,0.17204301075268819
20120,0.1894421,0.008620689655172414
20121,0.8013664,0.06557377049180328
20122,0.7211962,0.0
20123,0.39177763,0.0010111223458038423
20124,0.7978623,0.0
20125,0.74674267,0.03482260183968462
20126,0.23634875,0.012396694214876033
20127,0.7420845,0.0
20128,0.4802014,0.0
20129,0.9104307,0.24324324324324326
20130,0.35050598,0.05947955390334572
20131,0.22659397,0.0
20132,0.8380812,0.01694915254237288
20133,0.89596736,0.0
20134,0.39817724,0.0
20135,0.75479776,0.061224489795918366
20136,0.4076571,0.004589495155532891
20137,0.96239287,0.481654047757717
20138,0.9545734,0.17676143386897405
20139,0.8344375,0.0
20140,0.68837696,0.05204460966542751
20141,0.74961627,0.07692307692307693
20142,0.70404345,0.007936507936507936
20143,0.5287798,0.0
20144,0.78035456,0.0
20145,0.6977684,0.3333333333333333
20146,0.65242463,0.05405405405405406
20147,0.65889776,0.0
20148,0.8710193,0.07142857142857142
20149,0.7604124,0.0
20150,0.71752083,0.1276595744680851
20151,0.20274583,0.9961608775137112
20152,0.8312685,0.037037037037037035
20153,0.72230405,0.0
20154,0.86047727,0.15126050420168066
20155,0.20638664,0.00205761316872428
20156,0.18417834,0.0
20157,0.88977295,0.16314199395770393
20158,0.43730912,0.0
20159,0.54477805,0.0
20160,0.7862486,0.0
20161,0.9129803,1.0
20162,0.8945082,0.0
20163,0.58505553,0.0010252904989747095
20164,0.6211854,0.0
20165,0.25288433,0.009554140127388535
20166,0.55131865,0.011213235294117647
20167,0.19151293,0.9468289557975657
20168,0.7517241,0.18197879858657243
20169,0.24479511,0.006373937677053824
20170,0.58809257,0.0
20171,0.1841643,0.8331486611265004
20172,0.7319796,0.08421052631578947
20173,0.8713775,0.0
20174,0.65981126,0.0
20175,0.35012934,0.0002158428663932657
20176,0.3043849,0.04209907969453691
20177,0.55769306,0.0
20178,0.58174235,0.0
20179,0.9629793,0.5094272500889363
20180,0.7275666,0.07575757575757576
20181,0.79822433,0.0
20182,0.6310015,0.01680672268907563
20183,0.8436137,0.0
20184,0.8000758,0.07692307692307693
20185,0.13174823,0.585082337746206
20186,0.5900098,0.08791208791208792
20187,0.41941902,0.0
20188,0.5719061,0.0
20189,0.6096487,0.0
20190,0.92402714,0.42661691542288555
20191,0.88383573,0.1
20192,0.9132378,0.018743109151047408
20193,0.89027905,0.03125
20194,0.49846545,0.22213181448331978
20195,0.8849186,0.0
20196,0.71856636,0.0
20197,0.17342466,0.0
20198,0.6142101,0.0
20199,0.8481219,0.175
20200,0.90277284,0.08
20201,0.7245647,0.0
20202,0.16133764,0.0
20203,0.88227797,0.2
20204,0.73978895,0.022222222222222223
20205,0.82149005,0.0
20206,0.6444667,0.0
20207,0.7012884,0.0
20208,0.9197361,0.27604726100966703
20209,0.7266719,0.0
20210,0.44880125,0.0
20211,0.29549146,0.0014064697609001407
20212,0.3636899,0.0
20213,0.41010922,0.000446927374301676
20214,0.61236846,0.0
20215,0.54003835,0.01119606772255598
20216,0.73656106,0.0
20217,0.9001416,0.0
20218,0.9551518,0.7270078309961756
20219,0.40670332,0.015457788347205707
20220,0.78149515,0.0
20221,0.9603354,0.23636363636363636
20222,0.36959118,0.05871886120996441
20223,0.7456536,0.0
20224,0.47756672,0.0
20225,0.92158693,0.14285714285714285
20226,0.19472261,0.0
20227,0.63860846,0.20224719101123595
20228,0.6789996,0.03773584905660377
20229,0.7765003,0.175
20230,0.62631077,0.06031746031746032
20231,0.63271415,0.02564102564102564
20232,0.1749261,0.01020408163265306
20233,0.17813645,0.0
20234,0.4771079,0.009345794392523364
20235,0.6577533,0.0
20236,0.57435316,0.0
20237,0.9197829,0.0
20238,0.8467069,0.1
20239,0.3082467,0.14646394197238108
20240,0.27129424,0.0
20241,0.9352835,0.0
20242,0.62093043,0.09187279151943463
20243,0.7880011,0.04534478132546284
20244,0.46899998,0.07571560480147738
20245,0.72385246,0.09090909090909091
20246,0.3540931,0.0
20247,0.5081094,0.0010683760683760685
20248,0.80050135,0.0
20249,0.4107671,0.0048543689320388345
20250,0.35119247,0.0
20251,0.77199984,0.08823529411764706
20252,0.68341225,0.08695652173913043
20253,0.71718395,0.0
20254,0.86118066,0.02564102564102564
20255,0.14115827,0.0
20256,0.185703,0.0
20257,0.26496115,0.003695565321614063
20258,0.39487463,0.0
20259,0.32615957,0.02834008097165992
20260,0.88511753,0.0
20261,0.8331278,0.05
20262,0.71479124,0.0
20263,0.8827936,0.0170316301703163
20264,0.26664802,0.0
20265,0.7783375,0.1875
20266,0.6936491,0.0
20267,0.85315675,0.13595166163141995
20268,0.6443923,0.0
20269,0.9273304,0.0
20270,0.24242803,0.02962962962962963
20271,0.9023111,0.0
20272,0.4644485,0.027777777777777776
20273,0.3109694,0.10154346060113728
20274,0.46224362,0.0
20275,0.17127205,0.5424830617103095
20276,0.87834454,0.18181818181818182
20277,0.80061007,0.24335812964930925
20278,0.8907034,0.35294117647058826
20279,0.7119457,0.075
20280,0.55838,0.0
20281,0.60103625,0.0
20282,0.7545444,0.0
20283,0.47347713,0.0
20284,0.34327313,0.09178321678321678
20285,0.5819958,0.0
20286,0.941954,0.08943089430894309
20287,0.7726759,0.0
20288,0.52583027,0.23129752268825116
20289,0.59059286,0.03240030674846626
20290,0.68598825,0.10204081632653061
20291,0.34347957,0.0
20292,0.60626686,0.0812274368231047
20293,0.30075327,0.0
20294,0.49649054,0.14398422090729784
20295,0.8992548,0.0
20296,0.7566977,0.0
20297,0.8665177,0.0
20298,0.8020965,0.0
20299,0.37510175,0.0
20300,0.64398736,0.015613451589061345
20301,0.88391864,0.340324118207817
20302,0.46013984,0.058823529411764705
20303,0.5377236,0.0
20304,0.27328062,0.0
20305,0.35932055,0.0
20306,0.79987216,0.06666666666666667
20307,0.8261966,0.20198675496688742
20308,0.630429,0.0
20309,0.68915707,0.017576898932831136
20310,0.77868736,0.06976744186046512
20311,0.5933766,0.0125
20312,0.79171234,0.0
20313,0.22289643,0.0
20314,0.63723963,0.08695652173913043
20315,0.61452764,0.0
20316,0.19709733,0.0
20317,0.92319125,0.20934959349593496
20318,0.44441068,0.06666666666666667
20319,0.7297275,0.3110440034512511
20320,0.74701303,0.24279835390946503
20321,0.57257384,0.00018375597206909226
20322,0.9020511,0.0
20323,0.9165756,0.14873417721518986
20324,0.6223507,0.0
20325,0.841967,0.0
20326,0.9013565,0.0
20327,0.45601812,0.008426966292134831
20328,0.787503,0.02066929133858268
20329,0.28454575,0.0
20330,0.2518813,0.0
20331,0.7928448,0.0
20332,0.51111174,0.011247256766642282
20333,0.18098666,0.021826625386996906
20334,0.42652777,0.0
20335,0.42887124,0.0
20336,0.82816815,0.0
20337,0.543361,0.016666666666666666
20338,0.26606107,0.0
20339,0.8601968,0.018018018018018018
20340,0.41766697,0.0
20341,0.8708681,0.05263157894736842
20342,0.38639143,0.0
20343,0.2554146,0.0
20344,0.29430354,0.460221793635487
20345,0.5964777,0.011153775827390747
20346,0.56395733,0.0
20347,0.3775547,0.0
20348,0.64312255,0.0
20349,0.7873136,0.04
20350,0.8543649,0.009752438109527382
20351,0.910645,0.22448979591836735
20352,0.7567734,0.0
20353,0.36871326,0.011146012767250989
20354,0.91953856,0.08333333333333333
20355,0.3088464,0.058186738836265225
20356,0.3992477,0.00641025641025641
20357,0.721968,0.0
20358,0.13225594,0.014285714285714285
20359,0.32736903,0.0
20360,0.86398983,0.09090909090909091
20361,0.4516118,0.04
20362,0.87702656,0.041666666666666664
20363,0.69147956,0.0
20364,0.6201383,0.0
20365,0.60820615,0.05
20366,0.8224032,0.20357142857142857
20367,0.74178314,0.0
20368,0.7060421,0.08333333333333333
20369,0.62010485,0.0
20370,0.26172915,0.0
20371,0.55868334,0.0
20372,0.4432321,0.0
20373,0.33259943,0.011608623548922056
20374,0.76164097,0.0
20375,0.7038136,0.0
20376,0.77686137,0.10817941952506596
20377,0.7756242,0.16666666666666666
20378,0.64594203,0.0
20379,0.5335722,0.2986111111111111
20380,0.92670774,0.0
20381,0.32032138,0.7150440800075837
20382,0.38184062,0.0
20383,0.9389072,0.13003095975232198
20384,0.26003692,0.0
20385,0.75294095,0.0
20386,0.67127484,0.04477611940298507
20387,0.72713786,0.0
20388,0.9710025,0.48031496062992124
20389,0.6143036,0.02857142857142857
20390,0.65298295,0.0
20391,0.6162472,0.0
20392,0.6195521,0.005917159763313609
20393,0.32185808,0.0
20394,0.1277705,0.0
20395,0.7709102,0.0
20396,0.7716738,0.0
20397,0.7254041,0.0
20398,0.34249914,0.0
20399,0.26257944,0.48436915013103704
20400,0.13650835,0.1775397207510833
20401,0.5105614,0.0
20402,0.7387469,0.08467153284671533
20403,0.45390856,0.0
20404,0.6912571,0.0
20405,0.29539382,0.137801440651425
20406,0.91996557,0.0
20407,0.582078,0.015443662615370557
20408,0.52549,0.0
20409,0.85216725,0.0
20410,0.16641198,0.0
20411,0.6594525,0.0
20412,0.6617142,0.0
20413,0.48193493,0.0
20414,0.53646445,0.005128205128205128
20415,0.433439,0.0
20416,0.19425143,0.0
20417,0.12713681,0.25122367672168466
20418,0.854135,0.0
20419,0.8923727,0.0
20420,0.90354306,0.10526315789473684
20421,0.4882931,0.0
20422,0.6771989,0.0
20423,0.2581365,0.0
20424,0.9047101,0.4
20425,0.39367482,0.0026109660574412533
20426,0.6972806,0.09561752988047809
20427,0.84982175,0.12012012012012012
20428,0.22560287,0.0
20429,0.27983397,0.0
20430,0.5797797,0.011244172227808758
20431,0.20142755,0.0
20432,0.23781525,0.4778434268833087
20433,0.24811897,0.014925373134328358
20434,0.77638894,0.0
20435,0.36784008,0.037273423538422265
20436,0.8398537,0.044444444444444446
20437,0.46076727,0.0
20438,0.86419606,0.0
20439,0.56850696,0.04807692307692308
20440,0.3054012,0.0031872509960159364
20441,0.35066214,0.1
20442,0.6819113,0.0
20443,0.7560554,0.0
20444,0.24950722,0.9685672514619883
20445,0.69886625,0.0
20446,0.6222626,0.0
20447,0.23011613,0.0
20448,0.51562274,0.0
20449,0.38867918,0.0
20450,0.33049545,0.07352941176470588
20451,0.89402014,0.0
20452,0.7790213,0.0
20453,0.2842097,0.0
20454,0.3591233,0.0
20455,0.70517796,0.5
20456,0.31498623,0.9271747076023392
20457,0.3553031,0.043243243243243246
20458,0.7662914,0.0
20459,0.82408774,0.0
20460,0.76683503,0.0967741935483871
20461,0.45914787,0.0
20462,0.6884133,0.0
20463,0.38654393,0.0
20464,0.66855675,0.015442251461988304
20465,0.49596795,0.0
20466,0.9095325,0.33064516129032256
20467,0.92495084,0.1
20468,0.88307536,0.07692307692307693
20469,0.19629468,0.8345521023765996
20470,0.915962,0.10465116279069768
20471,0.49948105,0.0
20472,0.58849317,0.06962025316455696
20473,0.38898528,0.0002905709719599012
20474,0.8305937,0.0
20475,0.7688395,0.0
20476,0.394322,0.023508137432188065
20477,0.5307188,0.0
20478,0.57542753,0.0002680246582685607
20479,0.616375,0.0
20480,0.92561835,0.0
20481,0.27254346,0.0
20482,0.6071678,0.0
20483,0.80914974,0.0
20484,0.7829738,0.0
20485,0.79517937,0.0
20486,0.18127173,0.0
20487,0.51106024,0.0
20488,0.9306867,0.24285714285714285
20489,0.33067173,0.9659839063643014
20490,0.49809632,0.0
20491,0.44842622,0.0
20492,0.94820416,0.16709511568123395
20493,0.38049823,0.0
20494,0.2179251,0.0
20495,0.3492475,0.12199312714776632
20496,0.7465386,0.0
20497,0.8665875,0.0
20498,0.7293639,0.06451612903225806
20499,0.27508783,0.0
20500,0.7489807,0.0
20501,0.8704914,0.0
20502,0.4958626,0.0
20503,0.8513816,0.0
20504,0.2838494,0.0
20505,0.8260479,0.19863013698630136
20506,0.88658065,0.0
20507,0.40663588,0.0
20508,0.34146363,0.08176100628930817
20509,0.65372795,0.0
20510,0.74540865,0.04938271604938271
20511,0.8700095,0.0
20512,0.9153813,0.13068181818181818
20513,0.8762433,0.0
20514,0.8551192,0.10185185185185185
20515,0.21480033,0.002232142857142857
20516,0.8157207,0.15328467153284672
20517,0.7385266,0.0
20518,0.95281786,0.6063218390804598
20519,0.8696847,0.0
20520,0.3700927,0.011141804788213628
20521,0.3858168,0.0
20522,0.3911836,0.07692307692307693
20523,0.383794,0.00019355463079454176
20524,0.7555498,0.0
20525,0.2513043,0.0
20526,0.9182596,0.06
20527,0.1845029,0.0
20528,0.8568922,0.22115384615384615
20529,0.41309893,0.0
20530,0.6930187,0.0
20531,0.14745764,0.9279128248113998
20532,0.18689202,0.0
20533,0.93599164,0.41751824817518246
20534,0.22312854,0.9768801973864571
20535,0.26716596,0.012794363063230113
20536,0.90997845,0.02830188679245283
20537,0.22939838,0.0
20538,0.88665575,1.0
20539,0.84751534,0.0
20540,0.8735348,0.0
20541,0.80628645,0.07142857142857142
20542,0.3185638,0.0
20543,0.84707993,0.047619047619047616
20544,0.89387214,0.0
20545,0.3229132,0.07479964381121995
20546,0.7699838,0.0
20547,0.5195132,0.0
20548,0.6790016,0.056338028169014086
20549,0.38978404,0.022727272727272728
20550,0.83426166,0.21739130434782608
20551,0.42539194,0.04319654427645788
20552,0.8155459,0.0
20553,0.3816034,0.27177807349779914
20554,0.6166217,0.0593607305936073
20555,0.20109318,0.0
20556,0.5009749,0.06329113924050633
20557,0.47388726,0.0
20558,0.18117934,0.0
20559,0.29281524,0.0
20560,0.78035975,0.0
20561,0.32794,0.3706782315383689
20562,0.17093557,0.0
20563,0.8926576,0.14285714285714285
20564,0.27964047,0.02097902097902098
20565,0.83330077,0.05263157894736842
20566,0.7020251,0.0
20567,0.92879635,0.0
20568,0.8753916,0.0
20569,0.6876622,0.16666666666666666
20570,0.5261037,0.0
20571,0.8111771,0.06818181818181818
20572,0.8783945,0.07692307692307693
20573,0.40008196,0.0
20574,0.925341,0.24
20575,0.5938193,0.0
20576,0.6679007,0.037037037037037035
20577,0.8138558,0.16279069767441862
20578,0.66919243,0.3512064343163539
20579,0.6060195,0.15773809523809523
20580,0.22766222,0.13596441199954373
20581,0.20891407,0.010638297872340425
20582,0.4940157,0.030594405594405596
20583,0.84684044,0.0
20584,0.9035219,0.1131367292225201
20585,0.86197805,0.05263157894736842
20586,0.47408915,0.05172413793103448
20587,0.9037937,0.02564102564102564
20588,0.8626808,0.0
20589,0.6546418,0.0
20590,0.7415223,0.0175054704595186
20591,0.8249596,0.23809523809523808
20592,0.87848127,0.08333333333333333
20593,0.6785961,0.01565974796145293
20594,0.25953227,0.5
20595,0.18991156,0.0
20596,0.3651007,0.0
20597,0.31967953,0.0
20598,0.21962266,0.16215644820295982
20599,0.69602287,0.0
20600,0.7029251,0.0
20601,0.52149916,0.16369969040247678
20602,0.7894047,0.14285714285714285
20603,0.8875079,0.19794344473007713
20604,0.8609421,0.0
20605,0.8271588,0.09090909090909091
20606,0.8665376,0.021739130434782608
20607,0.1877829,0.0
20608,0.66705763,0.0
20609,0.9057098,0.0
20610,0.5013303,0.011199555720103666
20611,0.6092985,0.03571428571428571
20612,0.7658192,0.31125827814569534
20613,0.88662374,0.0
20614,0.5127792,0.0
20615,0.4878996,0.0
20616,0.22391805,0.06349206349206349
20617,0.8821427,0.0
20618,0.4804233,0.0
20619,0.5139916,0.056962025316455694
20620,0.24327378,0.0
20621,0.2245057,0.5791575544356756
20622,0.37527105,0.0
20623,0.14599982,0.0
20624,0.8608441,0.2
20625,0.5854318,0.016183089150627213
20626,0.8275045,0.0
20627,0.8527747,0.0
20628,0.7550335,0.0
20629,0.83503795,0.0
20630,0.8978753,0.06293706293706294
20631,0.53119177,0.0
20632,0.7633654,0.0
20633,0.6817531,0.0
20634,0.5976084,0.056179775280898875
20635,0.26111108,0.0
20636,0.6602633,0.0
20637,0.8725062,0.2555066079295154
20638,0.14545982,0.0
20639,0.8819581,0.0
20640,0.5131555,0.0018587360594795538
20641,0.71503127,0.04504504504504504
20642,0.23304386,0.0
20643,0.88621837,0.16666666666666666
20644,0.74411625,0.0
20645,0.8543572,0.25
20646,0.72853595,0.027559055118110236
20647,0.24356772,0.0
20648,0.25309458,0.00423728813559322
20649,0.3090398,0.00966183574879227
20650,0.2666131,0.0
20651,0.63175374,0.0
20652,0.49351528,0.011458333333333333
20653,0.57068354,0.002795248078266946
20654,0.4194125,0.0
20655,0.839359,0.1111111111111111
20656,0.22778475,0.46210163652024117
20657,0.9019715,0.2885085574572127
20658,0.22984917,0.0
20659,0.90518785,0.14285714285714285
20660,0.8783586,0.0
20661,0.8046734,0.0
20662,0.3629332,0.011381511982973998
20663,0.6000176,0.0007057163020465773
20664,0.8035195,0.33766233766233766
20665,0.7667253,0.04
20666,0.77547246,0.0
20667,0.31696987,0.0
20668,0.2760054,0.8313990678972859
20669,0.650329,0.0
20670,0.313519,0.022434782608695653
20671,0.29041928,0.07923855963990997
20672,0.17821683,0.837162286344422
20673,0.21770516,0.0
20674,0.5932859,0.08783783783783784
20675,0.64631116,0.0
20676,0.6630889,0.0
20677,0.90926397,0.19
20678,0.6264331,0.2
20679,0.25549775,0.0
20680,0.8848108,0.024390243902439025
20681,0.50961226,0.011379406050513461
20682,0.38364163,0.0
20683,0.36265564,0.10465116279069768
20684,0.793759,0.08993576017130621
20685,0.23984925,0.10429082240762813
20686,0.58799475,0.1206896551724138
20687,0.31301966,0.01694915254237288
20688,0.80062777,0.0
20689,0.88705766,0.05263157894736842
20690,0.92808104,0.0
20691,0.8213635,0.043478260869565216
20692,0.93784696,0.4190871369294606
20693,0.8499473,0.08823529411764706
20694,0.47959873,0.05998421468034728
20695,0.29634944,0.023529411764705882
20696,0.67788965,0.002707581227436823
20697,0.3193537,0.0
20698,0.33025128,0.0
20699,0.36900073,0.0
20700,0.712583,0.0
20701,0.69142133,0.0
20702,0.5650901,0.06451612903225806
20703,0.328407,0.4053004340872744
20704,0.334203,0.024390243902439025
20705,0.85871714,0.0
20706,0.86613244,0.04
20707,0.34556192,0.0
20708,0.49035296,0.004405286343612335
20709,0.85641223,0.2
20710,0.8441755,0.19745222929936307
20711,0.69487315,0.0
20712,0.41024163,0.029117849758787045
20713,0.8075609,0.0
20714,0.7940594,0.0
20715,0.8742118,0.125
20716,0.8172665,0.0
20717,0.8769132,0.0
20718,0.5979288,0.0
20719,0.42329007,0.15827862873814733
20720,0.21204591,0.0
20721,0.91503245,0.0
20722,0.3804629,0.0
20723,0.6384057,0.0
20724,0.2234594,0.3623069189287999
20725,0.85166144,0.04355885078776645
20726,0.21845798,0.0
20727,0.35913613,0.000794912559618442
20728,0.89841205,0.05128205128205128
20729,0.4656113,0.011402623612512614
20730,0.65555346,0.04838709677419355
20731,0.18021147,0.5265746169850577
20732,0.3330382,0.3075605578664057
20733,0.7426587,0.0
20734,0.6640497,0.16666666666666666
20735,0.2428989,0.0
20736,0.33581814,0.0
20737,0.40533003,0.015976555114388353
20738,0.6179897,0.0
20739,0.8904809,0.0
20740,0.75924104,0.0
20741,0.47632056,0.6988942703097871
20742,0.92773366,0.31843575418994413
20743,0.19040483,0.0
20744,0.6207398,0.02784503631961259
20745,0.8971512,0.0
20746,0.36328143,0.0
20747,0.62041056,0.0
20748,0.756589,0.051094890510948905
20749,0.5695752,0.0
20750,0.7442683,0.0
20751,0.42448962,0.0
20752,0.7994894,0.0
20753,0.92089146,0.0
20754,0.53798336,0.0
20755,0.19376372,0.0012254901960784314
20756,0.6759024,0.014925373134328358
20757,0.9336722,0.0
20758,0.85994625,0.0
20759,0.9138713,0.0
20760,0.16794527,0.0
20761,0.41953546,0.0
20762,0.14024132,0.48175965665236054
20763,0.38645282,0.0
20764,0.6575972,0.0
20765,0.14838517,0.0006333122229259025
20766,0.29991877,0.024774774774774775
20767,0.7892241,0.0
20768,0.47685376,0.04878048780487805
20769,0.845058,0.21637426900584794
20770,0.8678462,0.2916666666666667
20771,0.4663386,0.0
20772,0.2769833,0.008264462809917356
20773,0.404916,0.08333333333333333
20774,0.37190872,0.9912280701754386
20775,0.4570797,0.047058823529411764
20776,0.88620603,0.0
20777,0.85862833,0.21428571428571427
20778,0.4496325,0.0
20779,0.26910332,0.0
20780,0.4514452,0.02197802197802198
20781,0.43371114,0.0
20782,0.64597,0.0
20783,0.6011773,0.0
20784,0.69842684,0.0
20785,0.8096465,0.0
20786,0.86069214,0.0
20787,0.9522632,0.032575291948371235
20788,0.65656585,0.08
20789,0.31103882,0.0
20790,0.24595796,0.0
20791,0.63805634,0.15
20792,0.5488974,0.0
20793,0.89489496,0.005747126436781609
20794,0.38380182,0.006021306160259379
20795,0.56877977,0.06886657101865136
20796,0.9558687,0.4954663212435233
20797,0.79725474,0.146163215590743
20798,0.5948407,0.0
20799,0.71754175,0.0
20800,0.6189681,0.0
20801,0.8814732,0.0
20802,0.71233064,0.0
20803,0.79475266,0.0
20804,0.6410885,0.016739446870451237
20805,0.2545697,0.0
20806,0.8469667,0.0
20807,0.81209713,0.041666666666666664
20808,0.4174733,0.0
20809,0.24371463,0.0
20810,0.5246501,0.145
20811,0.57430315,0.0
20812,0.5149115,0.0
20813,0.42217666,0.14285714285714285
20814,0.6327966,0.002652519893899204
20815,0.33222905,0.0
20816,0.49326706,0.3678909952606635
20817,0.6345244,0.03488372093023256
20818,0.8546236,0.0
20819,0.9216113,0.0
20820,0.86522794,0.12056737588652482
20821,0.27369848,0.023391812865497075
20822,0.90648466,0.12
20823,0.6870006,0.14583333333333334
20824,0.8926712,0.0
20825,0.6851674,0.0010957703265395574
20826,0.18897448,0.0
20827,0.15781581,0.0
20828,0.36322188,0.10404624277456648
20829,0.910664,0.0
20830,0.2924439,0.0
20831,0.31177768,0.0
20832,0.3113754,0.0
20833,0.90104914,0.06666666666666667
20834,0.7352267,0.18003913894324852
20835,0.81715226,0.0
20836,0.8169584,0.10344827586206896
20837,0.7457978,0.0
20838,0.8605592,0.0
20839,0.88197845,0.0
20840,0.29706198,0.0
20841,0.7670629,0.0
20842,0.8967327,0.015384615384615385
20843,0.93655246,0.02531645569620253
20844,0.6519372,0.0
20845,0.8347306,0.16666666666666666
20846,0.25332943,0.07692307692307693
20847,0.8948058,0.0
20848,0.82424426,0.22580645161290322
20849,0.72929513,0.011494252873563218
20850,0.67435694,0.0
20851,0.57444966,0.0
20852,0.18494534,0.0052708106143220645
20853,0.44481513,0.0013708019191226869
20854,0.40522543,9.431293030274451e-05
20855,0.14687608,0.09443443633260643
20856,0.84590244,0.0
20857,0.20975982,0.00881057268722467
20858,0.92378134,0.15384615384615385
20859,0.16473056,0.0
20860,0.46003821,0.02460538532961931
20861,0.24925001,0.08
20862,0.29703808,0.0
20863,0.86918545,0.3111111111111111
20864,0.33188254,0.0
20865,0.22176151,0.0
20866,0.866925,0.011627906976744186
20867,0.753285,0.018226002430133656
20868,0.84171164,0.004651162790697674
20869,0.56987333,0.0
20870,0.5691377,0.0
20871,0.17062458,0.0
20872,0.20993064,0.0
20873,0.6265143,0.11538461538461539
20874,0.1989454,0.0
20875,0.7269094,0.0
20876,0.38822606,0.9997258771929824
20877,0.8010196,0.0
20878,0.43690833,0.1345856922285126
20879,0.6121769,0.056962025316455694
20880,0.25590998,0.014319809069212411
20881,0.8816181,0.12598425196850394
20882,0.76161474,0.0
20883,0.9332966,0.14512471655328799
20884,0.73603624,0.00037993920972644377
20885,0.6820847,0.0
20886,0.88156897,0.0
20887,0.21247941,0.0
20888,0.21145856,0.12986480950430151
20889,0.30448955,0.000315357931251971
20890,0.77847403,0.0
20891,0.85612655,0.0
20892,0.8199085,0.0
20893,0.41336823,0.0
20894,0.9109477,0.0
20895,0.4020731,0.010911424903722721
20896,0.83681566,0.14285714285714285
20897,0.77528983,0.20048309178743962
20898,0.2368653,0.030743892396376614
20899,0.65474874,0.0
20900,0.39528427,0.0
20901,0.88514686,0.0
20902,0.24401262,0.0
20903,0.92727673,0.0
20904,0.5323006,0.004545454545454545
20905,0.34170052,0.011588468061051441
20906,0.510957,0.001238095238095238
20907,0.46170267,0.0
20908,0.9145258,0.03296703296703297
20909,0.78661096,0.0
20910,0.74977624,0.047058823529411764
20911,0.39214218,0.022222222222222223
20912,0.7801658,0.15789473684210525
20913,0.38168958,0.0024965325936199723
20914,0.86193925,0.125
20915,0.84792477,0.0
20916,0.8380567,0.0
20917,0.83726335,0.030303030303030304
20918,0.77491117,0.0
20919,0.7858363,0.2
20920,0.7655829,0.24027072758037224
20921,0.11994909,0.9851960157178105
20922,0.19280255,0.0
20923,0.8226964,0.0
20924,0.789628,0.043010752688172046
20925,0.6148873,0.031007751937984496
20926,0.817449,0.0
20927,0.6197304,0.091324200913242
20928,0.813899,0.0
20929,0.9019925,0.0
20930,0.8471072,0.0
20931,0.8435315,0.01639344262295082
20932,0.34966844,0.0
20933,0.15445536,0.0
20934,0.8516954,0.0
20935,0.4504626,0.0
20936,0.39100122,0.0017699115044247787
20937,0.43942264,0.1111111111111111
20938,0.78761107,0.2413793103448276
20939,0.80640364,0.1807909604519774
20940,0.7711026,0.0
20941,0.20484473,0.0
20942,0.8204528,0.0
20943,0.8446736,0.12280701754385964
20944,0.3594033,0.8804357777167445
20945,0.6187702,0.01549605721621126
20946,0.7452719,0.0625
20947,0.56127846,0.0
20948,0.9142139,0.29958391123439665
20949,0.8199539,0.0005711022272986865
20950,0.39336392,0.035211267605633804
20951,0.8320111,0.013333333333333334
20952,0.8911205,0.14285714285714285
20953,0.22353046,0.0
20954,0.32465783,0.0
20955,0.48036906,0.0006985679357317499
20956,0.33993563,0.003745318352059925
20957,0.2897349,0.13454545454545455
20958,0.26762268,0.0
20959,0.43616635,0.034482758620689655
20960,0.9506589,0.0
20961,0.88886714,0.08571428571428572
20962,0.35000548,0.0
20963,0.8882633,0.023809523809523808
20964,0.81778866,0.5
20965,0.7277535,0.0
20966,0.88774693,0.047619047619047616
20967,0.63757235,0.03389830508474576
20968,0.7653357,0.0
20969,0.323164,0.015486117474571612
20970,0.25963914,0.0
20971,0.74126095,0.0
20972,0.81266814,0.2032355915065723
20973,0.18161637,0.46229810798338716
20974,0.8101943,0.0
20975,0.88077945,0.0
20976,0.30492657,0.028311096648226487
20977,0.53328145,0.0
20978,0.6171559,0.0
20979,0.60129625,0.12307692307692308
20980,0.9190392,0.08108108108108109
20981,0.34378633,0.0
20982,0.81954104,0.0
20983,0.108806945,0.5444717444717445
20984,0.48768884,0.0
20985,0.84387267,0.3341645885286783
20986,0.19024272,0.0
20987,0.8864946,0.0
20988,0.1878391,0.0010872519706441968
20989,0.10993768,0.0
20990,0.36171058,0.012419745289969477
20991,0.89566773,0.0
20992,0.86566454,0.0
20993,0.3531077,0.032
20994,0.8709897,0.0
20995,0.26482725,0.0016492578339747114
20996,0.49129906,0.0
20997,0.4089331,0.9938740056688306
20998,0.18402728,0.6024605214836577
20999,0.8230459,0.0
21000,0.49366528,0.000555247084952804
21001,0.48944166,0.0
21002,0.60036296,0.0
21003,0.32061586,0.01113054539672444
21004,0.8749873,0.0
21005,0.3535925,0.0014612761811982464
21006,0.6967034,0.0
21007,0.5650394,0.10759493670886076
21008,0.6631215,0.0
21009,0.8415213,0.0
21010,0.47589377,0.01563367252543941
21011,0.8906976,0.0
21012,0.7726125,0.00039416633819471815
21013,0.3813191,0.15
21014,0.5142575,0.02197802197802198
21015,0.82885617,0.0
21016,0.5332231,0.0
21017,0.44827864,0.0
21018,0.88649845,0.0
21019,0.76888376,0.00297441998810232
21020,0.7625978,0.0
21021,0.8883689,0.1276595744680851
21022,0.8718846,0.17261904761904762
21023,0.9120618,0.1875
21024,0.92414546,0.0
21025,0.4550902,0.0
21026,0.8189047,0.16666666666666666
21027,0.8958313,0.0
21028,0.59716225,0.0
21029,0.7905827,0.020100502512562814
21030,0.775752,0.14285714285714285
21031,0.90159595,0.13043478260869565
21032,0.85546327,0.0
21033,0.8637711,0.0
21034,0.17474222,0.7737494263423589
21035,0.385664,0.044748290863890615
21036,0.5458992,0.14754098360655737
21037,0.5254442,0.04591836734693878
21038,0.85764295,0.0
21039,0.48987612,0.0
21040,0.9041796,0.0778816199376947
21041,0.8444821,0.0
21042,0.9000543,0.7435810810810811
21043,0.22181599,0.0
21044,0.8568735,0.06437768240343347
21045,0.5389626,0.11170212765957446
21046,0.91539925,0.0
21047,0.17162745,0.0
21048,0.86548144,0.15384615384615385
21049,0.75938547,0.0
21050,0.7819567,0.0
21051,0.7739014,0.0
21052,0.8942269,0.0
21053,0.23363152,0.4731359649122807
21054,0.5189233,0.024017467248908297
21055,0.8282108,0.17647058823529413
21056,0.44058233,0.0
21057,0.6516002,0.0
21058,0.41397294,0.038127595318988294
21059,0.44722039,0.015474773372401794
21060,0.78686994,0.06578947368421052
21061,0.14375752,0.0
21062,0.8917909,0.0
21063,0.6591789,0.0
21064,0.49182266,0.0346124905944319
21065,0.87368613,0.0
21066,0.5407553,0.125
21067,0.84284693,0.08695652173913043
21068,0.30232573,0.04
21069,0.76797765,0.2857142857142857
21070,0.77848893,0.0
21071,0.17719546,0.0
21072,0.7568069,0.0
21073,0.86389315,0.0
21074,0.22072317,0.0
21075,0.80780387,0.13333333333333333
21076,0.28125006,0.0
21077,0.61493075,0.11913626209977662
21078,0.264955,0.0
21079,0.8503062,0.33098591549295775
21080,0.7821357,0.0
21081,0.84065443,0.045454545454545456
21082,0.55285513,0.10714285714285714
21083,0.8557229,0.058823529411764705
21084,0.19363166,0.0
21085,0.2641434,0.19533611630919823
21086,0.7772022,0.18468468468468469
21087,0.90145785,0.0
21088,0.15070203,0.0
21089,0.7159107,0.04294478527607362
21090,0.3415351,0.0
21091,0.93254185,0.3527272727272727
21092,0.92610115,0.2590909090909091
21093,0.5676729,0.008771929824561403
21094,0.66668475,0.0
21095,0.8431079,0.11392405063291139
21096,0.5089031,0.08214285714285714
21097,0.28726622,0.0
21098,0.79875654,0.0
21099,0.36620823,0.03304347826086956
21100,0.49406964,0.02247191011235955
21101,0.86156964,0.0
21102,0.500067,0.38084507042253524
21103,0.7435748,0.0
21104,0.6098713,0.16666666666666666
21105,0.8004188,0.022727272727272728
21106,0.3550639,0.011494252873563218
21107,0.7399377,0.13941018766756033
21108,0.19590111,0.047619047619047616
21109,0.86592877,0.1784776902887139
21110,0.8936166,0.013368983957219251
21111,0.7400864,0.0
21112,0.94247854,0.3551538837322912
21113,0.9053787,0.038461538461538464
21114,0.50868016,0.011240062140180938
21115,0.91204935,0.0
21116,0.65446925,0.625
21117,0.8648058,0.0625
21118,0.17046447,0.0
21119,0.878928,0.0
21120,0.65939087,0.07692307692307693
21121,0.86758786,0.5956014362657092
21122,0.9027016,0.0
21123,0.87230563,0.0
21124,0.60769016,0.015559877743817728
21125,0.8742293,0.26666666666666666
21126,0.46839806,1.0
21127,0.19691624,0.0
21128,0.15647765,0.7995663241255775
21129,0.49996847,0.0
21130,0.61511654,0.031862745098039214
21131,0.23111065,0.0
21132,0.9531827,0.4395770392749245
21133,0.42822015,0.0
21134,0.8283284,0.05737704918032787
21135,0.24402279,0.0
21136,0.35711372,0.01932367149758454
21137,0.31120923,0.9998172347619483
21138,0.38108072,0.0
21139,0.5688297,0.0
21140,0.3597153,0.007874015748031496
21141,0.91977286,0.0
21142,0.9170893,0.26174496644295303
21143,0.90242386,0.17333333333333334
21144,0.6662169,0.0
21145,0.5964716,0.0
21146,0.8234689,0.0
21147,0.22755632,0.008948545861297539
21148,0.27790698,0.0
21149,0.9050785,0.0
21150,0.6895302,0.0273972602739726
21151,0.45897093,0.049689440993788817
21152,0.38068998,0.0
21153,0.79376966,0.11940298507462686
21154,0.764029,0.0
21155,0.7785808,0.0
21156,0.9156158,0.0207532667179093
21157,0.42619288,0.0
21158,0.23507363,0.0
21159,0.84835005,0.0
21160,0.9709645,0.31765749778172137
21161,0.8883066,0.03225806451612903
21162,0.49083892,0.015456803753795198
21163,0.8536851,0.13051470588235295
21164,0.9003383,0.0
21165,0.8684837,0.0
21166,0.32479092,0.01774254435636089
21167,0.45653573,0.0
21168,0.8888799,0.46153846153846156
21169,0.6019806,0.0
21170,0.8359715,0.0
21171,0.83606535,0.0
21172,0.7206828,0.0
21173,0.64284533,0.12
21174,0.3412752,0.22458983593437376
21175,0.53875786,0.0
21176,0.91903144,0.5
21177,0.8440415,0.0
21178,0.8403271,0.096
21179,0.15187646,0.0
21180,0.8544694,0.0
21181,0.88133305,0.0
21182,0.8896219,0.2553191489361702
21183,0.36607766,0.0112989074610141
21184,0.402836,0.03409090909090909
21185,0.8838408,0.0
21186,0.55088025,0.0
21187,0.62177664,0.0
21188,0.35870638,0.0
21189,0.562139,0.0
21190,0.47575715,0.0725359911406423
21191,0.895232,0.0
21192,0.77148044,0.029850746268656716
21193,0.6811198,0.056818181818181816
21194,0.94817704,0.2519747235387046
21195,0.90086466,0.058823529411764705
21196,0.37761566,0.0
21197,0.45615295,0.0
21198,0.9007781,0.20618556701030927
21199,0.7431723,0.0
21200,0.68783945,0.0
21201,0.7697192,0.04
21202,0.9086972,0.1111111111111111
21203,0.8090103,0.11363636363636363
21204,0.85389984,0.0855614973262032
21205,0.8971897,0.08333333333333333
21206,0.19492324,0.0
21207,0.45829472,0.05
21208,0.70352364,0.0
21209,0.84057033,0.0
21210,0.12072739,0.00714915287435119
21211,0.25301537,0.0
21212,0.526229,0.0
21213,0.3127918,0.03333333333333333
21214,0.7926619,0.16666666666666666
21215,0.8114732,0.0
21216,0.8538089,0.125
21217,0.31835186,0.0
21218,0.8717727,0.1111111111111111
21219,0.17550868,0.0
21220,0.2673528,0.5152542372881356
21221,0.903723,0.0
21222,0.7136032,0.0
21223,0.31912395,0.015551670194165822
21224,0.24606013,0.6780884502923976
21225,0.8607012,0.0
21226,0.30449718,0.7537072243346008
21227,0.8470152,0.10810810810810811
21228,0.31842297,0.05781999262264847
21229,0.3072226,0.427021494370522
21230,0.8774889,0.2619047619047619
21231,0.38296482,0.011566457273905673
21232,0.7394811,0.0
21233,0.6430692,0.16163793103448276
21234,0.32622755,0.021377672209026127
21235,0.5126409,0.1056338028169014
21236,0.915728,0.0
21237,0.73944414,0.17587939698492464
21238,0.19445719,0.0
21239,0.80126655,0.0
21240,0.60038817,0.0
21241,0.4507618,0.23873537465770475
21242,0.7314886,0.0
21243,0.77881294,0.0
21244,0.7940503,0.14
21245,0.6456028,0.0
21246,0.63185626,0.0
21247,0.7666919,0.0
21248,0.683174,0.022727272727272728
21249,0.9229916,0.1574642126789366
21250,0.75149834,0.0
21251,0.52775145,0.011149698409797112
21252,0.708266,0.0
21253,0.3854763,0.036954087346024636
21254,0.48599786,0.0
21255,0.22709183,0.8121173352828293
21256,0.7906903,0.1724137931034483
21257,0.69714326,0.05
21258,0.87299126,0.20261437908496732
21259,0.90091705,0.2542372881355932
21260,0.32229114,0.9917672886937431
21261,0.29865834,0.019867549668874173
21262,0.78565276,0.09523809523809523
21263,0.9118808,0.04915794264906691
21264,0.76159644,0.0
21265,0.67633814,0.038461538461538464
21266,0.34590706,0.0
21267,0.25263223,0.0
21268,0.4673333,0.0
21269,0.8559643,0.0
21270,0.6832667,0.0
21271,0.70673245,0.1029126213592233
21272,0.51793295,0.0
21273,0.7541759,0.0
21274,0.28519973,0.0
21275,0.8545902,0.0625
21276,0.6274415,0.0
21277,0.65588784,0.03261593077435101
21278,0.26788458,0.4728355474118186
21279,0.57784784,0.05115089514066496
21280,0.8163444,0.031746031746031744
21281,0.6304279,0.0
21282,0.8087436,0.0
21283,0.20010856,0.0
21284,0.6140865,0.0003655304761034451
21285,0.4214981,0.0
21286,0.66505635,0.02127659574468085
21287,0.7782467,0.0
21288,0.68257356,0.0
21289,0.8325859,0.0
21290,0.60163593,0.0
21291,0.41450602,0.030825022665457842
21292,0.2018898,0.0
21293,0.68694544,0.0
21294,0.3966993,0.0
21295,0.71211344,0.0
21296,0.834762,0.13157894736842105
21297,0.9118715,0.06818181818181818
21298,0.83031297,0.21739130434782608
21299,0.6556144,0.0
21300,0.9084735,0.09523809523809523
21301,0.5912368,0.0
21302,0.54053134,0.0
21303,0.2960797,0.5000926268988515
21304,0.6489875,0.1347517730496454
21305,0.5514036,0.07142857142857142
21306,0.8210947,0.0
21307,0.32899025,0.07163742690058479
21308,0.6451506,0.0
21309,0.6679012,0.25
21310,0.21460016,0.02040816326530612
21311,0.27454397,0.0
21312,0.85654396,0.0
21313,0.35355803,0.0019118428040361126
21314,0.8220825,0.0
21315,0.8333485,0.2591400321913083
21316,0.8861944,0.17142857142857143
21317,0.8461133,0.35294117647058826
21318,0.2405752,0.0
21319,0.2019273,0.0
21320,0.8731275,0.3333333333333333
21321,0.6996721,0.08178438661710037
21322,0.8804853,0.014925373134328358
21323,0.21722627,0.7656695812241141
21324,0.13404843,0.08850560241722272
21325,0.8538519,0.18095238095238095
21326,0.7638209,0.11986301369863013
21327,0.15452851,0.002347417840375587
21328,0.79865533,0.16279069767441862
21329,0.51402104,0.043478260869565216
21330,0.8149072,0.0
21331,0.94321835,0.11564625850340136
21332,0.59397924,0.0
21333,0.17143092,0.0
21334,0.90555984,0.0
21335,0.77383375,0.0
21336,0.8012422,0.21428571428571427
21337,0.55638593,0.0
21338,0.38450176,0.05
21339,0.8574731,0.0
21340,0.5921398,0.02564102564102564
21341,0.15982419,0.02702702702702703
21342,0.32032576,0.07384615384615385
21343,0.68969107,0.0
21344,0.7790063,0.0
21345,0.5371272,0.0
21346,0.5005791,0.0
21347,0.7297085,0.0
21348,0.9231211,0.0
21349,0.64604276,0.0
21350,0.2178228,0.9345424415393113
21351,0.7396752,0.18867924528301888
21352,0.82277876,0.05263157894736842
21353,0.8738803,0.0
21354,0.83090174,0.1746031746031746
21355,0.8860769,0.0
21356,0.3301674,0.0011009174311926607
21357,0.73585653,0.0
21358,0.41054654,0.027777777777777776
21359,0.56618774,0.008645533141210375
21360,0.65651226,0.009708737864077669
21361,0.29448482,0.0
21362,0.82025385,0.0
21363,0.66874653,0.0
21364,0.29504293,0.0
21365,0.8245365,0.125
21366,0.47795305,0.06104129263913824
21367,0.23822331,0.0
21368,0.28188604,0.0
21369,0.28146547,0.0171875
21370,0.9265389,0.0
21371,0.4162313,0.045454545454545456
21372,0.38060963,0.0006922810661128419
21373,0.26435116,0.0
21374,0.9167837,0.17407686510926904
21375,0.42136496,0.07740585774058577
21376,0.22278374,0.0002433682161109759
21377,0.38468826,0.06304647952139898
21378,0.88807607,0.0
21379,0.5432471,0.04267723880597015
21380,0.8120485,0.0
21381,0.87413496,0.08333333333333333
21382,0.86816454,0.02631578947368421
21383,0.8822907,0.08695652173913043
21384,0.886596,0.0
21385,0.7525778,0.0
21386,0.5063419,0.013717421124828532
21387,0.80250317,0.0
21388,0.71506673,0.0
21389,0.34097973,0.0
21390,0.89346045,0.06666666666666667
21391,0.47686142,0.0
21392,0.7015235,0.0
21393,0.6624349,0.037037037037037035
21394,0.83365023,0.0
21395,0.37199774,0.0
21396,0.8920059,0.05
21397,0.59739256,0.01813888590748095
21398,0.43842736,0.0
21399,0.9518466,0.4
21400,0.20432083,0.0
21401,0.32359397,0.0
21402,0.4471788,0.0
21403,0.88585275,0.0967741935483871
21404,0.7534343,0.0
21405,0.8594,0.041666666666666664
21406,0.5975819,0.0
21407,0.18082844,0.22563060149681236
21408,0.82716656,0.01834862385321101
21409,0.8864211,0.0
21410,0.31873837,0.0
21411,0.91489995,0.07407407407407407
21412,0.8249582,0.3
21413,0.78683025,0.0
21414,0.9086838,0.33858267716535434
21415,0.7563438,0.043478260869565216
21416,0.4958164,0.014222222222222223
21417,0.48610798,0.0
21418,0.7993216,0.0
21419,0.26774275,0.0
21420,0.6432836,0.0
21421,0.72767836,0.015443662615370557
21422,0.8713145,0.22802850356294538
21423,0.8228526,0.0
21424,0.79981756,0.00021190930281839374
21425,0.3509299,0.09506531204644413
21426,0.74993855,0.0
21427,0.8495083,0.022222222222222223
21428,0.24597323,0.004975124378109453
21429,0.6283552,0.10833333333333334
21430,0.40829444,0.011076528744049798
21431,0.8828316,0.03225806451612903
21432,0.17081018,0.0
21433,0.8036046,0.0
21434,0.7463164,0.0
21435,0.4809102,0.0005537098560354374
21436,0.711219,0.041666666666666664
21437,0.78823906,0.024475524475524476
21438,0.9375459,0.12921348314606743
21439,0.20773996,0.3122396882977294
21440,0.7605434,0.1323529411764706
21441,0.8980871,0.038461538461538464
21442,0.78786194,0.0
21443,0.8707819,0.0
21444,0.5292661,0.0
21445,0.7377067,0.0
21446,0.648119,0.1111111111111111
21447,0.83070934,0.35294117647058826
21448,0.6277043,0.0
21449,0.87589663,0.0967741935483871
21450,0.8794104,0.0625
21451,0.5958884,0.0
21452,0.70571935,0.3976190476190476
21453,0.5725774,0.3273809523809524
21454,0.71992034,0.0
21455,0.87858796,0.1
21456,0.3560783,0.9968016083340948
21457,0.50219357,0.06631578947368422
21458,0.7821031,0.0
21459,0.58090043,0.0
21460,0.90637153,0.1111111111111111
21461,0.8658997,0.0
21462,0.9510513,0.28407460545193686
21463,0.8935233,0.09615384615384616
21464,0.8600775,0.0
21465,0.8703795,0.3488372093023256
21466,0.9223561,0.12777777777777777
21467,0.7766504,0.0
21468,0.29270184,0.0002226179875333927
21469,0.8701903,0.07407407407407407
21470,0.44915542,0.014791796146674953
21471,0.8555255,0.0
21472,0.76546884,0.22727272727272727
21473,0.6639078,0.0
21474,0.66601,0.0
21475,0.860283,0.0
21476,0.20684214,0.9250068927488282
21477,0.69091785,0.0
21478,0.33316952,0.004259850905218318
21479,0.34940878,0.0
21480,0.81546247,0.0
21481,0.19771746,0.004132231404958678
21482,0.8733351,0.038461538461538464
21483,0.21943897,0.0
21484,0.9043975,0.0
21485,0.21175759,0.0
21486,0.6927945,0.0
21487,0.27637607,0.0
21488,0.6045263,0.0
21489,0.305792,0.0
21490,0.81118864,0.25723327305605787
21491,0.41499737,0.9994517543859649
21492,0.35163417,0.0
21493,0.8586246,0.0
21494,0.6556402,0.0
21495,0.23955147,0.016129032258064516
21496,0.34304664,0.0
21497,0.5306107,0.05612244897959184
21498,0.8886122,0.2749221183800623
21499,0.9336213,0.07317073170731707
21500,0.23971432,0.0
21501,0.4588339,0.6602972399150743
21502,0.45101956,0.0
21503,0.4939264,0.9969840979711204
21504,0.45419836,0.0
21505,0.7661752,0.5
21506,0.3860912,0.01283147989734816
21507,0.72751164,0.0
21508,0.8498931,0.0
21509,0.21699421,0.001256281407035176
21510,0.9191135,0.16666666666666666
21511,0.6053214,0.06428957320367369
21512,0.88834,0.06666666666666667
21513,0.22849041,0.9754668619553277
21514,0.5722337,0.0
21515,0.6303873,0.0
21516,0.91040474,0.0
21517,0.8219335,0.17647058823529413
21518,0.4520095,0.010224760501105379
21519,0.9307385,0.1282051282051282
21520,0.41958547,0.00037509377344336085
21521,0.93542296,0.13649932157394845
21522,0.7271049,0.0639269406392694
21523,0.179333,0.0
21524,0.19222999,0.005376344086021506
21525,0.4050941,0.01124216734242536
21526,0.847339,0.13636363636363635
21527,0.8576849,0.0
21528,0.90294,0.15568862275449102
21529,0.34468997,0.1348366313851818
21530,0.17838246,0.0
21531,0.78287864,0.06711409395973154
21532,0.5757924,0.03320754716981132
21533,0.23957664,0.0
21534,0.92002654,0.0
21535,0.7014037,0.2
21536,0.12872623,0.004343629343629344
21537,0.81821376,0.0
21538,0.60451925,0.18627450980392157
21539,0.7347063,0.0
21540,0.6314891,0.05963302752293578
21541,0.44206882,0.0
21542,0.79654795,0.0
21543,0.90737426,0.0
21544,0.7721938,0.3181818181818182
21545,0.37184444,0.05715871254162042
21546,0.41788578,0.025
21547,0.3276947,0.01020408163265306
21548,0.54307884,0.01571508275990329
21549,0.21992142,0.0
21550,0.24856363,0.17040712755159582
21551,0.8679374,0.0
21552,0.2894726,0.00032562683165092806
21553,0.25801694,0.0
21554,0.7543896,0.0
21555,0.56066924,0.0
21556,0.76831156,0.0
21557,0.90359646,0.125
21558,0.23919514,0.012903225806451613
21559,0.41252464,0.0
21560,0.8906051,0.232
21561,0.78291917,0.0
21562,0.53686464,0.015157353885677585
21563,0.196991,0.0
21564,0.4422639,0.0
21565,0.29967636,0.00034381983840467596
21566,0.915268,0.15789473684210525
21567,0.49401957,0.078125
21568,0.35348803,0.026845637583892617
21569,0.87241215,0.12429378531073447
21570,0.49063435,0.0
21571,0.8213748,0.0
21572,0.62929296,0.1
21573,0.610783,0.0
21574,0.40588385,0.0
21575,0.87874544,0.0
21576,0.683599,0.0
21577,0.1962057,0.0
21578,0.74245393,0.0
21579,0.34231248,0.01892744479495268
21580,0.8936574,0.0
21581,0.85587686,0.0
21582,0.65683717,0.038461538461538464
21583,0.24097654,0.01816958277254374
21584,0.67886245,0.0003914277326548586
21585,0.64399815,0.0
21586,0.45609897,0.0
21587,0.94074047,0.022727272727272728
21588,0.34702125,0.0
21589,0.34141234,9.532888465204957e-05
21590,0.378572,0.0125
21591,0.9152482,0.5
21592,0.62748474,0.0
21593,0.44285923,0.17855477855477855
21594,0.71681273,0.0
21595,0.8968591,0.12770137524557956
21596,0.7307381,0.0
21597,0.4100122,0.01282051282051282
21598,0.54940915,0.04838709677419355
21599,0.769308,0.0
21600,0.8771674,0.14285714285714285
21601,0.24673824,0.7522294750390732
21602,0.8093604,0.10416666666666667
21603,0.81476796,0.045454545454545456
21604,0.39763147,0.18461538461538463
21605,0.29541224,0.9992689390477931
21606,0.2523518,0.20723865515340806
21607,0.79706985,0.033707865168539325
21608,0.369949,0.08950617283950617
21609,0.39624313,0.0
21610,0.1824093,0.0017825311942959
21611,0.8382567,0.09090909090909091
21612,0.1793844,0.05263157894736842
21613,0.36787015,0.005235602094240838
21614,0.89686286,0.029411764705882353
21615,0.16508001,0.0
21616,0.8294047,0.0
21617,0.8639031,0.2
21618,0.6737984,0.0
21619,0.17930274,0.002369668246445498
21620,0.63719296,0.0
21621,0.89946145,0.0
21622,0.5168017,0.18181818181818182
21623,0.20983012,0.0
21624,0.66209614,0.045454545454545456
21625,0.90825886,0.07246376811594203
21626,0.34426537,0.0
21627,0.6175008,0.0
21628,0.6378059,0.0
21629,0.6642724,0.0
21630,0.9166977,0.10526315789473684
21631,0.2266284,0.09316702819956615
21632,0.8562627,0.5
21633,0.5968384,0.0
21634,0.8410415,0.06976744186046512
21635,0.48554572,0.01
21636,0.40473115,0.06593406593406594
21637,0.3230644,0.26588114754098363
21638,0.29259583,0.0053404539385847796
21639,0.28354776,0.0
21640,0.7737984,0.0
21641,0.19212441,0.0
21642,0.6058274,0.06666666666666667
21643,0.8396029,0.2
21644,0.9236783,0.1412639405204461
21645,0.5329779,0.0
21646,0.60659605,0.0
21647,0.7684597,0.0
21648,0.81945807,0.0
21649,0.85645634,0.06666666666666667
21650,0.87480855,0.25111607142857145
21651,0.7696819,0.05813953488372093
21652,0.7227781,0.0
21653,0.24138924,0.0
21654,0.19816445,0.0
21655,0.5410289,0.08695652173913043
21656,0.47329342,0.0
21657,0.82614577,0.0
21658,0.5609884,0.0
21659,0.28270006,0.03676470588235294
21660,0.15748674,0.9330165402540437
21661,0.21743077,0.0
21662,0.255293,0.9377627490403948
21663,0.184898,0.40170191465398575
21664,0.4470687,0.17338709677419356
21665,0.24031633,0.0
21666,0.8773694,0.14285714285714285
21667,0.5314197,0.08333333333333333
21668,0.66820717,0.0
21669,0.88537997,0.09375
21670,0.6477573,0.0
21671,0.8788369,0.09785202863961814
21672,0.9389723,0.18685121107266436
21673,0.6697864,0.0
21674,0.73003936,0.13043478260869565
21675,0.2572634,0.008116883116883116
21676,0.304278,0.0035920662189598625
21677,0.4461435,0.0
21678,0.6556945,0.011282333516785911
21679,0.63474095,0.0
21680,0.22481099,0.0
21681,0.39835867,0.0
21682,0.32199448,0.1
21683,0.7796138,0.09523809523809523
21684,0.66647935,0.0
21685,0.8601317,0.0
21686,0.72614473,0.22033898305084745
21687,0.75074667,0.0
21688,0.13716362,0.0
21689,0.91875446,0.05603448275862069
21690,0.2118065,0.0
21691,0.80329895,0.0625
21692,0.48173186,0.0
21693,0.3063907,0.0
21694,0.5745144,0.0
21695,0.36651236,0.0
21696,0.17411193,0.6566025572149995
21697,0.9134392,0.06542056074766354
21698,0.8337598,0.0
21699,0.23473886,0.000821186614658181
21700,0.44221443,0.0
21701,0.45264274,0.0
21702,0.42262352,0.0
21703,0.8720643,0.2727272727272727
21704,0.42357656,0.0
21705,0.86948544,0.0
21706,0.3298132,0.03007518796992481
21707,0.44341063,0.0
21708,0.756595,0.5
21709,0.8855753,0.0
21710,0.26320994,0.06381741532199448
21711,0.66491276,0.007538910505836576
21712,0.87762046,0.07
21713,0.21886238,0.0
21714,0.81196994,0.0
21715,0.84510785,0.0234375
21716,0.8329582,0.4483888585472419
21717,0.87897336,0.0
21718,0.45505482,0.0
21719,0.4872993,0.0
21720,0.43712023,0.20833333333333334
21721,0.4848275,0.05
21722,0.77835554,0.0
21723,0.9336439,0.27897435897435896
21724,0.6163766,0.05
21725,0.75696605,0.0
21726,0.8944926,0.0
21727,0.69938195,0.0
21728,0.88364387,0.14285714285714285
21729,0.49821407,0.0
21730,0.8854296,0.0
21731,0.18099102,0.009345794392523364
21732,0.46859017,0.016499705362404242
21733,0.7522283,0.0
21734,0.67906153,0.16901408450704225
21735,0.8746865,0.23076923076923078
21736,0.2993426,0.015151515151515152
21737,0.3266132,0.029003783102143757
21738,0.45465937,0.0
21739,0.3235583,0.07253886010362694
21740,0.8692162,0.0
21741,0.46863192,0.09090909090909091
21742,0.72637635,0.0
21743,0.27964637,0.0
21744,0.27020317,0.0
21745,0.23716925,0.0
21746,0.27910838,0.0
21747,0.2741197,0.038461538461538464
21748,0.8868381,0.1111111111111111
21749,0.6324704,0.04081632653061224
21750,0.8402809,0.10144927536231885
21751,0.301037,0.0
21752,0.18841228,0.4607146154556366
21753,0.43953735,0.01811672814059449
21754,0.5501833,0.03669724770642202
21755,0.17664741,0.0
21756,0.90280694,0.14285714285714285
21757,0.25111425,0.0
21758,0.8516238,0.07692307692307693
21759,0.71738344,0.0
21760,0.56922144,0.0
21761,0.42373225,0.011267863686331989
21762,0.55516005,0.05702167766258247
21763,0.8374432,0.0
21764,0.35790446,0.0
21765,0.88352764,0.023809523809523808
21766,0.895791,0.17647058823529413
21767,0.7990258,0.0
21768,0.5694365,0.0
21769,0.67838365,0.0
21770,0.17188942,0.0
21771,0.7272873,0.02702702702702703
21772,0.4954979,0.09572072072072071
21773,0.9402721,0.22058823529411764
21774,0.848018,0.04032258064516129
21775,0.21727991,0.0
21776,0.8053997,0.0
21777,0.34407258,0.028583497606308083
21778,0.39941606,0.0234375
21779,0.53667027,0.0
21780,0.36467645,0.008583690987124463
21781,0.23220783,0.0
21782,0.60667145,0.11003236245954692
21783,0.61432844,0.0
21784,0.52804315,0.0
21785,0.63999426,0.02040816326530612
21786,0.43813118,0.02631578947368421
21787,0.3131141,0.09736842105263158
21788,0.3313159,0.07586206896551724
21789,0.42139223,0.0
21790,0.29130542,0.0
21791,0.35040343,0.9998172514619883
21792,0.44294485,0.0
21793,0.8952196,0.25
21794,0.681346,0.014792899408284023
21795,0.31562164,0.0
21796,0.28821126,0.002397260273972603
21797,0.46127418,0.0375
21798,0.21745244,0.6597985347985348
21799,0.5963168,0.04054054054054054
21800,0.39906484,0.0
21801,0.4921126,0.012016888600194868
21802,0.9270418,0.13402061855670103
21803,0.90253544,0.22477064220183487
21804,0.24857059,0.13029635072250795
21805,0.47952348,0.0
21806,0.9197083,0.09302325581395349
21807,0.74447376,0.12875536480686695
21808,0.18297105,0.02123995407577497
21809,0.74184835,0.0
21810,0.18538678,0.0
21811,0.4937133,0.0
21812,0.8358219,0.020202020202020204
21813,0.8099351,0.11764705882352941
21814,0.9075243,0.0
21815,0.71187437,0.0
21816,0.6529445,0.0
21817,0.80371904,0.0
21818,0.79489625,0.16666666666666666
21819,0.721585,0.0
21820,0.724947,0.03571428571428571
21821,0.49268848,0.0
21822,0.90862995,0.0
21823,0.89413744,0.0
21824,0.89796126,0.1111111111111111
21825,0.3772474,0.34097926775474197
21826,0.2867927,0.386637317104752
21827,0.92440504,0.0
21828,0.19884117,0.0
21829,0.58843714,0.0
21830,0.5211677,0.11538461538461539
21831,0.9106377,0.125
21832,0.44820836,0.0
21833,0.18891793,0.43849364069952307
21834,0.8783448,0.0
21835,0.5878335,0.0
21836,0.73612285,0.0
21837,0.85039794,0.3333333333333333
21838,0.23110196,0.03153611393692777
21839,0.3060979,0.0
21840,0.40412906,0.015479025462538926
21841,0.24362944,0.0
21842,0.8387573,0.21052631578947367
21843,0.7469244,0.0
21844,0.2164587,0.9446011097971436
21845,0.9105197,0.09375
21846,0.6722928,0.0
21847,0.5096402,0.21349557522123894
21848,0.71319896,0.0
21849,0.824355,0.0
21850,0.4513393,0.018518518518518517
21851,0.14678359,0.0
21852,0.5012928,0.01806134444800684
21853,0.14232293,0.0
21854,0.40227106,0.25
21855,0.3868731,0.30612244897959184
21856,0.28082296,0.0027472527472527475
21857,0.26510283,0.06666666666666667
21858,0.2905303,0.0
21859,0.3332791,0.0
21860,0.13891573,0.0
21861,0.53346914,0.00946969696969697
21862,0.7835014,0.09836065573770492
21863,0.78997874,0.21212121212121213
21864,0.81640404,0.13333333333333333
21865,0.36600232,0.011781579756172523
21866,0.5947927,0.03747072599531616
21867,0.9052812,0.0
21868,0.5611678,0.0650887573964497
21869,0.19762039,0.0
21870,0.1512016,0.4929778933680104
21871,0.33444571,0.0
21872,0.7886522,0.0
21873,0.708283,0.0
21874,0.45378128,0.0
21875,0.6294782,0.052884615384615384
21876,0.1669189,0.21909871244635193
21877,0.6501928,0.046511627906976744
21878,0.61551964,0.0
21879,0.62612915,0.0
21880,0.39295217,0.03260869565217391
21881,0.7464422,0.0
21882,0.8297381,0.0
21883,0.77451295,0.028985507246376812
21884,0.8789709,0.39285714285714285
21885,0.22752595,0.01282051282051282
21886,0.2663766,0.010270685352274909
21887,0.8640958,0.1583011583011583
21888,0.15178062,0.0
21889,0.48787385,0.0
21890,0.6890134,0.06451612903225806
21891,0.37337872,0.03614457831325301
21892,0.88508874,0.0
21893,0.21235168,0.0
21894,0.6961148,0.0
21895,0.14836505,0.9126685625172003
21896,0.5327045,0.0
21897,0.2563412,0.010869565217391304
21898,0.31336144,0.0
21899,0.24497327,0.0906608410704533
21900,0.45727742,0.023529411764705882
21901,0.9069253,0.0
21902,0.42736852,0.0
21903,0.593411,0.0
21904,0.67781454,0.0
21905,0.19247548,0.0
21906,0.8653148,0.3333333333333333
21907,0.7502274,0.0
21908,0.4684392,0.0
21909,0.34933499,0.0
21910,0.9475103,0.4151873767258383
21911,0.3936931,0.00042498937526561835
21912,0.51939833,0.003105590062111801
21913,0.32136127,0.09217520731448012
21914,0.8733132,0.0
21915,0.8207258,0.0
21916,0.7049895,0.0
21917,0.77844435,0.15789473684210525
21918,0.3657439,0.0
21919,0.35348907,0.0
21920,0.14356242,0.0
21921,0.81641555,0.5
21922,0.5301978,0.0
21923,0.17205828,0.0
21924,0.8889093,0.513677811550152
21925,0.66749024,0.196
21926,0.55053866,0.05263157894736842
21927,0.32668933,0.0
21928,0.49977398,0.04819277108433735
21929,0.6991119,0.06896551724137931
21930,0.1850305,0.02564102564102564
21931,0.8024927,0.0
21932,0.78341395,0.0
21933,0.70832825,0.0538442881397041
21934,0.91551286,0.24324324324324326
21935,0.66681826,0.0
21936,0.73860794,0.0
21937,0.83566976,0.0
21938,0.2575884,0.0
21939,0.19538963,0.6681030530851747
21940,0.8751809,0.0
21941,0.23016185,0.0
21942,0.37754765,0.0
21943,0.75121903,0.0
21944,0.2387172,0.0
21945,0.3692887,0.0
21946,0.7326013,0.0625
21947,0.27264318,0.0
21948,0.8660072,0.0
21949,0.3122514,0.01625688566438264
21950,0.58691496,0.0
21951,0.62893206,0.056179775280898875
21952,0.754443,0.0
21953,0.79964256,0.13636363636363635
21954,0.44031906,0.0
21955,0.26045755,0.0
21956,0.89332473,0.07692307692307693
21957,0.5512964,0.0
21958,0.6499419,0.0
21959,0.52364165,0.1
21960,0.9612414,0.27304347826086955
21961,0.9029882,0.0
21962,0.46781158,0.0
21963,0.2203994,0.0
21964,0.61989975,0.0
21965,0.2375129,0.0
21966,0.44233048,0.0
21967,0.7784678,0.5
21968,0.28539783,0.005008347245409015
21969,0.6629651,0.0
21970,0.83128643,0.0
21971,0.8944591,0.0
21972,0.1768608,0.002871341800110436
21973,0.7600136,0.0156177802421218
21974,0.78299206,0.0
21975,0.57466424,0.0
21976,0.8557032,0.08181818181818182
21977,0.78016657,0.1506849315068493
21978,0.336961,0.0
21979,0.7945076,0.25806451612903225
21980,0.636307,0.11320754716981132
21981,0.92011195,0.05660377358490566
21982,0.2510871,0.47333211143695014
21983,0.72301245,0.054441260744985676
21984,0.9029462,0.0
21985,0.31833425,0.1978445718805616
21986,0.44841543,0.0
21987,0.533349,0.0
21988,0.18123433,0.0
21989,0.52402085,0.530298719772404
21990,0.7559013,0.13043478260869565
21991,0.6679044,0.145662100456621
21992,0.26942086,0.8294644489124474
21993,0.12253755,0.0
21994,0.89376223,0.15
21995,0.61786425,0.0
21996,0.23225121,0.8870268138801262
21997,0.8543324,0.0
21998,0.39230445,0.0
21999,0.41907725,0.09765625
22000,0.47511396,0.0
22001,0.479637,0.0
22002,0.5861466,0.0
22003,0.6336098,0.0
22004,0.4827853,0.047058823529411764
22005,0.34835857,0.007889546351084813
22006,0.32432243,0.021897810218978103
22007,0.19133309,0.0
22008,0.55741096,0.01818181818181818
22009,0.39573336,0.00037057624606262737
22010,0.70866084,0.058823529411764705
22011,0.24867834,0.0
22012,0.8490284,0.03076923076923077
22013,0.6614312,0.0
22014,0.790524,0.218562874251497
22015,0.73924327,0.0
22016,0.5669515,0.0
22017,0.46522886,0.21335807050092764
22018,0.3769733,0.0
22019,0.3112484,0.0006443298969072165
22020,0.79789865,0.0
22021,0.22321379,0.0008143322475570033
22022,0.7237451,0.0
22023,0.862543,0.0
22024,0.6576403,0.0
22025,0.40894827,0.01849201981287837
22026,0.45472163,0.0012626262626262627
22027,0.65829754,0.0
22028,0.23627779,0.0066815144766146995
22029,0.57699054,0.0
22030,0.8990989,0.0
22031,0.67724425,0.003401360544217687
22032,0.74869317,0.015452134954740787
22033,0.93084294,0.007462686567164179
22034,0.89065963,0.0
22035,0.8730264,0.18974358974358974
22036,0.7816049,0.003701418877236274
22037,0.7322167,0.1388888888888889
22038,0.53351045,0.00015832805573147562
22039,0.78375745,0.10526315789473684
22040,0.47292075,0.0
22041,0.8970938,0.0
22042,0.3930365,0.015479876160990712
22043,0.20544265,0.0
22044,0.54248357,0.005859375
22045,0.7639051,0.08333333333333333
22046,0.6948055,0.0
22047,0.4659503,0.10039761431411531
22048,0.8761515,0.0
22049,0.53065073,0.07015706806282722
22050,0.6528298,0.18181818181818182
22051,0.23154785,0.009724151617384401
22052,0.438565,0.0
22053,0.12126702,0.0
22054,0.24256216,0.04065040650406504
22055,0.7223674,0.0007367839381101492
22056,0.8867757,0.5
22057,0.8047264,0.0263681592039801
22058,0.7765324,0.1773049645390071
22059,0.6260861,0.0
22060,0.7166015,0.0
22061,0.89550054,0.6914893617021277
22062,0.8315407,0.0
22063,0.60008043,0.0
22064,0.9138057,0.1511060040218328
22065,0.82318145,0.0
22066,0.17159976,0.0
22067,0.5022696,0.6201988251242657
22068,0.41825873,0.0
22069,0.58965963,0.0
22070,0.8627016,0.05263157894736842
22071,0.9145085,0.0
22072,0.48470905,0.0
22073,0.21240753,0.0
22074,0.3635818,0.0
22075,0.85036206,0.0
22076,0.555794,0.0
22077,0.23447509,0.35764294049008166
22078,0.81363446,0.06756756756756757
22079,0.92505336,0.22580645161290322
22080,0.8995463,0.1111111111111111
22081,0.28148738,0.0
22082,0.4855778,0.05555555555555555
22083,0.6069193,0.015552099533437015
22084,0.8337921,0.0
22085,0.8070125,0.17733990147783252
22086,0.40306404,0.0
22087,0.892966,0.09090909090909091
22088,0.406997,0.0
22089,0.47676766,0.0
22090,0.21210553,0.0
22091,0.6311672,0.0
22092,0.8804336,0.25277777777777777
22093,0.27783024,0.002609262883235486
22094,0.38856623,0.0
22095,0.80081975,0.14655172413793102
22096,0.9251684,0.05714285714285714
22097,0.59733117,0.0
22098,0.8456424,0.07434944237918216
22099,0.9197812,0.11052631578947368
22100,0.7334034,0.0
22101,0.8093917,0.037037037037037035
22102,0.81683135,0.0
22103,0.447246,0.0
22104,0.9048002,0.0
22105,0.20296887,0.0
22106,0.31977987,0.11627906976744186
22107,0.52416164,0.0
22108,0.22007206,0.0
22109,0.5347006,0.047619047619047616
22110,0.68405044,0.0
22111,0.67129874,0.003207184092366902
22112,0.8233871,0.07407407407407407
22113,0.7871359,0.016129032258064516
22114,0.2310933,0.986202485380117
22115,0.23091656,0.0
22116,0.70149666,0.053003533568904596
22117,0.425105,0.00014011489421325487
22118,0.5794049,0.0
22119,0.35934088,0.9910453216374269
22120,0.6792848,0.0
22121,0.94018394,0.3191489361702128
22122,0.9080575,0.0
22123,0.43397075,0.1674641148325359
22124,0.6201515,0.0
22125,0.9276085,0.31667116995406647
22126,0.8096733,0.17117117117117117
22127,0.18020016,0.28591008771929827
22128,0.48631525,0.0
22129,0.18143073,0.0
22130,0.6226633,0.0
22131,0.56817436,0.16853932584269662
22132,0.8821174,0.05
22133,0.37397474,0.0
22134,0.32633606,0.0
22135,0.34690598,0.1619047619047619
22136,0.6741984,0.0
22137,0.33965442,0.0
22138,0.8445421,0.15384615384615385
22139,0.64131624,0.011240062140180938
22140,0.8228734,0.05555555555555555
22141,0.44338503,0.10589410589410589
22142,0.3916316,0.0
22143,0.3242045,0.00846740050804403
22144,0.8804272,0.0
22145,0.85950977,0.5
22146,0.50597316,0.014736842105263158
22147,0.27154213,0.0
22148,0.5152752,0.004830917874396135
22149,0.67365867,0.0
22150,0.6824523,0.05
22151,0.64090604,0.059322033898305086
22152,0.72262686,0.09090909090909091
22153,0.26279613,0.0
22154,0.5798001,0.0
22155,0.5977421,0.0
22156,0.54239714,0.011031797534068787
22157,0.78229886,0.13333333333333333
22158,0.32468137,0.0
22159,0.79959303,0.0
22160,0.38743934,0.0
22161,0.8685984,0.14285714285714285
22162,0.20917115,0.0
22163,0.48162252,0.03372478169226137
22164,0.74360853,0.0
22165,0.49900818,0.0
22166,0.16448103,0.0
22167,0.8641069,0.17551963048498845
22168,0.573707,0.0
22169,0.30571935,0.011498695526137791
22170,0.7153938,0.03508771929824561
22171,0.8827684,0.0
22172,0.33814412,0.0
22173,0.45950833,0.0
22174,0.6363525,0.13333333333333333
22175,0.4556697,0.03482587064676617
22176,0.91536987,0.24603174603174602
22177,0.15792604,0.05462895818225767
22178,0.8784097,0.21212121212121213
22179,0.26921263,0.0
22180,0.478048,0.0
22181,0.93135446,0.2954838709677419
22182,0.5257807,0.015442251461988304
22183,0.5568897,0.0
22184,0.65154624,0.08421052631578947
22185,0.5752371,0.0
22186,0.7000777,0.0
22187,0.28882885,0.04336734693877551
22188,0.89506394,0.08333333333333333
22189,0.31593227,0.0
22190,0.5067312,0.0
22191,0.32066932,0.0
22192,0.6560732,0.0
22193,0.49632466,0.016096771121059148
22194,0.8290764,0.0
22195,0.23538443,0.0
22196,0.86427736,0.11764705882352941
22197,0.39731485,0.0
22198,0.88004225,0.0
22199,0.8450331,0.0
22200,0.82350147,0.08333333333333333
22201,0.53934115,0.0
22202,0.14248009,0.08168927250308261
22203,0.21705538,0.0
22204,0.87364703,0.0
22205,0.2720468,0.0
22206,0.8417909,0.0
22207,0.287075,0.0
22208,0.20666371,0.0018148820326678765
22209,0.30368343,0.0
22210,0.34857678,0.021920668058455117
22211,0.45838106,0.10416666666666667
22212,0.699154,0.0
22213,0.88263166,0.0
22214,0.5528936,0.0
22215,0.41303667,0.4911377930245855
22216,0.87027353,0.0
22217,0.26940468,0.0
22218,0.25650355,0.0
22219,0.8516081,0.16666666666666666
22220,0.31407672,0.9998172514619883
22221,0.894451,0.0
22222,0.84558874,0.14545454545454545
22223,0.8727778,0.16666666666666666
22224,0.2321475,0.01253517523663341
22225,0.8599466,0.0
22226,0.9063082,0.0
22227,0.8440047,0.0011025358324145535
22228,0.27008268,0.0
22229,0.34994343,0.0625
22230,0.779011,0.02564102564102564
22231,0.57535565,0.0
22232,0.23148572,0.0
22233,0.5456138,0.0317489114658926
22234,0.90645975,0.0
22235,0.66544527,0.0
22236,0.17536838,0.0
22237,0.88470775,0.0
22238,0.6350087,0.038461538461538464
22239,0.20312843,0.0
22240,0.30527672,0.01957319559603099
22241,0.5185237,0.10344827586206896
22242,0.8419465,0.0
22243,0.7263339,0.0
22244,0.22392789,0.22695035460992907
22245,0.8756489,0.0
22246,0.6328179,0.017388620228418562
22247,0.6201119,0.0
22248,0.32784203,0.00016210082671421625
22249,0.63551486,0.33666092943201376
22250,0.46896484,0.0002380952380952381
22251,0.28490168,0.6818400384677031
22252,0.66908956,0.007518796992481203
22253,0.52576756,0.0
22254,0.54678,0.0
22255,0.6909012,0.0003916576911779105
22256,0.4840153,0.17365269461077845
22257,0.8318945,0.0684931506849315
22258,0.85239553,0.5
22259,0.73230535,0.2
22260,0.7665467,0.0
22261,0.6447746,0.015553101417264863
22262,0.8645947,0.0
22263,0.83286315,0.0
22264,0.55137384,0.0
22265,0.3949934,0.78
22266,0.6096252,0.0
22267,0.5794654,0.000791765637371338
22268,0.576833,0.1100244498777506
22269,0.22836031,0.0
22270,0.86234874,0.0
22271,0.9032111,0.0
22272,0.69783205,0.0
22273,0.76793087,0.1
22274,0.8567156,0.2
22275,0.8632869,0.25471698113207547
22276,0.5762865,0.0
22277,0.41132185,0.0
22278,0.87965244,0.01498800959232614
22279,0.6483888,0.045454545454545456
22280,0.773065,0.007246376811594203
22281,0.8714748,0.0
22282,0.40457532,0.0
22283,0.44315723,0.0625
22284,0.6819507,0.0
22285,0.30305988,0.03880597014925373
22286,0.32866907,0.0
22287,0.2851448,0.0
22288,0.7825073,0.0
22289,0.87773424,0.08163265306122448
22290,0.3580698,0.0
22291,0.5049293,0.0
22292,0.85445553,0.0
22293,0.6836255,0.0
22294,0.30972388,0.0
22295,0.79795945,0.0
22296,0.8837508,0.08333333333333333
22297,0.8320071,0.0
22298,0.85896546,0.0
22299,0.62904847,0.5
22300,0.7608238,0.1111111111111111
22301,0.569776,0.0
22302,0.8392497,0.1
22303,0.94091666,0.11945392491467577
22304,0.5647281,0.0
22305,0.25488812,0.0
22306,0.38641274,0.0917661847894406
22307,0.4635347,0.003787878787878788
22308,0.68993247,0.05970149253731343
22309,0.45021808,0.0
22310,0.75746614,0.0
22311,0.23206115,0.0
22312,0.88762236,0.0
22313,0.3175428,0.4095579682047305
22314,0.3917344,0.0
22315,0.25564483,0.0
22316,0.89200115,0.15584415584415584
22317,0.50093335,0.022556390977443608
22318,0.82134664,0.07142857142857142
22319,0.27460417,0.004201680672268907
22320,0.33997008,0.017353227375932534
22321,0.7876267,0.0
22322,0.57153213,0.01133808095952024
22323,0.73443675,0.02564102564102564
22324,0.6078273,0.021912350597609563
22325,0.8866604,0.3111954459203036
22326,0.2738064,0.016129032258064516
22327,0.34337077,0.0425531914893617
22328,0.8805413,0.0
22329,0.86930317,0.0625
22330,0.6620602,0.018518518518518517
22331,0.22864738,0.008938547486033519
22332,0.371857,0.017534394388993794
22333,0.6717655,0.0
22334,0.24902612,0.3694558221181978
22335,0.24603613,0.0023569023569023568
22336,0.5444802,0.0
22337,0.85509247,0.2535014005602241
22338,0.24226883,0.0
22339,0.6214425,0.08333333333333333
22340,0.4983041,0.002135551309430145
22341,0.3965271,0.0
22342,0.6478508,0.0
22343,0.23950614,0.0225
22344,0.2521793,0.07919847328244274
22345,0.7115845,0.08695652173913043
22346,0.49945492,0.002136752136752137
22347,0.2634052,0.024256651017214397
22348,0.83903885,0.08695652173913043
22349,0.84011525,0.07042253521126761
22350,0.79342276,0.0
22351,0.74930143,0.05
22352,0.42071888,0.011764705882352941
22353,0.69348973,0.0821917808219178
22354,0.22121313,0.0
22355,0.31164983,0.0007032348804500703
22356,0.20874459,0.889928193499622
22357,0.52650815,0.0
22358,0.74487275,0.14285714285714285
22359,0.519068,0.0
22360,0.79238254,0.023255813953488372
22361,0.8447606,0.0
22362,0.36009791,0.0
22363,0.84630907,0.3
22364,0.90227157,0.056074766355140186
22365,0.29203779,0.0
22366,0.29281285,0.0
22367,0.20327014,0.0
22368,0.25506094,0.056818181818181816
22369,0.41416365,0.0002021835826930853
22370,0.9087804,0.13333333333333333
22371,0.36896256,0.0
22372,0.15362395,0.0009624639076034649
22373,0.652925,0.0
22374,0.7674618,0.0
22375,0.7643436,0.0
22376,0.3378888,0.0
22377,0.39970353,0.9654573700082244
22378,0.3968672,0.0
22379,0.74697465,0.0
22380,0.23089795,0.0049833887043189366
22381,0.39251897,0.08695652173913043
22382,0.8361201,0.05454545454545454
22383,0.8401984,0.5
22384,0.1726804,0.0
22385,0.5474831,0.0
22386,0.30796131,0.034482758620689655
22387,0.6840477,0.0
22388,0.8430547,0.14130434782608695
22389,0.516232,0.0
22390,0.5648916,0.0
22391,0.49069312,0.0
22392,0.9227122,0.15
22393,0.7784278,0.0
22394,0.85842675,0.0
22395,0.353203,0.16982952717915728
22396,0.5617033,0.09375
22397,0.84358716,0.1875
22398,0.6317331,0.18181818181818182
22399,0.774419,0.044444444444444446
22400,0.8743703,0.0
22401,0.25917834,0.49768607790204394
22402,0.28765485,0.23932539151385357
22403,0.9020782,0.0
22404,0.8890882,0.0625
22405,0.6539598,0.1674491392801252
22406,0.541579,0.008547008547008548
22407,0.8691796,0.1893491124260355
22408,0.2075783,0.00025826446280991736
22409,0.8229166,0.0
22410,0.38290706,0.10526315789473684
22411,0.4978225,0.0
22412,0.44414982,0.0
22413,0.8511239,0.0
22414,0.8609936,0.06666666666666667
22415,0.38689592,0.04485219164118247
22416,0.6349351,0.10412186379928315
22417,0.45982656,0.12706660368445913
22418,0.22169408,0.019119279634883433
22419,0.8723058,0.18604651162790697
22420,0.6702115,0.0
22421,0.37761155,0.0
22422,0.96127766,0.36
22423,0.44783655,0.008077544426494346
22424,0.68552065,0.203125
22425,0.56080204,0.0
22426,0.3346483,0.0
22427,0.5990715,0.0
22428,0.83231676,0.06666666666666667
22429,0.63115305,0.0
22430,0.45095396,0.0
22431,0.781316,0.26666666666666666
22432,0.60773253,0.0
22433,0.87971294,0.16049382716049382
22434,0.8666174,0.0
22435,0.8638972,0.04878048780487805
22436,0.6577835,0.06772908366533864
22437,0.8842606,0.0
22438,0.44802475,0.005847953216374269
22439,0.80467105,0.0
22440,0.60535634,0.15151515151515152
22441,0.17813028,0.0
22442,0.89666814,0.25
22443,0.95779335,0.15384615384615385
22444,0.5136775,0.0
22445,0.7644629,0.20634920634920634
22446,0.5079048,0.0517503805175038
22447,0.73118365,0.0
22448,0.21309958,0.0
22449,0.53837293,0.0
22450,0.33933264,0.0
22451,0.29127038,0.0
22452,0.89936924,0.3333333333333333
22453,0.7146235,0.047058823529411764
22454,0.1700348,0.02666666666666667
22455,0.87776333,0.03225806451612903
22456,0.70679456,0.05194805194805195
22457,0.6344955,0.125
22458,0.61116517,0.01114766081871345
22459,0.16929667,0.0017889087656529517
22460,0.6746143,0.1724137931034483
22461,0.8090351,0.042328042328042326
22462,0.43531626,0.008097165991902834
22463,0.45113322,0.19454663492750487
22464,0.19395441,0.0
22465,0.2136588,0.17060518731988472
22466,0.59054327,0.06141963957337256
22467,0.6034406,0.0
22468,0.19644552,0.0
22469,0.6957076,0.07317073170731707
22470,0.19699772,0.0875
22471,0.8810271,0.075
22472,0.15560377,0.20248770610355799
22473,0.75701725,0.010869565217391304
22474,0.2348692,0.0
22475,0.81344074,0.125
22476,0.30280986,0.0
22477,0.9130351,0.16339869281045752
22478,0.4236619,0.0
22479,0.73297644,0.0
22480,0.2766186,0.04377104377104377
22481,0.23481941,0.0
22482,0.71340156,0.051470588235294115
22483,0.8586136,0.0
22484,0.5202868,0.0
22485,0.7918852,0.0
22486,0.87870604,0.0
22487,0.60579675,0.06382978723404255
22488,0.35529348,0.017985611510791366
22489,0.91713464,0.0
22490,0.38856322,0.0
22491,0.7212704,0.00028993911278631486
22492,0.64471614,0.05
22493,0.19224267,0.0
22494,0.8567806,0.0
22495,0.92027295,0.3216878402903811
22496,0.56613165,0.0
22497,0.85725516,0.0
22498,0.17164138,0.0
22499,0.8068581,0.02830188679245283
22500,0.88975745,0.034482758620689655
22501,0.7931672,0.0
22502,0.7649266,0.22413793103448276
22503,0.8959987,0.0
22504,0.27526808,0.13907722837770795
22505,0.34209707,0.0
22506,0.9469753,0.40069686411149824
22507,0.5823087,0.0
22508,0.8015096,0.0
22509,0.73552823,0.0
22510,0.6654559,0.125
22511,0.35330388,0.02027027027027027
22512,0.6625015,0.0
22513,0.8316866,0.0
22514,0.20675337,0.03852080123266564
22515,0.3817813,0.0
22516,0.7540285,0.010810810810810811
22517,0.61161596,0.04838709677419355
22518,0.80333763,0.0
22519,0.68210065,0.0
22520,0.5770751,0.0
22521,0.8965964,0.030927835051546393
22522,0.1718901,0.24691895026823257
22523,0.7437119,0.0
22524,0.8067222,0.25
22525,0.9357978,0.28988149498632637
22526,0.9437463,0.23693379790940766
22527,0.8284498,0.0684931506849315
22528,0.82817864,0.0
22529,0.31617376,0.00023057412958266084
22530,0.37234792,0.0
22531,0.7062095,0.00027063599458728013
22532,0.55592453,0.0
22533,0.81848603,0.0
22534,0.90912396,0.0
22535,0.6637384,0.0
22536,0.14581028,0.13010025647003964
22537,0.21553943,0.03610275399213145
22538,0.32954985,0.0
22539,0.2536073,0.030303030303030304
22540,0.15422727,0.0
22541,0.8000261,0.0
22542,0.924375,0.18115942028985507
22543,0.32429028,0.0
22544,0.75409013,0.034482758620689655
22545,0.29432774,0.004739336492890996
22546,0.9509966,0.4102867277564292
22547,0.75857985,0.09302325581395349
22548,0.48476768,0.0
22549,0.88907886,0.0
22550,0.56480795,0.07896399241945673
22551,0.34426463,0.0189873417721519
22552,0.90002054,0.02666666666666667
22553,0.807185,0.03353204172876304
22554,0.38024637,0.0
22555,0.42405885,0.0
22556,0.16072577,0.0
22557,0.8373625,0.1308139534883721
22558,0.87773037,0.09302325581395349
22559,0.94775254,0.125
22560,0.3360669,0.10473313192346426
22561,0.15925606,0.0
22562,0.4025744,0.0
22563,0.384977,0.028187919463087248
22564,0.7283536,0.0673076923076923
22565,0.71360445,0.06060606060606061
22566,0.7185337,0.1545827633378933
22567,0.23540795,0.0
22568,0.8860691,0.11926605504587157
22569,0.29163712,0.0
22570,0.65004617,0.0163727959697733
22571,0.2996301,0.0407725321888412
22572,0.4501163,0.0
22573,0.29537317,0.045454545454545456
22574,0.8333238,0.0
22575,0.71802247,0.0
22576,0.27340427,0.006289308176100629
22577,0.34040847,0.0
22578,0.73944545,0.7736777367773677
22579,0.37083897,0.01566265060240964
22580,0.7712706,0.0
22581,0.6453642,0.045454545454545456
22582,0.8503907,0.14285714285714285
22583,0.35331035,0.008045977011494253
22584,0.249533,0.012161751292186074
22585,0.9439218,0.20990266610241218
22586,0.85579324,0.0
22587,0.46061996,0.001976284584980237
22588,0.6717389,0.08108108108108109
22589,0.8899934,0.16666666666666666
22590,0.83766425,0.0
22591,0.8875061,0.0
22592,0.8815995,0.0
22593,0.90645605,0.10204081632653061
22594,0.25009647,0.18713789107763615
22595,0.8300671,0.0
22596,0.6191735,0.0
22597,0.32634494,0.0
22598,0.24553955,0.8350543726583204
22599,0.5507074,0.0
22600,0.32294214,0.0
22601,0.93334097,0.01904761904761905
22602,0.23216094,0.9214066994525378
22603,0.86382407,0.0
22604,0.39166614,0.0
22605,0.39838257,0.019230769230769232
22606,0.13598664,0.030496363404363916
22607,0.92370266,0.0
22608,0.22655891,0.0
22609,0.66707766,0.0
22610,0.6732454,0.0
22611,0.89163935,0.0
22612,0.8521861,0.0
22613,0.27898252,0.9420210333790581
22614,0.3958821,0.3818398096748612
22615,0.85201734,0.0
22616,0.89930123,0.14583333333333334
22617,0.7713658,0.0
22618,0.88670087,0.0
22619,0.8811429,0.125
22620,0.90245104,0.10416666666666667
22621,0.7195825,0.0
22622,0.8337762,0.13780918727915195
22623,0.92323947,0.14563106796116504
22624,0.29751906,0.008064516129032258
22625,0.8649199,0.0
22626,0.8031251,0.0
22627,0.40382865,0.0
22628,0.8182878,0.0425531914893617
22629,0.20827179,0.0
22630,0.3352313,0.0
22631,0.5099414,0.015612009237875289
22632,0.37590915,0.5929956108266277
22633,0.40680784,0.0007276961141027507
22634,0.21998842,0.0
22635,0.23520939,0.0
22636,0.8672327,0.027777777777777776
22637,0.7803747,0.03571428571428571
22638,0.786559,0.2075098814229249
22639,0.37757665,0.0
22640,0.5782357,0.026717557251908396
22641,0.30578557,0.0
22642,0.6281878,0.03278688524590164
22643,0.5125607,0.0
22644,0.84529793,0.0
22645,0.82730526,0.0
22646,0.8189962,0.0
22647,0.9045768,0.1909722222222222
22648,0.89536643,0.05405405405405406
22649,0.90127516,0.18581907090464547
22650,0.35671484,0.037037037037037035
22651,0.56703395,0.21875
22652,0.8490863,0.3076923076923077
22653,0.43144047,0.0
22654,0.8964336,0.0
22655,0.890814,0.011904761904761904
22656,0.32833788,0.0
22657,0.23370333,0.0
22658,0.7725777,0.0
22659,0.72446066,0.0
22660,0.867655,0.0
22661,0.29003954,0.0
22662,0.7304342,0.0
22663,0.56717044,0.0
22664,0.714415,0.04477611940298507
22665,0.7192228,0.0
22666,0.2015239,0.019704433497536946
22667,0.8674082,0.1407035175879397
22668,0.36774203,0.0
22669,0.81441396,0.0
22670,0.74562186,0.07678075855689177
22671,0.31347167,0.04573804573804574
22672,0.23123841,0.0
22673,0.17952822,0.003748438150770512
22674,0.4280566,0.0
22675,0.22756746,0.0
22676,0.9359796,0.0
22677,0.84976745,0.0
22678,0.2739894,0.0
22679,0.29050395,0.002352941176470588
22680,0.64533186,0.0
22681,0.7141615,0.0
22682,0.22725461,0.1777142857142857
22683,0.56090516,0.04017857142857143
22684,0.90701663,0.0
22685,0.3591518,0.0
22686,0.29453138,0.01076158940397351
22687,0.8754514,0.0
22688,0.8475417,0.17708333333333334
22689,0.7759664,0.0
22690,0.66204554,0.0
22691,0.27297372,0.009541984732824428
22692,0.68455714,0.08333333333333333
22693,0.33797416,0.0
22694,0.7467012,0.14705882352941177
22695,0.91442597,0.0410958904109589
22696,0.7656223,0.0
22697,0.3167483,0.0034965034965034965
22698,0.7822097,0.0
22699,0.16839765,0.8947224000731729
22700,0.8852809,0.0
22701,0.12829985,0.0
22702,0.6072201,0.010101010101010102
22703,0.29038423,0.0
22704,0.848567,0.0
22705,0.21017951,0.0
22706,0.67012376,0.21823617339312407
22707,0.69900614,0.0
22708,0.3695932,0.0
22709,0.8660558,0.0
22710,0.861696,0.25
22711,0.8858367,0.047619047619047616
22712,0.824014,0.0
22713,0.91295254,0.08571428571428572
22714,0.9352894,0.12
22715,0.40643662,0.0006196746707978311
22716,0.25700435,0.1287029048029911
22717,0.9216358,0.1111111111111111
22718,0.32872802,0.0
22719,0.32545295,0.3413606812562952
22720,0.77138203,0.0
22721,0.4928355,0.0
22722,0.18878129,0.5628955696202531
22723,0.9139988,0.14285714285714285
22724,0.87388563,0.15
22725,0.75951344,0.019230769230769232
22726,0.5556581,0.0
22727,0.8421095,0.0
22728,0.19573508,0.0
22729,0.3172641,0.01910828025477707
22730,0.8642477,0.0
22731,0.39498565,0.0
22732,0.29671672,0.0034207525655644243
22733,0.75283813,0.11399317406143344
22734,0.86143446,0.022727272727272728
22735,0.152443,0.0
22736,0.94123554,0.4344569288389513
22737,0.73313046,0.2727272727272727
22738,0.88976896,0.0
22739,0.69087666,0.10526315789473684
22740,0.6037119,0.025974025974025976
22741,0.86190605,0.2727272727272727
22742,0.32288313,0.2570165321030373
22743,0.7692314,0.0
22744,0.90178704,0.09701492537313433
22745,0.8378189,0.0
22746,0.32473654,0.03067484662576687
22747,0.25523707,0.7425997425997426
22748,0.8650265,0.0380952380952381
22749,0.25041944,0.014285714285714285
22750,0.8947079,0.0
22751,0.8610221,0.045454545454545456
22752,0.2341966,0.027624309392265192
22753,0.6406807,0.0
22754,0.49215397,0.01507537688442211
22755,0.45459515,0.0
22756,0.8651673,0.038461538461538464
22757,0.50245786,0.004149377593360996
22758,0.70942295,0.0
22759,0.8090528,0.0
22760,0.9055008,0.20011337868480725
22761,0.29369518,0.0
22762,0.64658594,1.0
22763,0.9224537,0.0
22764,0.7461769,0.0
22765,0.90134746,0.0
22766,0.8166483,0.25
22767,0.7832824,0.0
22768,0.33605632,0.05687544996400288
22769,0.20064722,0.007575757575757576
22770,0.7169666,0.4117647058823529
22771,0.33563232,0.0
22772,0.7757629,0.0
22773,0.71570545,0.0
22774,0.7392987,0.0
22775,0.31942052,0.0
22776,0.9020223,0.14285714285714285
22777,0.22152224,0.0
22778,0.44010356,0.052472803729774205
22779,0.36160782,0.014285714285714285
22780,0.6836995,0.0
22781,0.71760863,0.04680851063829787
22782,0.7405984,0.2195796460176991
22783,0.6544511,0.03305785123966942
22784,0.882133,0.0
22785,0.21212323,0.0003563791874554526
22786,0.47953424,0.02564102564102564
22787,0.9209325,0.23875432525951557
22788,0.6155069,0.1188118811881188
22789,0.92199165,0.0
22790,0.5527706,0.0
22791,0.41322157,0.0
22792,0.22802114,0.0
22793,0.9445606,0.3091247672253259
22794,0.3069664,0.025
22795,0.45218068,0.0
22796,0.22035846,0.053178484107579464
22797,0.28889683,0.019230769230769232
22798,0.92666036,0.23014256619144602
22799,0.5286892,0.0
22800,0.51935196,0.02266934942991281
22801,0.8873121,0.0
22802,0.19825299,0.0
22803,0.4653086,0.08461538461538462
22804,0.90707225,0.08695652173913043
22805,0.17213394,0.9272577545978589
22806,0.9569069,0.40625
22807,0.8650312,0.03225806451612903
22808,0.84030277,0.0
22809,0.2502183,0.0
22810,0.83501714,0.0
22811,0.9022625,0.0
22812,0.9207729,0.0
22813,0.647301,0.07203389830508475
22814,0.71368504,0.0
22815,0.8599951,0.13432835820895522
22816,0.15902618,0.5450344242195605
22817,0.43119872,0.2250280583613917
22818,0.9043677,0.0
22819,0.7555209,0.0
22820,0.8511208,0.17857142857142858
22821,0.8778341,0.0
22822,0.38019207,0.0
22823,0.9523202,0.10050251256281408
22824,0.18878138,0.0
22825,0.8076703,0.0
22826,0.69528544,0.0
22827,0.8959741,0.25
22828,0.9109454,0.0
22829,0.95456,0.3242074927953891
22830,0.5354747,0.010869565217391304
22831,0.26995885,0.0
22832,0.7934517,0.0
22833,0.8971018,0.1
22834,0.62574154,0.0
22835,0.3501096,0.007458405048766495
22836,0.54260254,0.14285714285714285
22837,0.58015925,0.0
22838,0.26231804,0.0076201641266119575
22839,0.76340777,0.0
22840,0.77253455,0.0
22841,0.2777042,0.0456989247311828
22842,0.9540194,0.31882970742685673
22843,0.3106971,0.5232299590403745
22844,0.32825166,0.005952380952380952
22845,0.24759352,0.0
22846,0.77935475,0.0
22847,0.2522221,0.0
22848,0.55663204,0.0
22849,0.837847,0.3157894736842105
22850,0.85544336,0.16666666666666666
22851,0.2069803,0.5572959604286892
22852,0.7196117,0.0
22853,0.38138577,0.02127659574468085
22854,0.7830739,0.0
22855,0.5655225,0.0006802721088435374
22856,0.2844948,0.006060606060606061
22857,0.37136248,0.0
22858,0.8230881,0.0
22859,0.89777654,0.023809523809523808
22860,0.8058964,0.017191977077363897
22861,0.3734684,0.0
22862,0.7391104,0.0
22863,0.36961415,0.024509803921568627
22864,0.42134482,0.011096845194424065
22865,0.82051116,0.10810810810810811
22866,0.51460737,0.0
22867,0.2948887,0.5013951698258443
22868,0.6329861,0.0
22869,0.8888471,0.1214574898785425
22870,0.85130525,0.0
22871,0.22195931,0.0
22872,0.9535678,0.3163516844700082
22873,0.9256231,0.6666666666666666
22874,0.6422074,0.0
22875,0.42197266,0.23076923076923078
22876,0.9347524,0.2635294117647059
22877,0.9321857,0.2765957446808511
22878,0.72480637,0.04
22879,0.8688855,0.0
22880,0.85004884,0.10526315789473684
22881,0.81866187,0.0
22882,0.89011484,0.0
22883,0.12903433,0.0
22884,0.5974738,0.0
22885,0.46945208,0.0
22886,0.8681284,0.0
22887,0.88754153,0.2222222222222222
22888,0.72311527,0.001379310344827586
22889,0.16197573,0.0
22890,0.52863055,0.0
22891,0.68056107,0.0
22892,0.7688327,0.0
22893,0.91677314,0.041666666666666664
22894,0.795771,0.06060606060606061
22895,0.15759854,0.0
22896,0.23364095,0.0
22897,0.9103178,0.18
22898,0.2994779,0.004434589800443459
22899,0.5649794,0.0
22900,0.27654168,0.0
22901,0.51777476,0.012987012987012988
22902,0.67463714,0.03896103896103896
22903,0.3425847,0.0
22904,0.22043858,0.0
22905,0.72001606,0.03125
22906,0.8455243,0.0
22907,0.4492911,0.0
22908,0.46197107,0.0014781966001478197
22909,0.6995965,0.057971014492753624
22910,0.6051404,0.0
22911,0.49531206,0.0
22912,0.18557009,0.09090909090909091
22913,0.57018465,0.03070175438596491
22914,0.47908452,0.0846613545816733
22915,0.7834732,0.20334261838440112
22916,0.8907689,0.0
22917,0.77855384,0.0
22918,0.8894673,0.0
22919,0.9431793,0.2159090909090909
22920,0.7996838,0.11627906976744186
22921,0.81039953,0.14285714285714285
22922,0.8562634,0.21428571428571427
22923,0.7848376,0.3324791800128123
22924,0.84248877,0.0
22925,0.7775806,0.11764705882352941
22926,0.90041864,0.27149321266968324
22927,0.8228138,0.0
22928,0.27056903,0.0
22929,0.22213344,0.0
22930,0.5129255,0.10508155583437892
22931,0.67679936,0.04
22932,0.94822544,0.22413793103448276
22933,0.90840447,0.26666666666666666
22934,0.7789411,0.0
22935,0.6745166,0.041666666666666664
22936,0.45085406,0.9989948830409356
22937,0.89004886,0.0
22938,0.87444097,0.0
22939,0.3734129,0.0
22940,0.86288595,0.0
22941,0.90501386,0.0
22942,0.24530683,0.0
22943,0.5568742,0.0
22944,0.81626844,0.10256410256410256
22945,0.8064761,0.0
22946,0.8378454,0.0
22947,0.68703675,0.0
22948,0.88133824,0.021872265966754154
22949,0.7613928,0.0
22950,0.3590418,0.0
22951,0.39337763,0.0
22952,0.5317375,0.037037037037037035
22953,0.87583774,0.0
22954,0.9341017,0.0
22955,0.8179969,0.2972027972027972
22956,0.82844085,0.16666666666666666
22957,0.7814699,0.0
22958,0.8411463,0.16216216216216217
22959,0.88764626,0.0
22960,0.82524306,0.09302325581395349
22961,0.6314731,0.012058823529411764
22962,0.34335297,0.0
22963,0.7974506,0.2597402597402597
22964,0.1501506,0.6511071214841412
22965,0.41089442,0.0
22966,0.6724419,0.06666666666666667
22967,0.60314083,0.0
22968,0.2936804,0.03125
22969,0.372534,0.042052935644229475
22970,0.6449752,0.2
22971,0.89179313,0.0
22972,0.28450322,0.9763167520117044
22973,0.6150362,0.0
22974,0.7044939,0.1111111111111111
22975,0.4668901,0.03333333333333333
22976,0.35184017,0.25350749879051765
22977,0.22592966,0.0
22978,0.522352,0.0
22979,0.6482146,0.0
22980,0.16086549,0.0
22981,0.90828097,0.0
22982,0.28909487,0.0
22983,0.74979675,0.0
22984,0.29814172,0.9112798666419707
22985,0.6684178,0.0
22986,0.851065,0.125
22987,0.8837123,0.5454545454545454
22988,0.3025343,0.32888432580424365
22989,0.2540871,0.0
22990,0.20515008,0.0
22991,0.7321682,0.0
22992,0.517847,0.0
22993,0.43801138,0.0
22994,0.11309145,0.035428875865743205
22995,0.6186133,0.0
22996,0.21571007,0.010282776349614395
22997,0.32888588,0.0018656716417910447
22998,0.55399054,0.7829687831811425
22999,0.8945931,0.08108108108108109
23000,0.23097569,0.6582027168234065
23001,0.6359885,0.01734222678296562
23002,0.8917569,0.0
23003,0.8966893,0.18181818181818182
23004,0.22474667,0.0
23005,0.3197479,0.21649484536082475
23006,0.3002201,0.04105263157894737
23007,0.82619095,0.5
23008,0.23891127,0.9174890350877193
23009,0.8036443,0.0
23010,0.92141604,0.0
23011,0.52084666,0.011695906432748537
23012,0.39865395,0.0029585798816568047
23013,0.8054282,0.14027149321266968
23014,0.77913374,0.0
23015,0.88527864,0.0
23016,0.88942194,0.0
23017,0.31247693,0.0
23018,0.24439923,0.0
23019,0.45209363,0.11811023622047244
23020,0.2591815,0.013605442176870748
23021,0.8362482,0.1111111111111111
23022,0.580696,0.057754010695187166
23023,0.8461869,0.0
23024,0.7923755,0.0
23025,0.89715725,0.08747993579454254
23026,0.2649184,0.0
23027,0.85764146,0.0
23028,0.9485081,0.37894736842105264
23029,0.8578087,0.13636363636363635
23030,0.86302996,0.0
23031,0.7146225,0.0
23032,0.91066015,0.13817330210772832
23033,0.86794966,0.1951219512195122
23034,0.81723833,0.08571428571428572
23035,0.87234807,0.0
23036,0.7614396,0.0
23037,0.7046579,0.0
23038,0.81062263,0.0
23039,0.384028,0.07692307692307693
23040,0.22650185,0.006060606060606061
23041,0.87617093,0.0
23042,0.60151404,0.0
23043,0.76332515,0.06666666666666667
23044,0.7123007,0.0
23045,0.8900975,0.1111111111111111
23046,0.83483833,0.046153846153846156
23047,0.18335105,0.0
23048,0.45924485,0.0
23049,0.17066854,0.3421745292569346
23050,0.4939974,0.0014695077149155032
23051,0.87549746,0.10612855007473841
23052,0.945498,0.3080082135523614
23053,0.26374087,0.043478260869565216
23054,0.69427264,0.0
23055,0.18313831,0.0
23056,0.87180734,0.2222222222222222
23057,0.8873807,0.09090909090909091
23058,0.33182687,0.18756121449559254
23059,0.6739513,0.0
23060,0.85060596,0.0
23061,0.9251432,0.2236842105263158
23062,0.5774768,0.0
23063,0.29538906,0.07252747252747253
23064,0.32859942,0.0
23065,0.20230992,0.0025974025974025974
23066,0.37470335,0.0
23067,0.81900793,0.06907894736842106
23068,0.842906,0.0
23069,0.8037475,0.0
23070,0.94341445,0.16097560975609757
23071,0.91005206,0.0
23072,0.3754199,0.011185682326621925
23073,0.5060076,0.0
23074,0.14673671,0.0
23075,0.84704065,0.11037344398340249
23076,0.21419083,0.0
23077,0.5799103,0.9360058845163663
23078,0.43053043,0.0
23079,0.38737273,0.25
23080,0.7634042,0.0
23081,0.8450641,0.21951219512195122
23082,0.17859289,0.0
23083,0.34202483,0.0
23084,0.77999383,0.0
23085,0.92041636,0.15807560137457044
23086,0.73251003,0.0
23087,0.84677774,0.02702702702702703
23088,0.53190184,0.06276150627615062
23089,0.8213033,0.16666666666666666
23090,0.4119036,0.0
23091,0.81955403,0.0
23092,0.96895796,0.38170731707317074
23093,0.4569187,0.0
23094,0.6074611,0.04610951008645533
23095,0.3058517,0.1375
23096,0.20225549,0.0
23097,0.25515,0.009529481834425254
23098,0.5917856,0.004016064257028112
23099,0.3251268,0.0
23100,0.7760822,0.0
23101,0.7207817,0.0
23102,0.8052178,0.0
23103,0.7221548,0.1111111111111111
23104,0.48706934,0.030729833546734954
23105,0.72869986,0.03468208092485549
23106,0.49967626,0.0
23107,0.25973806,0.0
23108,0.2987021,0.045393136990002705
23109,0.6662142,0.0
23110,0.8237984,0.04950495049504951
23111,0.8932615,0.35294117647058826
23112,0.877334,0.07692307692307693
23113,0.36009172,0.04716981132075472
23114,0.6709054,0.0
23115,0.3818177,0.0
23116,0.5860487,0.0
23117,0.40357915,0.03333333333333333
23118,0.28053373,0.0
23119,0.8038533,0.0
23120,0.9057996,0.09090909090909091
23121,0.22884825,0.0
23122,0.76098144,0.0
23123,0.61692065,0.03225806451612903
23124,0.77637064,0.2857142857142857
23125,0.9190159,0.07692307692307693
23126,0.4148685,0.9354779411764705
23127,0.91595405,0.24701754385964914
23128,0.7629832,0.0
23129,0.83004606,0.0392156862745098
23130,0.8316099,0.0
23131,0.54722756,0.0
23132,0.8703197,0.0
23133,0.3640871,0.03218368719377462
23134,0.3207264,0.0
23135,0.8043755,0.0
23136,0.34039885,0.029158993247391036
23137,0.25995025,0.0
23138,0.86711496,0.0
23139,0.8977269,0.06666666666666667
23140,0.32849792,0.006344171292624901
23141,0.3365332,0.014150943396226415
23142,0.7748937,0.007530120481927711
23143,0.9550305,0.33100041169205435
23144,0.8264984,0.0
23145,0.2043292,0.07692307692307693
23146,0.82816344,0.047619047619047616
23147,0.22790632,0.818885882243165
23148,0.8336507,0.1
23149,0.69579875,0.009072580645161291
23150,0.64815104,0.25
23151,0.51677376,0.0
23152,0.39864522,0.06082725060827251
23153,0.6804942,0.0486322188449848
23154,0.9503158,0.32908704883227174
23155,0.6337569,0.0
23156,0.5092047,0.1083781706379708
23157,0.2640982,0.014492753623188406
23158,0.32474107,0.0
23159,0.38823,0.0
23160,0.2143907,0.0
23161,0.78033125,0.0
23162,0.7596719,0.0
23163,0.40827915,0.04671280276816609
23164,0.37178195,0.0
23165,0.8044545,0.0
23166,0.5826432,0.0
23167,0.16599917,0.0
23168,0.59632707,0.05405405405405406
23169,0.26805887,0.0
23170,0.3758477,0.0
23171,0.5781175,0.009271523178807948
23172,0.18202177,0.0
23173,0.5917133,0.024714828897338403
23174,0.74191445,0.08420528151469855
23175,0.5693204,0.00018291567587342235
23176,0.80911905,0.036231884057971016
23177,0.5617247,0.0
23178,0.90125495,0.0
23179,0.3568343,0.0
23180,0.21503066,0.0
23181,0.8521293,0.0
23182,0.86234665,0.0
23183,0.6819472,0.0
23184,0.7576029,0.0
23185,0.65603423,0.0
23186,0.64329386,0.061855670103092786
23187,0.2861674,0.0
23188,0.32999,0.0
23189,0.13491166,0.0
23190,0.5402327,0.0
23191,0.6115843,0.26490066225165565
23192,0.8678622,0.0
23193,0.46279964,0.0
23194,0.6138914,0.03103448275862069
23195,0.64799106,0.0
23196,0.61180836,0.0
23197,0.7596769,0.0
23198,0.8455483,0.024390243902439025
23199,0.8848951,0.043478260869565216
23200,0.77150977,0.0
23201,0.26649213,0.0
23202,0.7191408,0.0
23203,0.34164074,0.010752688172043012
23204,0.43735442,0.027777777777777776
23205,0.88662905,0.06540084388185655
23206,0.22233193,0.08199744644630444
23207,0.44091845,0.681805720551951
23208,0.9204508,0.043478260869565216
23209,0.25129402,0.0
23210,0.8474288,0.0
23211,0.7403609,0.06437768240343347
23212,0.8425579,0.07407407407407407
23213,0.30089006,0.0
23214,0.17447747,0.5749641319942611
23215,0.32992128,0.0
23216,0.7874956,0.05263157894736842
23217,0.28138515,0.021546261089987327
23218,0.58939904,0.041666666666666664
23219,0.5567999,0.0
23220,0.8706191,0.0
23221,0.78290325,0.0
23222,0.24702527,0.0
23223,0.8554502,0.12944162436548223
23224,0.8567749,0.0
23225,0.45702115,0.0
23226,0.27053562,0.0
23227,0.41674936,0.023076923076923078
23228,0.87631434,0.19047619047619047
23229,0.2265806,0.0
23230,0.36935198,0.005008347245409015
23231,0.45369747,0.009436744323208493
23232,0.49255335,0.041237113402061855
23233,0.69906324,0.040169133192389
23234,0.91866165,0.3333333333333333
23235,0.20657115,9.92063492063492e-05
23236,0.85095775,0.16996047430830039
23237,0.20951793,0.0006858710562414266
23238,0.9283191,0.3157894736842105
23239,0.89914924,0.08333333333333333
23240,0.69403523,0.0
23241,0.48223245,0.0
23242,0.15062325,0.013755158184319119
23243,0.7820642,0.0
23244,0.21728945,0.007751937984496124
23245,0.8718592,0.0
23246,0.8369692,0.09375
23247,0.4391894,0.08493150684931507
23248,0.36999688,0.14885496183206107
23249,0.6761993,0.0
23250,0.83496916,0.10822510822510822
23251,0.22937225,0.0
23252,0.7166882,0.024390243902439025
23253,0.94681436,0.35
23254,0.22302276,0.025494071146245058
23255,0.3726047,0.04951082122739401
23256,0.94769824,0.3648293963254593
23257,0.6514657,0.0
23258,0.9070466,0.125
23259,0.6796156,0.05731523378582202
23260,0.8955479,0.17142857142857143
23261,0.8906131,0.0
23262,0.19205287,0.019374068554396422
23263,0.44673172,0.0
23264,0.825432,0.0
23265,0.2893922,0.0
23266,0.9130254,0.0
23267,0.37364984,0.040229885057471264
23268,0.8513755,0.0
23269,0.40171513,0.0
23270,0.72551864,0.0
23271,0.7593524,0.0
23272,0.84428716,0.0
23273,0.4576545,0.0
23274,0.88462996,0.0
23275,0.8557453,0.014949778089231487
23276,0.8229241,0.0
23277,0.4355274,0.0
23278,0.5648986,0.0
23279,0.46326482,0.1836734693877551
23280,0.8972723,0.0
23281,0.6966969,0.0
23282,0.33105397,0.016194331983805668
23283,0.84747076,0.15384615384615385
23284,0.76762253,0.25
23285,0.6885349,0.043010752688172046
23286,0.27884713,0.9109482363719652
23287,0.8876474,0.14444444444444443
23288,0.41551283,0.0
23289,0.4194651,0.0
23290,0.6485305,0.058823529411764705
23291,0.76077765,0.0
23292,0.8643815,0.06666666666666667
23293,0.14582865,0.0
23294,0.8011664,0.0
23295,0.70250773,0.0
23296,0.25265825,0.0
23297,0.22927865,0.02029520295202952
23298,0.79125285,0.0
23299,0.24134476,0.908732704114359
23300,0.8003931,0.17418844022169439
23301,0.7795122,0.010421008753647354
23302,0.90716785,0.18055555555555555
23303,0.71436536,0.0
23304,0.55510217,0.016135941739254606
23305,0.18251458,0.02564102564102564
23306,0.8543314,0.0
23307,0.88402975,0.2
23308,0.44020203,0.06504065040650407
23309,0.37862852,0.014714974650673921
23310,0.5216914,0.3127431906614786
23311,0.8717856,0.10465116279069768
23312,0.6596363,0.1111111111111111
23313,0.4903105,0.015459202341748994
23314,0.4010908,0.007575757575757576
23315,0.8340536,0.0
23316,0.68795544,0.03225806451612903
23317,0.8901493,0.0
23318,0.59940326,0.0
23319,0.26374856,0.0
23320,0.70285285,0.02564102564102564
23321,0.9040232,0.09523809523809523
23322,0.27689627,0.4397379912663755
23323,0.7594094,0.0
23324,0.27232844,0.0
23325,0.81550014,0.00016957775139901646
23326,0.82095265,0.0
23327,0.387513,0.0
23328,0.26904157,0.4203263403263403
23329,0.21684325,0.01893939393939394
23330,0.2718377,0.005422153369481022
23331,0.48453504,0.0
23332,0.74214596,0.24390243902439024
23333,0.92281437,0.0
23334,0.44401658,0.011185682326621925
23335,0.5177851,0.0
23336,0.93697774,0.25
23337,0.5670211,0.04
23338,0.2582444,0.0
23339,0.8973457,0.16666666666666666
23340,0.15615942,0.001137440758293839
23341,0.22550558,0.011049723756906077
23342,0.7372754,0.046153846153846156
23343,0.90548044,0.0
23344,0.15482186,0.009009009009009009
23345,0.25751612,0.5448647660818714
23346,0.3498164,0.000395882818685669
23347,0.1829464,0.0
23348,0.40071458,0.0008080808080808081
23349,0.8658488,0.0498960498960499
23350,0.77801186,0.07142857142857142
23351,0.75328594,0.0
23352,0.23547222,0.0020920502092050207
23353,0.2686923,0.011239035087719298
23354,0.65576404,0.0
23355,0.16637413,0.007653061224489796
23356,0.33542165,0.0
23357,0.6035533,0.0
23358,0.19377215,0.0
23359,0.8975737,0.0
23360,0.87658185,0.0
23361,0.66279763,0.015443662615370557
23362,0.2669507,0.23977447462839568
23363,0.40474233,0.0
23364,0.71544695,0.0
23365,0.3464987,0.03681683055110908
23366,0.5873695,0.0
23367,0.77675414,0.34541984732824427
23368,0.17390406,0.0
23369,0.24728824,0.004201680672268907
23370,0.6896207,0.0
23371,0.2661317,0.0
23372,0.34206796,0.0098747591522158
23373,0.6852054,0.0
23374,0.1507175,0.6342304376975385
23375,0.45483866,0.0
23376,0.68947095,0.009523809523809525
23377,0.7854452,0.0
23378,0.8396501,0.04950495049504951
23379,0.45270154,0.024896265560165973
23380,0.6730788,0.0
23381,0.89951384,0.10619469026548672
23382,0.19340415,0.002398081534772182
23383,0.29674712,0.006578947368421052
23384,0.92958486,0.2
23385,0.19684453,0.0
23386,0.8615619,0.013888888888888888
23387,0.8879759,0.0
23388,0.87221134,0.01685214626391097
23389,0.58974314,0.0
23390,0.80361056,0.0
23391,0.8578962,0.13333333333333333
23392,0.92379034,0.0
23393,0.18198876,0.0
23394,0.88262504,0.0
23395,0.2850912,0.006172839506172839
23396,0.8237835,0.04861111111111111
23397,0.4833732,0.0074418604651162795
23398,0.81317466,0.0
23399,0.8348557,0.041666666666666664
23400,0.40017822,0.048089308716187204
23401,0.8108763,0.0
23402,0.18788512,0.7576754385964912
23403,0.84686404,0.036939313984168866
23404,0.68947923,0.01556420233463035
23405,0.80251706,0.2300469483568075
23406,0.33466202,0.0009380863039399625
23407,0.79319227,0.0
23408,0.13438104,0.0
23409,0.78336394,0.0
23410,0.35848388,0.0
23411,0.92357093,0.04666666666666667
23412,0.7281106,0.5
23413,0.89361143,0.0
23414,0.51958877,0.011149698409797112
23415,0.2337484,0.0
23416,0.4887984,0.0
23417,0.24903823,0.05
23418,0.22083555,0.01838235294117647
23419,0.43967804,0.0
23420,0.11213887,0.0
23421,0.7357928,0.0
23422,0.9729059,0.45941505093657575
23423,0.8973807,0.0967741935483871
23424,0.76050436,0.0
23425,0.7843975,0.044444444444444446
23426,0.3148789,0.007792803117121247
23427,0.9596191,0.46037735849056605
23428,0.42377132,0.0
23429,0.8896011,0.0
23430,0.5191503,0.012295081967213115
23431,0.4506381,0.9998172514619883
23432,0.89152217,0.0
23433,0.66655815,0.011239035087719298
23434,0.40493923,0.0
23435,0.7981907,0.0
23436,0.657062,0.0
23437,0.2741859,0.17540526849037488
23438,0.80880606,0.0
23439,0.43960196,0.06313131313131314
23440,0.34142584,0.0
23441,0.85722524,0.0
23442,0.7002112,0.0392156862745098
23443,0.5812274,0.058823529411764705
23444,0.6050875,0.0
23445,0.32546726,0.9731236858945059
23446,0.84782696,0.07017543859649122
23447,0.17557108,0.0
23448,0.46047294,0.015555141579731743
23449,0.6670682,0.0
23450,0.6752102,0.0
23451,0.40395343,0.22313596491228072
23452,0.9006236,0.048
23453,0.2433397,0.0
23454,0.8553617,0.0
23455,0.67436165,0.03416022773485156
23456,0.7672922,0.1686017163048965
23457,0.3145,0.0
23458,0.5972349,0.07563025210084033
23459,0.88211036,0.0
23460,0.7482173,0.14285714285714285
23461,0.6041191,0.021501272264631045
23462,0.92101955,0.26126126126126126
23463,0.82288754,0.0
23464,0.9457266,0.3146279949558638
23465,0.36820522,0.0
23466,0.41370457,0.0
23467,0.9028847,0.16020236087689713
23468,0.16209637,0.0
23469,0.8836549,0.08235294117647059
23470,0.80039406,0.06666666666666667
23471,0.43772355,0.0
23472,0.23895589,0.0
23473,0.60176134,0.0
23474,0.6976061,0.0
23475,0.716537,0.1388888888888889
23476,0.43539497,0.0984869325997249
23477,0.8651988,0.09090909090909091
23478,0.83373874,0.2
23479,0.2767243,0.003395585738539898
23480,0.6200458,0.07482993197278912
23481,0.2091856,0.010135135135135136
23482,0.59555894,0.0
23483,0.80529714,0.174496644295302
23484,0.8907174,0.25949367088607594
23485,0.90943736,0.0
23486,0.7420334,0.0
23487,0.78227484,0.045454545454545456
23488,0.15993382,0.0
23489,0.3271895,0.009950248756218905
23490,0.42746466,0.098
23491,0.59109265,0.018532818532818532
23492,0.2332084,0.013888888888888888
23493,0.83222,0.0
23494,0.5969007,0.0
23495,0.2888459,0.0
23496,0.4973476,0.07307692307692308
23497,0.6188849,0.0
23498,0.36089486,0.21317657497781722
23499,0.8069659,0.0
23500,0.66279775,0.0
23501,0.21021186,0.004032258064516129
23502,0.88522834,0.1686746987951807
23503,0.4597234,0.023879453454220406
23504,0.24081095,0.0
23505,0.34777135,0.0
23506,0.8423668,0.013513513513513514
23507,0.90652496,0.34328358208955223
23508,0.14646755,0.0
23509,0.29014698,0.0
23510,0.586426,0.0
23511,0.8406815,0.24882629107981222
23512,0.8628339,0.07692307692307693
23513,0.4739608,0.0
23514,0.5943277,0.0
23515,0.3212886,0.12168746286393345
23516,0.6946211,0.21568627450980393
23517,0.7740605,0.11764705882352941
23518,0.45236924,0.0
23519,0.8621245,0.12101910828025478
23520,0.75824004,0.0
23521,0.74172306,0.0
23522,0.5666135,0.0
23523,0.29475093,0.9718567251461988
23524,0.12389833,0.4370553665326322
23525,0.85735536,0.0
23526,0.19402376,0.0
23527,0.34103808,0.014492753623188406
23528,0.62166023,0.003236245954692557
23529,0.2700163,0.0
23530,0.5725578,0.0
23531,0.82129234,0.038461538461538464
23532,0.3211082,0.0
23533,0.75403327,0.0
23534,0.8181901,0.18181818181818182
23535,0.3869346,0.0
23536,0.9330124,0.2222222222222222
23537,0.8684812,0.3131768953068592
23538,0.30179515,0.0
23539,0.8665878,0.0
23540,0.9103568,0.007125890736342043
23541,0.21360959,0.9946988392285897
23542,0.90865076,0.0
23543,0.45954254,0.0
23544,0.7209738,0.016666666666666666
23545,0.34574625,0.0196078431372549
23546,0.91217476,0.0
23547,0.7317734,0.109375
23548,0.32598394,0.0
23549,0.8800231,0.0
23550,0.5830258,0.009287925696594427
23551,0.20668039,0.0
23552,0.8784749,0.0
23553,0.22310267,0.6743030917384694
23554,0.7334652,0.0
23555,0.30711275,0.0004798464491362764
23556,0.82679933,0.08571428571428572
23557,0.48115227,0.0
23558,0.78431123,0.024498886414253896
23559,0.22433569,0.0
23560,0.85956556,0.0
23561,0.65715253,0.0
23562,0.776177,0.0
23563,0.91182566,0.2
23564,0.41240546,0.0
23565,0.55183464,0.0
23566,0.40146145,0.0
23567,0.20081456,0.0
23568,0.25873813,0.0
23569,0.61684585,0.0
23570,0.5456627,0.0
23571,0.8275605,0.0
23572,0.7343307,0.0
23573,0.62815887,0.00018318373328448433
23574,0.49039742,0.00010712372790573112
23575,0.800906,0.0
23576,0.2809119,0.8537477148080439
23577,0.74272186,0.0
23578,0.2024204,0.0
23579,0.7256953,0.0
23580,0.7275346,0.0
23581,0.91043526,0.043478260869565216
23582,0.5979099,0.0
23583,0.91341597,0.016666666666666666
23584,0.6678808,0.06930693069306931
23585,0.44425315,0.059748427672955975
23586,0.5467918,0.06268480189237138
23587,0.37858388,0.0
23588,0.9193249,0.21942446043165467
23589,0.94499505,0.04268736357021586
23590,0.75007415,0.16279069767441862
23591,0.9292171,0.6470776109869052
23592,0.7920922,0.0
23593,0.19753827,0.0
23594,0.7226378,0.0
23595,0.77956593,0.25
23596,0.8797173,0.2857142857142857
23597,0.9187936,0.20512820512820512
23598,0.26779953,0.7807005003573981
23599,0.799385,0.07692307692307693
23600,0.68678904,0.007049022749118872
23601,0.45557067,0.07051762940735183
23602,0.74983215,0.08333333333333333
23603,0.29369122,0.0
23604,0.44832972,0.00018331805682859762
23605,0.8991828,0.0
23606,0.70076126,0.0
23607,0.6728827,0.0
23608,0.28642434,0.0
23609,0.4797159,0.015547378104875805
23610,0.6134991,0.18730769230769231
23611,0.47500747,0.0
23612,0.44563854,0.17236024844720496
23613,0.6353217,0.015873015873015872
23614,0.42816398,0.0035666518056174765
23615,0.16311935,0.0
23616,0.24773574,0.004784688995215311
23617,0.6793493,0.008298755186721992
23618,0.6022155,0.0
23619,0.30640545,0.0
23620,0.49940965,0.07407407407407407
23621,0.65968055,0.05241307732226259
23622,0.35016364,0.024691358024691357
23623,0.57873815,0.06097560975609756
23624,0.62499267,0.11648351648351649
23625,0.44148248,0.11219512195121951
23626,0.93113977,0.8276177411979881
23627,0.8169046,0.011904761904761904
23628,0.24615377,0.0
23629,0.32871905,0.001962066710268149
23630,0.29214323,0.0
23631,0.45735717,0.008660024210820374
23632,0.7394124,0.1111111111111111
23633,0.18268897,0.0
23634,0.32437092,0.00042648469986139245
23635,0.8446329,0.13818181818181818
23636,0.45347816,0.022727272727272728
23637,0.54515505,0.0
23638,0.47466564,0.0
23639,0.8480495,0.0
23640,0.7247628,0.0
23641,0.59764177,0.056338028169014086
23642,0.34476036,0.0
23643,0.18956593,0.04824561403508772
23644,0.8701314,0.07692307692307693
23645,0.8730503,0.0
23646,0.35881415,0.00019190174630589137
23647,0.26504052,0.9947002923976608
23648,0.6118057,0.0
23649,0.37192225,0.0
23650,0.18422097,0.0
23651,0.7062653,0.008695652173913044
23652,0.8266315,0.0
23653,0.20398827,0.0
23654,0.61491364,0.0
23655,0.84400684,0.0
23656,0.25315097,0.0
23657,0.82927907,0.0
23658,0.42958894,0.0
23659,0.68092185,0.0
23660,0.81642646,0.22
23661,0.66921926,0.014388489208633094
23662,0.71564794,0.125
23663,0.47023454,0.10261312938177183
23664,0.62477183,0.16379310344827586
23665,0.8536761,0.0
23666,0.9191569,0.0
23667,0.78895825,0.0
23668,0.29637852,0.0
23669,0.61053306,0.00038774718883288094
23670,0.35746825,0.9896737640500777
23671,0.18854897,0.0
23672,0.48108461,0.004471228615863142
23673,0.3953666,0.0
23674,0.92655003,0.17857142857142858
23675,0.7982848,0.1
23676,0.6681027,0.0
23677,0.7501475,0.09826589595375723
23678,0.89502245,0.06692913385826772
23679,0.47191125,0.0
23680,0.94985205,0.17311283008802347
23681,0.24925566,0.0
23682,0.60299665,0.1794871794871795
23683,0.9175835,0.030303030303030304
23684,0.86621106,0.0
23685,0.32372934,0.011156186612576065
23686,0.6111984,0.0
23687,0.20768692,0.0
23688,0.22467743,0.013184584178498986
23689,0.8442839,0.1686746987951807
23690,0.91352993,0.005307599517490953
23691,0.52198136,0.0
23692,0.88293606,0.02857142857142857
23693,0.19188957,0.0
23694,0.9150136,0.5
23695,0.5686004,0.0
23696,0.59783274,0.08813559322033898
23697,0.87540394,0.0
23698,0.18084446,0.0
23699,0.8481778,0.1111111111111111
23700,0.8214899,0.18604651162790697
23701,0.53209317,0.0
23702,0.36710095,0.046468401486988845
23703,0.9204596,0.32419659735349715
23704,0.8447359,0.0
23705,0.24353933,0.0
23706,0.34481058,0.0
23707,0.5170535,0.0
23708,0.7158948,0.10291595197255575
23709,0.7789134,0.07526881720430108
23710,0.22957529,0.0
23711,0.9057268,0.4964705882352941
23712,0.54829615,0.037037037037037035
23713,0.28750032,0.5741456166419019
23714,0.8219241,0.0
23715,0.76609516,0.0
23716,0.3673102,0.0
23717,0.55974144,0.02
23718,0.23303087,0.008341675008341674
23719,0.855632,0.00980392156862745
23720,0.25868148,0.03770491803278689
23721,0.24984953,0.0018148820326678765
23722,0.684579,0.045454545454545456
23723,0.26781,0.22935779816513763
23724,0.9220081,0.27393225331369664
23725,0.8313881,0.10204081632653061
23726,0.821423,0.0
23727,0.7858421,0.0
23728,0.7958009,0.0
23729,0.58403516,0.015610567153149825
23730,0.6140406,0.19522776572668113
23731,0.2865217,0.0
23732,0.7726365,0.08753501400560224
23733,0.53110814,0.0
23734,0.8188365,0.0
23735,0.51691633,0.0
23736,0.14291616,0.0
23737,0.8729285,0.0
23738,0.89015615,0.125
23739,0.4397401,0.0
23740,0.86790174,0.026143790849673203
23741,0.5602073,0.011243144424131627
23742,0.77138853,0.0
23743,0.5494877,0.0
23744,0.43055376,0.03278688524590164
23745,0.75701493,0.05185185185185185
23746,0.7899193,0.0
23747,0.26381934,0.9419147961520843
23748,0.13780358,0.7346827133479212
23749,0.75366557,0.0
23750,0.91577464,0.3027295285359802
23751,0.953397,0.6234718826405868
23752,0.88861585,0.0
23753,0.9524028,0.7806576402321083
23754,0.57162833,0.0
23755,0.88997537,0.2793478260869565
23756,0.18670127,0.0
23757,0.40030566,0.8095060924565157
23758,0.6785456,0.0
23759,0.24313404,0.0
23760,0.8690094,0.0
23761,0.22730292,0.0
23762,0.5978796,0.015898400752587017
23763,0.85009146,0.06779661016949153
23764,0.50586617,0.0
23765,0.621112,0.07575757575757576
23766,0.8221895,0.21674140508221226
23767,0.8703458,0.0
23768,0.31240454,0.023687752355316286
23769,0.8164015,0.3333333333333333
23770,0.3106333,0.0
23771,0.3615167,0.13500482160077146
23772,0.4204532,0.0
23773,0.3218936,0.0
23774,0.42847338,0.045454545454545456
23775,0.86978745,0.19117647058823528
23776,0.7969931,0.0
23777,0.36207557,0.025
23778,0.542729,0.041666666666666664
23779,0.2842465,0.9945170428584483
23780,0.31782195,0.0
23781,0.25096172,0.0
23782,0.66446304,0.0
23783,0.25302118,0.0
23784,0.8783579,0.0
23785,0.8521367,0.16666666666666666
23786,0.534792,0.0
23787,0.44286615,0.0
23788,0.406082,0.0444015444015444
23789,0.28757364,0.063164287883389
23790,0.18795702,0.0058997050147492625
23791,0.20687556,0.0
23792,0.9066152,0.21739130434782608
23793,0.22416392,0.0
23794,0.54635686,0.0
23795,0.7038255,0.0
23796,0.665081,0.3456930975470622
23797,0.16754885,0.024553571428571428
23798,0.78658074,0.3333333333333333
23799,0.35575798,0.0
23800,0.13725477,0.0
23801,0.89797133,0.0
23802,0.5020083,0.0003992015968063872
23803,0.9090305,0.17777777777777778
23804,0.3395474,0.004460019114367633
23805,0.90208477,0.20833333333333334
23806,0.4301305,0.0004714016341923319
23807,0.35444376,0.5780070698385402
23808,0.44862014,0.0
23809,0.7128178,0.2857142857142857
23810,0.2734463,0.007407407407407408
23811,0.8882772,0.0
23812,0.47821295,0.0001905306277984186
23813,0.35498157,0.0570902394106814
23814,0.94076914,0.01904761904761905
23815,0.7050004,0.10606060606060606
23816,0.84538037,0.0
23817,0.7406594,0.25925925925925924
23818,0.27457717,0.0
23819,0.65545034,0.0021691973969631237
23820,0.7489507,0.0
23821,0.90392274,0.12036434612882238
23822,0.8695635,0.04
23823,0.62492174,0.0
23824,0.4618834,0.038302277432712216
23825,0.24260248,0.0
23826,0.8375254,0.06666666666666667
23827,0.6901552,0.07692307692307693
23828,0.8783681,0.0
23829,0.23102507,0.0
23830,0.55864686,0.0
23831,0.94404304,0.15869017632241814
23832,0.16000499,0.0
23833,0.9379692,0.01533494753833737
23834,0.88702685,0.06896551724137931
23835,0.39249754,0.08653846153846154
23836,0.9182508,0.19495166487647692
23837,0.9452603,0.2441860465116279
23838,0.21497995,0.007244094488188977
23839,0.5869,0.028446389496717725
23840,0.90820163,0.0
23841,0.9062674,0.375
23842,0.29787773,0.0
23843,0.222246,0.0
23844,0.23157156,0.0
23845,0.21116675,0.0
23846,0.17269322,0.7044686100703647
23847,0.39006203,0.0
23848,0.9237244,0.40019474196689386
23849,0.36346516,0.0
23850,0.775145,0.0
23851,0.8724007,0.2631578947368421
23852,0.667441,0.008269018743109152
23853,0.7820475,0.030612244897959183
23854,0.9477906,0.2988505747126437
23855,0.7941097,0.0
23856,0.5481116,0.020833333333333332
23857,0.81963044,0.0
23858,0.9067162,0.15178571428571427
23859,0.5812168,0.0
23860,0.54732746,0.0
23861,0.2812728,0.0
23862,0.49969077,0.019762845849802372
23863,0.2997257,0.0
23864,0.6691429,0.0
23865,0.60260135,0.0
23866,0.31017083,0.05439330543933055
23867,0.87409633,0.2182741116751269
23868,0.9055905,0.1875
23869,0.76801825,0.0
23870,0.425796,0.008324661810613945
23871,0.7665381,0.020833333333333332
23872,0.930094,0.05609573672400898
23873,0.3676068,0.048204921339249696
23874,0.8913235,0.0
23875,0.6476401,0.03618421052631579
23876,0.24117681,0.0
23877,0.8985116,0.15789473684210525
23878,0.621041,0.0
23879,0.8793364,0.0
23880,0.18810679,0.0
23881,0.878269,0.21428571428571427
23882,0.51326907,0.0004496402877697842
23883,0.73041683,0.0
23884,0.24003485,0.0
23885,0.27843454,0.8157918842172758
23886,0.5800288,0.0
23887,0.5200411,0.082039911308204
23888,0.79150295,0.0010070493454179255
23889,0.5581529,0.0006842285323297981
23890,0.56685966,0.011068422978412002
23891,0.58148295,0.0
23892,0.46293333,0.0
23893,0.50654733,0.0
23894,0.40911025,0.014705882352941176
23895,0.93144095,0.043478260869565216
23896,0.25156194,0.21720304271503804
23897,0.25076476,0.41846435100548446
23898,0.6450453,0.32
23899,0.8751767,0.030303030303030304
23900,0.30665547,0.0
23901,0.28029957,0.0
23902,0.8076939,0.0
23903,0.7190519,0.1732283464566929
23904,0.45659566,0.0
23905,0.7460737,0.013157894736842105
23906,0.8338161,0.0
23907,0.2087053,0.268760907504363
23908,0.32945186,0.020833333333333332
23909,0.41600382,0.0
23910,0.74995035,0.15625
23911,0.49445027,0.0
23912,0.30820987,0.10561056105610561
23913,0.25745624,0.5395220588235294
23914,0.2330892,0.0
23915,0.38021588,0.003950617283950617
23916,0.58594245,0.08957362952346828
23917,0.8830593,0.0007942811755361397
23918,0.29265544,0.0
23919,0.88166106,0.0
23920,0.3967975,0.0
23921,0.29514632,0.015053439710973957
23922,0.5294736,0.0848
23923,0.8872844,0.13333333333333333
23924,0.24637555,0.020918070889018012
23925,0.8477019,0.0
23926,0.9125001,0.023617960031144563
23927,0.8314887,0.018867924528301886
23928,0.18993258,0.043137254901960784
23929,0.34018114,0.0
23930,0.7759803,0.0
23931,0.8935419,0.1875
23932,0.4966698,0.0
23933,0.8643049,0.0
23934,0.15625405,0.3439384487419422
23935,0.77202547,0.32231920199501246
23936,0.8611808,0.0
23937,0.5503728,0.0
23938,0.9140141,0.21444339325134026
23939,0.37642667,0.030612244897959183
23940,0.158367,0.0
23941,0.9278156,0.07142857142857142
23942,0.7321236,0.0
23943,0.94929564,0.040370976541189305
23944,0.9326913,0.047619047619047616
23945,0.7611274,0.00018653236336504383
23946,0.40747038,0.047619047619047616
23947,0.78114706,0.06666666666666667
23948,0.7296059,0.0
23949,0.68649775,0.2125
23950,0.31979528,0.07692307692307693
23951,0.28214285,0.0
23952,0.8964427,0.17857142857142858
23953,0.8278414,0.14705882352941177
23954,0.65221894,0.0
23955,0.66565764,0.0
23956,0.49083978,0.0
23957,0.4863465,0.0136986301369863
23958,0.50209904,0.011235955056179775
23959,0.28142712,0.0
23960,0.7770573,0.0
23961,0.72326,0.12836438923395446
23962,0.90766263,0.0
23963,0.1694095,0.0011862396204033216
23964,0.5716884,0.05063291139240506
23965,0.8433365,0.0
23966,0.84319973,0.0
23967,0.3221032,0.0
23968,0.7389598,0.125
23969,0.36062375,0.0
23970,0.82345474,0.0
23971,0.72124493,0.0
23972,0.7513194,0.08333333333333333
23973,0.6945618,0.0
23974,0.63666236,0.0
23975,0.8412552,0.0
23976,0.39161777,0.0
23977,0.46790206,0.0
23978,0.8804851,0.0
23979,0.6043081,0.09615384615384616
23980,0.70467484,0.0
23981,0.61695504,0.09195402298850575
23982,0.8456847,0.0
23983,0.64077955,0.0
23984,0.7022869,0.019230769230769232
23985,0.91369003,0.23684210526315788
23986,0.3099568,0.0
23987,0.65047497,0.11650485436893204
23988,0.40714577,0.09178743961352658
23989,0.85486037,0.21875
23990,0.67290837,0.0
23991,0.9099862,0.17857142857142858
23992,0.5346292,0.0
23993,0.3844324,0.0273972602739726
23994,0.8660028,0.05555555555555555
23995,0.3859129,0.0
23996,0.6565896,0.0
23997,0.87648034,0.0
23998,0.9292123,0.09341825902335456
23999,0.47152153,0.0
24000,0.25581613,0.0026972353337828725
24001,0.2056146,0.0025206232813932174
24002,0.2590029,0.017802865827181935
24003,0.51173913,0.11963696369636964
24004,0.91643286,0.10101010101010101
24005,0.9017838,0.0975609756097561
24006,0.2522632,0.0
24007,0.58850735,0.0
24008,0.5485803,0.0
24009,0.87174875,0.06626506024096386
24010,0.8468927,0.09615384615384616
24011,0.67217064,0.0
24012,0.23531288,0.0
24013,0.468983,0.0
24014,0.3648803,0.019332161687170474
24015,0.25540975,0.0
24016,0.6951928,0.0
24017,0.29663223,0.029447638961491548
24018,0.36296138,0.0
24019,0.66706556,0.0
24020,0.9050815,0.25
24021,0.91076154,0.25
24022,0.8474716,0.0
24023,0.71063274,0.0
24024,0.7139442,0.0
24025,0.28977197,0.007518796992481203
24026,0.6790174,0.041666666666666664
24027,0.6315289,0.1111111111111111
24028,0.8168779,0.0
24029,0.19471708,0.0
24030,0.6279502,0.0
24031,0.7394574,0.1696113074204947
24032,0.7930034,0.0
24033,0.7578753,0.1308411214953271
24034,0.71013665,0.0
24035,0.8717404,0.28205128205128205
24036,0.8699141,0.2222222222222222
24037,0.7106345,0.13793103448275862
24038,0.9315126,0.17647058823529413
24039,0.8281714,0.028901734104046242
24040,0.27394345,0.01968503937007874
24041,0.8693301,0.22727272727272727
24042,0.81233174,0.07547169811320754
24043,0.94103134,0.14516129032258066
24044,0.404188,0.0
24045,0.8960562,0.1
24046,0.2371778,0.0
24047,0.8120955,0.1111111111111111
24048,0.34040156,0.04929577464788732
24049,0.89381135,0.0
24050,0.58459437,0.0
24051,0.8817781,0.0
24052,0.3009484,0.0
24053,0.83792895,0.0
24054,0.14915903,0.6354369984818912
24055,0.6879618,0.0
24056,0.22202879,0.012345679012345678
24057,0.38847774,0.0
24058,0.8918911,0.0
24059,0.385391,0.002344454463480613
24060,0.3762406,0.006510802012429713
24061,0.8611388,0.0
24062,0.5625447,0.0
24063,0.3444954,0.0
24064,0.9162471,0.34146341463414637
24065,0.908713,0.125
24066,0.66047466,0.0
24067,0.4867696,0.010365113455971613
24068,0.92970455,0.38742138364779877
24069,0.4738368,0.0
24070,0.82219565,0.0
24071,0.929355,0.0
24072,0.89956117,0.4594594594594595
24073,0.4233293,0.0
24074,0.42238942,0.0
24075,0.9180076,0.20408163265306123
24076,0.7591161,0.06666666666666667
24077,0.22274216,0.0
24078,0.8721799,0.1388888888888889
24079,0.32545888,0.000419639110365086
24080,0.7591187,0.0
24081,0.82330954,0.0
24082,0.65380174,0.0
24083,0.938895,0.21052631578947367
24084,0.69198895,0.0
24085,0.9217367,0.0
24086,0.9221194,0.20265151515151514
24087,0.90859455,0.02857142857142857
24088,0.826351,0.06666666666666667
24089,0.8746456,0.0
24090,0.4438679,0.0
24091,0.7730523,0.2857142857142857
24092,0.8921833,0.020202020202020204
24093,0.859931,0.12962962962962962
24094,0.5287529,0.06465517241379311
24095,0.18563257,0.0
24096,0.54648954,0.0
24097,0.47353193,0.07407407407407407
24098,0.9023846,0.08333333333333333
24099,0.6492303,0.0
24100,0.7325398,0.0
24101,0.29688242,0.01625677365568987
24102,0.7424563,0.0
24103,0.24085289,0.02127659574468085
24104,0.21694598,0.0
24105,0.88581574,0.0
24106,0.8829303,0.0
24107,0.8702549,0.0
24108,0.80319256,0.0
24109,0.81876814,0.0
24110,0.35998124,0.0
24111,0.21807095,0.0
24112,0.6994588,0.058823529411764705
24113,0.23882273,0.0
24114,0.4209737,0.01545072225269702
24115,0.891026,0.10638297872340426
24116,0.8068681,0.10843373493975904
24117,0.8762987,0.05
24118,0.60883385,0.09883720930232558
24119,0.963292,0.32857142857142857
24120,0.7656068,0.014285714285714285
24121,0.80049515,0.05555555555555555
24122,0.47542965,0.010309278350515464
24123,0.25831112,0.2007718373493976
24124,0.8428098,0.058823529411764705
24125,0.64524806,0.0011413353623739774
24126,0.5830323,0.02631578947368421
24127,0.18688232,0.0
24128,0.8991472,0.02702702702702703
24129,0.62530136,0.0
24130,0.7761934,0.0
24131,0.91310143,0.3333333333333333
24132,0.85158813,0.030303030303030304
24133,0.6700496,0.0
24134,0.6192979,0.047619047619047616
24135,0.48839223,0.010908073839269066
24136,0.9188108,0.23865877712031558
24137,0.7937612,0.19130434782608696
24138,0.8601551,0.0
24139,0.5872836,0.03056768558951965
24140,0.88399273,0.0625
24141,0.8226934,0.11627906976744186
24142,0.7370772,0.0
24143,0.28515232,0.01639344262295082
24144,0.90635514,0.047619047619047616
24145,0.921365,0.17058823529411765
24146,0.4405586,0.0
24147,0.87340593,0.07857142857142857
24148,0.71972185,0.0
24149,0.21987005,0.1396103896103896
24150,0.6082857,0.009824821577532672
24151,0.22164366,0.09090909090909091
24152,0.2068145,0.028089887640449437
24153,0.63980013,0.02654867256637168
24154,0.91532695,0.0
24155,0.90108496,0.0
24156,0.3872928,0.08
24157,0.28990722,0.08333333333333333
24158,0.27723783,0.3248968878890139
24159,0.35443342,0.5
24160,0.8969168,0.1
24161,0.8480883,0.0
24162,0.7740008,0.0
24163,0.8789549,0.0375
24164,0.87278974,0.2992125984251969
24165,0.53904563,0.017543859649122806
24166,0.5241217,0.0
24167,0.83559746,0.0
24168,0.7808074,0.10038610038610038
24169,0.26943725,0.0
24170,0.84299636,0.017857142857142856
24171,0.35201943,0.0
24172,0.92798513,0.19047619047619047
24173,0.3124412,0.0
24174,0.63962454,0.09523809523809523
24175,0.41375425,0.0
24176,0.13747203,0.0
24177,0.85644716,0.0
24178,0.12670685,0.5370714197301646
24179,0.91231954,0.10526315789473684
24180,0.3689369,0.0
24181,0.27290455,0.0
24182,0.31657115,0.028609271523178808
24183,0.3032778,0.9189615206305053
24184,0.18857121,0.0
24185,0.5191473,0.011570433610424624
24186,0.49492314,0.0
24187,0.908828,0.0
24188,0.21924396,0.039540816326530615
24189,0.91739875,0.15384615384615385
24190,0.9076384,0.09090909090909091
24191,0.5718391,0.07142857142857142
24192,0.82372993,0.06896551724137931
24193,0.87160015,0.0
24194,0.3974297,0.008120649651972157
24195,0.50058496,0.010766660478930759
24196,0.81977963,0.0
24197,0.5084702,0.04926108374384237
24198,0.37266928,0.0
24199,0.47525993,0.0
24200,0.6410946,0.09155222638368705
24201,0.48575425,0.16273088613514144
24202,0.23021302,0.0
24203,0.678238,0.0
24204,0.61599404,0.010845986984815618
24205,0.8795506,0.13333333333333333
24206,0.30490646,0.0010131712259371835
24207,0.88117546,0.14492753623188406
24208,0.24162851,0.0
24209,0.92460334,0.047619047619047616
24210,0.1727196,0.16355023684866618
24211,0.57023287,0.023622047244094488
24212,0.6145165,0.0
24213,0.43315628,0.015452134954740787
24214,0.9143659,0.23529411764705882
24215,0.8768277,0.0
24216,0.9162565,0.06060606060606061
24217,0.46598566,0.025056947608200455
24218,0.41490236,0.009194952557957548
24219,0.7909138,0.2
24220,0.85307103,0.1774193548387097
24221,0.7900965,0.0
24222,0.26922408,0.0
24223,0.47492424,0.0
24224,0.752508,0.0
24225,0.24796066,0.03571428571428571
24226,0.80359155,0.0
24227,0.9188918,0.16666666666666666
24228,0.38506216,0.0
24229,0.7643941,0.2205128205128205
24230,0.7802371,0.25205930807248766
24231,0.52952117,0.0
24232,0.37585846,0.0
24233,0.5129123,0.0
24234,0.5922241,0.0
24235,0.73173493,0.1557377049180328
24236,0.56459343,0.06808510638297872
24237,0.92799366,0.06557377049180328
24238,0.8408435,0.0
24239,0.39376622,0.06532485875706215
24240,0.8181128,0.0
24241,0.25226405,0.0007230657989877079
24242,0.8420074,0.0
24243,0.90377754,0.0
24244,0.5078874,0.011346863468634687
24245,0.8148236,0.0
24246,0.3645829,0.0
24247,0.6720399,0.030303030303030304
24248,0.486068,0.03804347826086957
24249,0.45178238,0.0
24250,0.6207583,0.0
24251,0.17180374,0.2838822769628194
24252,0.48991784,0.05555555555555555
24253,0.903737,0.0
24254,0.84784245,0.1346153846153846
24255,0.2060205,0.0
24256,0.33984265,0.0
24257,0.8652667,0.0
24258,0.27942327,0.5527927259231769
24259,0.37917835,0.02702702702702703
24260,0.20877685,0.0
24261,0.8760861,0.0
24262,0.8801102,0.0
24263,0.87542593,0.0
24264,0.6752791,0.1095890410958904
24265,0.87125254,0.11956521739130435
24266,0.25544575,0.008264462809917356
24267,0.4127055,0.0069821567106283944
24268,0.34057528,0.019083969465648856
24269,0.47245857,0.0
24270,0.37257975,0.046511627906976744
24271,0.4779682,0.0
24272,0.78363466,0.030303030303030304
24273,0.8691314,0.0
24274,0.6296169,0.0
24275,0.2569612,0.0
24276,0.17592664,0.0004426737494466578
24277,0.7910234,0.0
24278,0.5855126,0.015457788347205707
24279,0.7112816,0.0
24280,0.8429248,0.07651715039577836
24281,0.25561962,0.0125
24282,0.39597335,0.35496305814327017
24283,0.6351043,0.0
24284,0.8363721,0.010752688172043012
24285,0.88846654,0.125
24286,0.47523627,0.0004337924303220909
24287,0.16656889,0.0
24288,0.85570204,0.09420289855072464
24289,0.52367634,0.01545253863134658
24290,0.4776402,0.023809523809523808
24291,0.6015192,0.06521739130434782
24292,0.8463101,0.14925373134328357
24293,0.3682853,0.02877697841726619
24294,0.7772445,0.0
24295,0.7868063,0.009433962264150943
24296,0.9070185,0.0
24297,0.6216695,0.0
24298,0.27843937,0.23226578868602216
24299,0.40822384,0.0
24300,0.87935317,0.0
24301,0.6145993,0.015588967807397842
24302,0.6250797,0.0
24303,0.88222456,0.4089646965489885
24304,0.8341529,0.2857142857142857
24305,0.18428628,0.0
24306,0.5901571,0.0
24307,0.7782883,0.15053763440860216
24308,0.1807971,0.0
24309,0.7971577,0.0
24310,0.7180015,0.13636363636363635
24311,0.53356594,0.03571428571428571
24312,0.82468486,0.2857142857142857
24313,0.89453954,0.0
24314,0.36062297,0.9382490165584119
24315,0.561537,0.028539761706844
24316,0.8677049,0.1284153005464481
24317,0.41013497,0.0
24318,0.8111524,0.14285714285714285
24319,0.22713172,0.0
24320,0.35062376,0.0
24321,0.44237933,0.03137057540681094
24322,0.14432275,0.0
24323,0.32667577,0.0
24324,0.9349693,0.3502722323049002
24325,0.8883668,0.14793741109530584
24326,0.5034297,0.0
24327,0.2319584,0.006211180124223602
24328,0.4611503,0.06457849961330239
24329,0.25253776,0.0
24330,0.38754648,0.22755640902544408
24331,0.8567432,0.0
24332,0.36624274,0.0
24333,0.23499401,0.4457153935633967
24334,0.84510434,0.11764705882352941
24335,0.3596936,0.08991228070175439
24336,0.89383286,0.0
24337,0.87775815,0.18181818181818182
24338,0.39208204,0.0
24339,0.6081323,0.0
24340,0.9287145,0.15106382978723404
24341,0.44892785,0.007936507936507936
24342,0.7778948,0.0946969696969697
24343,0.7171748,0.08
24344,0.78533244,0.1935483870967742
24345,0.55254805,0.0
24346,0.90992904,0.14444444444444443
24347,0.3847714,0.014492753623188406
24348,0.2519923,0.0
24349,0.22567827,0.0
24350,0.6012563,0.057777777777777775
24351,0.24037379,0.29433497536945813
24352,0.8715965,0.058823529411764705
24353,0.4269516,0.0
24354,0.48894504,0.0
24355,0.86216867,0.0
24356,0.32230005,0.0
24357,0.1673872,0.0
24358,0.40310237,0.0
24359,0.7669828,0.0
24360,0.76378024,0.0
24361,0.31310895,0.011232851486971734
24362,0.7635319,0.07142857142857142
24363,0.8231252,0.07142857142857142
24364,0.70123565,0.0
24365,0.709338,0.0
24366,0.34978652,0.009584664536741214
24367,0.6866984,0.0
24368,0.4330762,0.0
24369,0.45307624,0.0
24370,0.23009697,0.004297994269340974
24371,0.89879596,0.0
24372,0.83968836,0.0
24373,0.5525832,0.18132611637347767
24374,0.42334718,0.03773584905660377
24375,0.86539173,0.0070921985815602835
24376,0.3710224,0.0
24377,0.5893265,0.0
24378,0.6497968,0.019230769230769232
24379,0.88238823,0.3125
24380,0.3849785,0.0002466091245376079
24381,0.44779682,0.0
24382,0.887856,0.0
24383,0.80733037,0.1255930784259001
24384,0.69516313,0.0
24385,0.3486638,0.0
24386,0.8300826,0.23333333333333334
24387,0.64053434,0.0
24388,0.6531478,0.0
24389,0.512047,0.031746031746031744
24390,0.29778334,0.0
24391,0.2783068,0.0
24392,0.27601567,0.0
24393,0.39978534,0.0
24394,0.6627244,0.08150470219435736
24395,0.7952631,0.0
24396,0.66031605,0.058981233243967826
24397,0.6843781,0.3157894736842105
24398,0.2693602,0.02242152466367713
24399,0.90471995,0.25
24400,0.648065,0.0
24401,0.2051118,0.0
24402,0.744461,0.11267605633802817
24403,0.18502317,0.03355704697986577
24404,0.89976895,0.408743745061891
24405,0.8760307,0.0
24406,0.3865329,0.9883954678362573
24407,0.79549783,0.125
24408,0.80699813,0.0
24409,0.38603404,0.0
24410,0.47856292,0.0
24411,0.3748301,0.018867924528301886
24412,0.628517,0.0
24413,0.3375026,0.0
24414,0.67294353,0.0
24415,0.15594943,0.34282006118475944
24416,0.26593265,0.0
24417,0.17723104,0.0
24418,0.371949,0.017857142857142856
24419,0.51178133,0.14298480786416443
24420,0.83973545,0.17647058823529413
24421,0.45214206,0.027522935779816515
24422,0.1901866,0.603162994789286
24423,0.79548657,0.5
24424,0.91792107,0.2
24425,0.913307,0.5626209565938624
24426,0.90360326,0.14076782449725778
24427,0.9008194,0.16393442622950818
24428,0.47403982,0.0323330515638208
24429,0.538163,0.022358859698155393
24430,0.72647125,0.058823529411764705
24431,0.58608943,0.010954616588419406
24432,0.32817894,0.0
24433,0.4312637,0.0
24434,0.374886,0.0
24435,0.5709615,0.0
24436,0.78147984,0.0
24437,0.21485044,0.01454823889739663
24438,0.56505704,0.0
24439,0.36635318,0.0625
24440,0.8246314,0.0
24441,0.39899215,0.13560371517027864
24442,0.16690055,0.0
24443,0.9279834,0.0012300123001230013
24444,0.60021347,0.0
24445,0.7925633,0.0
24446,0.82700515,0.0
24447,0.8894139,0.5
24448,0.37845007,0.07344632768361582
24449,0.81397784,0.16296296296296298
24450,0.6138323,0.0007870916961826052
24451,0.22111097,0.0
24452,0.8491614,0.0
24453,0.7028469,0.0
24454,0.2688804,0.005333333333333333
24455,0.88732904,0.25
24456,0.57683825,0.0
24457,0.32238868,0.04
24458,0.22972634,0.00228310502283105
24459,0.17598619,0.0
24460,0.63642186,0.015867054736644445
24461,0.531932,0.06
24462,0.89911133,0.045454545454545456
24463,0.42774162,0.104
24464,0.2869795,0.0012858979854264896
24465,0.66783285,0.09020902090209021
24466,0.903138,0.17647058823529413
24467,0.31223327,0.013888888888888888
24468,0.49925703,0.1095890410958904
24469,0.9217256,0.0
24470,0.9254252,0.0
24471,0.39047047,0.0
24472,0.9352294,0.2131578947368421
24473,0.2049535,0.8415280570279656
24474,0.18797243,0.7033071615512729
24475,0.34188002,0.0
24476,0.22289246,0.0
24477,0.8086136,0.0
24478,0.8595606,0.03723404255319149
24479,0.4341192,0.0
24480,0.61938727,0.03333333333333333
24481,0.4785774,0.0
24482,0.7973641,0.053763440860215055
24483,0.9611609,0.0
24484,0.786678,0.0967741935483871
24485,0.33496246,0.04950495049504951
24486,0.54522717,0.04591836734693878
24487,0.24766707,0.0
24488,0.42528293,0.0
24489,0.3914048,0.03225806451612903
24490,0.3602746,0.0
24491,0.28709128,0.01728395061728395
24492,0.8611473,0.0
24493,0.157857,0.006299360661902971
24494,0.86688846,0.125
24495,0.19755322,0.0016680567139282735
24496,0.7526138,0.11811023622047244
24497,0.24911892,0.0
24498,0.5066102,0.017082785808147174
24499,0.6796583,0.0
24500,0.7467706,0.0
24501,0.89744097,0.0
24502,0.9354915,0.26857142857142857
24503,0.80027324,0.0
24504,0.20922661,0.4183012583271651
24505,0.87401253,0.0
24506,0.15797219,0.0
24507,0.8955283,0.0
24508,0.38868344,0.0
24509,0.8775004,0.08333333333333333
24510,0.78277534,0.0004336513443191674
24511,0.9570751,0.20214592274678111
24512,0.3596636,0.0
24513,0.328192,0.047619047619047616
24514,0.9115864,0.0
24515,0.3513159,0.019461934745277618
24516,0.80920357,0.0
24517,0.66230047,0.0
24518,0.7277076,0.0
24519,0.57039833,0.0
24520,0.2735528,0.0
24521,0.3247142,0.0
24522,0.8295338,0.0
24523,0.7284283,0.034482758620689655
24524,0.71394485,0.0
24525,0.65451044,0.0
24526,0.23144427,0.0
24527,0.9008451,0.08333333333333333
24528,0.8858493,0.0
24529,0.8208262,0.0
24530,0.8893076,0.09433962264150944
24531,0.8713193,0.0
24532,0.7010233,0.0
24533,0.65650046,0.0
24534,0.2552821,0.2898550724637681
24535,0.7728824,0.0
24536,0.22052489,0.01268911664226452
24537,0.77395016,0.044585987261146494
24538,0.30109164,0.0
24539,0.2137059,0.0
24540,0.1652288,0.0
24541,0.8347317,0.15422885572139303
24542,0.18221568,0.0
24543,0.73905,0.0
24544,0.2103208,0.0
24545,0.44120762,0.00018742385905725798
24546,0.5465399,0.0
24547,0.8171845,0.0
24548,0.8298958,0.0
24549,0.34940603,0.0
24550,0.82358336,0.0
24551,0.43837047,0.015555964653902798
24552,0.8193766,0.0
24553,0.9185925,0.0
24554,0.5040153,0.0
24555,0.2791829,0.007464749792645839
24556,0.60168374,0.0
24557,0.381412,0.0
24558,0.9141544,0.0
24559,0.26864862,0.9363628051568071
24560,0.6905799,0.0
24561,0.79292107,0.15384615384615385
24562,0.86459506,0.0
24563,0.27169234,0.8865452518119309
24564,0.8452643,0.2005231037489102
24565,0.86058795,0.0
24566,0.7746506,0.0
24567,0.62368935,0.0
24568,0.16029295,0.2334491587417703
24569,0.42796874,0.0380952380952381
24570,0.5006654,0.0
24571,0.4429198,0.015296367112810707
24572,0.43372503,0.0
24573,0.3242597,0.0
24574,0.1697745,0.03076923076923077
24575,0.7632881,0.0
