BaseFeatureIdx,GeometricSim,FunctionalJaccard
0,0.91239643,0.1627172195892575
1,0.8039445,0.14673913043478262
2,0.9443345,0.8632335329341317
3,0.9772188,0.5295238095238095
4,0.7146661,0.18385093167701863
5,0.7160549,0.4469135802469136
6,0.4845021,0.024405908798972382
7,0.9531524,0.23615160349854228
8,0.95233864,0.7275931520644512
9,0.77354664,0.13193116634799235
10,0.9875659,0.156195462478185
11,0.99616104,0.7853624208304011
12,0.80463576,0.4225352112676056
13,0.917755,0.6184653011311525
14,0.968957,0.8556906879651479
15,0.8991776,0.39402173913043476
16,0.58812004,0.22811284046692606
17,0.9550047,0.7730723132241311
18,0.7094888,0.19644839067702552
19,0.80825144,0.16663142313385493
20,0.9773177,0.7621534752912816
21,0.88419944,0.3079922027290448
22,0.9317496,0.39046941678520625
23,0.95938903,0.48579545454545453
24,0.9812291,0.3887240356083086
25,0.96574444,0.2104909213180901
26,0.8358033,0.2544543429844098
27,0.96057737,0.6092628832354859
28,0.7204797,0.3037542662116041
29,0.85837156,0.670672675680187
30,0.9599745,0.28588807785888076
31,0.95634323,0.3815789473684211
32,0.972359,0.6207507082152974
33,0.7778583,0.13313718278778963
34,0.71920925,0.33711167086481947
35,0.95367736,0.560677966101695
36,0.77659667,0.0
37,0.9040801,0.20121686223381138
38,0.988919,0.673402512288367
39,0.87985873,0.4900964956830879
40,0.9064004,0.44899642562551556
41,0.9431387,0.6887074829931973
42,0.6862444,0.18289085545722714
43,0.7537269,0.18376068376068377
44,0.9110389,0.4130105900151286
45,0.9799135,0.6963562753036437
46,0.99073225,0.4865951742627346
47,0.78192216,0.038461538461538464
48,0.9615126,0.5094577553593947
49,0.6829119,0.0
50,0.9687399,0.7171845275840203
51,0.9711059,0.5606326889279437
52,0.75356084,0.2684630738522954
53,0.9011874,0.365296803652968
54,0.8966578,0.18945634266886327
55,0.9072367,0.5104391648668106
56,0.8708247,0.41717451523545707
57,0.99399817,0.7983193277310925
58,0.69400954,0.3695501730103806
59,0.8927073,0.4196921289573047
60,0.65938014,0.022222222222222223
61,0.9742062,0.31624605678233436
62,0.9727423,0.6662999633296663
63,0.7880574,0.3191489361702128
64,0.6185939,0.1761194029850746
65,0.98335373,0.352
66,0.836217,0.7223833377273926
67,0.64071524,0.2598075499629904
68,0.984755,0.46394984326018807
69,0.90162295,0.24339360222531292
70,0.964012,0.5748963883955003
71,0.92937684,0.6001350894967916
72,0.9735903,0.4092219020172911
73,0.8941805,0.35431537962362103
74,0.94812566,0.5841539838854073
75,0.9683548,0.597972972972973
76,0.9471504,0.4639175257731959
77,0.97863,0.7259088286208887
78,0.7983515,0.26
79,0.9720653,0.06681350954478708
80,0.90892005,0.42502482621648463
81,0.9239694,0.5391025641025641
82,0.9086696,0.4633995037220844
83,0.9789982,0.7021943573667712
84,0.9585018,0.47738693467336685
85,0.94811267,0.45517841601392517
86,0.97699887,0.5903141361256544
87,0.8226239,0.22538860103626943
88,0.9885386,0.6636173051267391
89,0.45960706,0.10410094637223975
90,0.8202083,0.1942209217264082
91,0.6470963,0.18895348837209303
92,0.9696942,0.33888
93,0.9862909,0.7363253856942497
94,0.69507504,0.2861736334405145
95,0.980425,0.5903834449178332
96,0.9191925,0.45962732919254656
97,0.96650994,0.6197475635085476
98,0.9601725,0.43407960199004975
99,0.9574319,0.590599455040872
100,0.87048745,0.2494586401039411
101,0.5577603,0.05841121495327103
102,0.9590556,0.11803392177223954
103,0.70411193,0.3508515815085158
104,0.89504796,0.5428690924299456
105,0.84484816,0.30149253731343284
106,0.8832,0.30666666666666664
107,0.7996758,0.8139023317201936
108,0.84171057,0.2529274004683841
109,0.9764012,0.5274390243902439
110,0.83421695,0.3745019920318725
111,0.99142224,0.5517241379310345
112,0.9645713,0.8191916804537934
113,0.9838249,0.9024437927663734
114,0.56381553,0.4718625817202923
115,0.96144575,0.3847980997624703
116,0.93846136,0.2146341463414634
117,0.97225296,0.48498253783469153
118,0.64774126,0.1575037147102526
119,0.9645274,0.5770850884582982
120,0.9504964,0.3783783783783784
121,0.6692424,0.08463661453541858
122,0.9418891,0.6740665993945509
123,0.7576493,0.3382183908045977
124,0.81815314,0.23040482342807925
125,0.8082706,0.17567567567567569
126,0.75503224,0.20520833333333333
127,0.9664912,0.3862138874809934
128,0.9316261,0.41424802110817943
129,0.9576651,0.7647664128421486
130,0.6262557,0.6625641025641026
131,0.7914438,0.2169811320754717
132,0.95506597,0.5972101133391456
133,0.9850606,0.5
134,0.9710253,0.6025472112428634
135,0.7059852,0.19230769230769232
136,0.968026,0.5327455919395466
137,0.93290967,0.7203152809560133
138,0.7754223,0.39911797133406834
139,0.9628338,0.6231003039513677
140,0.9608626,0.5104166666666666
141,0.73334086,0.2983606557377049
142,0.94629735,0.18971061093247588
143,0.9693809,0.19717480871100648
144,0.81577754,0.29743589743589743
145,0.8493731,0.2113587347232207
146,0.8970572,0.4467408585055644
147,0.95722085,0.424
148,0.91446245,0.8870456663560112
149,0.9930863,0.7815741305674192
150,0.96319443,0.7077546296296297
151,0.75963813,0.6456675983659428
152,0.95155203,0.41093918675782654
153,0.93366224,0.41076487252124644
154,0.9690916,0.5703001579778831
155,0.5699747,0.053393141368832296
156,0.98607934,0.41533546325878595
157,0.94184184,0.37988826815642457
158,0.9428158,0.5745697896749522
159,0.9726576,0.5234641638225256
160,0.7149208,0.24128686327077747
161,0.98367214,0.4438943894389439
162,0.6382001,0.13618677042801555
163,0.753441,0.2244367417677643
164,0.68869555,0.20927936821322804
165,0.9908397,0.14786103933390754
166,0.724882,0.2985996705107084
167,0.9884782,0.28286852589641437
168,0.9792113,0.885858234885337
169,0.9867734,0.7210884353741497
170,0.9612309,0.30969267139479906
171,0.5784981,0.41470258136924804
172,0.9856327,0.2766990291262136
173,0.99016696,0.8086506817113305
174,0.88874894,0.5207889125799574
175,0.9198934,0.4086099086099086
176,0.9314425,0.3743016759776536
177,0.9923446,0.8159050966608085
178,0.9665514,0.5654840122645641
179,0.9073412,0.25615284974093266
180,0.75900054,0.3573135755258126
181,0.70715994,0.4591619318181818
182,0.6408558,0.27989371124889284
183,0.8655792,0.38454129544907295
184,0.6684691,0.14967462039045554
185,0.943619,0.6700872242175474
186,0.97518307,0.21621621621621623
187,0.8689099,0.21982758620689655
188,0.96692985,0.5591666666666667
189,0.86755586,0.35
190,0.98392767,0.8285714285714286
191,0.86571443,0.524628616106333
192,0.9872731,0.5108303249097473
193,0.5064278,0.4743308468626591
194,0.9220719,0.3452991452991453
195,0.9800406,0.03499469777306469
196,0.9364184,0.47381546134663344
197,0.7799897,0.05588822355289421
198,0.97500515,0.38144329896907214
199,0.69863397,0.1377027474346243
200,0.9904775,0.9250325945241199
201,0.4101461,0.12219926902907993
202,0.978496,0.3468354430379747
203,0.8926583,0.31400602409638556
204,0.9852041,0.7694944301628106
205,0.9819169,0.3419593345656192
206,0.97035724,0.537590113285273
207,0.57935095,0.6567265333785157
208,0.9642944,0.43292181069958846
209,0.91677064,0.23214285714285715
210,0.93823105,0.42460850111856824
211,0.77539384,0.2334096109839817
212,0.8356931,0.07283653846153847
213,0.87206006,0.37352802637776733
214,0.9642673,0.6630552546045504
215,0.9530273,0.7928726127190392
216,0.5858002,0.7684750106791969
217,0.9793758,0.6386554621848739
218,0.74952036,0.8637880684188569
219,0.7554591,0.08334983171649178
220,0.43059513,0.06815203145478375
221,0.9851728,0.27638190954773867
222,0.6100643,0.014084507042253521
223,0.866653,0.29764065335753176
224,0.97619945,0.7371225577264654
225,0.9243005,0.4367015098722416
226,0.87328905,0.41877411058722674
227,0.8572166,0.32764505119453924
228,0.83619046,0.07046979865771812
229,0.5257863,0.16512992455993294
230,0.786661,0.33659491193737767
231,0.83754826,0.3780804150453956
232,0.8980641,0.6344086021505376
233,0.83820015,0.09357798165137615
234,0.91145205,0.5397667020148462
235,0.97512966,0.4592511013215859
236,0.95811516,0.7077158916709249
237,0.9159955,0.31573033707865167
238,0.61428756,0.03155818540433925
239,0.9846232,0.6120186697782963
240,0.98225343,0.37962962962962965
241,0.9727744,0.5117948717948718
242,0.6385914,0.12827225130890052
243,0.93023723,0.3530751708428246
244,0.5920864,0.15115511551155114
245,0.68876535,0.41021611001964636
246,0.9892987,0.8937027707808565
247,0.82007176,0.21649484536082475
248,0.87372255,0.4654178674351585
249,0.85613906,0.4246575342465753
250,0.970641,0.4933993399339934
251,0.9844846,0.8282603865807598
252,0.9953364,0.805458089668616
253,0.8641,0.3101851851851852
254,0.6553883,0.3740573152337858
255,0.91604346,0.42671480144404333
256,0.79118377,0.07407407407407407
257,0.99505174,0.8332225913621263
258,0.9324672,0.6214781543487138
259,0.97897524,0.7851980341139058
260,0.98981124,0.2597904026475455
261,0.98360145,0.4358974358974359
262,0.92729145,0.6792385057471264
263,0.8971543,0.22294172062904719
264,0.9692347,0.6195039458850057
265,0.9315507,0.47564766839378236
266,0.6790119,0.01759379042690815
267,0.97924787,0.23448275862068965
268,0.75004125,0.09289617486338798
269,0.9876976,0.5465393794749404
270,0.9916503,0.841688654353562
271,0.7025004,0.3173828125
272,0.86382216,0.2751736111111111
273,0.9615923,0.2742857142857143
274,0.86788946,0.2721755368814192
275,0.98038054,0.48128807658833767
276,0.9904333,0.564625850340136
277,0.90512407,0.7534366135718962
278,0.73443025,0.22126436781609196
279,0.65386117,0.5255233198677929
280,0.91560346,0.4511802575107296
281,0.9601512,0.33186490455212925
282,0.6219583,0.09517923362175525
283,0.958319,0.1769352290679305
284,0.98178595,0.5710526315789474
285,0.7219759,0.20824088748019018
286,0.9874616,0.519434628975265
287,0.9659427,0.5516129032258065
288,0.98193073,0.3558282208588957
289,0.8995399,0.4838918918918919
290,0.7823093,0.5399680255795364
291,0.9874106,0.5230460921843687
292,0.95133215,0.43702290076335876
293,0.97988856,0.9297554910899295
294,0.7215764,0.21864951768488747
295,0.9757277,0.9522233712512926
296,0.86681914,0.11538461538461539
297,0.95474595,0.6246246246246246
298,0.940733,0.623789020452099
299,0.9151761,0.3127147766323024
300,0.9121966,0.6288659793814433
301,0.9813786,0.6083959899749374
302,0.9959479,0.6847977684797768
303,0.8870878,0.3395472703062583
304,0.9229042,0.8459932132602453
305,0.99161494,0.22916666666666666
306,0.959302,0.5760913912688699
307,0.7627375,0.17525773195876287
308,0.91913265,0.36705882352941177
309,0.7305444,0.373496993987976
310,0.8902434,0.8608684955099029
311,0.86691105,0.31877729257641924
312,0.7572272,0.2915584415584416
313,0.9617814,0.5209692451071761
314,0.9710401,0.4832618025751073
315,0.9744356,0.7286821705426356
316,0.93170315,0.652418682235196
317,0.9651008,0.29
318,0.79130995,0.1735241502683363
319,0.72549754,0.4846678023850085
320,0.97458065,0.4326241134751773
321,0.93509763,0.44287729196050774
322,0.68099165,0.3446750595440626
323,0.97011566,0.5521920668058455
324,0.80718875,0.42
325,0.8546462,0.2081447963800905
326,0.97417134,0.18604651162790697
327,0.96045375,0.43283582089552236
328,0.88962907,0.5804843304843305
329,0.977,0.6408706166868199
330,0.95137024,0.3782051282051282
331,0.94322234,0.17341040462427745
332,0.71233714,0.37607449856733527
333,0.8405851,0.12081632653061225
334,0.57570213,0.2209775967413442
335,0.78071934,0.04854368932038835
336,0.9670822,0.3125845737483085
337,0.96214026,0.3655640373197625
338,0.86813205,0.8808900523560209
339,0.687696,0.036827195467422094
340,0.7221017,0.20930232558139536
341,0.87479556,0.5267131242740999
342,0.7207934,0.07839155158407798
343,0.8565456,0.3443223443223443
344,0.8112708,0.3874211692517471
345,0.8901732,0.4377087079373234
346,0.98781985,0.7220321587410194
347,0.9137559,0.09402720283855706
348,0.6462543,0.19514661274014156
349,0.99229413,0.2852112676056338
350,0.97369874,0.697054698457223
351,0.94247496,0.6895833333333333
352,0.84753865,0.21266282944562254
353,0.97829294,0.39705882352941174
354,0.809149,0.2779552715654952
355,0.8298256,0.23139653414882771
356,0.9908829,0.42382271468144045
357,0.69121593,0.08040201005025126
358,0.9665187,0.5684754521963824
359,0.9700294,0.5058823529411764
360,0.45558253,0.0
361,0.7403093,0.32742316784869974
362,0.9672095,0.5179372197309418
363,0.5811849,0.09940119760479042
364,0.8891546,0.17886178861788618
365,0.77737355,0.33505487411233054
366,0.96913177,0.46881720430107526
367,0.9047769,0.13060090309135117
368,0.96092325,0.5977242302543507
369,0.9615003,0.3986013986013986
370,0.6993435,0.23161764705882354
371,0.98756444,0.3838383838383838
372,0.5371528,0.216017634092579
373,0.9697536,0.3603431839847474
374,0.9777129,0.28205128205128205
375,0.89699644,0.32264150943396225
376,0.45970136,0.2515076268180206
377,0.74420047,0.3793103448275862
378,0.97213113,0.894032278243463
379,0.8850054,0.7761627906976745
380,0.6866797,0.10587262200165426
381,0.34543303,0.029710324337707355
382,0.77628124,0.1782178217821782
383,0.5712038,0.022254475084663765
384,0.9185104,0.4606472233320016
385,0.7475835,0.36429258902791145
386,0.9099061,0.16783216783216784
387,0.96657705,0.47956989247311826
388,0.9587367,0.6358695652173914
389,0.8436728,0.3704819277108434
390,0.9893905,0.7221350078492935
391,0.87395126,0.35962877030162416
392,0.926624,0.3951332560834299
393,0.8112976,0.2958257713248639
394,0.5850471,0.12885091072633237
395,0.7504344,0.37454545454545457
396,0.9713924,0.384995064165844
397,0.9904736,0.6136986301369863
398,0.79096913,0.1554054054054054
399,0.9815252,0.3879781420765027
400,0.94718415,0.34202898550724636
401,0.833214,0.22344322344322345
402,0.67710435,0.20502376103190767
403,0.9833101,0.4146341463414634
404,0.9599574,0.8174052322477309
405,0.98323536,0.43223443223443225
406,0.9645199,0.605890603085554
407,0.7875832,0.25146198830409355
408,0.9558288,0.6771442495126706
409,0.8640894,0.2514395393474088
410,0.8663822,0.45193839617631437
411,0.9597731,0.7191265060240963
412,0.9728175,0.2938775510204082
413,0.90265864,0.5516739446870451
414,0.9943926,0.8639593908629442
415,0.9434256,0.34933333333333333
416,0.6917535,0.389538885065382
417,0.92333245,0.233587786259542
418,0.9371936,0.4481751824817518
419,0.8309566,0.048894062863795114
420,0.67356956,0.6683861459100958
421,0.91901034,0.40560165975103735
422,0.78478056,0.0
423,0.7566437,0.16142270861833105
424,0.9778587,0.3706896551724138
425,0.988358,0.38461538461538464
426,0.9857993,0.5490909090909091
427,0.7039419,0.07002902757619739
428,0.9680796,0.4883720930232558
429,0.9603114,0.4353932584269663
430,0.87951636,0.31360250882007057
431,0.986307,0.695067264573991
432,0.99199456,0.806949806949807
433,0.98608005,0.602803738317757
434,0.82289726,0.35962877030162416
435,0.80889755,0.05965697240865026
436,0.8914334,0.39080459770114945
437,0.49454996,0.58368138424821
438,0.8746979,0.1759322033898305
439,0.9713697,0.13406408094435077
440,0.8363909,0.34705882352941175
441,0.94167644,0.5
442,0.9286095,0.4898397811645174
443,0.9607766,0.6044723969252271
444,0.9375893,0.8388262503613761
445,0.70380324,0.27506297229219145
446,0.9675912,0.37730870712401055
447,0.95689845,0.5133928571428571
448,0.90334713,0.34908136482939633
449,0.42816198,0.15072830905636478
450,0.8355097,0.7752316553969446
451,0.765274,0.7134030418250951
452,0.6714095,0.3873144399460189
453,0.83258563,0.5468920392584514
454,0.96864295,0.6478527607361964
455,0.9723435,0.31704668838219324
456,0.949185,0.4013605442176871
457,0.9899881,0.45770065075921906
458,0.99177897,0.5630188679245283
459,0.530722,0.36450144807612744
460,0.95872724,0.5721884498480243
461,0.81375384,0.47600849256900213
462,0.7416371,0.15931914893617022
463,0.49012798,0.02886002886002886
464,0.9867002,0.6746287927695287
465,0.9474597,0.5114503816793893
466,0.9174392,0.4892717815344603
467,0.9882974,0.7842920353982301
468,0.8058674,0.0726831091180867
469,0.9643188,0.6946428571428571
470,0.98136,0.3934667812845389
471,0.99549973,0.4915338645418327
472,0.8385134,0.18706293706293706
473,0.8353029,0.3921676778819636
474,0.8601443,0.36310904872389793
475,0.99593824,0.8467592592592592
476,0.78165233,0.04521786790901617
477,0.8650277,0.20202020202020202
478,0.8964077,0.5355648535564853
479,0.88919,0.3136557610241821
480,0.97720677,0.5155807365439093
481,0.80603456,0.3255597014925373
482,0.9560705,0.41830065359477125
483,0.8934724,0.5371775417298937
484,0.9502403,0.24613555291319858
485,0.965635,0.5497215592680986
486,0.90038794,0.364589759407773
487,0.9445516,0.41784037558685444
488,0.97677046,0.5260663507109005
489,0.82764655,0.4509100937672366
490,0.9794805,0.332312404287902
491,0.9347114,0.5
492,0.9206596,0.9848928974069898
493,0.9216881,0.3542600896860987
494,0.95742786,0.5665061133753242
495,0.97147495,0.5579189422247772
496,0.9156056,0.8660662962253305
497,0.8823655,0.1120453656628862
498,0.99033797,0.30935251798561153
499,0.619745,0.1843137254901961
500,0.3849826,0.0004428697962798937
501,0.92667705,0.42451612903225805
502,0.9897621,0.7441497659906396
503,0.92378503,0.3537762634866553
504,0.744765,0.31705685618729096
505,0.97992563,0.934374621624894
506,0.7226243,0.012304987914744013
507,0.88600904,0.32660332541567694
508,0.9415751,0.3378151260504202
509,0.9837455,0.6347591983248579
510,0.93074495,0.17994858611825193
511,0.66964865,0.16071428571428573
512,0.9653604,0.5588732394366197
513,0.9892488,0.6834910620399579
514,0.90636945,0.5332871012482663
515,0.77881974,0.49572649572649574
516,0.91971225,0.5440414507772021
517,0.7607506,0.17407407407407408
518,0.9565953,0.7979749276759884
519,0.8244573,0.4268292682926829
520,0.9143134,0.6149388280746941
521,0.9792344,0.6267150928167877
522,0.99266475,0.8012533572068039
523,0.8354456,0.2550335570469799
524,0.960327,0.5270758122743683
525,0.6187566,0.2324022346368715
526,0.89186734,0.16326530612244897
527,0.98946863,0.6642754662840746
528,0.8789993,0.3178694158075601
529,0.98429984,0.04907161803713528
530,0.88645077,0.5428893905191874
531,0.9885232,0.4714828897338403
532,0.93431586,0.5
533,0.96255505,0.41990950226244345
534,0.44168046,0.4550657058075456
535,0.98297775,0.700955593029792
536,0.9450949,0.32854578096947934
537,0.8977857,0.5140796703296703
538,0.3843569,0.12175824175824176
539,0.9678209,0.5
540,0.5766375,0.07692307692307693
541,0.8194761,0.45803698435277385
542,0.98452836,0.802623732856291
543,0.95545405,0.5450236966824644
544,0.9645751,0.8072463768115942
545,0.69247955,0.06764705882352941
546,0.9527068,0.4724770642201835
547,0.80162454,0.09018567639257294
548,0.957278,0.2335005789270552
549,0.4563791,0.12835139760410724
550,0.97109234,0.39275766016713093
551,0.68724674,0.09108910891089109
552,0.6332057,0.06153846153846154
553,0.6874297,0.1382636655948553
554,0.9680973,0.6092964824120602
555,0.97913915,0.7546168958742633
556,0.9517346,0.25770308123249297
557,0.96108484,0.552434456928839
558,0.7089985,0.2508361204013378
559,0.8511719,0.050335570469798654
560,0.9840125,0.49689991142604073
561,0.7537085,0.25718290119131043
562,0.687468,0.11716171617161716
563,0.65279377,0.29578351164254246
564,0.989448,0.4304635761589404
565,0.45366615,0.18480243161094226
566,0.9932705,0.18471010774756286
567,0.93695205,0.17482517482517482
568,0.6736275,0.18125
569,0.69549036,0.04946020587496862
570,0.76347375,0.3616652211621856
571,0.9781023,0.24415467625899281
572,0.91891223,0.34099066762383345
573,0.97622895,0.38823529411764707
574,0.9477966,0.36754176610978523
575,0.9951872,0.7310177705977383
576,0.8512683,0.3502475247524752
577,0.945311,0.5605536332179931
578,0.67855567,0.0972972972972973
579,0.95837665,0.42441860465116277
580,0.96263117,0.5104844540853217
581,0.98581904,0.9003115264797508
582,0.9604422,0.853589698359499
583,0.98309636,0.16170212765957448
584,0.9044498,0.08673469387755102
585,0.59395754,0.2267543859649123
586,0.95037,0.615505090054816
587,0.97642666,0.62629989936263
588,0.6789475,0.11722306525037936
589,0.27819484,0.1323529411764706
590,0.9319145,0.3465818759936407
591,0.6640466,0.022721404595920477
592,0.55230564,0.013114754098360656
593,0.9361156,0.5153153153153153
594,0.9731422,0.5724579663730984
595,0.9885522,0.4739454094292804
596,0.9891145,0.41402714932126694
597,0.5365956,0.24275934702474986
598,0.6298654,0.16824762855716424
599,0.9298214,0.9166562694946975
600,0.87214386,0.35964912280701755
601,0.9416817,0.6088929219600726
602,0.9565103,0.7034482758620689
603,0.9909997,0.7936085219707057
604,0.940784,0.4323308270676692
605,0.69796836,0.003484320557491289
606,0.8039181,0.21910112359550563
607,0.6627026,0.19827586206896552
608,0.5558717,0.10476618705035971
609,0.9818921,0.40540540540540543
610,0.8820835,0.5006944444444444
611,0.60249484,0.20224719101123595
612,0.861312,0.37454100367197063
613,0.7340532,0.07246376811594203
614,0.59016216,0.0
615,0.9762113,0.8883079847908745
616,0.96802896,0.6610169491525424
617,0.946867,0.38742690058479534
618,0.94084144,0.3640776699029126
619,0.97212255,0.4141566265060241
620,0.9028538,0.4101497504159734
621,0.93481904,0.927494615936827
622,0.83966136,0.17824074074074073
623,0.7494968,0.28799392097264437
624,0.9826412,0.5955265610438024
625,0.91512597,0.7557527942143327
626,0.9191189,0.4659011830201809
627,0.82160085,0.18705035971223022
628,0.6109143,0.44561891515994434
629,0.9908156,0.5986277873070326
630,0.95827436,0.7113620324629499
631,0.98748046,0.41603053435114506
632,0.97851914,0.5961538461538461
633,0.8469332,0.04431599229287091
634,0.7644739,0.1450381679389313
635,0.7660017,0.3310972688068999
636,0.985499,0.5525114155251142
637,0.95579195,0.5467869222096956
638,0.95714414,0.4696969696969697
639,0.6279327,0.008240426563257392
640,0.98088527,0.5411764705882353
641,0.78021973,0.18925233644859812
642,0.9158262,0.44199640287769787
643,0.8815895,0.22367638310529447
644,0.9450381,0.4375
645,0.9796841,0.6502317741255794
646,0.9926787,0.6172839506172839
647,0.58190876,0.18924111431316043
648,0.97136724,0.5147744945567652
649,0.9731761,0.7031131359149583
650,0.8174357,0.15636363636363637
651,0.98479515,0.3450479233226837
652,0.90794647,0.4758928571428571
653,0.8885062,0.5026260504201681
654,0.58106804,0.5076542098153984
655,0.8529159,0.32461873638344224
656,0.92035955,0.29394812680115273
657,0.88359934,0.24233983286908078
658,0.9337157,0.2283464566929134
659,0.7060014,0.195578231292517
660,0.9523389,0.4470588235294118
661,0.8879817,0.321256038647343
662,0.9561718,0.5102781136638452
663,0.8117394,0.20625
664,0.61353296,0.25806451612903225
665,0.9119775,0.2593678722710981
666,0.86632246,0.43478260869565216
667,0.8428392,0.4267551133222775
668,0.97227794,0.2732919254658385
669,0.9104722,0.7471552116522531
670,0.89624864,0.08984375
671,0.73105186,0.6378666666666667
672,0.97318566,0.45056179775280897
673,0.9304926,0.557542216546048
674,0.98937345,0.5013927576601671
675,0.7353343,0.386654478976234
676,0.95417863,0.2558139534883721
677,0.76807153,0.6780116435288849
678,0.96973664,0.8371559633027523
679,0.7335692,0.31957547169811323
680,0.9743599,0.6047516198704104
681,0.5321854,0.20523268282221746
682,0.83043104,0.150074294205052
683,0.72827095,0.2988133764832794
684,0.62650067,0.3624454148471616
685,0.7295986,0.15404040404040403
686,0.57061315,0.13953488372093023
687,0.96258956,0.39461883408071746
688,0.78699845,0.2736013986013986
689,0.93190557,0.6829148202855736
690,0.97919273,0.6884353741496598
691,0.93821657,0.3605220228384992
692,0.61050826,0.13440265486725664
693,0.65171325,0.05916030534351145
694,0.97475594,0.5439252336448598
695,0.7802535,0.14760348583877997
696,0.56754595,0.06156156156156156
697,0.8911458,0.3948940793047257
698,0.7983282,0.4532204983544899
699,0.665647,0.008352315869400152
700,0.967021,0.40656370656370655
701,0.82289505,0.36075949367088606
702,0.64740205,0.10304659498207885
703,0.7987729,0.6425519794930219
704,0.9958685,0.5964028776978417
705,0.9246878,0.4366401158580739
706,0.7326188,0.19760479041916168
707,0.9871133,0.5895652173913043
708,0.9240226,0.42440087145969496
709,0.75082815,0.1
710,0.8507618,0.02
711,0.96024203,0.5009149130832571
712,0.9343494,0.547112462006079
713,0.7248599,0.019230769230769232
714,0.96083426,0.40399002493765584
715,0.9680435,0.4853723404255319
716,0.9625331,0.8497032356883018
717,0.4900593,0.17507002801120447
718,0.9681471,0.5530085959885387
719,0.91114855,0.6096256684491979
720,0.8720564,0.33693693693693694
721,0.96356297,0.5948777648428405
722,0.9759974,0.8710732984293194
723,0.9901606,0.4
724,0.72228986,0.5158403869407497
725,0.5817371,0.04209056453221624
726,0.97428983,0.888504753673293
727,0.98910105,0.40425531914893614
728,0.89500403,0.6252229299363057
729,0.95814717,0.06849932401982875
730,0.9739489,0.3951612903225806
731,0.7901472,0.3329694323144105
732,0.9553697,0.7653113087674714
733,0.80612475,0.0
734,0.6603021,0.3169499310978411
735,0.9228406,0.2112676056338028
736,0.98792064,0.7581632653061224
737,0.93784297,0.6641886695719046
738,0.97673637,0.6059850374064838
739,0.78790605,0.23038156947444205
740,0.98084635,0.5075757575757576
741,0.9630132,0.6410540915395284
742,0.7421745,0.08705295259218186
743,0.9599836,0.6940581542351454
744,0.86044014,0.34900542495479203
745,0.9812491,0.6755769230769231
746,0.9734537,0.5445544554455446
747,0.9858635,0.3894230769230769
748,0.90060055,0.5875880281690141
749,0.9712107,0.3878504672897196
750,0.78551817,0.0901077375122429
751,0.63062555,0.0618638994212732
752,0.86538285,0.04007820136852395
753,0.5233137,0.0
754,0.6554101,0.013086498563676987
755,0.7471168,0.2212486308871851
756,0.98316157,0.5474626865671641
757,0.4771461,0.13993174061433447
758,0.9278355,0.4625703158805712
759,0.8332445,0.38683859493108047
760,0.99296147,0.5739231664726426
761,0.84402734,0.09154929577464789
762,0.98504096,0.46919431279620855
763,0.9257562,0.32101910828025476
764,0.9486415,0.49755501222493886
765,0.8328456,0.1173688736027515
766,0.9839689,0.769277108433735
767,0.8299932,0.25
768,0.96552145,0.8698089700996677
769,0.92699397,0.45302013422818793
770,0.9936526,0.5666666666666667
771,0.996024,0.44058744993324434
772,0.96441984,0.4727272727272727
773,0.82813364,0.444104134762634
774,0.8048361,0.29423076923076924
775,0.98781586,0.5862068965517241
776,0.648164,0.16112198303979125
777,0.6292482,0.11014492753623188
778,0.8662892,0.2698412698412698
779,0.9668367,0.1224105461393597
780,0.9134917,0.4975609756097561
781,0.95804316,0.5638095238095238
782,0.6327843,0.2016
783,0.9045858,0.3019517795637199
784,0.62973803,0.23529411764705882
785,0.8818854,0.7590286425902865
786,0.9485582,0.47829787234042553
787,0.7145265,0.1426056338028169
788,0.9600397,0.4354166666666667
789,0.640502,0.0
790,0.7525586,0.28747742323901265
791,0.7839771,0.3888888888888889
792,0.6757538,0.4694510739856802
793,0.8959493,0.294970688059241
794,0.98355544,0.16161616161616163
795,0.8143907,0.6750140160717623
796,0.9802429,0.5911949685534591
797,0.81632817,0.7712531696249834
798,0.5831547,0.12153846153846154
799,0.7354524,0.2765273311897106
800,0.8983684,0.4391927774827403
801,0.9060779,0.092
802,0.96497816,0.7082548058801357
803,0.6960483,0.287977369165488
804,0.9491239,0.35080645161290325
805,0.8405874,0.15255694026643749
806,0.9753094,0.6017997750281214
807,0.98422796,0.7891944042450555
808,0.66467035,0.3274268104776579
809,0.74344647,0.0
810,0.89363486,0.12536443148688048
811,0.9714504,0.45126353790613716
812,0.8769302,0.2966252220248668
813,0.98272514,0.7411764705882353
814,0.7724099,0.09375
815,0.6310504,0.23175182481751824
816,0.93066204,0.27383863080684595
817,0.9492846,0.4279661016949153
818,0.86029327,0.3370685791125056
819,0.8946222,0.5094812164579606
820,0.98681897,0.4718387631143015
821,0.9690787,0.5542929292929293
822,0.9257716,0.45625
823,0.954103,0.14988162447641595
824,0.98571074,0.27189927672113584
825,0.8983102,0.3128140703517588
826,0.96577394,0.44970414201183434
827,0.9519397,0.03879849812265332
828,0.8400263,0.12679856115107913
829,0.98608196,0.9004273079598529
830,0.886387,0.41882264716910383
831,0.8740582,0.4211875266979923
832,0.97074366,0.4855305466237942
833,0.9343226,0.3412698412698413
834,0.9633112,0.48606271777003485
835,0.918241,0.37355718782791186
836,0.98929757,0.5120772946859904
837,0.9105111,0.3622775800711744
838,0.79813635,0.3440702781844802
839,0.9817077,0.05386250885896527
840,0.9573864,0.6458583433373349
841,0.8248444,0.09004739336492891
842,0.96574885,0.560488346281909
843,0.9889397,0.6129032258064516
844,0.68716073,0.06472159441134169
845,0.7145069,0.024262607040913417
846,0.9706857,0.6165658445788739
847,0.97968316,0.8376269956458636
848,0.60496277,0.2510144927536232
849,0.9837939,0.541993281075028
850,0.89584506,0.5022488755622189
851,0.81821316,0.5263402181480622
852,0.6665108,0.016404057845888192
853,0.8458524,0.2594670406732118
854,0.92079335,0.4462809917355372
855,0.9780345,0.25210084033613445
856,0.6452454,0.09972054713928519
857,0.97230285,0.6443661971830986
858,0.89065784,0.3572984749455338
859,0.9824601,0.4268292682926829
860,0.9270974,0.7242424242424242
861,0.83040863,0.020719738276990186
862,0.9652007,0.3557692307692308
863,0.9560873,0.26582278481012656
864,0.9916291,0.2890855457227139
865,0.9499207,0.1972203838517538
866,0.95842195,0.4161979752530934
867,0.8682024,0.715460873233495
868,0.97935534,0.5219512195121951
869,0.7119154,0.6537485907553551
870,0.9324296,0.17582417582417584
871,0.9808213,0.6236291126620139
872,0.96955955,0.4019033674963397
873,0.95314425,0.6676272814601345
874,0.95280313,0.2876404494382023
875,0.89114624,0.5088365243004418
876,0.9873254,0.17060367454068243
877,0.92501545,0.6886993603411514
878,0.99140924,0.751219512195122
879,0.9875196,0.3352165725047081
880,0.99596745,0.6233512457254519
881,0.9868953,0.22442244224422442
882,0.9614238,0.5298602287166455
883,0.78053856,0.39648982848025527
884,0.87497586,0.2
885,0.97415155,0.17633136094674556
886,0.67272055,0.2015810276679842
887,0.89245355,0.2992170022371365
888,0.8830011,0.36198347107438017
889,0.9842511,0.5844748858447488
890,0.9265603,0.6098137747561336
891,0.8034429,0.21098265895953758
892,0.80683714,0.14432989690721648
893,0.8011395,0.3527204502814259
894,0.89769834,0.24634470536109881
895,0.93171996,0.38287752675386444
896,0.9784442,0.8427605834222697
897,0.80921054,0.38317757009345793
898,0.7055658,0.38512349224583575
899,0.7624412,0.06394316163410302
900,0.98183924,0.6705685618729097
901,0.9381422,0.5087991718426501
902,0.97265023,0.5800203873598369
903,0.9061416,0.5780445969125214
904,0.44462794,0.15870509277536518
905,0.9267523,0.3526405451448041
906,0.8533031,0.2902804957599478
907,0.86486685,0.2268041237113402
908,0.9420757,0.6217169737357899
909,0.97864133,0.4309539693128753
910,0.9842146,0.5032679738562091
911,0.7855679,0.3080844865258558
912,0.9714488,0.6117556071152359
913,0.68742365,0.11949685534591195
914,0.9835851,0.49662487945998074
915,0.6816312,0.06926406926406926
916,0.57119817,0.16897233201581027
917,0.95204675,0.5857868020304569
918,0.9750079,0.512720156555773
919,0.9716747,0.3416370106761566
920,0.9556943,0.790356394129979
921,0.9721026,0.5609756097560976
922,0.712034,0.20550161812297735
923,0.9658275,0.0821917808219178
924,0.6638709,0.15555555555555556
925,0.75492865,0.3045197740112994
926,0.97375566,0.8508031581813231
927,0.8678504,0.14357459379615953
928,0.9831028,0.522633744855967
929,0.9764129,0.7093215664644236
930,0.9839283,0.5301204819277109
931,0.97387403,0.4330357142857143
932,0.4820786,0.11739983188568226
933,0.90422153,0.3116883116883117
934,0.9549814,0.19444444444444445
935,0.85458297,0.5513920870839439
936,0.7916755,0.09667673716012085
937,0.71822006,0.20571540418868664
938,0.9260917,0.5836557059961315
939,0.98581916,0.5666495110653629
940,0.8861477,0.41254125412541254
941,0.7581176,0.10638297872340426
942,0.97854185,0.6288916562889165
943,0.87807304,0.9385743754297502
944,0.8787809,0.4198473282442748
945,0.9678727,0.6629107981220658
946,0.7485269,0.11597654818614878
947,0.99463016,0.8844801607232546
948,0.9136463,0.5323257766582704
949,0.7824247,0.24095190877540903
950,0.9805822,0.3831417624521073
951,0.6309275,0.20428313169239326
952,0.6964527,0.16711445459430413
953,0.6609864,0.2788883471477328
954,0.88812304,0.3625
955,0.9754126,0.6080892608089261
956,0.99149644,0.7568493150684932
957,0.93920225,0.5188679245283019
958,0.8549197,0.20810313075506445
959,0.7998427,0.24027237354085604
960,0.9763513,0.43200962695547535
961,0.9598882,0.41055718475073316
962,0.9576134,0.5789473684210527
963,0.9984181,0.9391929863999101
964,0.7727431,0.10861423220973783
965,0.70809853,0.37003968253968256
966,0.9679841,0.06655844155844155
967,0.88448936,0.20147420147420148
968,0.9799157,0.23058542413381122
969,0.97708976,0.6618049225159526
970,0.9556819,0.9437441204139229
971,0.98941916,0.898607434687536
972,0.67318875,0.13438368860055608
973,0.61832726,0.09054545454545454
974,0.80802953,0.23487064116985376
975,0.98275083,0.4508541718247091
976,0.96646214,0.3707165109034268
977,0.8954352,0.41405269761606023
978,0.9360275,0.471976401179941
979,0.9646066,0.5040745052386496
980,0.9659079,0.4249201277955272
981,0.91624653,0.20695230396119643
982,0.97394776,0.4146341463414634
983,0.7260266,0.0
984,0.7854528,0.19668737060041408
985,0.97948205,0.36416184971098264
986,0.8900698,0.3312146892655367
987,0.71908766,0.2512437810945274
988,0.5969708,0.12042682926829268
989,0.9731457,0.3532668881506091
990,0.7832303,0.07981927710843373
991,0.9463082,0.6235294117647059
992,0.6827477,0.08075601374570447
993,0.76530725,0.2515991471215352
994,0.9579133,0.04467120181405896
995,0.83183384,0.35700501736781165
996,0.93864155,0.4489092996555683
997,0.96397793,0.5275175644028103
998,0.45003656,0.1519205869659042
999,0.95818955,0.4663994655978624
1000,0.908157,0.8527347666258216
1001,0.6376111,0.0
1002,0.6067329,0.12573673870333987
1003,0.62895846,0.030726256983240222
1004,0.9366958,0.547683923705722
1005,0.7766101,0.21551724137931033
1006,0.96731365,0.6393782383419689
1007,0.61945987,0.2252456538170824
1008,0.7650042,0.33494675701839305
1009,0.9745454,0.44541484716157204
1010,0.9822273,0.5183908045977011
1011,0.9796906,0.5890168290522586
1012,0.622789,0.13827433628318583
1013,0.82058495,0.01841620626151013
1014,0.6812955,0.0234375
1015,0.7679494,0.33343949044585985
1016,0.88364255,0.5743162901307967
1017,0.7783314,0.07567917205692108
1018,0.8955783,0.1602248770203795
1019,0.8754964,0.3184834123222749
1020,0.92859256,0.10204081632653061
1021,0.7806844,0.09501411100658513
1022,0.9888165,0.35572139303482586
1023,0.89747024,0.3411764705882353
1024,0.98636425,0.09393939393939393
1025,0.94029,0.5080110497237569
1026,0.69352347,0.14412416851441243
1027,0.9540222,0.726890756302521
1028,0.68049645,0.02072538860103627
1029,0.7097288,0.17184265010351968
1030,0.83328307,0.16725978647686832
1031,0.6603378,0.19261744966442954
1032,0.9842405,0.6075418994413407
1033,0.8847584,0.025149700598802394
1034,0.84327435,0.2837977296181631
1035,0.79269713,0.4464751958224543
1036,0.96911347,0.741869918699187
1037,0.97127306,0.4584323040380047
1038,0.9454574,0.479020979020979
1039,0.974659,0.909155733029093
1040,0.97785807,0.30111524163568776
1041,0.65620905,0.20727414939382088
1042,0.9790595,0.6161087866108786
1043,0.7494615,0.0376890092529903
1044,0.8329562,0.32863436123348017
1045,0.9744654,0.528175313059034
1046,0.9565211,0.2972972972972973
1047,0.9470485,0.4983164983164983
1048,0.55793345,0.7212494747163468
1049,0.92938817,0.11428571428571428
1050,0.8650817,0.2526178010471204
1051,0.9775015,0.820532319391635
1052,0.68344903,0.075
1053,0.69325453,0.11505507955936352
1054,0.7964852,0.2495201535508637
1055,0.9629298,0.6105442176870748
1056,0.98849905,0.24002751031636863
1057,0.90824,0.391280353200883
1058,0.8982015,0.7503337783711616
1059,0.9644027,0.5006702412868632
1060,0.9192537,0.2851374735627764
1061,0.94384474,0.5168601437258153
1062,0.9066282,0.5477545857052498
1063,0.9895518,0.661498708010336
1064,0.89241576,0.4199706314243759
1065,0.9715475,0.4733637747336377
1066,0.62678623,0.1440972222222222
1067,0.7689144,0.3047037808871688
1068,0.9719997,0.7395900064061499
1069,0.57913166,0.2808947561422809
1070,0.70673263,0.34146341463414637
1071,0.92584413,0.4254835039817975
1072,0.75595,0.21895006402048656
1073,0.9014353,0.4260355029585799
1074,0.5973222,0.04205128205128205
1075,0.94556034,0.5873544093178037
1076,0.91314656,0.31877729257641924
1077,0.9877759,0.38596491228070173
1078,0.94220537,0.5706896551724138
1079,0.8203614,0.3097991479001826
1080,0.9776836,0.9357812748370689
1081,0.5448471,0.1307901907356948
1082,0.86782193,0.5664980122876762
1083,0.79874676,0.5406685969992103
1084,0.7453005,0.23851030110935023
1085,0.8155895,0.24864864864864866
1086,0.7441176,0.3055242390078918
1087,0.69125813,0.3684210526315789
1088,0.96498674,0.8313409563409564
1089,0.7380079,0.19130434782608696
1090,0.78137034,0.08689655172413793
1091,0.9399085,0.6164987405541562
1092,0.9543701,0.2805916629314209
1093,0.9673064,0.4044943820224719
1094,0.892029,0.5987670865719646
1095,0.98160195,0.6747787610619469
1096,0.9791351,0.25397345567753565
1097,0.79877096,0.5292975072839107
1098,0.84586996,0.18772563176895307
1099,0.88667464,0.5025281991443018
1100,0.80941755,0.20211515863689777
1101,0.9763453,0.8198413885979351
1102,0.9860432,0.6761453396524486
1103,0.88887995,0.4670380687093779
1104,0.87228113,0.1910919540229885
1105,0.80406946,0.2046783625730994
1106,0.9807895,0.6209523809523809
1107,0.9882836,0.4479166666666667
1108,0.9391284,0.3228200371057514
1109,0.6010784,0.2368596141051231
1110,0.73278075,0.21781219748305905
1111,0.99356616,0.8293233082706767
1112,0.8832995,0.6307244972134722
1113,0.99512464,0.8038203407330924
1114,0.9810687,0.5520169851380042
1115,0.8987029,0.5576464983325393
1116,0.9267219,0.35989061075660894
1117,0.6625561,0.19746568109820486
1118,0.93083614,0.54739336492891
1119,0.9803372,0.6594345825115056
1120,0.9192826,0.8597812443966291
1121,0.7200875,0.0020716188221367266
1122,0.88416845,0.3427495291902072
1123,0.9935033,0.4683760683760684
1124,0.7003876,0.26090404440919907
1125,0.59548545,0.1672005124919923
1126,0.96984076,0.4702549575070821
1127,0.9253539,0.12669683257918551
1128,0.9960366,0.7263231197771588
1129,0.7413139,0.01254180602006689
1130,0.67177993,0.019903498190591073
1131,0.6383025,0.2018842530282638
1132,0.8401257,0.04309031556039173
1133,0.844055,0.4809559372666169
1134,0.87908,0.19723714504988488
1135,0.9091532,0.2988066095471236
1136,0.77895856,0.409440738840431
1137,0.7980324,0.43034557235421167
1138,0.92821985,0.17655571635311143
1139,0.98989743,0.4222222222222222
1140,0.9965067,0.8263147289945597
1141,0.8193583,0.32683307332293293
1142,0.67269415,0.3943975100044464
1143,0.9009308,0.5911773842808326
1144,0.7783244,0.464823432794963
1145,0.71666014,0.026720647773279354
1146,0.92033124,0.3074074074074074
1147,0.97647554,0.6788432267884322
1148,0.88783246,0.20202020202020202
1149,0.9783105,0.5028571428571429
1150,0.97161347,0.57
1151,0.96167654,0.549718574108818
1152,0.8739133,0.0
1153,0.9074408,0.24242424242424243
1154,0.98392093,0.40816326530612246
1155,0.9286208,0.7103559870550162
1156,0.84971154,0.03415300546448088
1157,0.44303754,0.0771830985915493
1158,0.9509957,0.44862155388471175
1159,0.9885177,0.6735632183908046
1160,0.9750558,0.19621749408983452
1161,0.86588275,0.2363919129082426
1162,0.7020706,0.13880783659858273
1163,0.6989935,0.10880829015544041
1164,0.9796371,0.24299065420560748
1165,0.7776855,0.17904993909866018
1166,0.7757478,0.4609595484477893
1167,0.87071806,0.32123411978221417
1168,0.9858658,0.49502487562189057
1169,0.8191267,0.5049419853889128
1170,0.97523046,0.8778140293637847
1171,0.57640946,0.26498194945848375
1172,0.9387675,0.4813233724653148
1173,0.6886926,0.1411764705882353
1174,0.9713566,0.7213836477987421
1175,0.8834621,0.24161073825503357
1176,0.94221556,0.23431549408699137
1177,0.9321303,0.36042692939244664
1178,0.9888349,0.41711229946524064
1179,0.94099027,0.6215083798882681
1180,0.67810327,0.18723761544920234
1181,0.9556056,0.39568345323741005
1182,0.9669212,0.33663366336633666
1183,0.9366202,0.1728395061728395
1184,0.8709445,0.2673611111111111
1185,0.7850578,0.2099737532808399
1186,0.9815516,0.5227272727272727
1187,0.9612445,0.5329032258064517
1188,0.9707692,0.6379310344827587
1189,0.9880306,0.2708333333333333
1190,0.4252801,0.1222590313929642
1191,0.9207022,0.3960149439601494
1192,0.54382384,0.2688407782954234
1193,0.9239718,0.2975674775074975
1194,0.396025,0.11025358324145534
1195,0.9529974,0.655
1196,0.53723097,0.7384846461949266
1197,0.75740045,0.023701462430660614
1198,0.9670821,0.35674470457079155
1199,0.9555678,0.30303030303030304
1200,0.9875342,0.5087719298245614
1201,0.8274335,0.5980052038161319
1202,0.6896882,0.26148409893992935
1203,0.9887943,0.6155297923968724
1204,0.8347506,0.21694637740483014
1205,0.7377195,0.0
1206,0.6950561,0.1872037914691943
1207,0.9679926,0.711804008908686
1208,0.8032514,0.2561702127659575
1209,0.6825162,0.2048780487804878
1210,0.96157116,0.5344743276283619
1211,0.9541966,0.30385852090032156
1212,0.973775,0.4673469387755102
1213,0.87926114,0.3710292249047014
1214,0.9892473,0.365
1215,0.6755399,0.0856610800744879
1216,0.96947914,0.12045889101338432
1217,0.9400734,0.35602094240837695
1218,0.9669382,0.5112309074573226
1219,0.9118538,0.6826770263111425
1220,0.9512106,0.4989130434782609
1221,0.8469885,0.19798301486199577
1222,0.88900846,0.6415211970074813
1223,0.89147604,0.3283720930232558
1224,0.82395154,0.3126050420168067
1225,0.9375128,0.4164926931106472
1226,0.67832386,0.5237233894531793
1227,0.8214089,0.2803738317757009
1228,0.9907669,0.7770758122743683
1229,0.97862613,0.6482571299230421
1230,0.78059703,0.11685823754789272
1231,0.9876729,0.37248840803709427
1232,0.9536409,0.5900962861072903
1233,0.9872898,0.7949070887818307
1234,0.9687163,0.5511111111111111
1235,0.86242026,0.2810344827586207
1236,0.94279385,0.4632438739789965
1237,0.57766294,0.12244897959183673
1238,0.9908394,0.40293040293040294
1239,0.8936312,0.13807531380753138
1240,0.92784643,0.5861833105335157
1241,0.98031795,0.43887775551102204
1242,0.9529181,0.5387149917627677
1243,0.93411064,0.12189616252821671
1244,0.84086007,0.24864391951006123
1245,0.99264514,0.44814814814814813
1246,0.99012095,0.4700854700854701
1247,0.5127824,0.020572002007024585
1248,0.8072109,0.0
1249,0.96320075,0.3413173652694611
1250,0.7266154,0.12429378531073447
1251,0.98914796,0.4366812227074236
1252,0.887422,0.7885954381752701
1253,0.8581647,0.09981167608286252
1254,0.8581417,0.3227848101265823
1255,0.93446785,0.0
1256,0.6863095,0.34452334839681514
1257,0.6873446,0.06850152905198777
1258,0.9809454,0.8749597164034805
1259,0.8497766,0.3147208121827411
1260,0.9539585,0.37627811860940696
1261,0.95333517,0.8375586854460094
1262,0.93023443,0.2858192505510654
1263,0.9987613,0.8011406844106463
1264,0.93130934,0.7564497041420118
1265,0.9966834,0.7826771653543307
1266,0.9689133,0.4551282051282051
1267,0.9214941,0.6423512747875354
1268,0.7200777,0.24350408314773572
1269,0.99082184,0.5636363636363636
1270,0.9275668,0.23085106382978723
1271,0.6920755,0.08788598574821853
1272,0.96727777,0.3418994413407821
1273,0.9329026,0.32853982300884954
1274,0.9270471,0.7202228929649408
1275,0.97447765,0.8329426805881099
1276,0.73641145,0.11086198305929247
1277,0.91949874,0.7858282796042132
1278,0.6335858,0.03565640194489465
1279,0.9905607,0.39690721649484534
1280,0.95101345,0.4863070539419087
1281,0.7528819,0.15758980301274622
1282,0.98376673,0.6908212560386473
1283,0.97868174,0.7263556116015133
1284,0.885402,0.6894977168949772
1285,0.98499817,0.3853211009174312
1286,0.8757221,0.4616368286445013
1287,0.8945724,0.3408239700374532
1288,0.9318451,0.02594142259414226
1289,0.9104047,0.6090534979423868
1290,0.91292846,0.46108490566037735
1291,0.9485193,0.5114155251141552
1292,0.97563183,0.48839779005524864
1293,0.93529993,0.5326388888888889
1294,0.696564,0.07172131147540983
1295,0.9815672,0.4759725400457666
1296,0.9131713,0.23252032520325203
1297,0.9106145,0.272984441301273
1298,0.6347413,0.14403973509933773
1299,0.73385686,0.44263628966639545
1300,0.95343316,0.5332197614991482
1301,0.9918915,0.8310580204778157
1302,0.9591316,0.147247119078105
1303,0.95671195,0.6418410041841004
1304,0.8006314,0.2149443561208267
1305,0.45934358,0.5783753914164671
1306,0.987359,0.6375
1307,0.699323,0.38657035848047083
1308,0.84861124,0.05655172413793103
1309,0.9892981,0.5632698768197089
1310,0.75055856,0.260230179028133
1311,0.9015786,0.16470588235294117
1312,0.9780306,0.7489316239316239
1313,0.77800596,0.3324235807860262
1314,0.9465624,0.14381720430107528
1315,0.63510966,0.3592159819072748
1316,0.7396759,0.2908878504672897
1317,0.9859415,0.2002643754130866
1318,0.9867448,0.6286644951140065
1319,0.9464367,0.3552795031055901
1320,0.9914743,0.49032258064516127
1321,0.9241079,0.17442869540063638
1322,0.89634514,0.3116883116883117
1323,0.9570089,0.7105052125100241
1324,0.966159,0.44715447154471544
1325,0.9852972,0.7867546654528903
1326,0.9820949,0.6098654708520179
1327,0.8259215,0.8986604542807222
1328,0.92364115,0.3399366085578447
1329,0.97715217,0.6649590163934426
1330,0.9913308,0.9191581760481042
1331,0.9706607,0.7991675338189386
1332,0.91603935,0.4553376906318083
1333,0.9925851,0.30662983425414364
1334,0.9650469,0.561886968706212
1335,0.9856059,0.7642536835361947
1336,0.99601203,0.5076856462437757
1337,0.8353737,0.0
1338,0.6744982,0.23098311817279046
1339,0.93557274,0.1772032902467685
1340,0.97090256,0.5191146881287726
1341,0.8266192,0.15338185691461034
1342,0.98645824,0.35066422354557947
1343,0.9076768,0.43283582089552236
1344,0.9424529,0.40486725663716816
1345,0.9624704,0.43373493975903615
1346,0.66708714,0.20092915214866433
1347,0.75992775,0.25324027916251246
1348,0.88090086,0.2017584451642758
1349,0.91152775,0.347068145800317
1350,0.6720825,0.025210084033613446
1351,0.6430755,0.14624505928853754
1352,0.6754513,0.24168694241686942
1353,0.91339993,0.13157894736842105
1354,0.9637832,0.23275326289620882
1355,0.85191387,0.2148997134670487
1356,0.9392676,0.878343949044586
1357,0.9914286,0.2262434681633443
1358,0.9903857,0.48036253776435045
1359,0.8198079,0.20238095238095238
1360,0.9764045,0.6773488710852149
1361,0.9565234,0.8632842757552285
1362,0.5962204,0.3026862364995846
1363,0.99034405,0.5130434782608696
1364,0.69275784,0.05121293800539083
1365,0.94938153,0.5836471221086605
1366,0.3638413,0.04307334109429569
1367,0.96464986,0.5261904761904762
1368,0.99509335,0.7562189054726368
1369,0.9286511,0.697560975609756
1370,0.83635837,0.17446808510638298
1371,0.94785744,0.649587494572297
1372,0.9746528,0.4948453608247423
1373,0.98578507,0.8986878242294781
1374,0.9306964,0.4032258064516129
1375,0.90595615,0.20178372352285395
1376,0.9266064,0.6212574850299402
1377,0.9657186,0.4567901234567901
1378,0.73081213,0.3233404710920771
1379,0.86253995,0.5857297297297297
1380,0.97961605,0.2695035460992908
1381,0.94290435,0.43146603098927294
1382,0.8587301,0.0988095238095238
1383,0.805647,0.199502796768179
1384,0.9640199,0.3714574898785425
1385,0.79793596,0.22193877551020408
1386,0.8771928,0.2596537949400799
1387,0.8044295,0.295837023914969
1388,0.84270895,0.5601981477493
1389,0.99609464,0.7169625246548323
1390,0.97273684,0.14444444444444443
1391,0.93946797,0.1596244131455399
1392,0.56867045,0.23197700132684654
1393,0.44512063,0.11880261927034612
1394,0.76279217,0.1381118881118881
1395,0.7020636,0.29333333333333333
1396,0.79515535,0.2563783447417548
1397,0.5055499,0.09146056929538031
1398,0.6941786,0.16345347862531434
1399,0.76781917,0.14957594448727835
1400,0.9886689,0.43917525773195876
1401,0.99276495,0.7897469175859831
1402,0.916968,0.0
1403,0.97968143,0.34339080459770116
1404,0.7439815,0.2578616352201258
1405,0.9722315,0.5596421471172962
1406,0.9695147,0.5024221453287198
1407,0.9901414,0.9569684335914235
1408,0.95946294,0.4794238683127572
1409,0.9093935,0.47974217311233885
1410,0.83201635,0.02531945101751065
1411,0.99018216,0.3584905660377358
1412,0.9830066,0.47203274215552526
1413,0.9646494,0.21929824561403508
1414,0.97530866,0.4873417721518987
1415,0.8738979,0.1888412017167382
1416,0.9875239,0.4805194805194805
1417,0.97039944,0.6228676809589673
1418,0.87397784,0.6025904605263158
1419,0.9216232,0.6741258741258741
1420,0.76003027,0.28150514731984383
1421,0.2895726,0.005357142857142857
1422,0.79579437,0.324314702741189
1423,0.9158922,0.21052631578947367
1424,0.9494696,0.9059109614665171
1425,0.911234,0.3401360544217687
1426,0.96677446,0.07872078720787208
1427,0.9726291,0.5913154533844189
1428,0.82369345,0.1226215644820296
1429,0.69050443,0.0411522633744856
1430,0.8046096,0.20425531914893616
1431,0.6244133,0.25119846596356665
1432,0.5849238,0.44537815126050423
1433,0.6609895,0.1377551020408163
1434,0.779377,0.2616970658207772
1435,0.7473864,0.07329842931937172
1436,0.72055364,0.32397041183526587
1437,0.7545087,0.32287581699346407
1438,0.54148287,0.18208955223880596
1439,0.66510373,0.15092402464065707
1440,0.9809847,0.6138472519628837
1441,0.98629206,0.6045565500406835
1442,0.9797128,0.42073170731707316
1443,0.9544908,0.14053254437869822
1444,0.86551636,0.598136284216657
1445,0.95432496,0.477533960292581
1446,0.9401538,0.6127300613496932
1447,0.8982765,0.5751121076233184
1448,0.98112214,0.6517241379310345
1449,0.9820681,0.979020245463128
1450,0.9929646,0.5521885521885522
1451,0.583903,0.08723218189768256
1452,0.8964008,0.27491408934707906
1453,0.9668095,0.4697569248162804
1454,0.5381643,0.05198358413132695
1455,0.9451196,0.3577371048252912
1456,0.9819028,0.6953586497890295
1457,0.9754019,0.5428015564202334
1458,0.6546914,0.16279069767441862
1459,0.97654504,0.7170385395537525
1460,0.9377985,0.6976954360596476
1461,0.8867544,0.2689075630252101
1462,0.9723468,0.4845360824742268
1463,0.9630509,0.4650721336370539
1464,0.49982616,0.021393643031784843
1465,0.7296604,0.25422260718925943
1466,0.9820704,0.3111111111111111
1467,0.9880014,0.42070116861435725
1468,0.7621399,0.17859892224788299
1469,0.9219532,0.7295626288069613
1470,0.9424547,0.3333333333333333
1471,0.98034495,0.4954392702832453
1472,0.9788958,0.7217700915564598
1473,0.8323604,0.20483460559796438
1474,0.9629697,0.8164220378642842
1475,0.990121,0.8472165786265745
1476,0.9547836,0.6195899772209568
1477,0.56121886,0.23185011709601874
1478,0.9689442,0.0694006309148265
1479,0.56133926,0.01935483870967742
1480,0.9818851,0.5037037037037037
1481,0.70449543,0.23809523809523808
1482,0.9881177,0.6340044742729306
1483,0.92669576,0.37675070028011204
1484,0.9060212,0.11566484517304189
1485,0.9569949,0.36721311475409835
1486,0.9027074,0.7971698113207547
1487,0.9341201,0.14953271028037382
1488,0.73235345,0.2451550387596899
1489,0.86137676,0.4063534083388484
1490,0.9864879,0.507864238410596
1491,0.95595455,0.572234762979684
1492,0.9899906,0.4991408934707904
1493,0.9789801,0.6327564373153229
1494,0.947102,0.45224719101123595
1495,0.97691,0.41424802110817943
1496,0.9694308,0.47266881028938906
1497,0.89885026,0.43270260621206713
1498,0.9610427,0.7228003784295175
1499,0.93739617,0.3933463796477495
1500,0.98639387,0.44339622641509435
1501,0.77128637,0.10198300283286119
1502,0.968535,0.018780889621087316
1503,0.8769992,0.496551724137931
1504,0.9757567,0.6939890710382514
1505,0.9670434,0.4734133790737564
1506,0.6157813,0.3554817275747508
1507,0.9806348,0.546458141674333
1508,0.9684115,0.5834564254062038
1509,0.9587106,0.2305194805194805
1510,0.7031702,0.2553191489361702
1511,0.8934722,0.6383432963279249
1512,0.9803784,0.8621774701069855
1513,0.9682615,0.08703761268262357
1514,0.980151,0.4822592324402607
1515,0.5834161,0.24737762237762237
1516,0.9474002,0.2268199233716475
1517,0.9647986,0.759203519333179
1518,0.6744015,0.29462631253860405
1519,0.55032545,0.6129214541344886
1520,0.80874276,0.15481832543443919
1521,0.9771523,0.4803407601572739
1522,0.8398954,0.18248175182481752
1523,0.6617074,0.2187725631768953
1524,0.9911647,0.3624161073825503
1525,0.9848856,0.9130320546505517
1526,0.76854867,0.21073558648111332
1527,0.8237567,0.2608695652173913
1528,0.9239264,0.8006721820062047
1529,0.95799655,0.26872852233676975
1530,0.98326397,0.5072992700729927
1531,0.97914445,0.5856550088915234
1532,0.9928226,0.5826210826210826
1533,0.6444853,0.22092172640819313
1534,0.6933205,0.13085399449035812
1535,0.87507695,0.30011723329425555
1536,0.65760154,0.4863925883034163
1537,0.9438317,0.12745098039215685
1538,0.91637176,0.12727272727272726
1539,0.81498927,0.21544715447154472
1540,0.9543991,0.2740740740740741
1541,0.59508044,0.022900763358778626
1542,0.9734159,0.6645418326693228
1543,0.92882776,0.1734950789654383
1544,0.97728556,0.6924829157175398
1545,0.961129,0.1964573268921095
1546,0.91615987,0.13958862953547493
1547,0.84137887,0.08536585365853659
1548,0.94781095,0.34210526315789475
1549,0.64902353,0.2144469525959368
1550,0.93466896,0.3558282208588957
1551,0.9256995,0.386969397828233
1552,0.8868708,0.06451612903225806
1553,0.5999998,0.18885448916408668
1554,0.87881637,0.23659003831417624
1555,0.46422395,0.028423772609819122
1556,0.64807045,0.21631736526946108
1557,0.95232266,0.5165794066317626
1558,0.3889461,0.00033760972316002703
1559,0.7188113,0.0
1560,0.31656197,0.15786548082267926
1561,0.8601896,0.09302325581395349
1562,0.511206,0.035650623885918005
1563,0.60114825,0.20556309362279512
1564,0.56730497,0.26504941599281223
1565,0.79944634,0.2835820895522388
1566,0.88596463,0.42977631096442975
1567,0.9620679,0.701627486437613
1568,0.78486145,0.1686182669789227
1569,0.965885,0.22175290390707497
1570,0.69126403,0.13793103448275862
1571,0.9048951,0.3918918918918919
1572,0.8913605,0.167420814479638
1573,0.53881973,0.07411116675012519
1574,0.9299097,0.21744471744471744
1575,0.8593363,0.04430379746835443
1576,0.8688556,0.0958904109589041
1577,0.9510091,0.4413465510119785
1578,0.7202771,0.17693315858453473
1579,0.88591206,0.038461538461538464
1580,0.9178701,0.3105022831050228
1581,0.8285928,0.13122437024018746
1582,0.90007234,0.23076923076923078
1583,0.4650151,0.0731070496083551
1584,0.8837068,0.20659764026005298
1585,0.825872,0.0546218487394958
1586,0.8818963,0.24324324324324326
1587,0.63360626,0.17206132879045996
1588,0.8198234,0.15841584158415842
1589,0.9073623,0.273972602739726
1590,0.4687936,0.19952305246422894
1591,0.68153465,0.0
1592,0.9130334,0.387140902872777
1593,0.9512666,0.05357142857142857
1594,0.9446704,0.23529411764705882
1595,0.9351604,0.6378922083771206
1596,0.85146046,0.14634146341463414
1597,0.50364923,0.14077163712200208
1598,0.76724184,0.2440944881889764
1599,0.7778087,0.13616071428571427
1600,0.97627,0.16233354470513633
1601,0.9070844,0.38181818181818183
1602,0.5449158,0.01
1603,0.9038117,0.3601036269430052
1604,0.8849516,0.08812182741116752
1605,0.87877214,0.2182410423452769
1606,0.6338801,0.03508771929824561
1607,0.8782408,0.05636070853462158
1608,0.9355986,0.0
1609,0.41568077,0.012364760432766615
1610,0.87760884,0.4888475836431227
1611,0.73286396,0.028169014084507043
1612,0.8688116,0.24573863636363635
1613,0.7029708,0.12087912087912088
1614,0.8969423,0.26846846846846845
1615,0.9621954,0.40555555555555556
1616,0.8734686,0.0
1617,0.7862413,0.0
1618,0.8621076,0.2182741116751269
1619,0.91653514,0.1111111111111111
1620,0.7570188,0.005267316302343956
1621,0.5308746,0.11183144246353323
1622,0.9594862,0.34654731457800514
1623,0.91082907,0.5666666666666667
1624,0.81191796,0.20134228187919462
1625,0.96194386,0.5923076923076923
1626,0.8233327,0.0
1627,0.942223,0.033442293185818456
1628,0.765996,0.0504774897680764
1629,0.70743066,0.015384615384615385
1630,0.899244,0.12921348314606743
1631,0.95282924,0.05319148936170213
1632,0.5537185,0.21099077416766948
1633,0.97359866,0.12096774193548387
1634,0.9391345,0.12177121771217712
1635,0.7345541,0.7694563501015114
1636,0.91183573,0.41168539325842696
1637,0.6067779,0.12244897959183673
1638,0.9487335,0.35121951219512193
1639,0.8990215,0.12264150943396226
1640,0.8917607,0.2959770114942529
1641,0.75378597,0.012658227848101266
1642,0.90273815,0.09341825902335456
1643,0.92885494,0.1388888888888889
1644,0.8305815,0.2884012539184953
1645,0.86682826,0.34655172413793106
1646,0.9334035,0.288135593220339
1647,0.9679435,0.5819354838709677
1648,0.9634958,0.3242857142857143
1649,0.81819504,0.7618933779584031
1650,0.937358,0.3082706766917293
1651,0.98234063,0.6509433962264151
1652,0.67791545,0.07692307692307693
1653,0.9298675,0.27982456140350875
1654,0.66848385,0.16981132075471697
1655,0.8508388,0.007142857142857143
1656,0.76917416,0.37352625937834943
1657,0.83811057,0.34372019077901433
1658,0.9551956,0.40822622107969153
1659,0.6490368,0.2982248520710059
1660,0.8702969,0.2013498312710911
1661,0.7182948,0.011029411764705883
1662,0.9218009,0.24203821656050956
1663,0.37556773,0.007692307692307693
1664,0.95212775,0.43790849673202614
1665,0.8905794,0.09090909090909091
1666,0.45106328,0.10988336402701043
1667,0.91319007,0.2570965125709651
1668,0.98056686,0.5257611241217799
1669,0.733848,0.12454212454212454
1670,0.5184435,0.029411764705882353
1671,0.6396691,0.04835972850678733
1672,0.5695877,0.13107822410147993
1673,0.93852156,0.3133514986376022
1674,0.43552986,0.17306350314026517
1675,0.9308915,0.3994314143567875
1676,0.9536026,0.37995824634655534
1677,0.6790371,0.16518847006651885
1678,0.8739255,0.19631901840490798
1679,0.9397872,0.045454545454545456
1680,0.93759835,0.6524774774774775
1681,0.8678393,0.16
1682,0.71724993,0.19584569732937684
1683,0.92829007,0.5454545454545454
1684,0.9513743,0.6895565092989986
1685,0.7468589,0.13186813186813187
1686,0.83193976,0.11038961038961038
1687,0.9164104,0.2837972166998012
1688,0.82253283,0.2814951545916013
1689,0.8458988,0.5925522648083623
1690,0.97428185,0.6367924528301887
1691,0.9027228,0.41144901610017887
1692,0.69250864,0.038461538461538464
1693,0.91854924,0.0
1694,0.914644,0.41349971639251276
1695,0.9598138,0.2558139534883721
1696,0.922646,0.22887323943661972
1697,0.90866596,0.0999537251272559
1698,0.2951421,0.22560787934749155
1699,0.68114126,0.08855154965211891
1700,0.22304377,0.007855459544383346
1701,0.8964258,0.5268121301775148
1702,0.6331747,0.1386861313868613
1703,0.6824421,0.0
1704,0.9013202,0.3229166666666667
1705,0.83577865,0.05
1706,0.9380093,0.0
1707,0.8966644,0.3268101761252446
1708,0.3861026,0.00625
1709,0.9373853,0.24571428571428572
1710,0.71102387,0.09424083769633508
1711,0.9036799,0.24664224664224665
1712,0.76242805,0.16666666666666666
1713,0.79052955,0.2
1714,0.52871716,0.03278688524590164
1715,0.486906,0.012698412698412698
1716,0.67863756,0.0782608695652174
1717,0.50579417,0.028388928317955996
1718,0.59376943,0.12941176470588237
1719,0.8744529,0.1868399675060926
1720,0.87073404,0.10810810810810811
1721,0.58501375,0.0
1722,0.92409,0.09815950920245399
1723,0.62729543,0.1232876712328767
1724,0.55286664,0.11475409836065574
1725,0.6959124,0.0
1726,0.89626116,0.14136904761904762
1727,0.47845125,0.1871559633027523
1728,0.96982175,0.29577464788732394
1729,0.86859405,0.512597200622084
1730,0.66367704,0.24091778202676864
1731,0.9252811,0.4554718653079309
1732,0.8449449,0.08731808731808732
1733,0.86316806,0.0
1734,0.7270878,0.05714285714285714
1735,0.9518997,0.4119897959183674
1736,0.9255368,0.11128619263344494
1737,0.6626755,0.0
1738,0.80932796,0.05014749262536873
1739,0.87957007,0.0898876404494382
1740,0.72129524,0.0
1741,0.89916706,0.24858757062146894
1742,0.80239373,0.23943661971830985
1743,0.883734,0.0
1744,0.72431004,0.008620689655172414
1745,0.9208908,0.5318824809575625
1746,0.88998836,0.25059665871121717
1747,0.96711814,0.47692307692307695
1748,0.6876466,0.1789709172259508
1749,0.88272715,0.3115942028985507
1750,0.8462191,0.17796610169491525
1751,0.877566,0.31451612903225806
1752,0.96971405,0.5307359307359307
1753,0.8852917,0.2755102040816326
1754,0.5875234,0.17755443886097153
1755,0.47177202,0.21691176470588236
1756,0.9392288,0.6678868552412646
1757,0.87854576,0.24545454545454545
1758,0.79753387,0.08333333333333333
1759,0.9343203,0.3893617021276596
1760,0.8257923,0.1687158469945355
1761,0.61343193,0.12919633774160733
1762,0.9743074,0.25165562913907286
1763,0.89464176,0.05555555555555555
1764,0.9253299,0.005080440304826418
1765,0.86298996,0.3611859838274933
1766,0.89834535,0.28167770419426047
1767,0.6112492,0.0
1768,0.57599616,0.04808988764044944
1769,0.6476559,0.175
1770,0.8606201,0.018018018018018018
1771,0.5257568,0.06779661016949153
1772,0.82011634,0.15789473684210525
1773,0.9210581,0.3076923076923077
1774,0.55988306,0.08247422680412371
1775,0.93076634,0.3364485981308411
1776,0.9460019,0.11627906976744186
1777,0.8846655,0.0
1778,0.9725965,0.5033259423503326
1779,0.76491404,0.17857142857142858
1780,0.6776792,0.16102841677943167
1781,0.84621197,0.32651162790697674
1782,0.8444514,0.16666666666666666
1783,0.80054,0.14035087719298245
1784,0.71631694,0.2334384858044164
1785,0.86011696,0.08602150537634409
1786,0.6540429,0.006734006734006734
1787,0.8114076,0.07760532150776053
1788,0.88721126,0.2314453125
1789,0.5399862,0.0011534025374855825
1790,0.9395062,0.2135593220338983
1791,0.8547199,0.25093984962406013
1792,0.84209704,0.19956379498364232
1793,0.6797019,0.10358565737051793
1794,0.6852554,0.2641509433962264
1795,0.9199917,0.5176848874598071
1796,0.9576293,0.15165876777251186
1797,0.89489144,0.16536661466458658
1798,0.88954586,0.06666666666666667
1799,0.9444263,0.11796733212341198
1800,0.7706736,0.06954887218045112
1801,0.88680273,0.21904761904761905
1802,0.72683287,0.2097560975609756
1803,0.9641142,0.08
1804,0.8318778,0.4172876304023845
1805,0.8684306,0.10112359550561797
1806,0.9691833,0.6179935737236701
1807,0.85481507,0.2522255192878338
1808,0.96022713,0.4586709886547812
1809,0.89750344,0.5860612460401268
1810,0.7255444,0.09045226130653267
1811,0.90219057,0.32
1812,0.9755587,0.6016059295861643
1813,0.84331965,0.1192468619246862
1814,0.931615,0.0975609756097561
1815,0.8245748,0.04424778761061947
1816,0.9439584,0.3698083067092652
1817,0.954271,0.37107921318447634
1818,0.66586626,0.13194444444444445
1819,0.91504365,0.39528795811518325
1820,0.89694834,0.28425655976676384
1821,0.671154,0.19681949607600166
1822,0.9174536,0.5332863684395914
1823,0.9790106,0.45582047685834504
1824,0.87923306,0.6179337231968811
1825,0.9616885,0.4209039548022599
1826,0.90918475,0.046831955922865015
1827,0.6810589,0.23255813953488372
1828,0.50158757,0.0005321979776476849
1829,0.7329526,0.18874172185430463
1830,0.5741859,0.08680947012401354
1831,0.7344175,0.14084507042253522
1832,0.871945,0.5294117647058824
1833,0.81370705,0.0
1834,0.7032183,0.01507537688442211
1835,0.8645914,0.25794392523364484
1836,0.9313573,0.3064516129032258
1837,0.63385534,0.0
1838,0.9271041,0.2776203966005666
1839,0.66132283,0.47422079813574136
1840,0.9151302,0.3536379018612521
1841,0.76450676,0.2564102564102564
1842,0.87675464,0.13793103448275862
1843,0.7191996,0.4292682926829268
1844,0.90724635,0.01655907942744878
1845,0.714344,0.05927952576379389
1846,0.4798932,0.029280195201301342
1847,0.862771,0.09210526315789473
1848,0.8422258,0.41624365482233505
1849,0.7982958,0.0
1850,0.88760257,0.19592875318066158
1851,0.7455774,0.13736263736263737
1852,0.6686213,0.022222222222222223
1853,0.8835388,0.1111111111111111
1854,0.8781975,0.25274725274725274
1855,0.6141155,0.04700854700854701
1856,0.9276924,0.12751677852348994
1857,0.86157286,0.07563025210084033
1858,0.8679768,0.05251054043694902
1859,0.6378675,0.1009549795361528
1860,0.9671683,0.6104746317512275
1861,0.92288816,0.40955631399317405
1862,0.96501285,0.11463414634146342
1863,0.95186645,0.4163845633039946
1864,0.93996674,0.3463810930576071
1865,0.9578837,0.2903225806451613
1866,0.90636224,0.09285714285714286
1867,0.9525499,0.04870199527998283
1868,0.8929249,0.06382978723404255
1869,0.8696085,0.0
1870,0.89626014,0.10893854748603352
1871,0.8717987,0.34831460674157305
1872,0.89266074,0.28431372549019607
1873,0.8704127,0.05154639175257732
1874,0.9177141,0.23703703703703705
1875,0.9508916,0.07163531114327062
1876,0.8866229,0.10457516339869281
1877,0.8473995,0.022494305239179953
1878,0.78266513,0.8934303445324203
1879,0.57853585,0.07862407862407862
1880,0.9693246,0.4386459802538787
1881,0.824907,0.3842696629213483
1882,0.9394237,0.4679937548790008
1883,0.85881674,0.014925373134328358
1884,0.8355673,0.2162516382699869
1885,0.40811288,0.16026435357290375
1886,0.88295615,0.14705882352941177
1887,0.9452,0.350920245398773
1888,0.9557372,0.4695035460992908
1889,0.96653557,0.4340659340659341
1890,0.80053335,0.29771689497716897
1891,0.97499907,0.517655897821187
1892,0.67559963,0.021739130434782608
1893,0.8119333,0.24193548387096775
1894,0.7309481,0.13194444444444445
1895,0.87472963,0.4751827626010004
1896,0.84602696,0.27386934673366836
1897,0.861865,0.17762753534111864
1898,0.7979557,0.27569099929128277
1899,0.6636474,0.04308390022675737
1900,0.94007736,0.47581284694686754
1901,0.78694916,0.2982456140350877
1902,0.9755957,0.4753804834377798
1903,0.9413303,0.4141891891891892
1904,0.89315146,0.35585585585585583
1905,0.7171837,0.06505576208178439
1906,0.68857396,0.0605854322668482
1907,0.43537602,0.10633307271305707
1908,0.78254634,0.26
1909,0.74407744,0.08098591549295775
1910,0.5141847,0.03526448362720403
1911,0.93064356,0.3813953488372093
1912,0.65262413,0.1895734597156398
1913,0.6860183,0.2966728280961183
1914,0.95293105,0.4788767395626243
1915,0.8035881,0.19548872180451127
1916,0.77521104,0.18025430067314885
1917,0.76815534,0.0916030534351145
1918,0.75338787,0.07658643326039387
1919,0.9718831,0.5632674853176722
1920,0.87241596,0.2857142857142857
1921,0.9713777,0.2549019607843137
1922,0.804139,0.21052631578947367
1923,0.9143509,0.45454545454545453
1924,0.8941583,0.2759493670886076
1925,0.6189084,0.08440366972477065
1926,0.8274579,0.07041820418204182
1927,0.9459598,0.425531914893617
1928,0.4255618,0.029411764705882353
1929,0.9178512,0.1111111111111111
1930,0.5669581,0.3488372093023256
1931,0.8579988,0.25362776025236594
1932,0.841161,0.24192526915769474
1933,0.96087897,0.1
1934,0.8997894,0.19854721549636803
1935,0.8534224,0.16447368421052633
1936,0.9346346,0.5113861386138614
1937,0.93686205,0.18085106382978725
1938,0.94157726,0.19900497512437812
1939,0.5397618,0.03456714591618232
1940,0.32837385,0.0916988416988417
1941,0.9786278,0.3683241252302026
1942,0.9437617,0.36593591905564926
1943,0.9066341,0.1044776119402985
1944,0.8835363,0.017699115044247787
1945,0.6469842,0.27191235059760954
1946,0.4371455,0.05396825396825397
1947,0.62381953,0.08465346534653466
1948,0.7140118,0.12810457516339868
1949,0.82025886,0.07352941176470588
1950,0.7699902,0.14360313315926893
1951,0.8346756,0.10606060606060606
1952,0.84913236,0.4938900203665988
1953,0.89108574,0.0
1954,0.93309677,0.4083898827884022
1955,0.7719291,0.2327127659574468
1956,0.7644152,0.31130690161527164
1957,0.71354204,0.35960591133004927
1958,0.5801096,0.12614445574771108
1959,0.6967744,0.038366336633663366
1960,0.9271274,0.1044776119402985
1961,0.9517047,0.27741935483870966
1962,0.7479127,0.3557085484796328
1963,0.9406948,0.16981132075471697
1964,0.9454697,0.09900990099009901
1965,0.93298376,0.3156089193825043
1966,0.3998023,0.042821158690176324
1967,0.971025,0.3269916765755054
1968,0.36948466,0.13416496945010184
1969,0.8017902,0.1435523114355231
1970,0.8712132,0.1972972972972973
1971,0.8997284,0.13953488372093023
1972,0.6737809,0.09482758620689655
1973,0.66446286,0.15441176470588236
1974,0.9452932,0.2819964349376114
1975,0.8805217,0.10651629072681704
1976,0.9777857,0.5951585976627712
1977,0.92992485,0.3279952550415184
1978,0.969087,0.2496538994000923
1979,0.496621,0.018393623543838136
1980,0.7447623,0.205607476635514
1981,0.84041125,0.36363636363636365
1982,0.8838952,0.02127659574468085
1983,0.40564784,0.005
1984,0.7409376,0.5350688468158348
1985,0.7954756,0.12156862745098039
1986,0.9200677,0.32558139534883723
1987,0.80896854,0.04280821917808219
1988,0.8117788,0.125
1989,0.83393145,0.32786885245901637
1990,0.87987673,0.37708830548926014
1991,0.7794303,0.3206772703950744
1992,0.89428353,0.13846153846153847
1993,0.910981,0.45991379310344827
1994,0.89952886,0.3707052441229656
1995,0.37337095,0.09877105143377332
1996,0.89093935,0.3297515110812626
1997,0.7986093,0.056451612903225805
1998,0.94808257,0.41933333333333334
1999,0.86676,0.4509297520661157
2000,0.9355987,0.505982905982906
2001,0.69086313,0.06962962962962962
2002,0.6182273,0.06430868167202572
2003,0.9260637,0.46695652173913044
2004,0.7010686,0.042105263157894736
2005,0.5089415,0.00980392156862745
2006,0.93197757,0.08917197452229299
2007,0.9515403,0.19261213720316622
2008,0.9586639,0.12724658519051044
2009,0.94704217,0.19935691318327975
2010,0.72649825,0.1437125748502994
2011,0.8636905,0.0975609756097561
2012,0.42152253,0.008639308855291577
2013,0.6251017,0.160828025477707
2014,0.9885851,0.3537519142419602
2015,0.917799,0.3201663201663202
2016,0.6820737,0.15151515151515152
2017,0.6056906,0.25225225225225223
2018,0.50805974,0.09311464206389886
2019,0.32651833,0.10311750599520383
2020,0.9062234,0.35694572217111314
2021,0.8407516,0.1124031007751938
2022,0.9137684,0.25
2023,0.9131461,0.3314393939393939
2024,0.9649142,0.5528062764031382
2025,0.8470174,0.15979381443298968
2026,0.8838688,0.21052631578947367
2027,0.9461421,0.4935064935064935
2028,0.97170424,0.10617283950617284
2029,0.969382,0.4198751300728408
2030,0.7405116,0.3546015877683034
2031,0.58569294,0.14495412844036698
2032,0.46869913,0.027737226277372264
2033,0.9457324,0.45227272727272727
2034,0.96759087,0.4214246873300707
2035,0.6130894,0.06086956521739131
2036,0.8505112,0.14285714285714285
2037,0.69573337,0.26852312282446544
2038,0.6764749,0.0
2039,0.9732729,0.5357142857142857
2040,0.9700818,0.2378472222222222
2041,0.7363439,0.24630541871921183
2042,0.96733004,0.053919347530584506
2043,0.9164241,0.2697095435684647
2044,0.43916583,0.09245283018867924
2045,0.9349629,0.28484848484848485
2046,0.7153183,0.02145922746781116
2047,0.80396545,0.08247422680412371
2048,0.9630181,0.1308411214953271
2049,0.69586843,0.191725841309046
2050,0.7295466,0.24043715846994534
2051,0.66507107,0.41645481858100303
2052,0.9502842,0.5117787640833049
2053,0.7926839,0.005141388174807198
2054,0.88001245,0.21072088724584104
2055,0.52929425,0.01639344262295082
2056,0.85842997,0.002551020408163265
2057,0.74709064,0.26813880126182965
2058,0.9620582,0.25236593059936907
2059,0.9290668,0.4068090017311021
2060,0.47294018,0.44931506849315067
2061,0.84685314,0.2076923076923077
2062,0.8775057,0.37628053585500393
2063,0.95097923,0.15476190476190477
2064,0.8500207,0.012987012987012988
2065,0.8578654,0.059036768513723456
2066,0.5917873,0.3041158536585366
2067,0.687954,0.1346704871060172
2068,0.954704,0.104675505931612
2069,0.8279699,0.02564102564102564
2070,0.9614168,0.49160671462829736
2071,0.8034288,0.16732438831886345
2072,0.80278015,0.040780141843971635
2073,0.5854037,0.07035928143712575
2074,0.67597693,0.07033639143730887
2075,0.96751124,0.4405107370864771
2076,0.80236167,0.0915032679738562
2077,0.6031153,0.2558459422283356
2078,0.94302946,0.44571428571428573
2079,0.9128101,0.11688311688311688
2080,0.72406393,0.17755572636433511
2081,0.8497768,0.15581854043392504
2082,0.77483845,0.08898305084745763
2083,0.87691873,0.24427480916030533
2084,0.9356844,0.3087431693989071
2085,0.91201276,0.3940149625935162
2086,0.63904256,0.06839534009770763
2087,0.90393996,0.12121212121212122
2088,0.6649701,0.2222222222222222
2089,0.61820805,0.2962056303549572
2090,0.9165382,0.248868778280543
2091,0.43058434,0.0011111111111111111
2092,0.52887547,0.1988527724665392
2093,0.9631887,0.3538205980066445
2094,0.8255576,0.34552102376599636
2095,0.7066754,0.0
2096,0.9538607,0.0851063829787234
2097,0.969732,0.22996515679442509
2098,0.8585012,0.3074433656957929
2099,0.88976836,0.4683271832718327
2100,0.9055946,0.9006011163589523
2101,0.7491576,0.005188421627525942
2102,0.6705352,0.28610206297502716
2103,0.9211307,0.22972972972972974
2104,0.8820585,0.13373205741626795
2105,0.88953906,0.07655954631379962
2106,0.8309126,0.10989010989010989
2107,0.9649713,0.5662251655629139
2108,0.93606085,0.2530316742081448
2109,0.6926478,0.12563667232597622
2110,0.7244125,0.2660753880266075
2111,0.8517666,0.15579710144927536
2112,0.9590621,0.6282608695652174
2113,0.85476047,0.12121212121212122
2114,0.9585845,0.13274336283185842
2115,0.8533578,0.0851063829787234
2116,0.84704655,0.2923076923076923
2117,0.65957433,0.14798206278026907
2118,0.7546529,0.09411764705882353
2119,0.6627716,0.07377049180327869
2120,0.8268507,0.07801418439716312
2121,0.6534859,0.06896551724137931
2122,0.82751477,0.1323529411764706
2123,0.6834819,0.038461538461538464
2124,0.6254448,0.23529411764705882
2125,0.751694,0.0
2126,0.8163528,0.2798913043478261
2127,0.7403406,0.5422735643730119
2128,0.86456496,0.23076923076923078
2129,0.92234695,0.10526315789473684
2130,0.90834534,0.32637571157495254
2131,0.7128795,0.17844897959183673
2132,0.8937884,0.18032786885245902
2133,0.88168085,0.1111111111111111
2134,0.91903603,0.23566084788029926
2135,0.95654434,0.27049180327868855
2136,0.7900684,0.1702127659574468
2137,0.93466556,0.39217758985200846
2138,0.88601816,0.04482225656877898
2139,0.8645744,0.13095238095238096
2140,0.92479104,0.20430107526881722
2141,0.8952113,0.10619469026548672
2142,0.8706367,0.046511627906976744
2143,0.97420895,0.5723981900452488
2144,0.8042285,0.027777777777777776
2145,0.7617723,0.2448
2146,0.93630195,0.3240454076367389
2147,0.9312058,0.018867924528301886
2148,0.920304,0.4642857142857143
2149,0.8571435,0.3445121951219512
2150,0.97306323,0.43283582089552236
2151,0.8975557,0.3484848484848485
2152,0.8023148,0.02556818181818182
2153,0.9627891,0.21212121212121213
2154,0.8358792,0.07692307692307693
2155,0.83021486,0.271523178807947
2156,0.72737706,0.11267605633802817
2157,0.7076335,0.0
2158,0.9572953,0.48773006134969327
2159,0.84086037,0.3
2160,0.9228229,0.29783393501805056
2161,0.9491224,0.23404255319148937
2162,0.13876048,0.30913126188966394
2163,0.9176363,0.2852112676056338
2164,0.9565034,0.37037037037037035
2165,0.9585939,0.07575757575757576
2166,0.8428999,0.21052631578947367
2167,0.90724015,0.21700223713646533
2168,0.9329569,0.08029197080291971
2169,0.9596632,0.3220910623946037
2170,0.95369506,0.41751824817518246
2171,0.78104097,0.2160365600332364
2172,0.9060385,0.11888111888111888
2173,0.9474598,0.4622980251346499
2174,0.80288243,0.2078853046594982
2175,0.61613953,0.345367027677497
2176,0.8945195,0.2043103448275862
2177,0.8396222,0.5809895298706631
2178,0.89596903,0.1774193548387097
2179,0.9058484,0.14166666666666666
2180,0.6822094,0.26152398871119475
2181,0.78167695,0.3911764705882353
2182,0.7300549,0.29673423423423423
2183,0.6842407,0.17902350813743217
2184,0.927609,0.20261437908496732
2185,0.6868294,0.0826271186440678
2186,0.6721752,0.008264462809917356
2187,0.8186512,0.1762114537444934
2188,0.74373895,0.16831683168316833
2189,0.96621007,0.4601366742596811
2190,0.49960005,0.30454545454545456
2191,0.7458375,0.1622002820874471
2192,0.8494833,0.026476578411405296
2193,0.5381865,0.3786342123056119
2194,0.6577427,0.2800982800982801
2195,0.721156,0.14080124465188643
2196,0.9218617,0.7056521739130435
2197,0.8758747,0.33125
2198,0.6328152,0.09567901234567901
2199,0.9350881,0.5068522032468902
2200,0.8573744,0.05755395683453238
2201,0.9675778,0.22988505747126436
2202,0.90585136,0.175
2203,0.9508414,0.3926553672316384
2204,0.9760109,0.21428571428571427
2205,0.74709433,0.041025641025641026
2206,0.93669355,0.5162790697674419
2207,0.9019701,0.32454128440366975
2208,0.8239027,0.358974358974359
2209,0.8628105,0.1731123388581952
2210,0.47948524,0.0
2211,0.89808995,0.02127659574468085
2212,0.9487674,0.29925187032418954
2213,0.388313,0.0033333333333333335
2214,0.87355226,0.2830188679245283
2215,0.71395385,0.05
2216,0.507651,0.16192560175054704
2217,0.77918005,0.2441025641025641
2218,0.8197503,0.0
2219,0.63499355,0.08235294117647059
2220,0.9407733,0.4786885245901639
2221,0.91850334,0.3799421407907425
2222,0.92398745,0.3214585079631182
2223,0.764678,0.12222222222222222
2224,0.6819218,0.017412935323383085
2225,0.5734503,0.08333333333333333
2226,0.9557155,0.6011477761836442
2227,0.54500633,0.0019138755980861245
2228,0.9545721,0.14285714285714285
2229,0.9003378,0.5003880983182406
2230,0.9498246,0.0684931506849315
2231,0.88769215,0.17073170731707318
2232,0.9355634,0.36952789699570815
2233,0.6927105,0.08064516129032258
2234,0.41811055,0.18910854158895934
2235,0.903801,0.33245033112582784
2236,0.7017291,0.004678362573099415
2237,0.9096969,0.18910741301059
2238,0.81089514,0.6685512367491167
2239,0.63107157,0.05674846625766871
2240,0.9342987,0.48091954022988503
2241,0.795682,0.3929992044550517
2242,0.6011533,0.15077989601386482
2243,0.82780004,0.18309859154929578
2244,0.8782274,0.0
2245,0.8731945,0.1411042944785276
2246,0.69930196,0.042328042328042326
2247,0.9454368,0.4067890929326656
2248,0.6824857,0.25552608311229
2249,0.85696435,0.25806451612903225
2250,0.70796394,0.1736111111111111
2251,0.914931,0.1233644859813084
2252,0.8924383,0.13612565445026178
2253,0.9654501,0.4421768707482993
2254,0.6632583,0.01568627450980392
2255,0.9246816,0.5208581644815257
2256,0.7933952,0.17180616740088106
2257,0.7246115,0.16666666666666666
2258,0.8638164,0.08496732026143791
2259,0.875621,0.10326086956521739
2260,0.9653563,0.6233631977946243
2261,0.6850359,0.204177545691906
2262,0.4659856,0.010209564750134336
2263,0.52920634,0.0
2264,0.9730321,0.192090395480226
2265,0.35528916,0.1772428884026258
2266,0.83745587,0.006271379703534778
2267,0.98031676,0.2631578947368421
2268,0.9368946,0.3399715504978663
2269,0.9188752,0.15648854961832062
2270,0.9292159,0.19021509911429776
2271,0.8550882,0.11764705882352941
2272,0.47915968,0.007700770077007701
2273,0.67784685,0.005494505494505495
2274,0.8506685,0.08092485549132948
2275,0.3944604,0.1144578313253012
2276,0.93122774,0.2614742698191933
2277,0.8726048,0.3431952662721893
2278,0.9660551,0.09308151859703219
2279,0.903686,0.31958762886597936
2280,0.8355466,0.4223008849557522
2281,0.78891784,0.2857142857142857
2282,0.7914815,0.0136986301369863
2283,0.94851965,0.24043715846994534
2284,0.9642344,0.3935643564356436
2285,0.5907688,0.4944153179849555
2286,0.83537525,0.19727891156462585
2287,0.9833881,0.41607396870554764
2288,0.6524468,0.20433996383363473
2289,0.9607733,0.006189821182943604
2290,0.92264676,0.32727272727272727
2291,0.88013864,0.6334234975890862
2292,0.41727433,0.14568345323741008
2293,0.96542937,0.6392318244170097
2294,0.9180356,0.10795454545454546
2295,0.8658758,0.4188453159041394
2296,0.88962746,0.02880658436213992
2297,0.61686707,0.13137755102040816
2298,0.8327713,0.046511627906976744
2299,0.6499757,0.07333333333333333
2300,0.95954406,0.5878564857405704
2301,0.9249368,0.40903054448871184
2302,0.9344654,0.2718707940780619
2303,0.67697316,0.050216986980781156
2304,0.83504057,0.31767658659017567
2305,0.93924147,0.2663587374903772
2306,0.9283282,0.16666666666666666
2307,0.4387451,0.1719387755102041
2308,0.95884943,0.2476340694006309
2309,0.94632995,0.296229802513465
2310,0.9648484,0.8104471705579739
2311,0.66586864,0.14665127020785218
2312,0.65974015,0.31841952353282976
2313,0.7721573,0.09219858156028368
2314,0.33687848,0.008264462809917356
2315,0.9566378,0.5545808966861598
2316,0.7555365,0.07216494845360824
2317,0.92753637,0.45692883895131087
2318,0.86460274,0.10722610722610723
2319,0.8873544,0.3500897666068223
2320,0.9390182,0.3013698630136986
2321,0.5342502,0.057692307692307696
2322,0.8261798,0.040947410678442396
2323,0.84936416,0.3024361259655377
2324,0.904974,0.1875
2325,0.91326255,0.15918712955122777
2326,0.9432855,0.175
2327,0.7146638,0.1863013698630137
2328,0.7945456,0.49034749034749037
2329,0.7258319,0.03859275053304904
2330,0.9234415,0.2647058823529412
2331,0.6165133,0.0
2332,0.93289113,0.04288856304985337
2333,0.52804273,0.12260313771063336
2334,0.7899943,0.0641025641025641
2335,0.9050298,0.1281012658227848
2336,0.90907705,0.1111111111111111
2337,0.94625777,0.33088725817211473
2338,0.7197888,0.2985849056603774
2339,0.6760579,0.16511127063890882
2340,0.88690805,0.043478260869565216
2341,0.92628515,0.15953307392996108
2342,0.980051,0.24401913875598086
2343,0.9326787,0.09375
2344,0.47578117,0.04310344827586207
2345,0.92604846,0.34195725534308213
2346,0.8437053,0.24390243902439024
2347,0.855788,0.1843137254901961
2348,0.92753905,0.0
2349,0.6968215,0.23006535947712417
2350,0.7195654,0.03684210526315789
2351,0.6590765,0.0
2352,0.6828205,0.07705192629815745
2353,0.96661586,0.12743461324429606
2354,0.8494897,0.14754098360655737
2355,0.80847186,0.0
2356,0.6356459,0.20864067439409906
2357,0.9403787,0.16875
2358,0.77151096,0.20588235294117646
2359,0.82559526,0.32748538011695905
2360,0.89572537,0.288135593220339
2361,0.8556331,0.3512280701754386
2362,0.9283229,0.2021072796934866
2363,0.50031084,0.06422018348623854
2364,0.79893434,0.1111111111111111
2365,0.69279325,0.22916666666666666
2366,0.91674674,0.035622317596566526
2367,0.95544505,0.35454545454545455
2368,0.8641698,0.0
2369,0.9550591,0.8575280261104016
2370,0.6182938,0.21299638989169675
2371,0.76679957,0.03529411764705882
2372,0.95420665,0.064
2373,0.7989964,0.0
2374,0.69696546,0.08
2375,0.7460613,0.047619047619047616
2376,0.60857135,0.024017467248908297
2377,0.90437007,0.14018691588785046
2378,0.7442085,0.2703081232492997
2379,0.7497766,0.17777777777777778
2380,0.91873384,0.2832618025751073
2381,0.9194231,0.3633293938882323
2382,0.7913675,0.27300850734725446
2383,0.8389438,0.04416403785488959
2384,0.7395821,0.09259259259259259
2385,0.63319635,0.0
2386,0.74118364,0.2551605504587156
2387,0.90163255,0.22349570200573066
2388,0.8835795,0.41916167664670656
2389,0.93731797,0.2713178294573643
2390,0.81113863,0.05917159763313609
2391,0.8323819,0.019230769230769232
2392,0.79511225,0.03488372093023256
2393,0.8957013,0.34423548650858543
2394,0.96315104,0.227345629510826
2395,0.47739604,0.0467397576457011
2396,0.98660296,0.6696371737746658
2397,0.9355826,0.2824427480916031
2398,0.605434,0.05185185185185185
2399,0.4247995,0.026696329254727477
2400,0.34184915,0.006097560975609756
2401,0.9646916,0.29906542056074764
2402,0.89632064,0.07079646017699115
2403,0.942518,0.2475442043222004
2404,0.9528258,0.2875
2405,0.89291805,0.2857142857142857
2406,0.53485024,0.1873170731707317
2407,0.42584193,0.12756147540983606
2408,0.84004486,0.10619469026548672
2409,0.8836977,0.3684210526315789
2410,0.5422107,0.07752808988764046
2411,0.391017,0.0037936267071320183
2412,0.89131075,0.004464285714285714
2413,0.88866335,0.23059360730593606
2414,0.9086446,0.07154742096505824
2415,0.7883423,0.0
2416,0.4179195,0.11101766190075694
2417,0.88890105,0.1872146118721461
2418,0.8136774,0.14621284755512942
2419,0.5179696,0.017264276228419653
2420,0.93811345,0.23919308357348704
2421,0.825187,0.20963364993215738
2422,0.64826083,0.04417670682730924
2423,0.8312932,0.13793103448275862
2424,0.8782613,0.04421175101803374
2425,0.9258261,0.0821256038647343
2426,0.9205916,0.5063103192279139
2427,0.899618,0.32192846034214617
2428,0.90994424,0.18461538461538463
2429,0.89674824,0.8887765419615774
2430,0.8468745,0.21052631578947367
2431,0.8132043,0.12738853503184713
2432,0.9479689,0.17708333333333334
2433,0.6003543,0.06631299734748011
2434,0.66143525,0.04216867469879518
2435,0.9304894,0.07692307692307693
2436,0.8096804,0.12371134020618557
2437,0.9502956,0.8552036199095022
2438,0.93397343,0.050505050505050504
2439,0.92667997,0.4967741935483871
2440,0.97038436,0.5770416024653313
2441,0.8083055,0.02702702702702703
2442,0.81396997,0.02798708288482239
2443,0.94926274,0.525082508250825
2444,0.9520242,0.7314992535721903
2445,0.9598256,0.37398373983739835
2446,0.52720445,0.11486486486486487
2447,0.86639833,0.4211590296495957
2448,0.63081837,0.019747235387045814
2449,0.808387,0.15909471919530596
2450,0.9444454,0.29906542056074764
2451,0.97625214,0.41852487135506006
2452,0.76043457,0.15384615384615385
2453,0.6698671,0.16339869281045752
2454,0.71354914,0.10449129239230064
2455,0.9524525,0.13793103448275862
2456,0.6073649,0.21733505821474774
2457,0.51708895,0.15384615384615385
2458,0.9621699,0.23880597014925373
2459,0.6457436,0.32975113122171945
2460,0.6934535,0.06375838926174497
2461,0.91716737,0.024691358024691357
2462,0.738541,0.09433962264150944
2463,0.9600208,0.42038216560509556
2464,0.8966479,0.3788187372708758
2465,0.75405717,0.12083333333333333
2466,0.89191324,0.5056947608200456
2467,0.95571345,0.5162986330178759
2468,0.9544371,0.2553763440860215
2469,0.95233965,0.5185619382571317
2470,0.80453277,0.05828953655040611
2471,0.8988841,0.1388888888888889
2472,0.8926336,0.2611311672683514
2473,0.90427923,0.48216833095577744
2474,0.97666717,0.37243947858473
2475,0.4701935,0.252
2476,0.92072505,0.11587982832618025
2477,0.78484386,0.2372670807453416
2478,0.9312606,0.30656934306569344
2479,0.60612375,0.12575452716297786
2480,0.9110864,0.2905982905982906
2481,0.94997174,0.9225682593856656
2482,0.9551456,0.4423963133640553
2483,0.89245766,0.3740831295843521
2484,0.351536,0.3498897528142045
2485,0.48417026,0.0
2486,0.33905265,0.06389452332657201
2487,0.95095927,0.21428571428571427
2488,0.6727501,0.0
2489,0.46874088,0.04310344827586207
2490,0.9607527,0.5146641438032167
2491,0.9056418,0.07142857142857142
2492,0.9507465,0.08695652173913043
2493,0.89976084,0.34635540733682707
2494,0.9074061,0.35561497326203206
2495,0.9354049,0.21153846153846154
2496,0.91835755,0.16666666666666666
2497,0.47264758,0.0057306590257879654
2498,0.87467337,0.09375
2499,0.35763097,0.08175559380378658
2500,0.9290548,0.5133868808567604
2501,0.9381852,0.1865671641791045
2502,0.9033474,0.46392896781354054
2503,0.80036604,0.08823529411764706
2504,0.81381464,0.08333333333333333
2505,0.60497856,0.17946577629382304
2506,0.46874535,0.15977575332866154
2507,0.72873837,0.1174496644295302
2508,0.81019235,0.1461187214611872
2509,0.9446805,0.3487179487179487
2510,0.80668145,0.0
2511,0.9307958,0.35081967213114756
2512,0.89607793,0.4256546826453617
2513,0.62440455,0.0
2514,0.8844822,0.27153284671532846
2515,0.9289693,0.7519294377067255
2516,0.8965878,0.35714285714285715
2517,0.96429914,0.3235294117647059
2518,0.9278022,0.29464285714285715
2519,0.84703416,0.1486810551558753
2520,0.96816427,0.41037735849056606
2521,0.9555855,0.2848101265822785
2522,0.92616713,0.2518043303929431
2523,0.71351516,0.4279918864097363
2524,0.67657197,0.21739130434782608
2525,0.9290241,0.20905923344947736
2526,0.9038054,0.0
2527,0.8415489,0.4617684750106792
2528,0.8211369,0.0013238019592268996
2529,0.42793632,0.011834319526627219
2530,0.42919636,0.10996997945963027
2531,0.84529626,0.26458752515090544
2532,0.9923217,0.6697580645161291
2533,0.8341774,0.19062226117440842
2534,0.9242617,0.48428686543110394
2535,0.90768284,0.3562005277044855
2536,0.8147488,0.02644836272040302
2537,0.86775124,0.16304347826086957
2538,0.750349,0.058823529411764705
2539,0.83582634,0.046169989506820566
2540,0.641162,0.3956043956043956
2541,0.91989774,0.028169014084507043
2542,0.81300855,0.1095890410958904
2543,0.8490833,0.03
2544,0.96621335,0.7454142310018141
2545,0.5439938,0.13414124529878813
2546,0.8098162,0.34618291761148906
2547,0.6657753,0.07105719237435008
2548,0.78448963,0.0
2549,0.8001343,0.22139471902505078
2550,0.9743685,0.5876174682144831
2551,0.900598,0.07266553480475382
2552,0.9015543,0.3506694129763131
2553,0.94982946,0.5279829545454545
2554,0.20994267,0.14285714285714285
2555,0.88238466,0.1875
2556,0.94885707,0.09090909090909091
2557,0.7908244,0.002718212020537602
2558,0.96324754,0.38541281007034434
2559,0.3221097,0.1705607476635514
2560,0.9634536,0.39453125
2561,0.88958985,0.35927152317880795
2562,0.9545192,0.30022075055187636
2563,0.8912532,0.2857142857142857
2564,0.62818,0.22418879056047197
2565,0.9270973,0.5338417540514776
2566,0.94795173,0.4002163331530557
2567,0.9495533,0.19488428745432398
2568,0.93183565,0.3284132841328413
2569,0.6650255,0.17820773930753564
2570,0.87988836,0.2752808988764045
2571,0.91549295,0.015957446808510637
2572,0.949803,0.08231558378114313
2573,0.45202518,0.27219730941704035
2574,0.9496808,0.4456035767511177
2575,0.7864326,0.24527856468366382
2576,0.88852,0.303886925795053
2577,0.7439132,0.2518248175182482
2578,0.73342425,0.0804851157662624
2579,0.8652968,0.13157894736842105
2580,0.8816649,0.2
2581,0.82391703,0.16595744680851063
2582,0.8842244,0.009433962264150943
2583,0.3954379,0.18348024812275546
2584,0.9352748,0.2331288343558282
2585,0.3982411,0.0
2586,0.9084125,0.0
2587,0.58686614,0.056451612903225805
2588,0.83657897,0.1941747572815534
2589,0.8174632,0.0
2590,0.97301626,0.43162393162393164
2591,0.6004546,0.08156606851549755
2592,0.9543496,0.23306233062330622
2593,0.5854462,0.028985507246376812
2594,0.8268525,0.15384615384615385
2595,0.83367306,0.20560224089635853
2596,0.9191259,0.020833333333333332
2597,0.83841556,0.13513513513513514
2598,0.4922699,0.15046296296296297
2599,0.906154,0.24157303370786518
2600,0.9449561,0.11897915168943206
2601,0.8778124,0.5569800569800569
2602,0.7984171,0.109375
2603,0.68397945,0.15252369407097202
2604,0.8790789,0.05714285714285714
2605,0.8322532,0.0842911877394636
2606,0.91287786,0.1326530612244898
2607,0.85254616,0.14893617021276595
2608,0.8956472,0.2744252873563218
2609,0.92929906,0.17073170731707318
2610,0.71426564,0.3745563745563746
2611,0.95429367,0.3810316139767055
2612,0.9164905,0.2708333333333333
2613,0.7791637,0.05660377358490566
2614,0.83904946,0.06493506493506493
2615,0.9301083,0.29607250755287007
2616,0.39000842,0.0068143100511073255
2617,0.86392456,0.25555555555555554
2618,0.89613533,0.007823285780027611
2619,0.8465311,0.3117338003502627
2620,0.8638492,0.07446808510638298
2621,0.87064683,0.24822695035460993
2622,0.7844511,0.125
2623,0.66800255,0.22388059701492538
2624,0.83545953,0.1066518847006652
2625,0.92108774,0.003049813622500847
2626,0.9369975,0.3368852459016393
2627,0.9456527,0.375
2628,0.911708,0.6299108616705184
2629,0.94143814,0.489415749364945
2630,0.95053613,0.15338526063511085
2631,0.72747535,0.13664596273291926
2632,0.9551662,0.5480288728484175
2633,0.92619747,0.029411764705882353
2634,0.80632424,0.07075471698113207
2635,0.28343892,0.007882882882882882
2636,0.36716157,0.007352941176470588
2637,0.42756715,0.12844217151848938
2638,0.8077941,0.1415525114155251
2639,0.6951659,0.17454545454545456
2640,0.8769034,0.5934999183406827
2641,0.66794705,0.005412371134020618
2642,0.9162632,0.4509624197983501
2643,0.7906772,0.11146245059288537
2644,0.8261402,0.22406639004149378
2645,0.6536259,0.0975609756097561
2646,0.96755177,0.3885819521178637
2647,0.44134355,0.0
2648,0.9837359,0.25
2649,0.75325227,0.156412157153447
2650,0.96061367,0.403200826019618
2651,0.6986193,0.004
2652,0.8958355,0.1937984496124031
2653,0.91842115,0.13402061855670103
2654,0.808761,0.3157894736842105
2655,0.48970795,0.028831562974203338
2656,0.928282,0.07446808510638298
2657,0.7148859,0.21491352424156507
2658,0.41128254,0.15903307888040713
2659,0.9680346,0.5190039318479686
2660,0.8358884,0.1685185185185185
2661,0.9103038,0.0
2662,0.79055524,0.10666666666666667
2663,0.82738,0.32710280373831774
2664,0.82157457,0.25139043381535037
2665,0.9470129,0.16449086161879894
2666,0.94410783,0.5172719220549159
2667,0.7008023,0.19621749408983452
2668,0.88234574,0.11688311688311688
2669,0.89730835,0.3924914675767918
2670,0.71481967,0.0
2671,0.68974495,0.030927835051546393
2672,0.71021914,0.15294117647058825
2673,0.9155821,0.2558139534883721
2674,0.904979,0.14285714285714285
2675,0.8756485,0.314828897338403
2676,0.81806463,0.2522080471050049
2677,0.7676013,0.030525030525030524
2678,0.81639904,0.20588235294117646
2679,0.61187977,0.018329938900203666
2680,0.911112,0.4822888283378747
2681,0.8008245,0.019230769230769232
2682,0.9573164,0.32967032967032966
2683,0.7549361,0.18076923076923077
2684,0.75327617,0.36384976525821594
2685,0.91886437,0.02857142857142857
2686,0.9411962,0.22300469483568075
2687,0.7758179,0.28597122302158273
2688,0.8503214,0.10948905109489052
2689,0.6382535,0.1401151631477927
2690,0.7105922,0.9021197007481296
2691,0.9189809,0.11494252873563218
2692,0.89387894,0.20969560315670802
2693,0.85259855,0.14807692307692308
2694,0.334891,0.17798286090969018
2695,0.5976009,0.036585365853658534
2696,0.9302191,0.20997920997921
2697,0.5727601,0.00683371298405467
2698,0.9280964,0.27647058823529413
2699,0.9497332,0.2953271028037383
2700,0.8505935,0.0
2701,0.9294238,0.2694610778443114
2702,0.7727584,0.06483300589390963
2703,0.87838626,0.13322884012539185
2704,0.9052158,0.29081177520071366
2705,0.9378085,0.2956521739130435
2706,0.37012553,0.026737967914438502
2707,0.8944514,0.39
2708,0.6530611,0.3216216216216216
2709,0.51878303,0.0
2710,0.645371,0.394760889430399
2711,0.9173485,0.37757437070938216
2712,0.72363436,0.29310344827586204
2713,0.79031867,0.19727891156462585
2714,0.49253023,0.0
2715,0.9659922,0.08682634730538923
2716,0.9161823,0.15283842794759825
2717,0.8264175,0.14133333333333334
2718,0.94227886,0.45687885010266943
2719,0.94505745,0.3969957081545064
2720,0.47823173,0.10463659147869674
2721,0.8992448,0.33165738911833365
2722,0.8245688,0.07377049180327869
2723,0.9300554,0.0
2724,0.59521395,0.1353904282115869
2725,0.896284,0.0
2726,0.7498561,0.011040092969203951
2727,0.66146106,0.05084745762711865
2728,0.92133,0.7166597424179476
2729,0.9167299,0.5245901639344263
2730,0.74856365,0.10843373493975904
2731,0.76614434,0.3776536312849162
2732,0.7930441,0.3247058823529412
2733,0.8901961,0.018322762508809022
2734,0.8507674,0.1927512355848435
2735,0.8983176,0.08187134502923976
2736,0.94301933,0.28402366863905326
2737,0.90202767,0.33070866141732286
2738,0.4669948,0.16597164303586323
2739,0.7766286,0.18712273641851107
2740,0.6280699,0.0375
2741,0.91484964,0.20363636363636364
2742,0.9714129,0.18306951135581556
2743,0.6045029,0.0
2744,0.88442016,0.286034353995519
2745,0.52060384,0.33175095855395287
2746,0.9481915,0.2977346278317152
2747,0.72829473,0.01680672268907563
2748,0.96816915,0.1395464739596312
2749,0.47882622,0.07392996108949416
2750,0.77762806,0.0344275420336269
2751,0.765093,0.08333333333333333
2752,0.9042894,0.11
2753,0.91178095,0.2
2754,0.7878571,0.0
2755,0.9720373,0.28205128205128205
2756,0.8640417,0.3351851851851852
2757,0.9061946,0.25
2758,0.90018123,0.2485207100591716
2759,0.65442,0.29411764705882354
2760,0.7289697,0.125
2761,0.654468,0.0
2762,0.9568624,0.5134706814580031
2763,0.7424581,0.08480565371024736
2764,0.8537578,0.02631578947368421
2765,0.886743,0.17914110429447852
2766,0.9231673,0.43915343915343913
2767,0.4283696,0.05611390284757119
2768,0.9313268,0.17
2769,0.8990871,0.23846153846153847
2770,0.63143116,0.11764705882352941
2771,0.7709921,0.09009009009009009
2772,0.7982361,0.4402390438247012
2773,0.8513331,0.30337078651685395
2774,0.9021884,0.001932367149758454
2775,0.48011088,0.0
2776,0.3699154,0.04713804713804714
2777,0.98298657,0.6571221457049655
2778,0.9014899,0.2878787878787879
2779,0.8439485,0.0
2780,0.8760561,0.2158273381294964
2781,0.87290096,0.12857142857142856
2782,0.8651743,0.17
2783,0.89773476,0.1509433962264151
2784,0.7408795,0.0
2785,0.66157526,0.2
2786,0.7842805,0.20280474649406688
2787,0.6317268,0.1432225063938619
2788,0.9414622,0.5228215767634855
2789,0.8616469,0.0
2790,0.9122102,0.1111111111111111
2791,0.9455694,0.4940152339499456
2792,0.6224376,0.17763157894736842
2793,0.5526373,0.014005602240896359
2794,0.92899597,0.3406896551724138
2795,0.5375191,0.019230769230769232
2796,0.9414701,0.49444444444444446
2797,0.9520826,0.3
2798,0.76515245,0.19469026548672566
2799,0.66612184,0.11165048543689321
2800,0.71948004,0.07357859531772576
2801,0.8689876,0.25806451612903225
2802,0.92458814,0.21739130434782608
2803,0.955828,0.29384615384615387
2804,0.37157077,0.16339193381592554
2805,0.8836625,0.22910616327847694
2806,0.73229945,0.07731958762886598
2807,0.9607466,0.3319103521878335
2808,0.9720538,0.2713178294573643
2809,0.8819519,0.07657402155416904
2810,0.918818,0.5418894830659536
2811,0.88508356,0.16923076923076924
2812,0.2531613,0.0007693998681028798
2813,0.9404789,0.25355450236966826
2814,0.88709766,0.38176128743853377
2815,0.93917334,0.39906832298136646
2816,0.65558404,0.2033195020746888
2817,0.8489058,0.14965986394557823
2818,0.82482696,0.16977611940298507
2819,0.9570404,0.14860681114551083
2820,0.8582323,0.13214739517153748
2821,0.9283072,0.2608695652173913
2822,0.74898463,0.15384615384615385
2823,0.5056788,0.18301158301158302
2824,0.87119544,0.29236338562316844
2825,0.93120605,0.0017761989342806395
2826,0.87249607,0.2222222222222222
2827,0.616707,0.33235867446393763
2828,0.94564503,0.5826271186440678
2829,0.5436855,0.0
2830,0.5344784,0.2664359861591695
2831,0.9640889,0.3125
2832,0.9058901,0.03007518796992481
2833,0.7557742,0.2543859649122807
2834,0.9588056,0.5581106277190802
2835,0.85134834,0.3417290673927842
2836,0.6952507,0.18831168831168832
2837,0.9588766,0.4968421052631579
2838,0.9380726,0.3185378590078329
2839,0.9490424,0.22306525037936267
2840,0.7808834,0.07894736842105263
2841,0.95628107,0.8670442688925324
2842,0.9187352,0.25
2843,0.93828094,0.3913857677902622
2844,0.9120529,0.08577878103837472
2845,0.41811773,0.06582165888370024
2846,0.6798491,0.06944444444444445
2847,0.94343877,0.20987654320987653
2848,0.6481051,0.09829867674858223
2849,0.87002724,0.3164128595600677
2850,0.72851145,0.30952380952380953
2851,0.77682114,0.072992700729927
2852,0.9005069,0.22768670309653916
2853,0.9394647,0.4375
2854,0.48178867,0.0635593220338983
2855,0.98331594,0.5465994962216625
2856,0.468942,0.08997955010224949
2857,0.9119394,0.27835051546391754
2858,0.7998489,0.05185185185185185
2859,0.8643337,0.023532522474881017
2860,0.7585394,0.0914396887159533
2861,0.8714351,0.32242990654205606
2862,0.8479465,0.0967741935483871
2863,0.83626497,0.20364741641337386
2864,0.6421502,0.10317460317460317
2865,0.731744,0.00909090909090909
2866,0.2453269,0.0
2867,0.9666299,0.06224066390041494
2868,0.8342298,0.10426540284360189
2869,0.94791293,0.31797235023041476
2870,0.90525126,0.022192028985507248
2871,0.9220712,0.21428571428571427
2872,0.88113105,0.0
2873,0.9645986,0.1
2874,0.6789144,0.05
2875,0.91940403,0.17829457364341086
2876,0.741745,0.05
2877,0.63886267,0.09081934846989141
2878,0.8669268,0.18681318681318682
2879,0.82341015,0.16129032258064516
2880,0.9257217,0.40404040404040403
2881,0.84670883,0.3227366966136835
2882,0.8448672,0.2718204488778055
2883,0.9328175,0.4835841313269494
2884,0.8747756,0.35513698630136986
2885,0.95674825,0.43521049753963914
2886,0.7724919,0.20652173913043478
2887,0.8778913,0.17032967032967034
2888,0.8599245,0.02127659574468085
2889,0.8997092,0.18153846153846154
2890,0.9413761,0.2289308176100629
2891,0.8248841,0.0
2892,0.8695077,0.2857142857142857
2893,0.5365031,0.10316529894490035
2894,0.65070385,0.17007299270072992
2895,0.8578935,0.37263664489515297
2896,0.9574874,0.30678466076696165
2897,0.94418186,0.43037974683544306
2898,0.66352177,0.08666666666666667
2899,0.88686544,0.06147540983606557
2900,0.8543781,0.23221936589545844
2901,0.96797746,0.37998274374460744
2902,0.686132,0.015472779369627506
2903,0.9490989,0.49394939493949397
2904,0.960181,0.2800161976108524
2905,0.90376866,0.34234234234234234
2906,0.7386142,0.21818181818181817
2907,0.81396264,0.43358913813459266
2908,0.94534725,0.2141089108910891
2909,0.6022421,0.1528735632183908
2910,0.9243451,0.1056338028169014
2911,0.7116053,0.23094425483503983
2912,0.8535845,0.13392857142857142
2913,0.79432565,0.0
2914,0.7120428,0.0
2915,0.9109822,0.15584415584415584
2916,0.3628855,0.047697368421052634
2917,0.5081763,0.1134020618556701
2918,0.88879967,0.02112676056338028
2919,0.8305134,0.26398247978436656
2920,0.55223185,0.0
2921,0.8022803,0.112
2922,0.7974032,0.08421052631578947
2923,0.7165757,0.0
2924,0.96367615,0.06666666666666667
2925,0.9351092,0.0
2926,0.8260416,0.29464285714285715
2927,0.71590406,0.24745762711864408
2928,0.95235527,0.24765478424015008
2929,0.6608428,0.08544303797468354
2930,0.7417002,0.0
2931,0.73443735,0.3515981735159817
2932,0.9096637,0.16770186335403728
2933,0.5315694,0.10067114093959731
2934,0.8713391,0.17109038737446197
2935,0.8491651,0.3521520402459475
2936,0.84360266,0.2076923076923077
2937,0.77940494,0.03669724770642202
2938,0.84222364,0.15517241379310345
2939,0.9475824,0.10714285714285714
2940,0.95454836,0.21951219512195122
2941,0.850875,0.0
2942,0.86552256,0.0010251153254741158
2943,0.9105595,0.1891891891891892
2944,0.73021317,0.10070257611241218
2945,0.9157349,0.43113207547169813
2946,0.8886525,0.481267217630854
2947,0.8382859,0.08450704225352113
2948,0.9017776,0.2981132075471698
2949,0.9506407,0.14129775621588841
2950,0.91958594,0.07407407407407407
2951,0.832,0.13043478260869565
2952,0.70137924,0.0
2953,0.95341736,0.3836477987421384
2954,0.57247925,0.19058823529411764
2955,0.9113826,0.0063371356147021544
2956,0.9867994,0.3902439024390244
2957,0.97153807,0.46337308347529815
2958,0.87600315,0.13598901098901098
2959,0.44143367,0.11760355029585799
2960,0.6639407,0.0655
2961,0.8295544,0.16
2962,0.5792274,0.0040290088638195
2963,0.93722194,0.05714285714285714
2964,0.9159348,0.30698739977090495
2965,0.83166933,0.32338308457711445
2966,0.8060285,0.2231237322515213
2967,0.7884148,0.0
2968,0.9463423,0.1272461345591308
2969,0.65594596,0.2655190401669275
2970,0.927121,0.28921313183949976
2971,0.84513736,0.1604077253218884
2972,0.77343464,0.17922077922077922
2973,0.93630445,0.12686567164179105
2974,0.8358254,0.06950207468879668
2975,0.93423253,0.015053763440860216
2976,0.8026403,0.16071428571428573
2977,0.78266984,0.2817150063051702
2978,0.39867905,0.1111111111111111
2979,0.85451305,0.0772801747678864
2980,0.9539967,0.5747126436781609
2981,0.58242255,0.019699812382739212
2982,0.9059369,0.825735718407386
2983,0.862876,0.3108952116585704
2984,0.91017526,0.2916666666666667
2985,0.9040421,0.037037037037037035
2986,0.5863836,0.0
2987,0.89796925,0.12173913043478261
2988,0.9165982,0.3543307086614173
2989,0.6503092,0.009375
2990,0.5488677,0.15489130434782608
2991,0.9255644,0.4242738589211618
2992,0.80183977,0.34417344173441733
2993,0.546857,0.034482758620689655
2994,0.4636318,0.03581020590868397
2995,0.9059705,0.21428571428571427
2996,0.9121032,0.0
2997,0.6499154,0.2646490663232453
2998,0.8633057,0.21170774647887325
2999,0.9343477,0.20915032679738563
3000,0.9018679,0.057692307692307696
3001,0.52837586,0.09399332591768632
3002,0.86567396,0.14473684210526316
3003,0.9656335,0.3395882199635132
3004,0.9279705,0.3363914373088685
3005,0.9547616,0.1875
3006,0.70665765,0.9113422486379396
3007,0.80130374,0.09026548672566372
3008,0.6830581,0.06086956521739131
3009,0.9687814,0.15184778631540433
3010,0.92389965,0.18975109809663251
3011,0.9269058,0.09782608695652174
3012,0.5647382,0.1628614916286149
3013,0.74354845,0.18037135278514588
3014,0.8514025,0.21818181818181817
3015,0.88280183,0.0
3016,0.34011126,0.00031522538615109805
3017,0.8788224,0.22580645161290322
3018,0.9305031,0.20444444444444446
3019,0.971653,0.42579421526789946
3020,0.88000566,0.13609467455621302
3021,0.9103157,0.33497536945812806
3022,0.94117457,0.4201824401368301
3023,0.5933405,0.08499095840867993
3024,0.92713434,0.21311475409836064
3025,0.31801325,0.08964824120603015
3026,0.69859624,0.039042357274401474
3027,0.7696085,0.07
3028,0.7274985,0.21005917159763313
3029,0.7488282,0.04626060138781804
3030,0.50301313,0.0
3031,0.9288416,0.0
3032,0.73750144,0.005595970900951315
3033,0.9362248,0.08
3034,0.9461616,0.33986928104575165
3035,0.85102516,0.2037037037037037
3036,0.9683295,0.4303683737646002
3037,0.30976206,0.09546165884194054
3038,0.9575901,0.3372972972972973
3039,0.9262184,0.088659793814433
3040,0.6501235,0.19636363636363635
3041,0.8087012,0.1305732484076433
3042,0.9163312,0.26959247648902823
3043,0.6906993,0.0
3044,0.76082945,0.07518796992481203
3045,0.75158703,0.44012522828072004
3046,0.78414774,0.12278978388998035
3047,0.7392616,0.15625
3048,0.9744628,0.282845767699498
3049,0.9116097,0.40825688073394495
3050,0.93222755,0.24528301886792453
3051,0.6999025,0.018518518518518517
3052,0.9523821,0.1414141414141414
3053,0.5790793,0.26996197718631176
3054,0.93920463,0.35294117647058826
3055,0.8014928,0.3094867807153966
3056,0.91144013,0.39490445859872614
3057,0.9548439,0.4303030303030303
3058,0.8841759,0.3766314481044127
3059,0.64447254,0.00909090909090909
3060,0.5435131,0.011890951276102088
3061,0.5929548,0.11764705882352941
3062,0.42083016,0.23703319502074688
3063,0.6470524,0.07147007553747821
3064,0.7886394,0.0625
3065,0.7877504,0.13117283950617284
3066,0.8863082,0.4931506849315068
3067,0.4498742,0.0
3068,0.8944905,0.12871287128712872
3069,0.8606866,0.26666666666666666
3070,0.6924617,0.08759124087591241
3071,0.56763923,0.21273031825795644
3072,0.6688354,0.26435643564356437
3073,0.9554841,0.5095613048368954
3074,0.845227,0.17475728155339806
3075,0.68216395,0.038461538461538464
3076,0.86673295,0.5730669626341103
3077,0.85787797,0.2118380062305296
3078,0.7495369,0.17221418234442837
3079,0.90864426,0.4602076124567474
3080,0.83901656,0.39488636363636365
3081,0.77529,0.10112359550561797
3082,0.75789016,0.03650793650793651
3083,0.9116327,0.2357865364492501
3084,0.42683125,0.09827586206896552
3085,0.60178936,0.13695652173913042
3086,0.29884496,0.22315242494226328
3087,0.88453054,0.36684303350970016
3088,0.60687745,0.0847953216374269
3089,0.93464786,0.5468091087995501
3090,0.855968,0.0
3091,0.9431166,0.4108937070333157
3092,0.80890876,0.13592233009708737
3093,0.96229774,0.6679365079365079
3094,0.9095859,0.17647058823529413
3095,0.97634846,0.2597402597402597
3096,0.75319266,0.1325136612021858
3097,0.8125414,0.1056338028169014
3098,0.9160036,0.24680851063829787
3099,0.66483134,0.0546875
3100,0.91276705,0.21918876755070202
3101,0.6698465,0.038461538461538464
3102,0.88076156,0.18493150684931506
3103,0.91890156,0.4807976366322009
3104,0.85393125,0.06321839080459771
3105,0.53540826,0.0005767012687427913
3106,0.8902838,0.0
3107,0.9812686,0.40764331210191085
3108,0.35503381,0.09635299414678072
3109,0.5765361,0.053315994798439535
3110,0.8953063,0.3076923076923077
3111,0.5884652,0.2362168396770473
3112,0.9240404,0.38769804287045667
3113,0.66333944,0.25178791615289764
3114,0.45299175,0.0175054704595186
3115,0.6533735,0.04698972099853157
3116,0.7441624,0.1908831908831909
3117,0.8983006,0.39352485180118557
3118,0.8804909,0.24039653035935563
3119,0.7600597,0.10299003322259136
3120,0.9361679,0.4571114369501466
3121,0.9246966,0.3949627933600458
3122,0.9127918,0.2925764192139738
3123,0.965267,0.29534246575342465
3124,0.89148635,0.06666666666666667
3125,0.48313558,0.005825242718446602
3126,0.90060735,0.35795454545454547
3127,0.93884546,0.13636363636363635
3128,0.876698,0.13636363636363635
3129,0.85480183,0.07142857142857142
3130,0.83388567,0.19822485207100593
3131,0.93898946,0.2916666666666667
3132,0.9584694,0.0
3133,0.8670599,0.3194444444444444
3134,0.86421734,0.3226744186046512
3135,0.9418843,0.4928571428571429
3136,0.87416685,0.013888888888888888
3137,0.9530242,0.5440340909090909
3138,0.9452019,0.2066420664206642
3139,0.52157855,0.21833839918946302
3140,0.9500444,0.5226537216828478
3141,0.61194575,0.41740444828330814
3142,0.92375326,0.15217391304347827
3143,0.96195894,0.3765096618357488
3144,0.7294035,0.19082125603864733
3145,0.3344802,0.00554016620498615
3146,0.7814133,0.042761692650334075
3147,0.8831545,0.10714285714285714
3148,0.9393379,0.08363636363636363
3149,0.45951438,0.1587719298245614
3150,0.75125116,0.16666666666666666
3151,0.97021556,0.48696985181400104
3152,0.9568214,0.39232053422370616
3153,0.6255628,0.6738603297769156
3154,0.90414476,0.20802919708029197
3155,0.65809447,0.2459016393442623
3156,0.9567982,0.10343409418054698
3157,0.70390064,0.08132530120481928
3158,0.6773137,0.0625
3159,0.7523768,0.2448559670781893
3160,0.772635,0.0
3161,0.52744913,0.028309741881765195
3162,0.91877985,0.4956810631229236
3163,0.67038536,0.2679900744416873
3164,0.8358392,0.12041884816753927
3165,0.7747009,0.17754569190600522
3166,0.89248955,0.0
3167,0.8853454,0.48227474150664695
3168,0.5412869,0.21339656194427978
3169,0.7691496,0.1346153846153846
3170,0.9278103,0.3029932803909591
3171,0.9752427,0.116991643454039
3172,0.844056,0.42979373567608864
3173,0.9365462,0.2761627906976744
3174,0.9773602,0.5173333333333333
3175,0.840103,0.0
3176,0.8904947,0.2721849366144668
3177,0.8814342,0.09836065573770492
3178,0.7028166,0.30191387559808613
3179,0.8668213,0.22695035460992907
3180,0.8291908,0.09131736526946108
3181,0.9185847,0.1473922902494331
3182,0.889398,0.2759051186017478
3183,0.94942975,0.4576923076923077
3184,0.79105735,0.16134751773049646
3185,0.94840896,0.6609090909090909
3186,0.81111264,0.2190082644628099
3187,0.66504115,0.03389830508474576
3188,0.85914856,0.39065492148602066
3189,0.9864285,0.44809228039041704
3190,0.88663375,0.8778142589118199
3191,0.6098195,0.1
3192,0.9097337,0.5208181154127101
3193,0.72301745,0.14285714285714285
3194,0.9223425,0.3925438596491228
3195,0.9291019,0.20108695652173914
3196,0.8516722,0.36379716981132076
3197,0.9149359,0.02112676056338028
3198,0.7596877,0.0
3199,0.9171677,0.23809523809523808
3200,0.36668763,0.05286129970902037
3201,0.9730983,0.4331941544885177
3202,0.92497027,0.06818181818181818
3203,0.8597478,0.15625
3204,0.9642228,0.5516693163751988
3205,0.9550263,0.48185483870967744
3206,0.66283435,0.00906344410876133
3207,0.92434585,0.5614688664183076
3208,0.83529913,0.07317073170731707
3209,0.9007055,0.15
3210,0.8632452,0.3570741097208855
3211,0.80184096,0.0
3212,0.7704201,0.0
3213,0.9595529,0.4936708860759494
3214,0.76612985,0.22857142857142856
3215,0.71137524,0.08695652173913043
3216,0.77229494,0.008593396653098146
3217,0.87904143,0.3359683794466403
3218,0.9302615,0.4750110570544007
3219,0.94284177,0.13368983957219252
3220,0.94735724,0.5813148788927336
3221,0.5812713,0.10377358490566038
3222,0.8711811,0.15942028985507245
3223,0.88342965,0.14606741573033707
3224,0.88298595,0.2908567314614831
3225,0.8907222,0.46778989098116946
3226,0.94935983,0.4557485525227461
3227,0.8400179,0.33431372549019606
3228,0.7309717,0.1834862385321101
3229,0.902108,0.21739130434782608
3230,0.9714357,0.34285714285714286
3231,0.9693554,0.41732283464566927
3232,0.8960231,0.4076628352490421
3233,0.8339405,0.47986822840409954
3234,0.9362822,0.1947537271183242
3235,0.86925536,0.40604026845637586
3236,0.84220123,0.08855116514690983
3237,0.94928646,0.4445983379501385
3238,0.7832997,0.32083333333333336
3239,0.9152262,0.37431991294885747
3240,0.9089906,0.24444444444444444
3241,0.7062907,0.048
3242,0.73392385,0.0
3243,0.9568363,0.256198347107438
3244,0.8519747,0.7455671263720799
3245,0.7629803,0.058823529411764705
3246,0.74530876,0.12121212121212122
3247,0.60802364,0.02464788732394366
3248,0.97366405,0.2902139937484972
3249,0.94312644,0.13274336283185842
3250,0.84772635,0.44171779141104295
3251,0.76944053,0.1972002434570907
3252,0.7228779,0.11125827814569536
3253,0.91769356,0.28733264675592174
3254,0.81512356,0.14804469273743018
3255,0.8159032,0.022988505747126436
3256,0.6069764,0.030534351145038167
3257,0.96309453,0.3003384094754653
3258,0.78862387,0.34418604651162793
3259,0.9790779,0.45217391304347826
3260,0.9344065,0.10761027629665536
3261,0.94606614,0.36796536796536794
3262,0.9330412,0.32571428571428573
3263,0.54240346,0.21254801536491677
3264,0.9069827,0.2994764397905759
3265,0.74063957,0.047619047619047616
3266,0.79031914,0.1786743515850144
3267,0.9714951,0.012735956333863999
3268,0.8182188,0.054016620498614956
3269,0.8877852,0.4533715925394548
3270,0.48452097,0.3426708949964764
3271,0.8719968,0.9105359690238435
3272,0.9293052,0.33992094861660077
3273,0.91402864,0.4068504594820384
3274,0.79984033,0.05319148936170213
3275,0.8672816,0.060240963855421686
3276,0.97767246,0.5284552845528455
3277,0.91444814,0.22252747252747251
3278,0.9214326,0.2689655172413793
3279,0.7880022,0.09587020648967552
3280,0.8757263,0.14634146341463414
3281,0.75775456,0.04008016032064128
3282,0.74947286,0.1484848484848485
3283,0.59944904,0.04040404040404041
3284,0.50627095,0.002183406113537118
3285,0.7041416,0.2288135593220339
3286,0.9117892,0.06060606060606061
3287,0.92584366,0.07142857142857142
3288,0.7128283,0.0
3289,0.7994196,0.07017543859649122
3290,0.6747246,0.22903085614950022
3291,0.6962355,0.02040816326530612
3292,0.88347477,0.022727272727272728
3293,0.8283435,0.29514563106796116
3294,0.8363729,0.0
3295,0.5242126,0.0022953328232593728
3296,0.73243463,0.16448189762796506
3297,0.6293378,0.19015280135823429
3298,0.9553024,0.56720741599073
3299,0.86125475,0.0
3300,0.84668595,0.23668639053254437
3301,0.89194113,0.1728395061728395
3302,0.6589023,0.22908093278463648
3303,0.6345618,0.04106776180698152
3304,0.8856528,0.20658682634730538
3305,0.84221494,0.28043912175648705
3306,0.8499768,0.039473684210526314
3307,0.821907,0.16071428571428573
3308,0.823122,0.16265060240963855
3309,0.94922006,0.35258964143426297
3310,0.9831762,0.7235537190082645
3311,0.92890453,0.25184094256259204
3312,0.8232687,0.2575083426028921
3313,0.45724472,0.09191176470588236
3314,0.8121395,0.07822717364979413
3315,0.97148645,0.44076655052264807
3316,0.92906415,0.37625491051942384
3317,0.9319888,0.26862539349422876
3318,0.51293427,0.020685579196217493
3319,0.90859455,0.38181818181818183
3320,0.9561351,0.31851851851851853
3321,0.8876066,0.25225225225225223
3322,0.84191775,0.653390324460851
3323,0.7277261,0.13214285714285715
3324,0.8052332,0.056179775280898875
3325,0.8922831,0.19131334022750776
3326,0.7987851,0.22705314009661837
3327,0.9417078,0.7376718375583302
3328,0.69064325,0.041411764705882356
3329,0.95229363,0.228
3330,0.9177327,0.15384615384615385
3331,0.9012689,0.4560085836909871
3332,0.8195396,0.22948539638386647
3333,0.89437896,0.2785515320334262
3334,0.8405994,0.1648590021691974
3335,0.9044052,0.296
3336,0.93833,0.4481203007518797
3337,0.3018863,0.5293356341673857
3338,0.7058588,0.15625
3339,0.7203951,0.5309099901088031
3340,0.82430065,0.44823739402052654
3341,0.7030767,0.09900990099009901
3342,0.86884654,0.1875664187035069
3343,0.8380792,0.0
3344,0.51132625,0.10064935064935066
3345,0.8971452,0.27656123276561234
3346,0.9609355,0.5170532060027285
3347,0.91774493,0.25301204819277107
3348,0.70451605,0.15912294440093971
3349,0.8621471,0.19047619047619047
3350,0.9100498,0.2910958904109589
3351,0.7273895,0.012738853503184714
3352,0.9269653,0.2042360060514372
3353,0.76997447,0.09836065573770492
3354,0.7214843,0.0
3355,0.8291279,0.19239373601789708
3356,0.80613184,0.0
3357,0.8141334,0.06433677521842732
3358,0.8916783,0.29545454545454547
3359,0.75523984,0.001462843768285547
3360,0.96334904,0.4226579520697168
3361,0.8451752,0.2081447963800905
3362,0.97742647,0.27611940298507465
3363,0.9382268,0.4855794441531201
3364,0.5073359,0.22227626459143968
3365,0.95273435,0.2261904761904762
3366,0.94852823,0.0
3367,0.94177336,0.39414802065404475
3368,0.972845,0.41751990898748575
3369,0.5840919,0.15796703296703296
3370,0.8555913,0.23295070898041864
3371,0.8904641,0.08571428571428572
3372,0.3419811,0.06097560975609756
3373,0.8821323,0.29691211401425177
3374,0.37566057,0.0
3375,0.54251915,0.05
3376,0.93574053,0.20192307692307693
3377,0.34838352,0.04081632653061224
3378,0.7710955,0.193158953722334
3379,0.74382406,0.35661517797179315
3380,0.9597816,0.8087349397590361
3381,0.8526058,0.31086142322097376
3382,0.8069399,0.4379991593106347
3383,0.9379455,0.362116991643454
3384,0.84923816,0.01818181818181818
3385,0.92884266,0.3680555555555556
3386,0.9317363,0.0
3387,0.7523281,0.14039408866995073
3388,0.8782904,0.3150074294205052
3389,0.86542094,0.3712618526622903
3390,0.76551515,0.0
3391,0.9163336,0.027472527472527472
3392,0.9544127,0.44438233650083847
3393,0.9618263,0.5415162454873647
3394,0.9009802,0.022727272727272728
3395,0.7469453,0.17303370786516853
3396,0.9458603,0.26200873362445415
3397,0.95189315,0.36097560975609755
3398,0.93773127,0.18691588785046728
3399,0.8210259,0.12149532710280374
3400,0.76702577,0.0
3401,0.49015152,0.0034965034965034965
3402,0.6647556,0.07373271889400922
3403,0.93250984,0.3855421686746988
3404,0.7268295,0.12376237623762376
3405,0.7390509,0.08653846153846154
3406,0.83194476,0.0
3407,0.8744113,0.22185430463576158
3408,0.87904316,0.1834319526627219
3409,0.5314315,0.027950310559006212
3410,0.7324684,0.12048192771084337
3411,0.9045611,0.08256880733944955
3412,0.66558695,0.036923076923076927
3413,0.9364017,0.5080385852090032
3414,0.72434616,0.6203605514316013
3415,0.8945115,0.31574074074074077
3416,0.95707023,0.5905417539658785
3417,0.8113627,0.03488372093023256
3418,0.90230924,0.12295081967213115
3419,0.8237574,0.0
3420,0.9131463,0.1360759493670886
3421,0.624156,0.1575178997613365
3422,0.90559155,0.10638297872340426
3423,0.8293839,0.0
3424,0.91234255,0.4481311975591152
3425,0.7099601,0.5639111111111111
3426,0.88755953,0.2982456140350877
3427,0.824367,0.3240506329113924
3428,0.9172488,0.057803468208092484
3429,0.9386076,0.5822302810516773
3430,0.93678343,0.0
3431,0.76058215,0.32608695652173914
3432,0.89423794,0.46540880503144655
3433,0.6912749,0.0006211180124223603
3434,0.937083,0.07562807562807562
3435,0.9263899,0.056074766355140186
3436,0.962008,0.13513513513513514
3437,0.710537,0.11594202898550725
3438,0.9096189,0.34492753623188405
3439,0.7395472,0.017241379310344827
3440,0.91613597,0.22121212121212122
3441,0.5021974,0.007751937984496124
3442,0.92828166,0.2594594594594595
3443,0.91967845,0.18453865336658354
3444,0.8986883,0.19857561793045664
3445,0.9224257,0.014635603345280765
3446,0.7163559,0.23255813953488372
3447,0.9426463,0.4050756466569058
3448,0.94189304,0.40417457305502846
3449,0.6847501,0.0
3450,0.9592383,0.02252252252252252
3451,0.3979774,0.0013054830287206266
3452,0.96298087,0.3725631768953069
3453,0.94997704,0.3448275862068966
3454,0.8987017,0.12389380530973451
3455,0.47714525,0.06844106463878327
3456,0.926667,0.2926829268292683
3457,0.9294846,0.25
3458,0.7939786,0.027522935779816515
3459,0.8543077,0.0
3460,0.8258927,0.0
3461,0.83218944,0.058823529411764705
3462,0.8528432,0.6979020979020979
3463,0.86866665,0.2711864406779661
3464,0.588404,0.1553784860557769
3465,0.761355,0.10091743119266056
3466,0.71749103,0.21855850598190837
3467,0.95132416,0.30461439173927074
3468,0.85420245,0.07539682539682539
3469,0.6799883,0.4607329842931937
3470,0.58676565,0.04395604395604396
3471,0.87710094,0.0
3472,0.80516636,0.7273185483870968
3473,0.716106,0.11059907834101383
3474,0.55866057,0.22142857142857142
3475,0.97875553,0.5771581359816654
3476,0.7393697,0.2727272727272727
3477,0.92679447,0.2594752186588921
3478,0.9727934,0.29375
3479,0.58282065,0.2563467492260062
3480,0.94494057,0.43683083511777304
3481,0.8470068,0.2641242937853107
3482,0.8799254,0.312289931316674
3483,0.9700786,0.4888475836431227
3484,0.5187019,0.1547360809833695
3485,0.94561505,0.42272727272727273
3486,0.93423957,0.12121212121212122
3487,0.91363907,0.4174667079591205
3488,0.94110775,0.29447236180904524
3489,0.91005856,0.29264069264069265
3490,0.89718753,0.3134020618556701
3491,0.31081805,0.0003031221582297666
3492,0.92904854,0.31088082901554404
3493,0.8977097,0.39579524680073125
3494,0.7161474,0.0
3495,0.90908563,0.34368530020703936
3496,0.7811722,0.3608099815913275
3497,0.93635184,0.2641509433962264
3498,0.83090174,0.0
3499,0.83186406,0.2313697657913414
3500,0.96714586,0.4947209653092006
3501,0.81534505,0.25997045790251105
3502,0.9332371,0.015895953757225433
3503,0.60743576,0.03296703296703297
3504,0.6005225,0.05
3505,0.94903994,0.23484848484848486
3506,0.9399014,0.19125
3507,0.9027641,0.11971830985915492
3508,0.9186251,0.17615176151761516
3509,0.88713497,0.16260162601626016
3510,0.8521218,0.05263157894736842
3511,0.7977995,0.23170731707317074
3512,0.85692024,0.14285714285714285
3513,0.4079895,0.3588362068965517
3514,0.9658799,0.2849604221635884
3515,0.7120808,0.03451536643026005
3516,0.80695343,0.11340996168582375
3517,0.90862566,0.3383458646616541
3518,0.8930407,0.020050125313283207
3519,0.49290115,0.0
3520,0.8986883,0.0
3521,0.71111226,0.0847457627118644
3522,0.9730177,0.5518072289156627
3523,0.8255215,0.41993058998512645
3524,0.900136,0.5369807497467072
3525,0.9431758,0.35686876438986953
3526,0.8053245,0.10270880361173815
3527,0.8698713,0.09743589743589744
3528,0.30012485,0.06933744221879815
3529,0.97504157,0.24
3530,0.7608356,0.13469301041002762
3531,0.49448618,0.09126282278033251
3532,0.927549,0.25925925925925924
3533,0.8797544,0.35823754789272033
3534,0.907179,0.06666666666666667
3535,0.53348786,0.3151750972762646
3536,0.7647657,0.3298687089715536
3537,0.63646877,0.11290322580645161
3538,0.9327502,0.20652173913043478
3539,0.9685112,0.22859046984338555
3540,0.80542195,0.22857142857142856
3541,0.6234313,0.19248826291079812
3542,0.9622212,0.19652173913043477
3543,0.8994204,0.09195402298850575
3544,0.82196486,0.13076923076923078
3545,0.8206086,0.16521739130434782
3546,0.9600603,0.4446786090621707
3547,0.7304383,0.13991769547325103
3548,0.9489056,0.15862068965517243
3549,0.58641565,0.20612431444241316
3550,0.89409417,0.1037037037037037
3551,0.6443523,0.08571428571428572
3552,0.63237613,0.14485981308411214
3553,0.8392187,0.06779661016949153
3554,0.9193856,0.41933892451899357
3555,0.94628775,0.31709741550695825
3556,0.79734504,0.10182767624020887
3557,0.8996793,0.22787878787878788
3558,0.89267606,0.7135807343071456
3559,0.90517855,0.1328125
3560,0.91149694,0.19444444444444445
3561,0.90878385,0.14772727272727273
3562,0.8481367,0.18181818181818182
3563,0.58575,0.19305019305019305
3564,0.9117753,0.7741760477417605
3565,0.93642765,0.2016348773841962
3566,0.8548259,0.042612419700214135
3567,0.9615203,0.3769968051118211
3568,0.792278,0.0403899721448468
3569,0.93443567,0.3081761006289308
3570,0.52115124,0.055873925501432664
3571,0.7179123,0.3669756265018881
3572,0.6561145,0.1559633027522936
3573,0.62192595,0.0
3574,0.77591604,0.4316546762589928
3575,0.6783163,0.10526315789473684
3576,0.8867698,0.04778672032193159
3577,0.909519,0.35335689045936397
3578,0.46776125,0.05084745762711865
3579,0.9523919,0.3164239075841286
3580,0.8763796,0.3723916532905297
3581,0.9562576,0.4904970760233918
3582,0.5103635,0.014113597246127367
3583,0.8486008,0.2377952755905512
3584,0.6732443,0.13237639553429026
3585,0.63749087,0.07142857142857142
3586,0.9720015,0.01680672268907563
3587,0.8677939,0.3402061855670103
3588,0.83216494,0.30687830687830686
3589,0.8381835,0.14102564102564102
3590,0.96990424,0.3827863362357669
3591,0.9056259,0.07407407407407407
3592,0.7621499,0.03296703296703297
3593,0.62715185,0.06272727272727273
3594,0.83545375,0.04241281809613572
3595,0.74145937,0.060109289617486336
3596,0.9476791,0.21663778162911612
3597,0.9110626,0.2542372881355932
3598,0.9328144,0.006750241080038573
3599,0.9562933,0.22
3600,0.6803031,0.07142857142857142
3601,0.8695814,0.20957095709570958
3602,0.5631784,0.09693877551020408
3603,0.9214144,0.21428571428571427
3604,0.86054283,0.11578947368421053
3605,0.8353118,0.0
3606,0.6374331,0.0
3607,0.9614862,0.4392462638076673
3608,0.61959654,0.1038961038961039
3609,0.33911353,0.04906414682900236
3610,0.78450507,0.08710217755443886
3611,0.84806156,0.2375
3612,0.7680457,0.08547008547008547
3613,0.9624694,0.5676652892561983
3614,0.8990098,0.20883534136546184
3615,0.94491076,0.7528359802482317
3616,0.7812896,0.15418502202643172
3617,0.8045646,0.26450116009280744
3618,0.8428257,0.09090909090909091
3619,0.92548287,0.04918032786885246
3620,0.91407126,0.0
3621,0.68246925,0.09747292418772563
3622,0.9422256,0.0
3623,0.8998964,0.472936400541272
3624,0.743507,0.05063291139240506
3625,0.96375895,0.13333333333333333
3626,0.940941,0.21653543307086615
3627,0.91795105,0.7574943146578458
3628,0.97506076,0.5002086811352254
3629,0.94082546,0.4854186265286924
3630,0.9201852,0.20918367346938777
3631,0.9145848,0.39301503094606544
3632,0.84212154,0.0
3633,0.8472124,0.17333333333333334
3634,0.9581289,0.5789473684210527
3635,0.94874257,0.5725158562367865
3636,0.8610774,0.16918844566712518
3637,0.93948466,0.07233704292527822
3638,0.85337836,0.06842105263157895
3639,0.94158095,0.22685185185185186
3640,0.9304709,0.0
3641,0.85837066,0.23130841121495327
3642,0.95412165,0.45360059391239793
3643,0.9172561,0.10964912280701754
3644,0.860952,0.4527263631815908
3645,0.81884146,0.19143117593436645
3646,0.76283824,0.0
3647,0.4302559,0.008695652173913044
3648,0.8098355,0.0
3649,0.7792079,0.06364155251141553
3650,0.44228023,0.28406799193316046
3651,0.96249914,0.05154639175257732
3652,0.7679689,0.11504424778761062
3653,0.95103896,0.28888888888888886
3654,0.7288229,0.6434748036974456
3655,0.83957505,0.37669027688345136
3656,0.90208036,0.15081914551879216
3657,0.61084336,0.264026402640264
3658,0.94929945,0.29545454545454547
3659,0.8696431,0.15602836879432624
3660,0.8318072,0.04980842911877394
3661,0.6696655,0.0
3662,0.70544034,0.05897435897435897
3663,0.9490431,0.046511627906976744
3664,0.86789197,0.1891891891891892
3665,0.8341425,0.12308930008045052
3666,0.9728846,0.5540308747855918
3667,0.952234,0.022388059701492536
3668,0.93691057,0.7132514951211835
3669,0.80083686,0.13857677902621723
3670,0.91568583,0.7550660792951542
3671,0.927332,0.7998084291187739
3672,0.40525797,0.15079365079365079
3673,0.75358695,0.0
3674,0.9448897,0.25806451612903225
3675,0.8997208,0.35714285714285715
3676,0.9187868,0.35658914728682173
3677,0.5908908,0.1325556733828208
3678,0.8164676,0.0
3679,0.9447455,0.13343605546995377
3680,0.67898464,0.0
3681,0.96131635,0.13793103448275862
3682,0.8956865,0.09615384615384616
3683,0.9550468,0.1935483870967742
3684,0.9687325,0.5289855072463768
3685,0.92009264,0.12962962962962962
3686,0.866086,0.216
3687,0.8260114,0.33247706422018347
3688,0.6970202,0.045112781954887216
3689,0.91427594,0.3586744639376218
3690,0.9694444,0.49502262443438916
3691,0.76404405,0.7205812667824988
3692,0.9891558,0.7066557107641742
3693,0.9054861,0.2396694214876033
3694,0.7672208,0.1232876712328767
3695,0.94342375,0.08600392413342053
3696,0.69122505,0.0
3697,0.7451455,0.016129032258064516
3698,0.95144755,0.2672413793103448
3699,0.52659667,0.11315417256011315
3700,0.9545467,0.6435447338618346
3701,0.64177173,0.03257328990228013
3702,0.8753262,0.26705370101596515
3703,0.82743555,0.47337962962962965
3704,0.8019808,0.28732394366197184
3705,0.9828497,0.043560606060606064
3706,0.80526394,0.36505190311418684
3707,0.9597491,0.2
3708,0.7821384,0.15725806451612903
3709,0.37593806,0.030978934324659233
3710,0.7871395,0.2037037037037037
3711,0.8442474,0.4013230429988975
3712,0.90117514,0.1498371335504886
3713,0.8550708,0.32041969330104925
3714,0.69896585,0.04310344827586207
3715,0.77090776,0.2766990291262136
3716,0.86983293,0.13419117647058823
3717,0.81293327,0.2561576354679803
3718,0.73398536,0.1566265060240964
3719,0.92506474,0.23536392405063292
3720,0.86195725,0.1739874500855676
3721,0.72398543,0.08481532147742818
3722,0.7082823,0.509
3723,0.9340355,0.0
3724,0.92155606,0.45082555635319455
3725,0.9259873,0.03968253968253968
3726,0.8213122,0.07407407407407407
3727,0.83028734,0.009861932938856016
3728,0.60107857,0.3795741849634065
3729,0.74772716,0.07692307692307693
3730,0.9612278,0.21568627450980393
3731,0.80375993,0.20974842767295598
3732,0.8681324,0.0
3733,0.95483947,0.7398119122257053
3734,0.5617158,0.014492753623188406
3735,0.9735883,0.2777777777777778
3736,0.9198312,0.015081488688883484
3737,0.8564134,0.16984126984126985
3738,0.76804394,0.2529601722282024
3739,0.7952944,0.12688172043010754
3740,0.9204424,0.24074074074074073
3741,0.9527716,0.43089887640449437
3742,0.87160414,0.0
3743,0.5930929,0.09278350515463918
3744,0.84960604,0.060109289617486336
3745,0.878345,0.3131868131868132
3746,0.76988983,0.08333333333333333
3747,0.42239046,0.08904109589041095
3748,0.7760569,0.06666666666666667
3749,0.9576333,0.16600790513833993
3750,0.8564952,0.35865384615384616
3751,0.8968123,0.0
3752,0.3059482,0.09276018099547512
3753,0.95099425,0.4506265664160401
3754,0.98464644,0.762699564586357
3755,0.9811166,0.5156695156695157
3756,0.8598608,0.3247270581292417
3757,0.81420004,0.3578485181119649
3758,0.8804166,0.45710363761153056
3759,0.41725388,0.3394762366634336
3760,0.87595814,0.0
3761,0.8092811,0.2031523642732049
3762,0.81624997,0.08142493638676845
3763,0.7540124,0.07511737089201878
3764,0.79228103,0.0
3765,0.6696028,0.13916786226685796
3766,0.865745,0.25882352941176473
3767,0.7222636,0.008695652173913044
3768,0.57729024,0.026220145379023882
3769,0.95504075,0.1951219512195122
3770,0.77950215,0.26373626373626374
3771,0.8679597,0.2421875
3772,0.9218661,0.3403669724770642
3773,0.9157922,0.1005586592178771
3774,0.88724345,0.13526912181303116
3775,0.541261,0.11668273866923819
3776,0.89165777,0.43854748603351956
3777,0.97256106,0.05761316872427984
3778,0.76097775,0.09340659340659341
3779,0.93963015,0.42247658688865763
3780,0.96815026,0.21671826625386997
3781,0.9181529,0.0009422110552763819
3782,0.94432217,0.3516699410609037
3783,0.84348726,0.34833333333333333
3784,0.91216934,0.25806451612903225
3785,0.35428226,0.04436229205175601
3786,0.84126717,0.0903954802259887
3787,0.6813044,0.033442088091353996
3788,0.65502775,0.14619883040935672
3789,0.94092965,0.3047337278106509
3790,0.9605542,0.3645287958115183
3791,0.689342,0.012419605233976491
3792,0.9627915,0.2656875834445928
3793,0.78204983,0.5974923234390993
3794,0.58549935,0.03250732747135625
3795,0.9512567,0.5284974093264249
3796,0.82657826,0.013888888888888888
3797,0.9144999,0.2074468085106383
3798,0.9465166,0.2644927536231884
3799,0.67264533,0.0
3800,0.62284565,0.11993769470404984
3801,0.9743018,0.41925734024179623
3802,0.8184275,0.22388059701492538
3803,0.8612838,0.02631578947368421
3804,0.9450247,0.3987823439878234
3805,0.994034,0.24349493289509724
3806,0.59084857,0.22752043596730245
3807,0.8402955,0.09971509971509972
3808,0.9363868,0.17073170731707318
3809,0.92648166,0.4604417109309477
3810,0.3831355,0.1817705605028811
3811,0.9111835,0.13131313131313133
3812,0.91288507,0.2504708097928437
3813,0.7498314,0.30303030303030304
3814,0.49105632,0.09817131857555342
3815,0.9669993,0.2857142857142857
3816,0.9177956,0.04217298070050036
3817,0.8303008,0.012448132780082987
3818,0.71783435,0.0449438202247191
3819,0.9639681,0.25692695214105793
3820,0.8288922,0.2964426877470356
3821,0.41556567,0.0
3822,0.9616401,0.3974358974358974
3823,0.89149445,0.27524752475247527
3824,0.9311528,0.42168674698795183
3825,0.95674604,0.668918918918919
3826,0.58777463,0.0
3827,0.6531057,0.23854289071680376
3828,0.63793653,0.013157894736842105
3829,0.7678887,0.31875393329137824
3830,0.8858874,0.31920529801324504
3831,0.3522979,0.5007582139848357
3832,0.7435676,0.04225352112676056
3833,0.8824886,0.4007936507936508
3834,0.9093208,0.2564102564102564
3835,0.69072825,0.34663951120162934
3836,0.89619297,0.06896551724137931
3837,0.42793748,0.01021209740769835
3838,0.94121045,0.34177215189873417
3839,0.90856075,0.801528384279476
3840,0.69143814,0.3748287336073596
3841,0.9399622,0.3728813559322034
3842,0.96046144,0.6062085803976281
3843,0.95126456,0.41003184713375795
3844,0.6742786,0.0
3845,0.3301877,0.00132890365448505
3846,0.9633071,0.44680851063829785
3847,0.83313674,0.0
3848,0.9560711,0.5050709939148073
3849,0.87461257,0.0481657100074869
3850,0.7581958,0.007313997477931904
3851,0.9657778,0.45338381448177945
3852,0.9723984,0.3197161900666523
3853,0.9321074,0.47188649500788227
3854,0.74513894,0.2215909090909091
3855,0.93311095,0.5560836501901141
3856,0.66524434,0.04201680672268908
3857,0.7909213,0.14314115308151093
3858,0.8122585,0.06097560975609756
3859,0.8245309,0.2923728813559322
3860,0.70536697,0.6331856228458888
3861,0.65890545,0.041935483870967745
3862,0.8906168,0.25806451612903225
3863,0.6196921,0.19887323943661972
3864,0.7679295,0.01981132075471698
3865,0.7257448,0.0
3866,0.93277246,0.6368366285119667
3867,0.9425027,0.06666666666666667
3868,0.32855347,0.08721100380450687
3869,0.8206762,0.3857566765578635
3870,0.81063735,0.36363636363636365
3871,0.7984924,0.23502951925780152
3872,0.85438716,0.05244755244755245
3873,0.8640473,0.23728813559322035
3874,0.43943292,0.0
3875,0.9476483,0.125
3876,0.9136751,0.5449770190413658
3877,0.4926634,0.008333333333333333
3878,0.8239366,0.26956521739130435
3879,0.74008924,0.14065934065934066
3880,0.9828257,0.41312741312741313
3881,0.83581287,0.3865814696485623
3882,0.91756827,0.17586912065439672
3883,0.9821371,0.8533521524347213
3884,0.7302514,0.23349893541518807
3885,0.9336369,0.5089820359281437
3886,0.68420595,0.19161676646706588
3887,0.96416646,0.01694915254237288
3888,0.49540737,0.0
3889,0.66720474,0.04
3890,0.9693898,0.6159122085048011
3891,0.74863225,0.39070567986230637
3892,0.9562331,0.442215088282504
3893,0.86413217,0.16020671834625322
3894,0.9734523,0.02947432391370404
3895,0.93596756,0.20833333333333334
3896,0.8836168,0.07479224376731301
3897,0.63718235,0.017699115044247787
3898,0.48440713,0.0003769317753486619
3899,0.90694475,0.12962962962962962
3900,0.8831259,0.27350427350427353
3901,0.9154183,0.18354430379746836
3902,0.6121502,0.07692307692307693
3903,0.6315366,0.1476510067114094
3904,0.61933094,0.10566258026853473
3905,0.9435355,0.25
3906,0.69453627,0.007936507936507936
3907,0.75754863,0.36873508353221957
3908,0.9006924,0.7421122236916683
3909,0.9307348,0.25162488393686167
3910,0.827066,0.16774193548387098
3911,0.7404019,0.32894736842105265
3912,0.93452734,0.2191659272404614
3913,0.75906307,0.09933774834437085
3914,0.8595023,0.1923318667504714
3915,0.781836,0.031105228325612178
3916,0.9433995,0.4729102167182663
3917,0.4717513,0.0
3918,0.9226562,0.3657142857142857
3919,0.81782234,0.05063291139240506
3920,0.83908814,0.42362525458248473
3921,0.8642621,0.0
3922,0.6416358,0.1011378002528445
3923,0.9524382,0.25316455696202533
3924,0.79862165,0.23780487804878048
3925,0.6728028,0.0
3926,0.7882421,0.17679558011049723
3927,0.54122156,0.0
3928,0.925994,0.23255813953488372
3929,0.7848776,0.34745201853077434
3930,0.8149123,0.09090909090909091
3931,0.6361504,0.0
3932,0.6756046,0.0975609756097561
3933,0.95558494,0.7306226175349428
3934,0.92782205,0.39952009598080385
3935,0.66528153,0.0
3936,0.94037837,0.38223938223938225
3937,0.791362,0.25083240843507215
3938,0.945417,0.2602739726027397
3939,0.9679315,0.3869209809264305
3940,0.92197007,0.23909249563699825
3941,0.87294286,0.5018042878369773
3942,0.811803,0.398989898989899
3943,0.71389866,0.0
3944,0.55181247,0.29411764705882354
3945,0.89392924,0.5328467153284672
3946,0.82373846,0.17195641875888204
3947,0.895446,0.140625
3948,0.91727996,0.5019120458891013
3949,0.95079714,0.47224594363791633
3950,0.85144067,0.515411503018748
3951,0.86453366,0.1925925925925926
3952,0.6471134,0.011494252873563218
3953,0.954751,0.24509803921568626
3954,0.8834114,0.034482758620689655
3955,0.8383975,0.13249211356466878
3956,0.8107779,0.23482849604221637
3957,0.7577311,0.042134831460674156
3958,0.8178538,0.10526315789473684
3959,0.8912032,0.08870967741935484
3960,0.9449619,0.47938377888536476
3961,0.8169946,0.05872984272347203
3962,0.9389963,0.5169473903098357
3963,0.9301753,0.3264367816091954
3964,0.89807993,0.140625
3965,0.6980722,0.1346153846153846
3966,0.92397577,0.11498470948012232
3967,0.8453958,0.2
3968,0.7045643,0.23529411764705882
3969,0.96429515,0.24719101123595505
3970,0.6747785,0.33923778851315084
3971,0.8820652,0.08860759493670886
3972,0.41557723,0.08582834331337326
3973,0.9804951,0.3333333333333333
3974,0.95214564,0.14285714285714285
3975,0.42066047,0.17387173396674585
3976,0.84870094,0.05474964904071128
3977,0.9221642,0.17894736842105263
3978,0.8806166,0.03111111111111111
3979,0.8930048,0.17676767676767677
3980,0.7934389,0.0
3981,0.86771303,0.16019417475728157
3982,0.6321879,0.05454545454545454
3983,0.84351814,0.05714285714285714
3984,0.93244034,0.1774193548387097
3985,0.83972055,0.22042139384116693
3986,0.8711651,0.3655913978494624
3987,0.7900689,0.023331173039533377
3988,0.56210434,0.0
3989,0.9305264,0.21060842433697347
3990,0.81987184,0.11600928074245939
3991,0.79509985,0.10982658959537572
3992,0.8419889,0.21839080459770116
3993,0.6828421,0.14919354838709678
3994,0.68951505,0.0
3995,0.91385126,0.06451612903225806
3996,0.6882468,0.3817733990147783
3997,0.89157766,0.07407407407407407
3998,0.8401968,0.03768844221105527
3999,0.93345344,0.2222222222222222
4000,0.63146365,0.058823529411764705
4001,0.96562743,0.6697658402203857
4002,0.92819375,0.26748166259168704
4003,0.80793154,0.024452658515780493
4004,0.8525615,0.10526315789473684
4005,0.72558975,0.08465608465608465
4006,0.916853,0.17269247128881327
4007,0.29426634,0.04672897196261682
4008,0.7133628,0.11703204047217539
4009,0.8911476,0.41825095057034223
4010,0.8634215,0.22586359610274578
4011,0.70680094,0.16796875
4012,0.68542653,0.006855184233076264
4013,0.76364374,0.14741035856573706
4014,0.73004943,0.01568627450980392
4015,0.92439395,0.3240223463687151
4016,0.6585266,0.08273228680526093
4017,0.79183036,0.4337899543378995
4018,0.889528,0.24468085106382978
4019,0.92203593,0.3654485049833887
4020,0.9691256,0.6023121387283237
4021,0.89100724,0.10857142857142857
4022,0.8704252,0.2535885167464115
4023,0.86239284,0.3769911504424779
4024,0.9417952,0.006235827664399093
4025,0.8248621,0.31995477671000566
4026,0.89393044,0.032448377581120944
4027,0.69043684,0.16052060737527116
4028,0.95027316,0.35913853317811406
4029,0.9454062,0.3333333333333333
4030,0.87122285,0.5024252223120452
4031,0.56120515,0.5878351340536214
4032,0.8263979,0.09090909090909091
4033,0.76446587,0.0
4034,0.6878718,0.10727969348659004
4035,0.8709477,0.07106598984771574
4036,0.8145862,0.12011173184357542
4037,0.5867056,0.08421052631578947
4038,0.62392336,0.06458333333333334
4039,0.9220997,0.14035087719298245
4040,0.91971606,0.24242424242424243
4041,0.9350209,0.18461538461538463
4042,0.7839303,0.25301204819277107
4043,0.86668414,0.21971830985915494
4044,0.95008373,0.2709677419354839
4045,0.6000138,0.09641873278236915
4046,0.8070749,0.12175418349682632
4047,0.8201505,0.05429864253393665
4048,0.924863,0.4950354609929078
4049,0.7540826,0.13471502590673576
4050,0.49620712,0.07048458149779736
4051,0.71119994,0.25
4052,0.77175015,0.0273972602739726
4053,0.51834244,0.17842323651452283
4054,0.5160673,0.14018691588785046
4055,0.9145213,0.09693996729736043
4056,0.8733481,0.16666666666666666
4057,0.98113346,0.5147611379495437
4058,0.81903803,0.24
4059,0.8461783,0.21299093655589124
4060,0.95012254,0.6487667009249743
4061,0.9431251,0.23383084577114427
4062,0.96441406,0.6118665018541409
4063,0.88937986,0.24641148325358853
4064,0.8746814,0.24
4065,0.910049,0.28125
4066,0.95887864,0.16071428571428573
4067,0.55693585,0.07867820613690008
4068,0.96072733,0.49019607843137253
4069,0.33037135,0.05419354838709677
4070,0.96348053,0.7720986984815619
4071,0.8400689,0.17400881057268722
4072,0.80874497,0.17366946778711484
4073,0.76686096,0.3104575163398693
4074,0.5609023,0.6629287598944591
4075,0.9299853,0.47880736626717335
4076,0.5550618,0.06944444444444445
4077,0.8382539,0.047619047619047616
4078,0.72688645,0.22988505747126436
4079,0.27528068,0.02247191011235955
4080,0.7873125,0.38041733547351525
4081,0.955592,0.07335907335907337
4082,0.8060015,0.08178137651821862
4083,0.8788043,0.25617283950617287
4084,0.8839583,0.11570247933884298
4085,0.8841226,0.1744186046511628
4086,0.96500194,0.3225806451612903
4087,0.561922,0.0
4088,0.9427099,0.21
4089,0.6224739,0.0
4090,0.9519419,0.3147208121827411
4091,0.8905035,0.11627906976744186
4092,0.9081905,0.24408468244084683
4093,0.80906165,0.11764705882352941
4094,0.85795873,0.1571753986332574
4095,0.8431703,0.19597989949748743
4096,0.6119285,0.061946902654867256
4097,0.8464878,0.03508771929824561
4098,0.8999,0.16473072861668428
4099,0.28540578,0.1113561190738699
4100,0.8680894,0.05970149253731343
4101,0.88709337,0.0
4102,0.8304662,0.06666666666666667
4103,0.9298073,0.31289111389236546
4104,0.83191425,0.2727272727272727
4105,0.949063,0.5057471264367817
4106,0.79495513,0.10082304526748971
4107,0.96805096,0.0
4108,0.819214,0.2772785622593068
4109,0.940565,0.23655913978494625
4110,0.6510581,0.025236593059936908
4111,0.86345196,0.14606741573033707
4112,0.8449545,0.2537154989384289
4113,0.95171535,0.3333333333333333
4114,0.8124429,0.30737134909596664
4115,0.8728887,0.1823020625415835
4116,0.7130833,0.010546500479386385
4117,0.9356991,0.6700367647058824
4118,0.8245954,0.0625
4119,0.7415703,0.05627705627705628
4120,0.8385227,0.2903225806451613
4121,0.8179826,0.07377049180327869
4122,0.47564742,0.18946873530794547
4123,0.96043926,0.5337114051669817
4124,0.8459193,0.35294117647058826
4125,0.9435936,0.225
4126,0.63510394,0.0196078431372549
4127,0.9356319,0.2962962962962963
4128,0.8641861,0.024013722126929673
4129,0.6578793,0.017341040462427744
4130,0.9583749,0.08010335917312661
4131,0.84215194,0.12520325203252033
4132,0.90016276,0.34146341463414637
4133,0.76367265,0.3063973063973064
4134,0.91973466,0.04308390022675737
4135,0.8704321,0.2556818181818182
4136,0.83973974,0.2847358121330724
4137,0.8810055,0.49190733100602985
4138,0.85660845,0.29526598340653976
4139,0.55109185,0.010101010101010102
4140,0.53815925,0.07563256325632563
4141,0.8509316,0.14775725593667546
4142,0.9353704,0.3339622641509434
4143,0.62526643,0.03495630461922597
4144,0.37963304,0.0
4145,0.5405878,0.12341197822141561
4146,0.89284027,0.024793388429752067
4147,0.9481799,0.2496194824961948
4148,0.84291553,0.25396825396825395
4149,0.9581097,0.2
4150,0.7076879,0.03482045701849837
4151,0.7802608,0.09523809523809523
4152,0.9004432,0.19402985074626866
4153,0.95839137,0.5041237113402062
4154,0.4536187,0.05555555555555555
4155,0.37768003,0.0008543357539513029
4156,0.37940085,0.03699059561128527
4157,0.9517573,0.211864406779661
4158,0.8034115,0.006578947368421052
4159,0.96113044,0.5469514908767246
4160,0.95190907,0.27
4161,0.68535465,0.0
4162,0.90337014,0.004651162790697674
4163,0.94317716,0.27879341864716634
4164,0.843064,0.0
4165,0.96788526,0.3756260434056761
4166,0.7153476,0.10283687943262411
4167,0.9550772,0.4447821681864235
4168,0.96079975,1.0
4169,0.81701905,0.24088541666666666
4170,0.96148485,0.3994413407821229
4171,0.6668521,0.2193126022913257
4172,0.795299,0.3434959349593496
4173,0.9278455,0.5965630114566285
4174,0.9533934,0.5841170323928945
4175,0.5974695,0.08776266996291718
4176,0.81959414,0.04743833017077799
4177,0.65068346,0.1596774193548387
4178,0.9346138,0.13681592039800994
4179,0.8891331,0.3160667251975417
4180,0.7355762,0.016
4181,0.48009858,0.05895691609977324
4182,0.9677711,0.27682926829268295
4183,0.66796786,0.22305529522024367
4184,0.7117395,0.0
4185,0.3800868,0.10163934426229508
4186,0.9780945,0.2814814814814815
4187,0.8589101,0.5229885057471264
4188,0.33708698,0.045136186770428015
4189,0.819594,0.008771929824561403
4190,0.58052135,0.08845208845208845
4191,0.78053,0.42
4192,0.8946523,0.19101123595505617
4193,0.7065251,0.10946196660482375
4194,0.91713566,0.3388259526261586
4195,0.6319111,0.04662698412698413
4196,0.7184277,0.14403973509933773
4197,0.87556976,0.14655172413793102
4198,0.5851815,0.047619047619047616
4199,0.9315127,0.04054054054054054
4200,0.8759432,0.12752875842919476
4201,0.8478326,0.33706965572457964
4202,0.9046323,0.8246575342465754
4203,0.9397269,0.19607843137254902
4204,0.89621747,0.5780829294561121
4205,0.8418347,0.10650887573964497
4206,0.89235276,0.23056994818652848
4207,0.8077261,0.21428571428571427
4208,0.8747468,0.45875420875420875
4209,0.8886441,0.0
4210,0.9314375,0.06976744186046512
4211,0.8474179,0.2854368932038835
4212,0.8686686,0.038461538461538464
4213,0.6355313,0.03125
4214,0.980735,0.5501285347043702
4215,0.6786078,0.2630377524143986
4216,0.91641027,0.22169811320754718
4217,0.81221056,0.12704918032786885
4218,0.94044507,0.3617511520737327
4219,0.89194256,0.21206225680933852
4220,0.2695756,0.0841683366733467
4221,0.86491704,0.15483870967741936
4222,0.60414433,0.12041884816753927
4223,0.94413656,0.24986595174262735
4224,0.7704734,0.029342723004694836
4225,0.89384335,0.07570977917981073
4226,0.8852509,0.10089020771513353
4227,0.9397611,0.23529411764705882
4228,0.74560326,0.11046511627906977
4229,0.8262384,0.14055448098001289
4230,0.7209258,0.2026315789473684
4231,0.78959554,0.4321608040201005
4232,0.9341326,0.27854671280276816
4233,0.6479744,0.022099447513812154
4234,0.6201911,0.11554621848739496
4235,0.9242729,0.22727272727272727
4236,0.70124626,0.052770448548812667
4237,0.4759829,0.0
4238,0.84311867,0.003115264797507788
4239,0.9199034,0.39473684210526316
4240,0.31077233,0.4192974655402401
4241,0.94469255,0.4691056910569106
4242,0.7687226,0.2105954465849387
4243,0.44116113,0.11921458625525946
4244,0.9395898,0.5199044585987261
4245,0.65010643,0.07
4246,0.9330478,0.37393767705382436
4247,0.8653544,0.11764705882352941
4248,0.68152595,0.18973561430793157
4249,0.7500871,0.05172413793103448
4250,0.7817052,0.07919847328244274
4251,0.81335896,0.29411764705882354
4252,0.9040787,0.2710875331564987
4253,0.8590426,0.043795620437956206
4254,0.95342785,0.20105820105820105
4255,0.8486452,0.06565656565656566
4256,0.82082987,0.0
4257,0.8815781,0.5141414141414141
4258,0.79077476,0.08104575163398693
4259,0.9470569,0.24183006535947713
4260,0.7674388,0.3341187558906692
4261,0.95495456,0.38984674329501917
4262,0.6192613,0.22727272727272727
4263,0.98103637,0.29914529914529914
4264,0.75526047,0.0004269854824935952
4265,0.3897064,0.0018050541516245488
4266,0.8053894,0.05
4267,0.89227486,0.21337579617834396
4268,0.9178942,0.20588235294117646
4269,0.4993864,0.31693989071038253
4270,0.7424658,0.12280701754385964
4271,0.9218769,0.058823529411764705
4272,0.75693357,0.30635245901639346
4273,0.74166137,0.2732732732732733
4274,0.94633347,0.6414113785557987
4275,0.8874034,0.23255813953488372
4276,0.33305863,0.0
4277,0.7934503,0.07894736842105263
4278,0.71248555,0.10909090909090909
4279,0.8621773,0.26798748696558916
4280,0.7892621,0.16237623762376238
4281,0.89372164,0.13333333333333333
4282,0.87383574,0.633177570093458
4283,0.9670096,0.28
4284,0.5422115,0.10680717744232412
4285,0.77476853,0.10247349823321555
4286,0.4170873,0.08512628624883069
4287,0.946435,0.6700228218552826
4288,0.91267353,0.3884297520661157
4289,0.4388164,0.7951276102088167
4290,0.543713,0.0
4291,0.90063596,0.3271852445870088
4292,0.7519941,0.06376360808709176
4293,0.90700614,0.36506849315068496
4294,0.8525913,0.1986062717770035
4295,0.89076394,0.19692307692307692
4296,0.75377566,0.26176602420439266
4297,0.9211561,0.3839913466738778
4298,0.40078577,0.1684027777777778
4299,0.93306434,0.2916666666666667
4300,0.91284424,0.21212121212121213
4301,0.43858343,0.21898385191020087
4302,0.72055167,0.24524564183835182
4303,0.9482702,0.4739610731194108
4304,0.9210299,0.5521472392638037
4305,0.93244106,0.265139116202946
4306,0.8924112,0.31069609507640067
4307,0.8752445,0.21354166666666666
4308,0.9602819,0.37890625
4309,0.91971314,0.5509259259259259
4310,0.5818907,0.09398496240601503
4311,0.5113019,0.0
4312,0.70480406,0.0
4313,0.78057975,0.0787037037037037
4314,0.7124464,0.10526315789473684
4315,0.9433376,0.1134020618556701
4316,0.5396181,0.02916274694261524
4317,0.80183196,0.0
4318,0.91567695,0.22959183673469388
4319,0.8326862,0.5373961218836565
4320,0.8811576,0.07746478873239436
4321,0.66467863,0.1299093655589124
4322,0.6738409,0.3616569304301646
4323,0.6102101,0.10446096654275093
4324,0.79023546,0.027823240589198037
4325,0.9063591,0.0707395498392283
4326,0.8152848,0.22686567164179106
4327,0.7836331,0.13445378151260504
4328,0.74681777,0.09379727685325265
4329,0.92213106,0.1518987341772152
4330,0.22988096,0.03014294592914854
4331,0.91066086,0.008064516129032258
4332,0.33111945,0.004311273981461522
4333,0.58772737,0.7179184910744358
4334,0.97588944,0.6203465982028241
4335,0.9263476,0.06077348066298342
4336,0.7767509,0.2552166934189406
4337,0.7155336,0.1497326203208556
4338,0.9664737,0.3888982621899781
4339,0.62858045,0.0
4340,0.86564565,0.10881652104845115
4341,0.9539639,0.34660925726587727
4342,0.9130235,0.3807599029911075
4343,0.8590091,0.27335640138408307
4344,0.76562387,0.01891891891891892
4345,0.8900743,0.27611940298507465
4346,0.75464183,0.16666666666666666
4347,0.98281354,0.4820333041191937
4348,0.85298944,0.08
4349,0.82260895,0.34309623430962344
4350,0.90684676,0.1532958610117527
4351,0.9425098,0.3415977961432507
4352,0.6849096,0.19738988580750408
4353,0.9051011,0.26865671641791045
4354,0.61214745,0.06810035842293907
4355,0.935714,0.4764808362369338
4356,0.580356,0.037037037037037035
4357,0.83432865,0.1317365269461078
4358,0.9519803,0.5283122594832326
4359,0.7087502,0.011406844106463879
4360,0.94388545,0.10212765957446808
4361,0.7199555,0.16567562025835555
4362,0.8362156,0.009098428453267164
4363,0.5053282,0.25
4364,0.86050206,0.2109623964308477
4365,0.76417935,0.18324735937116188
4366,0.8313134,0.14093959731543623
4367,0.8392301,0.3231064237775647
4368,0.8771148,0.15891472868217055
4369,0.9013904,0.3379501385041551
4370,0.74310464,0.13101290574892452
4371,0.9755781,0.5071174377224199
4372,0.60587466,0.0962566844919786
4373,0.8309566,0.19612403100775194
4374,0.7537446,0.12234042553191489
4375,0.5907615,0.0
4376,0.9110128,0.20599250936329588
4377,0.9034042,0.18604651162790697
4378,0.8052075,0.26359832635983266
4379,0.5503546,0.0
4380,0.92199343,0.07769007062733693
4381,0.97175765,0.6369893760287296
4382,0.84613794,0.4444444444444444
4383,0.8907192,0.25957446808510637
4384,0.9293645,0.2762966553562773
4385,0.6983146,0.25597269624573377
4386,0.9411041,0.39384116693679094
4387,0.8798472,0.08333333333333333
4388,0.92097485,0.4839063643013899
4389,0.88310885,0.18333333333333332
4390,0.8821444,0.1619718309859155
4391,0.85712963,0.24404761904761904
4392,0.8005765,0.23
4393,0.922515,0.384109073812882
4394,0.8560002,0.1423913043478261
4395,0.9515652,0.32834224598930484
4396,0.8802647,0.0639386189258312
4397,0.7553328,0.16286644951140064
4398,0.8839922,0.0759493670886076
4399,0.6044417,0.08849557522123894
4400,0.9312067,0.13253012048192772
4401,0.9119725,0.28802588996763756
4402,0.703648,0.19642857142857142
4403,0.8907181,0.18064516129032257
4404,0.6285419,0.20408163265306123
4405,0.9771368,0.35647530040053405
4406,0.7445017,0.025974025974025976
4407,0.55175894,0.005893909626719057
4408,0.8834691,0.11528822055137844
4409,0.61751086,0.1952428146679881
4410,0.6785349,0.047619047619047616
4411,0.57447475,0.03296703296703297
4412,0.9495484,0.28347826086956524
4413,0.93181545,0.40016831474857983
4414,0.9554116,0.6841379310344827
4415,0.61359864,0.12568306010928962
4416,0.9615729,0.5491606714628298
4417,0.62607044,0.0
4418,0.90682685,0.21505376344086022
4419,0.88979363,0.14656432748538012
4420,0.9310356,0.347239263803681
4421,0.9549846,0.10526315789473684
4422,0.96612316,0.2717557251908397
4423,0.72094244,0.07640232108317214
4424,0.38764876,0.0894854586129754
4425,0.65975887,0.0
4426,0.8580975,0.410857908847185
4427,0.7689706,0.013628620102214651
4428,0.92376083,0.08163265306122448
4429,0.82398796,0.2647058823529412
4430,0.88597125,0.008888888888888889
4431,0.8644858,0.3478485370051635
4432,0.95718503,0.5460631640227042
4433,0.6814385,0.0056179775280898875
4434,0.8768051,0.25
4435,0.890407,0.06451612903225806
4436,0.56240237,0.19850187265917604
4437,0.9151685,0.16666666666666666
4438,0.9413581,0.3816137566137566
4439,0.85121316,0.2286634460547504
4440,0.7703416,0.1547029702970297
4441,0.6433448,0.4406617881005409
4442,0.84120667,0.03125
4443,0.29665777,0.20389556568586822
4444,0.9100083,0.5333879557558378
4445,0.79592305,0.1863799283154122
4446,0.66183406,0.14281035047494267
4447,0.94187313,0.06441717791411043
4448,0.97671854,0.45933734939759036
4449,0.94751614,0.15860735009671179
4450,0.65722084,0.05172413793103448
4451,0.9621418,0.47901234567901235
4452,0.6164279,0.05970755483346873
4453,0.8077839,0.0
4454,0.95583725,0.125
4455,0.9607328,0.6084142394822006
4456,0.95335865,0.3543913713405239
4457,0.86140513,0.2755267423014587
4458,0.7152799,0.037037037037037035
4459,0.949056,0.40059790732436473
4460,0.74055374,0.007194244604316547
4461,0.89310956,0.361323155216285
4462,0.43100804,0.06178608515057113
4463,0.9482259,0.21332335329341318
4464,0.78540975,0.3333333333333333
4465,0.86155415,0.3013698630136986
4466,0.86748534,0.05543237250554324
4467,0.90789765,0.5642276422764227
4468,0.9571228,0.3141891891891892
4469,0.9148877,0.0
4470,0.7368292,0.4175206611570248
4471,0.8425449,0.017241379310344827
4472,0.91655177,0.27865511971472234
4473,0.9785433,0.41713014460511677
4474,0.65110844,0.0456140350877193
4475,0.91938376,0.2
4476,0.97165567,0.27419354838709675
4477,0.8384254,0.0
4478,0.8330016,0.041758241758241756
4479,0.5417423,0.0273224043715847
4480,0.8212557,0.2808219178082192
4481,0.54504555,0.1595744680851064
4482,0.956596,0.0
4483,0.8293323,0.12108559498956159
4484,0.9324868,0.5138551288283909
4485,0.9696932,0.8383244882486732
4486,0.57543665,0.102803738317757
4487,0.9486102,0.27783452502553624
4488,0.9202214,0.11688311688311688
4489,0.66079617,0.09230769230769231
4490,0.9430473,0.1967816091954023
4491,0.9379056,0.2909090909090909
4492,0.9206721,0.17194570135746606
4493,0.93771404,0.42514071294559097
4494,0.6932918,0.15853658536585366
4495,0.7982494,0.13333333333333333
4496,0.7751751,0.3028391167192429
4497,0.7746235,0.030303030303030304
4498,0.46329135,0.109979633401222
4499,0.87729114,0.32075471698113206
4500,0.78391796,0.2743682310469314
4501,0.93713427,0.5435413642960812
4502,0.8141268,0.2231404958677686
4503,0.6471537,0.09611451942740286
4504,0.95174235,0.4
4505,0.62914366,0.23216155572176514
4506,0.70411557,0.03558718861209965
4507,0.862768,0.2704296545914069
4508,0.95191413,0.0
4509,0.6479741,0.05582137161084529
4510,0.71773,0.15668202764976957
4511,0.80224216,0.00980392156862745
4512,0.71096617,0.3443708609271523
4513,0.8733436,0.29001203369434414
4514,0.9409561,0.1510791366906475
4515,0.9222813,0.4133498145859085
4516,0.5961279,0.3442800433056658
4517,0.86824286,0.06451612903225806
4518,0.9647656,0.28991596638655465
4519,0.863433,0.057104913678618856
4520,0.77811706,0.07547169811320754
4521,0.62006974,0.1356382978723404
4522,0.4785352,0.028192371475953566
4523,0.68461996,0.15192926045016078
4524,0.8531953,0.2936870997255261
4525,0.3624428,0.06529850746268656
4526,0.8943671,0.08823529411764706
4527,0.88901806,0.08162708162708163
4528,0.91375166,0.06779661016949153
4529,0.8179209,0.07692307692307693
4530,0.7660839,0.05
4531,0.87079304,0.19868145040455498
4532,0.7563625,0.08396946564885496
4533,0.84237975,0.09090909090909091
4534,0.9555479,0.3116883116883117
4535,0.8252151,0.14096916299559473
4536,0.93147534,0.18627450980392157
4537,0.923248,0.3688888888888889
4538,0.72031564,0.03225806451612903
4539,0.960948,0.49943374858437145
4540,0.90216994,0.1694915254237288
4541,0.92786497,0.42650602409638555
4542,0.70850617,0.3474698795180723
4543,0.8829728,0.16192560175054704
4544,0.97146326,0.4054901960784314
4545,0.85431874,0.1488
4546,0.80159324,0.3664208735110607
4547,0.9178073,0.24103299856527977
4548,0.85358506,0.15577889447236182
4549,0.75394595,0.3126152225441138
4550,0.6067492,0.0045045045045045045
4551,0.7860624,0.10112359550561797
4552,0.8942689,0.2046875
4553,0.69699687,0.30871911388809997
4554,0.7621179,0.09076923076923077
4555,0.885817,0.08866183256427158
4556,0.8073584,0.0
4557,0.9363966,0.1792305286205818
4558,0.51606387,0.2277992277992278
4559,0.92330545,0.008567348881485007
4560,0.88305354,0.0
4561,0.41588593,0.04225352112676056
4562,0.47042382,0.2954119850187266
4563,0.56469584,0.02761485826001955
4564,0.92574555,0.3618817852834741
4565,0.668181,0.0603448275862069
4566,0.49457297,0.0
4567,0.8987793,0.3877551020408163
4568,0.96970165,0.6201550387596899
4569,0.58224356,0.0
4570,0.79717773,0.0625
4571,0.96509665,0.1776061776061776
4572,0.61541224,0.015212981744421906
4573,0.7868014,0.08888888888888889
4574,0.83678234,0.3504492939666239
4575,0.60588676,0.12776659959758552
4576,0.9055618,0.18974358974358974
4577,0.47662064,0.2686298752388446
4578,0.9425949,0.23857868020304568
4579,0.8206479,0.0
4580,0.77186376,0.005235602094240838
4581,0.9574239,0.45912748835239303
4582,0.84519327,0.14791288566243194
4583,0.84400296,0.46502384737678853
4584,0.9626718,0.4120603015075377
4585,0.710742,0.2896382313532827
4586,0.88469297,0.17411135577225542
4587,0.8326323,0.4525993883792049
4588,0.9659164,0.012403100775193798
4589,0.670464,0.014044943820224719
4590,0.66365063,0.05
4591,0.9234744,0.028979907264296754
4592,0.8975489,0.02670481640438722
4593,0.9186884,0.3208269525267994
4594,0.94114023,0.2871994801819363
4595,0.85194194,0.12878787878787878
4596,0.8673286,0.0
4597,0.7174258,0.03951367781155015
4598,0.60489523,0.1834862385321101
4599,0.8274704,0.5596585637409538
4600,0.8907364,0.11390728476821192
4601,0.4733172,0.010604453870625663
4602,0.7738769,0.1906005221932115
4603,0.64673436,0.2265151515151515
4604,0.87213415,0.09523809523809523
4605,0.90549237,0.009708737864077669
4606,0.87930673,0.31364124597207305
4607,0.8320907,0.11851851851851852
4608,0.66352785,0.06870229007633588
4609,0.25154424,0.0008936550491510277
4610,0.5772071,0.04807692307692308
4611,0.9410436,0.2959349593495935
4612,0.937519,0.08174386920980926
4613,0.7682113,0.0
4614,0.45650557,0.0
4615,0.7919236,0.14285714285714285
4616,0.9143482,0.0
4617,0.69501525,0.0
4618,0.859738,0.3159490600363857
4619,0.5541144,0.0
4620,0.94367737,0.3283582089552239
4621,0.8878039,0.20618556701030927
4622,0.654727,0.10220994475138122
4623,0.4924078,0.0
4624,0.8069887,0.0
4625,0.8012589,0.0625
4626,0.40931928,0.023809523809523808
4627,0.4661299,0.06593406593406594
4628,0.40683064,0.2157068062827225
4629,0.5121892,0.03225806451612903
4630,0.93067,0.16165413533834586
4631,0.8051665,0.1016949152542373
4632,0.31853256,0.0
4633,0.8064318,0.09523809523809523
4634,0.91802114,0.03225806451612903
4635,0.4962619,0.0
4636,0.8426158,0.10106382978723404
4637,0.7569032,0.0
4638,0.8182398,0.17008196721311475
4639,0.75151384,0.23167848699763594
4640,0.15879452,0.5948656606551344
4641,0.8251003,0.34668989547038326
4642,0.5832386,0.15151515151515152
4643,0.1960089,0.4424953095684803
4644,0.825769,0.0
4645,0.35768792,0.0
4646,0.7511241,0.0456140350877193
4647,0.3775266,0.0
4648,0.63640916,0.04838709677419355
4649,0.41995445,0.0
4650,0.54609805,0.008064516129032258
4651,0.6583264,0.14285714285714285
4652,0.925937,0.04132231404958678
4653,0.9404403,0.4007597340930674
4654,0.8820513,0.0011806375442739079
4655,0.7497069,0.02564102564102564
4656,0.8024254,0.1
4657,0.64751416,0.08333333333333333
4658,0.859102,0.0
4659,0.87424225,0.02857142857142857
4660,0.70719236,0.0
4661,0.9384283,0.2923497267759563
4662,0.90607196,0.1310344827586207
4663,0.89677334,0.16712328767123288
4664,0.6743292,0.0
4665,0.915661,0.0660377358490566
4666,0.93343115,0.0
4667,0.48992145,0.04
4668,0.75208825,0.0
4669,0.8938317,0.009009009009009009
4670,0.32080355,0.1882640586797066
4671,0.4395074,0.043689320388349516
4672,0.47708642,0.0
4673,0.6967852,0.10416666666666667
4674,0.9072608,0.43823326432022086
4675,0.6735343,0.0
4676,0.541227,0.0
4677,0.5384642,0.0
4678,0.85953003,0.0
4679,0.91544133,0.11825726141078838
4680,0.87060136,0.2659235668789809
4681,0.7180141,0.125
4682,0.8135692,0.1891891891891892
4683,0.7343926,0.029411764705882353
4684,0.65545475,0.0
4685,0.71661156,0.0
4686,0.9231374,0.12920168067226892
4687,0.9102636,0.12650602409638553
4688,0.45546296,0.004048582995951417
4689,0.9275726,0.13783783783783785
4690,0.9490882,0.16666666666666666
4691,0.84165454,0.21739130434782608
4692,0.9001402,0.22054380664652568
4693,0.7852748,0.08085106382978724
4694,0.8348743,0.17404129793510326
4695,0.69368976,0.14054054054054055
4696,0.43713376,0.10174418604651163
4697,0.796573,0.06451612903225806
4698,0.78413033,0.041666666666666664
4699,0.7548592,0.21710526315789475
4700,0.8667977,0.10526315789473684
4701,0.2326175,0.06766917293233082
4702,0.60981154,0.0
4703,0.77479756,0.05907172995780591
4704,0.75498027,0.12903225806451613
4705,0.54808533,0.0782520325203252
4706,0.57304394,0.03189792663476874
4707,0.79881227,0.07142857142857142
4708,0.7623952,0.0
4709,0.93021566,0.2779552715654952
4710,0.9133859,0.13333333333333333
4711,0.8213809,0.018518518518518517
4712,0.63935035,0.0
4713,0.9627843,0.11807498601007274
4714,0.88583356,0.0
4715,0.9372188,0.4776536312849162
4716,0.88530123,0.3177570093457944
4717,0.93976045,0.45660377358490567
4718,0.8531536,0.12781954887218044
4719,0.84652835,0.0213903743315508
4720,0.550271,0.002472187886279357
4721,0.8784572,0.12096774193548387
4722,0.91208005,0.16842105263157894
4723,0.83294386,0.09369024856596558
4724,0.7315579,0.18309859154929578
4725,0.87359047,0.3670814479638009
4726,0.9362284,0.0
4727,0.94368297,0.14763231197771587
4728,0.91419554,0.1760797342192691
4729,0.68217623,0.03278688524590164
4730,0.94829893,0.2710843373493976
4731,0.87384033,0.02857142857142857
4732,0.70771414,0.17590361445783131
4733,0.6566642,0.0
4734,0.35044852,0.0
4735,0.9453806,0.5195246179966044
4736,0.75917333,0.08620689655172414
4737,0.47186,0.004424778761061947
4738,0.90636235,0.0
4739,0.41845068,0.0
4740,0.9407983,0.153057349031523
4741,0.8534528,0.032467532467532464
4742,0.79033756,0.03015075376884422
4743,0.81001073,0.0
4744,0.7486365,0.0
4745,0.7321287,0.0
4746,0.52287555,0.0
4747,0.92349184,0.10077519379844961
4748,0.12835051,0.18705234159779616
4749,0.935493,0.007518796992481203
4750,0.61896133,0.10227272727272728
4751,0.37704465,0.0
4752,0.9662053,0.1141959140911472
4753,0.39472666,0.0
4754,0.53089637,0.07177121771217712
4755,0.48710448,0.015126958400864398
4756,0.27901417,0.09803921568627451
4757,0.8835264,0.017857142857142856
4758,0.8733613,0.2777777777777778
4759,0.41203374,0.07346189164370982
4760,0.96023184,0.701360329009807
4761,0.81336385,0.0
4762,0.8888613,0.0
4763,0.61707324,0.09090909090909091
4764,0.47090307,0.0
4765,0.66538405,0.0
4766,0.5506131,0.11030478955007257
4767,0.562528,0.015384615384615385
4768,0.8759179,0.1574074074074074
4769,0.8844026,0.06626506024096386
4770,0.6159085,0.0
4771,0.80829513,0.0
4772,0.7908596,0.09090909090909091
4773,0.8381097,0.11428571428571428
4774,0.9136805,0.0
4775,0.9306542,0.15217391304347827
4776,0.5889402,0.0
4777,0.7774032,0.0967741935483871
4778,0.58229864,0.0
4779,0.90940803,0.2366412213740458
4780,0.9007488,0.0
4781,0.59176916,0.0
4782,0.46083802,0.056818181818181816
4783,0.86254483,0.030470914127423823
4784,0.9074397,0.15
4785,0.7929397,0.015384615384615385
4786,0.95692927,0.2885032537960954
4787,0.7018812,0.047619047619047616
4788,0.7994807,0.2261904761904762
4789,0.2539882,0.0002020814388198444
4790,0.87542933,0.13157894736842105
4791,0.90336925,0.21428571428571427
4792,0.8200575,0.0
4793,0.14650618,0.03097826086956522
4794,0.47746092,0.0
4795,0.9053783,1.0
4796,0.88546604,0.2773851590106007
4797,0.748942,0.008670520231213872
4798,0.44304672,0.004694835680751174
4799,0.73238224,0.0
4800,0.9209608,0.10686359687228497
4801,0.9203043,0.4107142857142857
4802,0.5545048,0.07920792079207921
4803,0.8405295,0.24444444444444444
4804,0.74987286,0.0
4805,0.94030833,0.40062111801242234
4806,0.70798504,0.0
4807,0.7881631,0.0
4808,0.86827046,0.0
4809,0.94591725,0.0625
4810,0.468044,0.05454545454545454
4811,0.87387,0.2
4812,0.9245442,0.2
4813,0.68704516,0.16071428571428573
4814,0.25451785,0.06340819022457067
4815,0.2631639,0.0
4816,0.85907596,0.28680981595092025
4817,0.9111721,0.0
4818,0.9287433,0.1875
4819,0.7919462,0.0
4820,0.96146744,0.0
4821,0.9365869,0.0
4822,0.8375797,0.05263157894736842
4823,0.88156486,0.058823529411764705
4824,0.65525323,0.0
4825,0.7265441,0.0
4826,0.9323615,0.3213367609254499
4827,0.92699826,0.2236842105263158
4828,0.7980604,0.02564102564102564
4829,0.2810481,0.03338184464253229
4830,0.912257,0.15946843853820597
4831,0.5871906,0.1564327485380117
4832,0.85742515,0.17391304347826086
4833,0.8316259,0.15384615384615385
4834,0.87298876,0.0
4835,0.87659633,0.1225296442687747
4836,0.48870707,0.0
4837,0.96585757,0.7264633874916537
4838,0.8344262,0.0
4839,0.9005208,0.0
4840,0.8876101,0.06818181818181818
4841,0.7558707,0.16666666666666666
4842,0.49426776,0.1774193548387097
4843,0.89406395,0.11764705882352941
4844,0.64878553,0.0
4845,0.8030921,0.1943127962085308
4846,0.59553427,0.023809523809523808
4847,0.86575264,0.0
4848,0.9658129,0.38620689655172413
4849,0.8983084,0.0
4850,0.6269923,0.03815580286168521
4851,0.45980772,0.004132231404958678
4852,0.92324185,0.07407407407407407
4853,0.7193725,0.12021857923497267
4854,0.92217165,1.0
4855,0.8224262,0.0
4856,0.84073514,0.11764705882352941
4857,0.43101728,0.0
4858,0.28245065,0.4183079677708147
4859,0.8334871,0.0
4860,0.7243657,0.0
4861,0.8089614,0.15625
4862,0.8643297,0.14018691588785046
4863,0.7185839,0.0
4864,0.8784613,0.16428571428571428
4865,0.8942786,0.4688995215311005
4866,0.8788622,0.17210682492581603
4867,0.63793755,0.09923664122137404
4868,0.79505295,0.1865955826351866
4869,0.81220824,0.0375
4870,0.88101274,0.16731517509727625
4871,0.67332745,0.08032786885245902
4872,0.86710507,0.05555555555555555
4873,0.7777561,0.06306306306306306
4874,0.8634498,0.2222222222222222
4875,0.8153597,0.0
4876,0.81680036,0.1496649292628444
4877,0.53973985,0.0975609756097561
4878,0.7905552,0.1282051282051282
4879,0.6161775,0.16581632653061223
4880,0.7885424,0.0
4881,0.836149,0.10707456978967496
4882,0.92578495,0.3826086956521739
4883,0.6972211,0.02284263959390863
4884,0.86356825,0.024390243902439025
4885,0.8861565,0.2698844323589395
4886,0.66777956,0.0
4887,0.7663745,0.1477124183006536
4888,0.4208679,0.017500514721021206
4889,0.8008891,0.0
4890,0.92142326,0.47343895619757687
4891,0.8326371,0.02617801047120419
4892,0.89528614,0.0
4893,0.78145355,0.2
4894,0.6007046,0.0
4895,0.7306656,0.07270811380400422
4896,0.6047542,0.0
4897,0.6470677,0.04819277108433735
4898,0.84933746,0.17857142857142858
4899,0.92868304,0.07692307692307693
4900,0.8013306,0.256
4901,0.48448816,0.0
4902,0.335177,0.06074766355140187
4903,0.78951055,0.05384615384615385
4904,0.92968285,0.039735099337748346
4905,0.7043578,0.0
4906,0.91335195,0.10576923076923077
4907,0.8452078,0.1660377358490566
4908,0.88694704,0.00718562874251497
4909,0.8489438,0.05434782608695652
4910,0.8263462,0.12903225806451613
4911,0.7638401,0.24111014744145706
4912,0.6809624,0.1
4913,0.9534748,0.6965095194922938
4914,0.95774645,0.3220910623946037
4915,0.74428886,0.017543859649122806
4916,0.8405495,0.28978622327790976
4917,0.86531687,0.0
4918,0.9113913,0.2962962962962963
4919,0.88390756,0.0
4920,0.49619567,0.0
4921,0.4129299,0.0
4922,0.87574446,0.08727272727272728
4923,0.9389128,0.27058823529411763
4924,0.45302907,0.02247191011235955
4925,0.9039629,0.17647058823529413
4926,0.6692561,0.0
4927,0.7929625,0.1
4928,0.93827873,0.12162162162162163
4929,0.936155,0.35604395604395606
4930,0.9145205,0.07017543859649122
4931,0.91519594,0.008298755186721992
4932,0.7259638,0.0273972602739726
4933,0.8134782,0.0
4934,0.9013324,0.0871559633027523
4935,0.97255814,0.15555555555555556
4936,0.65278363,0.0
4937,0.2972188,0.09760589318600368
4938,0.5000525,0.04780564263322884
4939,0.557374,0.0
4940,0.7154084,0.0
4941,0.8538147,0.0
4942,0.4635802,0.07321085823964903
4943,0.77898914,0.0
4944,0.94855666,0.075
4945,0.8100232,0.0
4946,0.9229239,0.1288888888888889
4947,0.8473763,0.3146067415730337
4948,0.29708847,0.0
4949,0.96318185,0.6132996024575352
4950,0.93463916,0.0
4951,0.77662784,0.13440860215053763
4952,0.32710564,0.9706634984463535
4953,0.8957322,0.0
4954,0.8173655,0.0
4955,0.79392284,0.0
4956,0.85315883,0.22162162162162163
4957,0.8436297,0.15254237288135594
4958,0.58367896,0.0
4959,0.7247272,0.07317073170731707
4960,0.55998474,0.07751937984496124
4961,0.78796774,0.0
4962,0.28362772,0.006634345496300076
4963,0.56150657,0.15744223535733476
4964,0.21229257,0.0
4965,0.9767933,0.6430348258706468
4966,0.86812437,0.19753086419753085
4967,0.6983253,0.12814070351758794
4968,0.740399,0.18181818181818182
4969,0.40077066,0.06164383561643835
4970,0.93501914,0.1556420233463035
4971,0.6608136,0.0
4972,0.8899059,0.037037037037037035
4973,0.5233992,0.006535947712418301
4974,0.48891935,0.1353135313531353
4975,0.7648169,0.0
4976,0.851359,0.2465753424657534
4977,0.83690554,0.2777777777777778
4978,0.8025803,0.14814814814814814
4979,0.8729762,0.2482876712328767
4980,0.95278585,0.12903225806451613
4981,0.35897166,0.06481481481481481
4982,0.8636029,0.0
4983,0.89579314,0.3872549019607843
4984,0.8586773,0.09590671108995716
4985,0.7277581,0.09090909090909091
4986,0.9629581,0.3835616438356164
4987,0.7300236,0.090625
4988,0.3908865,0.08235294117647059
4989,0.6598639,0.014263074484944533
4990,0.74805844,0.0625
4991,0.6880537,0.0
4992,0.9285884,0.012269938650306749
4993,0.84430206,0.22085889570552147
4994,0.8339586,0.2885375494071146
4995,0.736634,0.10810810810810811
4996,0.88949853,0.1038961038961039
4997,0.95753235,0.28969957081545067
4998,0.85920143,0.0
4999,0.88508946,0.2222222222222222
5000,0.54991555,0.20642201834862386
5001,0.5677943,0.00018885741265344664
5002,0.91418093,0.4892840857273142
5003,0.5513868,0.015220700152207
5004,0.23520438,0.0
5005,0.8438359,0.0
5006,0.79013294,0.043478260869565216
5007,0.93918794,0.1111111111111111
5008,0.5783253,0.014285714285714285
5009,0.8686199,0.06896551724137931
5010,0.5111721,0.0
5011,0.925588,0.3625349487418453
5012,0.74837303,0.044444444444444446
5013,0.85139364,0.25
5014,0.93659794,0.0
5015,0.42094997,0.0
5016,0.322241,0.03234501347708895
5017,0.8493463,0.009259259259259259
5018,0.6569433,0.0
5019,0.31794435,0.0016611295681063123
5020,0.43448353,0.0
5021,0.8479359,0.0
5022,0.80537623,0.007518796992481203
5023,0.92132,0.2542372881355932
5024,0.7977471,0.1111111111111111
5025,0.84652543,0.125
5026,0.5735485,0.0
5027,0.9054042,0.0
5028,0.6995496,0.04411764705882353
5029,0.67568713,0.14285714285714285
5030,0.72146195,0.029197080291970802
5031,0.75358415,0.05006954102920723
5032,0.80330396,0.001142857142857143
5033,0.35971996,0.07624940504521656
5034,0.88193744,0.0
5035,0.7939819,0.1884522854851644
5036,0.629571,0.25
5037,0.18201537,0.6340453561682506
5038,0.8413305,0.05454545454545454
5039,0.81097203,0.0
5040,0.9569596,0.5272052761747733
5041,0.53270423,0.0275
5042,0.43310028,0.0
5043,0.8874942,0.3567901234567901
5044,0.8108924,0.18032786885245902
5045,0.9276445,0.1
5046,0.9500063,0.13383187209902012
5047,0.8028814,0.09183673469387756
5048,0.8724216,0.013888888888888888
5049,0.9264671,0.08945686900958466
5050,0.794361,0.21739130434782608
5051,0.83231336,0.1111111111111111
5052,0.8833347,0.0
5053,0.80719256,0.0
5054,0.8875977,0.10714285714285714
5055,0.7382603,0.0
5056,0.81815475,0.0
5057,0.71442556,0.0
5058,0.9225717,0.2935323383084577
5059,0.92873937,0.22388059701492538
5060,0.7662952,0.0
5061,0.712437,0.07317073170731707
5062,0.84479934,0.18181818181818182
5063,0.9048873,0.16666666666666666
5064,0.72556406,0.0
5065,0.94880706,0.1483539974348012
5066,0.92386246,0.20967741935483872
5067,0.9095653,0.2727272727272727
5068,0.7703457,0.0
5069,0.30774194,0.0
5070,0.6100176,0.17197452229299362
5071,0.9560711,0.3584905660377358
5072,0.8291985,0.0
5073,0.6900018,0.061224489795918366
5074,0.89778703,0.315028901734104
5075,0.879206,0.05128205128205128
5076,0.2448552,0.0792066700353714
5077,0.89504415,0.02631578947368421
5078,0.86179435,0.0
5079,0.951992,0.1686746987951807
5080,0.9050828,0.11428571428571428
5081,0.87072223,0.14979757085020243
5082,0.6714271,0.0
5083,0.6718228,0.0
5084,0.611077,0.029397110114598904
5085,0.8779643,0.1134020618556701
5086,0.6565242,0.17391304347826086
5087,0.6269839,0.005872880553187459
5088,0.6070524,0.018518518518518517
5089,0.880448,0.0
5090,0.5101038,0.11940298507462686
5091,0.61872846,0.07962529274004684
5092,0.89175904,0.047619047619047616
5093,0.20288819,0.0
5094,0.9449706,0.5443322109988776
5095,0.37749928,0.0
5096,0.7688316,0.07142857142857142
5097,0.6475415,0.028846153846153848
5098,0.8735807,0.21428571428571427
5099,0.85928243,0.3344509639564124
5100,0.8611274,0.05128205128205128
5101,0.7468842,0.18902439024390244
5102,0.92760557,0.13333333333333333
5103,0.8653301,0.08450704225352113
5104,0.8400227,0.027777777777777776
5105,0.3467555,0.0005836348780203105
5106,0.70409435,0.1
5107,0.704755,0.0
5108,0.93200684,0.2
5109,0.85560477,0.0
5110,0.8908026,0.18867924528301888
5111,0.63367546,0.02564102564102564
5112,0.76840186,0.0
5113,0.7800142,0.0
5114,0.8879865,0.3
5115,0.8557155,0.14
5116,0.65705746,0.028169014084507043
5117,0.6211251,0.0
5118,0.8606089,0.0
5119,0.8448146,0.0
5120,0.8109513,0.13313609467455623
5121,0.7047551,0.0019801980198019802
5122,0.8792921,0.1111111111111111
5123,0.96772677,0.7722670579603815
5124,0.9308125,0.09090909090909091
5125,0.81241053,0.18930041152263374
5126,0.8353518,0.15384615384615385
5127,0.6184925,0.0
5128,0.87900287,0.018518518518518517
5129,0.94434756,0.11764705882352941
5130,0.9286352,0.22440944881889763
5131,0.7035666,0.125
5132,0.46807265,0.03202846975088968
5133,0.29486352,0.484763507197607
5134,0.8353931,0.05063291139240506
5135,0.8931935,0.125
5136,0.74625516,0.043478260869565216
5137,0.78880554,0.0
5138,0.7764779,0.040293040293040296
5139,0.8035993,0.25675675675675674
5140,0.5088064,0.0
5141,0.8475995,0.08
5142,0.80582625,0.0
5143,0.93874985,0.2857142857142857
5144,0.26357508,0.0
5145,0.85316116,0.1
5146,0.886254,0.10526315789473684
5147,0.66200674,0.019417475728155338
5148,0.8812631,0.24028629856850717
5149,0.42943135,0.1579699785561115
5150,0.50696903,0.015151515151515152
5151,0.80326694,0.23076923076923078
5152,0.7670603,0.2
5153,0.41301796,0.11420345489443379
5154,0.5279338,0.007435734013171872
5155,0.95095885,0.3255416191562144
5156,0.6376446,0.19230769230769232
5157,0.8427629,0.1111111111111111
5158,0.9186944,0.043052837573385516
5159,0.6674865,0.14285714285714285
5160,0.6310512,0.0
5161,0.8297701,0.09375
5162,0.5502388,0.0
5163,0.35217032,0.0
5164,0.7732875,0.0
5165,0.63339895,0.12254160363086233
5166,0.80961305,0.09027777777777778
5167,0.89304,0.0
5168,0.90515417,0.10561056105610561
5169,0.9492696,0.11186903137789904
5170,0.87052965,0.2453066332916145
5171,0.8084325,0.00034246575342465754
5172,0.7907391,0.09016393442622951
5173,0.4772661,0.0
5174,0.25285256,0.013953488372093023
5175,0.59061944,0.09448818897637795
5176,0.8912391,0.19760479041916168
5177,0.68826973,0.021505376344086023
5178,0.4768878,0.0
5179,0.8737267,0.0
5180,0.6017877,0.0
5181,0.36278215,0.0
5182,0.839882,0.07142857142857142
5183,0.8623495,0.07337526205450734
5184,0.9194083,0.34134615384615385
5185,0.7870404,0.13333333333333333
5186,0.6872379,0.0
5187,0.7255291,0.014492753623188406
5188,0.386504,0.0
5189,0.94543153,0.3029953917050691
5190,0.62247986,0.05421494631657277
5191,0.8924917,0.038461538461538464
5192,0.8939704,0.12631578947368421
5193,0.80941063,0.14963503649635038
5194,0.82465726,0.0
5195,0.50224656,0.0959079283887468
5196,0.9001985,0.1607843137254902
5197,0.76509637,0.01276595744680851
5198,0.4245875,0.07047619047619047
5199,0.750971,0.1111111111111111
5200,0.832487,0.25835866261398177
5201,0.82277745,0.0
5202,0.78167295,0.07042253521126761
5203,0.70724326,0.08333333333333333
5204,0.8355435,0.07229753215154675
5205,0.59277135,0.0
5206,0.77085584,0.0
5207,0.96220404,0.4608695652173913
5208,0.7505497,0.0
5209,0.47447157,0.08333333333333333
5210,0.42139116,0.01639344262295082
5211,0.7223393,0.0
5212,0.8790469,0.07633587786259542
5213,0.96768534,0.5448717948717948
5214,0.4380763,0.41643139469226426
5215,0.92489755,0.08823529411764706
5216,0.8646743,0.06666666666666667
5217,0.71591634,0.0
5218,0.87625474,0.13924050632911392
5219,0.70273614,0.0
5220,0.35603008,0.19635055255718326
5221,0.8767525,0.039937353171495694
5222,0.56008166,0.0
5223,0.8578475,0.14583333333333334
5224,0.21978417,0.0007701786814540973
5225,0.8347984,0.02918781725888325
5226,0.9141874,0.032330489447687474
5227,0.46940166,0.0
5228,0.648473,0.0
5229,0.8451231,0.0
5230,0.9571307,0.20708955223880596
5231,0.91099066,0.1619047619047619
5232,0.77408624,0.5
5233,0.73856926,0.0
5234,0.72298217,0.0
5235,0.8563308,0.03773584905660377
5236,0.27583048,0.03557427036445477
5237,0.37682363,0.0
5238,0.8192148,0.15625
5239,0.6462727,0.0
5240,0.59477097,0.0
5241,0.2954967,0.0
5242,0.87679875,0.049159925326695705
5243,0.54447,0.46836765144732917
5244,0.9477307,0.2926383173296754
5245,0.6011631,0.026246719160104987
5246,0.5687158,0.0
5247,0.8887491,0.0
5248,0.82651377,0.0
5249,0.86845744,0.0
5250,0.9190155,0.16823899371069181
5251,0.85946316,0.0
5252,0.7354434,0.35640744797371304
5253,0.94406664,0.08888888888888889
5254,0.894119,0.11627906976744186
5255,0.7467036,0.125
5256,0.43516222,0.0
5257,0.28404054,0.02564102564102564
5258,0.7465476,0.0
5259,0.79747266,0.0
5260,0.8902391,0.0
5261,0.3357801,0.0
5262,0.674121,0.10623946037099494
5263,0.9080907,0.1724137931034483
5264,0.7703923,0.16666666666666666
5265,0.47503683,0.0
5266,0.9357301,0.0
5267,0.38928598,0.027700831024930747
5268,0.65379226,0.0
5269,0.85253537,0.4144903117101938
5270,0.5737904,0.06557377049180328
5271,0.8694881,0.20408163265306123
5272,0.9487575,0.07142857142857142
5273,0.8147064,0.17164179104477612
5274,0.62858963,0.14864864864864866
5275,0.85237885,0.0
5276,0.8724927,0.07575757575757576
5277,0.5637136,0.42105263157894735
5278,0.7855017,0.2837944664031621
5279,0.885975,0.208955223880597
5280,0.94677085,0.0
5281,0.98058516,0.40867480383609417
5282,0.7686274,0.09217391304347826
5283,0.8539622,0.21100917431192662
5284,0.91255504,0.0
5285,0.7252944,0.0
5286,0.6144642,0.03910614525139665
5287,0.81791997,0.10416666666666667
5288,0.64975315,0.025
5289,0.88116467,0.14615384615384616
5290,0.8795715,0.0
5291,0.61172307,0.08620689655172414
5292,0.68641,0.014736842105263158
5293,0.4229695,0.18227009113504558
5294,0.7915078,0.0967741935483871
5295,0.7297321,0.0
5296,0.6120343,0.0
5297,0.95831496,0.30403458213256485
5298,0.7616835,0.1951219512195122
5299,0.85214263,0.0
5300,0.8111388,0.10596026490066225
5301,0.9068542,0.3373493975903614
5302,0.6601295,0.08074534161490683
5303,0.93167883,0.197289972899729
5304,0.59477067,0.0
5305,0.9424266,0.014366855997327097
5306,0.94299746,0.2653061224489796
5307,0.94721574,0.2032520325203252
5308,0.89592594,0.01600387972841901
5309,0.5587617,0.09821428571428571
5310,0.8523178,0.125
5311,0.8646718,0.0
5312,0.7932993,0.4290657439446367
5313,0.87657934,0.0
5314,0.9502144,0.10526315789473684
5315,0.93914306,0.5046132008516678
5316,0.8195416,0.0
5317,0.9459204,0.2
5318,0.92466277,0.36363636363636365
5319,0.83885354,0.23529411764705882
5320,0.5390999,0.026845637583892617
5321,0.8314354,0.0
5322,0.2952522,0.0
5323,0.6492388,0.0
5324,0.84801257,0.16847826086956522
5325,0.5361685,0.0
5326,0.9041073,0.015625
5327,0.9036672,0.12308868501529052
5328,0.9108533,0.19005847953216373
5329,0.67149895,0.07692307692307693
5330,0.87122244,0.6672890216579537
5331,0.89532405,0.16666666666666666
5332,0.51276284,0.06132075471698113
5333,0.67569685,0.0
5334,0.9249881,0.0
5335,0.84790546,0.07142857142857142
5336,0.46385717,0.0
5337,0.59452516,0.003424657534246575
5338,0.40287766,0.011494252873563218
5339,0.80260396,0.12244897959183673
5340,0.89353853,0.0
5341,0.737403,0.0
5342,0.89765656,0.28703703703703703
5343,0.78569263,0.0
5344,0.6400159,0.18250377073906485
5345,0.3067075,0.02247191011235955
5346,0.95317316,0.32461538461538464
5347,0.64564383,0.0
5348,0.90043324,0.1111111111111111
5349,0.9504301,0.38513513513513514
5350,0.80965966,0.1111111111111111
5351,0.8344722,0.0
5352,0.70648503,0.0
5353,0.5827784,0.0
5354,0.9005142,0.37221199099652136
5355,0.72181857,0.0711864406779661
5356,0.90165037,0.3076923076923077
5357,0.8151087,0.0
5358,0.9243104,0.2772413793103448
5359,0.8079305,0.2627986348122867
5360,0.9125392,0.02074235807860262
5361,0.6718942,0.07
5362,0.8622105,0.0
5363,0.7480184,0.20270270270270271
5364,0.8044088,0.021315028901734104
5365,0.7120888,0.046511627906976744
5366,0.80791867,0.20436817472698907
5367,0.90319157,0.4338709677419355
5368,0.44329387,0.048582995951417005
5369,0.8147842,0.0
5370,0.7185195,0.0
5371,0.79287803,0.1104775481111903
5372,0.8138601,0.0
5373,0.2790281,0.029012345679012345
5374,0.73115796,0.047619047619047616
5375,0.4327806,0.0
5376,0.51544905,0.04332129963898917
5377,0.7298635,0.0
5378,0.8092365,0.0
5379,0.9057171,0.1925925925925926
5380,0.8440269,0.24888888888888888
5381,0.3073169,0.0
5382,0.6786372,0.1554054054054054
5383,0.91621834,0.291220556745182
5384,0.84289074,0.20667870036101083
5385,0.8793962,0.2638888888888889
5386,0.46347317,0.0
5387,0.7590822,0.038461538461538464
5388,0.8596391,0.29914529914529914
5389,0.87198806,0.14285714285714285
5390,0.6420114,0.0
5391,0.88263804,0.3892925430210325
5392,0.8124046,0.03571428571428571
5393,0.45885026,0.1174785100286533
5394,0.43867952,0.004052543320290665
5395,0.91735244,0.18848167539267016
5396,0.9134414,0.375
5397,0.80066115,0.09090909090909091
5398,0.46072796,0.0
5399,0.7806211,0.03404255319148936
5400,0.65507853,0.0
5401,0.24543245,0.8706458468077243
5402,0.87030953,0.09375
5403,0.57758045,0.0
5404,0.41778535,0.04477611940298507
5405,0.609064,0.14285714285714285
5406,0.6772342,0.0
5407,0.9098158,0.24245689655172414
5408,0.44968104,0.07094594594594594
5409,0.9420243,0.0
5410,0.90471387,0.0
5411,0.6410046,0.017114914425427872
5412,0.9207567,0.32146037399821903
5413,0.17686446,0.0001986491855383393
5414,0.89771163,0.0
5415,0.9729614,0.3932806324110672
5416,0.9496454,0.0
5417,0.9145393,0.2182628062360802
5418,0.7156197,0.08333333333333333
5419,0.8957612,0.14285714285714285
5420,0.9512926,0.03951367781155015
5421,0.69426835,0.0
5422,0.70975727,0.3757775338455909
5423,0.5541439,0.05921052631578947
5424,0.9215297,0.3183856502242152
5425,0.710051,0.0
5426,0.8490594,0.04
5427,0.70874405,0.17647058823529413
5428,0.3306682,0.00024685262898049864
5429,0.72344875,0.0
5430,0.93815607,0.0
5431,0.7529678,0.0
5432,0.9164517,0.32634971796937956
5433,0.61720026,0.058823529411764705
5434,0.49640766,0.12412686426279027
5435,0.826384,0.10714285714285714
5436,0.92427534,0.08064516129032258
5437,0.66302365,0.5548387096774193
5438,0.60504407,0.09816849816849817
5439,0.8008989,0.0
5440,0.8785006,0.0
5441,0.8357574,0.234375
5442,0.7870885,0.1935185185185185
5443,0.588351,0.006756756756756757
5444,0.64103884,0.0
5445,0.8149267,0.2605633802816901
5446,0.9247711,0.290167865707434
5447,0.83832294,0.05263157894736842
5448,0.8935131,0.14285714285714285
5449,0.90215373,0.16666666666666666
5450,0.95616126,0.23203026481715006
5451,0.6593514,0.018018018018018018
5452,0.7793978,0.16367713004484305
5453,0.8832385,0.0
5454,0.8571674,0.0
5455,0.6252341,0.0
5456,0.82312834,0.09523809523809523
5457,0.72073346,0.0
5458,0.37074414,0.04652541117202549
5459,0.9310503,0.18181818181818182
5460,0.9604491,0.5732632807939287
5461,0.7069707,0.0
5462,0.95948565,0.31717171717171716
5463,0.8850417,0.0
5464,0.5680497,0.012987012987012988
5465,0.8942785,0.20789865871833085
5466,0.79174656,0.0
5467,0.67904156,0.19642857142857142
5468,0.18338355,0.0
5469,0.7460302,0.12582781456953643
5470,0.7905131,0.0
5471,0.7237471,0.0
5472,0.3598084,0.0
5473,0.9455799,0.0
5474,0.6323408,0.0
5475,0.9246174,0.0
5476,0.80545664,0.0
5477,0.8995278,0.2
5478,0.23599471,0.002029495332160736
5479,0.7184999,0.0
5480,0.6614917,0.0
5481,0.8961003,0.0
5482,0.83262986,0.0
5483,0.90956223,0.0
5484,0.67644584,0.17177914110429449
5485,0.8821487,0.2222222222222222
5486,0.83259714,0.0
5487,0.4221474,0.04950495049504951
5488,0.7876793,0.0010504201680672268
5489,0.81115043,0.0690363673720978
5490,0.7175617,0.22182680901542112
5491,0.7957137,0.09090909090909091
5492,0.8601818,0.0
5493,0.2608788,0.0
5494,0.88311505,0.3779264214046823
5495,0.6344097,0.0
5496,0.78053206,0.06091370558375635
5497,0.94631654,0.15294117647058825
5498,0.85956126,0.020765351527736578
5499,0.87228066,0.0
5500,0.80249417,0.0
5501,0.8383907,0.0
5502,0.5995812,0.0
5503,0.6962449,0.09188660801564028
5504,0.8917221,0.34375
5505,0.9473735,0.38943248532289626
5506,0.7371451,0.0
5507,0.9025939,0.3324742268041237
5508,0.76133984,0.0
5509,0.49668714,0.006963162623539982
5510,0.47978038,0.10407488986784141
5511,0.8419547,0.0
5512,0.34066662,0.2088413123203489
5513,0.9258086,0.0
5514,0.8485515,0.0
5515,0.9175762,0.35694444444444445
5516,0.7954483,0.0
5517,0.93740237,0.23369565217391305
5518,0.7711969,0.0
5519,0.63371176,0.0
5520,0.6597032,0.1111111111111111
5521,0.7389465,0.0
5522,0.8359954,0.042735042735042736
5523,0.8594229,0.0
5524,0.77530533,0.0
5525,0.9525499,0.29310344827586204
5526,0.8635512,0.38235294117647056
5527,0.93209255,0.07272727272727272
5528,0.9129098,0.7022727272727273
5529,0.57632905,0.045454545454545456
5530,0.3828908,0.2
5531,0.66028965,0.0
5532,0.60842717,0.011111111111111112
5533,0.9061435,0.3596757852077001
5534,0.8796906,0.0
5535,0.93309385,0.09166666666666666
5536,0.7056936,0.0
5537,0.90932965,0.24880382775119617
5538,0.9325729,0.25
5539,0.915397,0.08441558441558442
5540,0.6611924,0.18487394957983194
5541,0.93425655,0.4351145038167939
5542,0.1699932,0.018859245630174794
5543,0.71682054,0.0
5544,0.6376724,0.0
5545,0.9002386,0.2462882096069869
5546,0.7390894,0.16286057692307693
5547,0.5555885,0.0
5548,0.51130456,0.011627906976744186
5549,0.8750059,0.04395604395604396
5550,0.7763332,0.029411764705882353
5551,0.8093521,0.09523809523809523
5552,0.89236915,0.0
5553,0.48098117,0.0
5554,0.30365404,0.9828184975324438
5555,0.8411661,0.023809523809523808
5556,0.71625614,0.04672897196261682
5557,0.60851574,0.044444444444444446
5558,0.7862066,0.020100502512562814
5559,0.5335523,0.010515021459227468
5560,0.8908218,0.0
5561,0.9565008,0.3625265392781316
5562,0.7646656,0.06432748538011696
5563,0.50763905,0.0
5564,0.87840855,0.07142857142857142
5565,0.78153616,0.0
5566,0.95713836,0.2601626016260163
5567,0.89751637,0.16993464052287582
5568,0.6609025,0.0
5569,0.85118896,0.2916666666666667
5570,0.9325769,0.06956521739130435
5571,0.91427636,0.22388059701492538
5572,0.8872777,0.11481481481481481
5573,0.8297181,0.027549194991055456
5574,0.5504555,0.17305768589529844
5575,0.65895146,0.0
5576,0.90625787,0.061224489795918366
5577,0.77049124,0.0
5578,0.85861987,0.0
5579,0.6575925,0.11290322580645161
5580,0.9180333,0.31420765027322406
5581,0.8660761,0.25
5582,0.79334253,0.18779342723004694
5583,0.7711344,0.0
5584,0.8089112,0.1445477599323753
5585,0.43704554,0.0
5586,0.50977206,0.0
5587,0.7758288,0.5172413793103449
5588,0.8903272,0.024489795918367346
5589,0.85917634,0.07142857142857142
5590,0.9365035,0.18497109826589594
5591,0.84704995,0.10365853658536585
5592,0.54560655,0.0
5593,0.65621716,0.039285714285714285
5594,0.89667743,0.0
5595,0.8231599,0.10395010395010396
5596,0.8042075,0.0
5597,0.31658235,0.0
5598,0.8983991,0.23404255319148937
5599,0.7998781,0.13333333333333333
5600,0.50777286,0.0323000216778669
5601,0.77722305,0.0
5602,0.29334205,0.4823263460748048
5603,0.7692153,0.16712664826740264
5604,0.64494884,0.059006211180124224
5605,0.87788373,0.0
5606,0.91482955,0.023255813953488372
5607,0.96085626,0.2993396918561996
5608,0.38040987,0.0
5609,0.8830084,0.3816793893129771
5610,0.91952205,0.023255813953488372
5611,0.8718662,0.0
5612,0.8787056,0.4011585807385952
5613,0.48928872,0.0
5614,0.69408584,0.18736383442265794
5615,0.74967,0.0
5616,0.8550003,0.3507728894173603
5617,0.9627371,0.19653179190751446
5618,0.26834467,0.046632124352331605
5619,0.91963077,0.047096144460712544
5620,0.76398534,0.039473684210526314
5621,0.22624843,0.0
5622,0.8764073,0.0
5623,0.7376691,0.0
5624,0.9133881,0.3492957746478873
5625,0.86275625,0.015151515151515152
5626,0.9078568,0.07692307692307693
5627,0.88049364,0.3597560975609756
5628,0.95531344,0.41389934953782953
5629,0.8235935,0.19117647058823528
5630,0.9095466,0.29411764705882354
5631,0.56169504,0.03276353276353276
5632,0.70801896,0.0
5633,0.83169776,0.011904761904761904
5634,0.6572877,0.014492753623188406
5635,0.8224952,0.24444444444444444
5636,0.85908055,0.19230769230769232
5637,0.24929082,0.026490066225165563
5638,0.6907389,0.19540229885057472
5639,0.9757651,0.4181646168401135
5640,0.9093391,0.2
5641,0.8666435,0.023255813953488372
5642,0.40597588,0.006535947712418301
5643,0.9201437,0.0
5644,0.8758986,0.1891891891891892
5645,0.46001026,0.11281588447653429
5646,0.88393867,0.16666666666666666
5647,0.7220014,0.0
5648,0.86254394,0.0016492578339747114
5649,0.9359894,0.23782234957020057
5650,0.21629365,0.19484321873819418
5651,0.864173,0.1125
5652,0.95966303,0.2962962962962963
5653,0.93719584,0.31638913234005256
5654,0.57807285,0.019230769230769232
5655,0.9308809,0.058823529411764705
5656,0.94035065,0.26595744680851063
5657,0.7824031,0.05263157894736842
5658,0.88939416,0.08450704225352113
5659,0.5553153,0.0
5660,0.8914561,0.11502347417840375
5661,0.7701188,0.1553398058252427
5662,0.41399914,0.0
5663,0.37166917,0.09890974485781724
5664,0.8808918,0.043478260869565216
5665,0.92389077,0.10416666666666667
5666,0.8805635,0.125
5667,0.93518656,0.31013147718484146
5668,0.88584995,0.26422764227642276
5669,0.801065,0.24372759856630824
5670,0.89762026,0.17647058823529413
5671,0.26341915,0.0
5672,0.867486,0.0
5673,0.8643563,0.17721518987341772
5674,0.90888155,0.21919431279620852
5675,0.48023522,0.0
5676,0.91556334,0.0
5677,0.7800382,0.0
5678,0.69885236,0.14285714285714285
5679,0.83598715,0.0
5680,0.752537,0.09090909090909091
5681,0.8629499,0.0
5682,0.87422913,0.034482758620689655
5683,0.7877741,0.25
5684,0.27518898,0.0033156498673740055
5685,0.8777234,0.17647058823529413
5686,0.43348753,0.0
5687,0.6856439,0.1419753086419753
5688,0.6214774,0.0
5689,0.93063796,0.0
5690,0.85611135,0.0
5691,0.70309305,0.014012738853503185
5692,0.95861304,0.16726661867050635
5693,0.85256827,0.04395604395604396
5694,0.8775737,0.19014084507042253
5695,0.37348536,0.00033967391304347825
5696,0.27592275,0.014311270125223614
5697,0.5454204,0.0
5698,0.8759336,0.07142857142857142
5699,0.21332176,0.0
5700,0.9423948,0.16184971098265896
5701,0.3959425,0.045454545454545456
5702,0.71101636,0.06818181818181818
5703,0.70635235,0.07581227436823104
5704,0.60568625,0.0
5705,0.81099135,0.0
5706,0.5302006,0.02702702702702703
5707,0.764126,0.11009174311926606
5708,0.8832509,0.0
5709,0.4777707,0.037037037037037035
5710,0.82898015,0.0
5711,0.8490044,0.375
5712,0.8563106,0.08299595141700405
5713,0.8402973,0.0
5714,0.92466927,0.20618556701030927
5715,0.7001418,0.11538461538461539
5716,0.9058861,0.02756892230576441
5717,0.9009009,0.5
5718,0.65134525,0.16
5719,0.8356644,0.09433962264150944
5720,0.84771746,0.14435695538057744
5721,0.6344321,0.02723146747352496
5722,0.9063726,0.08403361344537816
5723,0.4075077,0.018292682926829267
5724,0.84695023,0.1650485436893204
5725,0.6766719,0.07142857142857142
5726,0.91402453,0.1111111111111111
5727,0.43833745,0.11142322097378277
5728,0.6508249,0.0
5729,0.8429189,0.0
5730,0.8874727,0.3735663571818678
5731,0.76358163,0.0
5732,0.94812137,0.40097799511002447
5733,0.7781819,0.0
5734,0.8877448,0.0
5735,0.90083534,0.08695652173913043
5736,0.84818834,0.0
5737,0.82825905,0.0
5738,0.468545,0.0688360450563204
5739,0.65270555,0.013513513513513514
5740,0.896089,0.1893939393939394
5741,0.64284325,0.0
5742,0.8939977,0.0
5743,0.21217439,0.35569466504718306
5744,0.9262323,0.0
5745,0.60672367,0.1518987341772152
5746,0.8525686,0.02127659574468085
5747,0.6884228,0.30061728395061726
5748,0.93756145,0.8614912035744205
5749,0.8364468,0.0
5750,0.8366372,0.08860759493670886
5751,0.743832,0.1639784946236559
5752,0.21442837,0.000354735721887194
5753,0.9595031,0.08333333333333333
5754,0.8500416,0.13186813186813187
5755,0.94705963,0.3004769475357711
5756,0.88479614,0.520336605890603
5757,0.635632,0.0
5758,0.21487775,0.011703511053315995
5759,0.7960572,0.1935483870967742
5760,0.92413557,0.15217391304347827
5761,0.94086444,0.062178702570379434
5762,0.88919145,0.17
5763,0.34308955,0.8902595029239766
5764,0.9085415,0.034482758620689655
5765,0.8699657,0.0
5766,0.8740135,0.038461538461538464
5767,0.8537078,0.019230769230769232
5768,0.8830632,0.1746031746031746
5769,0.8979763,0.11392405063291139
5770,0.92783105,0.06896551724137931
5771,0.5986337,0.21875
5772,0.82309544,0.0
5773,0.33625114,0.0
5774,0.8732397,0.0
5775,0.94279736,0.0
5776,0.87830025,0.20418848167539266
5777,0.7739834,0.0
5778,0.4315501,0.4395958727429063
5779,0.541045,0.0
5780,0.62945503,0.04100946372239748
5781,0.90841347,0.34557235421166305
5782,0.5268448,0.0
5783,0.84573275,0.05454545454545454
5784,0.92550087,0.13743455497382198
5785,0.6754343,0.0
5786,0.89953345,0.15760869565217392
5787,0.7199923,0.036020583190394515
5788,0.7302057,0.0
5789,0.78735197,0.09090909090909091
5790,0.43391824,0.0
5791,0.29095498,0.12853470437017994
5792,0.84972566,0.0
5793,0.44644517,0.06712062256809338
5794,0.53048223,0.059602649006622516
5795,0.8320665,0.0
5796,0.35183677,0.0
5797,0.8772951,0.0783132530120482
5798,0.8423361,0.2857142857142857
5799,0.5539765,0.13194444444444445
5800,0.9663904,0.43582089552238806
5801,0.44490233,0.03853211009174312
5802,0.3971192,0.08494623655913978
5803,0.906663,0.08967851099830795
5804,0.91706103,0.0
5805,0.9377715,0.28286014721345953
5806,0.7530059,0.0
5807,0.9550306,0.4139072847682119
5808,0.5877361,0.0
5809,0.3546862,0.0
5810,0.9195591,0.0
5811,0.91266996,0.11764705882352941
5812,0.77791184,0.0
5813,0.66693217,0.1737704918032787
5814,0.33912268,0.007827788649706457
5815,0.96579784,0.06778606965174129
5816,0.77118987,0.14285714285714285
5817,0.771666,0.031698564593301434
5818,0.6276209,0.0
5819,0.5488587,0.3888888888888889
5820,0.57305294,0.07667731629392971
5821,0.85390306,0.017857142857142856
5822,0.6883006,0.0
5823,0.8120042,0.07865168539325842
5824,0.8252293,0.06896551724137931
5825,0.8848361,0.06637649619151251
5826,0.8771135,0.19642857142857142
5827,0.40522006,9.242144177449168e-05
5828,0.52940446,0.11553273427471117
5829,0.67491657,0.0
5830,0.73651147,0.1794871794871795
5831,0.47559047,0.0
5832,0.8910408,0.08571428571428572
5833,0.8387988,0.14814814814814814
5834,0.5621426,0.0
5835,0.55298334,0.0
5836,0.7558937,0.0
5837,0.75467086,0.1010230179028133
5838,0.91563267,0.0
5839,0.93305874,0.16666666666666666
5840,0.46091634,0.11475409836065574
5841,0.878572,0.043478260869565216
5842,0.9477925,0.3554054054054054
5843,0.9398249,0.17886178861788618
5844,0.8086161,0.1289144050104384
5845,0.93991905,0.16326530612244897
5846,0.8277627,0.16981132075471697
5847,0.8149132,0.0625
5848,0.7606421,0.07272727272727272
5849,0.89946246,0.2762237762237762
5850,0.43856478,0.01384083044982699
5851,0.34235477,0.06049149338374291
5852,0.7121859,0.0
5853,0.84719425,0.25333333333333335
5854,0.8036095,0.38636363636363635
5855,0.92989993,0.058823529411764705
5856,0.55548024,0.0
5857,0.8509709,0.0
5858,0.7831579,0.13043478260869565
5859,0.7304164,0.0
5860,0.88586277,0.07692307692307693
5861,0.69728965,0.0
5862,0.63386774,0.0823045267489712
5863,0.8224175,0.0
5864,0.88949347,0.2894736842105263
5865,0.7972157,0.025943396226415096
5866,0.93551105,0.0
5867,0.3973978,0.0
5868,0.9118436,0.16901408450704225
5869,0.87336993,0.0
5870,0.71294266,0.03333333333333333
5871,0.9334913,0.13333333333333333
5872,0.8037926,0.028985507246376812
5873,0.85573095,0.42616033755274263
5874,0.7415669,0.13043478260869565
5875,0.91565096,0.07142857142857142
5876,0.8991092,0.0
5877,0.5715167,0.0
5878,0.78748393,0.02702702702702703
5879,0.93524253,0.3123209169054441
5880,0.80201256,0.0
5881,0.7631097,0.1111111111111111
5882,0.7446914,0.14285714285714285
5883,0.4766198,0.02040816326530612
5884,0.8592713,0.07936507936507936
5885,0.60607135,0.13541666666666666
5886,0.8965859,0.0
5887,0.90939295,0.039473684210526314
5888,0.87844086,0.0
5889,0.92772466,0.22794117647058823
5890,0.49748597,0.0
5891,0.83716965,0.046511627906976744
5892,0.8770789,0.4
5893,0.8860807,0.16129032258064516
5894,0.60113543,0.3373015873015873
5895,0.92320544,0.0
5896,0.77406174,0.07272727272727272
5897,0.8477913,0.0
5898,0.44213924,0.06424581005586592
5899,0.38927844,0.0
5900,0.5461752,0.0
5901,0.926623,0.0
5902,0.47612703,0.0
5903,0.6622217,0.041666666666666664
5904,0.7993584,0.35294117647058826
5905,0.69028,0.13432835820895522
5906,0.80398786,0.0
5907,0.8623523,0.0
5908,0.9550548,0.16666666666666666
5909,0.8248101,0.0
5910,0.8163015,0.0
5911,0.25373185,0.0
5912,0.60292935,0.24788902291917975
5913,0.45441926,0.0
5914,0.75922966,0.0
5915,0.82425135,0.0
5916,0.623081,0.04054054054054054
5917,0.8851123,0.6666666666666666
5918,0.9061061,0.23118279569892472
5919,0.4046719,0.001579778830963665
5920,0.45119995,0.0
5921,0.6639907,0.045454545454545456
5922,0.5981439,0.048507462686567165
5923,0.7248377,0.058823529411764705
5924,0.8480007,0.08974358974358974
5925,0.6818693,0.0
5926,0.8774175,0.0
5927,0.8670369,0.10526315789473684
5928,0.763863,0.0
5929,0.8442614,0.15151515151515152
5930,0.28869167,0.0017421602787456446
5931,0.8642769,0.0
5932,0.8095412,0.0
5933,0.7932741,0.08759124087591241
5934,0.815715,0.09090909090909091
5935,0.38957417,0.12242435492853165
5936,0.6916132,0.023809523809523808
5937,0.19756678,0.21357835630423685
5938,0.7615173,0.05357142857142857
5939,0.90949297,0.1165821868211441
5940,0.5549651,0.0
5941,0.79585665,0.0
5942,0.7612125,0.3979933110367893
5943,0.89486307,0.0
5944,0.87552947,0.30434782608695654
5945,0.8897237,0.2222222222222222
5946,0.6258254,0.0
5947,0.8957408,0.0
5948,0.86702985,0.14935064935064934
5949,0.6737797,0.14285714285714285
5950,0.8630356,0.6834719334719335
5951,0.27722034,0.0
5952,0.90250075,0.15254237288135594
5953,0.88264734,0.0
5954,0.8041265,0.09523809523809523
5955,0.88552076,0.07106598984771574
5956,0.7342961,0.4324853228962818
5957,0.97043014,0.47704770477047703
5958,0.8615839,0.01948051948051948
5959,0.53043664,0.10034802784222738
5960,0.7911547,0.04081632653061224
5961,0.878574,0.0
5962,0.50630236,0.05489260143198091
5963,0.7967998,0.5298245614035088
5964,0.7689357,0.24757281553398058
5965,0.9343499,0.28125
5966,0.65844244,0.0
5967,0.66903675,0.0
5968,0.29172435,0.0
5969,0.930309,0.046511627906976744
5970,0.7162242,0.0498220640569395
5971,0.41767466,0.030303030303030304
5972,0.887726,0.2727272727272727
5973,0.8030373,0.029411764705882353
5974,0.7669248,0.06060606060606061
5975,0.77670485,0.0967741935483871
5976,0.54291415,0.04455445544554455
5977,0.82198185,0.0
5978,0.5328666,0.07258064516129033
5979,0.5853468,0.0
5980,0.7620714,0.08333333333333333
5981,0.8298982,0.4260089686098655
5982,0.5071771,0.014084507042253521
5983,0.8892542,0.10344827586206896
5984,0.637531,0.05405405405405406
5985,0.77792954,0.038461538461538464
5986,0.4302283,0.2857142857142857
5987,0.79312086,0.05555555555555555
5988,0.6471419,0.06666666666666667
5989,0.7319758,0.20812182741116753
5990,0.66576034,0.0
5991,0.40304703,0.0
5992,0.9630745,0.7924501824305361
5993,0.54025084,0.011111111111111112
5994,0.77871305,0.0
5995,0.8147146,0.0
5996,0.56005484,0.0
5997,0.26018587,0.0
5998,0.72052294,0.0
5999,0.89047986,0.0
6000,0.94868344,0.3962025316455696
6001,0.7253344,0.14644351464435146
6002,0.9064333,0.3247863247863248
6003,0.9351585,0.0
6004,0.9646435,0.1134133042529989
6005,0.8968681,0.42016806722689076
6006,0.8509791,0.1362179487179487
6007,0.8634,0.047619047619047616
6008,0.84153026,0.125
6009,0.8923944,0.21691176470588236
6010,0.15804413,0.0736749289703145
6011,0.73953617,0.0
6012,0.8514216,0.40199081163859113
6013,0.8938381,0.1440677966101695
6014,0.91397667,0.0427807486631016
6015,0.8892778,0.14174454828660435
6016,0.8713309,1.0
6017,0.79391766,0.13096862210095497
6018,0.36514172,0.0
6019,0.6191239,0.05263157894736842
6020,0.7437496,0.5
6021,0.9210136,0.14556962025316456
6022,0.4352104,0.10596446700507614
6023,0.5210006,0.0
6024,0.48001146,0.5
6025,0.9410085,0.12389380530973451
6026,0.9187892,0.5882352941176471
6027,0.54333085,0.0
6028,0.59518665,0.07468879668049792
6029,0.42794806,0.03977272727272727
6030,0.9191715,0.5
6031,0.8932068,0.0
6032,0.9471136,0.3484475110892065
6033,0.8746794,0.25
6034,0.4070067,0.13409290096406662
6035,0.89703304,0.06569343065693431
6036,0.7781376,0.32358550540368725
6037,0.7614317,0.0
6038,0.29459962,0.0015891032917139615
6039,0.9232449,0.166044776119403
6040,0.92665184,0.2
6041,0.82211196,0.0
6042,0.57617575,0.14545454545454545
6043,0.5688512,0.00390625
6044,0.89713395,0.0
6045,0.41434327,0.5
6046,0.82566386,0.07142857142857142
6047,0.86261004,0.0
6048,0.17873505,0.020558320709803072
6049,0.9181017,0.0
6050,0.878904,0.0
6051,0.9055965,0.31926952141057935
6052,0.557944,0.0
6053,0.8103134,0.0
6054,0.7864775,0.0
6055,0.60505414,0.0
6056,0.6424442,0.0
6057,0.9300691,0.006114130434782609
6058,0.87814003,0.06451612903225806
6059,0.69246876,0.1925754060324826
6060,0.8780475,0.14705882352941177
6061,0.72210205,0.0
6062,0.5132926,0.013071895424836602
6063,0.9368305,0.16260162601626016
6064,0.7421506,0.014084507042253521
6065,0.8176774,0.058823529411764705
6066,0.87592816,0.09433962264150944
6067,0.7101703,0.1111111111111111
6068,0.75266415,0.13043478260869565
6069,0.22732338,0.0
6070,0.8615723,0.10593538692712247
6071,0.5302675,0.0018467220683287165
6072,0.72792256,0.038461538461538464
6073,0.906175,0.1511627906976744
6074,0.87549174,0.14285714285714285
6075,0.87126815,0.038461538461538464
6076,0.59301394,0.0
6077,0.503824,0.0
6078,0.9004173,0.15587044534412955
6079,0.6736103,0.0
6080,0.74197376,0.0
6081,0.86764824,0.023946650500151562
6082,0.76889783,0.0
6083,0.7088282,0.05555555555555555
6084,0.9189334,0.13
6085,0.6764179,0.19004524886877827
6086,0.70184815,0.010738691832085909
6087,0.7163409,0.028112449799196786
6088,0.94912976,0.45552884615384615
6089,0.8197095,0.2200247218788628
6090,0.816339,0.2389937106918239
6091,0.76589054,0.08823529411764706
6092,0.22618236,0.0
6093,0.6964001,0.0
6094,0.51365393,0.059850374064837904
6095,0.92125523,0.3
6096,0.2929646,0.17375071797817346
6097,0.93629205,0.10179640718562874
6098,0.8746196,0.5
6099,0.7300779,0.0
6100,0.8950206,0.0945945945945946
6101,0.9202973,0.0
6102,0.8917942,0.23565891472868217
6103,0.16382152,0.022727272727272728
6104,0.9097808,0.17845117845117844
6105,0.84230435,0.0
6106,0.65154743,0.09921671018276762
6107,0.8768735,0.75
6108,0.91988397,0.0
6109,0.8517889,0.2047244094488189
6110,0.47590157,0.15737051792828685
6111,0.5063107,0.008450704225352112
6112,0.1558377,0.8971031709768802
6113,0.8814067,0.5
6114,0.38259366,0.0411522633744856
6115,0.79011804,0.0
6116,0.5797665,0.23129251700680273
6117,0.83046585,0.9336232547493706
6118,0.82890636,0.34888059701492535
6119,0.8591925,0.125
6120,0.5585232,0.03529411764705882
6121,0.2915591,0.27586206896551724
6122,0.9702646,0.2127659574468085
6123,0.76404744,0.0297029702970297
6124,0.9277418,0.0
6125,0.9157678,0.1543859649122807
6126,0.6367188,0.0
6127,0.14032675,0.0
6128,0.9603934,0.0
6129,0.8073155,0.07674943566591422
6130,0.34561786,0.0
6131,0.45093763,0.14084507042253522
6132,0.9473311,0.21428571428571427
6133,0.7673803,0.38275862068965516
6134,0.84243184,0.0
6135,0.8179677,0.0273972602739726
6136,0.1825104,0.0
6137,0.8598782,0.1536144578313253
6138,0.14989783,0.0
6139,0.76754093,0.15501519756838905
6140,0.7798948,0.0
6141,0.95140153,0.4523281596452328
6142,0.9096286,0.20567375886524822
6143,0.92940784,0.0
6144,0.6832523,0.10810810810810811
6145,0.2781177,0.9901234567901235
6146,0.6955409,0.19047619047619047
6147,0.43001044,0.05
6148,0.64915127,0.1111111111111111
6149,0.120969735,0.4125418860698899
6150,0.7846431,0.19670710571923744
6151,0.53165734,0.0
6152,0.76523197,0.0
6153,0.90806097,0.0
6154,0.91119486,0.0
6155,0.49681193,0.0
6156,0.5810863,0.06521739130434782
6157,0.92228395,0.07874015748031496
6158,0.9332643,0.25
6159,0.48869532,0.044444444444444446
6160,0.79933697,0.08139534883720931
6161,0.885432,0.1282051282051282
6162,0.8972333,0.16666666666666666
6163,0.8126913,0.1111111111111111
6164,0.96306044,0.7011560693641619
6165,0.8111759,0.07317073170731707
6166,0.4082881,0.0
6167,0.7204705,0.07042253521126761
6168,0.81297404,0.0
6169,0.6681971,0.0
6170,0.7009303,0.0
6171,0.49201083,0.0398936170212766
6172,0.83437985,0.023255813953488372
6173,0.7843711,0.12790697674418605
6174,0.6486554,0.0625
6175,0.93254775,0.08108108108108109
6176,0.8875034,0.02643171806167401
6177,0.83478284,0.0
6178,0.86107385,0.08333333333333333
6179,0.9638725,0.1896551724137931
6180,0.25963128,0.04670750382848392
6181,0.73861355,0.0
6182,0.85099894,0.17647058823529413
6183,0.7726908,0.0
6184,0.77357805,0.058823529411764705
6185,0.7371075,0.02564102564102564
6186,0.6281308,0.0
6187,0.57347023,0.11231231231231231
6188,0.9094691,0.25263157894736843
6189,0.91624,0.15315315315315314
6190,0.7851814,0.08163265306122448
6191,0.9217288,0.0
6192,0.76826787,0.0
6193,0.7021623,0.0
6194,0.92608684,0.16818181818181818
6195,0.9076166,0.1044776119402985
6196,0.93002564,0.0
6197,0.5690215,0.0
6198,0.8336031,0.05844155844155844
6199,0.50907356,0.0
6200,0.45242503,0.0
6201,0.8437869,0.0
6202,0.28066793,0.0
6203,0.92557716,0.20218579234972678
6204,0.9575618,0.25
6205,0.74989426,0.3125
6206,0.7696514,0.10758377425044091
6207,0.60597754,0.015037593984962405
6208,0.91447943,0.001968503937007874
6209,0.9314958,0.3963963963963964
6210,0.8072258,0.2
6211,0.63660145,0.037037037037037035
6212,0.8746009,0.0
6213,0.92905843,0.1532258064516129
6214,0.4257592,0.0
6215,0.88925993,0.16455696202531644
6216,0.9207079,0.047619047619047616
6217,0.85232925,0.19087837837837837
6218,0.30662245,0.0106951871657754
6219,0.84179354,0.29250457038391225
6220,0.9299336,0.0
6221,0.80488706,0.0
6222,0.86062354,0.3558282208588957
6223,0.9491455,0.0
6224,0.9421309,0.19730941704035873
6225,0.45496526,0.0
6226,0.77092695,0.015625
6227,0.6834865,0.0
6228,0.7742488,0.0
6229,0.842808,0.3333333333333333
6230,0.8297983,0.0
6231,0.47132164,0.00028563267637817766
6232,0.8688741,0.0
6233,0.83074707,0.0
6234,0.73012227,0.5
6235,0.92916,0.3142857142857143
6236,0.3823071,0.0273972602739726
6237,0.92196095,0.04672897196261682
6238,0.8046106,0.0
6239,0.30926356,0.0
6240,0.59164995,0.11994784876140809
6241,0.7329037,0.3333333333333333
6242,0.7665571,0.15669856459330145
6243,0.7580695,0.058823529411764705
6244,0.6052578,0.10273972602739725
6245,0.474754,0.000178826895565093
6246,0.84672946,0.05914567360350493
6247,0.7672096,0.18518518518518517
6248,0.75139,0.03896103896103896
6249,0.906963,0.19047619047619047
6250,0.91232896,0.3703450632046464
6251,0.8097029,0.022988505747126436
6252,0.88895816,0.075
6253,0.3343957,0.0
6254,0.36312598,0.0
6255,0.7348434,0.09943714821763602
6256,0.9482364,0.11774461028192372
6257,0.8716911,0.21568627450980393
6258,0.8082572,0.0
6259,0.44867092,0.9996345029239766
6260,0.5612802,0.0
6261,0.9125729,0.0
6262,0.58238345,0.02775984506132989
6263,0.93053454,0.15
6264,0.4420155,0.0
6265,0.7400327,0.0
6266,0.88641214,0.07692307692307693
6267,0.21487994,0.0
6268,0.80513906,0.0
6269,0.6153137,0.1
6270,0.6333696,0.0
6271,0.6198034,0.0
6272,0.28524834,0.004172461752433936
6273,0.9095084,0.3262618873445501
6274,0.41435322,0.0
6275,0.26898828,0.0
6276,0.76264584,0.0
6277,0.63670594,0.05263157894736842
6278,0.7647786,0.0
6279,0.8334173,0.0
6280,0.3437513,0.0
6281,0.97024125,0.36455981941309257
6282,0.89697,0.16129032258064516
6283,0.72589874,0.03322259136212625
6284,0.7582333,0.07947019867549669
6285,0.75649196,0.14285714285714285
6286,0.8983844,0.2375
6287,0.79129624,0.25
6288,0.730658,0.15217391304347827
6289,0.92318386,0.17796610169491525
6290,0.87290436,0.0
6291,0.93566716,0.1360759493670886
6292,0.34061867,0.07158074137196421
6293,0.8159572,0.15364354697102722
6294,0.5403593,0.0
6295,0.85384655,0.23448275862068965
6296,0.43667006,0.0
6297,0.903939,0.05309734513274336
6298,0.60211545,0.17789991321955453
6299,0.66156423,0.028708133971291867
6300,0.92768526,0.12268640930724485
6301,0.9172739,0.12121212121212122
6302,0.8642065,0.33557046979865773
6303,0.819666,0.23378677633660233
6304,0.24084167,0.005813953488372093
6305,0.719444,0.0
6306,0.865701,0.10526315789473684
6307,0.5857014,0.13481291269258988
6308,0.84366417,0.045454545454545456
6309,0.72394377,0.003257328990228013
6310,0.7411669,0.2727272727272727
6311,0.49352372,0.12130367115261376
6312,0.694229,0.0707070707070707
6313,0.846496,0.0
6314,0.56091267,0.10713496796995803
6315,0.8538337,0.14942528735632185
6316,0.7832799,0.11528497409326424
6317,0.45752272,0.0
6318,0.78651536,0.0
6319,0.90208733,0.18181818181818182
6320,0.5975251,0.0
6321,0.7919993,0.14285714285714285
6322,0.85663176,0.1
6323,0.88468546,0.21174004192872117
6324,0.8096395,0.0
6325,0.37913114,0.01937046004842615
6326,0.69163126,0.0
6327,0.30777448,0.0
6328,0.6496575,0.1282051282051282
6329,0.83602875,0.07692307692307693
6330,0.81692123,0.0989010989010989
6331,0.87519497,0.35714285714285715
6332,0.7618456,0.0
6333,0.63786244,0.0
6334,0.8179419,0.0
6335,0.96898425,0.592391304347826
6336,0.84035134,0.2663316582914573
6337,0.46116683,0.0
6338,0.51574033,0.07327113062568606
6339,0.8906946,0.5777955697891647
6340,0.83468634,0.0
6341,0.6438312,0.0
6342,0.19529763,0.6258259911894273
6343,0.9427715,0.14705882352941177
6344,0.8787525,0.16783216783216784
6345,0.47442746,0.0004088307440719542
6346,0.6591231,0.0
6347,0.7093816,0.0625
6348,0.412479,0.09241973535747255
6349,0.75595325,0.011494252873563218
6350,0.688415,0.0
6351,0.86380714,0.0
6352,0.9525352,0.7696700507614214
6353,0.5153992,0.032873806998939555
6354,0.7843732,0.0
6355,0.84951323,0.2
6356,0.7040724,0.0
6357,0.87330574,0.0
6358,0.25242203,0.04878048780487805
6359,0.40469232,0.017058165548098435
6360,0.48516855,0.07241379310344828
6361,0.88651156,0.4605543710021322
6362,0.796649,0.2987012987012987
6363,0.5404908,0.0
6364,0.9610617,0.2384937238493724
6365,0.6511104,0.4452296819787986
6366,0.8844938,0.0
6367,0.65990597,0.034482758620689655
6368,0.8402988,0.2
6369,0.93665516,0.28050314465408804
6370,0.31271347,0.0
6371,0.6111676,0.0
6372,0.94202816,0.08060453400503778
6373,0.8076668,0.10285714285714286
6374,0.8006006,0.017241379310344827
6375,0.5049543,0.0
6376,0.73628587,0.09714285714285714
6377,0.3872725,0.14704225352112676
6378,0.83462983,0.0
6379,0.83615226,0.014285714285714285
6380,0.6289252,0.2727272727272727
6381,0.61011213,0.007874015748031496
6382,0.91372186,0.24222585924713586
6383,0.21084724,0.9160647343878577
6384,0.8775377,0.18181818181818182
6385,0.22040135,0.0
6386,0.65572,0.0
6387,0.15705843,0.016260162601626018
6388,0.8514382,0.0
6389,0.9456521,0.19530416221985059
6390,0.33936533,0.0
6391,0.8718128,0.09467455621301775
6392,0.89031345,0.17543859649122806
6393,0.84293234,0.23092369477911648
6394,0.88873976,0.09259259259259259
6395,0.8351708,0.15384615384615385
6396,0.847144,0.0
6397,0.76398474,0.0831042503700571
6398,0.6717981,0.09302325581395349
6399,0.8756819,0.09876543209876543
6400,0.86989015,0.22580645161290322
6401,0.28526032,0.0
6402,0.9261757,0.0
6403,0.64019775,0.17012448132780084
6404,0.85649496,0.1
6405,0.8231311,0.01671583087512291
6406,0.8880604,0.03636363636363636
6407,0.5689613,0.09090909090909091
6408,0.909339,0.0
6409,0.32010219,0.0
6410,0.92070174,0.51438127090301
6411,0.35868508,0.0
6412,0.9517277,0.25411334552102377
6413,0.8467913,0.20618556701030927
6414,0.8702429,0.1111111111111111
6415,0.33998877,0.8814659111679766
6416,0.8712409,0.0
6417,0.3999434,0.0
6418,0.8388899,0.0
6419,0.8290702,0.0859375
6420,0.76515096,0.20481927710843373
6421,0.8641594,0.40238704177323104
6422,0.8329575,0.022988505747126436
6423,0.52340454,0.0
6424,0.45843768,0.01935483870967742
6425,0.80779654,0.0
6426,0.8862333,0.2886690647482014
6427,0.94804597,0.28270738753611224
6428,0.8585959,0.0
6429,0.94654137,0.1523809523809524
6430,0.3215599,0.991722757867928
6431,0.8250743,0.2
6432,0.89437824,0.0
6433,0.6800884,0.14035087719298245
6434,0.8514668,0.0546448087431694
6435,0.9629324,0.6827195467422096
6436,0.72364867,0.0
6437,0.8826493,0.025
6438,0.92842805,0.20512820512820512
6439,0.29008076,0.0002623638987275351
6440,0.6075131,0.0
6441,0.87673587,0.08266666666666667
6442,0.6557195,0.0
6443,0.91511744,0.15384615384615385
6444,0.8320626,0.0
6445,0.9404488,0.44753623188405794
6446,0.9528637,0.3096683792620271
6447,0.9070933,0.08695652173913043
6448,0.8560081,0.009900990099009901
6449,0.8141396,0.10526315789473684
6450,0.64959884,0.0
6451,0.7023583,0.0
6452,0.8222419,0.0
6453,0.7336371,0.09696969696969697
6454,0.20850922,0.007864984433884975
6455,0.50270426,0.011494252873563218
6456,0.52149695,0.0958570268074736
6457,0.8972505,0.02214022140221402
6458,0.7141985,0.0
6459,0.9693048,0.36280137772675086
6460,0.8655439,0.16666666666666666
6461,0.87499857,0.3719178082191781
6462,0.69230014,0.06557377049180328
6463,0.7489369,0.0
6464,0.8969717,0.2413793103448276
6465,0.93922704,0.0
6466,0.86845887,0.0
6467,0.7883159,0.0
6468,0.77249897,0.18181818181818182
6469,0.9016749,0.2698412698412698
6470,0.56241435,0.0
6471,0.6057609,0.010309278350515464
6472,0.9426574,0.01995798319327731
6473,0.9188488,0.05
6474,0.44728932,0.0
6475,0.9443134,0.4540441176470588
6476,0.24734531,0.7936902133922001
6477,0.8502802,0.0
6478,0.8448443,0.109375
6479,0.65656996,0.0
6480,0.9183561,0.06451612903225806
6481,0.8142923,0.0
6482,0.42797306,0.0
6483,0.61892486,0.0
6484,0.7190633,0.08333333333333333
6485,0.8969945,0.0
6486,0.78481513,0.02689486552567237
6487,0.89849275,0.35
6488,0.8083336,0.11764705882352941
6489,0.8225053,0.0
6490,0.9507591,0.2127659574468085
6491,0.7922805,0.08333333333333333
6492,0.85258895,0.0
6493,0.8825638,0.12962962962962962
6494,0.8496898,0.14563106796116504
6495,0.9479274,0.6760394136024994
6496,0.74725235,0.15384615384615385
6497,0.9232193,0.0
6498,0.94624466,0.19718309859154928
6499,0.9084945,0.11764705882352941
6500,0.7163195,0.0
6501,0.4864758,0.13075060532687652
6502,0.43796209,0.0
6503,0.94052416,0.0
6504,0.84468424,0.003489531405782652
6505,0.5045381,0.013605442176870748
6506,0.7315863,0.049689440993788817
6507,0.77027833,0.01107011070110701
6508,0.84696686,0.11570247933884298
6509,0.73205847,0.0
6510,0.48928437,0.017382413087934562
6511,0.96833247,0.3944063926940639
6512,0.8221056,0.1875
6513,0.31085765,0.005780346820809248
6514,0.93289226,0.0
6515,0.83648694,0.23928519540897863
6516,0.7437336,0.0
6517,0.8370105,0.0
6518,0.9015139,0.0
6519,0.7551615,0.05128205128205128
6520,0.4094541,0.0012025012025012026
6521,0.8397645,0.0
6522,0.9146275,0.12307692307692308
6523,0.85844773,0.11475409836065574
6524,0.84166336,0.31867007672634273
6525,0.88367426,0.08333333333333333
6526,0.59022224,0.0029940119760479044
6527,0.8520047,0.29385964912280704
6528,0.8389556,0.2222222222222222
6529,0.7922789,0.12666666666666668
6530,0.85511416,0.05263157894736842
6531,0.85012656,0.08275862068965517
6532,0.81187636,0.03418803418803419
6533,0.7872012,0.15544041450777202
6534,0.32895178,0.0
6535,0.8721309,0.09393491124260354
6536,0.15480271,0.24619570694346468
6537,0.84289676,0.034482758620689655
6538,0.8757208,0.0
6539,0.76271206,0.0
6540,0.31681582,0.22067686601761707
6541,0.78158253,0.0
6542,0.8693164,0.3423076923076923
6543,0.7733042,0.14937106918238993
6544,0.5806121,0.0
6545,0.6631298,0.0
6546,0.93801385,0.07407407407407407
6547,0.7313653,0.0
6548,0.8707866,0.046875
6549,0.7102657,0.15877437325905291
6550,0.55123144,0.00014956625785222854
6551,0.6305173,0.0
6552,0.5137661,0.0
6553,0.87683415,0.0
6554,0.69570357,0.18169398907103826
6555,0.6515278,0.0
6556,0.8385678,0.005649717514124294
6557,0.29514074,0.12696690179055886
6558,0.47590634,0.1346153846153846
6559,0.8273789,0.10344827586206896
6560,0.7630991,0.09090909090909091
6561,0.9449713,0.0
6562,0.8391128,0.08888888888888889
6563,0.92379034,0.0
6564,0.45998308,0.01838235294117647
6565,0.88585895,0.4444444444444444
6566,0.62708277,0.04371584699453552
6567,0.9419986,0.13333333333333333
6568,0.71306396,0.1125
6569,0.4555058,0.0614406779661017
6570,0.5323316,0.0
6571,0.7755807,0.2
6572,0.6263774,0.0
6573,0.9386446,0.28620689655172415
6574,0.83535755,0.006944444444444444
6575,0.8985002,0.18427518427518427
6576,0.680778,0.03508771929824561
6577,0.9179761,0.24945054945054945
6578,0.9152177,0.08695652173913043
6579,0.9106499,0.19594594594594594
6580,0.8032405,0.0
6581,0.7893052,0.13333333333333333
6582,0.82592803,0.04201680672268908
6583,0.7554191,0.05084745762711865
6584,0.66093135,0.0
6585,0.7767607,0.052478134110787174
6586,0.6854612,0.0
6587,0.92330354,0.04739336492890995
6588,0.35683367,0.01574569221628045
6589,0.43901566,0.0
6590,0.5491029,0.13344739093242086
6591,0.86547565,0.05925925925925926
6592,0.23921907,0.0007990411506192569
6593,0.90611434,0.21218487394957983
6594,0.6819539,0.0
6595,0.80461866,0.17372881355932204
6596,0.8380681,0.2572658772874058
6597,0.49649325,0.17955555555555555
6598,0.62300026,0.05172413793103448
6599,0.86485684,0.125
6600,0.6952179,0.0
6601,0.8311098,0.04878048780487805
6602,0.81877035,0.0
6603,0.7055439,0.1303370786516854
6604,0.72219396,0.011494252873563218
6605,0.53847474,0.16071428571428573
6606,0.8564569,0.08
6607,0.5311758,0.09297052154195011
6608,0.9094063,0.0
6609,0.16141056,0.06331877729257641
6610,0.9417517,0.7593025728258558
6611,0.6328281,0.0
6612,0.9547398,0.35403726708074534
6613,0.8624909,0.16015625
6614,0.8983928,0.0
6615,0.7249209,0.2150706436420722
6616,0.9508945,0.20789473684210527
6617,0.63533723,0.0
6618,0.5867089,0.0
6619,0.62621903,0.0967741935483871
6620,0.42148772,0.03278688524590164
6621,0.9507808,0.05963302752293578
6622,0.78948605,0.0
6623,0.6982961,0.014084507042253521
6624,0.8340428,0.10852713178294573
6625,0.4160858,0.02702702702702703
6626,0.9014926,0.16338028169014085
6627,0.7434852,0.0
6628,0.89864314,0.3095435684647303
6629,0.9503384,0.0
6630,0.7530324,0.0
6631,0.73453134,0.06666666666666667
6632,0.8246063,0.15217391304347827
6633,0.8151384,0.1875
6634,0.5239618,0.12323943661971831
6635,0.90106773,0.35
6636,0.9158023,0.06451612903225806
6637,0.8889201,0.0847457627118644
6638,0.7760224,0.0
6639,0.8892108,0.17222222222222222
6640,0.6640982,0.0
6641,0.91230106,0.13559322033898305
6642,0.8132601,0.0
6643,0.89164376,0.0
6644,0.7921032,0.02654867256637168
6645,0.7178627,0.039473684210526314
6646,0.53689814,0.02702702702702703
6647,0.7816733,0.0012531328320802004
6648,0.69149005,0.0
6649,0.534069,0.0
6650,0.64556795,0.022598870056497175
6651,0.90438706,0.2266355140186916
6652,0.90290415,0.12756933115823818
6653,0.469781,0.03225806451612903
6654,0.8736678,0.0
6655,0.9242661,0.22627737226277372
6656,0.82483464,0.0
6657,0.85446274,0.13793103448275862
6658,0.33879784,0.001685630004214075
6659,0.686347,0.016129032258064516
6660,0.87435657,0.04477611940298507
6661,0.7127711,0.0
6662,0.44325474,0.19772528433945757
6663,0.8738981,0.125
6664,0.8975198,0.37395277989337394
6665,0.31748533,0.07291666666666667
6666,0.35451838,0.4293573393348337
6667,0.29037997,0.9953373560065826
6668,0.89395726,0.1
6669,0.76575035,0.0
6670,0.70926213,0.014925373134328358
6671,0.89862734,0.1111111111111111
6672,0.9015778,0.1610738255033557
6673,0.8120257,0.0
6674,0.84319544,0.09045226130653267
6675,0.7774711,0.02127659574468085
6676,0.8658173,0.2708333333333333
6677,0.8371237,0.0
6678,0.8595829,0.2978723404255319
6679,0.5771823,0.07103825136612021
6680,0.93382394,0.711419114604882
6681,0.2417653,0.00981728933733297
6682,0.9221986,0.24
6683,0.20258725,0.017857142857142856
6684,0.9091348,0.19230769230769232
6685,0.79469573,0.0
6686,0.5426387,0.0
6687,0.8601807,0.0
6688,0.80108505,0.28448275862068967
6689,0.859977,0.1702127659574468
6690,0.8527183,0.06818181818181818
6691,0.9225123,0.16591928251121077
6692,0.8881228,0.3017241379310345
6693,0.9532282,0.13071895424836602
6694,0.8480217,0.19047619047619047
6695,0.852648,0.0
6696,0.90425766,0.2916666666666667
6697,0.54886484,0.0
6698,0.67992634,0.0
6699,0.97233063,0.25
6700,0.86119723,0.15555555555555556
6701,0.21421096,0.04032258064516129
6702,0.86377066,0.09090909090909091
6703,0.8876414,0.24731182795698925
6704,0.5127777,0.0
6705,0.93459696,0.3951518691588785
6706,0.8861488,0.1957894736842105
6707,0.936082,0.16164817749603805
6708,0.9267781,0.357032457496136
6709,0.32722998,0.01507537688442211
6710,0.8519941,0.20322886989553657
6711,0.7641763,0.9224196087249832
6712,0.8243485,0.27710843373493976
6713,0.8723597,0.0
6714,0.64111936,0.025
6715,0.93387234,0.11214953271028037
6716,0.4565975,0.040625
6717,0.5056588,0.07692307692307693
6718,0.8885651,0.0
6719,0.8861782,0.17473684210526316
6720,0.68332785,0.06196581196581197
6721,0.8523811,0.0
6722,0.9027053,0.49622997172478794
6723,0.8567608,0.0
6724,0.7061834,0.13636363636363635
6725,0.81489295,0.06666666666666667
6726,0.8297102,0.0
6727,0.81090486,0.014285714285714285
6728,0.5622696,0.0
6729,0.87798846,0.15702479338842976
6730,0.89693266,0.21891891891891893
6731,0.8334308,0.0
6732,0.53961563,0.14409351466786557
6733,0.92358726,0.07692307692307693
6734,0.9265375,0.3136645962732919
6735,0.6215224,0.0
6736,0.45568383,0.28217488789237666
6737,0.8189336,0.13526570048309178
6738,0.93923515,0.5707592891760904
6739,0.9313971,0.2846153846153846
6740,0.4304857,0.1386861313868613
6741,0.8715652,0.19469026548672566
6742,0.7180186,0.21839080459770116
6743,0.8918869,0.18914728682170542
6744,0.65880424,0.0
6745,0.94517833,0.11000991080277503
6746,0.3003687,0.0
6747,0.8942824,0.0
6748,0.73812336,0.1224105461393597
6749,0.9575392,0.0
6750,0.773218,0.2554027504911591
6751,0.93200827,0.0
6752,0.3456843,0.03450601326289761
6753,0.6941101,0.2
6754,0.8838659,0.0
6755,0.9090433,0.14285714285714285
6756,0.7426406,0.0
6757,0.5790035,0.058823529411764705
6758,0.86428833,0.15384615384615385
6759,0.8162171,0.28696826468602293
6760,0.87438315,0.25210084033613445
6761,0.61887115,0.06923076923076923
6762,0.65492517,0.0006197706848466068
6763,0.8321603,0.0
6764,0.5475031,0.0
6765,0.88789785,0.08695652173913043
6766,0.79949456,0.0
6767,0.7937603,0.0
6768,0.9600631,0.514720314033366
6769,0.68698746,0.0
6770,0.6181054,0.0
6771,0.81000835,0.0
6772,0.7822251,0.0
6773,0.70540833,0.05161290322580645
6774,0.8636607,0.0
6775,0.5723984,0.07751937984496124
6776,0.37714902,0.07084170166149352
6777,0.8880807,0.2633802816901408
6778,0.8595918,0.36258278145695366
6779,0.9563231,0.20833333333333334
6780,0.96483094,0.33923705722070846
6781,0.7881442,0.3333333333333333
6782,0.9464646,0.22236842105263158
6783,0.83290666,0.13135593220338984
6784,0.6561753,0.0
6785,0.87520355,0.022892819979188347
6786,0.8684226,0.0
6787,0.8439534,0.03636363636363636
6788,0.85969543,0.0
6789,0.70997643,0.0
6790,0.9287856,0.3231046931407942
6791,0.48962742,0.06525455927051672
6792,0.83738905,0.0
6793,0.70169693,1.0
6794,0.92467386,0.06493506493506493
6795,0.88751125,0.06040268456375839
6796,0.6152926,0.0
6797,0.83847535,0.0
6798,0.92739594,0.09090909090909091
6799,0.9084159,0.3213675213675214
6800,0.74650145,0.075
6801,0.68579835,0.11864406779661017
6802,0.7805133,0.0
6803,0.82356423,0.22040816326530613
6804,0.939491,0.0
6805,0.891663,0.059770114942528735
6806,0.64797354,0.1733800350262697
6807,0.677149,0.0
6808,0.87091726,0.16216216216216217
6809,0.7533486,0.05454545454545454
6810,0.7306603,0.0
6811,0.62555057,0.19963536918869645
6812,0.36814988,0.0
6813,0.3925068,0.012658227848101266
6814,0.54470646,0.0002817695125387433
6815,0.90086013,0.078125
6816,0.8181249,0.0
6817,0.896561,0.0
6818,0.5444625,0.06779661016949153
6819,0.6569353,0.0
6820,0.8871252,0.0
6821,0.92063886,0.3191489361702128
6822,0.8839855,0.08571428571428572
6823,0.9504437,0.2635135135135135
6824,0.4001992,0.007194244604316547
6825,0.7757167,0.11594202898550725
6826,0.59556264,0.0
6827,0.23768122,0.002066969822240595
6828,0.83220804,0.18181818181818182
6829,0.9389049,0.21967213114754097
6830,0.86948603,0.08695652173913043
6831,0.49167383,0.0
6832,0.87973976,0.10526315789473684
6833,0.8655152,0.08333333333333333
6834,0.5913249,0.03571428571428571
6835,0.94800884,0.17500731635937958
6836,0.7542118,0.0
6837,0.45341867,0.0
6838,0.7642174,0.017857142857142856
6839,0.8119738,0.0
6840,0.94788736,0.25021570319240727
6841,0.82616764,0.0
6842,0.8186206,0.0
6843,0.8267702,0.0
6844,0.7342877,0.2171945701357466
6845,0.89049655,0.18309859154929578
6846,0.51683885,0.019230769230769232
6847,0.5452793,0.0
6848,0.8922976,0.3525835866261398
6849,0.5817285,0.0321285140562249
6850,0.940677,0.014644351464435146
6851,0.9219586,0.0
6852,0.53192973,0.16796875
6853,0.53369534,0.0
6854,0.33100146,0.0
6855,0.7432623,0.025477707006369428
6856,0.77053404,0.07142857142857142
6857,0.45364866,0.0
6858,0.6406642,0.0625
6859,0.9422494,0.28388746803069054
6860,0.8956173,0.0
6861,0.77785915,0.2247557003257329
6862,0.43862346,0.0
6863,0.92552656,0.05263157894736842
6864,0.8430842,0.07725321888412018
6865,0.8940544,0.20689655172413793
6866,0.9355113,0.17647058823529413
6867,0.8676594,0.01639344262295082
6868,0.16331603,0.3839473181904944
6869,0.8427935,0.12121212121212122
6870,0.83735436,0.11764705882352941
6871,0.71515477,0.0
6872,0.4778352,0.0
6873,0.70973325,0.0
6874,0.9001325,0.6666666666666666
6875,0.5223772,0.012875536480686695
6876,0.8186935,0.14646464646464646
6877,0.89892954,0.0
6878,0.93682164,0.5
6879,0.65708417,0.10067114093959731
6880,0.76256245,0.032407407407407406
6881,0.7281131,0.09836065573770492
6882,0.6632081,0.0
6883,0.696802,0.0
6884,0.7847964,0.058823529411764705
6885,0.94747895,0.367816091954023
6886,0.7931813,0.0
6887,0.93380314,0.3172905525846702
6888,0.51404184,0.0
6889,0.8673265,0.0761904761904762
6890,0.7363979,0.08163265306122448
6891,0.68558925,0.0
6892,0.76301986,0.0
6893,0.39124882,0.04597701149425287
6894,0.8696537,0.11287128712871287
6895,0.88928366,0.0009977550511349464
6896,0.7570473,0.037037037037037035
6897,0.88696927,0.0
6898,0.36581913,0.059967585089141004
6899,0.8346605,0.05172413793103448
6900,0.71389824,0.07848568790397045
6901,0.8056715,0.3087686567164179
6902,0.9064528,0.3333333333333333
6903,0.7470837,0.08011049723756906
6904,0.93014294,0.3264445381695487
6905,0.8300957,0.07142857142857142
6906,0.90133756,0.0
6907,0.28415364,0.08771929824561403
6908,0.90493447,0.36363636363636365
6909,0.85212374,0.047619047619047616
6910,0.86007965,0.0
6911,0.85733265,0.24164859002169198
6912,0.61505586,0.03825136612021858
6913,0.8240041,0.0
6914,0.83939683,0.0
6915,0.70788705,0.011191047162270184
6916,0.7461239,0.04631217838765009
6917,0.77181834,0.05319148936170213
6918,0.95176995,0.24537037037037038
6919,0.7171011,0.09375
6920,0.30996373,0.06570955273329653
6921,0.79177105,0.012376237623762377
6922,0.6365281,0.14285714285714285
6923,0.55977255,0.0
6924,0.6545131,0.10526315789473684
6925,0.8848972,0.09090909090909091
6926,0.76887494,0.10983981693363844
6927,0.86171556,0.09090909090909091
6928,0.34281135,0.0
6929,0.81559795,0.07058823529411765
6930,0.7147032,0.0
6931,0.7349441,0.039690464303544684
6932,0.5424427,0.24477611940298508
6933,0.82366776,0.04854368932038835
6934,0.87133914,0.09900990099009901
6935,0.96901,0.19555555555555557
6936,0.56041896,0.0
6937,0.79154634,0.0
6938,0.91224796,0.30939226519337015
6939,0.8859781,0.5
6940,0.84031713,0.027777777777777776
6941,0.7806475,0.171875
6942,0.53021854,0.0
6943,0.6991063,0.029411764705882353
6944,0.90286154,0.10227272727272728
6945,0.7219138,0.07009345794392523
6946,0.818948,0.045454545454545456
6947,0.8086779,0.0
6948,0.7057181,0.0
6949,0.949096,0.2558139534883721
6950,0.82037026,0.11811023622047244
6951,0.30046177,0.09090909090909091
6952,0.44039804,0.0
6953,0.92336017,0.7053058465697871
6954,0.9469598,0.3745173745173745
6955,0.9209563,0.14799853103195004
6956,0.79483414,0.25949367088607594
6957,0.8494783,0.00516795865633075
6958,0.8706309,0.08695652173913043
6959,0.93660784,0.32642487046632124
6960,0.82479876,0.2
6961,0.79707474,0.1701492537313433
6962,0.85678935,0.15178571428571427
6963,0.7502635,0.0
6964,0.43138838,0.0
6965,0.8073327,0.0
6966,0.919895,0.5419540229885057
6967,0.80977094,0.0
6968,0.9691649,0.569247546346783
6969,0.8795494,0.06976744186046512
6970,0.5858975,0.0
6971,0.9153577,0.0
6972,0.62683094,0.3141843971631206
6973,0.25122312,0.0
6974,0.8593233,0.15550510783200908
6975,0.38366,0.0
6976,0.8186125,0.0
6977,0.8275286,0.02631578947368421
6978,0.5748801,0.0379746835443038
6979,0.52738833,0.011235955056179775
6980,0.8865966,0.0
6981,0.93091613,0.1
6982,0.2782095,0.9587278242485523
6983,0.87653756,0.17543859649122806
6984,0.7775891,0.21325051759834368
6985,0.5485872,0.12612612612612611
6986,0.79786295,0.14285714285714285
6987,0.6815823,0.13368055555555555
6988,0.5925541,0.0
6989,0.68444043,0.0
6990,0.8179915,0.18181818181818182
6991,0.892301,0.1111111111111111
6992,0.8428604,0.1388888888888889
6993,0.495737,0.0
6994,0.90198743,0.24875621890547264
6995,0.7397209,0.0
6996,0.20453276,0.0
6997,0.72740614,0.0
6998,0.8169751,0.0029133284777858705
6999,0.7703938,0.06818181818181818
7000,0.7988086,0.45495495495495497
7001,0.94058806,0.20212765957446807
7002,0.85383844,0.0
7003,0.9478933,0.12355212355212356
7004,0.88134485,0.0
7005,0.7702296,0.03125
7006,0.67246586,0.2963562753036437
7007,0.8963696,0.42857142857142855
7008,0.49578136,0.11942446043165468
7009,0.43551332,0.03398058252427184
7010,0.7818319,0.0
7011,0.83004355,0.04055766793409379
7012,0.8842784,0.0
7013,0.95257884,0.3392857142857143
7014,0.867313,0.20610687022900764
7015,0.52580845,0.008438818565400843
7016,0.82070094,0.2222222222222222
7017,0.61995935,0.0
7018,0.8987466,0.0
7019,0.9460056,0.48804971319311663
7020,0.68181574,0.030927835051546393
7021,0.93045884,0.168
7022,0.88485193,0.0
7023,0.68424165,0.007633587786259542
7024,0.9257941,0.20512820512820512
7025,0.6432626,0.0
7026,0.6122424,0.0
7027,0.82148355,0.012987012987012988
7028,0.75011903,0.0
7029,0.93223196,0.5
7030,0.8374024,0.0
7031,0.79771173,0.1411192214111922
7032,0.79981256,0.041666666666666664
7033,0.91196114,0.0
7034,0.830917,0.42857142857142855
7035,0.9474358,0.028243962341383544
7036,0.7340325,0.0915032679738562
7037,0.33794716,0.0
7038,0.86737865,0.0
7039,0.80567646,0.16981132075471697
7040,0.8951794,0.0
7041,0.4928571,0.0
7042,0.46794418,0.11162790697674418
7043,0.76090175,0.4308571428571429
7044,0.74218804,0.0
7045,0.17610744,0.0
7046,0.9006853,0.125
7047,0.51593363,0.0
7048,0.9196944,0.1721311475409836
7049,0.46934724,0.011764705882352941
7050,0.5669811,0.0
7051,0.41287905,0.01566265060240964
7052,0.9392191,0.2330508474576271
7053,0.9606495,0.32142857142857145
7054,0.5494187,0.0625
7055,0.7315223,0.5
7056,0.68493414,0.049019607843137254
7057,0.92102885,0.011363636363636364
7058,0.9174086,0.012987012987012988
7059,0.78988665,0.08333333333333333
7060,0.7687287,0.0
7061,0.8899996,0.25
7062,0.9421632,0.3944020356234097
7063,0.554411,0.0
7064,0.6669844,0.14204545454545456
7065,0.41172415,0.0
7066,0.9300513,0.22668773989613908
7067,0.8538361,0.0
7068,0.81054413,0.0
7069,0.69021124,0.011764705882352941
7070,0.63312316,0.0798611111111111
7071,0.904935,0.09696969696969697
7072,0.20773993,0.0
7073,0.9317876,0.18181818181818182
7074,0.7172549,0.1568627450980392
7075,0.8300854,0.0
7076,0.9482038,0.03225806451612903
7077,0.75582397,0.1935483870967742
7078,0.8887469,0.1419753086419753
7079,0.5581169,0.18699186991869918
7080,0.8266525,0.12
7081,0.9204924,0.0
7082,0.62619627,0.08333333333333333
7083,0.7821242,0.006718924972004479
7084,0.91730887,0.038461538461538464
7085,0.9079883,0.3
7086,0.7256124,0.0821917808219178
7087,0.7683235,0.05
7088,0.6441371,0.0
7089,0.8783244,0.1641025641025641
7090,0.8975776,0.0
7091,0.84564066,0.2413793103448276
7092,0.21959656,0.0
7093,0.30418277,0.06944444444444445
7094,0.38768926,0.0
7095,0.8335332,0.1111111111111111
7096,0.56353724,0.06769230769230769
7097,0.90851295,0.0
7098,0.9009221,0.2
7099,0.90815413,0.3333333333333333
7100,0.7007694,0.0
7101,0.94717443,0.8063284233496999
7102,0.3115362,0.0
7103,0.9278827,0.013333333333333334
7104,0.6864397,0.0
7105,0.80694646,0.0
7106,0.8350579,0.21086490350250178
7107,0.9377241,0.42647473892181764
7108,0.8845975,0.1875
7109,0.24356082,0.06329113924050633
7110,0.8810151,0.1506276150627615
7111,0.6498691,0.0684931506849315
7112,0.8030599,0.0
7113,0.75673705,0.038461538461538464
7114,0.87285715,0.5424836601307189
7115,0.6583043,0.06382978723404255
7116,0.1923075,0.07097457627118645
7117,0.8116262,0.0
7118,0.92374325,0.2753623188405797
7119,0.44599247,0.0196078431372549
7120,0.9096501,0.0
7121,0.8948003,0.14173228346456693
7122,0.34521115,0.0024679170779861796
7123,0.736353,0.0
7124,0.605166,0.014925373134328358
7125,0.9075203,0.1
7126,0.78770024,0.0
7127,0.8890638,0.0
7128,0.92034864,0.07152720243026787
7129,0.7376328,0.024691358024691357
7130,0.74867654,0.2951653944020356
7131,0.27070665,0.0
7132,0.7488193,0.0
7133,0.62448984,0.0
7134,0.9121879,0.14035087719298245
7135,0.7251592,0.011940298507462687
7136,0.93583447,0.1388888888888889
7137,0.58148366,0.0
7138,0.3023292,0.0
7139,0.72276103,0.024193548387096774
7140,0.8430286,0.04597701149425287
7141,0.31078744,0.044444444444444446
7142,0.2665781,0.02837171052631579
7143,0.8387485,0.0
7144,0.46498725,0.0
7145,0.9014832,0.14285714285714285
7146,0.73415214,0.04918032786885246
7147,0.89679927,0.06
7148,0.84381545,0.23040380047505937
7149,0.84145707,0.09375
7150,0.8589054,0.0
7151,0.66202426,0.1388888888888889
7152,0.5994562,0.04854368932038835
7153,0.9097818,0.3722627737226277
7154,0.6830537,0.0
7155,0.6633971,0.06514657980456026
7156,0.892201,0.3
7157,0.5996184,0.0
7158,0.8955034,0.09523809523809523
7159,0.761373,0.0
7160,0.9622142,0.0
7161,0.8957943,0.1673228346456693
7162,0.6858785,0.16319444444444445
7163,0.46868867,0.7944078947368421
7164,0.9053313,0.0
7165,0.81530756,0.0
7166,0.6440818,0.07407407407407407
7167,0.8264732,0.08450704225352113
7168,0.4505452,0.0
7169,0.90148705,0.176
7170,0.9703596,0.2960069444444444
7171,0.57620597,0.0
7172,0.59121525,0.1095890410958904
7173,0.8675828,0.00024588148512417015
7174,0.37028912,0.010917030567685589
7175,0.79674774,0.16452074391988555
7176,0.85511523,0.0
7177,0.6624032,0.0
7178,0.7507538,0.0
7179,0.44106525,0.01639344262295082
7180,0.64515793,0.0
7181,0.84057564,0.15384615384615385
7182,0.7491173,0.11854103343465046
7183,0.87542427,0.06751054852320675
7184,0.9054291,0.0
7185,0.15880819,0.7647544745296008
7186,0.66875094,0.0
7187,0.90722823,0.21455223880597016
7188,0.7792198,0.08333333333333333
7189,0.9252143,0.0
7190,0.79369277,0.14285714285714285
7191,0.3563362,0.022457067371202115
7192,0.8814122,0.24283559577677225
7193,0.6114199,0.0364741641337386
7194,0.5218147,0.05286343612334802
7195,0.60170776,0.04888888888888889
7196,0.6968804,0.0
7197,0.634771,0.12301587301587301
7198,0.7633863,0.022222222222222223
7199,0.81550837,0.03571428571428571
7200,0.5980305,0.0
7201,0.81507117,0.0
7202,0.9009754,0.4246575342465753
7203,0.5191206,0.0
7204,0.8978872,0.2571428571428571
7205,0.7911177,0.6666666666666666
7206,0.8320692,0.0
7207,0.6054556,0.0
7208,0.89387643,0.012269938650306749
7209,0.8957913,0.0
7210,0.9165041,0.37260677466863035
7211,0.9516304,0.4609375
7212,0.81040233,0.0851063829787234
7213,0.5224704,0.0011463507833397019
7214,0.87415373,0.09523809523809523
7215,0.35765085,0.0
7216,0.8720179,0.08641975308641975
7217,0.9234559,0.0
7218,0.82429755,0.1478108581436077
7219,0.730307,0.0
7220,0.84909344,0.08823529411764706
7221,0.92762613,0.14102564102564102
7222,0.81675434,0.09090909090909091
7223,0.60476017,0.08333333333333333
7224,0.834866,0.0
7225,0.88842577,0.09195402298850575
7226,0.8670917,0.06666666666666667
7227,0.6406962,0.0058823529411764705
7228,0.78007716,0.04477611940298507
7229,0.7038689,0.0
7230,0.6458102,0.029197080291970802
7231,0.42003885,0.02278481012658228
7232,0.82262987,0.0
7233,0.80631965,0.0
7234,0.88652575,0.11940298507462686
7235,0.8542029,0.07017543859649122
7236,0.55841815,0.0
7237,0.4989868,0.07142857142857142
7238,0.80053735,0.0
7239,0.8931455,0.0
7240,0.948014,0.13953488372093023
7241,0.82490325,0.0
7242,0.81060666,0.25
7243,0.7072564,0.06172839506172839
7244,0.616479,0.002523659305993691
7245,0.59273326,0.05355390438805552
7246,0.9133258,0.08
7247,0.21604699,0.0
7248,0.69746107,0.26773049645390073
7249,0.8238045,0.10526315789473684
7250,0.87837607,0.15
7251,0.53393865,0.1814814814814815
7252,0.89428616,0.0
7253,0.8039856,0.0
7254,0.7305187,0.07017543859649122
7255,0.8115905,0.17635658914728683
7256,0.79027575,0.0
7257,0.8617011,0.08888888888888889
7258,0.5640319,0.07387935805201992
7259,0.8158259,0.0
7260,0.89732283,0.05263157894736842
7261,0.40962195,0.0
7262,0.8963824,0.0
7263,0.4792466,0.0
7264,0.88929176,0.045454545454545456
7265,0.9036528,0.10714285714285714
7266,0.7853515,0.12804878048780488
7267,0.7062037,0.0
7268,0.35277817,0.9855549460596087
7269,0.8240997,0.08409090909090909
7270,0.9304912,0.11428571428571428
7271,0.88816124,0.0
7272,0.68648356,0.01507537688442211
7273,0.87278295,0.25
7274,0.9031281,0.12326043737574553
7275,0.437872,0.0
7276,0.6842199,0.11764705882352941
7277,0.41816884,0.0
7278,0.7978207,0.07692307692307693
7279,0.7547682,0.12578616352201258
7280,0.49831313,0.00011239743733842868
7281,0.5557185,0.02564102564102564
7282,0.46239096,0.0
7283,0.8672672,0.03225806451612903
7284,0.7933484,0.09302325581395349
7285,0.7719988,0.3333333333333333
7286,0.6537706,0.00558659217877095
7287,0.8128287,0.11764705882352941
7288,0.95332044,0.24440298507462688
7289,0.8105509,0.11229946524064172
7290,0.8686278,0.16
7291,0.38465306,0.0
7292,0.8095674,0.06818181818181818
7293,0.43827412,0.0936768149882904
7294,0.9122199,0.0
7295,0.537056,0.0
7296,0.5543415,0.0752212389380531
7297,0.7492954,0.0
7298,0.6121326,0.0
7299,0.78233343,0.0
7300,0.93585277,0.25344036697247707
7301,0.9022932,0.22199865861837692
7302,0.32683745,0.26739350342812185
7303,0.6932865,0.12195121951219512
7304,0.84467745,0.08333333333333333
7305,0.85479283,0.0
7306,0.79207945,0.0
7307,0.9312189,0.7598694942903752
7308,0.62608355,0.02877697841726619
7309,0.9114105,0.02603334094542133
7310,0.9440911,0.2564102564102564
7311,0.82948154,0.0
7312,0.7187846,0.0
7313,0.85202414,0.08430232558139535
7314,0.4389843,0.0
7315,0.88670117,0.0
7316,0.87464947,0.33226837060702874
7317,0.69043714,0.1016949152542373
7318,0.8593331,0.0
7319,0.9298357,0.0
7320,0.45355162,0.08411214953271028
7321,0.69271344,0.16
7322,0.8463775,0.0625
7323,0.45704854,0.01495448634590377
7324,0.8215123,0.23571897570584374
7325,0.95359623,0.31926121372031663
7326,0.6434411,0.0
7327,0.8406497,0.0196078431372549
7328,0.5629193,0.0
7329,0.9136947,0.0
7330,0.9019725,0.5078358208955224
7331,0.6245494,0.016415868673050615
7332,0.29947945,0.0
7333,0.84909374,0.09444444444444444
7334,0.63071114,0.0
7335,0.79215056,0.09803921568627451
7336,0.65560323,0.06074766355140187
7337,0.2915717,0.0
7338,0.9256569,0.021052631578947368
7339,0.5319086,0.09330628803245436
7340,0.5466183,0.06527777777777778
7341,0.46648553,0.0
7342,0.5996958,0.0273972602739726
7343,0.9203809,0.13114754098360656
7344,0.93278325,0.07692307692307693
7345,0.9278007,0.3442622950819672
7346,0.76137877,0.0
7347,0.8527914,0.06818181818181818
7348,0.59625095,0.0
7349,0.7567836,0.09237875288683603
7350,0.87027556,0.1963470319634703
7351,0.5271758,0.023809523809523808
7352,0.69156164,0.11158798283261803
7353,0.6886286,0.0
7354,0.7445426,0.027777777777777776
7355,0.8783715,0.14545454545454545
7356,0.8176378,0.0
7357,0.7993899,0.14285714285714285
7358,0.8677773,0.6
7359,0.89620125,0.0
7360,0.86781293,0.13450292397660818
7361,0.89309084,0.0
7362,0.76852614,0.16666666666666666
7363,0.90682024,1.0
7364,0.6284174,0.18473895582329317
7365,0.7659703,0.0
7366,0.8927769,0.0
7367,0.9271649,0.07142857142857142
7368,0.6068268,0.13793103448275862
7369,0.86338645,0.0
7370,0.8587117,0.25718194254445964
7371,0.9297813,0.4092140921409214
7372,0.71274203,0.11764705882352941
7373,0.8182495,0.15555555555555556
7374,0.88934517,0.24561403508771928
7375,0.8768256,0.0
7376,0.53340894,0.0
7377,0.5365879,0.1
7378,0.69362223,0.0
7379,0.89444715,0.08239700374531835
7380,0.8167585,0.0
7381,0.9608294,0.125
7382,0.7006221,0.0
7383,0.8675083,0.2809364548494983
7384,0.8491135,0.25
7385,0.9332433,0.0958904109589041
7386,0.9409259,0.2683578104138852
7387,0.76180685,0.0
7388,0.90821284,0.2268041237113402
7389,0.93738335,0.0
7390,0.8364579,0.1882716049382716
7391,0.87904805,0.013347570742124934
7392,0.666604,0.20164233576642335
7393,0.8527223,0.08333333333333333
7394,0.95666736,0.23633156966490299
7395,0.30936274,0.4697569853334761
7396,0.422429,0.0
7397,0.5981362,0.018018018018018018
7398,0.9184557,0.1836734693877551
7399,0.38461328,0.0
7400,0.5007251,0.0
7401,0.80873513,0.0
7402,0.878083,0.0
7403,0.7195611,0.0
7404,0.7703945,0.0
7405,0.7789731,0.0
7406,0.82821417,0.10948905109489052
7407,0.6549845,0.5
7408,0.88577265,0.04827586206896552
7409,0.86318094,0.09090909090909091
7410,0.81523216,0.0
7411,0.919824,0.2641509433962264
7412,0.96657073,0.4272151898734177
7413,0.84238976,0.10353270374256733
7414,0.6744299,0.0
7415,0.64261323,0.12110091743119267
7416,0.9337337,0.18604651162790697
7417,0.65328234,0.0
7418,0.41696128,0.04827586206896552
7419,0.75607437,0.0847457627118644
7420,0.87495714,0.038781163434903045
7421,0.35811958,0.2304530507855316
7422,0.78565717,0.0
7423,0.8147072,0.0
7424,0.94221824,0.0
7425,0.7592298,0.12903225806451613
7426,0.9399062,0.3042071197411003
7427,0.8842165,0.15011547344110854
7428,0.5318927,0.030303030303030304
7429,0.8133769,0.2
7430,0.8018458,0.058823529411764705
7431,0.5803598,0.06451612903225806
7432,0.6824093,0.0
7433,0.9141116,0.0
7434,0.9344423,0.23076923076923078
7435,0.9641209,0.28835930339138405
7436,0.5375817,0.023529411764705882
7437,0.880263,0.2
7438,0.9464046,0.1902654867256637
7439,0.62003595,0.0
7440,0.600722,0.0
7441,0.85845006,0.0
7442,0.9008499,0.35751295336787564
7443,0.84316003,0.027777777777777776
7444,0.6498792,0.0
7445,0.49225104,0.05263157894736842
7446,0.86295915,0.21666666666666667
7447,0.85728097,0.0
7448,0.8270085,0.0
7449,0.59316885,0.03536585365853658
7450,0.908551,0.35714285714285715
7451,0.8802099,0.1
7452,0.38308212,0.03278688524590164
7453,0.59193146,0.05726872246696035
7454,0.7316109,0.07277137659187387
7455,0.80384177,0.043478260869565216
7456,0.50837684,0.0
7457,0.7876611,0.6237244897959183
7458,0.5840515,0.0
7459,0.89196914,0.08333333333333333
7460,0.71196693,0.0
7461,0.88638055,0.0684931506849315
7462,0.9167519,0.43735763097949887
7463,0.88516355,0.104
7464,0.68415225,0.0
7465,0.65198225,0.06666666666666667
7466,0.892693,0.24257425742574257
7467,0.8565362,0.1
7468,0.7511934,0.022556390977443608
7469,0.9234523,0.0
7470,0.876643,0.0
7471,0.83868307,0.28711484593837533
7472,0.6012555,0.0
7473,0.69903004,0.0
7474,0.7702264,0.09302325581395349
7475,0.52713704,0.0
7476,0.86406606,0.0
7477,0.7311236,0.03305785123966942
7478,0.92379797,0.14912280701754385
7479,0.69719267,0.13850415512465375
7480,0.73264956,0.41706666666666664
7481,0.71912,0.0
7482,0.79278433,0.06722689075630252
7483,0.7440405,0.0
7484,0.7901675,0.21835443037974683
7485,0.87938243,0.41254125412541254
7486,0.4849537,0.09773688137279284
7487,0.905174,0.20438356164383562
7488,0.8464267,0.0
7489,0.77762824,0.0
7490,0.72824997,0.04054054054054054
7491,0.9452126,0.26150121065375304
7492,0.829563,0.0
7493,0.32109544,0.025920629245620306
7494,0.89248806,0.30303030303030304
7495,0.95439804,0.17796610169491525
7496,0.89311177,0.0
7497,0.86892587,0.0
7498,0.44428372,0.08277404921700224
7499,0.9500118,0.15151515151515152
7500,0.36606166,0.017130620985010708
7501,0.8756749,0.0
7502,0.9463598,0.047619047619047616
7503,0.77802825,0.26604068857589985
7504,0.94985616,0.5058949624866024
7505,0.8661885,0.29878048780487804
7506,0.6680224,0.017467248908296942
7507,0.94891673,0.17647058823529413
7508,0.8145661,0.23333333333333334
7509,0.8566735,0.024096385542168676
7510,0.86417025,0.0
7511,0.51766825,0.0
7512,0.712945,0.014814814814814815
7513,0.16683689,0.44028520499108736
7514,0.39845604,0.0005997001499250374
7515,0.7791737,0.13157894736842105
7516,0.7728652,0.0
7517,0.7974823,0.05
7518,0.6732205,0.027777777777777776
7519,0.5833863,0.0
7520,0.15645579,0.0
7521,0.9284867,0.19626168224299065
7522,0.9113309,0.0
7523,0.51439226,0.03731343283582089
7524,0.44975445,0.0
7525,0.7180449,0.0
7526,0.7806481,0.168141592920354
7527,0.6776595,0.0
7528,0.3992024,0.056687812120394115
7529,0.4991883,0.044
7530,0.8947786,0.05319148936170213
7531,0.8255133,0.18604651162790697
7532,0.8094979,0.012562080046742623
7533,0.54599035,0.0
7534,0.8349195,0.043478260869565216
7535,0.83592993,0.011695906432748537
7536,0.75703967,0.01680672268907563
7537,0.9343038,0.2054794520547945
7538,0.8624834,0.0
7539,0.55602646,0.0
7540,0.89809173,0.043478260869565216
7541,0.9409649,0.17120622568093385
7542,0.8400425,0.36363636363636365
7543,0.8613184,0.0
7544,0.8792538,0.1038961038961039
7545,0.9315001,0.125
7546,0.47212082,0.0561941251596424
7547,0.9131483,0.0
7548,0.8876837,0.0
7549,0.7220074,0.10300429184549356
7550,0.880892,0.25
7551,0.9125378,0.0
7552,0.84722006,0.013333333333333334
7553,0.9524792,0.2375366568914956
7554,0.6122347,0.028901734104046242
7555,0.6658253,0.00847457627118644
7556,0.8831347,0.0
7557,0.45253924,0.007518796992481203
7558,0.8987605,0.3604481246955675
7559,0.779876,0.02857142857142857
7560,0.8533122,0.09866666666666667
7561,0.81988055,0.18181818181818182
7562,0.84942865,0.19148936170212766
7563,0.8662855,0.0
7564,0.65712947,0.0
7565,0.8972418,0.0
7566,0.5047381,0.0
7567,0.6430824,0.0283436669619132
7568,0.67517763,0.0
7569,0.42433047,0.04145454545454545
7570,0.90201026,0.0
7571,0.52970874,0.0
7572,0.7976304,0.20833333333333334
7573,0.7022341,0.034482758620689655
7574,0.850329,0.07407407407407407
7575,0.34463748,0.0
7576,0.8880516,0.0
7577,0.7745754,0.1875
7578,0.8958805,0.0
7579,0.9231606,0.2522179974651457
7580,0.75980157,0.1457174638487208
7581,0.63418174,0.0
7582,0.93984735,0.29411764705882354
7583,0.91421145,0.2515991471215352
7584,0.5110095,0.0
7585,0.43983364,0.0
7586,0.88588864,0.27419354838709675
7587,0.9449773,0.39147286821705424
7588,0.51288867,0.1671431713217506
7589,0.9522743,0.5013349154553545
7590,0.43295583,0.15682656826568267
7591,0.69884616,0.22580645161290322
7592,0.924004,0.27941176470588236
7593,0.69405246,0.003676470588235294
7594,0.34440008,0.03313253012048193
7595,0.5215661,0.017341040462427744
7596,0.37023985,0.6605689197841398
7597,0.63187534,0.02727272727272727
7598,0.1640711,0.0
7599,0.8437483,0.08099688473520249
7600,0.8585086,0.0975609756097561
7601,0.61800086,0.12462006079027356
7602,0.5561674,0.011301989150090416
7603,0.5702923,0.03829787234042553
7604,0.7690745,0.038461538461538464
7605,0.8746863,0.296875
7606,0.7710302,0.23976608187134502
7607,0.85821223,0.07692307692307693
7608,0.16313498,0.1
7609,0.87376773,0.2209737827715356
7610,0.9239421,0.0
7611,0.95786005,0.7354655294953802
7612,0.9277831,0.0
7613,0.89622533,0.021052631578947368
7614,0.73975664,0.0
7615,0.7556491,0.09380530973451327
7616,0.7503628,0.125
7617,0.56477875,0.010869565217391304
7618,0.86735183,0.0
7619,0.92125005,0.2768361581920904
7620,0.86125225,0.06666666666666667
7621,0.7621107,0.10810810810810811
7622,0.42609787,0.05838967424708052
7623,0.80932695,0.0
7624,0.92255205,0.08333333333333333
7625,0.5135255,0.27898550724637683
7626,0.46471635,0.02727272727272727
7627,0.9057016,0.0
7628,0.9663283,0.1111111111111111
7629,0.8851804,0.18691588785046728
7630,0.5625281,0.11928934010152284
7631,0.84086686,0.2680722891566265
7632,0.94295084,0.18055555555555555
7633,0.8589904,0.0
7634,0.8109134,0.07142857142857142
7635,0.9101196,0.025210084033613446
7636,0.7520539,0.0703883495145631
7637,0.8803247,0.11788617886178862
7638,0.8471654,0.0
7639,0.82947415,0.044444444444444446
7640,0.64011544,0.0
7641,0.43083823,0.0
7642,0.9425325,0.5871112776320719
7643,0.7532404,0.0967741935483871
7644,0.9281238,0.2077922077922078
7645,0.7219433,0.023880597014925373
7646,0.9242224,0.2
7647,0.78365856,0.0
7648,0.692459,0.016129032258064516
7649,0.9569666,0.19636363636363635
7650,0.8946379,0.10526315789473684
7651,0.36271024,0.03305785123966942
7652,0.9309266,0.18799212598425197
7653,0.80892396,0.0
7654,0.90707856,0.045454545454545456
7655,0.67748773,0.10074626865671642
7656,0.63791454,0.0
7657,0.61669433,0.009009009009009009
7658,0.9465065,0.5
7659,0.82500273,0.0
7660,0.8597167,0.0807914262159934
7661,0.7413249,0.11818181818181818
7662,0.8353677,0.0
7663,0.874785,0.30238726790450926
7664,0.8928072,0.08203125
7665,0.80749404,0.053763440860215055
7666,0.8467964,0.0
7667,0.83539385,0.0
7668,0.78701735,0.0
7669,0.48633617,0.0
7670,0.764035,0.013245033112582781
7671,0.5692699,0.05
7672,0.90764236,0.28755020080321286
7673,0.46171623,0.02923076923076923
7674,0.9299862,0.3555008210180624
7675,0.9458579,0.03609831029185868
7676,0.8992359,0.02564102564102564
7677,0.33667096,0.03888888888888889
7678,0.8621167,0.10810810810810811
7679,0.84873426,0.15384615384615385
7680,0.79214734,0.0
7681,0.9371441,0.32432432432432434
7682,0.7009777,0.034482758620689655
7683,0.37389198,0.9758749885771726
7684,0.8657247,0.11764705882352941
7685,0.7798734,0.0
7686,0.7333971,0.07142857142857142
7687,0.58366704,0.0
7688,0.76369715,0.10896309314586995
7689,0.6773961,0.0
7690,0.8141473,0.17647058823529413
7691,0.84106714,0.011834319526627219
7692,0.89041346,0.0
7693,0.9106588,0.17201426024955438
7694,0.8790709,0.0
7695,0.3358828,0.0
7696,0.753358,0.14285714285714285
7697,0.90805686,0.28618421052631576
7698,0.7187967,0.06756756756756757
7699,0.53396624,0.12121212121212122
7700,0.8524754,0.0
7701,0.7759444,0.0
7702,0.39097607,0.11366711772665765
7703,0.80535,0.0
7704,0.58566916,0.06977840641206978
7705,0.91240793,0.0
7706,0.9130529,0.019984627209838585
7707,0.40029356,0.0
7708,0.63685423,0.0
7709,0.9419231,0.13004484304932734
7710,0.7841104,0.0
7711,0.8731613,0.0
7712,0.8329119,0.0
7713,0.6438249,0.0
7714,0.27720413,0.0
7715,0.8790114,0.12368972746331237
7716,0.8956123,0.11764705882352941
7717,0.6176691,1.0
7718,0.88064724,0.0
7719,0.8635344,0.0
7720,0.2832244,0.8369883040935673
7721,0.8723441,0.08571428571428572
7722,0.7749756,0.2033898305084746
7723,0.67649096,0.08333333333333333
7724,0.9304816,0.33418107833163785
7725,0.92721915,0.30097087378640774
7726,0.45722058,0.26577855426949115
7727,0.6478875,0.0
7728,0.4500685,0.009174311926605505
7729,0.22247443,0.0
7730,0.7075437,0.10483870967741936
7731,0.92946225,0.3231292517006803
7732,0.5213827,0.08315565031982942
7733,0.56184757,0.06666666666666667
7734,0.5812184,0.02040816326530612
7735,0.79806334,0.05555555555555555
7736,0.8374781,0.0
7737,0.8773334,0.1339712918660287
7738,0.58474153,0.06115107913669065
7739,0.8656301,0.19289340101522842
7740,0.94182605,0.06172566371681416
7741,0.80175173,0.1968503937007874
7742,0.86053216,0.0010391409767925182
7743,0.64942455,0.2545824847250509
7744,0.7519715,0.13414634146341464
7745,0.7869104,0.27205882352941174
7746,0.8249356,0.10900473933649289
7747,0.94088215,0.3760504201680672
7748,0.8740196,0.0962962962962963
7749,0.734971,0.0
7750,0.7997582,0.05952380952380952
7751,0.7824124,0.0
7752,0.32354438,0.0
7753,0.88554776,0.0375
7754,0.21200499,0.0
7755,0.761084,0.06048387096774194
7756,0.6522041,0.028169014084507043
7757,0.75433975,0.028409090909090908
7758,0.904278,0.2
7759,0.17591938,0.0
7760,0.8058053,0.10256410256410256
7761,0.6554856,0.0
7762,0.81580204,0.07920792079207921
7763,0.8390974,0.12307692307692308
7764,0.8072758,0.03225806451612903
7765,0.8390954,0.18023787740164685
7766,0.8312825,0.03571428571428571
7767,0.7639112,0.034482758620689655
7768,0.94026506,0.4110169491525424
7769,0.79078704,0.0
7770,0.8603266,0.0
7771,0.6819725,0.0
7772,0.58295685,0.09882005899705015
7773,0.60193807,0.12735849056603774
7774,0.8183156,0.2857142857142857
7775,0.77262485,0.017543859649122806
7776,0.8300695,0.3172569706103994
7777,0.91954,0.2039151712887439
7778,0.35315844,0.012733887733887735
7779,0.23472759,0.08367854183927093
7780,0.90066904,0.08064516129032258
7781,0.92536056,0.0
7782,0.40432352,0.011005135730007337
7783,0.78288436,0.0
7784,0.78643674,0.04897959183673469
7785,0.73455924,0.1111111111111111
7786,0.93193203,0.30833333333333335
7787,0.43367508,0.0
7788,0.89990234,0.0
7789,0.68897855,0.08991825613079019
7790,0.88252854,0.0
7791,0.867416,0.0
7792,0.8170133,0.05263157894736842
7793,0.9659371,0.318955732122588
7794,0.9022467,0.05714285714285714
7795,0.82863265,0.17256637168141592
7796,0.8520787,0.18888888888888888
7797,0.6667713,0.0
7798,0.8826368,0.14634146341463414
7799,0.7230943,0.0
7800,0.5342425,0.1704283740211884
7801,0.71318954,0.0
7802,0.92108923,0.058823529411764705
7803,0.8203059,0.12719298245614036
7804,0.8466938,0.13095238095238096
7805,0.71800655,0.0
7806,0.95484036,0.3726937269372694
7807,0.8204879,0.18421052631578946
7808,0.94129246,0.5227391531625719
7809,0.88512874,0.0
7810,0.52497464,0.0
7811,0.864465,0.30434782608695654
7812,0.91032106,0.06896551724137931
7813,0.93869144,0.3102766798418972
7814,0.81397444,0.4093722369584439
7815,0.9258292,0.24858757062146894
7816,0.8801544,0.0
7817,0.9138501,0.10256410256410256
7818,0.9019741,0.18032786885245902
7819,0.24840525,0.0
7820,0.8910704,0.0
7821,0.9428329,0.14107883817427386
7822,0.5520167,0.0
7823,0.92509484,0.16666666666666666
7824,0.8775164,0.0
7825,0.7947827,0.0
7826,0.80925065,0.2660098522167488
7827,0.87900996,0.09722222222222222
7828,0.6841909,0.015789473684210527
7829,0.69687915,0.01606425702811245
7830,0.58752024,0.008620689655172414
7831,0.88865757,0.4124293785310734
7832,0.7750875,0.0
7833,0.26272786,0.0487062404870624
7834,0.53405374,0.0
7835,0.9168599,0.15
7836,0.8994436,0.15976331360946747
7837,0.7721928,0.2693173293323331
7838,0.8714781,0.045454545454545456
7839,0.83000034,0.5
7840,0.8174383,0.25
7841,0.8386942,0.05154639175257732
7842,0.7802471,0.25
7843,0.86796063,0.09
7844,0.8650095,0.0
7845,0.8675319,0.11016949152542373
7846,0.7898799,0.0
7847,0.69079083,0.0
7848,0.65337116,0.05333333333333334
7849,0.8578586,0.0
7850,0.8808715,0.21199442119944212
7851,0.96674114,0.7529918621349928
7852,0.6579063,0.03051643192488263
7853,0.94926643,0.1919191919191919
7854,0.24357583,0.0
7855,0.93976027,0.4072337575351641
7856,0.83953446,0.01020408163265306
7857,0.7459227,0.25073746312684364
7858,0.74459696,0.015384615384615385
7859,0.78557575,0.05830903790087463
7860,0.71314174,0.0
7861,0.3700127,0.1648675171736997
7862,0.92248094,0.44322132097334876
7863,0.9134326,0.16412661195779601
7864,0.93358076,0.1796875
7865,0.822686,0.0
7866,0.7968793,0.18181818181818182
7867,0.7317808,0.034482758620689655
7868,0.8939821,0.0
7869,0.4901357,0.02476780185758514
7870,0.74537075,0.0
7871,0.2305953,0.1486045668720551
7872,0.6983577,0.17543859649122806
7873,0.89915174,0.12280701754385964
7874,0.92444235,0.109717868338558
7875,0.9127803,0.017543859649122806
7876,0.7893335,0.0
7877,0.6883665,0.0
7878,0.79280424,0.02743142144638404
7879,0.54993856,0.07692307692307693
7880,0.72658825,0.09615384615384616
7881,0.9318669,0.15606936416184972
7882,0.9296771,0.0
7883,0.788518,0.0
7884,0.88512254,0.3185840707964602
7885,0.849268,0.0
7886,0.77680534,0.21703296703296704
7887,0.88172454,0.0
7888,0.84668165,0.5409021406727829
7889,0.9217478,0.24279835390946503
7890,0.91038567,0.10784313725490197
7891,0.37346804,0.9301900584795322
7892,0.4991348,0.25
7893,0.83750826,0.3747967479674797
7894,0.4759494,0.2857142857142857
7895,0.5270859,0.0
7896,0.84069586,0.07142857142857142
7897,0.8632025,0.21428571428571427
7898,0.71337926,0.1111111111111111
7899,0.9268219,0.12
7900,0.6542068,0.028985507246376812
7901,0.73006415,0.09980806142034548
7902,0.62433493,0.16911764705882354
7903,0.874162,0.0
7904,0.945585,0.2209737827715356
7905,0.73031,0.04
7906,0.55091786,0.05084745762711865
7907,0.86482906,0.1979780960404381
7908,0.6876444,0.013888888888888888
7909,0.87111825,0.27889757301522006
7910,0.7497082,0.0
7911,0.45236206,0.0
7912,0.923545,0.24897959183673468
7913,0.8559216,0.07692307692307693
7914,0.89653903,0.13043478260869565
7915,0.78138316,0.0
7916,0.79305536,0.11940298507462686
7917,0.7644236,0.04225352112676056
7918,0.87079024,0.0
7919,0.7872052,0.1559633027522936
7920,0.26514983,0.0513126491646778
7921,0.78540653,0.0
7922,0.6336389,0.0
7923,0.90006226,0.21739130434782608
7924,0.74353594,0.11814345991561181
7925,0.87623376,0.09558823529411764
7926,0.28415632,0.01795063575168287
7927,0.74783355,0.0
7928,0.72141755,0.0036023054755043226
7929,0.37952763,0.0
7930,0.9167924,0.06639004149377593
7931,0.83506405,0.0
7932,0.93259376,0.325
7933,0.6366967,0.20224719101123595
7934,0.8571014,0.0
7935,0.35926622,0.17894964339744976
7936,0.5801325,0.018258426966292134
7937,0.8713163,0.19524617996604415
7938,0.65905553,0.0
7939,0.9171064,0.21428571428571427
7940,0.8546031,0.17289719626168223
7941,0.9339446,0.06786608972899112
7942,0.8961827,0.0
7943,0.9000302,0.2328767123287671
7944,0.46353054,0.14039806347498654
7945,0.55296504,0.008928571428571428
7946,0.78308433,0.0
7947,0.95979375,0.408953722334004
7948,0.8522032,0.0
7949,0.9115089,0.8305292138268584
7950,0.7440733,0.15051546391752577
7951,0.6718746,0.0
7952,0.88700676,0.1
7953,0.8015897,0.0
7954,0.82596606,0.1388888888888889
7955,0.9135824,0.2047244094488189
7956,0.83955985,0.17714285714285713
7957,0.6738279,0.0
7958,0.8902103,0.14444444444444443
7959,0.9451548,0.10714285714285714
7960,0.66917396,0.0
7961,0.6626791,0.0
7962,0.873999,0.0
7963,0.8637195,0.10714285714285714
7964,0.93908775,0.18775510204081633
7965,0.2740997,0.9926893904779311
7966,0.92522424,0.03333333333333333
7967,0.7018977,0.0
7968,0.93272156,0.22820362785254536
7969,0.9526136,0.39525283797729616
7970,0.9443848,0.2181500872600349
7971,0.77965045,0.33043478260869563
7972,0.65007067,0.0
7973,0.77603734,0.15492957746478872
7974,0.4971618,0.04897159647404505
7975,0.729094,0.0
7976,0.66653174,0.0
7977,0.6866335,0.0
7978,0.62839943,0.0
7979,0.27817225,0.21899402847955904
7980,0.70868695,0.0
7981,0.9521156,0.47586206896551725
7982,0.88072443,0.23529411764705882
7983,0.85703564,0.0
7984,0.5489967,0.0
7985,0.6496319,0.1266233766233766
7986,0.74283195,0.00390625
7987,0.89621896,0.16666666666666666
7988,0.80678034,0.037037037037037035
7989,0.82712996,0.14285714285714285
7990,0.5856642,0.0
7991,0.90381074,0.07547169811320754
7992,0.91182745,0.3728813559322034
7993,0.89396983,0.3333333333333333
7994,0.77110714,0.16666666666666666
7995,0.44050044,0.0
7996,0.73803127,0.24726477024070023
7997,0.798124,0.21794871794871795
7998,0.5257702,0.0
7999,0.6923746,0.0
8000,0.8487868,0.0
8001,0.39575437,0.0
8002,0.94286,0.24916943521594684
8003,0.5987381,0.0
8004,0.8208959,0.0
8005,0.9289902,0.15384615384615385
8006,0.5423227,0.09380863039399624
8007,0.8949176,0.0
8008,0.94273764,0.5092460881934566
8009,0.7986271,0.0
8010,0.9589839,0.8517004274298458
8011,0.8690872,0.1575
8012,0.8477778,0.2205128205128205
8013,0.8430056,0.0
8014,0.77491623,0.0
8015,0.9176128,0.2
8016,0.28961405,0.0
8017,0.85913837,0.0
8018,0.94478405,0.13333333333333333
8019,0.8206143,0.002510460251046025
8020,0.6533245,0.0
8021,0.89152277,0.0
8022,0.7637796,0.3782608695652174
8023,0.86135066,0.09691629955947137
8024,0.7068838,0.0
8025,0.8205236,0.0
8026,0.6560864,0.0
8027,0.8537643,0.09782608695652174
8028,0.8336728,0.0
8029,0.42212126,0.01639344262295082
8030,0.9377031,0.22448979591836735
8031,0.321743,0.04158790170132325
8032,0.6545203,9.152480322167308e-05
8033,0.73986375,0.0
8034,0.8479819,0.06666666666666667
8035,0.8743122,0.0058823529411764705
8036,0.48669276,0.0
8037,0.89414996,0.09090909090909091
8038,0.7707125,0.16
8039,0.9604969,0.36182902584493043
8040,0.81936216,0.16455696202531644
8041,0.88519377,0.0
8042,0.87434405,0.0036363636363636364
8043,0.51122594,0.0821917808219178
8044,0.87663686,0.26744186046511625
8045,0.85050505,0.192
8046,0.77156454,0.06629834254143646
8047,0.9473597,0.10396039603960396
8048,0.8347839,0.1111111111111111
8049,0.87821615,0.1323529411764706
8050,0.7906367,0.06190476190476191
8051,0.6820808,0.0
8052,0.6240471,0.0
8053,0.9097026,0.49194414607948445
8054,0.8982047,0.14912280701754385
8055,0.85786873,0.0
8056,0.58310664,0.0
8057,0.8564648,0.0
8058,0.33265716,0.0
8059,0.74355906,0.08695652173913043
8060,0.81213784,0.037037037037037035
8061,0.83252746,0.0
8062,0.69763035,0.0
8063,0.9193911,0.2765957446808511
8064,0.7039606,0.0
8065,0.7860987,0.14615384615384616
8066,0.42933738,0.04
8067,0.8213728,0.0
8068,0.7334726,0.0
8069,0.8264223,0.32198499711482975
8070,0.7210376,0.0
8071,0.80493474,0.14285714285714285
8072,0.298637,0.03993344425956739
8073,0.42887315,0.0
8074,0.915039,0.0
8075,0.9053332,0.12195121951219512
8076,0.6201371,0.0
8077,0.8631209,0.0
8078,0.92487454,0.21285140562248997
8079,0.8876742,0.0
8080,0.78525895,0.0
8081,0.7536984,0.01639344262295082
8082,0.696254,0.125
8083,0.8293197,0.00909090909090909
8084,0.61614287,0.08771929824561403
8085,0.87421733,0.13513513513513514
8086,0.87900525,0.07216494845360824
8087,0.68977267,0.0
8088,0.7762086,0.0
8089,0.87466264,0.12244897959183673
8090,0.96124804,0.2454212454212454
8091,0.4804283,0.0
8092,0.86520916,0.17803468208092485
8093,0.8939699,0.20930232558139536
8094,0.31156635,0.2757475083056478
8095,0.93396705,0.08461538461538462
8096,0.74736315,0.15796178343949044
8097,0.2405725,0.039686975964225824
8098,0.24001195,0.1657214870825457
8099,0.68976164,0.0
8100,0.85572636,0.0
8101,0.4763607,0.035650623885918005
8102,0.7202831,0.0
8103,0.8252857,0.020833333333333332
8104,0.9295977,0.26855123674911663
8105,0.88764393,0.0
8106,0.72782284,0.0
8107,0.9254984,0.458298926507019
8108,0.94315815,0.4039301310043668
8109,0.9636372,0.4042328042328042
8110,0.90229076,0.0
8111,0.42902905,0.025974025974025976
8112,0.35927865,0.0
8113,0.8671425,0.05263157894736842
8114,0.77466506,0.0
8115,0.7276669,0.0
8116,0.84279764,0.1956521739130435
8117,0.6993852,0.0
8118,0.7358021,0.01015228426395939
8119,0.9107675,0.2330357142857143
8120,0.74184644,0.010752688172043012
8121,0.7514737,0.0
8122,0.8934069,0.6910817772054089
8123,0.37333032,0.22015384615384614
8124,0.6463611,0.0
8125,0.5797394,0.05126582278481013
8126,0.45407027,0.0
8127,0.7352583,0.24299065420560748
8128,0.8873219,0.0
8129,0.8035877,0.0
8130,0.8152243,0.0
8131,0.9005486,0.0
8132,0.7008245,0.0
8133,0.48258886,0.0
8134,0.79691076,0.13725490196078433
8135,0.84373313,0.0
8136,0.9519977,0.17142857142857143
8137,0.28002116,0.0
8138,0.9142548,0.0
8139,0.9355846,0.2836624775583483
8140,0.85971,0.35471698113207545
8141,0.8624935,0.125
8142,0.4061553,0.1652402896642528
8143,0.7793176,0.15789473684210525
8144,0.8827157,0.0
8145,0.9161422,0.0
8146,0.88789773,0.25
8147,0.43347672,0.0
8148,0.5844215,0.0825242718446602
8149,0.2688473,0.0
8150,0.29040438,0.048910626945309024
8151,0.8053603,0.0
8152,0.3036612,0.0
8153,0.8536225,0.0
8154,0.7509188,0.09090909090909091
8155,0.82180387,0.0
8156,0.86925906,0.0
8157,0.9613698,0.1999471039407564
8158,0.9494408,0.3920265780730897
8159,0.699134,0.0
8160,0.40285918,0.007462686567164179
8161,0.56528926,0.05898876404494382
8162,0.7326642,0.058823529411764705
8163,0.40010703,0.08399366085578447
8164,0.47927994,0.0
8165,0.8401863,0.2619647355163728
8166,0.9537946,0.36428571428571427
8167,0.72177815,0.0
8168,0.66626334,0.0
8169,0.2636711,0.0
8170,0.85636204,0.06528189910979229
8171,0.4437081,0.07863501483679525
8172,0.75225663,0.0
8173,0.86229664,0.2
8174,0.91828495,0.16233766233766234
8175,0.9116241,0.0
8176,0.85859525,0.12
8177,0.9041426,0.18181818181818182
8178,0.22935206,0.0
8179,0.61233395,0.08441558441558442
8180,0.6523976,0.0
8181,0.5080782,0.0
8182,0.9464454,0.18673647469458987
8183,0.77464765,0.0
8184,0.7920512,0.15555555555555556
8185,0.6249686,0.0
8186,0.595705,0.023255813953488372
8187,0.7116238,0.1189873417721519
8188,0.4792762,0.0
8189,0.7483617,0.25
8190,0.45362693,0.047619047619047616
8191,0.87878305,0.0
8192,0.94212383,0.41244239631336405
8193,0.9240924,0.42735042735042733
8194,0.6658976,0.0
8195,0.66431624,0.0
8196,0.6990479,0.0
8197,0.8111099,0.37019007881316646
8198,0.8294889,0.0
8199,0.9191489,0.0
8200,0.75095206,0.07234042553191489
8201,0.93614984,0.2033898305084746
8202,0.8347239,0.0
8203,0.7173876,0.0
8204,0.7589709,0.061224489795918366
8205,0.75164574,0.029411764705882353
8206,0.22258528,0.0
8207,0.6769964,0.004405286343612335
8208,0.8700791,0.42857142857142855
8209,0.88368565,0.0
8210,0.7237385,0.3541666666666667
8211,0.89976853,0.14285714285714285
8212,0.93969536,0.29501267962806427
8213,0.8746211,0.0
8214,0.7470042,0.0
8215,0.9139541,0.08734939759036145
8216,0.2910783,0.0
8217,0.63356227,0.018050541516245487
8218,0.74472976,0.20300751879699247
8219,0.5607613,0.038461538461538464
8220,0.5134388,0.0
8221,0.22683704,0.0
8222,0.87325954,0.14227642276422764
8223,0.8399017,0.09169054441260745
8224,0.91647655,0.15184381778741865
8225,0.944345,0.0
8226,0.79339916,0.0
8227,0.803648,0.006654245408570668
8228,0.88600695,0.2516175413371675
8229,0.8961249,0.1973392461197339
8230,0.62893176,0.004120879120879121
8231,0.89862216,0.05263157894736842
8232,0.72485757,0.08575581395348837
8233,0.2634229,0.20073951542278876
8234,0.94574773,0.0
8235,0.8721837,0.1652892561983471
8236,0.9119585,0.17142857142857143
8237,0.87910044,0.23235800344234078
8238,0.8571098,0.04
8239,0.35209265,0.9729927675547011
8240,0.8936236,0.0
8241,0.8893658,0.09523809523809523
8242,0.8273024,0.2
8243,0.63368076,0.0
8244,0.514028,0.006006006006006006
8245,0.87738913,0.3089700996677741
8246,0.550885,0.0
8247,0.8629738,0.16129032258064516
8248,0.73006296,0.0
8249,0.898578,0.0
8250,0.91128093,0.0
8251,0.8367945,0.1111111111111111
8252,0.94503444,0.3962940824865511
8253,0.8794318,0.0
8254,0.80075014,0.08841394825646794
8255,0.90484434,0.26883910386965376
8256,0.60082126,0.07258064516129033
8257,0.8488295,0.15254237288135594
8258,0.6061334,0.07391185327128387
8259,0.54626507,0.015625
8260,0.67286927,0.0
8261,0.66679907,0.02544529262086514
8262,0.9003535,0.29027237354085605
8263,0.6950808,0.25435540069686413
8264,0.38042596,0.0
8265,0.5737438,9.139932364500503e-05
8266,0.65573984,0.0
8267,0.92322683,0.0
8268,0.90284944,0.0
8269,0.28710103,0.0
8270,0.8920118,0.0
8271,0.8042037,0.17928286852589642
8272,0.6916774,0.0
8273,0.6843789,0.0
8274,0.90704405,0.32222222222222224
8275,0.9269314,0.2134387351778656
8276,0.7866123,0.12723214285714285
8277,0.89743567,0.1977715877437326
8278,0.8844426,0.13636363636363635
8279,0.946577,0.33418064734790714
8280,0.92389965,0.08
8281,0.8962497,0.2156398104265403
8282,0.6443553,0.038461538461538464
8283,0.6989165,0.023255813953488372
8284,0.8445635,0.16756756756756758
8285,0.93421316,0.11627906976744186
8286,0.8434654,0.5
8287,0.8162371,0.04757209760907074
8288,0.7403172,0.0
8289,0.8065803,0.0
8290,0.52998364,0.0
8291,0.7260356,0.0
8292,0.8646477,0.07692307692307693
8293,0.85598576,0.14457831325301204
8294,0.91265184,0.0
8295,0.74269575,0.05045871559633028
8296,0.6662826,0.15
8297,0.89407414,0.0
8298,0.60287035,0.06060606060606061
8299,0.8598725,0.10709785804283914
8300,0.7933529,0.0
8301,0.88008356,0.125
8302,0.9368949,0.13513513513513514
8303,0.62415123,0.09788427224063218
8304,0.44350308,0.099644128113879
8305,0.4073972,0.0
8306,0.7717221,0.12121212121212122
8307,0.24112858,0.013392857142857142
8308,0.76088595,0.0
8309,0.92465997,0.27049180327868855
8310,0.69206446,0.11914893617021277
8311,0.96451724,0.2682926829268293
8312,0.73513603,0.0
8313,0.9310617,0.5016015374759769
8314,0.37364915,0.0575
8315,0.9223712,0.4116541353383459
8316,0.3993497,0.05847953216374269
8317,0.39785743,0.034545454545454546
8318,0.8364139,0.0
8319,0.5818125,0.0
8320,0.84462464,0.16129032258064516
8321,0.75968647,0.11009174311926606
8322,0.846097,0.14285714285714285
8323,0.7598707,0.0
8324,0.6170829,0.0967741935483871
8325,0.95801085,0.6974206349206349
8326,0.20395294,0.0
8327,0.74893874,0.24819277108433735
8328,0.7331871,0.09090909090909091
8329,0.7859038,0.13333333333333333
8330,0.8151661,0.20833333333333334
8331,0.8497214,0.16666666666666666
8332,0.5593376,0.0
8333,0.6081645,0.14760147601476015
8334,0.9081274,0.01694915254237288
8335,0.80633515,0.0
8336,0.8545215,0.0
8337,0.55209726,0.15789473684210525
8338,0.7532205,0.07692307692307693
8339,0.6656852,0.0
8340,0.8800517,0.0
8341,0.47605646,0.1939120631341601
8342,0.5316301,0.2526051717483597
8343,0.27703148,0.0
8344,0.8007311,0.20725388601036268
8345,0.79470694,0.0
8346,0.88676184,0.08571428571428572
8347,0.9425285,0.15789473684210525
8348,0.80740106,0.0
8349,0.8948231,0.05
8350,0.8184367,0.3333333333333333
8351,0.8183291,0.10638297872340426
8352,0.6699946,0.0
8353,0.93007314,0.017543859649122806
8354,0.8749996,0.0
8355,0.47127253,0.06534090909090909
8356,0.92531323,0.21739130434782608
8357,0.8316168,0.005934718100890208
8358,0.89378333,0.015384615384615385
8359,0.6742973,0.0
8360,0.27505597,0.9718438614132919
8361,0.5020487,0.0
8362,0.8890786,0.2605042016806723
8363,0.9230614,0.3076923076923077
8364,0.76989925,0.07692307692307693
8365,0.89288944,0.1111111111111111
8366,0.7973504,0.11965811965811966
8367,0.43064094,0.02269861286254729
8368,0.92828417,0.0
8369,0.8206803,0.0
8370,0.9503943,0.2777777777777778
8371,0.5589885,0.009296148738379814
8372,0.95627964,0.36492054149499703
8373,0.631742,0.1092436974789916
8374,0.57406616,0.0
8375,0.81244534,0.006060606060606061
8376,0.7952432,0.05128205128205128
8377,0.66403127,0.07142857142857142
8378,0.56139904,0.05
8379,0.38437846,0.0
8380,0.48507214,0.0
8381,0.9010987,0.24
8382,0.5258943,0.0
8383,0.7221582,0.07317073170731707
8384,0.7380967,0.0
8385,0.92265874,0.29896907216494845
8386,0.7720225,0.12244897959183673
8387,0.7903198,0.07647058823529412
8388,0.6315672,0.37631887456037516
8389,0.9601145,0.03634232121922626
8390,0.79464906,0.06451612903225806
8391,0.71946454,0.0
8392,0.7984191,0.15217391304347827
8393,0.88338315,0.06666666666666667
8394,0.7286174,0.03125
8395,0.6105974,0.09917355371900827
8396,0.46987516,0.045714285714285714
8397,0.8099658,0.019230769230769232
8398,0.8446042,0.0
8399,0.8328332,0.0
8400,0.8717035,0.0
8401,0.7572014,0.0
8402,0.6077497,0.0
8403,0.91741556,0.047619047619047616
8404,0.8311834,0.0
8405,0.7745775,0.017857142857142856
8406,0.68242246,0.125
8407,0.42455375,0.059593023255813955
8408,0.6740034,0.04
8409,0.36897832,0.0456953642384106
8410,0.94554216,0.20470588235294118
8411,0.28654858,0.009900990099009901
8412,0.8427043,0.1978021978021978
8413,0.77407837,0.05421686746987952
8414,0.8479232,0.2028301886792453
8415,0.6749819,0.0
8416,0.91270214,0.18181818181818182
8417,0.71965605,0.1111111111111111
8418,0.89410377,0.16666666666666666
8419,0.8422826,0.1736111111111111
8420,0.9406546,0.13333333333333333
8421,0.57933784,0.015384615384615385
8422,0.72044003,0.27485380116959063
8423,0.7560754,0.018979833926453145
8424,0.82942456,0.10810810810810811
8425,0.9440886,0.0913978494623656
8426,0.95515144,0.46635730858468677
8427,0.75371474,0.2986577181208054
8428,0.93541676,0.477533960292581
8429,0.43858272,0.0
8430,0.8484245,0.04784688995215311
8431,0.81390953,0.0
8432,0.58315206,0.0
8433,0.56599075,0.0
8434,0.898906,0.1
8435,0.92171854,0.21982758620689655
8436,0.817436,0.07380952380952381
8437,0.81929964,0.0
8438,0.86614305,0.03125
8439,0.60069346,0.0
8440,0.27908212,0.04430379746835443
8441,0.27052492,0.0029482218536944905
8442,0.8997602,0.0
8443,0.92648375,0.0
8444,0.63060915,0.06504065040650407
8445,0.9225323,0.14705882352941177
8446,0.7988183,0.21052631578947367
8447,0.47208032,0.020905923344947737
8448,0.1979648,0.018130800777034318
8449,0.85656196,0.12
8450,0.86408085,0.14444444444444443
8451,0.7290924,0.04
8452,0.74972725,0.0
8453,0.8618835,0.0
8454,0.9092587,0.0005497526113249038
8455,0.87694144,0.1875
8456,0.7648849,0.05172413793103448
8457,0.8491633,0.12084592145015106
8458,0.88170606,0.19927536231884058
8459,0.6846162,0.0
8460,0.8263065,0.0
8461,0.75102335,0.14915458937198067
8462,0.720428,0.050955414012738856
8463,0.88451684,0.037800687285223365
8464,0.47314838,0.015873015873015872
8465,0.89177454,0.3282051282051282
8466,0.8783565,0.3333333333333333
8467,0.84305614,0.3512304250559284
8468,0.14684786,0.19409553497753737
8469,0.900328,0.07692307692307693
8470,0.389456,0.0
8471,0.9159731,0.0
8472,0.6768593,0.0
8473,0.5511706,0.02857142857142857
8474,0.8741285,0.3872146118721461
8475,0.8912003,0.18181818181818182
8476,0.80042815,0.40197287299630086
8477,0.2545044,0.010256410256410256
8478,0.8855026,0.1248527679623086
8479,0.8956733,0.21800947867298578
8480,0.85223633,0.1288056206088993
8481,0.7475519,0.11764705882352941
8482,0.75822663,0.016666666666666666
8483,0.22036378,0.0
8484,0.18321621,0.0015074429998115696
8485,0.9001851,0.0
8486,0.6391677,0.01694915254237288
8487,0.5912747,0.024096385542168676
8488,0.39115566,0.9418466867195333
8489,0.27468523,0.11555555555555555
8490,0.868325,0.0
8491,0.7792745,0.25966183574879226
8492,0.89324033,0.175
8493,0.6958079,0.038461538461538464
8494,0.9460467,0.20270270270270271
8495,0.81949675,0.02554278416347382
8496,0.82036245,0.0
8497,0.5403406,0.14084507042253522
8498,0.4748677,0.0
8499,0.95359194,0.041666666666666664
8500,0.7818172,0.0
8501,0.68221146,0.0
8502,0.87936765,0.05263157894736842
8503,0.4750927,0.1772784019975031
8504,0.46622133,0.0
8505,0.9075304,0.06722689075630252
8506,0.74015784,0.1935483870967742
8507,0.8517989,0.0
8508,0.849745,0.15819209039548024
8509,0.73403794,0.3695652173913043
8510,0.90205956,0.125
8511,0.62342143,0.03111111111111111
8512,0.8885632,0.4117647058823529
8513,0.71730196,0.07407407407407407
8514,0.21515878,0.007782101167315175
8515,0.46885103,0.0
8516,0.69026697,0.0
8517,0.9225896,0.22429906542056074
8518,0.9180306,0.014492753623188406
8519,0.5400645,0.09056603773584905
8520,0.1892766,0.5047121395913036
8521,0.8680173,0.15384615384615385
8522,0.8257908,0.03162055335968379
8523,0.5360489,0.0
8524,0.90273076,0.0
8525,0.809292,0.0
8526,0.795749,0.0
8527,0.5999606,0.046052631578947366
8528,0.62715614,0.16483516483516483
8529,0.89821845,0.8685009487666034
8530,0.8761975,0.08823529411764706
8531,0.8879823,0.0
8532,0.5548585,0.0
8533,0.82016456,0.13043478260869565
8534,0.91709745,0.12698412698412698
8535,0.7546195,0.0
8536,0.90704304,0.06818181818181818
8537,0.5510816,0.0
8538,0.9023617,0.16666666666666666
8539,0.725554,0.0
8540,0.91823524,0.08333333333333333
8541,0.9355692,0.17701453104359313
8542,0.82354325,0.14285714285714285
8543,0.7624311,0.0
8544,0.47310764,9.78952520802741e-05
8545,0.9267484,0.14035087719298245
8546,0.9518859,0.6150130063173541
8547,0.9378859,0.05
8548,0.5966785,0.0
8549,0.96063036,0.3526328329759352
8550,0.7891861,0.16071428571428573
8551,0.8475487,0.0
8552,0.8664981,0.23809523809523808
8553,0.8526121,0.19480519480519481
8554,0.43028086,0.3172067549064354
8555,0.7388652,0.047619047619047616
8556,0.47421747,0.0
8557,0.875079,0.27140549273021003
8558,0.7433956,0.022988505747126436
8559,0.51313144,0.08917197452229299
8560,0.86435103,0.2
8561,0.81028247,0.12903225806451613
8562,0.8374573,0.08333333333333333
8563,0.8964208,0.0958904109589041
8564,0.28024092,0.9456731210424888
8565,0.9283506,0.1678832116788321
8566,0.7287908,0.0
8567,0.8759833,0.16666666666666666
8568,0.93237257,0.0
8569,0.7357712,0.0
8570,0.9515103,0.45624502784407317
8571,0.8895162,0.04081632653061224
8572,0.30190217,0.0
8573,0.7946463,0.0410958904109589
8574,0.20443353,0.0025188916876574307
8575,0.117367126,0.15621976131598753
8576,0.8841285,0.0
8577,0.9087923,0.20754716981132076
8578,0.93318844,0.3689716764480735
8579,0.53159004,0.04861111111111111
8580,0.9389012,0.4818523153942428
8581,0.94625634,0.1506849315068493
8582,0.8749864,0.16901408450704225
8583,0.76269954,0.0
8584,0.7469136,0.0
8585,0.9277574,0.5173333333333333
8586,0.9598059,0.12
8587,0.5671968,0.22391653290529695
8588,0.5360176,0.1434108527131783
8589,0.8142419,0.0
8590,0.8445475,0.0
8591,0.9084946,0.16666666666666666
8592,0.7425031,0.16363636363636364
8593,0.90800357,0.1658291457286432
8594,0.68426245,0.0
8595,0.5804695,0.16025641025641027
8596,0.90773064,0.34892638036809814
8597,0.5506298,0.0004623208506703652
8598,0.9223884,0.0
8599,0.7783947,0.0
8600,0.79103214,0.0
8601,0.5428958,0.0
8602,0.27133387,0.0
8603,0.7805205,0.23076923076923078
8604,0.843408,0.26302931596091206
8605,0.7808261,0.5
8606,0.9089487,0.3090909090909091
8607,0.86450726,0.0
8608,0.8780561,0.0
8609,0.5868068,0.09191176470588236
8610,0.9246711,0.2
8611,0.76548654,0.02702702702702703
8612,0.868325,0.1546714349575324
8613,0.7786188,0.22388059701492538
8614,0.8536881,0.23076923076923078
8615,0.73256373,0.0
8616,0.7997023,0.018018018018018018
8617,0.92822635,0.19607843137254902
8618,0.9341821,0.14285714285714285
8619,0.2555215,0.5156921950773172
8620,0.8675061,0.11188811188811189
8621,0.91245824,0.125
8622,0.35381123,0.9839107779504526
8623,0.6771455,0.08955223880597014
8624,0.94472194,0.13333333333333333
8625,0.2552875,0.1548974943052392
8626,0.5934501,0.01639344262295082
8627,0.91653335,0.0
8628,0.363943,0.009689922480620155
8629,0.84493095,0.16091954022988506
8630,0.8499533,0.1694915254237288
8631,0.9038981,0.2595419847328244
8632,0.76031244,0.0
8633,0.9042384,0.21428571428571427
8634,0.48203012,0.0
8635,0.71428514,0.17422867513611615
8636,0.9141878,0.39285714285714285
8637,0.5080462,0.0
8638,0.7786024,0.3314814814814815
8639,0.69792163,0.058823529411764705
8640,0.94804597,0.3514945138100643
8641,0.88401705,0.021739130434782608
8642,0.9010196,0.0
8643,0.7721932,0.13379073756432247
8644,0.5400329,0.043010752688172046
8645,0.8915367,0.0
8646,0.7359962,0.15315315315315314
8647,0.80852354,0.0
8648,0.73593885,0.0
8649,0.83542347,0.17391304347826086
8650,0.35408965,0.053061224489795916
8651,0.8162528,0.0
8652,0.94150347,0.21119592875318066
8653,0.78883135,0.0
8654,0.878476,0.865231872918268
8655,0.8027812,0.07580174927113703
8656,0.81631494,0.1728395061728395
8657,0.8358972,0.0
8658,0.22264779,0.54316053893583
8659,0.7198552,0.018867924528301886
8660,0.8517991,0.0
8661,0.90930676,0.016666666666666666
8662,0.85265565,0.21875
8663,0.9531753,0.19233449477351916
8664,0.78307056,0.0
8665,0.93902415,0.11764705882352941
8666,0.27854297,0.13109756097560976
8667,0.5369775,0.0
8668,0.79220325,0.29411764705882354
8669,0.9281425,0.28
8670,0.77275914,0.18518518518518517
8671,0.76251525,0.21601208459214502
8672,0.85748523,1.0
8673,0.8957692,0.1724137931034483
8674,0.6486219,0.08080808080808081
8675,0.6778103,0.0
8676,0.951001,0.5092207019631172
8677,0.27837232,0.0759493670886076
8678,0.85734725,0.21641791044776118
8679,0.91397464,0.1
8680,0.5482612,0.1016949152542373
8681,0.5073512,0.1016949152542373
8682,0.91572475,0.3
8683,0.8138275,0.0
8684,0.51751477,0.04380952380952381
8685,0.8471262,0.07614213197969544
8686,0.70225143,0.253322908522283
8687,0.28461125,0.005802707930367505
8688,0.59051156,0.04610951008645533
8689,0.5869887,0.0
8690,0.85512924,0.023809523809523808
8691,0.7718841,0.13157894736842105
8692,0.81641334,0.05263157894736842
8693,0.31676525,0.128060263653484
8694,0.9224897,1.0
8695,0.59535867,0.0
8696,0.52984214,0.0
8697,0.47968572,0.6286382779597567
8698,0.8938871,0.16923076923076924
8699,0.2935085,0.002976190476190476
8700,0.26865798,0.02888086642599278
8701,0.9464445,0.8169811320754717
8702,0.9206597,0.3744075829383886
8703,0.82948005,0.0
8704,0.915627,0.23780487804878048
8705,0.8344788,0.15061023110880292
8706,0.9338856,0.125
8707,0.6034037,0.013157894736842105
8708,0.9084387,0.1035653650254669
8709,0.8396258,0.009523809523809525
8710,0.6353577,0.0
8711,0.6326088,0.005508474576271186
8712,0.92004555,0.4702474986835176
8713,0.5334436,0.0
8714,0.22451346,0.0
8715,0.6680123,0.47224174279690795
8716,0.91779506,0.49526943644590704
8717,0.8591131,0.0
8718,0.6041649,0.21875
8719,0.29449263,0.01
8720,0.9295155,0.0
8721,0.8671809,0.058823529411764705
8722,0.5560807,0.0
8723,0.61818284,0.13086770981507823
8724,0.7723587,0.03551912568306011
8725,0.7424894,0.006756756756756757
8726,0.84813845,0.058823529411764705
8727,0.91185236,0.12695652173913044
8728,0.906672,0.0
8729,0.91895854,0.20710059171597633
8730,0.95948493,0.22918201915991157
8731,0.93109626,0.3176470588235294
8732,0.9192129,0.0
8733,0.7765974,0.0
8734,0.83925617,0.08552631578947369
8735,0.7103018,0.18739635157545606
8736,0.95329845,0.1864406779661017
8737,0.9379629,0.3333333333333333
8738,0.864611,0.0
8739,0.9611356,0.3333333333333333
8740,0.2754345,0.09109109109109109
8741,0.8817724,0.0
8742,0.9380846,0.31237721021611004
8743,0.26967835,0.04639684106614018
8744,0.8737797,0.5
8745,0.8440237,0.04650655021834061
8746,0.93881047,0.3258426966292135
8747,0.34358576,0.0
8748,0.8497393,0.08340147179067865
8749,0.47729185,0.0
8750,0.4616121,0.028345418589321027
8751,0.6112796,0.041666666666666664
8752,0.90726,0.0
8753,0.87144905,0.15222772277227722
8754,0.9061967,0.0035460992907801418
8755,0.90937376,0.1
8756,0.726861,0.2112676056338028
8757,0.5470656,0.08463385354141657
8758,0.52943087,0.0
8759,0.3669841,0.052059052059052056
8760,0.8643198,0.0
8761,0.8824226,0.0
8762,0.6379237,0.0
8763,0.88520294,0.0
8764,0.8372326,0.0
8765,0.8234027,0.07017543859649122
8766,0.9567231,0.3568780889621087
8767,0.90474445,0.037037037037037035
8768,0.97282887,0.1934826883910387
8769,0.78235114,0.15019762845849802
8770,0.86947167,0.125
8771,0.9013347,0.0
8772,0.64275753,0.3109182935647144
8773,0.84575754,0.08974358974358974
8774,0.89614874,0.0
8775,0.75171477,0.0
8776,0.8340021,0.034482758620689655
8777,0.570755,0.07649513212795549
8778,0.9507319,0.4213172448466566
8779,0.8709021,0.0125
8780,0.4033535,0.0
8781,0.85960925,0.08695652173913043
8782,0.49434954,0.0
8783,0.8402229,0.3292067858780376
8784,0.7794063,0.2772585669781931
8785,0.46539634,0.007772020725388601
8786,0.6429274,0.0
8787,0.27738857,0.07050528789659224
8788,0.619029,0.0026565464895635673
8789,0.5133961,0.0
8790,0.82860297,0.0
8791,0.89543015,0.8636962826258898
8792,0.7414865,0.0
8793,0.8826769,0.0
8794,0.9097967,0.0
8795,0.95525336,0.26721120186697783
8796,0.77539957,0.05653710247349823
8797,0.38554132,0.06080972955672908
8798,0.19530384,0.0
8799,0.8127945,0.0
8800,0.7846449,0.2222222222222222
8801,0.79022956,0.1873015873015873
8802,0.8172314,0.04081632653061224
8803,0.9334589,0.40561224489795916
8804,0.4049031,0.0
8805,0.6713529,0.0
8806,0.7385507,0.14754098360655737
8807,0.8341854,0.07692307692307693
8808,0.83057225,0.0
8809,0.761853,0.11205073995771671
8810,0.4037859,0.057291666666666664
8811,0.76908827,0.0
8812,0.54604477,0.0005694760820045558
8813,0.6867557,0.0421216848673947
8814,0.92602384,0.0
8815,0.93573415,0.10810810810810811
8816,0.6546234,0.11666666666666667
8817,0.6333329,0.0
8818,0.96060294,0.30482758620689654
8819,0.6608292,0.06521739130434782
8820,0.83925396,0.06976744186046512
8821,0.9188219,0.0
8822,0.93523645,0.28536585365853656
8823,0.9256073,0.0
8824,0.7413194,0.0
8825,0.6801388,0.0
8826,0.81983274,0.0
8827,0.9450142,0.4600262123197903
8828,0.92735344,0.10047846889952153
8829,0.9031791,0.5148200423429781
8830,0.9197793,0.24187725631768953
8831,0.8598752,0.23809523809523808
8832,0.88733554,0.16733067729083664
8833,0.7861439,0.0
8834,0.7894527,0.0
8835,0.70091057,0.11764705882352941
8836,0.8437452,0.0
8837,0.94835204,0.5929003021148036
8838,0.8882078,0.0
8839,0.9204974,0.5
8840,0.5336645,0.0
8841,0.69971895,0.00847457627118644
8842,0.8943468,0.10416666666666667
8843,0.67429775,0.0
8844,0.8905226,0.10247349823321555
8845,0.73096824,0.0
8846,0.65710795,0.0
8847,0.75617826,0.0
8848,0.81134975,0.16666666666666666
8849,0.745068,0.0
8850,0.6443619,0.041811846689895474
8851,0.20268199,0.005211190345584202
8852,0.3672794,0.3276069086542902
8853,0.26018617,0.3967861557478368
8854,0.92480403,0.3112244897959184
8855,0.91734767,0.38269230769230766
8856,0.8882875,0.08333333333333333
8857,0.9301925,0.03296703296703297
8858,0.8904777,0.10465116279069768
8859,0.91742235,0.07777777777777778
8860,0.83904797,0.0
8861,0.63189083,0.0
8862,0.868813,0.0
8863,0.7335895,0.09523809523809523
8864,0.18558298,0.0
8865,0.4561576,0.0048802129547471165
8866,0.37379646,0.08924485125858124
8867,0.68976474,0.19230769230769232
8868,0.9256502,0.0
8869,0.5672455,0.0
8870,0.5939229,0.0
8871,0.9720721,0.5502318392581144
8872,0.90253115,0.0
8873,0.80016774,0.18181818181818182
8874,0.9114238,0.04909560723514212
8875,0.8279557,0.12931034482758622
8876,0.8284066,0.0
8877,0.8698022,0.0
8878,0.87418485,0.125
8879,0.92259175,0.18622628250175685
8880,0.93446964,0.43454179254783487
8881,0.9406518,0.20215633423180593
8882,0.65498316,0.07547169811320754
8883,0.46374565,0.052083333333333336
8884,0.912951,0.38997214484679665
8885,0.4710188,0.0
8886,0.9092144,0.18421052631578946
8887,0.73504806,0.0
8888,0.8225475,0.125
8889,0.93730205,0.25370675453047775
8890,0.5604892,0.0
8891,0.72146356,0.0005743825387708214
8892,0.84191674,0.1752136752136752
8893,0.92862797,0.42
8894,0.7843145,0.03333333333333333
8895,0.7711553,0.03225806451612903
8896,0.82645434,0.12627986348122866
8897,0.6624539,0.0045871559633027525
8898,0.53357077,0.0
8899,0.8187692,0.0
8900,0.8434783,0.0
8901,0.8883076,0.0
8902,0.9028715,0.00847457627118644
8903,0.85994124,0.06521739130434782
8904,0.25395536,0.0
8905,0.51267934,0.0
8906,0.95206356,0.4765419082762256
8907,0.8591223,0.3526315789473684
8908,0.8261769,0.3773303504847129
8909,0.627005,0.0
8910,0.931591,0.03076923076923077
8911,0.70227396,0.0
8912,0.8375147,0.0
8913,0.8145335,0.20833333333333334
8914,0.58653903,0.07343234323432343
8915,0.25435698,0.41598291558952455
8916,0.39990282,0.0
8917,0.77484536,0.0
8918,0.6258255,0.0
8919,0.6701199,0.0
8920,0.8267622,0.0
8921,0.9290473,0.0
8922,0.32086885,0.0625
8923,0.48516065,0.14657210401891252
8924,0.1572579,0.004699927693420101
8925,0.8561889,0.0
8926,0.8280211,0.0
8927,0.9000929,0.1196319018404908
8928,0.22206302,0.34062140391254314
8929,0.47155836,0.0
8930,0.8769648,0.22194513715710723
8931,0.9360151,0.40298507462686567
8932,0.6871372,0.21174004192872117
8933,0.92243946,0.0
8934,0.68322146,0.06582884500299221
8935,0.74052405,0.0
8936,0.5027697,0.0
8937,0.9378004,0.30686274509803924
8938,0.55511403,0.18829337094499296
8939,0.71760523,0.0
8940,0.7376659,0.0
8941,0.90367407,0.0
8942,0.58690745,0.007575757575757576
8943,0.8567406,0.0
8944,0.7527092,0.2857142857142857
8945,0.8286051,0.2857142857142857
8946,0.9005368,0.0
8947,0.8442699,0.0
8948,0.6640124,0.0
8949,0.69956124,0.27989821882951654
8950,0.9113511,0.14285714285714285
8951,0.80254894,0.023809523809523808
8952,0.9644833,0.18205128205128204
8953,0.8417391,0.1388888888888889
8954,0.91768974,0.0
8955,0.85951364,0.06666666666666667
8956,0.8981457,0.13333333333333333
8957,0.26616484,0.012987012987012988
8958,0.8493477,0.047619047619047616
8959,0.41120255,0.15671641791044777
8960,0.37180394,0.0
8961,0.37153032,0.0958904109589041
8962,0.7720704,0.1935483870967742
8963,0.7333613,0.0
8964,0.91182727,0.0
8965,0.8953629,0.0
8966,0.8905272,0.1308016877637131
8967,0.6630646,0.0
8968,0.5615761,0.0
8969,0.94602966,0.12745098039215685
8970,0.83757687,0.1875
8971,0.819504,0.125
8972,0.92244095,0.36405178979436403
8973,0.65607697,0.0
8974,0.86852646,0.14285714285714285
8975,0.81600606,0.0
8976,0.94609934,0.0
8977,0.92071015,0.3169734151329243
8978,0.24015735,0.0
8979,0.8050151,0.15384615384615385
8980,0.34426102,0.1686541737649063
8981,0.94214535,0.007633587786259542
8982,0.7766814,0.02857142857142857
8983,0.8784285,0.06896551724137931
8984,0.8916582,0.20434782608695654
8985,0.7597176,0.25
8986,0.17579114,0.6779677388196658
8987,0.7286489,0.2625
8988,0.83234096,0.07878787878787878
8989,0.89166623,0.1267605633802817
8990,0.866689,0.06930693069306931
8991,0.8794092,0.0
8992,0.8861856,0.0
8993,0.77696544,0.14423076923076922
8994,0.85247713,0.0
8995,0.6864798,0.0
8996,0.33640015,0.01595298068849706
8997,0.71056914,0.13333333333333333
8998,0.86758286,0.1774193548387097
8999,0.3444005,0.0
9000,0.8703985,0.08148148148148149
9001,0.7041346,0.0297029702970297
9002,0.892477,0.0
9003,0.8997703,0.08
9004,0.9340723,0.14642857142857144
9005,0.8808084,0.0
9006,0.88590693,0.02127659574468085
9007,0.9071422,0.21454173067076293
9008,0.9391082,0.38688397361272797
9009,0.9422335,0.12295081967213115
9010,0.9040592,0.04285714285714286
9011,0.86074793,0.10526315789473684
9012,0.8838368,0.05726872246696035
9013,0.43754208,0.21335807050092764
9014,0.27518132,0.0014763779527559055
9015,0.94588935,0.0
9016,0.8270195,0.1778846153846154
9017,0.4938091,0.06676557863501484
9018,0.42361045,0.078125
9019,0.30209228,0.007776049766718507
9020,0.8995475,0.4633431085043988
9021,0.76903534,0.016069221260815822
9022,0.65591365,0.11225806451612903
9023,0.77927315,0.0
9024,0.61675745,0.3333333333333333
9025,0.45054376,0.06955530216647662
9026,0.82471704,0.0
9027,0.4747427,0.014522821576763486
9028,0.96134895,0.3857566765578635
9029,0.6661359,0.0
9030,0.80915827,0.0
9031,0.9586114,0.32919254658385094
9032,0.40680882,0.20518867924528303
9033,0.8890493,0.0
9034,0.914818,0.12727272727272726
9035,0.8839033,0.0
9036,0.25622985,0.17713853141559424
9037,0.5604357,0.0
9038,0.91908705,0.15151515151515152
9039,0.88941365,0.03571428571428571
9040,0.91961306,0.0
9041,0.7715321,0.05090909090909091
9042,0.9398566,0.3480392156862745
9043,0.9159877,0.5668789808917197
9044,0.3730442,0.8050038689708537
9045,0.9029358,0.0
9046,0.63301724,0.0
9047,0.8218451,0.11382113821138211
9048,0.7307196,0.0
9049,0.74493045,0.0
9050,0.8957823,0.1485148514851485
9051,0.6781644,0.0
9052,0.9669352,0.43974132863021753
9053,0.9237115,0.7150790260572405
9054,0.92641914,0.2639198218262806
9055,0.89202976,0.0
9056,0.9689854,0.3157894736842105
9057,0.72484225,0.06896551724137931
9058,0.8916915,0.0
9059,0.706825,0.0625
9060,0.8587742,0.02912621359223301
9061,0.90723133,0.2551867219917012
9062,0.75874704,0.0
9063,0.9048637,0.23529411764705882
9064,0.7961194,0.2857142857142857
9065,0.46640208,0.4166666666666667
9066,0.901404,0.5
9067,0.7874057,0.0
9068,0.90560997,0.0
9069,0.9249509,0.1443661971830986
9070,0.9533568,0.22137404580152673
9071,0.80969673,0.27884615384615385
9072,0.90781873,0.24242424242424243
9073,0.9480049,0.2558139534883721
9074,0.9536962,0.46946713341112406
9075,0.91201305,0.0
9076,0.8825487,0.20833333333333334
9077,0.44767416,0.0
9078,0.3748513,0.28703484237971083
9079,0.8542205,0.0
9080,0.19476739,0.7173258003766478
9081,0.5239571,0.07313879536101758
9082,0.7836212,0.14285714285714285
9083,0.93884766,0.10526315789473684
9084,0.62188804,0.030303030303030304
9085,0.9422906,0.38782608695652177
9086,0.8646764,0.09302325581395349
9087,0.7326666,0.045454545454545456
9088,0.78893536,0.042105263157894736
9089,0.8748095,0.015151515151515152
9090,0.85666245,0.02702702702702703
9091,0.932904,0.36277777777777775
9092,0.81914485,0.04424778761061947
9093,0.91119564,0.2414486921529175
9094,0.42165592,0.0
9095,0.5775026,0.0
9096,0.65686464,0.0
9097,0.85766745,0.13675213675213677
9098,0.8642737,0.0
9099,0.85211945,0.0
9100,0.9542291,0.0
9101,0.52300805,0.045454545454545456
9102,0.9403282,0.0
9103,0.82604015,0.04
9104,0.8083438,0.0
9105,0.85381454,0.0
9106,0.26348194,0.0
9107,0.65401673,0.22077922077922077
9108,0.90655375,0.49363867684478374
9109,0.6711656,0.2549019607843137
9110,0.90890765,0.5906271536871124
9111,0.68392843,0.0
9112,0.8087757,0.0
9113,0.8381984,0.07692307692307693
9114,0.5708126,0.054901960784313725
9115,0.8987568,0.3333333333333333
9116,0.9029653,0.023809523809523808
9117,0.9665155,0.40372670807453415
9118,0.8698961,0.031914893617021274
9119,0.8850252,0.0625
9120,0.9140017,0.13043478260869565
9121,0.7815998,0.06875
9122,0.84285116,0.1650485436893204
9123,0.6777798,0.0
9124,0.7620091,0.015503875968992248
9125,0.8248675,0.027777777777777776
9126,0.84573734,0.24422442244224424
9127,0.5566346,0.0
9128,0.84474844,0.0
9129,0.3002664,0.004383500056198719
9130,0.9369314,0.33253588516746413
9131,0.67494917,0.0
9132,0.37045237,0.15188284518828452
9133,0.91114175,0.2692307692307692
9134,0.9584912,0.15555555555555556
9135,0.5554332,0.0
9136,0.5479729,0.0
9137,0.9521896,0.5694950546590317
9138,0.9330969,0.13445378151260504
9139,0.48166466,0.002777777777777778
9140,0.73339564,0.0
9141,0.7204458,0.16666666666666666
9142,0.82610375,0.0
9143,0.6910717,0.0
9144,0.92653364,0.32857142857142857
9145,0.93105674,0.14285714285714285
9146,0.7182931,0.07777777777777778
9147,0.83865166,0.0
9148,0.84660476,0.0
9149,0.8332745,0.0547945205479452
9150,0.7331005,0.056338028169014086
9151,0.76866174,0.0
9152,0.83586204,0.0
9153,0.3667757,0.0
9154,0.6557407,0.020833333333333332
9155,0.26829734,0.44218009478672987
9156,0.732608,0.1483050847457627
9157,0.88968176,0.043478260869565216
9158,0.4583926,0.02973977695167286
9159,0.9385433,0.10101010101010101
9160,0.746763,0.0
9161,0.94113195,0.5155304558289633
9162,0.52285224,0.0
9163,0.94457656,0.5273279352226721
9164,0.656689,0.0
9165,0.3988653,0.03684210526315789
9166,0.9344675,0.012048192771084338
9167,0.8831239,0.0
9168,0.6642056,0.0
9169,0.5891006,0.045454545454545456
9170,0.44792974,0.0
9171,0.47380266,0.09833024118738404
9172,0.5662176,0.0
9173,0.8982942,0.24761904761904763
9174,0.9250537,0.2857142857142857
9175,0.88744557,0.10574712643678161
9176,0.84542847,0.0
9177,0.8801517,0.0
9178,0.60550773,0.0625
9179,0.90086764,0.0625
9180,0.4306433,0.0
9181,0.82179546,0.017857142857142856
9182,0.51285666,0.00625
9183,0.5905815,0.0
9184,0.426711,0.0
9185,0.56874365,0.0896358543417367
9186,0.9263909,0.1717171717171717
9187,0.6055943,0.15920976176641488
9188,0.72581315,0.04
9189,0.92943907,0.47146666666666665
9190,0.357555,0.05409153952843273
9191,0.49719208,0.02181818181818182
9192,0.80565596,0.0
9193,0.5601002,0.0
9194,0.6113451,0.0
9195,0.9577093,0.34258373205741627
9196,0.9056733,0.1592356687898089
9197,0.9278177,0.18333333333333332
9198,0.7742419,0.0
9199,0.5985308,0.02564102564102564
9200,0.9046462,0.20743639921722112
9201,0.77516454,0.02247191011235955
9202,0.8059027,0.029411764705882353
9203,0.16677995,0.3725094577553594
9204,0.7958344,0.042682926829268296
9205,0.30526513,0.28715034965034963
9206,0.9303003,0.3333333333333333
9207,0.8434547,0.0
9208,0.8793809,0.0
9209,0.8480728,0.3427922814982974
9210,0.63500404,0.0
9211,0.78578067,0.045454545454545456
9212,0.88559675,0.0
9213,0.6099141,0.0
9214,0.8674428,0.21818181818181817
9215,0.44729456,0.0
9216,0.8318038,0.04285714285714286
9217,0.54506105,0.028985507246376812
9218,0.73942566,0.10344827586206896
9219,0.5965277,0.17567567567567569
9220,0.8834483,0.281767955801105
9221,0.44174138,0.04081632653061224
9222,0.8681117,0.03412073490813648
9223,0.7999929,0.0
9224,0.90164596,0.0
9225,0.60039663,0.09034267912772585
9226,0.71042746,0.003068268984914344
9227,0.5645494,0.24476439790575916
9228,0.90406513,0.1
9229,0.85874516,0.1750841750841751
9230,0.75050044,0.0136986301369863
9231,0.6136885,0.05625
9232,0.89486206,0.20930232558139536
9233,0.8194021,0.010101010101010102
9234,0.49815345,0.020833333333333332
9235,0.7179939,0.0
9236,0.9322405,0.30597014925373134
9237,0.8663962,0.19642857142857142
9238,0.80465096,0.14285714285714285
9239,0.9017949,0.017543859649122806
9240,0.89682823,0.0
9241,0.86505973,0.0
9242,0.9396707,0.0
9243,0.85930854,0.0
9244,0.4004152,0.22074856693267395
9245,0.8582539,0.0
9246,0.829272,0.00980392156862745
9247,0.6858367,0.15022421524663676
9248,0.681045,0.058823529411764705
9249,0.64462215,0.03333333333333333
9250,0.67019933,0.015151515151515152
9251,0.930912,0.036585365853658534
9252,0.47503006,0.0
9253,0.942043,0.0
9254,0.21186063,0.0
9255,0.9332291,0.2574123989218329
9256,0.90025574,0.0
9257,0.55965894,0.07142857142857142
9258,0.65512735,0.08695652173913043
9259,0.4302677,0.25
9260,0.8945745,0.1452991452991453
9261,0.8987544,0.15
9262,0.9511764,0.48867924528301887
9263,0.2554063,0.0
9264,0.77766436,0.0
9265,0.25356174,0.011680143755615454
9266,0.7967401,0.5
9267,0.6609021,0.171875
9268,0.28658053,0.5172855313700384
9269,0.17764269,0.0
9270,0.5718733,0.0
9271,0.8598302,0.0
9272,0.9184198,0.0
9273,0.8688196,0.02666666666666667
9274,0.96498024,0.1598639455782313
9275,0.9259717,0.14649081488459728
9276,0.7115424,0.0
9277,0.90660024,0.20689655172413793
9278,0.87126136,0.0
9279,0.7711932,0.0
9280,0.42142305,0.04529616724738676
9281,0.7924925,0.0
9282,0.93641734,0.42702702702702705
9283,0.29363266,0.13574660633484162
9284,0.8217834,0.019417475728155338
9285,0.48183617,0.0
9286,0.8735796,0.034482758620689655
9287,0.8959931,0.15053763440860216
9288,0.84296036,0.0425531914893617
9289,0.81026596,0.060109289617486336
9290,0.49547678,0.11053315994798439
9291,0.9475763,0.22776845637583892
9292,0.5716767,0.11886503067484662
9293,0.7836265,0.0
9294,0.74559313,0.07017543859649122
9295,0.86042875,0.22757475083056478
9296,0.9135447,0.0
9297,0.8653717,0.11538461538461539
9298,0.39662504,0.0
9299,0.8733394,0.31105854523950327
9300,0.83776486,0.16666666666666666
9301,0.60959977,0.0
9302,0.72274506,0.01282051282051282
9303,0.75816816,0.05714285714285714
9304,0.6505191,0.0
9305,0.9495311,0.46642952423299244
9306,0.8455817,0.7733475479744136
9307,0.7899272,0.0
9308,0.9337669,0.2153846153846154
9309,0.40215734,0.0
9310,0.8951424,0.2682926829268293
9311,0.8837699,0.0
9312,0.6583165,0.06763285024154589
9313,0.87858766,0.0
9314,0.37400532,0.0
9315,0.59342295,0.008064516129032258
9316,0.77541393,0.0
9317,0.9411413,0.4016990291262136
9318,0.6151386,0.0005880623346074683
9319,0.89013046,0.047619047619047616
9320,0.73170376,0.03550295857988166
9321,0.70187366,0.0759493670886076
9322,0.794888,0.02127659574468085
9323,0.89434505,0.34549356223175964
9324,0.92505366,0.1
9325,0.7557055,0.06666666666666667
9326,0.93739796,0.0
9327,0.25504532,0.0
9328,0.9465743,0.09523809523809523
9329,0.91055775,0.0
9330,0.2604615,0.07654265482746993
9331,0.87411964,0.09375
9332,0.44862247,0.0029850746268656717
9333,0.82346064,0.0
9334,0.45815417,0.0
9335,0.49615583,0.0
9336,0.84131193,0.0
9337,0.32073838,0.2347402051454515
9338,0.5075156,0.0017152658662092624
9339,0.80115324,0.057971014492753624
9340,0.89759225,0.0
9341,0.7344485,0.04721030042918455
9342,0.80559546,0.14868804664723032
9343,0.91336393,0.07142857142857142
9344,0.45266652,0.14974619289340102
9345,0.93075365,0.25379939209726443
9346,0.8541662,0.06153846153846154
9347,0.8022678,0.13114754098360656
9348,0.8944312,0.0
9349,0.29721954,0.06329113924050633
9350,0.9528545,0.10972568578553615
9351,0.9391934,0.3333333333333333
9352,0.91759634,0.008333333333333333
9353,0.6871947,0.15481171548117154
9354,0.9700301,0.24050632911392406
9355,0.9605074,0.09523809523809523
9356,0.8639601,0.21518987341772153
9357,0.6976505,0.012468827930174564
9358,0.91676134,0.1023391812865497
9359,0.30143818,0.0787292817679558
9360,0.70385164,0.0
9361,0.3573643,0.003276003276003276
9362,0.82183045,0.22580645161290322
9363,0.9305301,0.2180232558139535
9364,0.7384588,0.02702702702702703
9365,0.86443317,0.2109375
9366,0.8843759,0.0
9367,0.9628267,0.3049907578558225
9368,0.31402332,0.4297735618115055
9369,0.83152205,0.0
9370,0.8516942,0.2833333333333333
9371,0.7006366,0.05263157894736842
9372,0.41404358,0.0
9373,0.93624705,0.24793388429752067
9374,0.6219291,0.7632398753894081
9375,0.7316995,0.0
9376,0.6285566,0.0
9377,0.9219659,0.36666666666666664
9378,0.80615777,0.0
9379,0.73940384,0.0
9380,0.8874534,0.18883855024711696
9381,0.73050845,0.0
9382,0.8317805,0.0
9383,0.90148133,0.0963855421686747
9384,0.84439677,0.4075112107623318
9385,0.88467544,0.1317365269461078
9386,0.9002583,0.03409090909090909
9387,0.88667524,0.0
9388,0.9485026,0.19672131147540983
9389,0.9015245,0.3333333333333333
9390,0.87114537,0.05128205128205128
9391,0.2612428,0.08914100486223663
9392,0.7302463,0.2990736656374063
9393,0.336729,0.0
9394,0.76652616,0.0
9395,0.79741055,0.043478260869565216
9396,0.5320834,0.09090909090909091
9397,0.5401737,0.0
9398,0.8805494,0.12903225806451613
9399,0.8333018,0.12903225806451613
9400,0.8906098,0.6666666666666666
9401,0.4987806,0.13171064604185623
9402,0.72806376,0.06766917293233082
9403,0.3208583,0.995796783625731
9404,0.8153637,0.19329896907216496
9405,0.9646089,0.08695652173913043
9406,0.9255316,0.04878048780487805
9407,0.82353395,0.09090909090909091
9408,0.48091012,0.0
9409,0.9373214,0.2582025677603424
9410,0.749025,0.0
9411,0.84258723,0.08333333333333333
9412,0.50642633,0.1193058568329718
9413,0.7765217,0.08264462809917356
9414,0.96016866,0.21509433962264152
9415,0.948683,0.09322033898305085
9416,0.9382805,0.3224592220828105
9417,0.85176665,0.0
9418,0.74114865,0.16276346604215455
9419,0.8793676,0.31790223373259957
9420,0.85978997,0.1278825995807128
9421,0.73984724,0.07103825136612021
9422,0.8986322,0.5232417138237672
9423,0.8453765,0.0
9424,0.3367976,0.0013333333333333333
9425,0.70736945,0.031007751937984496
9426,0.85238993,0.11641791044776119
9427,0.9094441,0.16666666666666666
9428,0.88342273,0.06451612903225806
9429,0.92553794,0.21366594360086769
9430,0.9238297,0.1111111111111111
9431,0.7050799,0.0
9432,0.5901665,0.0
9433,0.91003263,0.09523809523809523
9434,0.97134393,0.3852573018080668
9435,0.7412969,0.0
9436,0.9105121,0.14285714285714285
9437,0.8820055,0.043478260869565216
9438,0.4243699,0.09736842105263158
9439,0.8929622,0.0
9440,0.6710462,0.2052910052910053
9441,0.8559002,0.0
9442,0.92794174,0.5768583921964345
9443,0.90473205,0.0
9444,0.5381702,0.07365804253751956
9445,0.86189437,0.2
9446,0.70134443,0.0
9447,0.6208415,0.06528662420382166
9448,0.6635618,0.07991803278688525
9449,0.9143028,0.20202020202020202
9450,0.60912323,0.0
9451,0.65691364,0.11549295774647887
9452,0.9559373,0.7084158415841584
9453,0.89204216,0.0
9454,0.9086027,0.09230769230769231
9455,0.45153335,0.1908150064683053
9456,0.6181781,0.02666666666666667
9457,0.8072076,0.06741573033707865
9458,0.8188075,0.05194805194805195
9459,0.5211244,0.007042253521126761
9460,0.43854052,0.0004389815627743635
9461,0.8249445,0.11059907834101383
9462,0.9057258,0.26136363636363635
9463,0.9531961,0.3952417498081351
9464,0.56808007,0.0017605633802816902
9465,0.89673096,0.08333333333333333
9466,0.67581517,0.03389830508474576
9467,0.96310574,0.21052631578947367
9468,0.7582791,0.011834319526627219
9469,0.9449691,0.10416666666666667
9470,0.41856852,0.0
9471,0.9359816,0.4351535836177474
9472,0.5705471,0.047619047619047616
9473,0.79111004,0.0
9474,0.38894334,0.0
9475,0.791575,0.08333333333333333
9476,0.8172863,0.0
9477,0.92183495,0.07142857142857142
9478,0.63064545,0.0
9479,0.8050377,0.043478260869565216
9480,0.86613727,0.0
9481,0.91559154,0.29056603773584905
9482,0.58240736,0.0
9483,0.46073994,0.1559633027522936
9484,0.9419428,0.05555555555555555
9485,0.6524546,0.012195121951219513
9486,0.8896886,0.028985507246376812
9487,0.81335264,0.03389830508474576
9488,0.6530175,0.16129032258064516
9489,0.9116924,0.0
9490,0.93061763,0.13725490196078433
9491,0.5468364,0.0
9492,0.8406632,0.0
9493,0.9048014,0.2158273381294964
9494,0.8973785,0.22857142857142856
9495,0.6317815,0.03125
9496,0.73082966,0.0
9497,0.91905534,0.0
9498,0.9488252,0.5425709515859767
9499,0.69255686,0.23617208077260754
9500,0.8620073,0.0
9501,0.91701,0.03571428571428571
9502,0.80741054,0.23005181347150258
9503,0.9010406,0.2785571142284569
9504,0.668808,0.0
9505,0.9219298,0.25
9506,0.7919641,0.2262295081967213
9507,0.97430605,0.26596491228070174
9508,0.87899446,0.1875
9509,0.6193875,0.027472527472527472
9510,0.76370883,0.2759084791386272
9511,0.8409866,0.0
9512,0.9680895,0.6412213740458015
9513,0.6058767,0.07391665896701469
9514,0.66174626,0.16751269035532995
9515,0.9720451,0.2935672514619883
9516,0.5744183,0.0
9517,0.7788536,0.0
9518,0.71268255,0.0
9519,0.8239111,0.0
9520,0.5101866,0.0
9521,0.90518445,0.0
9522,0.95620733,0.3932806324110672
9523,0.8338089,0.05063291139240506
9524,0.49066386,0.2719298245614035
9525,0.854822,0.06716417910447761
9526,0.873421,0.16818181818181818
9527,0.8107867,0.0
9528,0.78367263,0.05333333333333334
9529,0.78458786,0.11694915254237288
9530,0.21818927,0.0
9531,0.8254935,0.0
9532,0.5022216,0.0006743846240305721
9533,0.93980557,0.4262659988870339
9534,0.9475581,0.14285714285714285
9535,0.76370215,0.0
9536,0.61258936,0.0
9537,0.58558977,0.13595166163141995
9538,0.8230778,0.02631578947368421
9539,0.90243405,0.0
9540,0.82118803,0.0
9541,0.7730477,0.045454545454545456
9542,0.9180745,0.15673981191222572
9543,0.71259564,0.0
9544,0.64069504,0.25
9545,0.74522173,0.0
9546,0.89852756,0.0
9547,0.64731693,0.07428571428571429
9548,0.7197282,0.0
9549,0.5032444,0.0056179775280898875
9550,0.32220674,0.043862631757905474
9551,0.660233,0.008122312470138558
9552,0.70301354,0.029570656809781062
9553,0.8672076,0.075
9554,0.7448219,0.0
9555,0.9488135,0.011260709914320686
9556,0.8920793,0.14027149321266968
9557,0.84871906,0.0
9558,0.8248656,0.09649122807017543
9559,0.92711186,0.2
9560,0.6889436,0.013513513513513514
9561,0.79641116,0.1050328227571116
9562,0.7582717,0.0
9563,0.8886502,0.14285714285714285
9564,0.78678113,0.0
9565,0.1293583,0.4701959149645686
9566,0.9326369,0.13076923076923078
9567,0.8467453,0.2471042471042471
9568,0.7165501,0.06690140845070422
9569,0.57248837,0.0
9570,0.7560826,0.0703125
9571,0.7180883,0.0
9572,0.90647686,0.32
9573,0.6841108,0.0
9574,0.8884575,0.08450704225352113
9575,0.9089462,0.0
9576,0.31931168,0.14058053500284576
9577,0.6589041,0.0
9578,0.8541144,0.0
9579,0.80172014,0.10526315789473684
9580,0.9169517,0.0
9581,0.7542202,0.0
9582,0.6588351,0.0
9583,0.41710997,0.546945566912289
9584,0.9070164,0.2198581560283688
9585,0.8591287,0.3972179289026275
9586,0.84283316,0.0
9587,0.7949123,0.11764705882352941
9588,0.85543174,0.3333333333333333
9589,0.95297676,0.11
9590,0.9076997,0.15853658536585366
9591,0.8918409,0.2266051912568306
9592,0.48350912,0.03125
9593,0.3365457,0.125
9594,0.9263352,0.21739130434782608
9595,0.7744513,0.06097560975609756
9596,0.7925032,0.125
9597,0.9295569,0.4570596797671033
9598,0.6073887,0.08
9599,0.69177675,0.0
9600,0.32638857,0.0
9601,0.9159429,0.21052631578947367
9602,0.7460535,0.0
9603,0.95104367,0.22505800464037123
9604,0.28308523,0.998172514619883
9605,0.2753036,0.0
9606,0.8118894,0.0
9607,0.8052365,0.0
9608,0.9205008,0.16666666666666666
9609,0.75215894,0.047058823529411764
9610,0.911186,0.3263888888888889
9611,0.9237594,0.0
9612,0.1974207,0.0
9613,0.61053276,0.375
9614,0.82965904,0.1016949152542373
9615,0.61133814,0.0
9616,0.6685043,0.0
9617,0.911819,0.0
9618,0.91468453,0.028846153846153848
9619,0.46075055,0.0
9620,0.9064783,0.1038961038961039
9621,0.89758104,0.24109014675052412
9622,0.2933763,0.0
9623,0.6064768,0.12903225806451613
9624,0.43013027,0.0
9625,0.7274768,0.14285714285714285
9626,0.80298424,0.0
9627,0.2463058,0.0035842293906810036
9628,0.2284807,0.0024052916416115455
9629,0.91672236,0.0
9630,0.9197269,0.16
9631,0.4080479,0.44247413975089717
9632,0.9361524,0.2915904936014625
9633,0.90344036,0.06896551724137931
9634,0.69590664,0.05982905982905983
9635,0.89535105,0.45108695652173914
9636,0.80951464,0.23267326732673269
9637,0.6965269,0.30612244897959184
9638,0.883585,0.0
9639,0.90586025,0.0
9640,0.86703753,0.12087912087912088
9641,0.6816996,0.221316249271986
9642,0.1665202,0.35350018818216034
9643,0.8535427,0.19271948608137046
9644,0.7162351,0.05263157894736842
9645,0.44332668,0.0136986301369863
9646,0.7442329,0.13533834586466165
9647,0.72884864,0.09090909090909091
9648,0.923298,0.13725490196078433
9649,0.8044578,0.14675767918088736
9650,0.8699506,0.2
9651,0.7140713,0.0
9652,0.5692625,0.0
9653,0.82552594,0.10476190476190476
9654,0.9466371,0.3526315789473684
9655,0.42974523,0.02676864244741874
9656,0.5374184,0.0002758367046708349
9657,0.8075412,0.08108108108108109
9658,0.39662585,0.00023803856224708403
9659,0.908904,0.0
9660,0.6680399,0.0072992700729927005
9661,0.8732792,0.19721115537848605
9662,0.51953745,0.017953321364452424
9663,0.84949225,0.037037037037037035
9664,0.93307877,0.17647058823529413
9665,0.43238944,0.0
9666,0.9476165,0.045454545454545456
9667,0.17431392,0.0
9668,0.47382334,0.0023894862604540022
9669,0.8546816,0.21428571428571427
9670,0.7878742,0.23165829145728642
9671,0.9482903,0.2826086956521739
9672,0.45060617,0.005291005291005291
9673,0.6864376,0.0
9674,0.7118447,0.0
9675,0.7931315,0.11764705882352941
9676,0.46832934,0.024265644955300127
9677,0.9733169,0.6018363939899833
9678,0.6823481,0.0
9679,0.64772624,0.375
9680,0.41198546,0.028683181225554105
9681,0.8923468,0.041666666666666664
9682,0.90491337,0.04
9683,0.66150063,0.11764705882352941
9684,0.7529376,0.0
9685,0.72771025,0.030303030303030304
9686,0.7831718,0.0
9687,0.9226532,0.21818181818181817
9688,0.5892973,0.0
9689,0.7922529,0.0
9690,0.919428,0.31833333333333336
9691,0.7512267,0.018549395581492288
9692,0.9076029,0.07462686567164178
9693,0.6175071,0.33003300330033003
9694,0.9032473,0.1553398058252427
9695,0.21592006,0.0009864712514092446
9696,0.6684875,0.12193190815518606
9697,0.8584133,0.275
9698,0.7280422,0.0
9699,0.80557674,0.08762886597938144
9700,0.6740527,0.07667731629392971
9701,0.8092218,0.04
9702,0.9508923,0.0
9703,0.7137945,0.2833333333333333
9704,0.57815117,0.0
9705,0.8348824,0.05970149253731343
9706,0.97065127,0.2893401015228426
9707,0.7172013,0.0
9708,0.9215949,0.0
9709,0.8982846,0.11206896551724138
9710,0.83226305,0.0
9711,0.39531612,0.08346709470304976
9712,0.93673366,0.01791713325867861
9713,0.90870124,0.1941747572815534
9714,0.7984256,0.0
9715,0.72151583,0.0
9716,0.8900119,0.11920529801324503
9717,0.26363724,0.0020273694880892043
9718,0.55628884,0.0763888888888889
9719,0.70886177,0.07692307692307693
9720,0.86192244,0.0
9721,0.66952133,0.17647058823529413
9722,0.7127844,0.05555555555555555
9723,0.8614982,0.044444444444444446
9724,0.904285,0.15873015873015872
9725,0.93679005,0.128
9726,0.861556,0.05732484076433121
9727,0.7415695,0.056962025316455694
9728,0.88463354,0.0
9729,0.55060875,0.0
9730,0.62709194,0.022222222222222223
9731,0.5908676,0.0
9732,0.9190132,0.1111111111111111
9733,0.8249821,0.02564102564102564
9734,0.6754904,0.005
9735,0.8994129,0.0
9736,0.68783534,0.0
9737,0.7474412,0.0912863070539419
9738,0.92691237,0.43034697048161574
9739,0.8896377,0.09433962264150944
9740,0.6741452,0.0
9741,0.9016081,0.18446601941747573
9742,0.75910586,0.0
9743,0.4262368,0.02607561929595828
9744,0.35416183,0.048511835012889616
9745,0.96707225,0.21513445903689807
9746,0.90436697,0.0
9747,0.8637067,0.11721611721611722
9748,0.8126926,0.13099041533546327
9749,0.41015953,0.0
9750,0.87761945,0.10638297872340426
9751,0.9423788,0.4851019341348667
9752,0.8643091,0.2978723404255319
9753,0.9031257,0.37485311398354876
9754,0.88322204,0.028112449799196786
9755,0.5984517,0.05952380952380952
9756,0.73132896,0.0
9757,0.7826493,0.0
9758,0.48362043,0.0
9759,0.8880589,0.0
9760,0.92118025,0.1890515595162317
9761,0.6132507,0.0
9762,0.89483255,0.25
9763,0.738356,0.023622047244094488
9764,0.78330237,0.025
9765,0.8120632,0.13513513513513514
9766,0.7633239,0.0
9767,0.8665069,0.021739130434782608
9768,0.7229099,0.0
9769,0.8164936,0.0
9770,0.62845427,0.0
9771,0.19080025,0.12527864467231387
9772,0.8401811,0.19718309859154928
9773,0.94520366,0.08275862068965517
9774,0.9321131,0.30578512396694213
9775,0.40766194,0.13453973249409915
9776,0.8996842,0.3825873697118332
9777,0.33048213,0.0
9778,0.8781645,0.41623578076525336
9779,0.7623367,0.1941747572815534
9780,0.7480258,0.009708737864077669
9781,0.85656846,0.28669275929549903
9782,0.90809166,0.1951219512195122
9783,0.9087078,0.0
9784,0.79288965,0.08333333333333333
9785,0.74595356,0.0
9786,0.4800585,0.5710219571699647
9787,0.86169934,0.0
9788,0.83672947,0.029850746268656716
9789,0.72054124,0.0
9790,0.9474798,0.44542772861356933
9791,0.8498506,0.0975609756097561
9792,0.84048104,0.22755227552275523
9793,0.9226297,0.5294117647058824
9794,0.6789491,0.015646893974778142
9795,0.7294314,0.18225039619651348
9796,0.89369756,0.0
9797,0.7653003,0.03773584905660377
9798,0.92849386,0.16666666666666666
9799,0.8741033,0.0
9800,0.35597143,0.0457516339869281
9801,0.876892,0.0
9802,0.7898926,0.0
9803,0.8959289,0.23170731707317074
9804,0.53102654,0.0
9805,0.754259,0.0
9806,0.9097291,0.06578947368421052
9807,0.46795392,0.0
9808,0.45754096,0.0
9809,0.23091795,0.0
9810,0.8651577,0.25
9811,0.48817384,0.05593922651933702
9812,0.9020556,0.3003533568904594
9813,0.19475497,0.0
9814,0.43895197,0.07234042553191489
9815,0.21725157,0.0
9816,0.7958339,0.125
9817,0.8929836,0.1111111111111111
9818,0.854752,0.14285714285714285
9819,0.6928826,0.08059701492537313
9820,0.86151755,0.02531645569620253
9821,0.24792986,0.013513513513513514
9822,0.8371706,0.17894736842105263
9823,0.85245216,0.08888888888888889
9824,0.32103372,0.03948772678762007
9825,0.9277291,0.14325068870523416
9826,0.56368756,0.0963855421686747
9827,0.88587314,0.0
9828,0.5053174,0.2018301982714794
9829,0.43083453,0.0
9830,0.5285848,0.09214501510574018
9831,0.7237881,0.11764705882352941
9832,0.7742019,0.0
9833,0.37475353,0.04832904884318766
9834,0.8876497,0.0
9835,0.8432078,0.06557377049180328
9836,0.75366503,0.07407407407407407
9837,0.7518935,0.17094017094017094
9838,0.34908625,0.04365079365079365
9839,0.8476902,0.0196078431372549
9840,0.65764993,0.11140583554376658
9841,0.85930914,0.0
9842,0.852844,0.3333333333333333
9843,0.24174097,0.0
9844,0.87038326,0.16744186046511628
9845,0.9633067,0.4257142857142857
9846,0.6701173,0.0
9847,0.78362626,0.038461538461538464
9848,0.86510247,0.4515366430260047
9849,0.90277123,0.0
9850,0.6335757,0.0
9851,0.4783895,0.16666666666666666
9852,0.9480173,0.3391812865497076
9853,0.6083999,0.02564102564102564
9854,0.7634761,0.0
9855,0.8340236,0.16203703703703703
9856,0.84324384,0.06896551724137931
9857,0.7915657,0.029850746268656716
9858,0.8843576,0.11538461538461539
9859,0.5387694,0.0
9860,0.8777619,0.05622489959839357
9861,0.5028753,0.029411764705882353
9862,0.9237003,0.42342342342342343
9863,0.9581423,0.0410958904109589
9864,0.7007685,0.0
9865,0.7688395,0.2810715854194115
9866,0.8393685,0.22969187675070027
9867,0.84370476,0.0
9868,0.63155246,0.0
9869,0.8783033,0.06837606837606838
9870,0.9297845,0.0
9871,0.77192074,0.0
9872,0.7697935,0.04888888888888889
9873,0.72823,0.0
9874,0.6852389,0.0
9875,0.88075125,0.22972972972972974
9876,0.7210599,0.015463917525773196
9877,0.72321033,0.20714285714285716
9878,0.68415964,0.02247191011235955
9879,0.874257,0.140625
9880,0.84414154,0.08080808080808081
9881,0.9111206,0.2629674306393245
9882,0.5809492,0.01
9883,0.8072258,0.08247422680412371
9884,0.5130347,0.0
9885,0.85881525,0.07692307692307693
9886,0.9514795,0.2222222222222222
9887,0.65128464,0.0
9888,0.42270312,0.0
9889,0.8178173,0.12962962962962962
9890,0.84678024,0.0
9891,0.45435646,0.0
9892,0.9033651,0.3333333333333333
9893,0.85671127,0.25333333333333335
9894,0.81228185,0.2851373182552504
9895,0.67767215,0.0
9896,0.72800815,0.11627906976744186
9897,0.8212009,0.0891089108910891
9898,0.7582595,0.09090909090909091
9899,0.55930364,0.0
9900,0.73052895,0.0
9901,0.7820912,0.00980392156862745
9902,0.6291631,0.12080536912751678
9903,0.85541326,0.0
9904,0.9275139,0.09523809523809523
9905,0.9097863,0.0
9906,0.7163373,0.010101010101010102
9907,0.9136581,0.13793103448275862
9908,0.917264,0.05263157894736842
9909,0.59221756,0.009632224168126095
9910,0.9192895,0.0
9911,0.55009663,0.005822550831792976
9912,0.3723435,0.00881057268722467
9913,0.79597706,0.09
9914,0.8499229,0.0
9915,0.9360671,0.14393939393939395
9916,0.3203377,0.07407407407407407
9917,0.5803392,0.0
9918,0.80172086,0.3333333333333333
9919,0.7793476,0.15384615384615385
9920,0.5726637,0.2
9921,0.7210117,0.0
9922,0.74885976,0.0
9923,0.8498267,0.2
9924,0.7733245,0.0
9925,0.9278827,0.24217907227615965
9926,0.75224614,0.18840579710144928
9927,0.8294157,0.15384615384615385
9928,0.7432341,0.16666666666666666
9929,0.880997,0.0
9930,0.8190972,0.15384615384615385
9931,0.5664506,0.0
9932,0.36734498,0.1245674740484429
9933,0.7067619,0.0
9934,0.8370337,0.0
9935,0.8706997,0.13636363636363635
9936,0.43711376,0.12395833333333334
9937,0.7658527,0.1267605633802817
9938,0.4913483,0.0
9939,0.6261312,0.0625
9940,0.7376442,0.3333333333333333
9941,0.8643724,0.0
9942,0.2508518,0.0
9943,0.89542395,0.140625
9944,0.8583913,0.03333333333333333
9945,0.5661704,0.0
9946,0.84782106,0.0
9947,0.8411599,0.0
9948,0.90128034,0.0
9949,0.87868637,0.0
9950,0.9446764,0.31875
9951,0.58356595,0.0
9952,0.9336103,0.10638297872340426
9953,0.70684546,0.01932367149758454
9954,0.6106251,0.058823529411764705
9955,0.5517202,0.004054054054054054
9956,0.87206316,0.0
9957,0.84365696,0.14634146341463414
9958,0.8569597,0.0
9959,0.8304067,0.20588235294117646
9960,0.5523581,0.33115962574425856
9961,0.8909892,0.1864406779661017
9962,0.6952276,0.0
9963,0.5136061,0.21269412559081702
9964,0.9357955,0.0
9965,0.9077456,0.4
9966,0.7301777,0.017241379310344827
9967,0.659907,0.0
9968,0.910168,0.25757575757575757
9969,0.66758543,0.0
9970,0.88334656,0.3055555555555556
9971,0.7970161,0.012658227848101266
9972,0.38477284,0.7428341816233592
9973,0.44630516,0.0
9974,0.62165153,0.0
9975,0.6911684,0.04838709677419355
9976,0.5279228,0.09131075110456553
9977,0.83997375,0.0
9978,0.7063786,0.017241379310344827
9979,0.8554832,0.33756345177664976
9980,0.87141246,0.0
9981,0.5959888,0.13737075332348597
9982,0.73338294,0.20495495495495494
9983,0.8324402,0.13924050632911392
9984,0.91472787,0.2282051282051282
9985,0.802656,0.17772511848341233
9986,0.91904706,0.125
9987,0.13195243,0.199906191369606
9988,0.57945603,0.0
9989,0.8947682,0.05202312138728324
9990,0.76367605,0.029411764705882353
9991,0.87217516,0.0064
9992,0.37237155,0.05434782608695652
9993,0.3992677,0.0
9994,0.62029785,0.0
9995,0.9420772,0.27419354838709675
9996,0.54447174,0.0
9997,0.85389555,0.375
9998,0.6766563,0.0
9999,0.9392881,0.0
10000,0.7916317,0.024390243902439025
10001,0.8964228,0.32550493189290747
10002,0.68034136,0.08091286307053942
10003,0.89397603,0.3305351521511018
10004,0.7413276,0.05714285714285714
10005,0.94741523,0.25265017667844525
10006,0.61903596,0.0
10007,0.7118087,0.0
10008,0.8792663,0.03896103896103896
10009,0.9430814,0.3341584158415842
10010,0.3837553,0.0
10011,0.3790722,0.6515497851330346
10012,0.92730033,0.01694915254237288
10013,0.85194,0.013157894736842105
10014,0.88900965,0.0
10015,0.69567925,0.01694915254237288
10016,0.80410373,0.0
10017,0.94795525,0.5885337392186707
10018,0.9507208,0.14285714285714285
10019,0.17029238,0.25155468845262774
10020,0.8486118,0.19800820152314
10021,0.6627187,0.0
10022,0.896751,0.008146639511201629
10023,0.937275,0.2675714978187106
10024,0.7592375,0.0
10025,0.74275714,0.29853181076672103
10026,0.84709334,0.0
10027,0.29873306,0.12195121951219512
10028,0.7760102,0.0
10029,0.7356331,0.3150684931506849
10030,0.7418711,0.0
10031,0.6746969,0.0
10032,0.88714653,0.05185185185185185
10033,0.8767639,0.02820796460176991
10034,0.19439529,0.0
10035,0.36394504,0.0
10036,0.92396384,0.0
10037,0.7284826,0.05357142857142857
10038,0.9208037,0.16287878787878787
10039,0.8806669,0.05405405405405406
10040,0.67684263,0.0
10041,0.7119274,0.0
10042,0.8917036,0.0
10043,0.7573428,0.006993006993006993
10044,0.92706496,0.09090909090909091
10045,0.4712292,0.0
10046,0.6996056,0.2695961995249406
10047,0.9400172,0.17543859649122806
10048,0.3046038,0.004166666666666667
10049,0.73290104,0.0
10050,0.6293489,0.05333333333333334
10051,0.9097298,0.28368794326241137
10052,0.5037183,0.1483375959079284
10053,0.47847036,0.0
10054,0.72685903,0.14014251781472684
10055,0.53882605,0.024193548387096774
10056,0.7908309,0.13333333333333333
10057,0.709354,0.12903225806451613
10058,0.8519198,0.2
10059,0.73415,0.11976047904191617
10060,0.9600178,0.5069826491747779
10061,0.21292913,0.007462686567164179
10062,0.94982487,0.3337468982630273
10063,0.87248087,0.12380952380952381
10064,0.89784473,0.15151515151515152
10065,0.45867527,0.0
10066,0.6903305,0.046511627906976744
10067,0.6489215,0.07801418439716312
10068,0.21195202,0.0
10069,0.92120665,0.23809523809523808
10070,0.9534362,0.2530487804878049
10071,0.6807687,0.0
10072,0.8668429,0.21307779030439683
10073,0.8262004,0.20408163265306123
10074,0.4198338,0.0365296803652968
10075,0.9157695,0.0
10076,0.4755058,0.14207650273224043
10077,0.86360383,0.0
10078,0.94522655,0.26666666666666666
10079,0.88082457,0.32947976878612717
10080,0.41694877,0.0
10081,0.86571664,0.23157894736842105
10082,0.87804425,0.0
10083,0.57001823,0.0
10084,0.63420266,0.02857142857142857
10085,0.95835423,0.34285714285714286
10086,0.7427125,0.02127659574468085
10087,0.7789554,0.07936507936507936
10088,0.7965599,0.1134020618556701
10089,0.68810785,0.006993006993006993
10090,0.49748504,0.078125
10091,0.30427358,0.0
10092,0.6853227,0.13636363636363635
10093,0.8769888,0.026119402985074626
10094,0.9366247,0.2693333333333333
10095,0.5363727,0.0
10096,0.9315404,0.15590551181102363
10097,0.5423917,0.06666666666666667
10098,0.7004346,0.0855614973262032
10099,0.7840617,0.11409395973154363
10100,0.6537541,0.0
10101,0.8535111,0.00517464424320828
10102,0.86239904,0.15384615384615385
10103,0.9212661,0.0
10104,0.41369802,0.0
10105,0.44208536,0.0
10106,0.6319836,0.0
10107,0.37741143,0.19206308827270416
10108,0.71540105,0.05263157894736842
10109,0.34356683,0.008264462809917356
10110,0.87086135,0.0
10111,0.7310918,0.02531645569620253
10112,0.82789737,0.0
10113,0.92410076,0.5256410256410257
10114,0.5620599,0.024242424242424242
10115,0.85234946,0.3333333333333333
10116,0.93516964,0.12690355329949238
10117,0.29218757,0.0
10118,0.74479395,0.0
10119,0.8468382,0.802016129032258
10120,0.5918993,0.10285714285714286
10121,0.6910692,0.03937007874015748
10122,0.8918866,0.06666666666666667
10123,0.9067882,0.15
10124,0.7174364,0.0
10125,0.9743048,0.08350123125139915
10126,0.9434273,0.2404828226555246
10127,0.8160726,0.05263157894736842
10128,0.7595274,0.0
10129,0.3094749,0.0196078431372549
10130,0.7758591,0.0
10131,0.7400136,0.011363636363636364
10132,0.7793738,0.12244897959183673
10133,0.8572378,0.013513513513513514
10134,0.91665655,0.18556701030927836
10135,0.9528044,0.6585891222401723
10136,0.74925756,0.038461538461538464
10137,0.9115053,0.0
10138,0.9124342,0.3155339805825243
10139,0.86371416,0.05263157894736842
10140,0.2703924,0.0883668903803132
10141,0.9064347,0.0
10142,0.7792783,0.0
10143,0.4541933,0.016875981161695447
10144,0.2475495,0.0
10145,0.82216954,0.05
10146,0.9017855,0.0
10147,0.8904399,0.017391304347826087
10148,0.9443293,0.29411764705882354
10149,0.9429026,0.2
10150,0.7771786,0.2687224669603524
10151,0.4798053,0.03851540616246499
10152,0.8604337,0.0
10153,0.91745,0.2884012539184953
10154,0.91254085,0.08
10155,0.80603635,0.1891891891891892
10156,0.89409393,0.13636363636363635
10157,0.9250619,0.3838383838383838
10158,0.8082848,0.1322314049586777
10159,0.87893057,0.2837370242214533
10160,0.77926785,0.0196078431372549
10161,0.86447626,0.040892193308550186
10162,0.9054265,0.25961538461538464
10163,0.41813627,0.058823529411764705
10164,0.87357795,0.49048442906574397
10165,0.9266765,0.2600806451612903
10166,0.8269635,0.0
10167,0.89706874,0.0
10168,0.9419915,0.2054794520547945
10169,0.82475007,0.0
10170,0.8698115,0.13333333333333333
10171,0.3071783,0.0
10172,0.9306443,0.19402985074626866
10173,0.90160125,0.21000893655049152
10174,0.8685862,0.0
10175,0.9485565,0.14634146341463414
10176,0.8450944,0.12631578947368421
10177,0.5500278,0.0
10178,0.39062375,0.07093821510297482
10179,0.8161211,0.0
10180,0.8831507,0.0
10181,0.59402114,0.0
10182,0.85942984,0.25919117647058826
10183,0.8641345,0.0
10184,0.92700654,0.3157459135112766
10185,0.94654655,0.39729299363057324
10186,0.8503144,0.076
10187,0.8307436,0.0967741935483871
10188,0.89298755,0.0
10189,0.92552996,0.0975609756097561
10190,0.83044225,0.10784313725490197
10191,0.6984332,0.16794871794871793
10192,0.21938461,0.03231939163498099
10193,0.85076684,0.0
10194,0.6394777,0.0
10195,0.7816487,0.05102040816326531
10196,0.7106909,0.007832898172323759
10197,0.495069,0.0002743735138101335
10198,0.58277214,0.0
10199,0.6668372,0.0
10200,0.69348115,0.16666666666666666
10201,0.91718256,0.0
10202,0.31136256,0.060452418096723866
10203,0.9437795,0.0
10204,0.75900555,0.27053140096618356
10205,0.7906291,0.08507223113964688
10206,0.86446154,0.282312925170068
10207,0.46697068,0.09927360774818401
10208,0.8259942,0.02824620573355818
10209,0.14674947,0.0
10210,0.9114688,0.0
10211,0.3756748,0.06586702512666735
10212,0.7689254,0.125
10213,0.88498133,0.9803921568627451
10214,0.850022,0.22727272727272727
10215,0.7387521,0.030303030303030304
10216,0.7556622,0.0
10217,0.81502503,0.31512605042016806
10218,0.4427609,0.0
10219,0.9470001,0.2727272727272727
10220,0.8651902,0.11764705882352941
10221,0.7673713,0.0
10222,0.8070481,0.0
10223,0.8890814,0.3118279569892473
10224,0.91513103,0.0
10225,0.6181627,0.0
10226,0.88917947,0.3333333333333333
10227,0.9402341,0.2546816479400749
10228,0.7523348,0.23529411764705882
10229,0.33980384,0.03402424716464607
10230,0.7542274,0.125
10231,0.7049001,0.05472636815920398
10232,0.7804032,0.0
10233,0.491845,0.0
10234,0.27450544,0.007578628268283441
10235,0.93176895,0.16901408450704225
10236,0.7157472,0.17037037037037037
10237,0.65909034,0.0
10238,0.8017702,0.17415730337078653
10239,0.9163655,0.4
10240,0.8390698,0.05442176870748299
10241,0.7350289,0.3277988614800759
10242,0.8849594,0.2966751918158568
10243,0.8835134,0.056338028169014086
10244,0.91950434,0.18181818181818182
10245,0.8307414,0.1111111111111111
10246,0.88852394,0.5
10247,0.81888646,0.0
10248,0.8318783,0.0784313725490196
10249,0.38052568,0.015151515151515152
10250,0.88924533,0.40672782874617736
10251,0.59812707,0.0
10252,0.80174285,0.12121212121212122
10253,0.90190375,0.0
10254,0.8083555,0.10404624277456648
10255,0.87111706,0.06060606060606061
10256,0.90977114,0.19801980198019803
10257,0.8220994,0.0
10258,0.92170054,0.20909090909090908
10259,0.5694919,0.08181818181818182
10260,0.86010563,0.0
10261,0.7760287,0.0
10262,0.74489933,0.0
10263,0.7413159,0.0
10264,0.92810965,0.1509433962264151
10265,0.21553819,0.44438862654476036
10266,0.86527073,0.0
10267,0.8978407,0.2894736842105263
10268,0.8280223,0.18333333333333332
10269,0.5838226,0.0
10270,0.90230656,0.0
10271,0.84027225,0.0979020979020979
10272,0.67285293,0.07692307692307693
10273,0.77455276,0.09917355371900827
10274,0.7978544,0.03225806451612903
10275,0.5555495,0.008130081300813009
10276,0.92573404,0.16940789473684212
10277,0.8593042,0.0
10278,0.8929603,0.13829787234042554
10279,0.92455935,0.20652173913043478
10280,0.90730643,0.041666666666666664
10281,0.6599539,0.0
10282,0.74543214,0.0036991368680641184
10283,0.84529763,0.024390243902439025
10284,0.5916235,0.0
10285,0.96734434,0.17554388597149287
10286,0.89001477,0.07142857142857142
10287,0.81046224,0.05555555555555555
10288,0.8887136,0.24899598393574296
10289,0.80437285,0.11764705882352941
10290,0.77345234,0.0
10291,0.66747206,0.015384615384615385
10292,0.64498097,0.0
10293,0.33816478,0.7315423976608187
10294,0.85347944,0.0821917808219178
10295,0.6994043,0.14327062228654125
10296,0.9422037,0.22402287893231648
10297,0.7878431,0.0
10298,0.7092314,0.0
10299,0.9217054,0.0
10300,0.8829941,0.04225352112676056
10301,0.9332602,0.06477732793522267
10302,0.80637336,0.4657172995780591
10303,0.8524808,0.0
10304,0.7661521,0.0
10305,0.2629916,0.025537634408602152
10306,0.6915649,0.0036900369003690036
10307,0.7608138,0.0
10308,0.27739805,0.0021008403361344537
10309,0.80916584,0.0006830601092896175
10310,0.41726726,0.042134831460674156
10311,0.4355661,0.11037891268533773
10312,0.51987153,0.07543629198723963
10313,0.8625597,0.05555555555555555
10314,0.84269786,0.19672131147540983
10315,0.84139514,0.0
10316,0.5702061,0.08333333333333333
10317,0.7563281,0.14084507042253522
10318,0.62109834,0.005291005291005291
10319,0.81828415,0.17868675995694294
10320,0.68728614,0.0
10321,0.86373425,0.0
10322,0.97756964,0.7048816568047337
10323,0.4208521,0.03937007874015748
10324,0.84844816,0.109375
10325,0.6747242,0.014705882352941176
10326,0.81060344,0.16666666666666666
10327,0.5668739,0.0
10328,0.9433427,0.21390374331550802
10329,0.6999142,0.0
10330,0.91611147,0.0
10331,0.9401795,0.045454545454545456
10332,0.85247004,0.0
10333,0.86514986,0.029850746268656716
10334,0.6442603,0.005922905136421012
10335,0.755349,0.152
10336,0.85661244,0.14705882352941177
10337,0.86470294,0.0
10338,0.8705636,0.05154639175257732
10339,0.930218,0.26166666666666666
10340,0.8726139,0.24416517055655296
10341,0.9150732,0.3154158215010142
10342,0.5380187,0.0
10343,0.9339116,0.17045454545454544
10344,0.9075543,0.0
10345,0.39421862,0.0
10346,0.5791674,0.034482758620689655
10347,0.5761487,0.0
10348,0.7303514,0.0
10349,0.8841194,0.21052631578947367
10350,0.9026282,0.0
10351,0.6176985,0.0
10352,0.67862564,0.0
10353,0.9090466,0.3865500273373428
10354,0.43538293,0.09725685785536159
10355,0.6594466,0.0
10356,0.5288938,0.05291005291005291
10357,0.8966844,0.1386861313868613
10358,0.700306,0.0
10359,0.8240219,0.08163265306122448
10360,0.96337,0.42320441988950275
10361,0.45975536,0.13659246000671216
10362,0.31686458,0.0
10363,0.93500376,0.26666666666666666
10364,0.93458515,0.0
10365,0.3589011,0.9883040935672515
10366,0.9600671,0.28289473684210525
10367,0.7412169,0.11310592459605028
10368,0.4603181,0.05789473684210526
10369,0.93671966,0.0
10370,0.94594336,0.2732474964234621
10371,0.7070823,0.0
10372,0.8459833,0.10795454545454546
10373,0.21706226,0.2647058823529412
10374,0.7175551,0.0
10375,0.77168626,0.05555555555555555
10376,0.5231917,0.025506376594148537
10377,0.74187356,0.029411764705882353
10378,0.7395803,0.0
10379,0.95547265,0.30666666666666664
10380,0.91351986,0.07142857142857142
10381,0.7253437,0.0
10382,0.22655536,0.290531015037594
10383,0.55594873,0.22371177209886886
10384,0.8864266,0.3783783783783784
10385,0.8597093,0.0
10386,0.9353465,0.0
10387,0.3237869,9.148293843198243e-05
10388,0.6416499,0.0
10389,0.93105406,0.1111111111111111
10390,0.6441371,0.0012626262626262627
10391,0.7219661,0.8536529680365297
10392,0.9055928,0.0
10393,0.89578366,0.10723860589812333
10394,0.88221794,0.2825112107623318
10395,0.3227224,0.10147883732789394
10396,0.35239235,0.07286409103422961
10397,0.7234374,0.05084745762711865
10398,0.5980118,0.0
10399,0.923282,0.0
10400,0.3897036,0.0
10401,0.84037334,0.0
10402,0.9459189,0.1724137931034483
10403,0.9066761,0.25203252032520324
10404,0.94740266,0.804902755267423
10405,0.39678726,0.006956521739130435
10406,0.94706404,0.8039392844235634
10407,0.8520271,0.053691275167785234
10408,0.43776986,0.0
10409,0.9040503,0.18674575577827776
10410,0.25331143,0.0
10411,0.6974349,0.6190907034607555
10412,0.4817034,0.0
10413,0.9009545,0.05
10414,0.87006295,0.437440305635148
10415,0.89000404,0.0
10416,0.7892474,0.0
10417,0.38736835,0.0
10418,0.7929568,0.0
10419,0.401008,0.0
10420,0.9106183,0.0
10421,0.9115001,0.07142857142857142
10422,0.6971899,0.0
10423,0.90593743,0.15555555555555556
10424,0.86162275,0.05714285714285714
10425,0.77364534,0.14906832298136646
10426,0.85965216,0.13793103448275862
10427,0.7858429,0.0
10428,0.85677856,0.0
10429,0.8978338,0.1839080459770115
10430,0.24806587,0.0
10431,0.86719275,0.14086471408647142
10432,0.886513,1.0
10433,0.78223634,0.0
10434,0.81289655,0.0005672149744753262
10435,0.9232448,0.03614457831325301
10436,0.93776613,0.09375
10437,0.80292153,0.01948051948051948
10438,0.71069944,0.0
10439,0.30272987,9.587727708533077e-05
10440,0.84441316,0.0
10441,0.9345908,0.0
10442,0.88460326,0.14150943396226415
10443,0.7507381,0.11764705882352941
10444,0.536367,0.0
10445,0.8165745,0.5
10446,0.8490292,0.25
10447,0.92944163,0.31338028169014087
10448,0.8017613,0.15625
10449,0.6616765,0.013301088270858524
10450,0.28939524,0.0
10451,0.32661337,0.0
10452,0.74415755,0.1952054794520548
10453,0.67221725,0.25598678777869527
10454,0.84896404,0.22535211267605634
10455,0.8626192,0.0
10456,0.78904486,0.0
10457,0.65365064,0.02857142857142857
10458,0.9158212,0.0
10459,0.57013696,0.05757575757575758
10460,0.8739452,0.0881057268722467
10461,0.8569619,0.2784090909090909
10462,0.27823094,0.0
10463,0.890564,0.1797752808988764
10464,0.674953,0.0
10465,0.8200942,0.045454545454545456
10466,0.8737088,0.0
10467,0.87001497,0.23931623931623933
10468,0.44437477,0.06824925816023739
10469,0.8218419,0.0
10470,0.8964833,0.041666666666666664
10471,0.61003256,0.0
10472,0.8346272,0.16129032258064516
10473,0.82730997,0.0
10474,0.6505084,0.024489795918367346
10475,0.2948113,0.0
10476,0.6447083,0.0
10477,0.9187385,0.11409395973154363
10478,0.52327913,0.31396172927002125
10479,0.87877446,0.15384615384615385
10480,0.87251407,0.1917808219178082
10481,0.7937233,0.0
10482,0.72818464,0.013060121594235533
10483,0.58134055,0.0
10484,0.8869668,0.12941176470588237
10485,0.9127961,0.18181818181818182
10486,0.8691129,0.16201117318435754
10487,0.9407753,0.047058823529411764
10488,0.8301526,0.0
10489,0.9662258,0.4070729872084274
10490,0.46706927,0.0
10491,0.34104124,0.0002860139193440747
10492,0.6763804,0.0
10493,0.8764831,0.16666666666666666
10494,0.80253047,0.125
10495,0.73825556,0.0
10496,0.8314568,0.010940919037199124
10497,0.9028408,0.10840932117527863
10498,0.8618633,0.018276762402088774
10499,0.8456068,0.12903225806451613
10500,0.87373346,0.21331316187594554
10501,0.819067,0.005322479649342517
10502,0.7714317,0.25
10503,0.86121315,0.09523809523809523
10504,0.93028927,0.13043478260869565
10505,0.38764474,0.03389830508474576
10506,0.86817735,0.16666666666666666
10507,0.81179166,0.12371134020618557
10508,0.42414618,0.0
10509,0.87170756,0.10185185185185185
10510,0.7486528,0.16981132075471697
10511,0.9387499,0.7655492730210016
10512,0.8712993,0.1509433962264151
10513,0.77936,0.1650485436893204
10514,0.86214876,0.0
10515,0.2363969,0.23945123357159326
10516,0.5936615,0.0007513148009015778
10517,0.8037371,0.0
10518,0.6958396,0.12286689419795221
10519,0.891818,0.2573099415204678
10520,0.84035283,0.37002652519893897
10521,0.8896634,0.0
10522,0.90126574,0.1575091575091575
10523,0.8173766,0.09437751004016064
10524,0.9237109,0.5290245362058648
10525,0.86044043,0.0
10526,0.90934783,0.1016949152542373
10527,0.93308645,0.23089519650655022
10528,0.84558326,0.010101010101010102
10529,0.6779334,0.3811881188118812
10530,0.73617595,0.0
10531,0.89111406,0.0625
10532,0.48546326,0.0
10533,0.8145862,0.12
10534,0.77324504,0.05747126436781609
10535,0.32302204,0.21758737316798196
10536,0.90467435,0.18446601941747573
10537,0.26747438,0.02276707530647986
10538,0.90029025,0.026881720430107527
10539,0.732559,0.9623579545454546
10540,0.8992763,0.25277777777777777
10541,0.9300492,0.0043821209465381246
10542,0.7012194,0.0
10543,0.89768755,0.19237749546279492
10544,0.59956044,0.08058608058608059
10545,0.82466125,0.0
10546,0.25383815,0.0
10547,0.9559619,0.37709251101321584
10548,0.5110674,0.016666666666666666
10549,0.9289939,0.2641509433962264
10550,0.35520008,0.0
10551,0.8810617,0.00047551117451260106
10552,0.8850973,0.0
10553,0.68001926,0.016260162601626018
10554,0.8229956,0.0
10555,0.61620426,0.0
10556,0.8316084,0.15692307692307692
10557,0.6787633,0.2391304347826087
10558,0.8393247,0.0
10559,0.80949926,0.0967741935483871
10560,0.3747516,0.03829787234042553
10561,0.860376,0.10126582278481013
10562,0.89407116,0.0
10563,0.8416396,0.0
10564,0.97294986,0.3263525305410122
10565,0.8229395,0.0
10566,0.9384022,0.13793103448275862
10567,0.5613958,0.039969547011800534
10568,0.7636015,0.08738938053097345
10569,0.9705333,0.3378582202111614
10570,0.962472,0.5484454085321764
10571,0.9450855,0.23452768729641693
10572,0.8649473,0.3076923076923077
10573,0.49376625,0.0
10574,0.56930774,0.07228915662650602
10575,0.8267406,0.0
10576,0.70664054,0.05161290322580645
10577,0.9484347,0.25089686098654707
10578,0.90675694,0.05142857142857143
10579,0.63974017,0.038461538461538464
10580,0.926418,0.045454545454545456
10581,0.88461906,0.13953488372093023
10582,0.7161713,0.0
10583,0.8680375,0.051960174237710016
10584,0.93406296,0.2701612903225806
10585,0.9520655,0.713855421686747
10586,0.5122957,0.10980392156862745
10587,0.8084327,0.0
10588,0.75122005,0.0
10589,0.74509144,0.08860759493670886
10590,0.848626,0.21301775147928995
10591,0.69940555,0.10891089108910891
10592,0.37969357,0.1875
10593,0.8954958,0.048018047051240735
10594,0.82482976,0.0
10595,0.7022536,0.0
10596,0.89149076,0.0673289183222958
10597,0.8744524,0.2910547396528705
10598,0.5873897,0.004464285714285714
10599,0.5896702,0.0
10600,0.6096492,0.05687203791469194
10601,0.8311904,0.12244897959183673
10602,0.7705421,0.041666666666666664
10603,0.35521507,0.0
10604,0.74776274,0.0
10605,0.7332093,0.043912175648702596
10606,0.6205317,0.19701492537313434
10607,0.87939155,0.0
10608,0.35944527,0.0
10609,0.88177305,0.09333333333333334
10610,0.8717474,0.05263157894736842
10611,0.66171294,0.0
10612,0.6643209,0.13381294964028778
10613,0.23663825,0.0
10614,0.93624896,0.2756808408982322
10615,0.66118413,0.0
10616,0.92011994,0.05660377358490566
10617,0.81986326,0.0
10618,0.80518097,0.0
10619,0.44414702,0.015151515151515152
10620,0.7338298,0.0
10621,0.7576082,0.12351029252437704
10622,0.80775493,0.0
10623,0.8448311,0.0
10624,0.4732987,0.0
10625,0.7193241,0.0
10626,0.757214,0.09523809523809523
10627,0.3146028,0.0
10628,0.7409679,0.03636363636363636
10629,0.4689791,0.09615384615384616
10630,0.8859046,0.0945945945945946
10631,0.42629737,0.0031545741324921135
10632,0.5248974,0.04
10633,0.947697,0.16666666666666666
10634,0.900171,0.15638766519823788
10635,0.89312977,0.42857142857142855
10636,0.36753285,0.091324200913242
10637,0.8501867,0.13333333333333333
10638,0.17551343,0.48807519640852975
10639,0.38144478,0.0
10640,0.20238633,0.8121911037891268
10641,0.6685394,0.1974025974025974
10642,0.8778185,0.0
10643,0.81458426,0.0
10644,0.54538727,0.19659442724458204
10645,0.60025674,0.0
10646,0.28334248,0.01282051282051282
10647,0.8031398,0.0
10648,0.34125397,0.08810784785748677
10649,0.5418408,0.029197080291970802
10650,0.82452327,0.0
10651,0.73342144,0.0
10652,0.9372939,0.0
10653,0.92252076,0.1
10654,0.76385736,0.17142857142857143
10655,0.9335495,0.1898248140148788
10656,0.9039706,0.0
10657,0.93553257,0.0
10658,0.55906135,0.07319078947368421
10659,0.33065584,0.09103641456582633
10660,0.5589076,0.0
10661,0.7604616,0.0
10662,0.77352536,0.0
10663,0.8680929,0.1
10664,0.61070985,0.00027649769585253456
10665,0.80510914,0.15384615384615385
10666,0.780547,0.0
10667,0.68909216,0.14893617021276595
10668,0.82115823,0.2857142857142857
10669,0.668815,0.07692307692307693
10670,0.80107033,0.013157894736842105
10671,0.9131435,0.0
10672,0.6590395,0.0
10673,0.8664735,0.16141732283464566
10674,0.7439351,0.0
10675,0.7866695,0.0625
10676,0.74974626,0.02666666666666667
10677,0.93966126,0.24015748031496062
10678,0.906839,0.1
10679,0.90553284,0.08333333333333333
10680,0.89187956,0.0745658835546476
10681,0.93069416,0.35478806907378335
10682,0.9346499,1.0
10683,0.7917205,0.10869565217391304
10684,0.93312216,0.0
10685,0.9579583,0.3242258652094718
10686,0.90121,0.47024952015355087
10687,0.89015746,0.09727626459143969
10688,0.7989585,0.06315549475604196
10689,0.8718621,0.0
10690,0.40201914,0.0
10691,0.31261057,0.05254378648874062
10692,0.17403522,0.0
10693,0.8724264,0.2
10694,0.8704123,0.345679012345679
10695,0.91431004,0.0
10696,0.22321507,0.2526694391367877
10697,0.4814653,0.0
10698,0.83020717,0.0
10699,0.7481799,0.11267605633802817
10700,0.86916375,0.0
10701,0.672568,0.0
10702,0.6524352,0.125
10703,0.9181277,0.0
10704,0.9664126,0.40230905861456484
10705,0.8711576,0.0
10706,0.81768966,0.13493975903614458
10707,0.7389769,0.7798397300716997
10708,0.14446536,0.018480492813141684
10709,0.95877093,0.4536187563710499
10710,0.9002021,0.01639344262295082
10711,0.8212902,0.0
10712,0.66653115,0.2671102661596958
10713,0.45078677,0.10783410138248847
10714,0.8920711,0.0
10715,0.9409372,0.3568281938325991
10716,0.55639946,0.0
10717,0.86185926,0.07228915662650602
10718,0.7407729,0.05223880597014925
10719,0.8038539,0.16312056737588654
10720,0.9297964,0.16346153846153846
10721,0.881862,0.25
10722,0.9110137,0.0
10723,0.88442904,0.6072816526897116
10724,0.6225056,0.14285714285714285
10725,0.8546894,0.0
10726,0.26262116,0.08494868871151653
10727,0.6231686,0.0
10728,0.5892213,0.08188585607940446
10729,0.8832593,0.25
10730,0.89019865,0.17647058823529413
10731,0.15437758,0.0
10732,0.26420525,0.0
10733,0.8956536,0.12857142857142856
10734,0.16175774,0.14312585499316005
10735,0.57786953,0.00277623542476402
10736,0.20487846,0.0
10737,0.5113076,0.030821917808219176
10738,0.9473632,0.2
10739,0.94433856,0.16106442577030813
10740,0.29928413,0.27111650485436894
10741,0.85297,0.07017543859649122
10742,0.8798972,0.17307692307692307
10743,0.29009393,0.0
10744,0.21205756,0.0
10745,0.9220495,0.2365296803652968
10746,0.87425727,0.2
10747,0.9206646,0.3253968253968254
10748,0.27744415,0.02218430034129693
10749,0.9329922,0.01818181818181818
10750,0.7543038,0.12
10751,0.26665714,0.016129032258064516
10752,0.36049128,0.0
10753,0.27889636,0.0
10754,0.24279869,0.0
10755,0.7628618,0.0
10756,0.89479023,0.04838709677419355
10757,0.11472419,0.1134789557805008
10758,0.3963624,0.0
10759,0.76911306,0.05747126436781609
10760,0.73157996,0.0
10761,0.83449566,0.0
10762,0.721396,0.0
10763,0.7100952,0.31568228105906315
10764,0.83106107,0.07272727272727272
10765,0.8920157,0.0
10766,0.7315876,0.3423076923076923
10767,0.5413151,0.009523809523809525
10768,0.29334486,0.044715447154471545
10769,0.3300341,0.009345794392523364
10770,0.65707,0.0
10771,0.29947153,0.0
10772,0.82383376,0.0
10773,0.8086165,0.0
10774,0.32121903,0.0
10775,0.74389946,0.0
10776,0.21860528,0.0
10777,0.90412617,0.18181818181818182
10778,0.4507345,0.19051365628863662
10779,0.6336681,0.0
10780,0.33867767,0.01348747591522158
10781,0.77349335,0.03376857271499325
10782,0.21462834,0.0
10783,0.8474191,0.0
10784,0.31005982,0.019230769230769232
10785,0.8455526,0.04878048780487805
10786,0.5481249,0.0456140350877193
10787,0.89663607,0.0
10788,0.31020865,0.054970093990316146
10789,0.6082989,0.07519379844961241
10790,0.67799056,0.01818181818181818
10791,0.14766043,0.5572729781948661
10792,0.30664068,0.005479452054794521
10793,0.7767918,0.0
10794,0.8260063,0.0
10795,0.8919611,0.2781954887218045
10796,0.6883982,0.007692307692307693
10797,0.438721,0.0005104645227156713
10798,0.36733183,0.0
10799,0.8608233,0.0
10800,0.29722428,0.0
10801,0.8009434,0.0
10802,0.511785,0.0
10803,0.79435205,0.07692307692307693
10804,0.8378357,0.0
10805,0.77711946,0.0
10806,0.24694759,0.0
10807,0.9186162,0.37435897435897436
10808,0.3166299,0.0189873417721519
10809,0.2827647,0.0
10810,0.78930974,0.0981012658227848
10811,0.899454,0.0
10812,0.557623,0.006775067750677507
10813,0.345028,0.0
10814,0.44401395,0.0
10815,0.6518962,0.07356722997795738
10816,0.551875,0.07021276595744681
10817,0.54491687,0.0
10818,0.8365639,0.0
10819,0.18417738,0.35737586081913736
10820,0.13292482,0.07660239708181345
10821,0.82997686,0.11191335740072202
10822,0.893132,0.2179054054054054
10823,0.9325871,0.0
10824,0.21815862,0.007633587786259542
10825,0.8002905,0.0
10826,0.17235433,0.0
10827,0.802051,0.0
10828,0.20627005,0.0
10829,0.2119487,0.0
10830,0.33748192,0.0
10831,0.16909066,0.9840965176857691
10832,0.25189382,0.021058389169971284
10833,0.7479815,0.0
10834,0.207774,0.0
10835,0.84865326,0.13691275167785236
10836,0.90098655,0.11627906976744186
10837,0.8954474,0.25
10838,0.6375851,0.0
10839,0.90930516,0.1
10840,0.93095744,0.128
10841,0.86670357,0.0
10842,0.84198594,0.0
10843,0.73684835,0.0
10844,0.90617967,0.25
10845,0.92921805,0.0
10846,0.34878582,0.11089399120664387
10847,0.48003268,0.04878048780487805
10848,0.1754097,0.38721218236859006
10849,0.5783487,0.0
10850,0.7236042,0.13846153846153847
10851,0.9360569,0.30994897959183676
10852,0.4679361,0.0
10853,0.43578675,0.0
10854,0.2667457,0.0
10855,0.84638256,0.0
10856,0.42150757,0.0
10857,0.8547972,0.3333333333333333
10858,0.225254,0.016556291390728478
10859,0.9161853,0.21428571428571427
10860,0.52635956,0.002008032128514056
10861,0.791624,0.0
10862,0.4581177,0.33783783783783783
10863,0.8290487,0.0
10864,0.35587558,0.00015216068167985393
10865,0.5758585,0.0
10866,0.24403809,0.0
10867,0.9349096,0.0
10868,0.8311156,0.3076923076923077
10869,0.33826998,0.02127659574468085
10870,0.16416492,0.0
10871,0.87234056,0.1111111111111111
10872,0.75004965,0.0
10873,0.774384,0.14285714285714285
10874,0.36417237,0.00044072278536800354
10875,0.85846364,0.4210706932052162
10876,0.4200578,0.00314070351758794
10877,0.929682,0.18867924528301888
10878,0.4911225,0.1111111111111111
10879,0.5959972,0.0
10880,0.7727078,0.0196078431372549
10881,0.15965316,0.0
10882,0.721622,0.0
10883,0.2684866,0.08604802076573653
10884,0.8455996,0.0
10885,0.26716003,0.0
10886,0.3996494,0.12564599483204134
10887,0.91586536,0.125
10888,0.2977719,0.03550033281562014
10889,0.90540755,0.08333333333333333
10890,0.1619353,0.0
10891,0.26237726,0.031746031746031744
10892,0.3108207,0.055876685934489405
10893,0.87691784,0.06818181818181818
10894,0.9430193,0.2894736842105263
10895,0.6479445,0.25
10896,0.27530783,0.0827608244128455
10897,0.3948411,0.010752688172043012
10898,0.39530742,0.0
10899,0.9665034,0.34818941504178275
10900,0.53982854,0.0
10901,0.50318575,0.0
10902,0.49019593,0.1
10903,0.8096879,0.0
10904,0.7475126,0.0
10905,0.23976696,0.0
10906,0.91100866,0.0
10907,0.9514118,0.16326530612244897
10908,0.56392074,0.0
10909,0.27395678,0.08445338131019156
10910,0.75497985,0.058823529411764705
10911,0.9452475,0.21875
10912,0.1473887,0.0
10913,0.86089236,0.3333333333333333
10914,0.21286692,0.6254812098991751
10915,0.510385,0.0
10916,0.4922657,0.0
10917,0.2407101,0.0
10918,0.84311783,0.0
10919,0.36386842,0.07725321888412018
10920,0.2658802,0.0
10921,0.8244259,0.0
10922,0.18648882,0.0
10923,0.8566182,0.10344827586206896
10924,0.24390107,0.2318840579710145
10925,0.82291186,0.0
10926,0.42449588,0.49046932564472207
10927,0.1293401,0.00038248231019315357
10928,0.4529788,0.0
10929,0.23041186,0.0
10930,0.89587367,0.13513513513513514
10931,0.95275795,0.08823529411764706
10932,0.1746498,0.0
10933,0.88804775,0.02564102564102564
10934,0.8624679,0.0
10935,0.80682725,0.061855670103092786
10936,0.68863124,0.0
10937,0.33207956,0.049342105263157895
10938,0.7208165,0.09734513274336283
10939,0.864435,0.0
10940,0.53360265,0.0
10941,0.384679,0.05860349127182045
10942,0.88553166,0.0
10943,0.8907885,0.37998056365403304
10944,0.89312047,0.058823529411764705
10945,0.79295367,0.11764705882352941
10946,0.6495674,0.0
10947,0.42553818,0.0
10948,0.8913717,0.0
10949,0.24130094,0.0
10950,0.45531753,0.02127659574468085
10951,0.4135884,0.0
10952,0.5609035,0.0
10953,0.39618558,0.07407407407407407
10954,0.67052996,0.5
10955,0.47288972,0.0
10956,0.4290772,0.0
10957,0.31161994,0.0966699801192843
10958,0.5412865,0.012987012987012988
10959,0.33361515,0.0
10960,0.30164576,0.0
10961,0.85086393,0.0
10962,0.86899585,0.0
10963,0.6175733,0.0
10964,0.8450364,0.0
10965,0.9480158,0.2062374245472837
10966,0.54653114,0.0
10967,0.45440286,0.0
10968,0.5945597,0.0
10969,0.5320404,0.0
10970,0.8602038,0.0
10971,0.4735787,0.0
10972,0.8555787,0.0
10973,0.90047646,0.12322274881516587
10974,0.80541646,0.07936507936507936
10975,0.81649536,0.2857142857142857
10976,0.748739,0.0
10977,0.9255171,0.0
10978,0.22493058,0.008888888888888889
10979,0.83460045,0.0
10980,0.45122474,0.005434782608695652
10981,0.76456845,0.6666666666666666
10982,0.8891817,0.0
10983,0.7703832,0.14285714285714285
10984,0.2172148,0.0
10985,0.8903999,0.0
10986,0.33216536,0.01694915254237288
10987,0.8233046,0.058823529411764705
10988,0.8787505,0.1111111111111111
10989,0.92374545,0.20238095238095238
10990,0.689478,0.0
10991,0.19053122,0.0
10992,0.91949195,0.0
10993,0.7533938,0.0
10994,0.36384994,0.010638297872340425
10995,0.5665801,0.0
10996,0.31104136,0.020484171322160148
10997,0.3459923,0.014124293785310734
10998,0.19167651,0.0012342631449024932
10999,0.88818175,0.024390243902439025
11000,0.8442649,1.0
11001,0.7932702,0.1393939393939394
11002,0.3111523,0.09851301115241635
11003,0.93556166,0.0
11004,0.4753257,0.024
11005,0.43086454,0.07954545454545454
11006,0.20033829,0.0
11007,0.92132735,0.014925373134328358
11008,0.9513321,0.836196467457053
11009,0.23946562,0.03143548032534623
11010,0.8942403,0.08571428571428572
11011,0.29716024,0.0
11012,0.7358471,0.0
11013,0.18201634,0.006111332536203003
11014,0.38497448,0.0
11015,0.25177604,0.11293634496919917
11016,0.41693538,0.0
11017,0.89159334,0.175
11018,0.8746764,0.2893095768374165
11019,0.83233297,0.0
11020,0.7856537,0.0
11021,0.76291704,0.0
11022,0.28741705,0.0
11023,0.7152036,0.0
11024,0.7125704,0.0
11025,0.7679982,0.5
11026,0.45398065,0.02553191489361702
11027,0.5474187,0.07955899880810488
11028,0.43318364,0.043478260869565216
11029,0.81561524,0.0
11030,0.6329408,0.03375527426160337
11031,0.13085303,0.050269838097141716
11032,0.352567,0.2895357985837923
11033,0.8348065,0.15
11034,0.87563396,0.08695652173913043
11035,0.62989074,0.0
11036,0.93124986,0.0
11037,0.79220486,0.2403560830860534
11038,0.36974844,0.09299655568312284
11039,0.8484334,0.07142857142857142
11040,0.32202995,0.0
11041,0.8223142,0.0
11042,0.3054991,0.0
11043,0.7054771,0.0
11044,0.7358626,0.0
11045,0.6846857,0.015384615384615385
11046,0.7959514,0.011764705882352941
11047,0.26790592,0.06879073135409124
11048,0.26336086,0.0
11049,0.865455,0.0
11050,0.90313953,0.06666666666666667
11051,0.8473856,0.0
11052,0.42807126,0.0
11053,0.7690192,0.000946073793755913
11054,0.15638776,0.006993006993006993
11055,0.7861032,0.4375
11056,0.87282383,0.0
11057,0.9175496,0.0
11058,0.17712252,0.0
11059,0.38446546,0.0
11060,0.89251834,0.5
11061,0.8481113,0.0
11062,0.52360713,0.0
11063,0.46285346,0.001584786053882726
11064,0.6706642,0.0
11065,0.74151987,0.0
11066,0.7826282,0.0
11067,0.2559282,0.0
11068,0.82234234,0.043859649122807015
11069,0.45790756,0.005714285714285714
11070,0.76548755,0.0
11071,0.79036707,0.16666666666666666
11072,0.8768471,0.5
11073,0.67534256,0.14130434782608695
11074,0.588218,0.0
11075,0.513084,0.06652360515021459
11076,0.88415307,0.0958904109589041
11077,0.13689733,0.7111691217602089
11078,0.58980834,0.10810810810810811
11079,0.59312487,0.0
11080,0.49807522,0.010725552050473186
11081,0.94179964,0.19072164948453607
11082,0.821083,0.0
11083,0.26232308,0.0
11084,0.8840082,0.06666666666666667
11085,0.5181945,0.026
11086,0.19271004,0.0
11087,0.3860855,0.0
11088,0.5630524,0.0
11089,0.48524812,0.0
11090,0.48216927,0.5348693684427073
11091,0.58906025,0.00048723445722081467
11092,0.7082949,0.37142857142857144
11093,0.7817678,0.0
11094,0.86499655,0.0
11095,0.8277554,0.1388888888888889
11096,0.2567115,0.0
11097,0.7985863,0.10344827586206896
11098,0.85841256,0.0
11099,0.5517445,0.0625
11100,0.27185667,0.0
11101,0.84626126,0.23453237410071942
11102,0.41826046,0.0
11103,0.59970486,0.0
11104,0.81590605,0.0
11105,0.40421805,0.0
11106,0.35454497,0.0
11107,0.40240875,0.0
11108,0.7407788,0.0
11109,0.47198746,0.0
11110,0.89924985,0.03571428571428571
11111,0.82038075,0.0
11112,0.9048186,0.0
11113,0.3021612,0.0
11114,0.35425115,0.0
11115,0.868421,0.0
11116,0.51627517,0.052083333333333336
11117,0.434091,0.011160714285714286
11118,0.20670281,0.13506588579795023
11119,0.7797423,0.08208955223880597
11120,0.8359521,0.0
11121,0.20608306,0.0030211480362537764
11122,0.8784215,0.0
11123,0.20505852,0.0
11124,0.88106215,0.0
11125,0.65142936,0.0
11126,0.23692684,0.0
11127,0.6653845,0.0
11128,0.8976944,0.0
11129,0.39636353,0.0
11130,0.22972973,0.05091975473207145
11131,0.75957066,0.0
11132,0.77792203,0.06666666666666667
11133,0.45064208,0.0
11134,0.6305812,0.0875
11135,0.8714857,0.0
11136,0.5597196,0.0
11137,0.5195853,0.0
11138,0.8677448,0.2
11139,0.6170767,0.05555555555555555
11140,0.5375874,0.0
11141,0.2841053,0.0012836970474967907
11142,0.4445658,0.002883625128733265
11143,0.7888767,0.08620689655172414
11144,0.2601666,0.048206071757129716
11145,0.19307116,0.0
11146,0.8969299,0.0
11147,0.35731468,0.007737308926212493
11148,0.8865942,0.0
11149,0.37325528,0.0
11150,0.21164428,0.15207373271889402
11151,0.3482168,0.0
11152,0.2892255,0.19352159468438537
11153,0.6692201,0.0
11154,0.18799357,0.02830188679245283
11155,0.92800176,0.0
11156,0.81886506,0.0
11157,0.7803325,0.02197802197802198
11158,0.71474475,0.0
11159,0.20719077,0.0
11160,0.4298671,0.08333333333333333
11161,0.66789883,0.0
11162,0.79067296,0.0
11163,0.9063174,0.2832832832832833
11164,0.13791727,0.0
11165,0.60873485,0.0
11166,0.18916193,0.0004360148245040331
11167,0.34720686,0.1111111111111111
11168,0.6668561,0.0
11169,0.20846374,0.20365168539325842
11170,0.92053646,0.05555555555555555
11171,0.5691446,0.0
11172,0.8861506,0.0
11173,0.18752386,0.0
11174,0.7372337,0.0
11175,0.44172806,0.0
11176,0.6922387,0.009615384615384616
11177,0.8657872,0.3333333333333333
11178,0.51430154,0.12465940054495912
11179,0.6653386,0.0
11180,0.80717355,0.0
11181,0.7555723,0.0
11182,0.5102945,0.023634881825590873
11183,0.36470804,0.0
11184,0.8352731,0.07142857142857142
11185,0.872374,0.16666666666666666
11186,0.9025681,0.3333333333333333
11187,0.81454843,0.23076923076923078
11188,0.49995878,0.0
11189,0.7266863,0.0
11190,0.87810844,0.27614571092831963
11191,0.70418394,0.0
11192,0.88121724,0.0
11193,0.62945145,0.125
11194,0.61520964,0.0
11195,0.34628484,0.02617801047120419
11196,0.4324369,0.0
11197,0.2855806,0.0
11198,0.908909,0.3076923076923077
11199,0.5505255,0.0
11200,0.54157716,0.09071274298056156
11201,0.55058175,0.0
11202,0.5401302,0.0003948927208108464
11203,0.22821152,0.0
11204,0.89878714,0.0
11205,0.7269161,0.0
11206,0.863936,0.0
11207,0.555527,0.0
11208,0.8159184,0.0
11209,0.7167422,0.0
11210,0.9366646,0.09714285714285714
11211,0.6776142,0.0
11212,0.7444319,0.0
11213,0.455759,0.11666666666666667
11214,0.17853422,0.0
11215,0.3213593,0.0
11216,0.49986404,0.0
11217,0.3233158,0.0
11218,0.9432402,0.26405175899716943
11219,0.7956249,0.13725490196078433
11220,0.46590143,0.0
11221,0.55175173,0.0
11222,0.36034676,0.014925373134328358
11223,0.8121616,0.16666666666666666
11224,0.35666013,0.6439670932358318
11225,0.4205391,0.0
11226,0.27234817,0.00026102845210127906
11227,0.88370854,0.058823529411764705
11228,0.46171793,0.04838709677419355
11229,0.52449363,0.0
11230,0.35536766,0.0
11231,0.31348708,0.0
11232,0.50715095,0.0
11233,0.7835209,0.0
11234,0.5768157,0.0
11235,0.34697366,0.13513513513513514
11236,0.8561454,0.014492753623188406
11237,0.25589243,0.0019422189851905803
11238,0.69674975,0.0
11239,0.26423937,0.004321301474326385
11240,0.76095563,0.0
11241,0.91357327,0.0
11242,0.28872287,0.4674233825198638
11243,0.8263981,0.0
11244,0.33011386,0.0
11245,0.5825315,0.0
11246,0.44900215,0.0
11247,0.28165522,0.0
11248,0.7399826,0.19790888722927558
11249,0.33394727,0.0
11250,0.9105665,0.0
11251,0.30223152,0.0
11252,0.3634006,0.8510657762327326
11253,0.40392378,0.0
11254,0.6491896,0.06349206349206349
11255,0.20088395,0.0
11256,0.22045965,0.0
11257,0.8417608,0.0
11258,0.23636636,0.0
11259,0.7330012,0.0
11260,0.8375984,0.09523809523809523
11261,0.1554303,0.007880220646178092
11262,0.79021555,0.6666666666666666
11263,0.905779,0.08333333333333333
11264,0.83791274,0.16666666666666666
11265,0.88259685,0.4
11266,0.94616544,0.12048192771084337
11267,0.74219733,0.0
11268,0.2245811,0.0014936519790888724
11269,0.7968252,0.16666666666666666
11270,0.35760552,0.0
11271,0.31559935,0.0
11272,0.18957669,0.011235955056179775
11273,0.53290164,0.0
11274,0.4177004,0.0
11275,0.17963192,0.4654487688641779
11276,0.47133976,0.17753424657534247
11277,0.86024874,0.02127659574468085
11278,0.5733362,0.045454545454545456
11279,0.8708693,0.0
11280,0.7690131,0.0
11281,0.45818684,0.03636363636363636
11282,0.22098276,0.014414414414414415
11283,0.7699937,0.029197080291970802
11284,0.38155097,0.0
11285,0.17250624,0.000523149359142035
11286,0.860785,0.0
11287,0.8118874,0.1643835616438356
11288,0.5735175,0.6262450881842273
11289,0.2539772,0.001984126984126984
11290,0.6726845,0.0
11291,0.29249918,0.0
11292,0.27400097,0.0
11293,0.64882505,0.0
11294,0.63352054,0.07592293821770903
11295,0.7574926,0.0875
11296,0.5987894,0.6029132362254591
11297,0.56316525,0.0
11298,0.35734165,0.0
11299,0.80724305,0.0
11300,0.17954454,0.0
11301,0.17642517,0.0
11302,0.2996626,0.0948757906315886
11303,0.33989337,0.023205221174764323
11304,0.20137498,0.0
11305,0.27669066,0.13894736842105262
11306,0.8106724,0.25
11307,0.9417678,0.36829558998808104
11308,0.34589297,0.0
11309,0.5792923,0.0
11310,0.4583825,0.0
11311,0.40377676,0.07198463249418663
11312,0.30192205,0.03215434083601286
11313,0.58154595,0.0
11314,0.8866771,0.06666666666666667
11315,0.59274423,0.0
11316,0.6309839,0.0
11317,0.2529272,0.3333333333333333
11318,0.8949046,0.0
11319,0.87841874,0.1
11320,0.8846258,0.0
11321,0.36430958,0.06666666666666667
11322,0.45927736,0.2396694214876033
11323,0.637712,0.0
11324,0.83968335,0.01639344262295082
11325,0.80723476,0.2
11326,0.79379624,0.0
11327,0.21394208,0.14760746147607462
11328,0.8267535,0.0
11329,0.29370436,0.0
11330,0.3226006,0.004784688995215311
11331,0.94850993,0.32666666666666666
11332,0.9546338,0.07142857142857142
11333,0.58736765,0.0
11334,0.3421347,0.0
11335,0.3245906,0.0
11336,0.74456793,0.0
11337,0.33817428,0.0
11338,0.83222544,0.0
11339,0.69262373,0.1820408163265306
11340,0.892118,0.2
11341,0.42091596,0.005702198105398694
11342,0.8189987,0.0
11343,0.3872397,0.18134387351778655
11344,0.8507977,0.015151515151515152
11345,0.781576,0.05
11346,0.79761255,0.0
11347,0.6986877,0.0
11348,0.68683326,0.0
11349,0.23686399,0.0
11350,0.82279015,0.0
11351,0.8042158,0.0
11352,0.36167407,0.0
11353,0.18334314,0.0
11354,0.21658868,0.0
11355,0.5551765,0.26830985915492955
11356,0.4332344,0.0
11357,0.5895768,0.0
11358,0.35409704,0.15454545454545454
11359,0.86902815,0.11053315994798439
11360,0.7240712,0.0
11361,0.7220829,0.09090909090909091
11362,0.26957366,0.0
11363,0.9265266,0.0
11364,0.74503136,0.0
11365,0.38953322,0.0625
11366,0.560833,0.008020891624696885
11367,0.3325945,0.04120603015075377
11368,0.6879074,0.0
11369,0.6332193,0.0
11370,0.7720713,0.05102040816326531
11371,0.62828743,0.0
11372,0.26776147,0.013539651837524178
11373,0.5910963,0.0
11374,0.66335994,0.0
11375,0.55713904,0.00041322314049586776
11376,0.71787727,0.0
11377,0.21712093,0.09907989228007182
11378,0.80842024,0.0
11379,0.37915364,0.10256410256410256
11380,0.32987997,0.0038684719535783366
11381,0.52627033,0.05531914893617021
11382,0.19764513,0.5049837486457205
11383,0.19191329,0.0
11384,0.29918113,0.005714285714285714
11385,0.5143676,0.0627177700348432
11386,0.43113908,0.0
11387,0.7038828,0.0
11388,0.5437918,0.004807692307692308
11389,0.8004921,0.0
11390,0.42779845,0.0
11391,0.8837868,0.0
11392,0.8119315,0.043478260869565216
11393,0.40746894,0.0
11394,0.36269525,0.009701492537313432
11395,0.39028302,0.07323763372039864
11396,0.2799125,0.012900355871886121
11397,0.39561543,0.0
11398,0.7850546,0.0
11399,0.8617196,0.18253968253968253
11400,0.7259556,0.0
11401,0.24457327,0.0
11402,0.6979409,0.0
11403,0.8882151,0.0
11404,0.50713646,0.0
11405,0.231872,0.0
11406,0.83828104,0.0
11407,0.26027974,0.0
11408,0.90504766,0.0
11409,0.2758896,0.05
11410,0.705944,0.009523809523809525
11411,0.7166429,0.14386792452830188
11412,0.35211948,0.0
11413,0.22499037,0.00038087983241287375
11414,0.7684196,0.0
11415,0.50432247,0.0
11416,0.8647007,0.0
11417,0.5164104,0.0
11418,0.9316244,0.05128205128205128
11419,0.6698479,0.0
11420,0.33496487,0.021015761821366025
11421,0.32934442,0.10344827586206896
11422,0.19772324,0.0
11423,0.30622402,0.03458257160268129
11424,0.31117222,0.0
11425,0.5054485,0.0
11426,0.17692883,0.0
11427,0.15033305,0.0
11428,0.3125807,0.0
11429,0.41577917,0.021739130434782608
11430,0.90181744,0.05263157894736842
11431,0.9054583,0.08849557522123894
11432,0.80963945,0.3333333333333333
11433,0.35984334,0.1836734693877551
11434,0.23449081,0.02926829268292683
11435,0.2648261,0.0
11436,0.123336755,0.0
11437,0.76457465,0.5
11438,0.6057506,0.058823529411764705
11439,0.8944327,0.0
11440,0.5621369,0.0
11441,0.8223919,0.0
11442,0.20833719,0.0
11443,0.4118872,0.03225806451612903
11444,0.43668216,0.0
11445,0.2950151,0.14850686037126715
11446,0.6373732,0.0
11447,0.30847332,0.3564579808234631
11448,0.8369033,0.07407407407407407
11449,0.30056983,0.0
11450,0.56897014,0.0
11451,0.6889144,0.2033898305084746
11452,0.22913939,0.01598173515981735
11453,0.5436895,0.07323093801426221
11454,0.919539,0.10869565217391304
11455,0.5836638,0.006993006993006993
11456,0.33921772,0.0
11457,0.15238334,0.6971617525489116
11458,0.23413298,0.0
11459,0.8512923,0.2196652719665272
11460,0.36830202,0.015164279696714406
11461,0.8893293,0.16666666666666666
11462,0.827796,1.0
11463,0.64163685,0.0
11464,0.46911088,0.0
11465,0.6899738,0.05172413793103448
11466,0.5367609,0.07409805735430157
11467,0.41178426,0.2548441449031171
11468,0.11550826,0.040206777713957496
11469,0.38325256,0.0
11470,0.24649681,0.0
11471,0.5329118,0.125
11472,0.8678581,0.16
11473,0.4342854,0.0
11474,0.8215896,0.0
11475,0.13950181,0.0
11476,0.73776436,0.0
11477,0.5176214,0.07315957933241884
11478,0.22753373,0.05504587155963303
11479,0.41392058,0.0
11480,0.9004145,0.0
11481,0.7570035,0.25
11482,0.4330496,0.13726415094339622
11483,0.7600885,0.0
11484,0.21388018,0.016666666666666666
11485,0.7019255,0.0
11486,0.40603733,0.031297709923664124
11487,0.43104202,0.0
11488,0.85107356,0.026415094339622643
11489,0.87311417,0.0
11490,0.42179936,0.0
11491,0.6175745,0.0733852496564361
11492,0.12444155,0.0
11493,0.5323638,0.08374384236453201
11494,0.85767245,0.5
11495,0.73742014,0.0
11496,0.91926557,0.434939216569113
11497,0.80565727,0.0
11498,0.90029067,0.043478260869565216
11499,0.9007888,0.3333333333333333
11500,0.7171151,0.0
11501,0.30890992,0.0
11502,0.28465083,0.0
11503,0.3838393,0.34165775920707414
11504,0.67939067,0.0
11505,0.26630962,0.0
11506,0.5630898,0.0
11507,0.51129335,0.07319747783971489
11508,0.74147296,0.0
11509,0.18301393,0.0
11510,0.82213825,0.0
11511,0.21787946,0.0
11512,0.8980208,0.2841034103410341
11513,0.76757336,0.0759493670886076
11514,0.8846814,0.0
11515,0.9260675,0.0
11516,0.20786673,0.0019517388218594747
11517,0.3719078,0.0
11518,0.51547545,0.0
11519,0.8686964,0.0380952380952381
11520,0.5424234,0.26410835214446954
11521,0.37912616,0.07372974963181149
11522,0.5330494,0.00028328611898016995
11523,0.5702467,0.5
11524,0.92836463,0.0
11525,0.42019564,0.06060606060606061
11526,0.7406249,0.0
11527,0.2647515,0.0
11528,0.62748563,0.0
11529,0.4499284,0.4885752688172043
11530,0.7060667,0.05128205128205128
11531,0.92224175,1.0
11532,0.8248179,0.013513513513513514
11533,0.18051073,0.0
11534,0.5517983,0.0
11535,0.7485106,0.0
11536,0.6620887,0.0
11537,0.92090464,0.0
11538,0.54975253,0.0
11539,0.7875843,0.06851851851851852
11540,0.15009709,0.0076886112445939455
11541,0.41606036,0.0
11542,0.24120203,0.0
11543,0.72998416,0.0
11544,0.7840208,0.0
11545,0.58328843,9.143275121148396e-05
11546,0.2926509,0.010309278350515464
11547,0.36805794,0.0
11548,0.46018913,0.0
11549,0.3557954,0.0
11550,0.86813474,0.03636363636363636
11551,0.8512454,0.0
11552,0.2738561,0.037037037037037035
11553,0.6962248,0.0
11554,0.602584,0.0
11555,0.7640233,0.19047619047619047
11556,0.24736536,0.005161290322580645
11557,0.8399133,0.0
11558,0.33575088,0.1838768115942029
11559,0.27869698,0.10364410790345481
11560,0.21844831,0.0
11561,0.19954139,0.30566486684359845
11562,0.7653194,0.22807017543859648
11563,0.7298358,0.0
11564,0.38404843,0.08812546676624347
11565,0.88575494,0.0
11566,0.22650355,0.14703389830508476
11567,0.7240696,0.0
11568,0.35022876,0.4400862914296921
11569,0.20686355,0.0
11570,0.4329184,0.0
11571,0.26129454,0.0
11572,0.8665721,0.045454545454545456
11573,0.40316555,0.12352941176470589
11574,0.25216094,0.017241379310344827
11575,0.8601334,0.42857142857142855
11576,0.22571634,0.0
11577,0.8337419,0.0
11578,0.32262683,0.06666666666666667
11579,0.35288507,0.0016366612111292963
11580,0.8379997,0.03571428571428571
11581,0.85392356,0.18181818181818182
11582,0.87998873,0.0
11583,0.21404083,0.0
11584,0.51693356,0.0
11585,0.83104783,0.15625
11586,0.24098402,0.0
11587,0.76946115,1.0
11588,0.5153239,0.006944444444444444
11589,0.8048341,0.0
11590,0.2426469,0.004132231404958678
11591,0.67612714,0.0
11592,0.55415183,0.0
11593,0.9219666,0.0
11594,0.6162528,0.0
11595,0.6127691,0.0
11596,0.43299958,0.0
11597,0.32251152,0.019417475728155338
11598,0.8350481,0.0
11599,0.20390707,0.03333333333333333
11600,0.23456341,0.27873799725651577
11601,0.58166605,0.03571428571428571
11602,0.56530493,0.01179245283018868
11603,0.32185984,0.10526315789473684
11604,0.4878728,0.15384615384615385
11605,0.23322263,0.0
11606,0.5767751,0.0
11607,0.5538364,0.0
11608,0.5100111,0.04424778761061947
11609,0.89134353,0.1111111111111111
11610,0.872062,0.0
11611,0.24262929,0.0
11612,0.865031,0.2777777777777778
11613,0.44973,0.02247191011235955
11614,0.8159121,0.0
11615,0.88025975,0.0
11616,0.5376774,0.0
11617,0.51357603,0.0
11618,0.53962487,0.0
11619,0.8264424,0.0
11620,0.8728694,0.0
11621,0.8206857,0.08108108108108109
11622,0.8507721,0.0
11623,0.26012465,0.0
11624,0.3097725,0.0
11625,0.205763,0.0
11626,0.5762772,0.0
11627,0.740722,0.0
11628,0.39105442,0.0
11629,0.21232122,0.0
11630,0.4409163,0.0
11631,0.8917081,0.0
11632,0.893809,0.14285714285714285
11633,0.47620136,0.00045969966288691386
11634,0.32154235,0.0
11635,0.4019476,0.06593406593406594
11636,0.30027217,0.0
11637,0.53840256,0.0
11638,0.11011786,0.09204262072092496
11639,0.73519915,0.046153846153846156
11640,0.32296085,0.012987012987012988
11641,0.5783998,0.15822784810126583
11642,0.69474834,0.03125
11643,0.3504946,0.9852766346593507
11644,0.256459,0.0
11645,0.29767373,0.0
11646,0.6896675,0.0
11647,0.82497245,0.0
11648,0.4364517,0.0
11649,0.873819,0.0
11650,0.46168473,9.152480322167308e-05
11651,0.85940236,0.4484777517564403
11652,0.85118806,0.026737967914438502
11653,0.22323176,0.0
11654,0.8722737,0.17073170731707318
11655,0.81774795,0.0
11656,0.5865725,0.04597701149425287
11657,0.693209,0.0
11658,0.28811723,0.01652892561983471
11659,0.6377917,0.0
11660,0.78118044,0.0
11661,0.49489486,0.0
11662,0.8107781,0.11764705882352941
11663,0.29661685,0.018867924528301886
11664,0.59898496,0.021897810218978103
11665,0.4172771,0.019417475728155338
11666,0.32593757,0.001999250281144571
11667,0.16733734,0.0
11668,0.8518107,0.0
11669,0.7463019,0.0
11670,0.35163724,0.002386634844868735
11671,0.9394646,0.144
11672,0.36519253,0.9900855011824632
11673,0.6908442,0.0
11674,0.41990712,1.0
11675,0.84506,0.0
11676,0.7707491,0.0
11677,0.81838113,0.08333333333333333
11678,0.34276024,0.0
11679,0.4092099,0.0125
11680,0.16657391,0.4913194444444444
11681,0.8783849,0.0
11682,0.59639734,0.0
11683,0.92619854,0.02608695652173913
11684,0.7934967,0.0
11685,0.29464746,0.0
11686,0.42182645,0.021739130434782608
11687,0.6012254,0.0
11688,0.5960818,0.043478260869565216
11689,0.45098823,0.08755760368663594
11690,0.896548,0.017241379310344827
11691,0.80813754,0.05
11692,0.80545866,0.0
11693,0.83361346,0.0
11694,0.23121238,0.0
11695,0.27013794,0.0
11696,0.7949563,0.0
11697,0.59332216,0.0
11698,0.6961942,0.0
11699,0.5654066,0.0
11700,0.9209662,0.0
11701,0.87148297,0.0
11702,0.8584397,0.11940298507462686
11703,0.399898,0.07403936269915651
11704,0.5648471,0.0
11705,0.84774905,0.0
11706,0.3039482,0.045454545454545456
11707,0.33879918,0.0
11708,0.34662586,0.0
11709,0.9182877,0.0
11710,0.6993842,0.0
11711,0.22628124,0.6398481287289821
11712,0.32049254,0.0
11713,0.23022966,0.021739130434782608
11714,0.9680648,0.3925318761384335
11715,0.26439062,0.0
11716,0.33182788,0.0
11717,0.6908784,0.0
11718,0.89450794,0.0
11719,0.79309934,0.0
11720,0.46244365,0.0
11721,0.7045413,0.0
11722,0.9016983,0.11508951406649616
11723,0.6928952,0.0
11724,0.3238962,0.0
11725,0.8371386,0.24324324324324326
11726,0.12702131,0.0
11727,0.7463422,0.0
11728,0.21114168,0.009324009324009324
11729,0.61057293,0.0
11730,0.17279407,0.0
11731,0.32819661,0.0014699127239320166
11732,0.22587974,0.0
11733,0.2193389,0.00018234865061998541
11734,0.560436,0.0
11735,0.7405173,0.0
11736,0.51727015,0.0
11737,0.93237805,0.27848101265822783
11738,0.82813036,0.0
11739,0.8693187,0.058823529411764705
11740,0.87568295,0.109375
11741,0.27399504,0.0
11742,0.8095928,0.0
11743,0.80639845,0.030303030303030304
11744,0.25966772,0.0
11745,0.5399881,0.06428673019485137
11746,0.66871613,0.05721518987341772
11747,0.8944422,0.2257495590828924
11748,0.82819855,0.19412724306688417
11749,0.82415706,0.0
11750,0.48426706,0.41703216374269003
11751,0.71300966,0.0
11752,0.18037549,0.001465067301529164
11753,0.80560607,0.0
11754,0.17948128,0.33982090643274854
11755,0.32605365,0.0
11756,0.6245606,0.0
11757,0.8824406,0.0
11758,0.8968308,0.045454545454545456
11759,0.8777813,0.0
11760,0.4298467,0.0
11761,0.24152738,0.0
11762,0.28323457,0.0008805400645729381
11763,0.6847585,0.0
11764,0.8683252,0.0
11765,0.5050528,9.138261902586128e-05
11766,0.58748096,0.0
11767,0.8284695,0.5
11768,0.32649636,0.003089887640449438
11769,0.85474956,0.0
11770,0.33229396,0.0
11771,0.5275575,0.029411764705882353
11772,0.37792566,0.6323099415204678
11773,0.8983896,0.18110236220472442
11774,0.1606452,0.02662098049551924
11775,0.7762472,0.0
11776,0.48796144,0.0
11777,0.46308658,0.12472160356347439
11778,0.8994265,0.0
11779,0.28645545,0.0
11780,0.54032,0.0
11781,0.6696841,0.0
11782,0.47163644,0.03146853146853147
11783,0.6290093,0.006578947368421052
11784,0.2164954,0.0
11785,0.26172897,0.0
11786,0.6617393,0.0
11787,0.6770484,0.038506417736289385
11788,0.41355765,0.0
11789,0.86231005,0.0
11790,0.27880627,0.0
11791,0.309752,0.01875
11792,0.8681207,0.037037037037037035
11793,0.3102255,0.0
11794,0.35972172,0.0
11795,0.4816824,0.0
11796,0.5416209,0.0
11797,0.9004573,0.0
11798,0.3193015,0.6540529363110008
11799,0.71450454,0.020833333333333332
11800,0.8475415,0.23699421965317918
11801,0.3543715,0.9554302346734582
11802,0.29899088,0.03368825274917089
11803,0.30579355,0.0
11804,0.8125266,0.0
11805,0.44517642,0.0
11806,0.47837108,0.036036036036036036
11807,0.24170241,0.0
11808,0.51495796,0.0
11809,0.80146825,0.0
11810,0.23656473,0.0
11811,0.81139225,0.0
11812,0.8536464,0.0
11813,0.22855787,0.0
11814,0.7157764,0.029377545084351368
11815,0.32440192,0.0
11816,0.14508979,0.3600647439670394
11817,0.490755,0.018518518518518517
11818,0.93489134,0.11690294438386041
11819,0.44991717,0.0
11820,0.5590205,0.0
11821,0.32006422,0.0
11822,0.19278474,0.008968609865470852
11823,0.85562414,0.11904761904761904
11824,0.88160235,0.0
11825,0.89260024,0.0
11826,0.8939574,0.0
11827,0.71436757,0.0
11828,0.7262059,0.0
11829,0.7648125,0.0
11830,0.4240285,0.0
11831,0.8828244,0.0
11832,0.41291183,0.0
11833,0.31097305,0.0
11834,0.24859601,0.0
11835,0.5798101,0.0
11836,0.4877694,0.0
11837,0.70779043,0.0
11838,0.7889185,0.0
11839,0.36203033,0.0
11840,0.6075125,0.42152996845425866
11841,0.9041931,0.0
11842,0.17528939,0.0024506049931076732
11843,0.70174,0.0
11844,0.7691061,0.0
11845,0.8964977,0.2235294117647059
11846,0.4600547,0.0
11847,0.8704003,0.07142857142857142
11848,0.23468882,0.07708405999302406
11849,0.3330621,0.0
11850,0.89215523,0.047619047619047616
11851,0.8787304,0.16417910447761194
11852,0.5896649,0.013888888888888888
11853,0.29179752,0.0
11854,0.2223885,0.041666666666666664
11855,0.45644188,0.07729018740542429
11856,0.68371105,0.1111111111111111
11857,0.22173478,0.0
11858,0.21334994,0.0
11859,0.7752869,0.0
11860,0.8651828,0.0
11861,0.7213205,0.12111801242236025
11862,0.8599879,0.061224489795918366
11863,0.21312246,0.0028089887640449437
11864,0.19686387,0.0
11865,0.78025836,0.0
11866,0.27319282,0.023668639053254437
11867,0.29971054,0.0
11868,0.24956053,0.0
11869,0.80430245,0.08823529411764706
11870,0.8979229,0.13636363636363635
11871,0.336838,0.061946902654867256
11872,0.4931475,0.07382925239735592
11873,0.8412768,0.0
11874,0.8112508,0.0
11875,0.8442342,0.14285714285714285
11876,0.88778657,0.0
11877,0.29535672,0.0
11878,0.64298123,0.0034797738147020443
11879,0.9004204,0.0
11880,0.83837694,0.05555555555555555
11881,0.466453,0.0078125
11882,0.5012867,0.005574912891986063
11883,0.837815,0.22043010752688172
11884,0.6264564,0.0
11885,0.2306273,0.0
11886,0.8858143,0.0
11887,0.92580754,0.1263782866836302
11888,0.9150653,0.0
11889,0.18873964,0.0
11890,0.20419903,0.45403034180222995
11891,0.8754323,0.0
11892,0.7618372,0.0
11893,0.9488776,0.11693548387096774
11894,0.91636646,0.15384615384615385
11895,0.2883762,0.0
11896,0.19784278,0.0
11897,0.47892374,0.23076923076923078
11898,0.49948403,0.0
11899,0.5851383,0.0
11900,0.69072974,0.10270270270270271
11901,0.44080785,0.0014623891783200804
11902,0.19209646,0.0
11903,0.5855507,0.0
11904,0.8650194,0.02631578947368421
11905,0.91910803,0.23243243243243245
11906,0.34961924,0.0
11907,0.661074,0.0
11908,0.6296639,0.0
11909,0.78545654,0.15060240963855423
11910,0.19392028,0.0014611338398597311
11911,0.8270791,0.12
11912,0.69404167,0.0
11913,0.21380794,0.0
11914,0.89630425,0.04608294930875576
11915,0.32362542,0.12698412698412698
11916,0.27965054,0.006546644844517185
11917,0.7939768,0.0
11918,0.38160053,0.030303030303030304
11919,0.17989127,0.6936351827797365
11920,0.821137,0.10714285714285714
11921,0.6408533,0.08909905425584869
11922,0.627806,0.030303030303030304
11923,0.5822729,0.0
11924,0.78257877,0.0
11925,0.3078406,0.023323615160349854
11926,0.17573977,0.057926829268292686
11927,0.35250217,0.0
11928,0.8616324,0.16666666666666666
11929,0.52308017,0.07280927835051547
11930,0.54331946,0.1848101265822785
11931,0.4008403,0.05263157894736842
11932,0.7424726,0.0
11933,0.8841034,0.0
11934,0.31042728,0.0
11935,0.24636713,0.0
11936,0.89588207,0.0
11937,0.7739748,0.0
11938,0.73479885,0.0
11939,0.8343818,0.06666666666666667
11940,0.556711,0.0
11941,0.79932016,0.04411764705882353
11942,0.84178185,0.1
11943,0.31329396,0.0
11944,0.94872,0.3684210526315789
11945,0.43593073,0.0
11946,0.42016646,0.0
11947,0.9406163,0.4405829596412556
11948,0.5057911,0.0
11949,0.38621885,0.07936507936507936
11950,0.21817145,0.0
11951,0.8916735,0.0
11952,0.7047633,0.0
11953,0.46931267,0.9972587719298246
11954,0.67324954,0.13821138211382114
11955,0.38712895,0.1438497448702638
11956,0.62343335,0.0
11957,0.12693833,0.0
11958,0.5043694,0.06942003514938488
11959,0.551549,0.08333333333333333
11960,0.21740751,0.0
11961,0.8963406,0.2653846153846154
11962,0.5842057,0.0
11963,0.22082351,0.0
11964,0.94870776,0.29941860465116277
11965,0.8918621,0.10526315789473684
11966,0.20353165,0.0
11967,0.36349145,0.015723270440251572
11968,0.9018062,0.0
11969,0.20852265,0.0
11970,0.8633265,0.0
11971,0.29783848,0.0
11972,0.81286395,0.0
11973,0.30579558,0.3361788617886179
11974,0.9336715,0.0
11975,0.8225271,0.0
11976,0.31528613,0.04132231404958678
11977,0.7561653,0.0
11978,0.24719015,0.0
11979,0.18511438,0.0
11980,0.8124028,0.06666666666666667
11981,0.6076699,0.0009237875288683603
11982,0.8654623,0.0
11983,0.5954121,0.0
11984,0.41716743,0.9966191520467836
11985,0.8262153,0.0
11986,0.4869814,0.0
11987,0.8206302,0.0
11988,0.77774507,0.0
11989,0.3200329,0.0
11990,0.4118025,0.04375
11991,0.5305515,0.0
11992,0.17134197,0.0
11993,0.700907,0.0
11994,0.1918288,0.0
11995,0.79869664,0.0449438202247191
11996,0.48665273,0.0
11997,0.75804013,0.0014577259475218659
11998,0.42919782,0.0
11999,0.39237663,0.13141780499293454
12000,0.5191752,0.0
12001,0.25650316,0.005221932114882507
12002,0.38831848,0.2292907721703945
12003,0.18753359,0.0016750418760469012
12004,0.92033863,0.0
12005,0.85888034,0.16756756756756758
12006,0.94099444,0.19230769230769232
12007,0.7449971,0.0
12008,0.24299245,0.05
12009,0.51308256,0.0
12010,0.78727573,0.0
12011,0.34808964,0.011380057803468208
12012,0.33057836,0.0
12013,0.36644867,0.0
12014,0.44365945,0.025116467490378772
12015,0.22516868,0.46369606003752345
12016,0.19425932,0.0625
12017,0.1929462,0.0
12018,0.59747237,0.0
12019,0.17823303,0.01722258556790931
12020,0.48416743,0.0
12021,0.8937105,0.4
12022,0.5547173,0.0
12023,0.3649475,0.0
12024,0.79724145,0.22638680659670166
12025,0.31247097,0.44567627494456763
12026,0.2748355,0.0
12027,0.2946999,0.0
12028,0.6081672,0.0726691042047532
12029,0.73812073,0.16666666666666666
12030,0.9213269,0.07746478873239436
12031,0.84979236,0.0
12032,0.17458123,0.0
12033,0.7939232,0.0
12034,0.6917665,0.08333333333333333
12035,0.55295277,0.0
12036,0.6880927,0.0
12037,0.84390783,0.0
12038,0.7941092,0.0
12039,0.7516099,0.0
12040,0.91040665,0.0
12041,0.30585927,0.0
12042,0.504473,0.028347996089931573
12043,0.8136166,0.045871559633027525
12044,0.885467,0.0
12045,0.6821164,0.0
12046,0.825055,0.07961504811898512
12047,0.28113186,9.096697898662786e-05
12048,0.20659019,0.33768688778140576
12049,0.91857976,0.488
12050,0.69997865,0.0
12051,0.41615713,0.33936384060541563
12052,0.9301069,0.3184713375796178
12053,0.7646983,0.0
12054,0.8363711,0.02702702702702703
12055,0.9246174,0.16666666666666666
12056,0.31884116,0.0
12057,0.24783437,0.0
12058,0.321781,0.04217159476490548
12059,0.43580413,0.0
12060,0.75559,0.0625
12061,0.27023783,0.0
12062,0.21045977,0.8888888888888888
12063,0.5369657,0.012195121951219513
12064,0.71417636,0.06435643564356436
12065,0.45873344,0.0735634400308523
12066,0.47709635,0.0
12067,0.2708034,0.0
12068,0.8712232,0.0
12069,0.77552974,0.0
12070,0.37314984,0.19557154096886592
12071,0.8882708,0.22972316658572123
12072,0.1585101,0.0
12073,0.39379826,0.0
12074,0.7726816,0.0
12075,0.85613775,0.0
12076,0.9433571,0.0
12077,0.9539059,0.27586206896551724
12078,0.89141273,0.0
12079,0.22200134,0.0
12080,0.77747405,0.2857142857142857
12081,0.8830191,0.0
12082,0.8948141,0.0
12083,0.71568686,0.0
12084,0.6111979,0.07368421052631578
12085,0.89941096,0.0
12086,0.8462445,0.0
12087,0.27696967,0.9338706722843012
12088,0.32243177,0.0
12089,0.6958695,0.0
12090,0.46792692,0.006239826370048833
12091,0.4231265,0.19710906701708278
12092,0.3297043,0.0
12093,0.88934183,0.14285714285714285
12094,0.893842,0.0
12095,0.81693107,0.0
12096,0.5833614,0.031914893617021274
12097,0.5992572,0.0002794076557697681
12098,0.42781633,0.0
12099,0.34041184,0.012320328542094456
12100,0.89366156,0.14714714714714713
12101,0.8642618,0.10714285714285714
12102,0.17872779,0.0
12103,0.88647705,0.058823529411764705
12104,0.28215116,0.0
12105,0.90672946,0.1619047619047619
12106,0.8293964,0.0
12107,0.90822643,0.16458852867830423
12108,0.4392039,0.0
12109,0.6977646,0.0
12110,0.15752237,0.02564102564102564
12111,0.8373026,0.0
12112,0.904137,0.037037037037037035
12113,0.29204056,0.5176399638154588
12114,0.6110554,0.03571428571428571
12115,0.5148213,0.1553398058252427
12116,0.31687695,0.0
12117,0.91101015,0.023622047244094488
12118,0.56931543,0.07319078947368421
12119,0.8833932,0.0
12120,0.52393806,0.0
12121,0.7827784,0.023809523809523808
12122,0.60055596,0.0
12123,0.90693784,0.13623725671918444
12124,0.69324434,0.0
12125,0.6754843,0.0
12126,0.6415061,0.0
12127,0.74194133,0.0
12128,0.15342456,0.0
12129,0.8912459,0.20833333333333334
12130,0.95789665,0.5836231425861523
12131,0.5033421,0.07385155744523524
12132,0.7071493,0.0
12133,0.7729272,0.08450704225352113
12134,0.52706426,0.16666666666666666
12135,0.17235908,0.3244914015960436
12136,0.3980713,0.013986013986013986
12137,0.43968925,0.1812479723153455
12138,0.66179514,0.0
12139,0.33812895,0.5905330882352942
12140,0.6179974,0.0
12141,0.34400842,0.0
12142,0.924365,0.0
12143,0.21080062,0.0
12144,0.8299669,0.0
12145,0.4400474,0.002250562640660165
12146,0.68608874,0.047619047619047616
12147,0.91183424,0.2444556451612903
12148,0.76449686,0.0
12149,0.27622288,0.004699892294134926
12150,0.6824296,0.036231884057971016
12151,0.3721565,0.0
12152,0.89859575,0.023809523809523808
12153,0.8948605,0.0
12154,0.45655057,0.12107090643274854
12155,0.4342159,0.02912621359223301
12156,0.87158096,0.0
12157,0.24255173,0.0
12158,0.3012533,0.02824858757062147
12159,0.88814384,0.08888888888888889
12160,0.6612148,0.16329113924050634
12161,0.6871928,0.0
12162,0.76852953,0.0
12163,0.8047643,0.0898876404494382
12164,0.16518545,0.803939617083947
12165,0.44731694,0.1656191074795726
12166,0.15437658,0.04739597685312758
12167,0.22964011,0.0
12168,0.24461794,0.03589232303090728
12169,0.6665754,0.09655172413793103
12170,0.24203181,0.007566204287515763
12171,0.14565286,0.0
12172,0.36282945,0.0
12173,0.7006706,0.0
12174,0.21686187,0.0
12175,0.6547971,0.0
12176,0.29984012,0.0
12177,0.31820506,0.0
12178,0.29082254,0.029563932002956393
12179,0.8854746,0.0
12180,0.35990345,0.0
12181,0.7916772,0.0
12182,0.3281284,0.9953399122807017
12183,0.88971317,0.10204081632653061
12184,0.4177726,0.06227106227106227
12185,0.3381266,0.0967741935483871
12186,0.24839325,0.03355704697986577
12187,0.54463404,0.06761565836298933
12188,0.7513213,0.0
12189,0.38211897,0.0
12190,0.66954124,0.038461538461538464
12191,0.6909422,0.0
12192,0.19254038,0.0
12193,0.34102857,0.0
12194,0.4866311,0.0
12195,0.6297057,0.13544106167056988
12196,0.8007702,0.0
12197,0.23600785,0.0
12198,0.7167955,0.0
12199,0.7659484,0.0
12200,0.80007106,0.0
12201,0.62412417,0.038461538461538464
12202,0.25548092,0.17291280148423005
12203,0.8797092,0.0
12204,0.85995215,0.0
12205,0.8578407,0.0
12206,0.4140879,0.0
12207,0.6349872,0.125
12208,0.28907678,0.0
12209,0.7292475,0.0
12210,0.5174061,0.0024281667341157424
12211,0.88879657,0.18543046357615894
12212,0.3398345,0.0
12213,0.87711626,0.0
12214,0.8678116,0.16666666666666666
12215,0.8901499,0.11214953271028037
12216,0.8005024,0.0
12217,0.2468067,0.0
12218,0.79862607,0.0
12219,0.18080766,0.0
12220,0.893371,0.12156862745098039
12221,0.28850424,0.04782092589452264
12222,0.89014107,0.267271458478716
12223,0.9129243,0.1411764705882353
12224,0.8623291,0.24161073825503357
12225,0.8953516,0.13636363636363635
12226,0.80168533,0.0
12227,0.5435252,0.02564102564102564
12228,0.8882683,1.0
12229,0.42491126,0.08516483516483517
12230,0.7450355,0.0
12231,0.7404703,0.0
12232,0.38859114,0.0
12233,0.58799434,0.01639344262295082
12234,0.9150581,0.0
12235,0.33305162,0.0
12236,0.77897114,0.0
12237,0.90118015,0.3333333333333333
12238,0.68111736,0.0
12239,0.8425442,0.0
12240,0.9311992,0.32720232333010646
12241,0.83944863,0.0
12242,0.90228945,0.5
12243,0.89249045,0.0
12244,0.87513644,0.0
12245,0.197159,0.0
12246,0.15521805,0.0
12247,0.5734612,0.07920792079207921
12248,0.47191978,0.0
12249,0.19108091,0.011904761904761904
12250,0.5779579,0.05380577427821522
12251,0.8427599,0.0
12252,0.2999875,0.06
12253,0.19521414,0.4447527338012078
12254,0.43865836,0.03937007874015748
12255,0.4725609,0.00015015015015015014
12256,0.5969683,0.0
12257,0.7402283,0.0958904109589041
12258,0.89076,0.46111111111111114
12259,0.17541645,0.6747638326585695
12260,0.90257883,0.0
12261,0.8166168,0.0
12262,0.7724994,0.0
12263,0.8683537,0.13043478260869565
12264,0.5063663,0.07323093801426221
12265,0.26156098,0.0
12266,0.20264444,0.0
12267,0.67581147,0.13588850174216027
12268,0.31295273,0.6567276844687677
12269,0.4012162,0.0
12270,0.38778532,0.0
12271,0.4806021,0.06666666666666667
12272,0.74825126,0.0018969794250693127
12273,0.87841725,0.0
12274,0.71931773,0.0
12275,0.89340055,0.0
12276,0.8150915,1.0
12277,0.7919158,0.3333333333333333
12278,0.91416955,0.0
12279,0.857636,0.18823529411764706
12280,0.8474142,0.0
12281,0.27100286,0.0
12282,0.809443,0.0
12283,0.83549047,0.06578947368421052
12284,0.84346515,0.0
12285,0.50336486,0.037037037037037035
12286,0.3341181,0.13283674736188703
12287,0.6452374,0.0
12288,0.17642604,0.0
12289,0.8216681,0.1388888888888889
12290,0.39416295,0.0
12291,0.5861515,0.0
12292,0.87348825,0.25757575757575757
12293,0.2910269,0.028242677824267783
12294,0.2733396,0.11297071129707113
12295,0.90341246,0.05263157894736842
12296,0.38319916,0.0
12297,0.79837275,0.0
12298,0.8665597,0.0
12299,0.8427539,0.14285714285714285
12300,0.5498075,0.0
12301,0.18108888,0.0
12302,0.24409035,0.3996197293367632
12303,0.6156319,0.0
12304,0.8081653,0.09090909090909091
12305,0.5388939,0.05
12306,0.8966675,0.15834522111269614
12307,0.38181946,0.0425531914893617
12308,0.9123746,0.0
12309,0.86954105,0.1111111111111111
12310,0.21324562,0.0
12311,0.727234,0.3250883392226148
12312,0.7672768,0.0
12313,0.47499922,0.0012658227848101266
12314,0.6602975,0.07320416742825808
12315,0.9146021,0.1111111111111111
12316,0.5468505,0.014084507042253521
12317,0.63324237,0.022727272727272728
12318,0.8851041,0.2830188679245283
12319,0.66641176,0.0
12320,0.21066837,0.4779827570223417
12321,0.70477706,0.0
12322,0.21840653,0.0
12323,0.5037149,0.0
12324,0.7122545,0.0
12325,0.22590414,0.0
12326,0.82856643,0.043478260869565216
12327,0.40659803,0.32663622526636227
12328,0.38632187,0.0
12329,0.65735334,0.0996309963099631
12330,0.45851797,0.5308133105458932
12331,0.79774696,0.21954674220963172
12332,0.33168975,0.24165449027762168
12333,0.89859664,0.0
12334,0.22842431,0.0
12335,0.55329925,0.10328638497652583
12336,0.48184833,0.0
12337,0.40465105,0.0
12338,0.4215542,0.0
12339,0.12418034,0.10143329658213891
12340,0.7422149,0.0
12341,0.7901081,0.09278350515463918
12342,0.58020097,0.0
12343,0.161037,0.0
12344,0.5471759,0.0
12345,0.58599687,0.0
12346,0.4863712,0.06394530464508345
12347,0.47570398,0.0
12348,0.18128912,0.0
12349,0.57859164,0.1111111111111111
12350,0.8500371,0.09859154929577464
12351,0.905992,0.18181818181818182
12352,0.86277556,0.027777777777777776
12353,0.35388297,0.0
12354,0.664966,0.011428571428571429
12355,0.16773832,0.0
12356,0.82189584,0.0
12357,0.31410155,0.0
12358,0.29339817,0.0
12359,0.76830274,0.0
12360,0.7756196,0.23076923076923078
12361,0.4960246,0.0
12362,0.8414155,0.07352941176470588
12363,0.9358892,0.16091954022988506
12364,0.6342715,0.14285714285714285
12365,0.3804263,0.0
12366,0.29778504,0.011673151750972763
12367,0.8955675,0.0
12368,0.896584,0.08620689655172414
12369,0.2157123,0.0
12370,0.8177759,0.0
12371,0.7905226,0.0
12372,0.69416994,0.04472049689440994
12373,0.8147435,0.0
12374,0.597222,0.05747126436781609
12375,0.38330716,0.0
12376,0.4805982,0.039603960396039604
12377,0.6063529,0.0
12378,0.7913546,0.03592814371257485
12379,0.7113129,0.015625
12380,0.48086777,0.0
12381,0.52303046,0.0
12382,0.59646136,0.5398230088495575
12383,0.334818,0.0
12384,0.2722909,0.0
12385,0.40454787,0.1308623298033283
12386,0.78882146,0.0
12387,0.2780637,0.0
12388,0.61892676,0.0
12389,0.47351333,0.0013315579227696406
12390,0.36900643,0.0
12391,0.85506564,0.0
12392,0.28156132,0.019693654266958426
12393,0.92003924,0.0
12394,0.6167122,0.05357142857142857
12395,0.9397649,0.2773722627737226
12396,0.8586981,0.0
12397,0.38067782,0.0
12398,0.6357341,0.0
12399,0.27857676,0.03324468085106383
12400,0.19969358,0.0
12401,0.24019699,0.0
12402,0.7521855,0.0
12403,0.28276154,0.07386363636363637
12404,0.87157553,0.0
12405,0.809938,0.0
12406,0.3702074,0.06887052341597796
12407,0.8130488,0.07865168539325842
12408,0.45814762,0.0
12409,0.41561174,0.0
12410,0.116697915,0.0
12411,0.21160598,0.0
12412,0.8395599,0.03759398496240601
12413,0.16645683,0.0
12414,0.34830168,0.0
12415,0.23546675,0.00027429825363445184
12416,0.9043286,0.07692307692307693
12417,0.6904375,0.0
12418,0.23058815,0.06480804387568556
12419,0.20386912,0.054437270540574755
12420,0.93044984,0.0
12421,0.9309536,0.18664383561643835
12422,0.1823301,0.0
12423,0.45553428,0.0
12424,0.27116,0.028846153846153848
12425,0.8173439,0.2857142857142857
12426,0.45797744,0.0
12427,0.2540981,0.9502369668246445
12428,0.46127337,0.0025733401955738548
12429,0.33307323,0.14084507042253522
12430,0.49915555,0.02105496453900709
12431,0.8774704,0.05555555555555555
12432,0.8761933,0.0
12433,0.8539458,0.24107142857142858
12434,0.86506414,0.2805474095796676
12435,0.7345192,0.025
12436,0.91493076,0.18181818181818182
12437,0.7300583,0.0
12438,0.8477473,0.0
12439,0.3345774,0.0
12440,0.7928802,0.25
12441,0.9283534,0.17481203007518797
12442,0.8781032,0.05555555555555555
12443,0.7006535,0.0
12444,0.5452943,0.0
12445,0.859841,0.0
12446,0.26949257,0.0002813731007315701
12447,0.40351564,0.15
12448,0.86246985,0.14285714285714285
12449,0.5278549,0.014613778705636743
12450,0.65940744,0.0959409594095941
12451,0.48413602,0.006983240223463687
12452,0.67086536,0.0
12453,0.8847054,0.0
12454,0.29909706,0.0
12455,0.70261514,0.015151515151515152
12456,0.76940894,0.05217391304347826
12457,0.4799815,0.04878048780487805
12458,0.92499065,0.0
12459,0.33737612,0.02066772655007949
12460,0.401978,9.259259259259259e-05
12461,0.17425597,0.05714285714285714
12462,0.93252623,0.296551724137931
12463,0.8779293,0.08997429305912596
12464,0.18145372,0.0
12465,0.8842569,0.05
12466,0.8597586,0.0
12467,0.3571394,0.0
12468,0.7676404,0.0
12469,0.44036898,0.5587703435804702
12470,0.8413379,0.0
12471,0.21921763,0.0
12472,0.8969543,0.22857142857142856
12473,0.6660356,0.0
12474,0.2653446,0.0836272040302267
12475,0.81094843,0.0
12476,0.85709673,0.0
12477,0.46872395,0.0
12478,0.20582895,0.014423076923076924
12479,0.22847146,0.006172839506172839
12480,0.945397,0.5045977011494253
12481,0.9089419,0.0
12482,0.19734669,0.0
12483,0.47542092,0.0
12484,0.26195982,0.0025673940949935813
12485,0.89335126,0.0
12486,0.50552005,0.09545454545454546
12487,0.32369292,0.11283497884344147
12488,0.7593637,0.0
12489,0.7868212,0.16989247311827957
12490,0.35669672,0.02247191011235955
12491,0.8839936,0.0
12492,0.7699793,0.0
12493,0.80046016,0.01818181818181818
12494,0.13728416,0.34434395071437934
12495,0.8586028,0.3125
12496,0.19202343,0.0
12497,0.58849734,0.0
12498,0.806817,0.6
12499,0.6730153,0.18181818181818182
12500,0.7916593,0.0
12501,0.30756876,0.0013508949679162446
12502,0.86234045,0.0
12503,0.72393,0.15384615384615385
12504,0.8405439,0.125
12505,0.7258351,0.045454545454545456
12506,0.8900102,0.0
12507,0.48418218,0.0
12508,0.7716662,0.04477611940298507
12509,0.87447506,0.0
12510,0.844733,0.11235955056179775
12511,0.92122406,0.0
12512,0.5886927,0.0
12513,0.32525942,0.001415762151958471
12514,0.902806,0.0
12515,0.83225656,0.10526315789473684
12516,0.40191984,0.0
12517,0.21490785,0.05541905541905542
12518,0.46729836,0.02299202942979767
12519,0.4956981,0.0
12520,0.9318467,0.17373737373737375
12521,0.2409502,0.00013267878466233248
12522,0.5289002,0.0
12523,0.62281936,0.0
12524,0.70298415,0.0
12525,0.88164645,0.0
12526,0.8623956,0.5
12527,0.8984806,0.0
12528,0.72005695,0.0
12529,0.308763,0.0
12530,0.1812665,0.0
12531,0.16523719,0.0
12532,0.5592784,0.043478260869565216
12533,0.58355254,0.0
12534,0.7244465,0.0
12535,0.18835467,0.018518518518518517
12536,0.5003157,0.0
12537,0.6463177,0.0
12538,0.2636548,0.016574585635359115
12539,0.69772106,0.0
12540,0.76433116,0.2222222222222222
12541,0.6444022,0.030303030303030304
12542,0.921523,0.0
12543,0.7063057,0.2690513219284603
12544,0.35357133,0.0
12545,0.89586306,0.0
12546,0.7414094,0.0
12547,0.8308947,0.0
12548,0.42887118,0.9883901636347016
12549,0.37692255,0.0
12550,0.3934697,0.012114537444933921
12551,0.6744788,0.0
12552,0.74755454,0.047619047619047616
12553,0.6108253,0.07274083745220554
12554,0.9180299,0.18867924528301888
12555,0.2824957,0.2713963963963964
12556,0.90358686,0.16447368421052633
12557,0.4489387,0.0
12558,0.29099265,0.0
12559,0.17288649,0.02176436448055717
12560,0.587236,0.0
12561,0.30537716,0.0
12562,0.13465601,0.0
12563,0.60558546,0.0
12564,0.40879852,0.06740196078431372
12565,0.1430396,0.0
12566,0.6010271,0.004366812227074236
12567,0.23266351,0.21611253196930946
12568,0.33312973,0.0
12569,0.6282802,0.0
12570,0.7387561,0.0
12571,0.88218987,0.0
12572,0.56928986,0.06289308176100629
12573,0.23388447,0.0
12574,0.8774135,0.06666666666666667
12575,0.15463647,0.0002981514609421586
12576,0.8760252,0.0
12577,0.7527611,0.05263157894736842
12578,0.94405013,0.0
12579,0.34850293,0.017064846416382253
12580,0.675381,0.16649431230610134
12581,0.5578449,0.0
12582,0.8689937,0.14761904761904762
12583,0.806401,0.08108108108108109
12584,0.5702356,0.0
12585,0.7196968,0.0
12586,0.8518129,0.0
12587,0.6718723,0.0
12588,0.5229429,0.0047138047138047135
12589,0.34355858,0.227919285478002
12590,0.778721,0.0
12591,0.35734478,0.0
12592,0.73307586,0.0
12593,0.69329476,0.0
12594,0.7391085,0.0
12595,0.6252299,0.0
12596,0.2110161,0.0
12597,0.19943607,0.0
12598,0.55752563,0.0
12599,0.18777871,0.00047679593134138587
12600,0.25039575,0.002457002457002457
12601,0.8962521,0.3333333333333333
12602,0.2150062,0.0
12603,0.28470516,0.0
12604,0.54193735,0.046153846153846156
12605,0.88274926,0.36363636363636365
12606,0.9039487,0.0
12607,0.6392991,0.0
12608,0.93555695,0.0
12609,0.6676057,0.0
12610,0.24728216,0.044642857142857144
12611,0.6196771,0.0
12612,0.7543425,0.006493506493506494
12613,0.8090281,0.0
12614,0.941781,0.561698717948718
12615,0.7379263,0.5214634146341464
12616,0.646326,0.0
12617,0.41538176,0.021505376344086023
12618,0.93722,0.0
12619,0.3493307,0.007886435331230283
12620,0.91558856,0.0
12621,0.49555895,0.014492753623188406
12622,0.3222049,0.0
12623,0.81914586,0.0
12624,0.17318259,0.2545279692258375
12625,0.24269596,0.0019439044709802832
12626,0.9417405,0.0
12627,0.7879314,0.029411764705882353
12628,0.28656256,0.0
12629,0.2601673,0.009708737864077669
12630,0.89337116,0.0196078431372549
12631,0.5966254,0.0
12632,0.40715474,0.028274293142671433
12633,0.9087135,0.0
12634,0.7032383,0.0
12635,0.416374,0.14580001881290566
12636,0.44870895,0.0
12637,0.74297607,0.0
12638,0.7455347,0.043478260869565216
12639,0.4001387,0.13691830403309205
12640,0.1628498,0.0
12641,0.6601879,0.0
12642,0.14736849,0.0
12643,0.42345524,0.0
12644,0.76028645,0.018518518518518517
12645,0.33431834,0.0
12646,0.5438077,0.05941845764854614
12647,0.81476516,0.0
12648,0.2902621,0.0
12649,0.7925811,0.0
12650,0.9153304,0.19322709163346613
12651,0.6687416,0.0
12652,0.8387199,0.03636363636363636
12653,0.588188,0.05234159779614325
12654,0.5113252,0.34417344173441733
12655,0.80909175,0.0
12656,0.83903754,0.0
12657,0.26961413,0.03441682600382409
12658,0.80756754,0.15384615384615385
12659,0.723949,0.15228426395939088
12660,0.78068864,0.0898876404494382
12661,0.1968598,0.0018083182640144665
12662,0.52785665,0.0
12663,0.50533515,0.0
12664,0.17154121,0.0
12665,0.26628107,0.2906464250734574
12666,0.6156017,0.0
12667,0.83260095,0.0
12668,0.8167174,0.0
12669,0.8390813,0.2711864406779661
12670,0.7491177,0.045454545454545456
12671,0.59475964,0.15906886517943744
12672,0.45720506,0.0
12673,0.41059473,0.0
12674,0.8193608,0.017543859649122806
12675,0.5690862,0.02127659574468085
12676,0.76640946,0.09090909090909091
12677,0.9262284,0.0
12678,0.5744352,0.0
12679,0.16941799,0.0
12680,0.46178153,0.0
12681,0.53586185,0.0
12682,0.8527908,0.011235955056179775
12683,0.53481907,0.023809523809523808
12684,0.83018297,0.0
12685,0.8843396,0.06451612903225806
12686,0.86189264,0.03773584905660377
12687,0.8538362,0.0
12688,0.86804265,0.23076923076923078
12689,0.8806874,0.0
12690,0.66217273,0.0
12691,0.23913619,0.0
12692,0.8700831,0.08333333333333333
12693,0.8993277,0.0
12694,0.8955014,0.019230769230769232
12695,0.8852072,0.2
12696,0.8013524,0.0
12697,0.7056221,0.029850746268656716
12698,0.3170649,0.07692307692307693
12699,0.37999246,0.10069444444444445
12700,0.71640176,0.16923076923076924
12701,0.85303026,0.0
12702,0.14159817,0.0
12703,0.80664843,0.08389261744966443
12704,0.24229212,0.0
12705,0.29810277,0.2618587191445797
12706,0.30464044,0.0013111447302067575
12707,0.40549356,0.0027359781121751026
12708,0.54185694,0.07
12709,0.5228176,0.0
12710,0.51128924,0.0
12711,0.25385725,0.6314345798665082
12712,0.53908116,0.0018709073900841909
12713,0.3678308,0.0
12714,0.8240811,0.0
12715,0.8099988,0.04950495049504951
12716,0.9552789,0.3665158371040724
12717,0.8722,0.07142857142857142
12718,0.8539385,0.07692307692307693
12719,0.17939436,0.0
12720,0.74931365,0.0
12721,0.6986624,0.0
12722,0.5885967,0.06418918918918919
12723,0.4662621,9.217439395335975e-05
12724,0.52889377,0.0028473804100227792
12725,0.8470476,0.0
12726,0.8707768,0.0
12727,0.87770057,0.0
12728,0.7550795,0.0
12729,0.5437592,0.0
12730,0.17666556,0.0
12731,0.1728763,0.0
12732,0.42592692,0.0
12733,0.9012931,0.14516129032258066
12734,0.19723353,0.020202020202020204
12735,0.8348761,0.125
12736,0.88820606,0.3064516129032258
12737,0.24164228,0.2789488882471845
12738,0.23783831,0.0
12739,0.7341292,0.0
12740,0.8497376,0.08552631578947369
12741,0.5471014,0.03815261044176707
12742,0.5799027,0.024793388429752067
12743,0.24386066,0.0
12744,0.5320358,0.06896551724137931
12745,0.6822413,0.0
12746,0.9120282,0.14285714285714285
12747,0.89109796,0.05405405405405406
12748,0.7719462,0.0
12749,0.77934533,0.0
12750,0.5190268,0.0
12751,0.692458,0.0
12752,0.809946,0.0
12753,0.82299894,0.13821138211382114
12754,0.37464994,0.0
12755,0.24950045,0.025264029819838475
12756,0.946393,0.32647584973166366
12757,0.9224491,0.0
12758,0.29295695,0.0
12759,0.8892274,0.0
12760,0.14984658,0.0
12761,0.8199049,0.20833333333333334
12762,0.82117504,0.0
12763,0.4435244,0.0
12764,0.8473091,0.17592592592592593
12765,0.37432495,0.0
12766,0.30952033,0.0
12767,0.92464346,0.0
12768,0.87333137,0.1532567049808429
12769,0.79596484,0.0
12770,0.70861965,0.05555555555555555
12771,0.6792606,0.0
12772,0.6938724,0.0
12773,0.5643353,0.006172839506172839
12774,0.59407794,0.0
12775,0.4040055,0.07991038088125467
12776,0.9074074,0.21164021164021163
12777,0.8201328,0.0
12778,0.76832217,0.0
12779,0.6647081,0.0
12780,0.74716693,0.13609467455621302
12781,0.30260703,0.06570841889117043
12782,0.48407292,0.0
12783,0.19956067,0.0
12784,0.67817926,0.0
12785,0.3110427,0.0
12786,0.8055589,0.0
12787,0.4044111,0.004819277108433735
12788,0.3451968,0.06778864234674689
12789,0.86446846,0.0
12790,0.65112156,0.0
12791,0.34226114,0.14494857834240774
12792,0.5111768,0.24629080118694363
12793,0.28786916,0.0625
12794,0.8354461,0.06180392156862745
12795,0.56424,0.0
12796,0.15848981,0.17969147313103917
12797,0.74290216,0.0
12798,0.6241907,0.017543859649122806
12799,0.76321,0.0
12800,0.48672098,0.11459170013386881
12801,0.49315447,0.05405405405405406
12802,0.35774451,0.04697986577181208
12803,0.89740056,0.0
12804,0.20467828,0.0
12805,0.44397202,0.024734982332155476
12806,0.42416242,0.0
12807,0.54956293,0.4
12808,0.30295298,0.0
12809,0.22394876,0.0
12810,0.86493,0.09649122807017543
12811,0.24137618,0.0
12812,0.27655485,0.0
12813,0.67854697,0.0
12814,0.7546493,0.06
12815,0.8911728,0.08
12816,0.8173171,0.06557377049180328
12817,0.7536309,0.0
12818,0.84988475,0.07317073170731707
12819,0.41464725,0.0
12820,0.31513813,0.12592275596448058
12821,0.8449232,0.0
12822,0.38284764,0.0
12823,0.7086994,0.1111111111111111
12824,0.3396079,0.07179405180684362
12825,0.4819927,0.0
12826,0.2563458,0.0
12827,0.19288258,0.0
12828,0.42396277,0.0007065889418830596
12829,0.54569495,0.0
12830,0.91014457,0.0
12831,0.47273594,0.0
12832,0.38182762,0.0
12833,0.43766066,0.0
12834,0.24384992,0.4574906195662121
12835,0.81438154,0.2877005347593583
12836,0.8644492,0.0
12837,0.8951992,0.23357664233576642
12838,0.85788506,0.0
12839,0.6104855,0.0
12840,0.290744,0.0
12841,0.63871664,0.06172839506172839
12842,0.25523436,0.0
12843,0.92120457,0.1
12844,0.8818108,0.022727272727272728
12845,0.81428367,1.0
12846,0.6413766,0.0
12847,0.39478365,0.019230769230769232
12848,0.74007857,0.0
12849,0.65142524,0.0
12850,0.6576226,0.0
12851,0.6398479,0.0
12852,0.8559851,0.0
12853,0.78314453,0.0
12854,0.487572,0.0
12855,0.8921202,0.0
12856,0.31710407,0.0
12857,0.87386197,0.0
12858,0.26690623,0.0
12859,0.6457892,0.010385756676557863
12860,0.87725765,0.0
12861,0.8170384,0.1188118811881188
12862,0.64178795,0.0
12863,0.86219746,0.0
12864,0.95372134,0.3017689906347555
12865,0.62835926,0.0
12866,0.9005358,0.0
12867,0.9101377,0.07643312101910828
12868,0.69284856,0.0
12869,0.5797258,0.0
12870,0.7973271,0.3
12871,0.87845325,0.0
12872,0.27393177,0.0
12873,0.15385073,0.5545871559633028
12874,0.8402078,0.0
12875,0.5803531,0.0
12876,0.20056154,0.0
12877,0.661832,0.04
12878,0.41835287,0.0049504950495049506
12879,0.50535375,0.001832172957127153
12880,0.24951737,0.0
12881,0.8633068,0.0
12882,0.8331106,0.23076923076923078
12883,0.52513754,0.0
12884,0.3221121,0.09022556390977443
12885,0.65837234,0.0
12886,0.8483295,0.19047619047619047
12887,0.20595294,0.0016238159675236806
12888,0.91594195,0.28927911275415896
12889,0.44932368,0.0
12890,0.8661202,0.7713671034617642
12891,0.9344545,0.4304388422035481
12892,0.28264683,0.0
12893,0.5500094,0.0
12894,0.64500505,0.0
12895,0.8859401,0.0
12896,0.66606265,9.57670944263551e-05
12897,0.87199265,0.08585858585858586
12898,0.15124641,0.0
12899,0.45743802,0.0
12900,0.3333226,0.005333333333333333
12901,0.55335164,0.0
12902,0.21727683,0.0
12903,0.2085714,0.8960658737419945
12904,0.84165174,0.11764705882352941
12905,0.17022642,0.0
12906,0.6005286,0.0
12907,0.8091137,0.0
12908,0.24666834,0.04
12909,0.601246,0.0
12910,0.4535998,0.003968253968253968
12911,0.16022101,0.8887459807073955
12912,0.23070538,0.0
12913,0.5384246,0.0
12914,0.5927356,0.0
12915,0.7500246,0.05128205128205128
12916,0.3847997,0.27106227106227104
12917,0.89802116,0.0661764705882353
12918,0.3855553,0.0
12919,0.31678417,0.0036004431314623337
12920,0.6815133,0.02654867256637168
12921,0.8582157,0.0
12922,0.6523074,0.0
12923,0.5880468,0.0
12924,0.37320757,0.0
12925,0.836327,0.14285714285714285
12926,0.34023002,0.0
12927,0.84178144,0.0
12928,0.42349157,0.0
12929,0.79862356,0.05
12930,0.71577436,0.0
12931,0.38299018,0.0
12932,0.24951065,0.0
12933,0.6884174,0.0
12934,0.7114643,0.09375
12935,0.34150606,0.0
12936,0.7608594,0.0979020979020979
12937,0.1949284,0.11073456677047078
12938,0.9125803,0.1
12939,0.9147307,0.06666666666666667
12940,0.5358049,0.0
12941,0.24720019,0.0
12942,0.6862291,0.0
12943,0.38315162,0.0603448275862069
12944,0.862682,0.2
12945,0.3573128,0.0
12946,0.53268343,0.0007716049382716049
12947,0.77704453,0.0
12948,0.7365958,0.0
12949,0.3746704,0.004464285714285714
12950,0.27425057,0.6901346281174133
12951,0.4828963,0.0
12952,0.45017463,0.011627906976744186
12953,0.8816316,0.34782608695652173
12954,0.40799564,0.06451612903225806
12955,0.24487193,0.6089554983449798
12956,0.7581753,0.1
12957,0.3995627,0.0
12958,0.20955966,0.0
12959,0.3687447,0.0
12960,0.48897284,0.31116825863335784
12961,0.24800377,0.0
12962,0.63114816,0.0
12963,0.2553734,0.005865102639296188
12964,0.55964375,0.0
12965,0.27289012,0.06451612903225806
12966,0.80377185,0.0
12967,0.6771199,0.0
12968,0.1756011,0.0
12969,0.62370014,0.0
12970,0.17120537,0.033707865168539325
12971,0.84768665,0.13043478260869565
12972,0.895557,0.0
12973,0.71547496,0.0
12974,0.7956327,0.0
12975,0.23948605,0.0
12976,0.40329525,0.0
12977,0.31413034,0.0
12978,0.2137148,0.058446667415982916
12979,0.8791765,0.18396226415094338
12980,0.7969697,0.0
12981,0.80116177,0.0
12982,0.48292392,0.0
12983,0.487934,0.09985096870342772
12984,0.42081684,0.005893909626719057
12985,0.61818606,0.1016260162601626
12986,0.782565,0.0
12987,0.30915457,0.0
12988,0.3686374,0.10009354536950421
12989,0.31048548,0.0369573017581629
12990,0.4649362,0.035326086956521736
12991,0.8408707,0.0
12992,0.5587407,0.0
12993,0.7898625,0.0
12994,0.85439104,0.0
12995,0.16008925,0.0
12996,0.7246472,0.027777777777777776
12997,0.35074607,0.11627906976744186
12998,0.83278704,0.21144278606965175
12999,0.79683113,0.0
13000,0.86573225,0.0
13001,0.79672915,0.06451612903225806
13002,0.3238875,0.0
13003,0.5387341,0.0
13004,0.2949332,0.0
13005,0.7975687,0.0
13006,0.83314466,0.0
13007,0.8871852,0.0
13008,0.8685748,0.5
13009,0.80127597,0.2
13010,0.91610086,0.0
13011,0.83849674,0.0
13012,0.49791533,0.0008038585209003215
13013,0.429282,0.0
13014,0.112830155,0.0
13015,0.63290787,0.0
13016,0.8433736,0.12389380530973451
13017,0.7298651,0.06
13018,0.8678265,0.0
13019,0.9033889,0.21428571428571427
13020,0.79291326,0.0
13021,0.21021573,0.0
13022,0.49284348,0.007692307692307693
13023,0.94349194,0.26988636363636365
13024,0.7492566,0.0
13025,0.85666615,0.23053892215568864
13026,0.8290088,0.0
13027,0.57124597,0.0
13028,0.6021709,0.0
13029,0.5049662,0.0
13030,0.9424125,0.28309305373525556
13031,0.29832414,0.0
13032,0.24171089,0.06598984771573604
13033,0.32280937,0.5463387777573867
13034,0.903656,0.23170731707317074
13035,0.17224666,0.0
13036,0.38521713,0.0
13037,0.8893783,1.0
13038,0.45127493,0.0
13039,0.6458944,0.0
13040,0.50535154,0.0
13041,0.9043825,0.0660377358490566
13042,0.19183025,0.7822423849643552
13043,0.7071182,0.03333333333333333
13044,0.59632707,0.0
13045,0.7970744,0.0
13046,0.674519,0.14285714285714285
13047,0.4827439,0.013679890560875513
13048,0.8367897,0.0
13049,0.21950322,0.0
13050,0.81541705,0.15789473684210525
13051,0.8402285,0.0
13052,0.33256596,0.0
13053,0.24132888,0.0
13054,0.504897,0.0
13055,0.72887236,0.19680851063829788
13056,0.53886354,0.012048192771084338
13057,0.11933352,0.0
13058,0.32684782,0.0
13059,0.605317,0.0
13060,0.88751864,0.04060913705583756
13061,0.23569645,0.0
13062,0.6726383,0.0
13063,0.8920292,0.1504424778761062
13064,0.60515094,0.0022624434389140274
13065,0.655848,0.0
13066,0.923732,0.0
13067,0.58250517,0.040983606557377046
13068,0.29844767,0.9812545720555962
13069,0.4519139,0.0
13070,0.77853686,0.125
13071,0.6485561,0.1048951048951049
13072,0.6552006,0.0
13073,0.6558563,0.0
13074,0.6324433,0.0
13075,0.79860467,0.0
13076,0.4097059,0.0
13077,0.17826417,0.7276167712379246
13078,0.24681258,0.0
13079,0.66391706,0.0
13080,0.16647764,0.0
13081,0.5701474,0.011980830670926517
13082,0.79030097,0.0
13083,0.34812212,0.0024096385542168677
13084,0.91054994,0.4101449275362319
13085,0.7564788,0.0
13086,0.8492719,0.0
13087,0.4576661,0.0
13088,0.86406046,0.23171412618648798
13089,0.8022428,0.0
13090,0.8011484,0.15384615384615385
13091,0.8161047,0.0
13092,0.8252523,0.05555555555555555
13093,0.7917625,0.19298245614035087
13094,0.3644522,0.38581378299120234
13095,0.29625127,0.02040816326530612
13096,0.9189257,0.014285714285714285
13097,0.7733141,0.0
13098,0.8825249,0.0
13099,0.16982295,0.0
13100,0.3242507,0.6588343276732446
13101,0.9140164,0.24
13102,0.18391235,0.0
13103,0.41474056,0.07105174542597373
13104,0.7711283,0.0
13105,0.9216355,0.3220338983050847
13106,0.23694667,0.0
13107,0.8450553,0.0
13108,0.19723246,0.0
13109,0.9006523,0.0
13110,0.62296474,0.0
13111,0.91483265,0.3422330097087379
13112,0.93892694,0.19631901840490798
13113,0.6775697,0.0
13114,0.85431516,0.0
13115,0.1951271,0.21816283924843424
13116,0.1924516,0.0
13117,0.41008437,0.0
13118,0.7901736,0.0
13119,0.83492714,0.0
13120,0.19860953,0.0
13121,0.46137697,0.06666666666666667
13122,0.72878397,0.21954022988505748
13123,0.76378167,0.0
13124,0.3420704,0.05223880597014925
13125,0.25007623,0.0008005123278898495
13126,0.8501257,0.0
13127,0.67669344,0.0
13128,0.45570847,0.019801980198019802
13129,0.38690746,0.0
13130,0.22428188,0.0
13131,0.22168402,0.005834954153931648
13132,0.2671984,0.0
13133,0.46547735,0.00931174089068826
13134,0.26832643,0.00028291210863824973
13135,0.7102091,0.0
13136,0.49465483,0.0
13137,0.8782806,0.0
13138,0.14323917,0.1726931436475005
13139,0.30431017,0.4171773529680783
13140,0.15387486,0.0
13141,0.4917356,0.00012403870007442322
13142,0.29274338,0.0
13143,0.17788932,0.012667660208643815
13144,0.7783286,0.0
13145,0.7918594,0.0
13146,0.3166182,0.9494551780972439
13147,0.3290357,0.0
13148,0.26151237,0.03365384615384615
13149,0.9313636,0.1518987341772152
13150,0.64298934,9.348415443582313e-05
13151,0.17363152,0.0
13152,0.82308024,0.16823899371069181
13153,0.78801817,0.1111111111111111
13154,0.3167379,0.0
13155,0.5163198,0.0
13156,0.47551024,0.07409120340394043
13157,0.20310546,0.0
13158,0.35576883,0.055825242718446605
13159,0.9118369,0.0
13160,0.691958,0.2222222222222222
13161,0.18735416,0.0
13162,0.7610893,0.0
13163,0.8466955,0.0
13164,0.7652566,0.0
13165,0.3948643,0.5066369213608477
13166,0.4523867,0.0
13167,0.33385795,0.0
13168,0.5776505,0.0
13169,0.85963684,0.07692307692307693
13170,0.81432086,0.07936507936507936
13171,0.23633738,0.0006600660066006601
13172,0.8055347,0.0
13173,0.8531751,0.18181818181818182
13174,0.21985808,0.09035645205857971
13175,0.69870704,0.0
13176,0.79948,0.0
13177,0.21883051,0.0
13178,0.46610215,0.0
13179,0.845107,0.10476190476190476
13180,0.18614353,0.009852216748768473
13181,0.55463386,0.1910433539780848
13182,0.75224596,0.03225806451612903
13183,0.8899513,1.0
13184,0.1282681,0.0
13185,0.72487825,0.5666666666666667
13186,0.7667913,0.2222222222222222
13187,0.6061116,0.0
13188,0.8857855,0.0
13189,0.8712861,0.14285714285714285
13190,0.4327889,0.546518668012109
13191,0.83572006,0.04804421768707483
13192,0.6089368,0.2
13193,0.20693335,0.7449515905947441
13194,0.6222988,0.0
13195,0.9266423,0.17880794701986755
13196,0.5583773,0.07325602797717651
13197,0.8193022,0.0
13198,0.8917942,0.18181818181818182
13199,0.8805851,0.0
13200,0.9240444,0.0
13201,0.9008415,0.0
13202,0.18611658,0.0125
13203,0.92097986,0.0
13204,0.4276309,0.0
13205,0.34074062,0.9974415204678363
13206,0.44243017,0.0
13207,0.752897,0.102880658436214
13208,0.16313022,0.5262842892768079
13209,0.5875847,0.3177660086663457
13210,0.8980268,0.0
13211,0.7878511,0.3333333333333333
13212,0.21620186,0.0
13213,0.9523617,0.10631229235880399
13214,0.6817209,0.06
13215,0.8225494,0.04
13216,0.4345909,0.0
13217,0.4231762,0.0653950953678474
13218,0.8937383,0.21330724070450097
13219,0.51792806,0.0012221203788573174
13220,0.8129,0.05511811023622047
13221,0.19511999,0.3738060068931561
13222,0.34013784,0.49612924941097275
13223,0.17763011,0.0
13224,0.5428281,0.0
13225,0.18728188,0.0
13226,0.7522205,0.0
13227,0.26591265,0.0
13228,0.5378614,0.08488063660477453
13229,0.5806913,0.0425531914893617
13230,0.341619,0.0
13231,0.8277309,0.06779661016949153
13232,0.4557276,0.0
13233,0.7201134,0.0
13234,0.24646546,0.0
13235,0.3428772,0.014925373134328358
13236,0.7147666,0.0
13237,0.45155025,0.13515509601181683
13238,0.37704554,0.019417475728155338
13239,0.40741637,0.565534866739686
13240,0.37986675,0.0
13241,0.24789095,0.0
13242,0.75506735,0.0
13243,0.19470653,0.0
13244,0.3326506,0.0
13245,0.19610223,0.0
13246,0.94828904,0.2112676056338028
13247,0.9330837,0.0
13248,0.17520282,0.009345794392523364
13249,0.7381357,0.0
13250,0.9353474,0.2
13251,0.6429578,0.0
13252,0.4393688,0.0
13253,0.4801443,0.0
13254,0.4034939,0.0
13255,0.8401291,0.018867924528301886
13256,0.8286898,0.0
13257,0.73668814,0.0
13258,0.3009233,0.0
13259,0.75129366,0.2596899224806202
13260,0.13024911,0.7489068750581449
13261,0.9057209,0.0
13262,0.558447,0.05
13263,0.34631985,0.0
13264,0.68541986,0.034482758620689655
13265,0.85768294,0.09090909090909091
13266,0.67563057,0.0
13267,0.86919624,0.0
13268,0.27947325,0.4265443294569508
13269,0.67957056,0.0
13270,0.88933986,0.0
13271,0.80932605,0.0
13272,0.29986835,0.1298932384341637
13273,0.75413,0.0
13274,0.18518855,0.0
13275,0.5607951,0.0
13276,0.57771564,0.07431805529782891
13277,0.8574701,0.28
13278,0.35835314,0.6522216127262753
13279,0.27238837,0.0
13280,0.16108619,0.6521044720030064
13281,0.87040836,0.125
13282,0.9257453,0.11191335740072202
13283,0.88197273,0.125
13284,0.41657406,0.0
13285,0.50516486,0.12195121951219512
13286,0.57735056,0.0017699115044247787
13287,0.2803043,0.00022079929344226098
13288,0.81586444,0.0
13289,0.71827865,0.0
13290,0.6330666,0.047619047619047616
13291,0.24903809,0.059621909840038775
13292,0.6380025,0.03333333333333333
13293,0.7850007,0.125
13294,0.652422,0.09259259259259259
13295,0.545295,0.020618556701030927
13296,0.19210579,0.9774284931006123
13297,0.8807107,0.0
13298,0.69566965,0.0
13299,0.497416,0.0023387905111927833
13300,0.83160233,0.0
13301,0.8963787,0.10714285714285714
13302,0.72413534,0.0
13303,0.5664354,0.0
13304,0.9430535,0.05263157894736842
13305,0.77601194,0.0
13306,0.8657698,0.0
13307,0.8590369,0.0
13308,0.54802597,0.03508771929824561
13309,0.66604906,0.06285714285714286
13310,0.5981031,0.0
13311,0.9032077,0.8202687569988801
13312,0.20342161,0.0
13313,0.568441,0.02857142857142857
13314,0.8672407,0.0
13315,0.17394873,0.12112676056338029
13316,0.22537673,0.0
13317,0.24288101,0.0
13318,0.25973576,0.012345679012345678
13319,0.2900992,0.0
13320,0.72858715,0.03296703296703297
13321,0.36662897,0.0003290556103981573
13322,0.6834983,0.0
13323,0.6778886,0.00909090909090909
13324,0.4526229,0.0
13325,0.28120434,0.0013351134846461949
13326,0.8920556,0.0
13327,0.6497336,0.1016949152542373
13328,0.5465381,0.031914893617021274
13329,0.59474665,0.0
13330,0.8812664,0.0
13331,0.4873681,0.0
13332,0.2605602,0.08627450980392157
13333,0.86041373,0.0
13334,0.90415937,0.11464968152866242
13335,0.2201834,0.20546251545464764
13336,0.48841792,9.880446596186147e-05
13337,0.20074713,0.0
13338,0.5036817,0.05673758865248227
13339,0.3411655,0.0
13340,0.75532377,0.0
13341,0.7639972,0.0
13342,0.7045147,0.006157635467980296
13343,0.7133865,0.0
13344,0.1527772,0.012658227848101266
13345,0.7917673,0.0
13346,0.27330175,0.0
13347,0.19100548,0.02127659574468085
13348,0.88784826,0.0
13349,0.4875806,0.0
13350,0.8516531,0.1111111111111111
13351,0.5568312,0.0
13352,0.90519243,0.5
13353,0.35861695,0.02929936305732484
13354,0.3759722,0.0
13355,0.80760854,0.09615384615384616
13356,0.5793667,0.0
13357,0.36465877,0.0
13358,0.66297364,0.0
13359,0.8613368,0.0
13360,0.18319413,0.0
13361,0.24890706,0.003604686091919495
13362,0.91078603,0.018867924528301886
13363,0.7847677,0.0
13364,0.24731661,0.8638317329675355
13365,0.81545174,0.0
13366,0.9175849,0.22145328719723184
13367,0.7457548,0.0
13368,0.16502462,0.14474708171206227
13369,0.51367694,0.0
13370,0.23750377,0.0
13371,0.90564686,0.0
13372,0.8989814,0.11578947368421053
13373,0.36094233,0.3248366614521027
13374,0.93772984,0.15294117647058825
13375,0.8975893,0.027586206896551724
13376,0.15066023,0.0
13377,0.8548125,0.1
13378,0.7903445,0.0
13379,0.3399046,0.01580628888515218
13380,0.722254,0.0
13381,0.6657291,0.021739130434782608
13382,0.2503457,0.0
13383,0.911859,0.0
13384,0.34992817,0.0
13385,0.810533,0.0
13386,0.25855878,0.0
13387,0.45094532,0.6069647145760206
13388,0.26195556,0.5957750952986023
13389,0.89792526,0.0
13390,0.65555257,0.1663778162911612
13391,0.3973925,0.0
13392,0.24522553,0.0
13393,0.8578778,0.0
13394,0.86665523,0.0
13395,0.1942855,0.682781941144215
13396,0.7701522,0.0
13397,0.8867327,0.0
13398,0.2948524,0.036815068493150686
13399,0.18781237,0.0038674033149171273
13400,0.29809436,0.0
13401,0.92728746,0.0
13402,0.74663806,0.0
13403,0.37307853,0.07100046104195482
13404,0.3533941,0.0
13405,0.61502284,0.10909090909090909
13406,0.89889354,0.0
13407,0.5364254,0.018867924528301886
13408,0.35321963,0.07272727272727272
13409,0.40547422,0.0070921985815602835
13410,0.7048461,0.102803738317757
13411,0.36902317,0.1111111111111111
13412,0.7042065,0.0
13413,0.32715094,0.06348020911127707
13414,0.6895824,0.0
13415,0.89224076,0.10256410256410256
13416,0.59785944,0.0
13417,0.26935393,0.7410405675823176
13418,0.658842,0.0
13419,0.68249136,0.06976744186046512
13420,0.16797784,0.08073394495412844
13421,0.8632382,0.0
13422,0.87082255,0.04853072128227961
13423,0.63038325,9.137426900584795e-05
13424,0.81433314,0.0
13425,0.5421054,0.0
13426,0.835916,0.0
13427,0.7503122,0.0
13428,0.895663,0.5
13429,0.57879204,0.0
13430,0.35548767,0.0
13431,0.44180548,0.9864766081871345
13432,0.8964323,0.0
13433,0.87896246,0.013333333333333334
13434,0.25104347,0.0
13435,0.9298716,0.0
13436,0.1477281,0.0
13437,0.81959814,0.06140350877192982
13438,0.9053098,0.0
13439,0.20709871,0.0
13440,0.8583443,0.0
13441,0.875581,0.0
13442,0.24204883,0.0
13443,0.20682746,0.0
13444,0.20578124,0.0
13445,0.80444354,0.22181818181818183
13446,0.33259258,0.01005711447727837
13447,0.4448205,0.019762845849802372
13448,0.8954221,0.10121457489878542
13449,0.25263143,0.0
13450,0.32084912,0.4633104500381388
13451,0.5535674,0.0
13452,0.29008287,0.0
13453,0.8061114,0.0
13454,0.4710031,0.04854368932038835
13455,0.6119066,0.0
13456,0.84637386,0.0
13457,0.48238426,0.25
13458,0.29503286,0.0
13459,0.21190158,0.0
13460,0.84943616,0.11764705882352941
13461,0.22774832,0.0812123772309642
13462,0.9331547,0.0
13463,0.40303427,0.0
13464,0.33773687,0.0
13465,0.9278636,0.0
13466,0.84470487,0.13043478260869565
13467,0.4894873,0.0
13468,0.69741946,0.0
13469,0.86467904,0.0
13470,0.8646287,0.0
13471,0.73730177,0.0
13472,0.78853637,0.0
13473,0.40085453,0.07364840014711291
13474,0.6243783,0.07320416742825808
13475,0.35327625,0.08388520971302428
13476,0.3348378,0.07323093801426221
13477,0.24692051,0.059683039226705634
13478,0.8378384,0.0
13479,0.40085265,0.07142857142857142
13480,0.5883983,0.0
13481,0.87386936,0.05555555555555555
13482,0.2082378,0.0
13483,0.7039249,0.0
13484,0.26355976,0.0
13485,0.13758457,0.0
13486,0.6972803,0.02368421052631579
13487,0.38678473,0.017964071856287425
13488,0.76012343,0.0
13489,0.6758701,0.0
13490,0.60567343,0.023255813953488372
13491,0.77589315,0.0
13492,0.69301796,0.0
13493,0.86227304,0.2521150592216582
13494,0.85942703,0.0
13495,0.5582589,0.0
13496,0.3362223,0.00010124531740407007
13497,0.3641797,0.0
13498,0.5633229,0.0
13499,0.70000154,0.0
13500,0.24777375,0.0014955134596211367
13501,0.51209664,0.0
13502,0.38331944,0.0
13503,0.47202328,0.0
13504,0.6212599,0.18181818181818182
13505,0.7213693,0.0
13506,0.23256686,0.005571030640668524
13507,0.788062,0.08955223880597014
13508,0.8742595,0.12643678160919541
13509,0.78187406,0.0
13510,0.5873672,0.0
13511,0.28112233,0.0392156862745098
13512,0.59162176,0.004220346512661039
13513,0.7238952,0.06923076923076923
13514,0.55704534,0.0
13515,0.84450364,0.0
13516,0.881718,0.0
13517,0.14991392,0.08869485294117647
13518,0.54175323,9.416195856873823e-05
13519,0.20056248,0.0
13520,0.17781675,0.013609850939727802
13521,0.87559104,0.0
13522,0.6249586,0.0
13523,0.35470864,0.0
13524,0.8332372,0.0
13525,0.5708659,0.013438735177865613
13526,0.9073481,0.0
13527,0.42521787,9.159186664224217e-05
13528,0.2867146,0.07407407407407407
13529,0.36119312,0.0716977663388179
13530,0.79838437,0.0
13531,0.2528562,0.0
13532,0.621331,0.0
13533,0.24665445,0.17792447037150752
13534,0.21875031,0.0
13535,0.39726266,0.0
13536,0.5504601,0.039968652037617555
13537,0.36493617,0.0
13538,0.457778,0.0
13539,0.36589658,0.0
13540,0.15971828,0.912995493424078
13541,0.9310962,0.0
13542,0.3123669,0.0
13543,0.72171384,0.0
13544,0.43840337,0.0
13545,0.85659075,0.0
13546,0.21342655,0.0
13547,0.70929104,0.0
13548,0.46109423,0.0
13549,0.19169568,0.0
13550,0.6603364,0.11428571428571428
13551,0.49168777,0.0019230769230769232
13552,0.82483095,0.0
13553,0.6300952,0.0
13554,0.3990667,0.0018224157132732612
13555,0.48247054,0.0
13556,0.61658275,0.0
13557,0.75718886,0.0
13558,0.74336714,0.05263157894736842
13559,0.15192786,0.038007089405277666
13560,0.8393736,0.0
13561,0.8334447,0.0
13562,0.8461278,0.0
13563,0.51804924,0.0
13564,0.8079134,0.16842105263157894
13565,0.86666447,0.25
13566,0.19632427,0.0
13567,0.90157336,0.0
13568,0.23336692,0.9725254730713246
13569,0.7763474,0.22388059701492538
13570,0.29677942,0.3132815140250084
13571,0.5661223,0.02857142857142857
13572,0.6509671,0.0
13573,0.8742565,0.0
13574,0.14072205,0.253357614386524
13575,0.87762755,0.0
13576,0.67678964,0.00847457627118644
13577,0.6410114,0.012096774193548387
13578,0.66276854,0.0
13579,0.3010706,0.0
13580,0.26533633,0.0
13581,0.8554555,0.0
13582,0.51720357,0.023142509135200974
13583,0.47672555,0.011363636363636364
13584,0.89156675,0.07936507936507936
13585,0.7330882,0.0
13586,0.6266822,0.05
13587,0.5865717,0.125
13588,0.18290335,0.0
13589,0.82625455,0.0
13590,0.59697294,0.0
13591,0.41066214,0.0002768549280177187
13592,0.7177528,0.0
13593,0.6351653,0.0
13594,0.582392,0.0
13595,0.27398264,0.9680190058479532
13596,0.87283266,0.0
13597,0.46555665,0.0
13598,0.24948026,0.0
13599,0.44858846,0.07184697052901336
13600,0.46482325,0.00028121484814398203
13601,0.35194993,0.0
13602,0.23511277,0.026484247521024226
13603,0.8899241,0.0
13604,0.67296404,0.05099150141643059
13605,0.24135315,0.0
13606,0.8410656,0.038461538461538464
13607,0.7950184,0.0
13608,0.87824094,0.0
13609,0.27804157,0.0
13610,0.42803076,0.0029850746268656717
13611,0.8666566,0.05
13612,0.39884904,0.002000500125031258
13613,0.69595706,0.0
13614,0.52319205,0.0
13615,0.7951782,0.07894736842105263
13616,0.4140203,0.14442270058708415
13617,0.83621293,0.0
13618,0.10701179,0.0
13619,0.21454257,0.0
13620,0.78239375,0.13821138211382114
13621,0.64467365,0.0
13622,0.84556985,0.0
13623,0.19062886,0.0
13624,0.7939066,0.023622047244094488
13625,0.46069396,0.14285714285714285
13626,0.74388033,0.10431654676258993
13627,0.84551203,0.0
13628,0.21771798,0.0
13629,0.4472519,0.0
13630,0.6260529,0.027777777777777776
13631,0.45822278,0.12308406874129123
13632,0.76310974,0.0
13633,0.9593633,0.20335195530726258
13634,0.83070284,0.2424812030075188
13635,0.45395738,0.0
13636,0.7347087,0.0
13637,0.8736047,0.15625
13638,0.77924764,0.0
13639,0.9242383,0.29439252336448596
13640,0.26992735,0.015015015015015015
13641,0.8601955,0.0
13642,0.8045131,0.150997150997151
13643,0.70117205,0.0
13644,0.9351162,0.3422897196261682
13645,0.7247549,0.0
13646,0.8950296,1.0
13647,0.5209985,0.10909090909090909
13648,0.8760023,0.0
13649,0.6309367,0.0
13650,0.24631225,0.00625
13651,0.27629226,0.13939877627028466
13652,0.89302176,0.17453798767967146
13653,0.30662605,0.0
13654,0.66104877,0.0
13655,0.54473966,0.07319078947368421
13656,0.29844472,0.0
13657,0.14332339,0.0
13658,0.32607874,0.001629327902240326
13659,0.8610595,0.6363636363636364
13660,0.6252308,0.1048780487804878
13661,0.66032594,0.0
13662,0.7012426,0.0
13663,0.5160635,0.0013089005235602095
13664,0.80835724,0.1273344651952462
13665,0.46535134,0.0
13666,0.39633465,0.0
13667,0.6347954,0.2698412698412698
13668,0.3860919,0.0
13669,0.33905438,0.0
13670,0.62853396,0.13994439295644115
13671,0.58400506,0.0
13672,0.5583034,0.031578947368421054
13673,0.9081775,0.08333333333333333
13674,0.49966654,0.06855439642324888
13675,0.35659006,0.9638807607900512
13676,0.82535595,0.06060606060606061
13677,0.65357447,0.0273972602739726
13678,0.15453012,0.0
13679,0.38871104,0.05521922583012291
13680,0.6837335,0.0
13681,0.8444284,0.07142857142857142
13682,0.26066855,0.0
13683,0.3753821,0.14025974025974025
13684,0.7654051,0.0
13685,0.5630068,0.0
13686,0.62240404,0.0
13687,0.38075194,0.0779134295227525
13688,0.751135,0.12149532710280374
13689,0.6361221,0.0
13690,0.22445272,0.0
13691,0.30990633,0.01
13692,0.27143067,0.0
13693,0.8714995,0.017857142857142856
13694,0.7069084,0.0425531914893617
13695,0.27432725,0.11918434313840384
13696,0.22591123,0.0029552170947942714
13697,0.32441014,0.0
13698,0.79206735,0.0
13699,0.33315712,0.0125
13700,0.70327866,0.1
13701,0.6394286,0.0
13702,0.44857612,0.00018050541516245486
13703,0.3724581,0.0
13704,0.25445828,0.0
13705,0.95949227,0.18075801749271136
13706,0.21043147,0.77532515112658
13707,0.5857621,0.0
13708,0.27619419,0.0001441753171856978
13709,0.4974946,0.0
13710,0.17687432,0.0
13711,0.37996343,0.0
13712,0.8996257,0.1
13713,0.6726096,0.0
13714,0.21634792,0.0
13715,0.8544161,0.0
13716,0.8553431,0.0
13717,0.74435943,0.0
13718,0.70108825,0.0
13719,0.8519469,0.3482587064676617
13720,0.31905136,0.0032041012495994873
13721,0.9174376,0.0
13722,0.20513944,0.5864809274495139
13723,0.353633,0.0
13724,0.27078158,0.0
13725,0.8189333,0.0
13726,0.8859721,0.11811023622047244
13727,0.72652125,0.05263157894736842
13728,0.46232858,0.15964125560538117
13729,0.6297555,0.03571428571428571
13730,0.9480898,0.2901296111665005
13731,0.7170038,0.0
13732,0.8569034,0.0
13733,0.39669695,0.0
13734,0.23937479,0.0
13735,0.23371027,0.7032311364053607
13736,0.31381124,0.0
13737,0.3523499,0.0
13738,0.29670507,0.10869565217391304
13739,0.3093892,0.07132650631102644
13740,0.7818206,0.004044489383215369
13741,0.7060631,0.0
13742,0.60056037,0.0
13743,0.37639925,0.0
13744,0.27604568,0.030612244897959183
13745,0.6582778,0.02
13746,0.5137693,0.07964601769911504
13747,0.5294682,0.012048192771084338
13748,0.79985034,0.03546099290780142
13749,0.83418727,0.10256410256410256
13750,0.6764334,0.125
13751,0.5481119,0.0
13752,0.43703774,0.0033291718684977114
13753,0.7718668,0.0
13754,0.71403396,0.0
13755,0.28585178,0.0
13756,0.3792761,0.00482315112540193
13757,0.30969054,0.15
13758,0.7277947,0.0
13759,0.8094361,0.2727272727272727
13760,0.5736849,0.15384615384615385
13761,0.5146817,0.0
13762,0.7210498,0.0
13763,0.69654197,0.022727272727272728
13764,0.92290705,0.252
13765,0.89987636,0.0
13766,0.74971646,0.0
13767,0.38010755,0.025
13768,0.2779578,0.5110720046927703
13769,0.3494469,0.0
13770,0.80085707,0.1686746987951807
13771,0.7682549,0.0
13772,0.8765618,0.0
13773,0.177436,0.2740171445462607
13774,0.32985508,0.0025330706445257528
13775,0.90845424,0.0
13776,0.8871417,0.0
13777,0.38200238,0.009658725048293626
13778,0.47606948,0.0
13779,0.55543303,0.0
13780,0.8906817,0.0
13781,0.9280918,0.3974358974358974
13782,0.655455,0.0
13783,0.7335842,0.0
13784,0.22254056,0.03592814371257485
13785,0.8239735,0.0
13786,0.884389,0.13333333333333333
13787,0.830993,0.0
13788,0.8729889,0.25
13789,0.20202449,0.00264783759929391
13790,0.92969066,0.11261261261261261
13791,0.6764044,0.24
13792,0.26640242,0.0
13793,0.8390404,0.3307543520309478
13794,0.24573597,0.0
13795,0.190004,0.0
13796,0.78574353,0.0
13797,0.8974057,0.0
13798,0.7449119,0.0
13799,0.88456154,0.0
13800,0.78972554,0.0
13801,0.7861972,0.07142857142857142
13802,0.39124236,0.0
13803,0.8868577,0.0
13804,0.62938887,0.0
13805,0.59583086,0.0
13806,0.62390924,0.0
13807,0.4248342,0.0
13808,0.65824115,0.0
13809,0.9072119,0.125
13810,0.88708276,0.09848484848484848
13811,0.85462356,0.0
13812,0.16393106,0.0
13813,0.55282307,0.0
13814,0.8722607,0.0
13815,0.76573753,0.0
13816,0.38278657,9.362419249133976e-05
13817,0.7177821,0.04477611940298507
13818,0.70093924,0.3560371517027864
13819,0.58505666,0.0
13820,0.2011508,0.0
13821,0.90873873,0.234375
13822,0.32496572,0.037037037037037035
13823,0.28189304,0.0
13824,0.8567601,0.08333333333333333
13825,0.89998496,0.0
13826,0.85593987,0.1875
13827,0.9129254,0.18586387434554974
13828,0.7861276,0.0
13829,0.3857724,0.0
13830,0.82762283,0.0
13831,0.90435374,0.11764705882352941
13832,0.21565665,0.018404907975460124
13833,0.74782187,0.0
13834,0.47306317,0.0
13835,0.5617957,0.0
13836,0.1591653,0.001374885426214482
13837,0.21725477,0.0
13838,0.9031205,0.0
13839,0.8354241,0.0
13840,0.908316,0.16417910447761194
13841,0.6381773,0.0
13842,0.36152735,0.0
13843,0.20914526,0.0
13844,0.7497501,0.0
13845,0.30624261,0.0
13846,0.4274216,9.122422915526363e-05
13847,0.4349245,0.0
13848,0.55273837,0.0
13849,0.16332404,0.0
13850,0.5946707,0.07243460764587525
13851,0.26312128,0.4065008025682183
13852,0.4883552,0.10362694300518134
13853,0.15040866,0.7481849094752321
13854,0.44692495,0.0
13855,0.41202563,0.05
13856,0.3947711,0.0
13857,0.25416932,0.5210944665239988
13858,0.4098774,0.0
13859,0.8842696,0.20909090909090908
13860,0.5187933,0.027777777777777776
13861,0.7330286,0.0
13862,0.7998264,0.17180616740088106
13863,0.37476662,0.0
13864,0.48288476,0.0
13865,0.24730614,0.007751937984496124
13866,0.74340814,0.0
13867,0.5382339,0.0
13868,0.4549797,0.007183908045977011
13869,0.5091582,0.001725625539257981
13870,0.7901889,0.037037037037037035
13871,0.20253439,0.0
13872,0.3015903,0.0
13873,0.41628075,0.0
13874,0.91642815,0.0
13875,0.27100345,0.0
13876,0.94363564,0.33181039406053686
13877,0.47201318,9.179364787956673e-05
13878,0.7726818,0.0
13879,0.20331939,0.0
13880,0.25637802,0.0014577259475218659
13881,0.4753913,0.0
13882,0.17106402,0.13678804855275445
13883,0.90949845,1.0
13884,0.3917795,0.0
13885,0.51320213,0.0
13886,0.7916267,0.0
13887,0.80851024,0.0
13888,0.38834792,0.0
13889,0.83194935,0.07142857142857142
13890,0.31757587,0.0
13891,0.49172,0.0
13892,0.26602083,0.5859454461396209
13893,0.8319127,0.09900990099009901
13894,0.806326,0.0
13895,0.799594,0.09259259259259259
13896,0.65014964,0.0
13897,0.8090785,0.0
13898,0.47577035,0.0
13899,0.48400742,0.00012597631645250694
13900,0.2534728,0.0
13901,0.81266266,0.0
13902,0.85341483,0.0
13903,0.8450922,0.0
13904,0.5362595,0.0
13905,0.5525022,0.0
13906,0.83633834,0.0
13907,0.27448168,0.09972677595628415
13908,0.391817,0.07309582309582309
13909,0.3651557,0.0851063829787234
13910,0.6975186,0.0
13911,0.82164407,0.3
13912,0.8148833,0.03333333333333333
13913,0.71753204,0.05555555555555555
13914,0.7260122,0.09090909090909091
13915,0.15369523,0.0005826374053214216
13916,0.85822904,0.0
13917,0.7469695,0.07350689127105667
13918,0.8320772,0.0
13919,0.23750484,0.21724137931034482
13920,0.40112162,0.0025097601784718347
13921,0.5101474,0.0
13922,0.5576462,0.0
13923,0.3940159,0.07310129488474608
13924,0.5390241,0.009523809523809525
13925,0.9164231,0.2339622641509434
13926,0.8625302,0.0
13927,0.36783934,0.019054878048780487
13928,0.88366526,0.0
13929,0.78611284,0.2
13930,0.8438048,0.0
13931,0.9194548,0.5337037931867601
13932,0.7612779,0.0
13933,0.8718801,0.0
13934,0.9040909,0.0
13935,0.6004671,0.07321085823964903
13936,0.23188582,0.0
13937,0.25622377,0.0
13938,0.91560394,0.0
13939,0.70691276,0.0
13940,0.5036638,0.0
13941,0.79083484,0.0
13942,0.17800087,0.46894043640652644
13943,0.24322209,0.0
13944,0.89380383,0.0
13945,0.3723384,0.0
13946,0.37977418,0.026810990840965863
13947,0.9174789,0.18181818181818182
13948,0.3761454,0.14285714285714285
13949,0.8533242,0.0
13950,0.2854313,0.053304904051172705
13951,0.33129752,0.001750291715285881
13952,0.30199796,0.027888446215139442
13953,0.6661426,0.0
13954,0.7751293,0.19245283018867926
13955,0.53918386,0.0
13956,0.6152006,0.0
13957,0.8518955,0.0
13958,0.20988746,0.29639204226143645
13959,0.506314,0.0
13960,0.96960974,0.3009545199326221
13961,0.6774879,0.0
13962,0.68889415,0.14285714285714285
13963,0.63914,0.099594570773841
13964,0.74853384,0.0
13965,0.5666608,0.0
13966,0.9231342,0.11706349206349206
13967,0.46741858,0.0035842293906810036
13968,0.21503252,0.0
13969,0.8233025,0.0
13970,0.8510677,0.0
13971,0.24311435,0.0
13972,0.6481491,0.17801047120418848
13973,0.66319245,0.0
13974,0.78907526,0.02564102564102564
13975,0.4017571,0.0
13976,0.52963364,0.08955223880597014
13977,0.60384184,0.0
13978,0.44934475,0.0
13979,0.6920332,0.0
13980,0.55498767,0.0
13981,0.50910705,0.09090909090909091
13982,0.7851647,0.19298245614035087
13983,0.8152776,0.06896551724137931
13984,0.41822618,0.05375139977603583
13985,0.8098201,0.029649595687331536
13986,0.572526,0.13333333333333333
13987,0.8245796,0.07142857142857142
13988,0.255017,0.0
13989,0.5595324,0.0
13990,0.24830571,0.0
13991,0.20911591,0.0
13992,0.84773666,0.0
13993,0.32680508,0.0
13994,0.7903766,0.0
13995,0.8187036,0.1346153846153846
13996,0.47471285,0.002468684282710067
13997,0.53726184,0.0
13998,0.6387679,0.07065217391304347
13999,0.83956236,0.0
14000,0.6723022,0.0
14001,0.5177887,0.10836459942617524
14002,0.8757177,0.0
14003,0.7008511,0.0
14004,0.43969634,0.0786017576774958
14005,0.8196,0.0
14006,0.3849471,0.0
14007,0.36957893,0.0
14008,0.78318274,0.0
14009,0.3752328,0.0
14010,0.7066903,0.1348314606741573
14011,0.25775823,0.0
14012,0.28016555,0.0
14013,0.72135127,0.0
14014,0.37938616,0.009271884374147804
14015,0.70674515,0.0
14016,0.27615234,0.0
14017,0.7979418,0.0
14018,0.42483878,0.0033274179236912156
14019,0.67049325,0.0
14020,0.8984428,0.25132275132275134
14021,0.9245493,0.4084507042253521
14022,0.29521954,0.0
14023,0.48521522,0.0
14024,0.5399454,0.0
14025,0.47557917,0.055762081784386616
14026,0.7824663,0.0
14027,0.8172469,0.1111111111111111
14028,0.8716764,0.2235142118863049
14029,0.5889214,0.08764940239043825
14030,0.62814564,0.0
14031,0.47140855,0.0625
14032,0.23565684,0.05339805825242718
14033,0.71991426,0.0
14034,0.4976349,0.0
14035,0.20851366,0.01965510847394771
14036,0.49625406,0.009426551453260016
14037,0.6145199,0.0
14038,0.8854116,0.0
14039,0.26907802,0.007182761372705506
14040,0.48679546,0.0
14041,0.8576375,0.0
14042,0.296595,0.0
14043,0.6751336,0.11594202898550725
14044,0.12081265,0.4045482357740159
14045,0.2213257,0.0936726272352132
14046,0.76453185,0.037037037037037035
14047,0.47129783,0.07377049180327869
14048,0.88060325,0.058823529411764705
14049,0.5346326,0.00021401819154628142
14050,0.7895675,0.1004566210045662
14051,0.39912286,0.0
14052,0.84677994,0.0
14053,0.4084045,0.0
14054,0.76149887,0.046153846153846156
14055,0.8504394,0.0
14056,0.369459,0.0
14057,0.81724787,0.10559006211180125
14058,0.78463143,0.0
14059,0.8821934,0.0
14060,0.96605873,0.24480369515011546
14061,0.82541656,0.0
14062,0.41137028,0.009962640099626401
14063,0.7766156,0.19592373438527286
14064,0.43927088,0.0
14065,0.3732089,0.0
14066,0.6728985,0.0
14067,0.51882243,0.010080645161290322
14068,0.6535781,0.0
14069,0.8275933,0.0
14070,0.84814435,0.0
14071,0.5832069,0.0
14072,0.6946908,0.0
14073,0.70613503,0.0
14074,0.4290871,0.14637406706026512
14075,0.8208081,0.0
14076,0.24172483,0.0
14077,0.44512793,0.0
14078,0.60353845,0.0
14079,0.77013224,0.045454545454545456
14080,0.21600413,0.0
14081,0.21482664,0.0
14082,0.31536093,0.02857142857142857
14083,0.26866505,0.0
14084,0.74996746,0.0
14085,0.27933273,0.01788344203660846
14086,0.34216836,0.996984649122807
14087,0.20990781,0.0
14088,0.8656584,0.2821997105643994
14089,0.90553254,0.0
14090,0.5283754,0.0
14091,0.42033496,0.0
14092,0.7057066,0.0
14093,0.49657017,0.0
14094,0.7980534,0.0
14095,0.4613734,0.0
14096,0.49257693,0.0
14097,0.6285908,0.026737967914438502
14098,0.66018265,0.0
14099,0.41177768,0.007692307692307693
14100,0.5126608,0.0
14101,0.87493825,0.15262321144674085
14102,0.8504761,0.0
14103,0.6106104,0.05
14104,0.16318397,0.0
14105,0.24253865,0.0
14106,0.31583643,0.0
14107,0.42688105,0.0
14108,0.4338879,0.0006870019236053861
14109,0.7341772,0.19556451612903225
14110,0.7038295,0.0
14111,0.24442619,0.0
14112,0.88443893,0.14285714285714285
14113,0.8261124,0.0
14114,0.65936655,0.00361794500723589
14115,0.5821377,0.0
14116,0.44179186,0.0
14117,0.89689165,0.1116751269035533
14118,0.9048627,0.045871559633027525
14119,0.7893652,0.2559055118110236
14120,0.2851398,0.004608294930875576
14121,0.43966475,0.0
14122,0.696908,0.0
14123,0.47419477,0.0
14124,0.8490326,0.14814814814814814
14125,0.20533988,0.0
14126,0.911749,0.25496688741721857
14127,0.7870866,0.0
14128,0.20073849,0.0
14129,0.827366,0.07692307692307693
14130,0.26405656,0.0
14131,0.897931,0.25
14132,0.18425457,0.012244897959183673
14133,0.86739564,0.0
14134,0.18270689,0.6096745143445259
14135,0.1801832,0.007575757575757576
14136,0.26774317,0.0
14137,0.74761254,0.0
14138,0.826005,0.10714285714285714
14139,0.77245504,0.0
14140,0.85999197,0.25
14141,0.9100469,0.0
14142,0.88447464,0.07142857142857142
14143,0.8628251,0.0
14144,0.48164737,0.010526315789473684
14145,0.4018026,0.03431372549019608
14146,0.5627039,0.0
14147,0.41957715,0.0031847133757961785
14148,0.7618488,0.19047619047619047
14149,0.2856336,0.18009478672985782
14150,0.83439946,0.008264462809917356
14151,0.8728391,1.0
14152,0.540808,0.07322424353231557
14153,0.8525851,0.046511627906976744
14154,0.8969528,0.16666666666666666
14155,0.8101356,0.19440685611186287
14156,0.46637967,0.0
14157,0.38076603,0.0
14158,0.663914,0.09302325581395349
14159,0.8172203,0.0
14160,0.90138984,0.2222222222222222
14161,0.34478992,0.01333872271624899
14162,0.72582686,0.0
14163,0.8561472,0.2
14164,0.65805995,0.007142857142857143
14165,0.9214795,0.4627659574468085
14166,0.1620184,0.0
14167,0.77717286,0.4690721649484536
14168,0.9401469,0.2774566473988439
14169,0.6589611,0.08488063660477453
14170,0.86452466,0.0
14171,0.17364772,0.45880475776037133
14172,0.96290827,0.3550561797752809
14173,0.43879005,0.0
14174,0.90467685,0.15789473684210525
14175,0.81358325,0.0
14176,0.35664904,0.08611599297012303
14177,0.43546307,0.0
14178,0.82638234,0.0
14179,0.9219828,0.11864406779661017
14180,0.88892686,0.0
14181,0.6438488,0.006741573033707865
14182,0.3710738,0.03977039770397704
14183,0.4141076,0.087248322147651
14184,0.30119267,0.07211895910780669
14185,0.9199817,0.2830687830687831
14186,0.9291589,0.25
14187,0.26433215,0.0
14188,0.69995856,0.0
14189,0.7349262,0.0
14190,0.20971055,0.0
14191,0.419975,0.00022182786157941438
14192,0.68609375,0.0
14193,0.36421034,0.0
14194,0.83862835,0.0
14195,0.80513793,0.0
14196,0.78462064,0.08641975308641975
14197,0.37376165,0.0
14198,0.86296874,0.0
14199,0.70623213,0.0
14200,0.32774773,0.0
14201,0.558788,0.038314176245210725
14202,0.88610876,0.0
14203,0.72991997,0.0
14204,0.37700188,0.1196319018404908
14205,0.34307986,0.0
14206,0.57362777,0.2
14207,0.18172392,0.35628799392097266
14208,0.9372651,0.0
14209,0.4907539,0.14285714285714285
14210,0.8924947,0.2
14211,0.9020729,0.0
14212,0.20460425,0.031166039763567976
14213,0.8142256,0.06666666666666667
14214,0.21030924,0.30070169433510185
14215,0.8779909,0.0
14216,0.13197605,0.0
14217,0.5858074,0.0
14218,0.33722815,0.0
14219,0.90829897,0.0
14220,0.8854089,0.0
14221,0.35833442,0.0
14222,0.828166,0.0
14223,0.68642104,0.0
14224,0.21743979,0.0
14225,0.62184185,0.01639344262295082
14226,0.47485197,0.05476673427991886
14227,0.6341079,0.0
14228,0.8890016,0.0
14229,0.8879378,0.0
14230,0.3447857,0.0
14231,0.6332527,0.0
14232,0.21681255,0.0
14233,0.21133824,0.6808885754583921
14234,0.8511791,0.0
14235,0.63587093,0.023255813953488372
14236,0.87037176,0.058823529411764705
14237,0.66672117,0.0
14238,0.45953655,0.07323763372039864
14239,0.9150854,0.0
14240,0.7956271,0.23687580025608196
14241,0.895735,0.0
14242,0.9044483,0.125
14243,0.604258,0.17124183006535948
14244,0.4683987,9.63855421686747e-05
14245,0.23103216,0.0
14246,0.5018927,0.0
14247,0.44654277,0.0
14248,0.8831505,0.0
14249,0.30610794,0.0
14250,0.81046975,0.0
14251,0.8463348,0.0
14252,0.3323871,0.01652198263791655
14253,0.62269634,0.0
14254,0.42059845,0.13137948458817586
14255,0.27393284,0.2931892506753875
14256,0.35152066,0.3392335766423358
14257,0.4512825,0.0
14258,0.86044896,0.22556390977443608
14259,0.608546,0.0
14260,0.8527611,0.0
14261,0.24277274,0.22160228898426323
14262,0.60849833,0.13852813852813853
14263,0.23625092,0.0
14264,0.5358186,0.0
14265,0.5365289,0.0
14266,0.5108419,0.0
14267,0.81350297,0.0
14268,0.9169209,0.3230452674897119
14269,0.661537,0.0006330449461911796
14270,0.1971616,0.0
14271,0.7601087,0.0
14272,0.6221145,0.6237755587256301
14273,0.30539396,0.02564102564102564
14274,0.91217446,0.012195121951219513
14275,0.85561305,0.8197645904855321
14276,0.40533566,0.0
14277,0.7654984,0.15384615384615385
14278,0.48341247,0.0
14279,0.46541193,0.0
14280,0.60886675,0.0
14281,0.18806793,0.0
14282,0.8208111,0.0
14283,0.27138495,0.0
14284,0.4169142,0.038461538461538464
14285,0.29089236,0.0
14286,0.47090673,0.0
14287,0.3129652,0.0
14288,0.42832938,0.0
14289,0.2612181,0.23026638339597974
14290,0.36463326,0.0
14291,0.79808336,0.14285714285714285
14292,0.90215665,0.0
14293,0.92026335,0.0
14294,0.3679289,0.0
14295,0.7184916,0.03389830508474576
14296,0.8826242,0.0
14297,0.33324334,0.07852161785216179
14298,0.21762495,0.09024390243902439
14299,0.29667404,0.0
14300,0.24618433,0.058823529411764705
14301,0.48413995,0.0
14302,0.5989328,0.0078125
14303,0.14611481,0.0
14304,0.6826416,0.0
14305,0.8574707,0.0
14306,0.6552952,0.021739130434782608
14307,0.82758886,0.0
14308,0.55024266,0.0
14309,0.451219,0.3506756756756757
14310,0.25604805,0.0
14311,0.27190447,0.0
14312,0.759207,0.0
14313,0.9081516,0.0
14314,0.49527895,0.06142417104547925
14315,0.7491459,0.008264462809917356
14316,0.6911319,0.0
14317,0.29236504,0.0625
14318,0.886595,0.0
14319,0.78645134,0.0
14320,0.3346729,0.028846153846153848
14321,0.30323577,0.0
14322,0.17566486,0.0
14323,0.85768676,0.0
14324,0.6469341,0.13450292397660818
14325,0.8051841,0.03305785123966942
14326,0.17192246,0.0
14327,0.75333095,0.0
14328,0.80420285,0.0
14329,0.74027,0.0
14330,0.7939248,0.0
14331,0.29980412,0.01447178002894356
14332,0.67059857,0.5
14333,0.9072341,0.0
14334,0.15967862,0.19836065573770492
14335,0.8867194,0.0
14336,0.8439135,0.0
14337,0.555179,0.12357217030114226
14338,0.7404148,0.25
14339,0.3029969,0.1111111111111111
14340,0.7580655,0.0
14341,0.8482092,0.08641975308641975
14342,0.2793013,0.0
14343,0.8150083,0.03076923076923077
14344,0.5666223,0.0
14345,0.7808623,0.0
14346,0.88844115,0.17391304347826086
14347,0.67622197,0.0
14348,0.50430757,0.0
14349,0.26637372,0.0
14350,0.6442833,0.125
14351,0.6985452,0.0
14352,0.33335128,0.07142857142857142
14353,0.67454374,0.0
14354,0.60335976,0.6218057921635435
14355,0.88670135,0.058823529411764705
14356,0.8355034,0.0
14357,0.94968575,0.18518518518518517
14358,0.13437518,0.0
14359,0.52087367,0.0
14360,0.8514592,0.02922077922077922
14361,0.7961917,0.0
14362,0.27270833,0.0
14363,0.9259251,0.18478260869565216
14364,0.6509344,0.0
14365,0.775547,0.0
14366,0.94015986,0.0
14367,0.8914521,0.0
14368,0.7924268,0.0
14369,0.6603573,0.11764705882352941
14370,0.78915596,0.25
14371,0.56240493,0.0
14372,0.9121316,0.07272727272727272
14373,0.63422996,0.0724907063197026
14374,0.83033156,0.10344827586206896
14375,0.75206316,0.0
14376,0.39547732,0.13225930928033958
14377,0.87841713,0.08571428571428572
14378,0.8884934,0.05263157894736842
14379,0.28973773,0.0
14380,0.16531052,0.0
14381,0.8050191,0.1232876712328767
14382,0.35393983,0.01532567049808429
14383,0.1988025,0.0
14384,0.18482925,0.25044968786371813
14385,0.45819053,0.0
14386,0.8819017,0.0
14387,0.6284197,0.0
14388,0.6509352,0.0
14389,0.87679964,0.0
14390,0.38384977,0.0
14391,0.16429289,0.0
14392,0.9153474,0.0
14393,0.79759055,0.0
14394,0.5897812,0.0
14395,0.9196042,0.0
14396,0.14408644,0.0056329676845538095
14397,0.6227549,0.0
14398,0.49960762,0.07267600509368746
14399,0.89339113,0.0
14400,0.21045336,0.0
14401,0.7472067,0.05405405405405406
14402,0.927562,1.0
14403,0.8465785,0.040339702760084924
14404,0.6797383,0.0
14405,0.9484151,0.2577833125778331
14406,0.23663777,0.0
14407,0.8522485,0.043478260869565216
14408,0.57820004,0.08333333333333333
14409,0.31724435,0.03582485625829279
14410,0.74374115,0.0
14411,0.21356028,0.0
14412,0.4645154,0.2910662824207493
14413,0.28171527,0.0
14414,0.49678448,0.0
14415,0.31942418,0.0036101083032490976
14416,0.4302691,0.0
14417,0.4318245,0.04938271604938271
14418,0.7278484,0.0
14419,0.32917297,0.041666666666666664
14420,0.24000594,0.017543859649122806
14421,0.8685321,0.0
14422,0.45949432,0.031417624521072794
14423,0.24182858,0.09523809523809523
14424,0.6167773,0.0
14425,0.8539846,0.0
14426,0.2714466,0.0
14427,0.5298177,0.0
14428,0.58504677,0.07319078947368421
14429,0.7032372,0.0
14430,0.8374904,0.1111111111111111
14431,0.9263097,0.2694300518134715
14432,0.8715361,0.2935323383084577
14433,0.53109854,0.12244897959183673
14434,0.82747924,0.08333333333333333
14435,0.3495394,0.030303030303030304
14436,0.962583,0.21052631578947367
14437,0.40000358,0.0
14438,0.25852358,0.48255920690288234
14439,0.8983988,0.0
14440,0.4832989,0.20034246575342465
14441,0.4915306,0.0
14442,0.53340214,0.024446142093200916
14443,0.29294294,0.0006657789613848203
14444,0.91261536,0.21739130434782608
14445,0.21267574,0.0
14446,0.90963167,0.0
14447,0.17470098,0.11487586487586487
14448,0.7668217,0.02040816326530612
14449,0.81432205,0.0
14450,0.77713853,0.0
14451,0.2077093,0.06666666666666667
14452,0.38849697,0.02702702702702703
14453,0.80620897,0.011904761904761904
14454,0.3862294,0.0
14455,0.34298396,0.011494252873563218
14456,0.70491356,0.0
14457,0.89087695,0.017857142857142856
14458,0.4733691,0.03225806451612903
14459,0.42883655,0.0
14460,0.28738657,0.0
14461,0.7829999,0.2727272727272727
14462,0.8677383,0.11290322580645161
14463,0.8313451,0.0
14464,0.78876066,0.125
14465,0.52098614,0.0
14466,0.19092935,0.33371212121212124
14467,0.2600682,0.0
14468,0.3026645,0.0
14469,0.39020678,0.07317519919406539
14470,0.81968737,0.1891891891891892
14471,0.3362093,0.0
14472,0.6002735,0.26666666666666666
14473,0.5281525,0.038461538461538464
14474,0.89345855,0.0
14475,0.78656,0.0
14476,0.7840733,0.0
14477,0.8800489,0.0
14478,0.9078591,0.0
14479,0.8361394,0.0
14480,0.8482536,0.0
14481,0.2159668,0.5475527258257064
14482,0.54124105,0.07279439606209769
14483,0.41639853,0.0
14484,0.7565981,0.0
14485,0.7681535,0.0
14486,0.6253959,0.0024752475247524753
14487,0.7219783,0.0
14488,0.7114254,0.0
14489,0.40657014,0.0
14490,0.4759088,0.07319747783971489
14491,0.7484984,0.0
14492,0.7264712,0.07608695652173914
14493,0.5843879,0.0
14494,0.8278375,0.054945054945054944
14495,0.92406476,0.037037037037037035
14496,0.65903926,0.003816793893129771
14497,0.37715858,0.0
14498,0.8747292,0.0
14499,0.793682,0.0
14500,0.8560734,0.0
14501,0.8447294,0.4510532837670384
14502,0.90612644,0.0
14503,0.6308748,0.16666666666666666
14504,0.61519104,0.0
14505,0.940609,0.0
14506,0.68497056,0.0
14507,0.90784764,0.10526315789473684
14508,0.29925087,0.0
14509,0.43757454,0.02033492822966507
14510,0.37910897,0.00037005057357838907
14511,0.852734,0.0
14512,0.6130203,0.0
14513,0.24616365,0.25
14514,0.19309728,0.0
14515,0.2646627,0.0
14516,0.42069292,0.0
14517,0.8158566,0.0
14518,0.9228188,0.25
14519,0.7251117,0.0
14520,0.82075876,0.10126582278481013
14521,0.15543067,0.0
14522,0.7116719,0.0
14523,0.9015954,0.20930232558139536
14524,0.59502685,0.2
14525,0.40669513,0.0
14526,0.33639452,0.0
14527,0.26117885,0.0
14528,0.7989245,0.0
14529,0.85962605,0.0
14530,0.30972072,0.0
14531,0.36229873,0.003105590062111801
14532,0.51297647,0.0
14533,0.83318496,0.0
14534,0.8963867,0.0
14535,0.31978706,0.16640138908985674
14536,0.89159465,0.0
14537,0.75673705,0.08888888888888889
14538,0.8269024,0.0
14539,0.7660843,0.0
14540,0.28261182,0.3216451357764303
14541,0.9007239,0.0
14542,0.82492614,0.0
14543,0.79190683,0.08888888888888889
14544,0.28059334,0.8203361807660513
14545,0.9442553,0.1111111111111111
14546,0.43723637,0.0
14547,0.19485733,0.8667826405420253
14548,0.8631639,0.0
14549,0.3046624,0.072644098810613
14550,0.5985476,0.0
14551,0.33014882,0.0
14552,0.303518,0.006896551724137931
14553,0.6986147,0.0
14554,0.33641502,0.00847457627118644
14555,0.8870114,0.11764705882352941
14556,0.18850107,0.03171247357293869
14557,0.94039935,0.16379310344827586
14558,0.3066735,0.7099404489234997
14559,0.1983664,0.001568781253064026
14560,0.35115668,0.4826927399415599
14561,0.5655396,0.09856292640441283
14562,0.6239417,0.0
14563,0.5743654,0.2
14564,0.9198594,0.0
14565,0.35383138,0.00749063670411985
14566,0.1489998,0.36277421208928057
14567,0.33934465,0.1725268958278667
14568,0.8034302,0.125
14569,0.25332373,0.0
14570,0.7919259,0.03125
14571,0.34169406,0.058823529411764705
14572,0.88822865,0.0
14573,0.18142249,0.0
14574,0.39379758,0.0
14575,0.24076712,0.0
14576,0.92162603,0.05084745762711865
14577,0.69324434,0.08333333333333333
14578,0.26949903,0.00032583903551645487
14579,0.1808111,0.001160092807424594
14580,0.731827,0.0008782201405152225
14581,0.35192567,0.013136288998357963
14582,0.7830161,0.0
14583,0.5542553,0.055542312276519665
14584,0.3137415,0.0019127316198445906
14585,0.88287354,0.0
14586,0.2059031,0.0
14587,0.743787,0.21233766233766233
14588,0.872981,0.15
14589,0.62822264,0.041666666666666664
14590,0.51338947,0.0
14591,0.76537734,0.0
14592,0.62297076,0.0
14593,0.8456044,0.0
14594,0.18773438,0.00022163120567375886
14595,0.82576954,0.0
14596,0.26771426,0.0
14597,0.7366494,0.07317073170731707
14598,0.6589981,0.00782608695652174
14599,0.4301071,0.027906976744186046
14600,0.37353006,0.09158415841584158
14601,0.5023232,0.0
14602,0.19186126,0.0
14603,0.9011231,0.0
14604,0.8356939,0.0
14605,0.3523327,0.0
14606,0.8733754,1.0
14607,0.6550215,0.02040816326530612
14608,0.28880328,0.07618774495746104
14609,0.2908427,0.0
14610,0.82082134,0.12410501193317422
14611,0.77645856,0.0
14612,0.39622483,0.0
14613,0.88919246,0.21428571428571427
14614,0.32773626,0.015384615384615385
14615,0.8325921,0.11764705882352941
14616,0.87733734,0.14285714285714285
14617,0.32511178,0.0
14618,0.6265663,0.03355704697986577
14619,0.8719782,0.0
14620,0.84920794,0.07142857142857142
14621,0.62955195,0.0
14622,0.5062102,0.0
14623,0.26472634,0.0
14624,0.340085,0.06683168316831684
14625,0.23113512,0.0
14626,0.17694966,0.4812588069516205
14627,0.5690355,0.23838495575221239
14628,0.33912435,0.0
14629,0.8566919,0.2633587786259542
14630,0.9091299,0.0
14631,0.27479836,0.02356202356202356
14632,0.8556053,0.0
14633,0.8585675,0.07142857142857142
14634,0.38396978,0.0
14635,0.29683545,0.595852534562212
14636,0.887558,0.0
14637,0.29127795,0.06738894907908992
14638,0.19562823,0.0
14639,0.8383169,0.21364653243847875
14640,0.81225353,0.0
14641,0.36372003,0.0
14642,0.6276601,0.0
14643,0.84690726,0.0
14644,0.68175095,0.0
14645,0.5490471,0.000564652738565782
14646,0.96101063,0.32456140350877194
14647,0.34550467,0.11022364217252396
14648,0.64162004,0.0
14649,0.3172331,0.0
14650,0.7883018,0.0
14651,0.5703356,0.0
14652,0.85791576,0.0
14653,0.81586957,0.12280701754385964
14654,0.62890345,1.0
14655,0.22192493,0.0
14656,0.704259,0.0
14657,0.8764985,0.16161616161616163
14658,0.81570923,0.13580246913580246
14659,0.8361606,0.0
14660,0.4779625,0.328514303291295
14661,0.9233935,0.24691358024691357
14662,0.6357161,0.0
14663,0.25319695,0.0
14664,0.8071494,0.0
14665,0.8528603,0.6
14666,0.88986385,0.04081632653061224
14667,0.25074905,0.0
14668,0.20292659,0.2459883296863603
14669,0.27523202,0.5437610406295166
14670,0.30572233,0.09774436090225563
14671,0.2841513,0.3643652141105452
14672,0.21191029,0.0
14673,0.8742075,0.09917355371900827
14674,0.40710667,0.5278113663845224
14675,0.7455425,0.25
14676,0.40237498,0.0
14677,0.74189204,0.24077328646748683
14678,0.62172306,0.007614213197969543
14679,0.630546,0.0
14680,0.22024636,0.0
14681,0.63867897,0.0
14682,0.50129014,0.14439655172413793
14683,0.870153,0.0
14684,0.91823626,0.13909774436090225
14685,0.78500634,0.0
14686,0.8571308,0.0
14687,0.5576193,0.09392265193370165
14688,0.40032092,0.0
14689,0.7091611,0.0
14690,0.31833765,0.0
14691,0.30337366,0.0
14692,0.4259396,0.27797081306462823
14693,0.26644585,0.0
14694,0.19173253,0.4855332047395977
14695,0.29427144,0.19619591060389918
14696,0.8884199,0.1553398058252427
14697,0.39747897,0.0
14698,0.16334334,0.0
14699,0.53126115,0.0
14700,0.93385315,0.09669811320754718
14701,0.5170253,0.0
14702,0.59976214,0.005405405405405406
14703,0.6132532,0.07692307692307693
14704,0.21293478,0.0
14705,0.25239545,0.004032258064516129
14706,0.15480165,0.0
14707,0.314558,0.0
14708,0.83847326,0.0
14709,0.32124168,1.0
14710,0.33709842,0.0
14711,0.55930114,0.04477611940298507
14712,0.8427578,0.0
14713,0.8675288,0.0
14714,0.5942327,0.0
14715,0.47369644,0.0
14716,0.35389873,0.0
14717,0.19107655,0.0
14718,0.40430585,0.058823529411764705
14719,0.29004234,0.34703029193740276
14720,0.7703393,0.03125
14721,0.32074106,0.0
14722,0.658678,0.0
14723,0.13791972,0.0
14724,0.36583424,0.008130081300813009
14725,0.17808786,0.0
14726,0.82478803,0.0
14727,0.5346907,0.0
14728,0.9200298,0.23552123552123552
14729,0.32783517,0.0
14730,0.32774982,0.012658227848101266
14731,0.46304497,0.010752688172043012
14732,0.6212349,0.0002349072116513977
14733,0.25514394,0.007434944237918215
14734,0.35435128,0.0007481296758104738
14735,0.83000153,0.0
14736,0.6057017,0.0
14737,0.23820134,0.0
14738,0.9257528,0.0
14739,0.36981338,0.0
14740,0.3172443,0.0004227436060029592
14741,0.14741002,0.0
14742,0.20389725,0.32776402640264024
14743,0.68962806,0.0031409501374165686
14744,0.4052604,0.9893996161930001
14745,0.3398454,0.005960168629161215
14746,0.24535653,0.0
14747,0.6031638,0.0
14748,0.8528928,0.0
14749,0.4985269,0.0
14750,0.8818149,0.1044776119402985
14751,0.39115396,0.0
14752,0.8790722,0.03333333333333333
14753,0.30319953,0.9934192486975596
14754,0.9141096,0.057971014492753624
14755,0.5247378,0.07319078947368421
14756,0.25343877,0.0
14757,0.8912863,0.0
14758,0.86409646,0.2222222222222222
14759,0.68671095,0.0
14760,0.8627783,0.0
14761,0.7603772,0.0
14762,0.9094287,0.46153846153846156
14763,0.57065713,0.006144088791992865
14764,0.62838465,0.0
14765,0.89949137,0.0
14766,0.8567916,0.047619047619047616
14767,0.87697184,0.0
14768,0.5075465,0.005782999816412704
14769,0.2033551,0.24473924977127173
14770,0.7319614,0.0
14771,0.9178953,0.08888888888888889
14772,0.6007551,0.046296296296296294
14773,0.16560045,0.0
14774,0.534238,0.11904761904761904
14775,0.624679,0.0
14776,0.8070268,0.020655737704918034
14777,0.81204975,0.0
14778,0.33186567,0.10526315789473684
14779,0.39480338,0.0
14780,0.7755076,1.0
14781,0.75428015,0.0
14782,0.68509984,0.05555555555555555
14783,0.8148708,0.037037037037037035
14784,0.8166528,0.0
14785,0.79514366,0.1111111111111111
14786,0.5547794,0.07219886675196491
14787,0.82580185,0.0
14788,0.5822193,0.0
14789,0.9287327,0.1909722222222222
14790,0.38523993,0.0
14791,0.4035787,0.10799899066363866
14792,0.18285845,0.0
14793,0.28739506,0.0
14794,0.22813985,0.013530601922104198
14795,0.7292746,0.0
14796,0.59349823,0.07302805959235902
14797,0.87003696,0.0
14798,0.93361664,0.19313304721030042
14799,0.618851,0.10576923076923077
14800,0.27850357,0.0
14801,0.86260945,0.08701854493580599
14802,0.32634544,0.06443298969072164
14803,0.8540512,0.0
14804,0.28417876,0.0
14805,0.8549783,0.018518518518518517
14806,0.69317,0.16666666666666666
14807,0.5873228,0.0
14808,0.264736,0.0
14809,0.37888446,0.0
14810,0.52521056,0.13157894736842105
14811,0.48919275,0.09022769056710507
14812,0.4033811,0.0
14813,0.29233345,0.0
14814,0.75318503,0.0
14815,0.5278442,0.029411764705882353
14816,0.52198213,0.05145413870246085
14817,0.25435036,0.0048543689320388345
14818,0.24268682,0.0
14819,0.40034974,0.03349282296650718
14820,0.49986768,0.0
14821,0.7883103,0.0
14822,0.8289863,0.11529933481152993
14823,0.48371595,0.0
14824,0.7151863,0.0
14825,0.82202524,0.04
14826,0.8237048,0.0
14827,0.2515347,0.0
14828,0.7667466,0.0
14829,0.73832643,0.03571428571428571
14830,0.81655127,0.0
14831,0.643569,0.015037593984962405
14832,0.92038625,0.0
14833,0.76133734,0.0
14834,0.15469337,0.0
14835,0.8846475,0.0
14836,0.15713565,0.0
14837,0.59961754,0.0
14838,0.6890373,0.0
14839,0.96119416,0.47329143754909664
14840,0.20859854,0.0
14841,0.59713846,0.0
14842,0.55430835,0.0
14843,0.19505678,0.0
14844,0.89268565,0.17647058823529413
14845,0.75645965,0.0
14846,0.39919496,0.0
14847,0.5603066,0.017857142857142856
14848,0.8017435,0.0
14849,0.19730249,0.0
14850,0.59064615,0.0
14851,0.8578994,0.0
14852,0.3346165,0.03969957081545064
14853,0.2619948,0.009577347491151364
14854,0.29447275,0.0636042402826855
14855,0.22027373,0.0
14856,0.8469752,0.0
14857,0.91982645,0.0
14858,0.928423,0.0
14859,0.77283096,0.075
14860,0.94393194,0.0
14861,0.77665776,0.08695652173913043
14862,0.91149586,0.0
14863,0.22778507,0.0
14864,0.8560162,0.25
14865,0.6985606,0.030303030303030304
14866,0.7563362,0.0
14867,0.29930428,0.0
14868,0.91834325,0.17269076305220885
14869,0.7717638,0.0
14870,0.7634987,0.0
14871,0.867869,0.0
14872,0.31711322,0.0003970223325062035
14873,0.3138736,0.09499575911789652
14874,0.23288293,0.746639846392978
14875,0.5577325,0.0
14876,0.7257554,0.07777777777777778
14877,0.18694362,0.0
14878,0.44970873,0.18971631205673758
14879,0.6487955,0.0
14880,0.7812683,0.0
14881,0.9055537,0.0
14882,0.8126078,0.19725738396624473
14883,0.59259874,0.03896103896103896
14884,0.87859267,0.25
14885,0.8616485,0.0
14886,0.3966607,0.02125984251968504
14887,0.90854543,0.21912350597609562
14888,0.90938556,0.25
14889,0.73827904,0.12195121951219512
14890,0.14785,0.7814317033647888
14891,0.79899573,0.0
14892,0.8897533,0.13322884012539185
14893,0.919176,0.11
14894,0.23735815,0.17569106532767367
14895,0.54535234,0.0679970436067997
14896,0.8754985,0.0
14897,0.18618135,0.0
14898,0.6081949,0.0
14899,0.8947886,0.18232044198895028
14900,0.4753403,0.3163023439557545
14901,0.14431347,0.35621711792634414
14902,0.39925417,0.009104704097116844
14903,0.6665832,0.0
14904,0.6550186,0.0
14905,0.9158043,0.125
14906,0.33951396,0.03016924208977189
14907,0.7777995,0.4166666666666667
14908,0.4212261,0.0
14909,0.23363578,0.0
14910,0.74064404,0.08333333333333333
14911,0.8715129,0.0
14912,0.30614695,0.0
14913,0.5448312,0.0
14914,0.35921347,0.0
14915,0.8983914,0.09302325581395349
14916,0.8868788,0.0
14917,0.24641353,0.05511811023622047
14918,0.37959942,0.0007079646017699115
14919,0.6044085,0.0
14920,0.8065149,0.0
14921,0.8459502,0.0625
14922,0.5139943,0.0660377358490566
14923,0.87314177,0.0
14924,0.24437602,0.15974729241877256
14925,0.32945636,0.014864071973401134
14926,0.75551516,0.0
14927,0.75081295,0.0
14928,0.28761443,0.00975609756097561
14929,0.7819568,0.0
14930,0.91217566,0.2682926829268293
14931,0.44670567,0.9895747599451303
14932,0.8410801,0.5
14933,0.39863616,0.0
14934,0.92095983,0.0
14935,0.85746,0.018867924528301886
14936,0.9356311,0.16377171215880892
14937,0.44981316,0.0
14938,0.8517182,0.0
14939,0.6149623,0.0
14940,0.89073193,0.0
14941,0.9245359,0.18025258323765786
14942,0.7610604,0.0
14943,0.21029536,0.33782023447676945
14944,0.6761777,0.0
14945,0.68296653,0.0
14946,0.31439435,0.0
14947,0.28912976,0.0
14948,0.23364925,0.0
14949,0.20363368,0.1908286403861625
14950,0.17935857,0.0048543689320388345
14951,0.44182754,0.0
14952,0.8518745,0.13043478260869565
14953,0.17974877,0.0
14954,0.37757814,0.0
14955,0.20639564,0.0
14956,0.3807755,0.0
14957,0.49182132,0.006802721088435374
14958,0.2565173,0.0
14959,0.8676424,0.0
14960,0.9364985,0.15609756097560976
14961,0.68854713,0.6722745625841184
14962,0.93926555,0.1134020618556701
14963,0.54553723,0.0
14964,0.8853156,0.16666666666666666
14965,0.23865567,0.0
14966,0.23577604,0.0
14967,0.8763362,0.2
14968,0.49734023,0.041666666666666664
14969,0.46444273,0.0004706325301204819
14970,0.18398611,0.0
14971,0.8229213,0.0
14972,0.5331823,0.0
14973,0.2622704,0.0
14974,0.20699702,0.0
14975,0.26624528,0.0
14976,0.12304092,0.2742616033755274
14977,0.2788828,0.8554580362040592
14978,0.2266514,0.031020408163265307
14979,0.8278546,0.13333333333333333
14980,0.90464866,0.2623108335335095
14981,0.8253896,0.0
14982,0.809846,0.0
14983,0.90373594,0.302158273381295
14984,0.58087003,0.014925373134328358
14985,0.70925236,0.01694915254237288
14986,0.12925783,0.005189620758483034
14987,0.8805437,0.0
14988,0.48442757,0.0
14989,0.8401903,0.0
14990,0.74658525,0.0
14991,0.95163727,0.24285714285714285
14992,0.19042821,0.0016155088852988692
14993,0.90220976,0.2154696132596685
14994,0.18653512,0.0
14995,0.81327236,0.21929824561403508
14996,0.69966656,0.052083333333333336
14997,0.35265088,0.0046439628482972135
14998,0.8338668,0.0
14999,0.6183198,0.025
15000,0.50122726,0.0
15001,0.54828805,0.0
15002,0.89984465,0.08633093525179857
15003,0.6791754,0.0
15004,0.6143187,0.21818181818181817
15005,0.26178458,0.0
15006,0.42253673,0.0
15007,0.69976735,0.06206896551724138
15008,0.870211,0.0
15009,0.8346724,0.0
15010,0.6030211,0.0
15011,0.84454596,0.5
15012,0.34279156,0.008298755186721992
15013,0.73257935,0.0
15014,0.87662125,0.0
15015,0.8427947,0.125
15016,0.23425639,0.0
15017,0.9138107,0.0
15018,0.21775497,0.0
15019,0.7886676,0.0
15020,0.8798931,0.1326530612244898
15021,0.54429936,0.0
15022,0.64688885,0.0
15023,0.8463938,0.0
15024,0.7379008,0.0
15025,0.26297092,0.7140896614821592
15026,0.63320345,0.0
15027,0.6919597,0.022222222222222223
15028,0.85927665,0.0
15029,0.65368146,0.0
15030,0.9606926,0.33
15031,0.6936487,0.041666666666666664
15032,0.873535,0.0
15033,0.483651,0.0
15034,0.35308343,0.010309278350515464
15035,0.3438627,0.37394627402495223
15036,0.5515518,0.0
15037,0.9332461,0.273224043715847
15038,0.78230685,0.0
15039,0.53176224,0.03278688524590164
15040,0.84492457,0.0
15041,0.19695888,0.0
15042,0.40555325,0.0
15043,0.3465836,0.0
15044,0.5237499,0.0
15045,0.3209507,0.44060501721593703
15046,0.8311385,0.04054054054054054
15047,0.17793833,0.0014652014652014652
15048,0.27156052,0.0
15049,0.86634886,0.0
15050,0.93406653,0.0
15051,0.253921,0.0
15052,0.92828804,0.058823529411764705
15053,0.120541245,0.15358832807570977
15054,0.9042039,0.022727272727272728
15055,0.88263655,0.061224489795918366
15056,0.27190214,9.264406151565684e-05
15057,0.35077673,0.010723860589812333
15058,0.8275361,0.0
15059,0.37029454,0.05555555555555555
15060,0.717372,0.0
15061,0.86764985,0.0
15062,0.63573563,0.0
15063,0.89224166,0.0
15064,0.44457176,0.0
15065,0.46017864,0.03163786809442687
15066,0.43758705,0.0
15067,0.84916687,0.0
15068,0.2531002,0.0
15069,0.45645434,0.025423728813559324
15070,0.5362086,0.0
15071,0.77549577,0.0
15072,0.4899528,0.09352517985611511
15073,0.8913866,0.1780821917808219
15074,0.2399191,0.08035714285714286
15075,0.7198998,0.0
15076,0.5282951,0.0
15077,0.7878727,0.010869565217391304
15078,0.38802108,0.0
15079,0.7531683,0.0
15080,0.72399455,0.047619047619047616
15081,0.6053768,0.0
15082,0.22784334,0.008064516129032258
15083,0.6644167,0.0
15084,0.64484453,0.0
15085,0.70000196,0.0
15086,0.89226216,0.0
15087,0.21902975,0.009345794392523364
15088,0.31889394,0.0
15089,0.18659642,0.04277750848279205
15090,0.8503098,0.019230769230769232
15091,0.24320668,0.0
15092,0.8353384,0.0
15093,0.9511197,0.2947443181818182
15094,0.8277472,0.171875
15095,0.3384872,0.0014835327860745723
15096,0.24529926,0.0
15097,0.6481732,0.0449438202247191
15098,0.8129686,0.0
15099,0.8816995,0.0
15100,0.16908579,0.0021413276231263384
15101,0.9579504,0.49252013808975836
15102,0.47656205,0.0
15103,0.31564975,0.02830188679245283
15104,0.19469611,0.0
15105,0.24303792,0.0
15106,0.5688612,0.12
15107,0.79254645,0.0
15108,0.6592645,0.0
15109,0.37565783,0.0
15110,0.47239476,0.0
15111,0.22120075,0.009640102827763496
15112,0.92071635,0.0
15113,0.621346,0.0
15114,0.853675,0.19230769230769232
15115,0.39647052,0.0
15116,0.7781211,0.037914691943127965
15117,0.82129186,0.10902255639097744
15118,0.9018244,0.0
15119,0.90470666,0.0
15120,0.3111634,0.0
15121,0.84886366,0.0
15122,0.48509878,0.0
15123,0.7995826,0.0
15124,0.35076216,0.0
15125,0.3548829,0.0
15126,0.38212743,0.0
15127,0.9158966,0.23658051689860835
15128,0.88432354,0.0
15129,0.91659814,0.2079646017699115
15130,0.78208506,0.004608294930875576
15131,0.18735155,0.0
15132,0.39531583,0.0
15133,0.51172626,0.0736551724137931
15134,0.77555835,0.0
15135,0.53668153,0.14285714285714285
15136,0.71689475,0.0
15137,0.38454586,0.0
15138,0.20904456,0.0
15139,0.9130059,0.1111111111111111
15140,0.20736213,0.002293099854075464
15141,0.18173571,0.0016374987207041245
15142,0.44415912,0.0
15143,0.5507387,0.0
15144,0.8029281,0.0
15145,0.85052884,0.017543859649122806
15146,0.38228753,0.0029411764705882353
15147,0.58227885,0.09090909090909091
15148,0.63094246,0.0776255707762557
15149,0.42026746,0.0
15150,0.62464553,0.0
15151,0.82760644,0.04477611940298507
15152,0.898075,0.34386617100371747
15153,0.8530775,0.0
15154,0.25719064,0.0
15155,0.37603235,0.0
15156,0.74925154,0.0
15157,0.35118446,0.0
15158,0.714171,0.0
15159,0.37293598,0.0
15160,0.42219064,0.014423076923076924
15161,0.19701017,0.0
15162,0.619758,0.0
15163,0.70983714,0.0
15164,0.76453894,0.0
15165,0.23457026,0.0
15166,0.30104285,0.0
15167,0.4957958,0.0
15168,0.8881421,0.21507352941176472
15169,0.5870781,0.0
15170,0.21518967,0.0
15171,0.28921002,0.10641555657632829
15172,0.25981504,0.0021081162475530793
15173,0.45860752,0.0
15174,0.4477345,0.0
15175,0.47889057,0.0
15176,0.22184388,0.4928385416666667
15177,0.8971089,0.07407407407407407
15178,0.8786688,0.19597069597069597
15179,0.42020464,0.0
15180,0.33440897,0.06645569620253164
15181,0.83259994,0.0
15182,0.5142022,0.0
15183,0.27546552,0.19271262473679393
15184,0.52063364,0.0
15185,0.54389584,0.0425531914893617
15186,0.25202784,0.0
15187,0.7532249,0.0
15188,0.45293343,0.05666500249625562
15189,0.34836525,0.0
15190,0.5350504,0.0
15191,0.6648316,0.7044321329639889
15192,0.41380823,0.008130081300813009
15193,0.49446395,0.07319747783971489
15194,0.6667815,0.0
15195,0.5995721,0.0
15196,0.8316556,0.0
15197,0.63833016,0.0
15198,0.8284308,0.07936507936507936
15199,0.8255132,0.0
15200,0.19625652,0.0
15201,0.57914287,0.0
15202,0.3846561,0.014598540145985401
15203,0.8881027,0.0
15204,0.68305904,0.04
15205,0.32700858,0.0015599103051574534
15206,0.6426872,0.0
15207,0.6823383,0.0
15208,0.37073246,0.0
15209,0.45700258,0.017777777777777778
15210,0.72621953,0.0
15211,0.34458148,0.03309692671394799
15212,0.37871325,0.0
15213,0.87808216,0.0
15214,0.5788445,0.0
15215,0.9090388,0.0
15216,0.9161512,0.35555555555555557
15217,0.88314223,0.0
15218,0.4587934,0.07376283846872082
15219,0.75615555,0.0
15220,0.8629931,0.0
15221,0.73431873,0.0593900481540931
15222,0.6434579,0.0
15223,0.23923507,0.0
15224,0.6400976,0.0
15225,0.87329257,0.3333333333333333
15226,0.65770847,0.0
15227,0.70044565,0.0
15228,0.4964501,0.025589563472152535
15229,0.7270576,0.0
15230,0.3593478,0.0
15231,0.8694074,0.0
15232,0.31269357,0.07692307692307693
15233,0.32573536,0.07692307692307693
15234,0.777286,0.0
15235,0.5914605,0.058823529411764705
15236,0.29409662,0.016129032258064516
15237,0.82572615,0.0
15238,0.4926155,0.015262515262515262
15239,0.35345966,0.0
15240,0.6199151,0.042810098792535674
15241,0.7803787,0.0
15242,0.46954063,0.0
15243,0.7283263,0.0
15244,0.8221082,0.05405405405405406
15245,0.36244372,0.0
15246,0.7747739,0.0
15247,0.30015457,0.0
15248,0.9072176,0.07142857142857142
15249,0.86626416,0.0
15250,0.9084558,0.0
15251,0.12624258,0.0
15252,0.41381946,0.0
15253,0.75454646,0.0
15254,0.6795188,0.14859437751004015
15255,0.35215938,0.0037002775208140612
15256,0.49746552,0.018469656992084433
15257,0.8195781,0.0
15258,0.25731832,0.00017593244194229416
15259,0.86359704,0.0
15260,0.93928915,0.11764705882352941
15261,0.19082993,0.0011910838863365663
15262,0.5019815,0.0
15263,0.31666297,0.022026431718061675
15264,0.60704744,0.05555555555555555
15265,0.59360677,0.0
15266,0.84638816,0.0
15267,0.2554066,0.0
15268,0.1986248,0.0
15269,0.7205236,0.0
15270,0.58970344,0.0
15271,0.9424107,0.08121827411167512
15272,0.8766306,0.0
15273,0.45265332,0.0
15274,0.7506783,0.0
15275,0.78415596,0.0
15276,0.52362823,0.22388059701492538
15277,0.8341673,0.0
15278,0.82382375,0.20408163265306123
15279,0.1501391,0.0
15280,0.8304612,0.17272727272727273
15281,0.45333567,0.26747938329150234
15282,0.8995316,0.12212389380530973
15283,0.5163619,0.003816793893129771
15284,0.26392466,0.0
15285,0.90665567,0.0
15286,0.24759755,0.10893405468635765
15287,0.26779804,0.0
15288,0.41110456,0.07319078947368421
15289,0.8608375,0.0
15290,0.92265105,0.3920728441349759
15291,0.7384577,0.0
15292,0.1630076,0.0
15293,0.78111124,0.0
15294,0.24572897,0.025934861278648975
15295,0.27731857,0.0
15296,0.82922477,0.5
15297,0.8913006,1.0
15298,0.9160696,0.125
15299,0.37913653,0.9899990824846316
15300,0.51994383,9.141603437242893e-05
15301,0.26401857,0.0
15302,0.47199267,0.0
15303,0.19498166,0.0
15304,0.9416424,0.33882783882783885
15305,0.35519704,0.0
15306,0.48557723,0.0
15307,0.38473082,0.299426773069574
15308,0.30643052,0.0
15309,0.1488939,0.0
15310,0.568087,0.0
15311,0.7957158,0.0
15312,0.37987685,0.0
15313,0.79704684,0.0
15314,0.51028574,0.0
15315,0.4962344,0.0
15316,0.9171596,0.14285714285714285
15317,0.9400828,0.29155672823219
15318,0.78015375,0.23076923076923078
15319,0.8076497,0.0
15320,0.21740611,0.02564102564102564
15321,0.2326636,0.0
15322,0.66358286,0.0
15323,0.6799749,0.11284046692607004
15324,0.5048637,0.0
15325,0.39671054,0.20640732265446224
15326,0.701204,0.0
15327,0.46278352,0.0
15328,0.79939693,0.09572192513368984
15329,0.8070025,0.0
15330,0.33139566,0.125
15331,0.81646526,0.052083333333333336
15332,0.45660946,0.07240274599542335
15333,0.30217633,0.035955056179775284
15334,0.5779362,0.008948545861297539
15335,0.8819557,0.0
15336,0.6836617,0.0
15337,0.3460074,0.0
15338,0.39982766,0.02702702702702703
15339,0.77517927,0.0
15340,0.20434944,0.0
15341,0.3247389,0.9737755847953217
15342,0.43198577,0.0
15343,0.9234858,0.038834951456310676
15344,0.8723195,0.5
15345,0.85518914,0.0
15346,0.37727556,0.005696382796923953
15347,0.80580056,0.0
15348,0.9085171,0.0
15349,0.7528427,0.0
15350,0.90095687,0.0196078431372549
15351,0.65922636,0.0
15352,0.51077205,0.0073152889539136795
15353,0.33337042,0.19401320070651668
15354,0.7234459,0.1125
15355,0.81336933,0.0
15356,0.46570727,0.07328605200945626
15357,0.95413876,0.327
15358,0.9297732,0.1856060606060606
15359,0.24516952,0.07340720221606649
15360,0.8689973,0.32220294882914136
15361,0.3124154,0.07168458781362007
15362,0.83605224,0.10843373493975904
15363,0.7769227,0.0
15364,0.6470673,0.2
15365,0.9319689,0.0
15366,0.63439465,0.0
15367,0.50741863,0.0
15368,0.33368927,0.0
15369,0.78360695,0.0
15370,0.45979518,0.043478260869565216
15371,0.7973263,0.0
15372,0.9019292,0.0
15373,0.7355849,0.14150943396226415
15374,0.9360087,0.020202020202020204
15375,0.17702343,0.0
15376,0.87292063,0.25
15377,0.8453219,0.037037037037037035
15378,0.14663032,0.2559924800250666
15379,0.25084788,0.7763254113345521
15380,0.860362,0.0
15381,0.8196758,0.0
15382,0.52788115,0.07380447802450935
15383,0.75360376,0.04878048780487805
15384,0.4326824,0.0
15385,0.6030947,0.0
15386,0.82027614,0.0
15387,0.2684606,0.0035335689045936395
15388,0.25626427,0.0
15389,0.51610523,0.005208333333333333
15390,0.2696516,0.01098901098901099
15391,0.707066,0.0
15392,0.34788236,0.4592427616926503
15393,0.40234306,0.9918662036190824
15394,0.246895,0.04294478527607362
15395,0.5834579,0.0
15396,0.7934618,0.0
15397,0.89891833,0.11643835616438356
15398,0.7538605,0.0
15399,0.5918758,0.1020066889632107
15400,0.59556234,0.0
15401,0.6515241,0.15
15402,0.5222789,0.005809664330505349
15403,0.9005341,0.22442244224422442
15404,0.28855315,0.0
15405,0.8471651,0.0
15406,0.65449226,0.0
15407,0.78257316,0.0
15408,0.50207436,0.0
15409,0.25632596,0.0
15410,0.43874764,0.11691297208538588
15411,0.6338956,0.07197191339964892
15412,0.36304194,0.021015761821366025
15413,0.9116607,0.024574669187145556
15414,0.6038317,0.0
15415,0.4959215,0.0
15416,0.47965258,0.0
15417,0.9123088,0.0
15418,0.61594325,0.0
15419,0.25789654,0.001992392682485057
15420,0.47509176,0.0
15421,0.70895314,0.0
15422,0.9122803,0.08080808080808081
15423,0.7976879,0.11764705882352941
15424,0.20976534,0.018867924528301886
15425,0.29064986,0.0
15426,0.90553427,0.19754768392370572
15427,0.8622188,0.0
15428,0.3920937,9.299730307821073e-05
15429,0.7320603,0.0
15430,0.5118367,0.03435114503816794
15431,0.24730729,0.026101141924959218
15432,0.7949265,0.0
15433,0.75093776,0.0
15434,0.8710216,0.09905660377358491
15435,0.8922642,0.2537313432835821
15436,0.6785139,0.0
15437,0.88740456,0.0
15438,0.7332357,0.022988505747126436
15439,0.8909939,0.0
15440,0.84811425,0.0
15441,0.76984626,0.14285714285714285
15442,0.906385,0.2012987012987013
15443,0.81455505,0.045454545454545456
15444,0.7946359,0.0
15445,0.22709966,0.0
15446,0.9327702,0.28442728442728443
15447,0.32647508,0.03968253968253968
15448,0.71213055,0.0
15449,0.6975621,0.059602649006622516
15450,0.27348006,0.02531645569620253
15451,0.6284935,0.04878048780487805
15452,0.38985965,0.0
15453,0.12637784,0.0
15454,0.8812752,0.0
15455,0.4984762,0.0
15456,0.79845756,0.0
15457,0.24873075,0.0
15458,0.8168826,0.0
15459,0.43220505,0.0
15460,0.8632664,0.1
15461,0.57230556,0.01680672268907563
15462,0.2534693,0.0
15463,0.9244824,0.11363636363636363
15464,0.49360856,0.0
15465,0.58453596,0.0
15466,0.68890274,0.0
15467,0.17870493,0.06044517051255871
15468,0.6484808,0.0
15469,0.2376256,0.08236808236808237
15470,0.29478213,0.0
15471,0.5111211,0.0
15472,0.30578747,0.49063291139240506
15473,0.88058066,0.14345991561181434
15474,0.89610046,0.125
15475,0.31821468,0.0
15476,0.25660837,0.0
15477,0.27459693,0.020202020202020204
15478,0.6222954,0.07239488117001829
15479,0.3762943,0.22962000649561545
15480,0.304829,0.06666666666666667
15481,0.82862663,0.0
15482,0.61740977,0.0
15483,0.89618963,0.17307692307692307
15484,0.64323026,0.020833333333333332
15485,0.5317011,0.0
15486,0.6514049,0.0
15487,0.85451293,0.0
15488,0.5587079,0.018518518518518517
15489,0.8522859,0.034482758620689655
15490,0.3256115,0.0
15491,0.90525055,0.0
15492,0.45458078,0.30620308178585537
15493,0.817604,0.015625
15494,0.6091042,0.0
15495,0.3489509,0.05263157894736842
15496,0.5958556,0.0
15497,0.7402497,0.005383580080753701
15498,0.34591156,0.0
15499,0.88371086,0.0
15500,0.3099954,0.007346742141394676
15501,0.7678685,0.12554112554112554
15502,0.41985083,0.9914092487662219
15503,0.53962773,0.22532188841201717
15504,0.568127,0.13636363636363635
15505,0.5318026,0.0
15506,0.9227406,0.33451417004048584
15507,0.90463746,0.6666666666666666
15508,0.89517343,0.25
15509,0.8156919,0.0
15510,0.3048432,0.0
15511,0.43599647,0.12166008630979708
15512,0.7778582,0.0
15513,0.2557703,0.0
15514,0.78931844,0.0
15515,0.20938616,0.4043482480830826
15516,0.902729,0.09642857142857143
15517,0.32006708,0.055153395380903136
15518,0.7025926,0.05
15519,0.8843474,0.125
15520,0.59092015,0.029345372460496615
15521,0.30134347,0.024691358024691357
15522,0.5549568,9.137426900584795e-05
15523,0.229718,0.0
15524,0.5906912,0.0
15525,0.8365589,0.0
15526,0.28689587,0.0
15527,0.21879676,0.02666666666666667
15528,0.31965876,0.07400889218228973
15529,0.23651873,0.0
15530,0.5902334,0.0
15531,0.8510143,0.09090909090909091
15532,0.26303908,0.0
15533,0.6422959,0.0
15534,0.94793564,0.2708113804004215
15535,0.80993164,0.0
15536,0.70673054,0.0
15537,0.5714076,0.0136986301369863
15538,0.8257075,0.0
15539,0.72051066,0.0038461538461538464
15540,0.27970007,0.00129366106080207
15541,0.8343513,0.0
15542,0.22572994,0.0
15543,0.8168633,0.0
15544,0.3883071,0.0
15545,0.40102965,0.03125
15546,0.32081637,0.0
15547,0.7730804,0.08
15548,0.60870874,0.0
15549,0.8069736,0.0
15550,0.25517708,0.07500715717148583
15551,0.2575065,0.0
15552,0.6901719,0.03746893519403556
15553,0.8224862,0.16143497757847533
15554,0.8350142,0.10526315789473684
15555,0.5629923,0.986750730994152
15556,0.25306487,0.0
15557,0.8335789,0.0
15558,0.15267085,0.7044751682736038
15559,0.3106549,0.0949021392808375
15560,0.7227188,0.034482758620689655
15561,0.66900975,0.0
15562,0.9199603,0.0
15563,0.19436833,0.0
15564,0.77079445,0.2857142857142857
15565,0.7048799,0.0625
15566,0.91510105,0.07346491228070176
15567,0.8285635,0.0
15568,0.7399809,0.0
15569,0.3520135,0.0
15570,0.2734368,0.0
15571,0.43784615,0.0
15572,0.7131356,0.0
15573,0.8736893,0.5
15574,0.94024575,0.0
15575,0.26929906,0.04152445961319681
15576,0.59564006,0.07319747783971489
15577,0.16189057,0.29031808035714285
15578,0.20629825,0.6125209480488388
15579,0.8490536,0.6666666666666666
15580,0.9682631,0.38760139049826187
15581,0.81954414,0.0
15582,0.9062562,0.13358778625954199
15583,0.33713555,0.35195422364465134
15584,0.7020004,0.0
15585,0.33715272,0.1111111111111111
15586,0.5714637,0.0
15587,0.7738884,0.019801980198019802
15588,0.6904389,0.0
15589,0.74141663,0.0
15590,0.12727658,0.3614083904109589
15591,0.9026241,0.14285714285714285
15592,0.36935657,0.008264462809917356
15593,0.6741487,0.0
15594,0.78848535,0.0
15595,0.4038432,0.10775862068965517
15596,0.74419713,0.06666666666666667
15597,0.365973,0.6823970037453183
15598,0.4824049,0.0
15599,0.4912522,0.009283135636926251
15600,0.27703583,0.0
15601,0.753059,0.0
15602,0.363767,0.9216564585428284
15603,0.8626517,0.0
15604,0.42397156,0.013774104683195593
15605,0.61958236,0.04186046511627907
15606,0.9183232,0.049586776859504134
15607,0.9079738,0.0
15608,0.6447805,0.0
15609,0.9135385,0.23367697594501718
15610,0.7735412,0.0
15611,0.27423418,0.07239136582147233
15612,0.6778434,0.0
15613,0.24890044,0.0
15614,0.9443626,0.12368421052631579
15615,0.4101901,0.0
15616,0.6675952,0.0
15617,0.47025478,0.07309486780715396
15618,0.70083565,0.0
15619,0.67700267,0.0
15620,0.45110768,0.046662346079066754
15621,0.6698012,0.0
15622,0.9143992,0.125
15623,0.22511432,0.8924800293820586
15624,0.89895886,0.0
15625,0.9088503,0.8107377365778293
15626,0.7244561,0.005810684161199625
15627,0.8328029,0.0
15628,0.83216,0.0
15629,0.17240743,0.0
15630,0.90643585,0.0
15631,0.22035526,0.0
15632,0.9551355,0.3968253968253968
15633,0.34820312,0.0014756063819976021
15634,0.480098,0.1125
15635,0.5350517,0.0
15636,0.9067854,0.06
15637,0.62488335,0.021238938053097345
15638,0.20857301,0.0
15639,0.37552744,0.0170261066969353
15640,0.76757246,0.0546875
15641,0.25366315,0.9547407881503155
15642,0.6230512,0.0
15643,0.77641493,0.09090909090909091
15644,0.67405117,0.047619047619047616
15645,0.8777701,0.0
15646,0.8437203,0.0
15647,0.29917872,0.0
15648,0.8454932,0.0
15649,0.28527832,0.008928571428571428
15650,0.80966526,0.0
15651,0.84699416,0.0
15652,0.5891537,0.0
15653,0.79051274,0.015384615384615385
15654,0.2358492,0.0
15655,0.6736297,0.0
15656,0.30734593,0.08782742681047766
15657,0.6222433,0.0
15658,0.3090565,0.0
15659,0.43204242,0.0
15660,0.2912493,0.0
15661,0.64138305,0.0
15662,0.9147758,0.375
15663,0.23891526,0.5607031679179637
15664,0.83237725,0.15693430656934307
15665,0.44499898,0.0
15666,0.35942015,0.0
15667,0.3098867,0.015625
15668,0.8453627,0.0
15669,0.8044658,0.0
15670,0.9275667,0.0
15671,0.8038113,0.0
15672,0.89113975,0.0
15673,0.5079386,0.0
15674,0.7301086,0.2692307692307692
15675,0.8675818,0.05405405405405406
15676,0.8837551,0.3589041095890411
15677,0.89204746,0.3333333333333333
15678,0.5950798,0.0
15679,0.38087037,0.0
15680,0.23848076,0.0
15681,0.8289433,0.0
15682,0.44221094,0.03355704697986577
15683,0.556887,9.137426900584795e-05
15684,0.4126968,0.0736280908171707
15685,0.7997467,0.07407407407407407
15686,0.5378188,0.017045454545454544
15687,0.94810325,0.0
15688,0.9360882,0.2
15689,0.65664166,0.0
15690,0.7738594,0.038461538461538464
15691,0.32007977,0.27349177330895796
15692,0.88988537,0.2222222222222222
15693,0.2294186,0.0
15694,0.22228949,0.0
15695,0.8373572,0.0
15696,0.41894218,0.00018611576400521124
15697,0.30944622,0.0
15698,0.48525336,0.0
15699,0.6690283,0.029411764705882353
15700,0.78922427,0.08333333333333333
15701,0.14928815,0.0
15702,0.823919,0.0
15703,0.45034447,0.05536626916524702
15704,0.9060231,0.17959183673469387
15705,0.7794164,0.0
15706,0.8525217,0.0
15707,0.90203965,0.0
15708,0.7782549,0.0
15709,0.2389559,0.009140767824497258
15710,0.84919846,0.0
15711,0.284856,0.0
15712,0.21045998,0.0
15713,0.852709,0.0
15714,0.31347984,0.0
15715,0.8910943,0.5
15716,0.26506,0.0
15717,0.82435614,0.0
15718,0.22899099,0.0
15719,0.45021805,0.015822784810126583
15720,0.93430924,0.0
15721,0.9054525,0.16176470588235295
15722,0.22237664,0.33415466262319937
15723,0.8045808,0.0
15724,0.5329554,0.0
15725,0.27378723,0.0
15726,0.23635294,0.010101010101010102
15727,0.7409509,0.0
15728,0.2662984,0.0
15729,0.16089861,0.00019712201852946975
15730,0.8918508,0.24539877300613497
15731,0.9041198,0.0
15732,0.6122675,0.0
15733,0.8412558,0.1
15734,0.89695126,0.0
15735,0.72909904,0.0
15736,0.63933855,0.5
15737,0.90334266,0.0
15738,0.90597856,0.3984153933220147
15739,0.33947653,0.06557377049180328
15740,0.72135216,0.0
15741,0.81084377,0.20454545454545456
15742,0.267362,0.06786521084337349
15743,0.79174197,0.021436227224008574
15744,0.67808557,0.2
15745,0.29377195,0.0163265306122449
15746,0.7032015,0.011976047904191617
15747,0.3482966,0.12195121951219512
15748,0.27386686,0.0
15749,0.4577274,0.0
15750,0.5670216,0.018867924528301886
15751,0.92932075,0.0
15752,0.7996187,0.0
15753,0.64436364,0.0
15754,0.17804532,0.0034093581001645896
15755,0.42466158,0.0
15756,0.26118156,0.3033050599590524
15757,0.5644919,0.09090909090909091
15758,0.18657151,0.03607937462417318
15759,0.25096592,0.4590607786387826
15760,0.80895865,0.0
15761,0.8886629,0.09523809523809523
15762,0.29596403,0.0
15763,0.30077237,0.0
15764,0.6153588,0.0
15765,0.2200196,0.0
15766,0.3492681,0.0
15767,0.7437962,0.07142857142857142
15768,0.6303222,0.0
15769,0.85236925,0.0
15770,0.908666,0.3007518796992481
15771,0.6562323,0.12403100775193798
15772,0.64397293,0.015933232169954476
15773,0.55158633,0.0
15774,0.677864,0.0
15775,0.72205544,0.07327783368401793
15776,0.31792462,0.0
15777,0.17272462,0.0
15778,0.7402032,0.07692307692307693
15779,0.64101195,0.0
15780,0.6466155,0.0
15781,0.82949466,0.0
15782,0.8677987,0.23529411764705882
15783,0.8384474,0.02631578947368421
15784,0.2869775,0.0
15785,0.31567714,0.0
15786,0.3417635,0.0
15787,0.8985031,0.0
15788,0.29819614,0.0
15789,0.22207707,0.16768003040091203
15790,0.8971093,0.10714285714285714
15791,0.92814934,0.0
15792,0.48489118,0.07186614245222639
15793,0.27452254,0.0
15794,0.727417,0.0
15795,0.1857533,0.0
15796,0.38660535,0.519077794256438
15797,0.7373593,0.0
15798,0.91862285,0.0
15799,0.62147886,0.0
15800,0.83259785,0.0
15801,0.48973754,0.0
15802,0.46470073,0.05004217036828788
15803,0.59575844,0.06382978723404255
15804,0.58301026,0.07253358036127837
15805,0.22742663,0.03225806451612903
15806,0.8586529,0.28888888888888886
15807,0.27007595,0.0025188916876574307
15808,0.8280512,0.0625
15809,0.30631712,0.0
15810,0.86107445,0.0473186119873817
15811,0.77225626,0.05
15812,0.13292028,0.13595765795567316
15813,0.32509598,0.04274069178233091
15814,0.14737284,0.0
15815,0.7849826,0.08571428571428572
15816,0.2766613,0.353897753836772
15817,0.2830095,0.07568238213399504
15818,0.88843805,0.0
15819,0.89005107,0.037037037037037035
15820,0.20810716,0.0
15821,0.47820222,0.0
15822,0.30570948,0.0285204991087344
15823,0.7643648,0.0
15824,0.61959463,0.0
15825,0.20793144,0.0
15826,0.32184127,0.0
15827,0.78521717,0.0
15828,0.8016087,0.3333333333333333
15829,0.6650785,0.0
15830,0.20506822,0.002458512599877074
15831,0.86603844,0.0
15832,0.94723165,0.7551020408163265
15833,0.47970805,0.0002920560747663551
15834,0.7815988,0.24
15835,0.1971663,0.0
15836,0.8407801,0.1037037037037037
15837,0.51946056,0.0
15838,0.78949976,0.0
15839,0.917795,0.23094688221709006
15840,0.30081612,0.00024509803921568627
15841,0.46158928,0.0
15842,0.81525904,0.21068249258160238
15843,0.84427214,0.0
15844,0.8507786,0.3333333333333333
15845,0.22844537,0.07110091743119266
15846,0.4475784,0.15115806582689964
15847,0.8414928,0.0
15848,0.62623894,0.0
15849,0.36653545,0.0
15850,0.44112483,0.06403940886699508
15851,0.30197254,0.0
15852,0.59195083,0.0
15853,0.891653,0.2
15854,0.8161186,0.0
15855,0.7343652,0.047619047619047616
15856,0.9120024,0.19444444444444445
15857,0.4020051,0.041916167664670656
15858,0.17558995,0.0
15859,0.27985346,0.019230769230769232
15860,0.23257625,0.0
15861,0.6282638,0.05755395683453238
15862,0.71564144,0.0
15863,0.6798339,0.027538726333907058
15864,0.7577891,0.0
15865,0.34133896,0.04598825831702544
15866,0.7525036,0.0
15867,0.719905,0.03636363636363636
15868,0.23214251,0.0
15869,0.21093483,0.18518518518518517
15870,0.79330474,0.0
15871,0.7654936,0.5
15872,0.5447322,0.0
15873,0.36219668,0.0
15874,0.92911875,0.024374176548089592
15875,0.9162243,0.12121212121212122
15876,0.7097184,0.05
15877,0.21237227,0.0
15878,0.74904853,0.0
15879,0.80429703,0.0
15880,0.59390575,0.0
15881,0.40242183,0.0
15882,0.8208374,0.16
15883,0.5294072,0.0
15884,0.9098293,0.0
15885,0.48387542,0.012345679012345678
15886,0.6603638,0.0
15887,0.53975403,0.0
15888,0.6077995,0.0
15889,0.18015234,0.0
15890,0.8313423,0.12903225806451613
15891,0.96018946,0.20652173913043478
15892,0.8421646,0.0
15893,0.9104923,0.0
15894,0.13204081,0.0
15895,0.4476485,0.0
15896,0.8962944,0.0375
15897,0.5182443,0.010526315789473684
15898,0.69912827,0.0
15899,0.6053399,0.0
15900,0.6365606,0.0
15901,0.28210366,0.0
15902,0.8341091,0.0
15903,0.8024405,0.109375
15904,0.77532977,0.0052434456928838954
15905,0.49787965,0.0
15906,0.47155443,0.03409090909090909
15907,0.18364207,0.18508412914961347
15908,0.3644559,0.20162519045200608
15909,0.9101816,0.0
15910,0.542849,0.07301471260166316
15911,0.1725593,0.0
15912,0.51172256,0.0
15913,0.32496965,0.0
15914,0.896615,0.07228915662650602
15915,0.6312913,0.0001738828029907842
15916,0.85681707,0.047619047619047616
15917,0.22787173,0.0
15918,0.8264761,0.0
15919,0.23246631,0.0
15920,0.8625604,0.0
15921,0.43440244,0.0
15922,0.28532958,0.033707865168539325
15923,0.30872118,0.0
15924,0.6831542,0.05
15925,0.1853092,0.7798425485170267
15926,0.29914963,0.03
15927,0.2885581,0.0
15928,0.32061043,0.0
15929,0.15667751,0.0
15930,0.84989387,0.2
15931,0.69230306,0.010615711252653927
15932,0.16092789,0.0
15933,0.816547,0.1206896551724138
15934,0.73072183,0.0
15935,0.37472606,0.014492753623188406
15936,0.7418245,0.0
15937,0.73397875,0.06422018348623854
15938,0.40067905,0.05
15939,0.5789436,0.0
15940,0.69612646,0.15789473684210525
15941,0.65751296,0.0
15942,0.65026003,9.640412609659693e-05
15943,0.46121418,0.0
15944,0.6575004,0.039473684210526314
15945,0.32496578,0.0
15946,0.28959987,0.0
15947,0.8340278,0.0625
15948,0.38888866,0.14285714285714285
15949,0.3668352,0.0
15950,0.28403294,0.0
15951,0.60144925,0.03571428571428571
15952,0.77270466,0.0
15953,0.72374195,0.0
15954,0.90569293,0.0
15955,0.78696835,0.0
15956,0.6744113,0.0
15957,0.78993255,0.0
15958,0.95353997,0.4180645161290323
15959,0.8307181,0.041666666666666664
15960,0.8827296,0.0
15961,0.27880892,0.0
15962,0.24226004,0.0
15963,0.5942098,0.058823529411764705
15964,0.3681766,0.0
15965,0.83068305,0.0
15966,0.66311574,0.020689655172413793
15967,0.9090847,0.08333333333333333
15968,0.71329427,0.0
15969,0.2794817,0.0
15970,0.26424608,0.0
15971,0.4252283,0.09848484848484848
15972,0.75995344,0.0
15973,0.89094204,0.019230769230769232
15974,0.8555048,0.2222222222222222
15975,0.19886887,0.0
15976,0.35219592,0.021739130434782608
15977,0.886847,0.0
15978,0.924672,0.07692307692307693
15979,0.6416263,0.08333333333333333
15980,0.766887,0.0
15981,0.21795316,0.046875
15982,0.80665135,0.0
15983,0.26694462,0.0
15984,0.76140875,0.0
15985,0.9075294,0.2727272727272727
15986,0.6897889,0.0
15987,0.44828826,0.05970149253731343
15988,0.70870763,0.0
15989,0.4936084,0.07309672673777123
15990,0.65622294,0.11363636363636363
15991,0.64330435,0.05172413793103448
15992,0.58730954,0.0
15993,0.8649787,0.0
15994,0.8800762,0.023529411764705882
15995,0.49644443,0.0030950170225936243
15996,0.35879686,0.058013672616786936
15997,0.7693012,0.75
15998,0.8996149,0.0
15999,0.80948406,0.0
16000,0.89631313,0.3333333333333333
16001,0.8799792,0.16666666666666666
16002,0.90085185,0.1111111111111111
16003,0.19044527,0.0
16004,0.32880324,0.08137233340664174
16005,0.8431147,0.09198113207547169
16006,0.8130716,0.10344827586206896
16007,0.75995797,0.0
16008,0.24645744,0.0
16009,0.38951162,0.005970149253731343
16010,0.23839235,0.0136986301369863
16011,0.74528974,0.0
16012,0.25837415,0.8435442574981712
16013,0.73495865,0.0
16014,0.61726797,0.0
16015,0.7713362,0.0
16016,0.32817355,0.0
16017,0.68326986,0.0
16018,0.28245893,0.0
16019,0.77713466,0.0
16020,0.89750946,0.08823529411764706
16021,0.79392946,0.0
16022,0.2879075,0.00010319917440660474
16023,0.2825557,0.0
16024,0.7443647,0.13043478260869565
16025,0.52438086,0.0
16026,0.9181184,0.0
16027,0.7059274,0.07319078947368421
16028,0.4171476,0.04216626698641087
16029,0.8526585,0.0
16030,0.8013827,0.15819209039548024
16031,0.87138075,0.0
16032,0.38908628,0.0
16033,0.8090067,0.275
16034,0.9370412,0.36233040702314445
16035,0.8483046,0.0018041237113402063
16036,0.8893323,0.15296220633299284
16037,0.752653,0.15384615384615385
16038,0.128613,0.7474710318190179
16039,0.6817823,0.16455696202531644
16040,0.19755796,0.0
16041,0.9081642,0.04918032786885246
16042,0.3794808,0.0
16043,0.19084333,0.4048540938709982
16044,0.9174416,0.0
16045,0.5916452,0.0
16046,0.87353504,0.0
16047,0.90146136,0.31683168316831684
16048,0.8808876,0.24242424242424243
16049,0.48087662,0.0
16050,0.9058332,0.1111111111111111
16051,0.82528085,0.0
16052,0.9051184,0.0
16053,0.8652299,0.0
16054,0.59839004,0.058823529411764705
16055,0.67021286,0.0
16056,0.20651768,0.0
16057,0.88140965,0.0
16058,0.54040235,0.03571428571428571
16059,0.51465404,0.0
16060,0.50269884,0.054285714285714284
16061,0.3036431,0.0
16062,0.87802255,0.027878787878787878
16063,0.47755778,0.00648202710665881
16064,0.22902276,0.020795660036166366
16065,0.42549792,0.0
16066,0.3468556,0.010309278350515464
16067,0.89259166,0.0
16068,0.2125917,0.09533678756476684
16069,0.8443863,0.058823529411764705
16070,0.5980118,0.0
16071,0.4335463,0.0
16072,0.9087454,0.18435754189944134
16073,0.7920019,0.0
16074,0.52680373,0.0
16075,0.89291114,0.13803230543318648
16076,0.8854368,0.1794871794871795
16077,0.7925361,0.0
16078,0.25207186,0.7857808423406635
16079,0.62461746,0.0
16080,0.47443154,0.5157894736842106
16081,0.91663617,0.16923076923076924
16082,0.8551638,0.0
16083,0.57011825,0.0
16084,0.48488405,0.0011025358324145535
16085,0.7165141,0.0
16086,0.22079012,0.5957641881360594
16087,0.5292691,0.00044863167339614175
16088,0.8732729,0.0
16089,0.35255206,0.0
16090,0.68802476,0.16666666666666666
16091,0.77510405,0.0
16092,0.96596164,0.2562111801242236
16093,0.31056434,0.13944353518821603
16094,0.87844497,0.0
16095,0.72038853,0.0
16096,0.8321151,0.0
16097,0.6093627,0.0
16098,0.2937259,0.0
16099,0.7633624,0.02247191011235955
16100,0.77674603,0.06779661016949153
16101,0.42996567,0.06736526946107785
16102,0.40654677,0.0
16103,0.19967459,0.00881057268722467
16104,0.63507664,0.14330380406461699
16105,0.48938507,0.005063291139240506
16106,0.41982928,0.00011844131232974062
16107,0.89233404,0.0
16108,0.21321742,0.0
16109,0.2590314,0.5690333618477331
16110,0.8821318,0.0
16111,0.37689483,0.0
16112,0.90026367,0.0
16113,0.2592251,0.0
16114,0.9089341,0.20050761421319796
16115,0.5234146,0.0
16116,0.83413076,0.0
16117,0.9235672,0.08333333333333333
16118,0.8192622,0.0
16119,0.23575273,0.0
16120,0.19847381,0.0017236426314277506
16121,0.24965608,0.5799779371207943
16122,0.8759007,0.0
16123,0.7290544,0.0
16124,0.59566915,0.07319078947368421
16125,0.72137743,0.07079646017699115
16126,0.23625234,0.0
16127,0.39867514,0.0
16128,0.6201225,0.0
16129,0.18584977,0.002117896223085069
16130,0.7678747,0.0
16131,0.88015944,0.13947990543735225
16132,0.28464568,0.0
16133,0.84594417,0.0
16134,0.7658424,0.03571428571428571
16135,0.9177266,0.19221209610604806
16136,0.71281946,0.14796905222437137
16137,0.27433822,0.0
16138,0.90224475,0.0
16139,0.71278363,0.3333333333333333
16140,0.7295296,0.0
16141,0.83818954,0.0
16142,0.27892852,0.0
16143,0.69373477,0.12083333333333333
16144,0.8156658,0.06206896551724138
16145,0.8580999,0.0
16146,0.8212388,0.0
16147,0.8605465,0.0
16148,0.354288,0.05555555555555555
16149,0.30778265,0.0
16150,0.53676295,0.0
16151,0.23898801,0.003875968992248062
16152,0.29381844,0.13449262601804976
16153,0.7511834,0.0
16154,0.74538124,0.0
16155,0.41191533,0.11627906976744186
16156,0.8127681,0.0
16157,0.477788,0.01834862385321101
16158,0.3425535,0.13333333333333333
16159,0.1498533,0.36470700880888546
16160,0.32125816,0.0
16161,0.4256898,0.057971014492753624
16162,0.2390856,0.0
16163,0.9083769,0.2151394422310757
16164,0.35182214,0.11929824561403508
16165,0.7541648,0.2222222222222222
16166,0.77302426,0.0
16167,0.8597351,0.14705882352941177
16168,0.46859422,0.1428022294829906
16169,0.8474305,0.0
16170,0.22483008,0.0
16171,0.4893487,9.182736455463728e-05
16172,0.30247793,0.003929273084479371
16173,0.2888876,0.0
16174,0.22274163,0.0
16175,0.8541584,0.0
16176,0.72084504,0.0
16177,0.7524308,0.1
16178,0.9139728,0.4647887323943662
16179,0.56009114,0.0
16180,0.23729676,0.0
16181,0.8213981,0.0
16182,0.8984031,0.0
16183,0.8721498,0.05263157894736842
16184,0.81274384,0.0
16185,0.8111152,0.0
16186,0.15603404,0.0
16187,0.545373,0.0
16188,0.77354914,0.21783876500857632
16189,0.84505963,0.0
16190,0.47778738,0.0
16191,0.84279007,0.0
16192,0.1483829,0.0008447729672650475
16193,0.12903756,0.0037321624588364435
16194,0.5457541,0.0001199184554502938
16195,0.22934964,0.0
16196,0.85916615,0.03278688524590164
16197,0.79471797,0.14606741573033707
16198,0.80580074,0.0
16199,0.8294465,0.0
16200,0.7011979,0.0
16201,0.542872,0.0
16202,0.817651,0.0
16203,0.94486547,0.49019607843137253
16204,0.49812824,0.019429265330904676
16205,0.8638519,0.0
16206,0.8448542,0.07692307692307693
16207,0.60289764,0.0
16208,0.80120546,0.0
16209,0.87641877,0.32929782082324455
16210,0.23967974,0.02880658436213992
16211,0.3369147,0.1111111111111111
16212,0.83481646,0.0
16213,0.30629283,0.0
16214,0.60911864,0.0
16215,0.65833765,0.0
16216,0.6948919,0.14754098360655737
16217,0.69725233,0.0
16218,0.31281248,0.0
16219,0.62662464,0.0161892901618929
16220,0.33701977,0.0703341332841056
16221,0.3565301,0.0
16222,0.7956364,0.0
16223,0.36764616,0.8916712529811044
16224,0.21203235,0.0
16225,0.77942973,0.0
16226,0.9449046,0.0
16227,0.87334716,0.1
16228,0.8808412,0.023809523809523808
16229,0.41772774,0.0
16230,0.5948237,0.0
16231,0.46554556,0.0
16232,0.95630646,0.275
16233,0.8320406,0.0
16234,0.36442193,0.0
16235,0.4147017,0.26056985294117646
16236,0.26208624,0.0
16237,0.2850499,0.005227272727272727
16238,0.89219046,0.01694915254237288
16239,0.23202708,0.003105590062111801
16240,0.2017876,0.05555555555555555
16241,0.8378121,0.09375
16242,0.8650755,0.0
16243,0.8078947,0.00980392156862745
16244,0.17897934,0.0
16245,0.27435234,0.0
16246,0.32069442,0.0
16247,0.83979255,0.0
16248,0.71027577,0.0
16249,0.33496523,0.5430530164533821
16250,0.51277906,0.013513513513513514
16251,0.65271384,0.0867579908675799
16252,0.7508205,0.12323232323232323
16253,0.7771832,0.0
16254,0.62006754,0.0
16255,0.22909169,0.0
16256,0.806569,0.0
16257,0.8061578,0.0
16258,0.9114787,0.2
16259,0.59949166,0.00749063670411985
16260,0.8673324,0.09090909090909091
16261,0.3980536,0.0
16262,0.3735093,0.0
16263,0.8893075,0.0
16264,0.8690555,0.0
16265,0.6032668,0.0
16266,0.3110274,0.04
16267,0.8246073,0.037037037037037035
16268,0.5241105,0.021052631578947368
16269,0.37675732,0.07280612715696226
16270,0.4106083,0.0
16271,0.56387806,0.3427835051546392
16272,0.25826105,0.25821371610845295
16273,0.6799165,0.0
16274,0.41029933,0.0
16275,0.9214095,0.08955223880597014
16276,0.32103485,0.07533151509451708
16277,0.47389266,1.0
16278,0.37272203,0.09421000981354269
16279,0.86099225,0.0
16280,0.45298868,0.045454545454545456
16281,0.519146,0.07319078947368421
16282,0.27394778,0.21470690253208463
16283,0.8230557,0.0
16284,0.8004856,0.046153846153846156
16285,0.72205716,0.0
16286,0.83601904,0.047503045066991476
16287,0.3428468,0.9856489945155393
16288,0.55813164,0.0
16289,0.23086318,0.05930232558139535
16290,0.87210345,0.08108108108108109
16291,0.79040176,0.0
16292,0.35699776,0.0
16293,0.4711321,0.0
16294,0.7160985,0.1073170731707317
16295,0.71249,0.07334493178280377
16296,0.20902064,0.0
16297,0.4661242,0.012345679012345678
16298,0.2546543,0.0
16299,0.9154419,0.04878048780487805
16300,0.8842437,0.23529411764705882
16301,0.3132298,0.02702702702702703
16302,0.6035115,0.0
16303,0.80184144,0.046153846153846156
16304,0.66249806,0.0
16305,0.30317003,0.0008372871895060006
16306,0.63977706,0.19186046511627908
16307,0.42669,0.047619047619047616
16308,0.45756415,0.0
16309,0.14922659,0.0
16310,0.40196022,0.0
16311,0.8344478,0.2
16312,0.876867,0.09090909090909091
16313,0.9160312,0.0
16314,0.51220924,0.0
16315,0.870805,0.0
16316,0.8361409,0.20952380952380953
16317,0.61790377,0.0
16318,0.19169661,0.0
16319,0.74829566,0.0
16320,0.91434854,0.0
16321,0.1506474,0.6535122336227308
16322,0.5090293,0.0
16323,0.7145225,0.0
16324,0.7817977,0.0
16325,0.3887189,0.0
16326,0.3118534,0.0
16327,0.3530411,0.0
16328,0.30874118,0.38008260670032123
16329,0.19670546,0.0
16330,0.23937114,0.6464532732829339
16331,0.8110047,0.0
16332,0.4801205,0.12351433232346773
16333,0.8549699,0.061224489795918366
16334,0.8930144,0.6666666666666666
16335,0.43363997,0.06666666666666667
16336,0.8058484,0.0
16337,0.7011306,0.375
16338,0.7682687,0.0
16339,0.27879533,0.0
16340,0.24620262,0.000354735721887194
16341,0.89876395,0.15
16342,0.88498473,0.0
16343,0.21574564,0.15648258752182304
16344,0.43698242,0.0
16345,0.17906724,0.04448128194502003
16346,0.88660103,0.0
16347,0.9244308,0.20253164556962025
16348,0.52133447,0.05263157894736842
16349,0.2577199,0.0
16350,0.61825114,0.0
16351,0.68672264,0.0
16352,0.23271902,0.9975326692863018
16353,0.20790492,0.0
16354,0.81601053,0.0
16355,0.5004969,0.0
16356,0.7593148,0.13636363636363635
16357,0.4636768,0.04586090792987345
16358,0.77577454,0.0
16359,0.23291765,0.0
16360,0.6660859,0.0
16361,0.95436025,0.2647058823529412
16362,0.49194616,0.0
16363,0.898105,0.18787878787878787
16364,0.28838047,0.0
16365,0.433738,0.10941625110002934
16366,0.44430676,0.3970872797637234
16367,0.2203032,0.0
16368,0.59726405,0.0
16369,0.8060017,0.0
16370,0.56817305,0.05325914149443561
16371,0.35354277,0.02574257425742574
16372,0.5353416,0.0
16373,0.94333184,0.20374220374220375
16374,0.17711338,0.008403361344537815
16375,0.9453064,0.25
16376,0.87419283,0.0
16377,0.85932606,0.0
16378,0.20696822,0.0
16379,0.9364442,0.27851458885941643
16380,0.85743326,0.12962962962962962
16381,0.7612375,0.0
16382,0.48559803,0.0
16383,0.7564527,0.0
16384,0.9322384,0.0
16385,0.25754386,0.05536643972767321
16386,0.2971409,0.07291666666666667
16387,0.58584607,0.0006747638326585695
16388,0.45295647,0.05454545454545454
16389,0.38581634,0.011278195488721804
16390,0.68834907,0.1305732484076433
16391,0.9050595,0.0
16392,0.38622358,0.0
16393,0.8785405,0.0
16394,0.8113505,0.0
16395,0.20931673,0.0
16396,0.35686,0.0
16397,0.72347766,0.05128205128205128
16398,0.20693511,0.0
16399,0.8188957,0.0
16400,0.59092975,0.0
16401,0.60222465,0.11062163485070974
16402,0.9537953,0.2028985507246377
16403,0.17258734,0.0
16404,0.549166,0.09326424870466321
16405,0.46080953,0.033112582781456956
16406,0.55271643,9.249838127832763e-05
16407,0.13838284,0.0
16408,0.51110774,0.0
16409,0.9160384,0.25
16410,0.78604233,0.0
16411,0.2676543,0.00026881720430107527
16412,0.3820217,0.7701738334858188
16413,0.18831007,0.0003832886163280951
16414,0.23239881,0.21369443025038323
16415,0.48309064,0.0
16416,0.8093594,0.0
16417,0.46844035,0.06590038314176246
16418,0.26888373,0.00333889816360601
16419,0.93601906,0.35443037974683544
16420,0.23275062,0.22240595287308806
16421,0.40929702,0.0
16422,0.77873486,0.0
16423,0.3391415,0.7810667155425219
16424,0.5122594,0.07324433065106072
16425,0.6273605,0.0
16426,0.873405,0.0625
16427,0.47131124,0.22841726618705036
16428,0.20974033,0.5408102472445636
16429,0.24084662,0.9658072773816054
16430,0.5722961,0.0
16431,0.26540008,0.07783018867924528
16432,0.7916127,0.2
16433,0.79205126,0.0
16434,0.8205995,0.4928774928774929
16435,0.124173254,0.0
16436,0.8827138,0.0
16437,0.71135306,0.18111177525403466
16438,0.89586735,0.07142857142857142
16439,0.71819776,0.14285714285714285
16440,0.63282454,0.0
16441,0.89989233,0.16666666666666666
16442,0.73449445,0.0
16443,0.64964557,0.0
16444,0.24594153,0.0
16445,0.7670186,0.14507772020725387
16446,0.26965395,0.43534162150674743
16447,0.19358982,0.0
16448,0.775648,0.0
16449,0.8550721,0.0
16450,0.2938767,0.0
16451,0.2537251,0.19335596953289896
16452,0.8366092,0.075
16453,0.76528794,0.09523809523809523
16454,0.41875926,0.02631578947368421
16455,0.19866452,0.0
16456,0.6684177,0.024691358024691357
16457,0.2547974,0.006134969325153374
16458,0.71984404,0.0
16459,0.7514177,0.043668122270742356
16460,0.4626999,0.0
16461,0.20205288,0.0
16462,0.75749165,0.0
16463,0.24230926,0.17627044232246736
16464,0.81941485,0.0
16465,0.6139158,0.08333333333333333
16466,0.37854797,0.0
16467,0.81686825,0.0
16468,0.6194916,0.0
16469,0.6383161,0.0
16470,0.4670574,0.45250392993487537
16471,0.5756857,0.0
16472,0.40807036,0.0
16473,0.9408285,0.40034071550255534
16474,0.39052886,0.0
16475,0.74380934,0.0
16476,0.9198519,0.0
16477,0.8764844,0.10638297872340426
16478,0.5765813,0.02727272727272727
16479,0.19593832,0.0
16480,0.631986,0.0
16481,0.76503026,0.0
16482,0.9321854,0.00315059861373661
16483,0.5874841,0.0
16484,0.8302275,0.013211009174311927
16485,0.8713338,0.0
16486,0.2699591,0.0
16487,0.35697898,0.0009575923392612859
16488,0.4437184,0.0
16489,0.8699177,0.2
16490,0.2197339,0.0
16491,0.2931795,0.0
16492,0.91816753,0.0
16493,0.19001472,0.0
16494,0.3217879,0.0
16495,0.15416704,0.002896063498873753
16496,0.6516482,0.0
16497,0.92031157,0.14285714285714285
16498,0.69334227,0.0
16499,0.31465274,0.0
16500,0.6174934,0.0
16501,0.28015608,0.0029192345118391177
16502,0.89702153,0.0
16503,0.6366418,0.0
16504,0.51024073,0.0
16505,0.7047285,0.0
16506,0.50460476,0.0
16507,0.43267593,0.11501501501501502
16508,0.2163613,0.0
16509,0.27455744,0.0
16510,0.3949998,0.0
16511,0.5904177,0.0
16512,0.4648435,0.07096654962114211
16513,0.5299247,0.0
16514,0.86193955,0.0
16515,0.93846214,0.26043956043956046
16516,0.2884977,0.0
16517,0.51267475,0.016881028938906754
16518,0.42971352,0.0
16519,0.2847768,0.0
16520,0.44582355,0.1390728476821192
16521,0.5327554,0.0
16522,0.7418849,0.07692307692307693
16523,0.32169896,0.0
16524,0.8953884,0.0
16525,0.8672653,0.0
16526,0.8825103,0.0
16527,0.83937776,0.07142857142857142
16528,0.78359723,0.0
16529,0.63947636,0.0
16530,0.73530793,0.4838709677419355
16531,0.42190412,0.0
16532,0.88781255,0.0
16533,0.25291696,0.0
16534,0.8020381,0.2
16535,0.8098229,0.0
16536,0.8729795,0.0
16537,0.8693563,0.0
16538,0.68101454,0.0
16539,0.47386992,0.0
16540,0.56806535,0.14868982327848873
16541,0.8195944,0.0
16542,0.7999039,0.0
16543,0.3236234,0.0
16544,0.58484507,0.0
16545,0.30378234,0.0
16546,0.88638,0.014925373134328358
16547,0.940746,0.2756598240469208
16548,0.83099705,0.08333333333333333
16549,0.9376344,0.18871252204585537
16550,0.3894322,0.0
16551,0.34342885,0.058823529411764705
16552,0.8527529,0.08823529411764706
16553,0.5794097,0.0
16554,0.7531697,0.0
16555,0.88621205,0.0
16556,0.5447806,0.0
16557,0.85481244,0.20464135021097046
16558,0.7632754,0.0
16559,0.5123159,0.0
16560,0.21352193,0.0
16561,0.88035727,0.11475409836065574
16562,0.83889097,0.0
16563,0.6582397,0.0
16564,0.7325065,0.0
16565,0.34450266,0.0
16566,0.5843574,0.0
16567,0.60882497,0.0
16568,0.4892813,0.0
16569,0.91731316,0.056
16570,0.3240992,0.0
16571,0.6900973,0.0
16572,0.72764367,0.0
16573,0.21129808,0.9802378774016468
16574,0.3944459,0.01694915254237288
16575,0.9074569,0.5
16576,0.33110029,0.14622641509433962
16577,0.51237804,0.0
16578,0.38385642,0.0
16579,0.57580966,0.08333333333333333
16580,0.717799,0.0
16581,0.8911699,0.0
16582,0.45787492,0.15819209039548024
16583,0.22731969,0.0166073546856465
16584,0.36752093,0.052770448548812667
16585,0.12687357,0.5593279663983199
16586,0.7644612,0.0
16587,0.8818775,0.0
16588,0.31974864,0.0
16589,0.6874009,0.0
16590,0.4346953,0.0
16591,0.37209535,0.0
16592,0.3741974,0.0
16593,0.48973572,0.1497016497016497
16594,0.8130581,0.0
16595,0.5707039,0.07731958762886598
16596,0.57305366,0.0
16597,0.13969229,0.0
16598,0.3707832,0.0
16599,0.82383966,0.0
16600,0.8337106,0.0
16601,0.8134043,0.0
16602,0.24159417,0.0001830831197363603
16603,0.36971402,0.0
16604,0.35113156,0.0
16605,0.6357294,0.0
16606,0.8825346,0.0
16607,0.89543605,0.13333333333333333
16608,0.47657257,0.07320416742825808
16609,0.20843726,0.0
16610,0.22368161,0.0
16611,0.35453153,0.006622516556291391
16612,0.23835878,0.2505175983436853
16613,0.61384195,0.0
16614,0.83732325,0.0
16615,0.85634655,0.0
16616,0.6219249,0.0
16617,0.4198367,0.0
16618,0.42442316,0.020833333333333332
16619,0.7666165,0.0
16620,0.8209386,0.0
16621,0.6606199,0.07339869879959682
16622,0.91710633,0.0
16623,0.8464602,0.08333333333333333
16624,0.4471824,0.08352534562211981
16625,0.61436623,0.07351321585903084
16626,0.4176715,0.0
16627,0.51317924,0.0
16628,0.19335559,0.0
16629,0.4495618,0.3801369863013699
16630,0.8365769,0.07272727272727272
16631,0.55563253,0.0
16632,0.49920285,0.06253758268190018
16633,0.51129806,0.0
16634,0.58417845,0.0
16635,0.80201715,0.1590909090909091
16636,0.2544698,0.0
16637,0.74917305,0.01171303074670571
16638,0.33723724,0.03571428571428571
16639,0.6949611,0.0
16640,0.397254,0.0
16641,0.59812784,0.0
16642,0.8760093,0.0
16643,0.7037619,0.1694915254237288
16644,0.7419115,0.3870967741935484
16645,0.48873872,0.04093012219717641
16646,0.7885213,0.2323943661971831
16647,0.84763646,0.0
16648,0.7541194,0.0
16649,0.5548282,0.0
16650,0.2869164,0.000846740050804403
16651,0.50273615,0.0
16652,0.5491125,0.0
16653,0.7357238,0.0718954248366013
16654,0.423913,0.0
16655,0.27901816,0.0
16656,0.21436976,0.0
16657,0.18245983,0.001248179737882255
16658,0.65144634,0.0
16659,0.39528415,0.0
16660,0.89999247,0.0
16661,0.68557966,0.0
16662,0.869636,0.0
16663,0.57754743,0.0
16664,0.37659773,0.8675139434945598
16665,0.8720382,0.08571428571428572
16666,0.84782964,0.0
16667,0.42265826,0.0
16668,0.8125658,0.0
16669,0.8058521,0.0
16670,0.40394613,0.010509150208371081
16671,0.7957332,0.0
16672,0.8059592,0.09482758620689655
16673,0.25812465,0.0
16674,0.9053088,0.07692307692307693
16675,0.24569571,0.4435067979371777
16676,0.9164343,0.0
16677,0.65520334,0.13846153846153847
16678,0.32518375,0.0
16679,0.83223665,0.0
16680,0.64469975,0.0
16681,0.91396224,0.15384615384615385
16682,0.29096082,0.0
16683,0.17848134,0.004032258064516129
16684,0.61913604,0.0
16685,0.56609505,0.07661328986480008
16686,0.2130519,0.0
16687,0.15762435,0.0
16688,0.85675067,0.0
16689,0.22037986,0.7528336380255941
16690,0.8737185,0.04
16691,0.4219717,0.0
16692,0.57805765,0.0
16693,0.37594783,0.0
16694,0.917926,0.10683760683760683
16695,0.30715626,0.06666666666666667
16696,0.27964145,0.2367744100212504
16697,0.19413084,0.0
16698,0.8488937,0.0
16699,0.846242,0.325
16700,0.9331188,0.19428571428571428
16701,0.6785904,0.0
16702,0.4030984,0.0
16703,0.244272,0.0
16704,0.30740172,0.0
16705,0.5371587,0.0
16706,0.2433725,0.0
16707,0.16963318,0.0
16708,0.40687436,0.1111111111111111
16709,0.61880094,0.061855670103092786
16710,0.730798,0.125
16711,0.3318051,0.006619144602851324
16712,0.4162103,0.06093189964157706
16713,0.80451524,0.14814814814814814
16714,0.38409454,0.0
16715,0.8477722,0.0
16716,0.5425202,0.0
16717,0.872664,0.0
16718,0.28419134,0.028268551236749116
16719,0.2905063,0.07142857142857142
16720,0.38005581,0.14497816593886462
16721,0.52874166,0.0
16722,0.64488703,0.0
16723,0.50070333,0.0
16724,0.26309928,0.0
16725,0.74097615,0.21794871794871795
16726,0.78148466,0.0
16727,0.16091068,0.0
16728,0.2273682,0.030990510083036774
16729,0.86670643,0.0
16730,0.72578025,0.0
16731,0.53103286,0.1076923076923077
16732,0.80080795,0.0
16733,0.2185545,0.0013134440379022423
16734,0.78133214,0.05714285714285714
16735,0.7255291,0.0
16736,0.43398574,0.03723404255319149
16737,0.3246687,0.0
16738,0.33235458,0.0
16739,0.8325369,0.0
16740,0.30781558,0.0033112582781456954
16741,0.22678006,0.009594552770040236
16742,0.64528656,0.21518987341772153
16743,0.34759846,0.0
16744,0.89867246,0.4
16745,0.3504105,0.04861111111111111
16746,0.27006605,0.0
16747,0.3460436,0.00022888532845044633
16748,0.4843836,0.026615969581749048
16749,0.6392191,0.0
16750,0.4034398,0.0
16751,0.18538359,0.0
16752,0.5414934,0.0
16753,0.7985402,0.00010584250635055038
16754,0.83966917,0.22397003745318353
16755,0.9171976,0.2739477503628447
16756,0.68113834,0.0
16757,0.83079684,0.0
16758,0.52167034,0.0
16759,0.8201247,0.0
16760,0.7441573,0.0
16761,0.4995086,0.045454545454545456
16762,0.88701123,0.0
16763,0.27000362,0.0
16764,0.20939147,0.0625
16765,0.17468482,0.09656084656084656
16766,0.39842492,0.6738852339181286
16767,0.756956,0.15217391304347827
16768,0.1877504,0.07317073170731707
16769,0.43700105,0.0
16770,0.4750513,0.04672897196261682
16771,0.30818787,0.0
16772,0.5341835,0.0
16773,0.6637324,0.011627906976744186
16774,0.65371394,0.0
16775,0.78659785,0.0
16776,0.48762676,0.0
16777,0.8615879,0.0
16778,0.778402,0.0
16779,0.35494265,0.005333333333333333
16780,0.22300464,0.8947079791609542
16781,0.44011644,0.05828511309836928
16782,0.37948337,0.008701472556894244
16783,0.33456224,0.11612903225806452
16784,0.73371816,0.16666666666666666
16785,0.19190119,0.0
16786,0.9304371,0.018867924528301886
16787,0.84679127,0.02857142857142857
16788,0.47933084,0.0
16789,0.22769774,0.0
16790,0.80520463,0.0
16791,0.83387244,0.058823529411764705
16792,0.3286101,0.0
16793,0.8513522,0.0
16794,0.42250937,0.0
16795,0.938725,0.2540272614622057
16796,0.8019627,0.0
16797,0.24560241,0.0
16798,0.67809033,0.0
16799,0.85269296,0.037037037037037035
16800,0.7203499,0.0
16801,0.48803592,0.0
16802,0.7750254,0.0
16803,0.48119873,0.05063291139240506
16804,0.815988,0.0
16805,0.23459846,0.0
16806,0.20479278,0.0
16807,0.5475595,0.0
16808,0.36918464,0.06276150627615062
16809,0.78991586,0.0
16810,0.21829209,0.2
16811,0.5571652,0.0
16812,0.34924403,0.0
16813,0.4597468,0.00015491866769945777
16814,0.9112949,0.0
16815,0.8312762,0.0
16816,0.6965558,0.0
16817,0.25594637,0.5350502045370026
16818,0.8833232,0.03935599284436494
16819,0.47219345,0.007310589277802392
16820,0.8568776,0.0
16821,0.33024183,0.013953488372093023
16822,0.27671295,0.0007429420505200594
16823,0.40317515,0.0
16824,0.58658236,0.08333333333333333
16825,0.8843701,0.25
16826,0.3174677,0.002327246688148944
16827,0.31541386,0.0
16828,0.87939614,0.0
16829,0.93689865,0.0
16830,0.14552546,0.0
16831,0.5608815,0.031073446327683617
16832,0.9380577,0.18385650224215247
16833,0.1783078,0.0
16834,0.22828574,0.0
16835,0.2807464,0.0
16836,0.4346116,0.0
16837,0.35578525,0.03064798598949212
16838,0.83760005,0.0
16839,0.17757092,0.19236091890395793
16840,0.6048721,0.02631578947368421
16841,0.91992366,0.04520990312163617
16842,0.24345692,0.0
16843,0.84300023,0.10227272727272728
16844,0.1892701,0.0
16845,0.6372954,0.0
16846,0.2450509,0.0
16847,0.29180598,0.06720183486238532
16848,0.85759187,0.0
16849,0.675866,0.0
16850,0.93469864,0.7435775451950524
16851,0.14838539,0.937545720555962
16852,0.7442423,0.08333333333333333
16853,0.7238589,0.0
16854,0.91941583,0.0
16855,0.8811241,0.1
16856,0.20779452,0.0016570008285004142
16857,0.9031798,0.03125
16858,0.40885565,0.0
16859,0.36791924,0.2673946165566277
16860,0.8494819,0.0
16861,0.24547505,0.5979674052371361
16862,0.8682188,0.11764705882352941
16863,0.35400233,0.0014064697609001407
16864,0.8498334,0.0
16865,0.15411605,0.0
16866,0.6311192,0.0
16867,0.30989024,0.00010289124395513942
16868,0.53004974,0.5
16869,0.74243224,0.0
16870,0.53149253,0.008045977011494253
16871,0.8264702,0.0
16872,0.770305,0.05
16873,0.84146756,0.09375
16874,0.6553499,0.036101083032490974
16875,0.8188111,0.0
16876,0.17133972,0.0
16877,0.25637063,0.0
16878,0.35453257,0.001422475106685633
16879,0.6262016,0.0
16880,0.62454283,0.0
16881,0.8066871,0.0
16882,0.29315832,0.0
16883,0.76695603,0.7449705973382854
16884,0.62165916,0.042105263157894736
16885,0.30472034,0.02
16886,0.22188422,0.20622189816502612
16887,0.80320233,0.0
16888,0.20653047,0.0025
16889,0.4014726,0.015267175572519083
16890,0.33656648,0.05339366515837104
16891,0.26310238,0.0
16892,0.5318898,0.0
16893,0.7609514,0.0
16894,0.61455995,0.0
16895,0.6965593,0.0
16896,0.7131708,0.0
16897,0.4120982,0.0009694619486185168
16898,0.47832322,0.0
16899,0.48369712,0.0
16900,0.41621628,0.22796143250688705
16901,0.3600104,0.0
16902,0.43855938,0.0
16903,0.8808973,0.0
16904,0.9232962,0.0
16905,0.8446817,0.06217616580310881
16906,0.9409823,0.18898623279098872
16907,0.80916613,0.2665406427221172
16908,0.7707152,0.0
16909,0.7029054,0.0
16910,0.5417641,0.0
16911,0.39237353,0.0
16912,0.29148877,0.0
16913,0.80972475,0.0
16914,0.63303244,0.012987012987012988
16915,0.6525923,0.16666666666666666
16916,0.22630352,0.1934286244663078
16917,0.5523767,0.0
16918,0.89786416,0.0
16919,0.7969875,0.13314447592067988
16920,0.9037696,0.08108108108108109
16921,0.88613343,0.0
16922,0.23860948,0.015873015873015872
16923,0.72125924,0.04032258064516129
16924,0.12408473,0.00018309988098507736
16925,0.60716057,0.0
16926,0.2711033,0.041666666666666664
16927,0.3147281,0.004419889502762431
16928,0.3738291,0.0
16929,0.81766605,0.0
16930,0.23106885,0.029850746268656716
16931,0.8288063,0.0
16932,0.34221956,0.019736842105263157
16933,0.59146947,0.0
16934,0.4777346,0.0032397408207343412
16935,0.6449287,0.0
16936,0.79503316,0.0
16937,0.62068135,0.25
16938,0.1532221,0.4533319207543172
16939,0.52342004,0.0
16940,0.27405396,0.0
16941,0.9133498,0.0
16942,0.32571608,0.024752475247524754
16943,0.31206682,0.0
16944,0.50213975,0.0
16945,0.83918476,0.0
16946,0.8069654,0.0
16947,0.83217174,0.0
16948,0.58603305,0.004807692307692308
16949,0.26186755,0.042413487133984025
16950,0.35971385,0.0
16951,0.79245317,0.001017293997965412
16952,0.40181267,0.0
16953,0.27054602,0.08333333333333333
16954,0.2707604,0.0
16955,0.65293825,0.0
16956,0.20583676,0.3013396953569462
16957,0.32292584,0.33874361286444243
16958,0.8742248,0.0
16959,0.7381854,0.0
16960,0.23166366,0.0
16961,0.60619724,0.05844155844155844
16962,0.4101728,0.0
16963,0.55456746,0.1172291296625222
16964,0.29354015,0.013888888888888888
16965,0.25470427,0.785234899328859
16966,0.78546846,0.0
16967,0.54960316,0.0
16968,0.22743335,0.9148209671465486
16969,0.39984208,0.0
16970,0.6417402,0.0
16971,0.7869298,0.04716981132075472
16972,0.5785725,0.0
16973,0.59830314,0.0
16974,0.62444556,0.0
16975,0.6408547,0.0
16976,0.42047465,0.045714285714285714
16977,0.23964123,0.0
16978,0.89699024,0.23300970873786409
16979,0.84282446,0.0
16980,0.5369507,0.0
16981,0.29091918,0.6973409023005677
16982,0.88690656,0.5
16983,0.8463348,0.09375
16984,0.83073914,0.05714285714285714
16985,0.8091015,0.15254237288135594
16986,0.87738436,0.2
16987,0.5129091,0.05732484076433121
16988,0.68037206,0.0
16989,0.54189783,0.0
16990,0.77157354,0.0
16991,0.53801936,0.025
16992,0.30890235,0.0015220700152207
16993,0.46230057,0.0
16994,0.8700586,0.0
16995,0.7697391,0.0
16996,0.8758075,0.0
16997,0.21719094,0.0
16998,0.63218594,0.0
16999,0.19933994,0.0
17000,0.2734677,0.0
17001,0.25639537,0.0
17002,0.56522703,0.05
17003,0.3214493,0.10102552912939122
17004,0.53716624,0.0
17005,0.61192757,0.02066115702479339
17006,0.39695305,0.0
17007,0.31191283,0.0
17008,0.7398062,0.12087912087912088
17009,0.54533803,0.01864406779661017
17010,0.33191788,0.0
17011,0.8862181,0.0
17012,0.3840535,0.006172839506172839
17013,0.6699429,0.0
17014,0.8926807,0.0
17015,0.2698849,0.0
17016,0.42577592,0.021692705406316737
17017,0.60856485,0.047619047619047616
17018,0.8361208,0.0
17019,0.20721102,0.5557083906464925
17020,0.38053387,0.00012751849018107625
17021,0.60192287,0.0
17022,0.6218932,9.139932364500503e-05
17023,0.5342231,0.023668639053254437
17024,0.49004284,0.0
17025,0.74351263,0.10852713178294573
17026,0.9059761,0.0
17027,0.55499315,0.0
17028,0.5282147,0.0
17029,0.25427428,0.0196078431372549
17030,0.84256524,0.32663316582914576
17031,0.5439196,0.0
17032,0.4422165,0.056155507559395246
17033,0.2133321,0.055133079847908745
17034,0.38091865,0.0
17035,0.7473781,0.0
17036,0.430984,0.015625
17037,0.44767755,0.0
17038,0.36771265,0.0
17039,0.8012119,0.08547008547008547
17040,0.8648502,0.1
17041,0.45930302,0.0
17042,0.8380022,0.18181818181818182
17043,0.8181439,0.0
17044,0.63035095,0.0
17045,0.4483766,0.022670025188916875
17046,0.28524593,0.0734341252699784
17047,0.877836,0.17829457364341086
17048,0.88284624,0.0
17049,0.27251458,0.06906579425663395
17050,0.22288221,0.002777777777777778
17051,0.89963216,0.0
17052,0.6648811,0.0
17053,0.8662967,0.624770079705702
17054,0.89341724,0.0
17055,0.6617634,9.288500835965076e-05
17056,0.37793207,0.0
17057,0.7982989,0.5
17058,0.9313677,0.0
17059,0.92719775,0.1390532544378698
17060,0.86317277,0.0
17061,0.83958614,0.2727272727272727
17062,0.29374185,0.014705882352941176
17063,0.15894301,0.0
17064,0.84593064,0.0
17065,0.50907725,0.0
17066,0.8968439,0.058823529411764705
17067,0.41781616,0.3536055603822763
17068,0.25230876,0.002791996277338297
17069,0.91964346,0.1787109375
17070,0.8132067,0.0
17071,0.8175175,0.0
17072,0.84616196,0.0
17073,0.374565,0.0
17074,0.6246464,0.024
17075,0.7587374,0.03508771929824561
17076,0.66855985,0.0
17077,0.3482004,0.0
17078,0.6331602,0.0
17079,0.4109093,0.0
17080,0.7122787,0.0
17081,0.54136103,0.0002613012803762738
17082,0.30368358,0.0061162079510703364
17083,0.23416656,1.0
17084,0.67735755,0.0
17085,0.21208799,0.0
17086,0.70664364,0.22712418300653595
17087,0.7033138,0.0
17088,0.40096137,0.07374167283493709
17089,0.19617563,0.0
17090,0.83465725,0.0
17091,0.4808434,0.0
17092,0.7388135,0.2222222222222222
17093,0.46535274,0.9929622520793346
17094,0.13236445,0.0
17095,0.8273077,0.0
17096,0.8683484,0.07142857142857142
17097,0.87142235,0.09482758620689655
17098,0.19499822,0.6609798376060578
17099,0.78874373,0.061855670103092786
17100,0.9387629,0.14356435643564355
17101,0.8404271,0.034482758620689655
17102,0.31815594,0.08461538461538462
17103,0.21792613,0.6947897623400365
17104,0.72248393,0.0
17105,0.41484737,0.0
17106,0.9313944,0.0
17107,0.71082276,0.0
17108,0.56385654,0.0
17109,0.24297497,0.022727272727272728
17110,0.93532413,0.5677707305614282
17111,0.88642263,0.034545454545454546
17112,0.8571474,0.1864406779661017
17113,0.48244888,0.1057347670250896
17114,0.2188684,0.007407407407407408
17115,0.23014441,0.0
17116,0.6067544,0.0
17117,0.73002934,0.06923076923076923
17118,0.8683435,0.17757009345794392
17119,0.35062578,0.013368983957219251
17120,0.3809356,0.0
17121,0.47645423,0.0001344628210299852
17122,0.8618902,0.0
17123,0.27761528,0.0
17124,0.6943414,0.045454545454545456
17125,0.49869406,0.0
17126,0.45404285,0.0761904761904762
17127,0.44802517,0.0
17128,0.543822,0.13740458015267176
17129,0.71476173,0.0
17130,0.8644766,0.0
17131,0.7643025,0.0
17132,0.26399952,0.11395668614644208
17133,0.92493236,0.0
17134,0.4137095,0.0
17135,0.5293046,0.006578947368421052
17136,0.6954886,0.0
17137,0.38773352,0.0027631942525559545
17138,0.9072692,0.0
17139,0.45011604,0.05
17140,0.5820793,0.07199483775811209
17141,0.16717958,0.0
17142,0.46686688,0.004291845493562232
17143,0.86985207,0.0
17144,0.7365594,0.06329113924050633
17145,0.6884081,0.0
17146,0.12970747,0.03742384682332463
17147,0.9389612,0.14427860696517414
17148,0.21419673,0.031207598371777476
17149,0.22610565,0.0
17150,0.6651872,0.0
17151,0.38640988,0.020202020202020204
17152,0.85541874,0.028169014084507043
17153,0.7973604,0.125
17154,0.34465843,0.08308143262801136
17155,0.68432635,0.0990990990990991
17156,0.5089826,0.0
17157,0.12498123,0.05954573357888275
17158,0.7828562,0.0
17159,0.41246405,0.0
17160,0.42595783,0.00022479487467685737
17161,0.49603367,0.05084745762711865
17162,0.89693815,0.42857142857142855
17163,0.8795544,0.023809523809523808
17164,0.9117208,0.21254355400696864
17165,0.3002088,0.03571428571428571
17166,0.75235003,0.3333333333333333
17167,0.73311,0.0
17168,0.75079477,0.01171875
17169,0.83284044,0.022222222222222223
17170,0.8760476,0.0
17171,0.88369745,0.0
17172,0.7652267,0.0
17173,0.9285699,0.1648375768217735
17174,0.46059734,0.0
17175,0.7210194,0.0
17176,0.17811835,0.0
17177,0.425621,0.0
17178,0.79465425,0.0
17179,0.2286587,0.0
17180,0.21083039,0.0
17181,0.4147659,0.0273972602739726
17182,0.7200292,0.0
17183,0.4474996,0.0
17184,0.21343358,0.050758459743290546
17185,0.92518526,0.0
17186,0.33593616,0.0
17187,0.44919276,0.0
17188,0.88662064,0.0
17189,0.92901945,0.14285714285714285
17190,0.5155844,0.0
17191,0.3093074,0.0
17192,0.7628133,0.06382978723404255
17193,0.89182025,0.0
17194,0.33905697,0.0
17195,0.19474699,0.21565762004175365
17196,0.4991272,0.08333333333333333
17197,0.46590608,0.017241379310344827
17198,0.556009,0.0
17199,0.18353552,0.19882420971472628
17200,0.6979078,0.0
17201,0.66528285,0.06896551724137931
17202,0.78226286,0.046153846153846156
17203,0.32346314,0.0
17204,0.85936683,0.5
17205,0.82320964,0.0
17206,0.62460595,0.0
17207,0.7980134,0.0
17208,0.7416195,0.13766730401529637
17209,0.6618218,0.0
17210,0.9147878,0.0
17211,0.20547514,0.0
17212,0.18150473,0.45592845288585654
17213,0.8598166,0.01818181818181818
17214,0.6271844,0.0004924491135915955
17215,0.46772972,0.030120481927710843
17216,0.59377617,0.09585907115076642
17217,0.412807,0.023957322987390884
17218,0.47694764,0.0
17219,0.3073464,0.0
17220,0.40109727,0.0
17221,0.72545713,0.2713472485768501
17222,0.8381503,0.0
17223,0.54393166,0.06447214647448384
17224,0.69962823,0.0
17225,0.29947284,0.005547850208044383
17226,0.93818396,0.0
17227,0.7928399,0.16666666666666666
17228,0.9284765,0.0
17229,0.9266283,0.5911111111111111
17230,0.65104467,0.0
17231,0.31199694,0.990953947368421
17232,0.49529457,0.014285714285714285
17233,0.34994945,0.15455100794135615
17234,0.55136526,0.0
17235,0.90456355,0.125
17236,0.435707,0.06666666666666667
17237,0.34630144,0.0
17238,0.43246415,0.08588158750813273
17239,0.4636884,0.060879368658399095
17240,0.21153893,0.0
17241,0.34996843,0.0
17242,0.71359456,0.09523809523809523
17243,0.20206118,0.0
17244,0.8439784,0.0
17245,0.8590322,0.0
17246,0.48960254,0.031914893617021274
17247,0.14189467,0.0
17248,0.17485435,0.0
17249,0.6706521,0.0
17250,0.52155095,0.03680981595092025
17251,0.93965507,0.07079646017699115
17252,0.7939863,0.0
17253,0.7806492,0.0
17254,0.80049974,0.017543859649122806
17255,0.53891826,0.071334214002642
17256,0.53409433,0.003110419906687403
17257,0.64119667,0.0
17258,0.8070721,0.07876712328767123
17259,0.17314336,0.0
17260,0.33252203,0.0
17261,0.91629833,0.25
17262,0.2404496,0.0
17263,0.369889,0.01891891891891892
17264,0.9515282,0.26871657754010697
17265,0.32391506,0.058823529411764705
17266,0.32312655,0.0
17267,0.7355095,0.0
17268,0.459917,0.0
17269,0.27211243,0.010752688172043012
17270,0.33024976,0.022867737948084055
17271,0.94183546,0.09090909090909091
17272,0.3846957,0.0
17273,0.9058618,0.1
17274,0.79215443,0.0
17275,0.4960832,0.0
17276,0.15474075,0.04378731873756042
17277,0.48988912,0.0
17278,0.6749653,0.0
17279,0.796288,0.0
17280,0.28181392,0.060810810810810814
17281,0.5026859,0.06671463815789473
17282,0.5596336,0.0
17283,0.77535874,0.0
17284,0.27570993,0.0
17285,0.8738425,0.11538461538461539
17286,0.46961758,0.020161290322580645
17287,0.86592406,0.0
17288,0.21416113,0.0
17289,0.7498645,0.0
17290,0.9518129,0.1
17291,0.7373175,0.0
17292,0.582041,0.0
17293,0.7257534,0.0
17294,0.8467555,0.1111111111111111
17295,0.683419,0.0
17296,0.8801482,0.15889464594127806
17297,0.90493816,0.2222222222222222
17298,0.59944683,0.0
17299,0.27011502,0.0
17300,0.81732076,0.0
17301,0.9067689,0.3092105263157895
17302,0.83185285,0.05725190839694656
17303,0.20631112,0.010367049593723731
17304,0.8225046,0.2
17305,0.48454222,0.0
17306,0.40130395,0.07325655790147152
17307,0.6807716,0.0
17308,0.28084332,0.08403361344537816
17309,0.88462746,0.0
17310,0.8511528,0.0
17311,0.56055105,0.0
17312,0.46945727,0.0
17313,0.81670684,0.2727272727272727
17314,0.9221664,0.0
17315,0.22513524,0.0
17316,0.6052797,0.2857142857142857
17317,0.5655125,0.008006405124099279
17318,0.24344143,0.0003669724770642202
17319,0.8960613,0.24324324324324326
17320,0.22457016,0.0
17321,0.9373002,0.32232232232232233
17322,0.73257107,0.13926499032882012
17323,0.32728416,0.11328555678059538
17324,0.767355,0.06557377049180328
17325,0.27261403,0.37254901960784315
17326,0.3218636,0.04437086092715232
17327,0.6603738,0.0
17328,0.31250572,0.0
17329,0.8706718,0.0967741935483871
17330,0.6356059,0.0
17331,0.6917587,0.0
17332,0.8219972,0.0
17333,0.81020606,0.0
17334,0.17554815,0.0
17335,0.4866123,0.0
17336,0.39839506,0.046875
17337,0.27491993,0.9968016083340948
17338,0.2825786,0.008875739644970414
17339,0.2493233,0.0
17340,0.27415678,0.0
17341,0.33687946,0.0
17342,0.8882796,0.0
17343,0.4938393,0.0
17344,0.7120179,0.11538461538461539
17345,0.26278788,0.0
17346,0.6346733,0.0
17347,0.25639087,0.02806122448979592
17348,0.6821278,0.3333333333333333
17349,0.36915648,0.08333333333333333
17350,0.12998122,0.0
17351,0.7665405,0.1297071129707113
17352,0.19529757,0.0
17353,0.32536936,0.011966701352757543
17354,0.73945475,0.0
17355,0.4801251,0.005405405405405406
17356,0.8304586,0.0
17357,0.76301664,0.00909090909090909
17358,0.21281621,0.0
17359,0.24717624,0.0015743382859391912
17360,0.8468585,0.15714285714285714
17361,0.9264808,0.0
17362,0.8722437,0.11875
17363,0.61162996,0.0
17364,0.6162338,0.2608695652173913
17365,0.40241098,0.0
17366,0.5103176,0.015151515151515152
17367,0.88714504,0.0
17368,0.7307171,0.03508771929824561
17369,0.4008707,0.0
17370,0.2180085,0.9077719249607246
17371,0.73761296,0.052083333333333336
17372,0.20759158,0.5782530481710974
17373,0.59413487,0.0
17374,0.86059266,0.0
17375,0.83076096,0.019485903814262025
17376,0.89749473,0.0
17377,0.85919905,0.0
17378,0.24451174,0.01288936627282492
17379,0.21206217,0.008620689655172414
17380,0.53076404,0.0
17381,0.84465826,0.0
17382,0.7735325,0.1875
17383,0.25216085,0.6001348617666892
17384,0.39172024,0.008547008547008548
17385,0.81930465,0.0
17386,0.35422412,0.0
17387,0.8056534,0.3127183787561146
17388,0.3139835,0.0
17389,0.48643473,0.0
17390,0.7975188,0.0
17391,0.17696513,0.0
17392,0.8073084,0.02608695652173913
17393,0.5192237,0.0
17394,0.89281183,0.1746031746031746
17395,0.23621926,0.0
17396,0.8792379,0.0
17397,0.7405853,0.23529411764705882
17398,0.8873563,0.05970149253731343
17399,0.7747978,0.04929577464788732
17400,0.61351943,0.0
17401,0.8727666,0.14705882352941177
17402,0.85762876,0.21621621621621623
17403,0.40907198,0.05063291139240506
17404,0.68905777,0.0017699115044247787
17405,0.41057077,0.005649717514124294
17406,0.3466045,0.0
17407,0.5851893,0.07319078947368421
17408,0.86787,0.0
17409,0.86530215,0.07446808510638298
17410,0.34251016,0.0
17411,0.36633912,0.0
17412,0.24954776,0.0006540222367560497
17413,0.27014253,0.0
17414,0.6653931,0.0
17415,0.5604931,0.3317009467841985
17416,0.86759263,0.034482758620689655
17417,0.20539597,0.0
17418,0.8844845,0.07017543859649122
17419,0.4103791,0.008569545154911009
17420,0.39971545,0.0
17421,0.9327454,0.1870967741935484
17422,0.16628234,0.0
17423,0.37998658,0.0
17424,0.80877465,0.05128205128205128
17425,0.60716563,0.5
17426,0.74031603,0.0
17427,0.79541457,0.22736030828516376
17428,0.72709733,0.0
17429,0.6092814,0.0
17430,0.44434515,0.07329124348064782
17431,0.7333289,0.04040404040404041
17432,0.28041834,0.0
17433,0.8918372,0.08695652173913043
17434,0.66827065,0.0
17435,0.52256954,0.015384615384615385
17436,0.73775196,0.08928571428571429
17437,0.57460696,0.0
17438,0.44614276,0.0
17439,0.22642705,0.0
17440,0.20757759,0.06232420429311621
17441,0.29930553,0.0
17442,0.908301,0.3284671532846715
17443,0.41760975,0.03076923076923077
17444,0.22472045,0.0
17445,0.92899555,0.14309210526315788
17446,0.2517515,0.6570297394346746
17447,0.79254025,0.1
17448,0.855626,0.0
17449,0.18670316,0.00029563932002956393
17450,0.5066518,0.109375
17451,0.2890185,0.011904761904761904
17452,0.66700864,0.1277258566978193
17453,0.91570777,0.16666666666666666
17454,0.5420681,0.0
17455,0.39297217,0.0
17456,0.38932598,0.03257328990228013
17457,0.27828375,0.0
17458,0.4638865,0.046997704482300354
17459,0.7402134,0.0
17460,0.4289577,0.0
17461,0.81609285,0.0
17462,0.23942809,0.0
17463,0.8224078,0.0
17464,0.8252184,0.0
17465,0.23528026,0.05501618122977346
17466,0.44799554,0.00022805017103762827
17467,0.57609725,0.007822685788787484
17468,0.47768894,0.0
17469,0.4622818,0.0
17470,0.20323668,0.005633802816901409
17471,0.35067075,0.0
17472,0.9261567,0.15151515151515152
17473,0.78389466,0.0
17474,0.24528739,0.0
17475,0.55555004,0.01818181818181818
17476,0.21044827,0.0
17477,0.40978,0.0
17478,0.52914953,0.0
17479,0.641366,0.0
17480,0.13282073,0.0
17481,0.7261005,0.0
17482,0.3825311,0.07638556523403849
17483,0.34148774,0.9647951719092904
17484,0.81066805,0.0
17485,0.58731186,0.0
17486,0.40797463,0.008150328277111162
17487,0.22569384,0.006802721088435374
17488,0.33075973,0.0
17489,0.39465484,0.07370462732058743
17490,0.6427541,0.0
17491,0.5834238,0.0
17492,0.7654096,0.0
17493,0.72167593,0.0
17494,0.7562711,0.18181818181818182
17495,0.5671874,0.0
17496,0.8845482,0.0
17497,0.7948108,0.0
17498,0.23424006,0.36438442873720855
17499,0.18680264,0.6938626177627367
17500,0.5264589,0.0
17501,0.20048928,0.0
17502,0.41362104,0.0
17503,0.9257408,0.5453141091658085
17504,0.9182028,0.1680327868852459
17505,0.7952159,0.047619047619047616
17506,0.3541636,0.017204301075268817
17507,0.4099435,0.0
17508,0.22611679,0.0
17509,0.8842622,0.0
17510,0.2580441,0.7228166438042981
17511,0.17343166,0.024383107383204917
17512,0.22660483,0.1899255715045189
17513,0.83134663,0.0
17514,0.80511105,0.0
17515,0.6399019,0.0
17516,0.4832384,0.007462686567164179
17517,0.1230392,0.45382151029748286
17518,0.37602037,0.0
17519,0.928329,0.0
17520,0.19589928,0.0
17521,0.25973547,0.0
17522,0.8242434,0.0
17523,0.7216909,0.0
17524,0.22061624,0.0
17525,0.843325,0.0
17526,0.89511395,0.0
17527,0.5787818,0.0
17528,0.88446206,0.44502617801047123
17529,0.79890275,0.01818181818181818
17530,0.63646877,0.0
17531,0.611952,0.0
17532,0.2855905,0.03333333333333333
17533,0.8929719,0.06896551724137931
17534,0.61771524,0.0
17535,0.46530375,0.027777777777777776
17536,0.25270942,0.20977885980929195
17537,0.21012557,0.0
17538,0.841575,0.2734375
17539,0.79205656,0.0
17540,0.23575935,0.018518518518518517
17541,0.24838044,0.034782608695652174
17542,0.88954043,0.0
17543,0.7495211,0.0
17544,0.88180125,0.0
17545,0.42771012,0.02320887991927346
17546,0.24661624,0.008264462809917356
17547,0.7565264,0.0
17548,0.35819316,0.9241710538468643
17549,0.8092152,0.17647058823529413
17550,0.81020683,0.0
17551,0.7189719,0.5
17552,0.80339813,0.0
17553,0.45984706,0.1218278778962854
17554,0.8915308,0.0
17555,0.90095717,0.22727272727272727
17556,0.3125148,0.2423425366695427
17557,0.882638,0.13333333333333333
17558,0.2960632,0.01950354609929078
17559,0.7170198,0.02857142857142857
17560,0.5726702,0.0
17561,0.7093935,0.0
17562,0.3551774,0.0731147239827317
17563,0.37180492,0.0
17564,0.9002206,0.0
17565,0.3755704,0.02459016393442623
17566,0.6333033,0.0
17567,0.8565136,0.06315789473684211
17568,0.48240864,0.0
17569,0.7471358,0.06976744186046512
17570,0.63127565,0.0
17571,0.43050438,0.07305476821797569
17572,0.2634185,0.0
17573,0.25654727,0.0
17574,0.21379012,0.10201793721973094
17575,0.85473096,0.0
17576,0.85066736,0.03508771929824561
17577,0.44283324,0.0
17578,0.9072406,0.0
17579,0.28815472,0.0
17580,0.9400551,0.38317054845980464
17581,0.8418162,0.09302325581395349
17582,0.3219556,0.0
17583,0.7712513,0.0
17584,0.7029242,0.0
17585,0.94048434,0.23741007194244604
17586,0.73871726,0.09090909090909091
17587,0.86807686,0.10667720268668511
17588,0.44802865,0.0
17589,0.8365725,0.038461538461538464
17590,0.59228885,0.3333333333333333
17591,0.5432417,0.0
17592,0.7505623,0.0
17593,0.64624274,0.07505594766741264
17594,0.7910101,0.0
17595,0.5867029,0.029556650246305417
17596,0.9329572,0.0
17597,0.6023167,0.0
17598,0.46740186,0.0
17599,0.7218307,0.0
17600,0.17852025,0.511168070303918
17601,0.15542051,0.0
17602,0.276115,0.02459016393442623
17603,0.24822117,0.5067810683642402
17604,0.3296163,0.6241512204074142
17605,0.8665699,0.21568627450980393
17606,0.583568,0.0425531914893617
17607,0.9299535,0.10810810810810811
17608,0.3100067,0.0
17609,0.19106795,0.876599634369287
17610,0.54167557,0.0
17611,0.8306007,0.1
17612,0.6191495,0.0
17613,0.40728712,0.9828942553969996
17614,0.94019043,0.44155844155844154
17615,0.8487113,0.0
17616,0.8711464,0.0
17617,0.8589659,0.0
17618,0.95033765,0.30064308681672025
17619,0.6599395,0.0
17620,0.36343524,0.9966191520467836
17621,0.70301664,0.1111111111111111
17622,0.79335165,0.0
17623,0.75214505,0.0
17624,0.46755046,0.0
17625,0.50942177,0.0
17626,0.7219935,0.0
17627,0.53612936,0.10058027079303675
17628,0.44109103,0.0
17629,0.9289763,0.11811023622047244
17630,0.8647533,0.0
17631,0.6727649,0.13
17632,0.86214286,0.2857142857142857
17633,0.9188092,0.09221902017291066
17634,0.8744968,0.0
17635,0.9337886,0.15848214285714285
17636,0.9244867,0.0
17637,0.6024874,0.04395604395604396
17638,0.9525542,0.6331145149525893
17639,0.8504425,0.0
17640,0.16668707,0.35064460089604094
17641,0.8235282,0.12
17642,0.38171652,0.06293706293706294
17643,0.48531726,0.0
17644,0.751627,0.25
17645,0.3191404,0.0
17646,0.43981126,0.035989182442271686
17647,0.6762745,0.0
17648,0.3789136,0.0
17649,0.24180898,0.0
17650,0.7291875,0.0
17651,0.2765061,0.0
17652,0.22555794,0.0
17653,0.47932348,0.0
17654,0.709191,0.07142857142857142
17655,0.85833466,0.17857142857142858
17656,0.35520357,0.0
17657,0.9357162,0.267223382045929
17658,0.60445,0.0
17659,0.9304598,0.125
17660,0.93224114,0.4032150033489618
17661,0.18871228,0.8833120787028602
17662,0.7781485,0.04
17663,0.3425404,0.06321473951715374
17664,0.8507351,0.125
17665,0.9081031,0.03333333333333333
17666,0.59635407,0.0
17667,0.45441088,0.0
17668,0.19855255,0.0
17669,0.46725702,0.009523809523809525
17670,0.84254515,0.0
17671,0.36804107,0.0
17672,0.36769152,0.05791505791505792
17673,0.69004726,0.0
17674,0.8564899,0.0967741935483871
17675,0.9345193,0.0
17676,0.27565834,0.016574585635359115
17677,0.5948752,0.0
17678,0.8845285,0.0
17679,0.28370312,0.0
17680,0.18531328,0.0013297872340425532
17681,0.48344037,0.0
17682,0.8572191,0.032552083333333336
17683,0.38985762,0.0
17684,0.21166189,0.0
17685,0.52064353,0.0
17686,0.20911166,0.0
17687,0.14552227,0.0
17688,0.8415658,0.0
17689,0.35065976,0.0
17690,0.21348728,0.0018467220683287165
17691,0.6116972,0.0655226209048362
17692,0.9490967,0.0
17693,0.54837704,0.0
17694,0.9544886,0.36795774647887325
17695,0.30730903,0.40105540897097625
17696,0.47980145,0.0
17697,0.65105444,0.0
17698,0.40417847,0.0
17699,0.634587,0.0
17700,0.7497321,0.08653846153846154
17701,0.42410803,0.0
17702,0.53368175,0.0
17703,0.42552936,0.08137384412153237
17704,0.26559854,0.0
17705,0.8326737,0.09523809523809523
17706,0.35078087,0.002797202797202797
17707,0.21102765,0.0
17708,0.35494274,0.00980392156862745
17709,0.53318,0.17142857142857143
17710,0.5910535,0.0
17711,0.833276,0.0
17712,0.75573814,0.0
17713,0.25178587,0.009009009009009009
17714,0.5427066,0.0
17715,0.8863433,0.039603960396039604
17716,0.93790704,0.05296229802513465
17717,0.6299701,0.0
17718,0.7170661,0.0
17719,0.8515255,0.0
17720,0.8541527,0.0
17721,0.22292212,0.6306703397612489
17722,0.86356,0.1875
17723,0.22490263,0.0018709073900841909
17724,0.6726851,0.0
17725,0.70166457,0.0
17726,0.4626981,0.0
17727,0.6867522,0.0
17728,0.22159469,0.05263157894736842
17729,0.82044,0.0
17730,0.8907353,0.0
17731,0.8236888,0.3037974683544304
17732,0.54157186,0.015731515469323543
17733,0.8889322,0.13135593220338984
17734,0.354265,0.5594414893617021
17735,0.9043267,0.16666666666666666
17736,0.54513586,0.0
17737,0.9497524,0.14249146757679182
17738,0.8973833,0.0
17739,0.909532,0.3125
17740,0.8736922,0.0
17741,0.44697773,0.0
17742,0.9252694,0.3078556263269639
17743,0.39445594,0.0
17744,0.20666128,0.03125
17745,0.28420383,0.03333333333333333
17746,0.88780904,0.0
17747,0.4295261,0.05641159571689736
17748,0.6272101,0.0
17749,0.15872438,0.4495538778311599
17750,0.23862995,0.04054054054054054
17751,0.6567481,0.0
17752,0.6662138,0.0
17753,0.45556334,0.0
17754,0.2718463,0.0
17755,0.19575748,0.0
17756,0.39344326,0.0
17757,0.7735357,0.0
17758,0.21335603,0.0
17759,0.28468204,0.0
17760,0.22755271,0.0010976948408342481
17761,0.8673859,0.0
17762,0.91184986,0.0
17763,0.23801868,0.0
17764,0.6765869,0.0
17765,0.8144695,0.125
17766,0.42870423,0.03896103896103896
17767,0.8264263,0.0
17768,0.22448456,0.0
17769,0.4791129,0.02100252030243629
17770,0.6868614,0.0
17771,0.45729402,0.0
17772,0.883203,0.0
17773,0.42187232,0.09944751381215469
17774,0.5335938,0.0
17775,0.9060689,0.0
17776,0.22766337,0.0041265474552957355
17777,0.3785176,0.0
17778,0.523293,0.0
17779,0.46336082,0.0
17780,0.77297705,0.0
17781,0.5781475,0.0
17782,0.8911254,0.0
17783,0.89597815,0.0
17784,0.763787,0.025
17785,0.69494396,0.0
17786,0.6547276,0.0
17787,0.89547336,0.20828105395232122
17788,0.7942093,0.0
17789,0.8353131,0.0
17790,0.61555153,0.08823529411764706
17791,0.7437464,0.11363636363636363
17792,0.41709694,0.0
17793,0.24598204,0.07692307692307693
17794,0.17652702,0.0
17795,0.3553856,0.0
17796,0.2689583,0.0
17797,0.14712113,0.00011367511651699443
17798,0.60588205,0.0
17799,0.23356578,0.0
17800,0.4866565,0.0
17801,0.8841926,0.0
17802,0.21898827,0.0026041666666666665
17803,0.3675254,0.0
17804,0.8471525,0.0
17805,0.35785443,0.0069605568445475635
17806,0.23097996,0.001984914648670107
17807,0.2902209,0.07199211045364892
17808,0.91061515,0.0
17809,0.48846814,0.015168539325842697
17810,0.19325253,0.42281626506024095
17811,0.93858176,0.0
17812,0.44244245,0.0
17813,0.31457523,0.0
17814,0.82079554,0.0
17815,0.82481635,0.0
17816,0.40495664,0.015297906602254429
17817,0.23828521,0.0
17818,0.19264174,0.0
17819,0.542452,0.0
17820,0.82392853,0.1079136690647482
17821,0.83879983,0.22330097087378642
17822,0.3467328,0.00030184123151222455
17823,0.77426374,0.0
17824,0.55441797,0.013574660633484163
17825,0.7744555,0.0
17826,0.8560039,0.0
17827,0.8666054,0.07407407407407407
17828,0.8298052,0.5
17829,0.77544683,0.0
17830,0.85686815,0.6666666666666666
17831,0.74102783,0.056338028169014086
17832,0.34366375,0.0
17833,0.40217882,0.013333333333333334
17834,0.80081797,0.0
17835,0.8712922,0.0
17836,0.22773407,0.05844155844155844
17837,0.27173486,0.0
17838,0.9295354,0.0
17839,0.7894683,0.0
17840,0.27710673,0.0
17841,0.7211236,0.16666666666666666
17842,0.8051713,0.0
17843,0.45850766,0.0
17844,0.50170696,0.003576341127922971
17845,0.66597384,0.008653846153846154
17846,0.26134977,0.0
17847,0.5276562,0.038461538461538464
17848,0.89880085,0.0
17849,0.28875366,0.0
17850,0.8203586,0.0
17851,0.78988004,0.0
17852,0.95380706,0.7238866396761133
17853,0.27125248,0.0
17854,0.7300418,0.0
17855,0.84976625,0.25793650793650796
17856,0.92343175,0.2
17857,0.23501565,0.0
17858,0.86505866,0.0
17859,0.18520243,0.0
17860,0.21294534,0.49613871484773425
17861,0.82061845,0.1016949152542373
17862,0.47425118,0.7420504385964912
17863,0.8475833,0.05701754385964912
17864,0.7885894,0.0
17865,0.5649065,0.07878787878787878
17866,0.6048034,0.0
17867,0.3840588,0.287454998615342
17868,0.8963248,0.0
17869,0.64239883,0.0
17870,0.23798464,0.0
17871,0.25981653,0.03137254901960784
17872,0.22469483,0.13322368421052633
17873,0.5425377,0.026227678571428572
17874,0.71556896,0.0
17875,0.39766493,0.2998867497168743
17876,0.76944137,0.0
17877,0.31355008,0.0196078431372549
17878,0.87231326,0.12643678160919541
17879,0.69539243,0.0
17880,0.87397385,0.5
17881,0.85303056,0.0
17882,0.36715114,0.027777777777777776
17883,0.76386833,0.0
17884,0.33542234,0.23718316320678978
17885,0.8846005,0.24324324324324326
17886,0.68754524,0.2
17887,0.59629136,0.0
17888,0.16494799,0.0
17889,0.71536255,0.14285714285714285
17890,0.7355256,0.0
17891,0.31876087,0.0
17892,0.5405217,0.03254437869822485
17893,0.8774067,0.0
17894,0.9314594,0.045454545454545456
17895,0.7161752,0.0
17896,0.41326395,0.0047169811320754715
17897,0.45716524,0.0
17898,0.86094856,0.0
17899,0.23074968,0.017467248908296942
17900,0.34520003,0.0007244626901714562
17901,0.18915485,0.0
17902,0.90916616,0.09090909090909091
17903,0.6418764,0.02866117000392619
17904,0.8923547,0.0
17905,0.92735064,0.0
17906,0.25932434,0.0
17907,0.85557276,0.0
17908,0.33256772,0.0
17909,0.809388,0.0
17910,0.70727485,0.006493506493506494
17911,0.39186573,0.0
17912,0.45362827,0.04794520547945205
17913,0.45662186,0.0
17914,0.917323,0.09722222222222222
17915,0.7488476,0.004329004329004329
17916,0.48625544,0.0
17917,0.42232475,0.1305785123966942
17918,0.72901076,0.03333333333333333
17919,0.15195811,0.529770848985725
17920,0.22422121,0.6489993603216668
17921,0.20444721,0.0
17922,0.7113368,0.0875
17923,0.8372694,0.0
17924,0.7101108,0.0
17925,0.68408465,0.05714285714285714
17926,0.8679162,0.0
17927,0.31208882,0.0
17928,0.37549984,0.039190897597977246
17929,0.6662134,0.0
17930,0.6461851,0.0
17931,0.46971884,0.0019052155275065491
17932,0.87024325,0.038461538461538464
17933,0.3347452,0.013991769547325103
17934,0.12223669,0.18597475455820478
17935,0.2547415,0.0
17936,0.20998204,0.0
17937,0.9138606,0.2857142857142857
17938,0.32401216,0.032417412781722756
17939,0.96030587,0.4271186440677966
17940,0.33284122,0.0
17941,0.30322844,0.0
17942,0.33341274,0.0
17943,0.61176664,0.011363636363636364
17944,0.9133737,0.0
17945,0.8502281,0.14754098360655737
17946,0.6720693,0.0
17947,0.6589222,0.0
17948,0.6278631,0.0
17949,0.7580552,0.0
17950,0.16231422,0.0
17951,0.18010847,0.34154265353175434
17952,0.57478637,0.0
17953,0.9274113,0.0
17954,0.59928143,0.15625
17955,0.8920662,0.08955223880597014
17956,0.87680966,0.0
17957,0.3177293,0.0
17958,0.84229535,0.9243910155014236
17959,0.918771,0.0
17960,0.7717708,0.25
17961,0.87881356,0.13432835820895522
17962,0.6329843,0.0
17963,0.75932366,0.0
17964,0.5177823,0.061224489795918366
17965,0.8126978,0.0
17966,0.66680896,0.027777777777777776
17967,0.7387707,0.0
17968,0.3617286,0.0
17969,0.7566541,0.0
17970,0.84164965,0.06
17971,0.675565,0.0
17972,0.28401992,0.0
17973,0.5598291,0.0547945205479452
17974,0.61286724,0.0
17975,0.28753054,0.0
17976,0.5901013,0.0
17977,0.85271347,1.0
17978,0.49229726,0.09133858267716535
17979,0.23319447,0.050743931088488646
17980,0.8441106,0.01098901098901099
17981,0.8568605,0.0
17982,0.5515598,0.0
17983,0.105111435,0.006188757091284167
17984,0.73336256,0.0
17985,0.24509814,0.0
17986,0.44718716,9.75609756097561e-05
17987,0.787007,0.0
17988,0.7669621,0.12195121951219512
17989,0.6445379,1.0
17990,0.7095677,0.0
17991,0.5510404,0.0
17992,0.84676,0.0
17993,0.93529236,0.0
17994,0.16031048,0.0
17995,0.6779602,0.0
17996,0.42206874,0.0
17997,0.92604744,0.34015927189988626
17998,0.85189426,0.0
17999,0.72298247,0.0
18000,0.7979449,0.2888
18001,0.59754497,0.0
18002,0.94772166,0.26666666666666666
18003,0.2408839,0.0
18004,0.87646085,0.0
18005,0.6315013,0.0
18006,0.39723507,0.0
18007,0.9409785,0.14678899082568808
18008,0.16848055,0.011574074074074073
18009,0.3185841,0.1319796954314721
18010,0.2112333,0.0
18011,0.44616657,0.0
18012,0.2788517,0.0
18013,0.3590477,0.000693000693000693
18014,0.3511272,0.0
18015,0.62962157,0.06666666666666667
18016,0.87335527,0.0
18017,0.62630635,0.0
18018,0.8707226,0.14285714285714285
18019,0.7355171,0.25098039215686274
18020,0.749645,0.0
18021,0.26809523,0.0
18022,0.32162482,0.0
18023,0.7598323,0.18181818181818182
18024,0.28119802,0.0
18025,0.86323214,1.0
18026,0.7707557,0.18006993006993008
18027,0.4285444,0.00010030090270812437
18028,0.58481103,0.0
18029,0.55196655,0.07350238882763689
18030,0.8279642,0.0
18031,0.67052114,0.0
18032,0.3250143,0.9816102470265324
18033,0.40076137,0.0
18034,0.33487594,0.008291873963515755
18035,0.7062601,0.0
18036,0.36452562,0.0
18037,0.22549973,0.0
18038,0.9267,0.0
18039,0.8049324,0.0
18040,0.475481,0.0
18041,0.6393343,0.0
18042,0.92354095,0.13440860215053763
18043,0.5621628,0.0
18044,0.6608161,0.21189591078066913
18045,0.6485524,0.0
18046,0.38828352,0.0
18047,0.7607488,0.0
18048,0.8656469,0.0
18049,0.78091735,0.0
18050,0.80912244,0.0
18051,0.20265472,0.004878048780487805
18052,0.8397241,0.0
18053,0.91510856,0.0
18054,0.7544548,0.18181818181818182
18055,0.8005727,0.0
18056,0.8698804,0.1568627450980392
18057,0.36077377,0.0
18058,0.76996714,0.0
18059,0.5817568,0.0
18060,0.82527417,0.16666666666666666
18061,0.82932657,0.0
18062,0.8656781,0.15384615384615385
18063,0.824135,0.0
18064,0.21715964,0.011627906976744186
18065,0.23379275,0.0
18066,0.4798326,0.0
18067,0.6920728,0.17073170731707318
18068,0.8747016,0.0
18069,0.31036255,0.04702970297029703
18070,0.748005,0.0
18071,0.85629654,0.0
18072,0.89228487,0.30434782608695654
18073,0.6241656,0.042818911685994644
18074,0.26305375,0.9864766081871345
18075,0.1398538,0.6174117144990932
18076,0.17482193,0.0
18077,0.4018259,0.0
18078,0.77423835,0.0
18079,0.8354823,0.0
18080,0.7831026,0.10692771084337349
18081,0.746506,0.0
18082,0.70332336,0.0
18083,0.36834142,0.13222079589216945
18084,0.88073474,0.1568627450980392
18085,0.6904576,0.0
18086,0.596424,0.0
18087,0.8542674,0.0
18088,0.41749915,0.10526315789473684
18089,0.30646846,0.0379535194783481
18090,0.22040015,0.001507537688442211
18091,0.91157055,0.09090909090909091
18092,0.20503663,0.0
18093,0.6232686,0.0
18094,0.4039088,1.0
18095,0.16449809,0.861660810061032
18096,0.90092206,0.0
18097,0.45139098,0.9912280701754386
18098,0.44873092,0.0
18099,0.9054876,0.28205128205128205
18100,0.22206081,0.0
18101,0.6995417,0.0
18102,0.3712616,0.0
18103,0.8285369,0.0
18104,0.5982558,0.0
18105,0.86034024,0.0
18106,0.27770805,0.021865889212827987
18107,0.6074481,0.0
18108,0.8246529,0.0
18109,0.4429423,0.0
18110,0.20848769,0.04543107898812597
18111,0.48394275,0.0
18112,0.8624409,0.0
18113,0.17049398,0.0
18114,0.9209139,0.20588235294117646
18115,0.39578968,0.0
18116,0.7470653,0.0
18117,0.14268558,0.0
18118,0.50183064,0.0
18119,0.56635535,0.0
18120,0.7053227,0.15466101694915255
18121,0.88563395,0.07142857142857142
18122,0.6942917,0.0
18123,0.22859554,0.0
18124,0.61563903,0.05194805194805195
18125,0.6074066,0.0
18126,0.7705229,0.13114754098360656
18127,0.18998541,0.0
18128,0.6048228,0.11764705882352941
18129,0.89058745,0.0
18130,0.7535722,0.0
18131,0.8161978,0.0
18132,0.30965987,0.004357298474945534
18133,0.8950289,0.08
18134,0.24733981,0.06666666666666667
18135,0.2962812,0.07679042402109962
18136,0.20427336,0.0
18137,0.7048465,0.3333333333333333
18138,0.7776463,0.0
18139,0.6323379,0.0
18140,0.8428418,0.0
18141,0.3046791,0.01627906976744186
18142,0.7584871,0.0
18143,0.414303,0.0759493670886076
18144,0.23484781,0.03914590747330961
18145,0.43627465,0.0
18146,0.22493401,0.0
18147,0.8450192,0.0
18148,0.68492496,0.0
18149,0.42035964,0.0
18150,0.8016778,0.08695652173913043
18151,0.13803777,0.9272893772893773
18152,0.22478138,0.0
18153,0.6461496,0.001263823064770932
18154,0.61095405,0.07098474863490868
18155,0.50284755,0.0
18156,0.19598502,0.1438079081299752
18157,0.5508691,0.0
18158,0.4880409,0.0
18159,0.5228277,0.04054054054054054
18160,0.30376437,0.06808207804530898
18161,0.37688965,0.0
18162,0.8244919,0.0
18163,0.45657164,0.0
18164,0.44832507,9.682416731216112e-05
18165,0.6502129,0.2222222222222222
18166,0.24676444,0.0
18167,0.57271886,0.0
18168,0.8503111,0.0
18169,0.86522526,0.16666666666666666
18170,0.51434994,0.0
18171,0.31727204,0.19186911254338126
18172,0.8450296,0.0
18173,0.79816663,0.24379562043795622
18174,0.7057916,0.1111111111111111
18175,0.35294285,0.04420817011751539
18176,0.9365631,0.23684210526315788
18177,0.3721106,0.012116147900564027
18178,0.865074,0.0912751677852349
18179,0.8106615,0.425
18180,0.8939559,0.0
18181,0.73297095,0.0
18182,0.87747455,0.0
18183,0.50085014,0.1568627450980392
18184,0.76999867,0.0
18185,0.1889311,0.0
18186,0.22908077,0.0
18187,0.2309453,0.00353440150801131
18188,0.3715606,0.20883012631330422
18189,0.6070206,0.0
18190,0.8933521,0.0
18191,0.5671048,0.0
18192,0.4649356,0.024060003896356905
18193,0.879993,0.0
18194,0.6286986,0.0
18195,0.36972332,0.0
18196,0.38827354,0.014084507042253521
18197,0.23202845,0.9604649034501693
18198,0.17357837,0.011904761904761904
18199,0.86588985,0.03773584905660377
18200,0.2377115,0.0
18201,0.6843995,0.4444444444444444
18202,0.70238906,0.0
18203,0.92851084,0.2
18204,0.8283333,0.1111111111111111
18205,0.34000993,0.0
18206,0.1602893,0.9845436253886958
18207,0.6568707,0.0
18208,0.6128594,0.13636363636363635
18209,0.6545078,0.0
18210,0.63933545,0.0
18211,0.19741355,0.0
18212,0.29232842,0.11375535459305093
18213,0.9006442,0.10112359550561797
18214,0.4571763,0.0
18215,0.94723797,0.35877862595419846
18216,0.21360824,0.0
18217,0.79017633,0.03076923076923077
18218,0.523285,0.0
18219,0.20892493,0.001463057790782736
18220,0.3647602,0.029411764705882353
18221,0.81017303,0.08854166666666667
18222,0.6043374,0.0
18223,0.6056549,0.0
18224,0.6807308,0.075
18225,0.58847487,0.0
18226,0.77308387,0.01818181818181818
18227,0.631658,0.016042780748663103
18228,0.59650123,0.0
18229,0.19325691,0.024691358024691357
18230,0.38544548,0.0013582855418050107
18231,0.7010916,0.0
18232,0.7582138,0.03418803418803419
18233,0.46056196,0.03669724770642202
18234,0.21933413,0.0035561877667140826
18235,0.26560724,0.0
18236,0.57687694,0.017241379310344827
18237,0.839954,0.0
18238,0.9305251,0.0
18239,0.218531,0.0
18240,0.28817904,0.3254656094412687
18241,0.88524586,0.0
18242,0.47106925,0.002708192281651997
18243,0.5751311,0.0
18244,0.68120176,0.0
18245,0.7929036,0.0
18246,0.31385595,0.0
18247,0.47553486,0.015625
18248,0.9293327,0.0
18249,0.48294243,0.0
18250,0.9300715,0.36398467432950193
18251,0.90115595,0.2938564026646928
18252,0.27006692,0.12204983544898919
18253,0.57571155,0.0
18254,0.64799476,0.0
18255,0.4831299,0.07302547187099138
18256,0.8822357,0.0
18257,0.26263916,0.8712989274910624
18258,0.8923928,0.09090909090909091
18259,0.1465303,0.17122220648633338
18260,0.56669873,0.0
18261,0.4345681,0.04569968776610843
18262,0.2215756,0.0
18263,0.5749014,0.01702127659574468
18264,0.9156468,0.23696682464454977
18265,0.7646112,0.0
18266,0.8960266,0.0
18267,0.5343527,0.12937062937062938
18268,0.65414727,0.05357142857142857
18269,0.905439,0.0
18270,0.30229655,0.0
18271,0.5740062,0.04338624338624339
18272,0.46254587,0.0
18273,0.63242745,0.054945054945054944
18274,0.22164443,0.0
18275,0.8896311,0.0
18276,0.704339,0.0
18277,0.3818239,0.06282722513089005
18278,0.19637895,0.02466367713004484
18279,0.33855397,0.023798076923076922
18280,0.27722812,0.0
18281,0.20845602,0.9690740403856649
18282,0.6898692,0.22627737226277372
18283,0.17302299,0.0
18284,0.3336289,0.0
18285,0.6217884,0.0
18286,0.8606157,0.22718052738336714
18287,0.4952861,0.038461538461538464
18288,0.21015726,0.0196078431372549
18289,0.69545525,0.0
18290,0.7701539,0.0
18291,0.89673835,0.16666666666666666
18292,0.44621885,0.059322033898305086
18293,0.48520428,0.07291190193029
18294,0.87790656,0.75
18295,0.8361625,0.0
18296,0.666551,0.0
18297,0.88854384,0.0
18298,0.37448445,0.0
18299,0.69646734,0.0
18300,0.8351938,0.0
18301,0.52854633,0.0
18302,0.33124334,0.10256410256410256
18303,0.3116379,0.0
18304,0.47446278,0.047619047619047616
18305,0.8792079,0.0008103727714748784
18306,0.8555041,0.05263157894736842
18307,0.21206394,0.0002765231818600793
18308,0.7443887,0.13793103448275862
18309,0.92281044,0.13565891472868216
18310,0.23189719,0.0
18311,0.33800334,0.0
18312,0.65518725,0.0
18313,0.3778598,0.006785411365564037
18314,0.7982613,0.0
18315,0.28058407,0.0
18316,0.87798125,0.0
18317,0.89263594,0.0
18318,0.44879672,0.0
18319,0.24969687,0.0
18320,0.8957765,0.0
18321,0.8617018,0.045454545454545456
18322,0.20539835,0.024096385542168676
18323,0.29731393,0.04119530416221985
18324,0.8569434,0.10714285714285714
18325,0.82214206,0.0
18326,0.7855467,0.0
18327,0.74067575,0.0
18328,0.65349585,0.0
18329,0.85167503,0.1
18330,0.38560477,0.053031201803298136
18331,0.603383,0.0
18332,0.81388533,0.0
18333,0.15362267,0.0
18334,0.8224409,0.5283018867924528
18335,0.88724834,0.08915187376725839
18336,0.5786558,0.42498366165624124
18337,0.8536709,0.0
18338,0.6074265,0.0
18339,0.38786945,0.007853403141361256
18340,0.45670095,0.0
18341,0.5002734,0.0
18342,0.7965745,0.12459016393442623
18343,0.22190821,0.00011243534967393749
18344,0.8395145,0.21428571428571427
18345,0.24712722,0.0
18346,0.33298963,0.10771704180064309
18347,0.38733834,0.019417475728155338
18348,0.53026575,0.0
18349,0.81423414,0.0
18350,0.5353826,0.10256410256410256
18351,0.6144002,0.0
18352,0.59108734,0.032490974729241874
18353,0.15751667,0.49910267308963824
18354,0.22246256,0.14783440360705014
18355,0.8353937,0.11702127659574468
18356,0.41425937,0.0
18357,0.4220092,0.0
18358,0.7879693,0.0
18359,0.5207386,0.125
18360,0.4670945,0.0
18361,0.69683343,0.0
18362,0.44177264,0.0
18363,0.28517678,0.14648464163822525
18364,0.85937774,0.1835016835016835
18365,0.622784,0.17223650385604114
18366,0.40436783,0.0
18367,0.8107124,0.16666666666666666
18368,0.31806698,0.0
18369,0.4046751,0.1380614657210402
18370,0.47156668,0.011235955056179775
18371,0.46714717,0.07328691828508611
18372,0.47160482,0.0
18373,0.7015341,0.043835616438356165
18374,0.47974017,0.0425531914893617
18375,0.42993525,0.001465067301529164
18376,0.18786183,0.6278084714548803
18377,0.50666785,0.0
18378,0.7096242,0.0
18379,0.26041284,0.0
18380,0.27843457,0.0
18381,0.89221585,0.018518518518518517
18382,0.656295,0.0
18383,0.8438403,0.0
18384,0.27067164,0.06370875995449374
18385,0.7427301,0.10638297872340426
18386,0.52458584,0.0847457627118644
18387,0.63116485,0.0
18388,0.765171,0.043859649122807015
18389,0.3769113,0.04316546762589928
18390,0.56644565,0.0
18391,0.51844305,0.0
18392,0.33671603,0.000281478701444924
18393,0.82280165,0.0
18394,0.8061468,1.0
18395,0.29046148,0.05405405405405406
18396,0.37387726,0.07622950819672131
18397,0.2314553,0.0710448314190441
18398,0.452552,0.0
18399,0.5718879,0.0
18400,0.85466844,0.15656565656565657
18401,0.71528935,0.0
18402,0.16946274,0.0
18403,0.26810157,0.0
18404,0.5911098,0.0
18405,0.69282514,0.0
18406,0.8245716,0.017241379310344827
18407,0.64628816,0.0
18408,0.59077287,9.214891264283081e-05
18409,0.17120835,0.0
18410,0.9041832,1.0
18411,0.8754523,0.0
18412,0.8742119,0.0
18413,0.8729653,0.08823529411764706
18414,0.5108397,0.0
18415,0.82613903,0.0
18416,0.8800871,0.0
18417,0.23987742,0.017449930596866944
18418,0.7083901,0.017543859649122806
18419,0.9050798,0.0
18420,0.7263512,0.0
18421,0.7047852,0.09090909090909091
18422,0.83157146,0.21052631578947367
18423,0.90334946,0.265625
18424,0.3813145,0.0
18425,0.9228491,0.0
18426,0.80699956,0.18181818181818182
18427,0.31202748,0.0
18428,0.7267137,0.06666666666666667
18429,0.89989924,0.10344827586206896
18430,0.89531213,0.16548463356973994
18431,0.9479252,0.18181818181818182
18432,0.6626582,0.0
18433,0.48858994,0.0136986301369863
18434,0.21533911,0.0
18435,0.21778686,0.0
18436,0.86489016,0.0
18437,0.6693943,0.0
18438,0.82932776,0.0
18439,0.8541966,0.0
18440,0.69807255,0.18523002421307505
18441,0.8523546,0.0
18442,0.8710611,0.0
18443,0.24581265,0.08695652173913043
18444,0.77328163,0.21212121212121213
18445,0.7148014,0.22580645161290322
18446,0.9285214,0.0
18447,0.7413414,0.0
18448,0.5252937,0.0
18449,0.9113981,0.021739130434782608
18450,0.43560117,0.0
18451,0.5051956,0.0
18452,0.8757522,0.3333333333333333
18453,0.2463067,0.0
18454,0.83883244,0.08695652173913043
18455,0.7867656,0.0
18456,0.2836081,0.0
18457,0.91798055,0.020833333333333332
18458,0.41081846,0.0
18459,0.21234775,0.04089751750477403
18460,0.6627762,0.01694915254237288
18461,0.30332762,0.3141850995928249
18462,0.9014525,0.0
18463,0.94767165,0.38063063063063063
18464,0.45805842,0.07108655616942909
18465,0.9431659,0.10247349823321555
18466,0.23842248,0.0
18467,0.2835297,0.017543859649122806
18468,0.27126956,0.014018691588785047
18469,0.6427565,0.16666666666666666
18470,0.779526,0.0
18471,0.29812717,0.0
18472,0.15628125,0.6032667096496884
18473,0.53846306,0.14726027397260275
18474,0.8812207,0.10588235294117647
18475,0.85413915,1.0
18476,0.67934,0.0
18477,0.5488057,0.0
18478,0.85718304,0.03125
18479,0.20444776,0.1916684199452977
18480,0.42872956,0.013333333333333334
18481,0.9057264,0.43137254901960786
18482,0.18123621,0.34402828706128863
18483,0.9552437,0.35071090047393366
18484,0.693891,0.03945745992601726
18485,0.47245103,0.0
18486,0.35756603,0.25257950530035334
18487,0.793849,0.2131479872574573
18488,0.46859124,0.07317073170731707
18489,0.7199948,0.0
18490,0.85560256,0.0
18491,0.29119653,0.0
18492,0.54405814,0.0
18493,0.15032373,0.0
18494,0.7094942,0.0
18495,0.8538163,0.0
18496,0.3521993,0.0
18497,0.3076697,0.06363636363636363
18498,0.89877313,0.0
18499,0.14541568,0.0
18500,0.47537616,0.0
18501,0.7524662,0.07692307692307693
18502,0.8893155,0.018867924528301886
18503,0.6025225,0.08333333333333333
18504,0.25319126,0.9158741770299926
18505,0.8436012,0.0
18506,0.4316938,0.4322649572649573
18507,0.7864029,0.1284722222222222
18508,0.16967753,0.002105263157894737
18509,0.8660021,0.0
18510,0.31915966,0.0
18511,0.8427918,0.029411764705882353
18512,0.7510418,0.0
18513,0.73271483,0.6190656088653822
18514,0.19381897,0.0020802377414561664
18515,0.25574875,0.0
18516,0.87456673,0.0
18517,0.33751443,0.0
18518,0.2721762,0.0
18519,0.3665258,0.07319304666056725
18520,0.78558093,0.0
18521,0.6268098,0.0
18522,0.4055675,0.0
18523,0.16727145,0.05239960822722821
18524,0.8852204,0.5217391304347826
18525,0.2814933,0.0641158221302999
18526,0.77128,0.0
18527,0.27745023,0.9415097788338512
18528,0.2699091,0.00847457627118644
18529,0.61664706,0.0
18530,0.42011076,0.0
18531,0.3770028,0.006369426751592357
18532,0.8243565,0.15
18533,0.6473616,0.2
18534,0.89789397,0.15503875968992248
18535,0.49373218,0.0
18536,0.40194,0.0015772870662460567
18537,0.575429,0.0
18538,0.31361413,0.0
18539,0.64711344,0.0
18540,0.47316712,0.023076923076923078
18541,0.35311937,0.002577319587628866
18542,0.4243211,0.0
18543,0.29832312,0.022263450834879406
18544,0.6504611,0.0
18545,0.7591633,0.0
18546,0.8613882,0.06201550387596899
18547,0.30175048,0.0
18548,0.40547752,0.0
18549,0.7191772,0.07319078947368421
18550,0.90065175,0.0
18551,0.3645107,0.0006521030322791001
18552,0.59331244,0.00980392156862745
18553,0.82421803,0.10615711252653928
18554,0.8875309,0.125
18555,0.1908292,0.0
18556,0.24623221,0.0
18557,0.16674557,0.0
18558,0.95652425,0.18689320388349515
18559,0.61660624,0.0
18560,0.81330323,0.07142857142857142
18561,0.28444472,0.0
18562,0.8401795,0.0
18563,0.57499754,0.17452054794520547
18564,0.32244086,0.002331681725444477
18565,0.43937513,0.0
18566,0.2302512,0.0002738975623116954
18567,0.8701433,0.0
18568,0.41683695,0.06666666666666667
18569,0.2548291,0.0
18570,0.54780555,0.0
18571,0.87498415,0.0
18572,0.28244844,0.0014517619110465884
18573,0.79899377,0.0
18574,0.35132933,0.004620123203285421
18575,0.9325608,0.0
18576,0.75509346,0.0
18577,0.24133642,0.0
18578,0.5823706,0.01694915254237288
18579,0.36847487,0.0
18580,0.24363978,0.030612244897959183
18581,0.78215986,0.0
18582,0.8966403,0.18518518518518517
18583,0.6600463,0.15072463768115943
18584,0.8590384,0.9369822485207101
18585,0.85614634,0.0
18586,0.38792205,0.03571428571428571
18587,0.8212071,0.1559633027522936
18588,0.3992885,0.0022893772893772895
18589,0.52792776,0.0
18590,0.84099483,0.0
18591,0.25735313,0.593629165899466
18592,0.23261374,0.017307202850598117
18593,0.29410562,0.18874264911789415
18594,0.5633659,0.42006615214994486
18595,0.5470712,0.0
18596,0.2928501,0.02702702702702703
18597,0.55307466,0.0
18598,0.91615164,0.16383989145183175
18599,0.32827708,0.05761316872427984
18600,0.39442596,0.02145214521452145
18601,0.17841977,0.0
18602,0.4724247,0.0
18603,0.41781765,0.26376440460947503
18604,0.80587065,1.0
18605,0.63082683,0.006230529595015576
18606,0.4122363,0.0
18607,0.24034935,0.0
18608,0.30543926,0.0
18609,0.2460838,0.0015376166941241077
18610,0.70878273,0.0
18611,0.62075406,0.0
18612,0.7860386,0.0
18613,0.7927941,0.5
18614,0.30449033,0.0
18615,0.818832,0.08333333333333333
18616,0.35732815,0.04772727272727273
18617,0.61370283,0.0
18618,0.26189816,0.013452914798206279
18619,0.73436266,0.012048192771084338
18620,0.33975533,0.11191011235955056
18621,0.76747257,0.0
18622,0.775453,0.05555555555555555
18623,0.18637674,0.0
18624,0.48102444,0.07078903189703413
18625,0.6662596,0.05172413793103448
18626,0.83697927,0.1794871794871795
18627,0.42621025,0.9956140350877193
18628,0.28378898,0.0
18629,0.681584,0.0
18630,0.9005765,0.22673656618610746
18631,0.20155631,0.8002761159687068
18632,0.8533138,0.0
18633,0.8835832,0.11764705882352941
18634,0.68252987,0.06060606060606061
18635,0.5453292,0.0
18636,0.6930311,0.07980652962515115
18637,0.2805348,0.8327158734682245
18638,0.8534096,0.0
18639,0.20762692,0.0
18640,0.41834113,0.15551839464882944
18641,0.21403615,0.19753320683111955
18642,0.33869946,0.029574861367837338
18643,0.26231733,0.02234570820524947
18644,0.16634932,0.047619047619047616
18645,0.69170785,0.0
18646,0.8573496,0.0
18647,0.90012693,0.031746031746031744
18648,0.9038584,0.2
18649,0.72958803,0.06228373702422145
18650,0.26874256,0.0014715349949415985
18651,0.41986138,0.14240269461077845
18652,0.82056653,0.0
18653,0.27997643,0.0036640360766629085
18654,0.17057584,0.0
18655,0.8703283,0.5609756097560976
18656,0.7745249,0.0
18657,0.86351603,0.0
18658,0.77896106,0.0
18659,0.41765618,0.0
18660,0.13624421,0.11980306345733041
18661,0.22996272,0.0
18662,0.64314884,0.044444444444444446
18663,0.23035745,0.0
18664,0.46337688,0.0
18665,0.9074889,0.32470784641068445
18666,0.8737963,0.0136986301369863
18667,0.260153,0.013477088948787063
18668,0.18917058,0.18965825729110752
18669,0.8489289,0.028169014084507043
18670,0.23934627,0.0
18671,0.6805564,0.0
18672,0.643399,0.0
18673,0.7871933,0.0
18674,0.93073744,0.24516129032258063
18675,0.28202236,0.061452513966480445
18676,0.45882058,0.0
18677,0.23060043,0.0
18678,0.67929703,0.0
18679,0.8462354,0.0
18680,0.3221659,0.0
18681,0.9180135,0.3427458617332035
18682,0.44491744,0.3087210609125646
18683,0.2281315,0.0
18684,0.8398014,0.125
18685,0.9112345,0.09977827050997783
18686,0.3180963,0.0
18687,0.67310387,0.0
18688,0.8729252,0.0
18689,0.38053638,0.058823529411764705
18690,0.62411386,0.00684931506849315
18691,0.35297635,0.6291118421052632
18692,0.61113065,0.0
18693,0.503229,0.05263157894736842
18694,0.2975356,0.0
18695,0.86087465,0.0
18696,0.49991232,0.0019120458891013384
18697,0.8065551,0.0
18698,0.54643965,0.14615384615384616
18699,0.31879452,0.4282294359858278
18700,0.32394496,0.0010162601626016261
18701,0.6335684,0.0002838489923360772
18702,0.7912112,0.0
18703,0.41978005,0.0
18704,0.7544907,0.2210953346855984
18705,0.8300677,0.125
18706,0.8611709,0.0
18707,0.36447275,0.008350730688935281
18708,0.24778585,0.04107292539815591
18709,0.77891266,0.0
18710,0.15035632,0.0
18711,0.6154632,0.0
18712,0.24037965,0.0
18713,0.7430534,0.0
18714,0.75978386,0.0
18715,0.5680629,0.08944954128440367
18716,0.39893025,0.0
18717,0.26762092,0.0
18718,0.826919,0.0
18719,0.36345723,0.2719064535227946
18720,0.5148646,0.0
18721,0.44242916,0.04261363636363636
18722,0.8623107,0.22772277227722773
18723,0.4698411,0.0
18724,0.8897409,0.0
18725,0.70164096,0.008695652173913044
18726,0.5216199,0.0
18727,0.3227602,0.0
18728,0.326878,0.0
18729,0.68958545,0.0
18730,0.7890727,0.11475409836065574
18731,0.8610215,0.25
18732,0.57010263,0.0
18733,0.7675238,0.0
18734,0.769872,0.0
18735,0.42131922,1.0
18736,0.57656497,0.0
18737,0.20765702,0.0
18738,0.38245174,0.14341683485693935
18739,0.44593555,0.013939838591342627
18740,0.9015276,0.0
18741,0.25932938,0.0
18742,0.6779538,0.0
18743,0.7743623,0.08333333333333333
18744,0.19230765,0.0
18745,0.6723475,0.02358490566037736
18746,0.7360533,0.0
18747,0.1916063,0.0
18748,0.34897336,0.13930348258706468
18749,0.4292698,0.015734265734265736
18750,0.7410544,0.0
18751,0.2174159,0.01015406162464986
18752,0.6299982,0.09509977266986613
18753,0.5330521,0.0
18754,0.34565893,0.0
18755,0.486236,0.0
18756,0.9036949,0.0
18757,0.52753717,0.0009526077637532746
18758,0.32462186,0.11001660210293304
18759,0.79088,0.0
18760,0.22318552,0.014285714285714285
18761,0.8939876,0.3579474342928661
18762,0.898521,0.1873198847262248
18763,0.6280754,0.0
18764,0.30326438,0.0
18765,0.30103865,0.0
18766,0.9011386,0.17333333333333334
18767,0.3941701,0.0
18768,0.3783862,0.0
18769,0.4029323,0.0
18770,0.8744732,0.09523809523809523
18771,0.9124406,0.0
18772,0.86645585,0.0
18773,0.9493992,0.08835341365461848
18774,0.848369,0.0
18775,0.4463251,0.07642998027613412
18776,0.50255495,9.602458229306702e-05
18777,0.9544164,0.058823529411764705
18778,0.7595373,0.0
18779,0.16323055,0.40264703141019664
18780,0.50149673,0.0
18781,0.49243355,0.06324830817282666
18782,0.81505233,0.0
18783,0.5511442,0.9788011695906432
18784,0.73423576,0.0
18785,0.6934477,0.0
18786,0.1345493,0.4324660946581788
18787,0.7015149,0.0
18788,0.7126827,0.07142857142857142
18789,0.45909998,0.0
18790,0.5011764,0.0
18791,0.787226,0.0
18792,0.26789793,0.0
18793,0.85324174,0.07692307692307693
18794,0.94138455,0.30030959752321984
18795,0.2933801,0.0
18796,0.56333256,0.0
18797,0.80730504,0.1
18798,0.47578722,0.0
18799,0.27971718,0.0
18800,0.536745,0.03636363636363636
18801,0.28284174,0.0
18802,0.4424926,0.0
18803,0.5422684,0.0
18804,0.7497148,0.02564102564102564
18805,0.7856047,0.0
18806,0.16125652,0.0
18807,0.32426602,0.03333333333333333
18808,0.6918916,0.06349206349206349
18809,0.15692769,0.18006376908877328
18810,0.23054406,0.0
18811,0.709396,0.041666666666666664
18812,0.93919605,0.36560805577072036
18813,0.46958557,0.0
18814,0.705203,0.0
18815,0.4865565,0.0
18816,0.72608566,0.04225352112676056
18817,0.9356053,0.2517985611510791
18818,0.8270091,0.0
18819,0.2705673,0.0
18820,0.20302886,0.002015021066129328
18821,0.7927487,0.0
18822,0.75706846,0.18452380952380953
18823,0.6217659,0.073425611880099
18824,0.26059258,0.027777777777777776
18825,0.9050408,0.16666666666666666
18826,0.34945658,0.0
18827,0.7593659,0.0
18828,0.8757587,0.0
18829,0.5073007,0.0
18830,0.8147209,0.16666666666666666
18831,0.6671107,0.0
18832,0.8579729,0.0
18833,0.47753218,0.0
18834,0.75295043,0.05128205128205128
18835,0.898113,0.0
18836,0.31077185,0.0
18837,0.2598876,0.0
18838,0.8862791,0.0
18839,0.5114927,0.008928571428571428
18840,0.8585704,0.11627906976744186
18841,0.89398557,0.27586206896551724
18842,0.82168,0.0
18843,0.69751626,0.004608294930875576
18844,0.78188515,0.0
18845,0.29921827,0.0
18846,0.23465553,0.0756578947368421
18847,0.86661595,0.0
18848,0.25617206,0.0
18849,0.93491566,0.1695095948827292
18850,0.33578643,0.13344226579520696
18851,0.8008365,0.018518518518518517
18852,0.21194205,0.0
18853,0.72117764,0.0
18854,0.6212858,0.015151515151515152
18855,0.32367966,0.0
18856,0.24447052,0.2892683374644267
18857,0.3072116,0.0
18858,0.76178336,0.0
18859,0.25857878,0.03613954459995822
18860,0.8758385,0.045454545454545456
18861,0.21174273,0.2246422558922559
18862,0.27552658,0.0
18863,0.20988841,0.0
18864,0.3267584,0.07692307692307693
18865,0.5914226,0.0627788730932863
18866,0.69939893,0.00010801468999783971
18867,0.9375525,0.2604166666666667
18868,0.3715577,0.0
18869,0.9246496,0.0
18870,0.39316368,0.0
18871,0.23916276,0.0
18872,0.91857296,0.34782608695652173
18873,0.81888187,0.0
18874,0.8163394,0.0
18875,0.27180514,0.0
18876,0.88437766,0.2
18877,0.1901185,0.509770052898629
18878,0.51495546,0.0
18879,0.59020483,9.137426900584795e-05
18880,0.26585838,0.04
18881,0.87687975,0.2897196261682243
18882,0.6903332,0.0
18883,0.36049297,0.0
18884,0.8644762,0.0
18885,0.608852,0.0
18886,0.7916888,0.0
18887,0.9075185,0.0
18888,0.44658488,0.0
18889,0.31825915,0.0
18890,0.9248028,0.0
18891,0.15762259,0.4579447796672152
18892,0.86949086,0.16129032258064516
18893,0.45455688,0.0
18894,0.15347572,0.9382941767986105
18895,0.89671695,0.0
18896,0.7568166,0.0
18897,0.73807406,0.08
18898,0.8929562,0.0
18899,0.8241763,0.0
18900,0.86366403,0.0
18901,0.9468825,0.32169576059850374
18902,0.19808094,0.00017067759003242875
18903,0.38786435,0.02631578947368421
18904,0.4240612,0.0
18905,0.6504091,0.022222222222222223
18906,0.92725325,0.1794871794871795
18907,0.905162,0.0
18908,0.4657228,0.02702702702702703
18909,0.295929,0.0045662100456621
18910,0.8480934,0.22950819672131148
18911,0.3709091,0.0
18912,0.8631728,0.14285714285714285
18913,0.86357325,0.46630727762803237
18914,0.72869366,0.0
18915,0.24356753,0.09702660406885759
18916,0.27604637,0.884766517408389
18917,0.8689781,0.0
18918,0.52048343,0.07326442879356078
18919,0.23871005,0.0
18920,0.5591426,0.0
18921,0.891328,0.0
18922,0.52993727,0.03225806451612903
18923,0.33335906,0.0
18924,0.44825882,0.23076923076923078
18925,0.51640415,0.0
18926,0.7856856,0.0
18927,0.748339,0.058823529411764705
18928,0.36273503,0.0
18929,0.60244995,0.0
18930,0.92128724,0.3333333333333333
18931,0.29150844,0.0
18932,0.43376592,0.07641454404044332
18933,0.53178746,0.0
18934,0.8928521,0.0
18935,0.49591577,0.07319078947368421
18936,0.24103624,0.0014932802389248383
18937,0.8028963,0.5
18938,0.46077347,0.0
18939,0.30999807,0.03571428571428571
18940,0.43889827,0.006944444444444444
18941,0.89008135,0.20833333333333334
18942,0.6096229,0.0
18943,0.94263375,0.0
18944,0.85718703,0.5
18945,0.9222424,0.3333333333333333
18946,0.6065455,0.03225806451612903
18947,0.40780908,0.08682634730538923
18948,0.42452487,0.0
18949,0.42114425,0.0
18950,0.9043992,0.0
18951,0.9150417,0.0
18952,0.33555356,0.0
18953,0.55767345,0.0
18954,0.21399665,0.0
18955,0.52075136,0.0
18956,0.37878475,0.00011678150181011328
18957,0.7508593,0.0
18958,0.48868132,0.9907711988304093
18959,0.24166934,0.0
18960,0.44379827,0.0
18961,0.8166479,0.10344827586206896
18962,0.39081523,0.0
18963,0.35171413,0.00641025641025641
18964,0.4283686,0.0
18965,0.41843462,0.04434250764525994
18966,0.93496525,0.14943705220061412
18967,0.36148652,0.06372549019607843
18968,0.24822383,0.0
18969,0.3807435,0.0
18970,0.29252052,0.0
18971,0.37603405,0.0
18972,0.7510218,0.10256410256410256
18973,0.27894652,0.011869436201780416
18974,0.70978296,0.0
18975,0.75217396,0.0
18976,0.28330502,0.0
18977,0.21929751,0.13171277461350692
18978,0.9497856,0.39610705596107054
18979,0.72032434,0.15789473684210525
18980,0.5411833,0.0
18981,0.83245724,0.2
18982,0.33915177,0.0
18983,0.7055023,0.15384615384615385
18984,0.31950146,0.0
18985,0.63179874,0.03167420814479638
18986,0.64723074,0.0
18987,0.35973084,0.0
18988,0.9312256,0.5
18989,0.2672426,0.04367351521275401
18990,0.64458215,0.06153846153846154
18991,0.6169429,0.0
18992,0.47074106,0.038461538461538464
18993,0.8024705,0.0
18994,0.88410634,0.0
18995,0.26102483,0.0
18996,0.91675234,0.0
18997,0.8503147,0.058823529411764705
18998,0.77369094,0.0
18999,0.6642948,0.0
19000,0.58921975,0.0
19001,0.7581524,0.0
19002,0.15902455,0.01518100428182172
19003,0.84258866,1.0
19004,0.7689839,0.0
19005,0.45493728,0.0003068425897514575
19006,0.54341984,0.0
19007,0.7291988,0.0
19008,0.8414592,0.3333333333333333
19009,0.26144803,0.0
19010,0.2858981,0.0
19011,0.4249505,0.0
19012,0.52178043,0.0
19013,0.381287,0.05
19014,0.89286405,0.25
19015,0.17678729,0.0
19016,0.44913822,0.0
19017,0.23727022,0.0
19018,0.64349043,0.05263157894736842
19019,0.37169087,0.009009009009009009
19020,0.8788982,0.04838709677419355
19021,0.43817753,0.0
19022,0.6408982,0.0
19023,0.63457346,0.04395604395604396
19024,0.8370543,0.12643678160919541
19025,0.3270525,0.0
19026,0.91528916,0.08152173913043478
19027,0.9103847,0.16666666666666666
19028,0.36542383,0.0
19029,0.26076555,0.0
19030,0.6335751,0.00011087703736556159
19031,0.76557535,0.0
19032,0.71617645,0.0009216589861751152
19033,0.6922521,0.0
19034,0.35771817,0.0044444444444444444
19035,0.33770347,0.0
19036,0.37339187,0.13614976474121535
19037,0.16600284,0.0
19038,0.25512642,0.0
19039,0.8788939,0.0
19040,0.7473474,0.051711580480699196
19041,0.88251203,0.208
19042,0.89734423,0.1935483870967742
19043,0.5142024,0.03260869565217391
19044,0.5458458,0.07319747783971489
19045,0.3666716,0.06734938647476704
19046,0.2455929,0.0
19047,0.9031023,0.0
19048,0.21456969,0.15717038260390861
19049,0.6005086,0.0
19050,0.3912369,0.5989880643487286
19051,0.98010516,0.21625766871165644
19052,0.7680917,0.01639344262295082
19053,0.4686406,0.022530329289428077
19054,0.3871565,0.0
19055,0.4600508,0.0
19056,0.2496662,0.560875512995896
19057,0.53153455,0.0
19058,0.41516834,0.0
19059,0.59343374,0.0
19060,0.8008709,0.0
19061,0.41355714,0.0
19062,0.23869072,0.11701652523447968
19063,0.6887049,0.024390243902439025
19064,0.33063272,0.0
19065,0.31917846,0.025018953752843062
19066,0.5410218,0.0
19067,0.79652137,0.05555555555555555
19068,0.47414455,0.0
19069,0.34645757,0.0
19070,0.71841025,0.3333333333333333
19071,0.9344536,0.2436448963629253
19072,0.9302678,0.0
19073,0.38802236,0.0
19074,0.123127736,0.26813746287653795
19075,0.8944491,0.1568627450980392
19076,0.774157,0.0
19077,0.331734,0.0
19078,0.82067764,0.0
19079,0.82013834,0.030303030303030304
19080,0.23319547,0.0
19081,0.83869237,0.0
19082,0.8718711,0.08333333333333333
19083,0.8761076,0.0
19084,0.20738013,0.0
19085,0.94225526,0.3426865671641791
19086,0.33265954,0.006622516556291391
19087,0.79041976,0.0
19088,0.4503504,0.011190233977619531
19089,0.922224,0.06896551724137931
19090,0.5486133,9.2910898448388e-05
19091,0.31800082,0.0
19092,0.24280879,0.0014858841010401188
19093,0.41814795,0.05442176870748299
19094,0.52711827,0.0
19095,0.45728153,0.0392156862745098
19096,0.23362054,0.0
19097,0.90579057,0.20540540540540542
19098,0.51826704,0.0
19099,0.61945015,0.0
19100,0.60779107,0.0
19101,0.9109476,0.09523809523809523
19102,0.92864025,0.5046273745737945
19103,0.7000306,0.0009140767824497258
19104,0.8782702,0.15789473684210525
19105,0.21771355,0.004701457451810061
19106,0.87213206,0.29182630906768836
19107,0.3086357,0.023185483870967742
19108,0.1555752,0.04461569661326303
19109,0.51167256,0.0
19110,0.36352912,0.0
19111,0.21644819,0.0
19112,0.20057982,0.0010124873439082012
19113,0.44073132,0.0
19114,0.47319874,0.0
19115,0.60030967,0.1510791366906475
19116,0.6836007,0.0
19117,0.4302577,0.03636363636363636
19118,0.24767733,0.009683666881859263
19119,0.90292656,0.25
19120,0.48041457,0.006211180124223602
19121,0.70721436,0.17117117117117117
19122,0.20133194,0.0
19123,0.37094668,0.045845272206303724
19124,0.14085767,0.17399557102182853
19125,0.602101,0.34065934065934067
19126,0.13936408,0.2658816237991943
19127,0.28201607,0.0
19128,0.3288164,0.0
19129,0.39630574,0.0
19130,0.1606272,0.0544464609800363
19131,0.15741614,0.5904507350261208
19132,0.28626728,0.09790979097909791
19133,0.92096454,0.33707865168539325
19134,0.5273228,0.0
19135,0.8070501,0.0
19136,0.75966376,0.0
19137,0.3415271,0.0
19138,0.32164225,0.015873015873015872
19139,0.38881093,0.0
19140,0.71771073,0.0
19141,0.6197919,0.0
19142,0.912713,0.16666666666666666
19143,0.4424153,0.0
19144,0.7909227,0.016721409375933114
19145,0.7977061,0.0
19146,0.9306623,0.20225776105362184
19147,0.7057404,0.0
19148,0.5770191,0.0
19149,0.2291128,0.0
19150,0.32769954,0.19308700834326578
19151,0.66374886,0.3333333333333333
19152,0.697209,0.0
19153,0.72056866,0.0
19154,0.24319783,0.05546492659053834
19155,0.40818897,0.0
19156,0.7584503,0.0
19157,0.28893182,0.0
19158,0.46715555,0.002911208151382824
19159,0.3458759,0.24597432905484248
19160,0.62909555,0.0
19161,0.8701516,0.0
19162,0.35535994,0.0
19163,0.4010999,0.0002744990392533626
19164,0.8363989,0.13043478260869565
19165,0.5490516,0.0
19166,0.41117784,0.32682331400671344
19167,0.8216286,0.0
19168,0.58161575,0.0
19169,0.43069947,0.0
19170,0.802621,0.0
19171,0.75161767,0.18181818181818182
19172,0.8998775,0.0
19173,0.7470872,0.21945701357466063
19174,0.4066124,0.07499504656231425
19175,0.7467699,0.024390243902439025
19176,0.83094734,0.0625
19177,0.81750125,0.046875
19178,0.6422039,0.0
19179,0.88919073,0.0
19180,0.9730166,0.4060751398880895
19181,0.8499338,0.0
19182,0.8363361,0.07142857142857142
19183,0.7503686,0.0
19184,0.367894,0.00016121231662098983
19185,0.23453173,0.001548437046356334
19186,0.86320674,0.0
19187,0.32291162,0.0
19188,0.2975265,0.041353383458646614
19189,0.334748,0.9771978021978022
19190,0.66315407,0.09345794392523364
19191,0.6443535,0.029940119760479042
19192,0.5933883,0.0
19193,0.28201017,0.06688341848583372
19194,0.8556845,0.0
19195,0.37233597,0.0
19196,0.48380896,0.0
19197,0.2662809,0.6217084136159281
19198,0.42236248,0.0
19199,0.53282857,0.07319747783971489
19200,0.78269607,0.001838235294117647
19201,0.25242847,0.6954789882493527
19202,0.47330013,0.0
19203,0.7707296,0.19402985074626866
19204,0.4848299,0.0
19205,0.73010105,0.0
19206,0.54030025,0.15384615384615385
19207,0.8306138,0.10256410256410256
19208,0.90207267,0.0
19209,0.8517092,0.0
19210,0.3135859,0.0
19211,0.2269986,0.0
19212,0.784339,0.05263157894736842
19213,0.44386265,0.008264462809917356
19214,0.96184397,0.2132701421800948
19215,0.9199709,0.27906976744186046
19216,0.5766951,0.08093361624734768
19217,0.20390882,0.0
19218,0.77462757,0.061224489795918366
19219,0.38584667,0.0
19220,0.40536264,0.00045829514207149406
19221,0.79346323,0.0
19222,0.1530626,0.9153959213668933
19223,0.37091678,0.0
19224,0.17812635,0.03007518796992481
19225,0.88479364,0.0
19226,0.13520013,0.0
19227,0.38464925,0.0
19228,0.6328543,0.04220183486238532
19229,0.825411,0.07692307692307693
19230,0.75783414,0.0
19231,0.37163356,0.07142857142857142
19232,0.17925066,0.0
19233,0.8082688,0.0
19234,0.65877986,0.0
19235,0.8089094,0.04716981132075472
19236,0.8203415,0.0
19237,0.39174527,0.0
19238,0.21777731,0.8863304093567251
19239,0.38233086,0.0048543689320388345
19240,0.15747318,0.0
19241,0.84379834,0.07692307692307693
19242,0.7250335,0.0
19243,0.34181294,0.22584488734835356
19244,0.66427827,0.07692307692307693
19245,0.7849719,0.18303571428571427
19246,0.7788563,0.15384615384615385
19247,0.79279435,0.0
19248,0.757445,0.0
19249,0.75710624,0.0
19250,0.8137159,0.13333333333333333
19251,0.8091457,0.2
19252,0.8325959,0.006944444444444444
19253,0.4610188,0.6138754045307443
19254,0.21890853,0.0
19255,0.82366747,0.5
19256,0.30366004,0.0
19257,0.6526872,0.030303030303030304
19258,0.8892792,0.15384615384615385
19259,0.26800436,0.0
19260,0.28855142,0.0
19261,0.5584855,0.033707865168539325
19262,0.35188803,0.021739130434782608
19263,0.5644153,0.0
19264,0.3380873,0.0
19265,0.25355935,0.0
19266,0.2079737,0.0
19267,0.30770296,0.02857142857142857
19268,0.8629283,0.5
19269,0.3447475,0.006134969325153374
19270,0.71643597,0.0
19271,0.23089398,0.00186219739292365
19272,0.40863973,0.6272319384671733
19273,0.17244472,0.0
19274,0.5448808,0.0
19275,0.594218,0.0
19276,0.59447455,0.11842105263157894
19277,0.21414585,0.0
19278,0.9383003,0.15384615384615385
19279,0.9011113,0.02501078050884002
19280,0.70925486,0.0
19281,0.919197,0.12121212121212122
19282,0.3522972,0.0
19283,0.19550969,0.22625669010389338
19284,0.22965692,0.0
19285,0.7010504,0.0
19286,0.79409033,0.10416666666666667
19287,0.3284058,0.0
19288,0.86554193,0.0
19289,0.66652393,0.0
19290,0.83339626,0.02877697841726619
19291,0.89758027,0.0
19292,0.8160369,0.0
19293,0.65592533,0.0
19294,0.7648422,0.0
19295,0.5493241,0.0905726872246696
19296,0.14961524,0.0
19297,0.36515012,0.0
19298,0.871304,0.0
19299,0.28578347,0.6454311454311454
19300,0.6434282,0.0
19301,0.4647086,0.0
19302,0.6137178,0.0
19303,0.921819,0.25918367346938775
19304,0.91167057,0.0
19305,0.53002375,0.0
19306,0.4161077,0.00027497708524289643
19307,0.7587568,0.08695652173913043
19308,0.27274492,0.0
19309,0.77221066,0.0008904719501335708
19310,0.89971995,0.1125
19311,0.57040215,0.0
19312,0.24149573,0.9679276315789473
19313,0.9116836,0.3333333333333333
19314,0.88003445,0.05263157894736842
19315,0.5680188,0.0
19316,0.61866987,0.0
19317,0.7619795,0.2623574144486692
19318,0.81424016,0.11136363636363636
19319,0.8683074,0.1889763779527559
19320,0.66493773,0.0
19321,0.3318163,0.0
19322,0.7810173,0.0
19323,0.3314338,0.0
19324,0.7982511,0.0
19325,0.5894713,0.04923076923076923
19326,0.59265566,0.0
19327,0.14807263,0.06293628808864266
19328,0.4160078,0.0
19329,0.40821996,0.019642857142857142
19330,0.90567243,0.06956521739130435
19331,0.9195945,0.3333333333333333
19332,0.21518272,0.0
19333,0.13198034,0.1394422310756972
19334,0.32413888,0.0
19335,0.8221476,0.0
19336,0.80897593,0.0
19337,0.15499093,0.0
19338,0.5440107,0.07319078947368421
19339,0.50912434,0.041666666666666664
19340,0.5746484,0.043478260869565216
19341,0.2505271,0.9859245041586693
19342,0.19639637,0.0
19343,0.8606801,0.0
19344,0.16882981,0.0
19345,0.8948656,0.1842696629213483
19346,0.32018226,0.0
19347,0.76981175,0.0
19348,0.6748919,0.0
19349,0.7685828,0.0
19350,0.53016704,0.0
19351,0.90857846,0.45514950166112955
19352,0.89396435,0.0
19353,0.41143474,0.0
19354,0.5411274,0.0
19355,0.2589308,0.5482544324620727
19356,0.8005573,0.12813370473537605
19357,0.24063061,0.023348120476301658
19358,0.89173824,0.0
19359,0.7006546,0.0967741935483871
19360,0.82716966,0.16666666666666666
19361,0.42262194,0.0
19362,0.3345485,0.0
19363,0.49209303,0.0
19364,0.7766256,0.06563706563706563
19365,0.842742,0.0
19366,0.86566335,1.0
19367,0.65964425,0.0
19368,0.47644043,0.0
19369,0.8665598,0.0
19370,0.41396254,0.0
19371,0.88311976,0.0
19372,0.8930451,0.2
19373,0.34633815,0.025806451612903226
19374,0.36378157,0.0
19375,0.4228474,0.0
19376,0.5424266,0.0
19377,0.7959501,0.17857142857142858
19378,0.37794027,0.07687107677450507
19379,0.3922573,0.0
19380,0.64617634,0.0
19381,0.71915334,0.0
19382,0.9122863,0.0
19383,0.8966166,0.005780346820809248
19384,0.8896954,0.1875
19385,0.88963574,0.3
19386,0.26026252,0.0
19387,0.15029709,0.0
19388,0.37960574,0.0
19389,0.87893325,0.06451612903225806
19390,0.25899854,0.0
19391,0.6590171,0.21428571428571427
19392,0.72944456,0.0
19393,0.8092267,0.0625
19394,0.53328407,0.0
19395,0.5520859,0.0
19396,0.46987537,0.09867452135493372
19397,0.6273962,0.0
19398,0.76020193,0.17105263157894737
19399,0.3643787,0.0
19400,0.40547636,0.01652892561983471
19401,0.29102948,0.0
19402,0.8557779,0.07216494845360824
19403,0.3199026,0.0015080113100848257
19404,0.3998911,0.5542091251262279
19405,0.84112006,0.25
19406,0.8519082,0.16129032258064516
19407,0.9347849,0.0
19408,0.5766343,0.0
19409,0.3406877,0.0
19410,0.8634791,0.0
19411,0.47868425,0.0
19412,0.74365455,0.4
19413,0.25840273,0.0
19414,0.52604246,0.05405405405405406
19415,0.21214072,0.0
19416,0.45486352,0.0
19417,0.89497155,0.6215454032712916
19418,0.33625346,0.010416666666666666
19419,0.18050449,0.0
19420,0.6572026,0.0
19421,0.58878684,0.0
19422,0.38820902,0.0
19423,0.76617575,0.0
19424,0.6019815,0.3333333333333333
19425,0.5767268,0.0
19426,0.2267799,0.6357123174428218
19427,0.8785882,0.0
19428,0.7648553,0.0
19429,0.7813121,0.0
19430,0.42317724,0.9980811403508771
19431,0.19432732,0.022222222222222223
19432,0.8615379,0.0
19433,0.7284846,0.008403361344537815
19434,0.33806375,0.07667946257197697
19435,0.29244393,0.0
19436,0.4404022,0.0
19437,0.7797201,0.04054054054054054
19438,0.24694243,0.006622516556291391
19439,0.88402694,0.058823529411764705
19440,0.25984284,0.0013192612137203166
19441,0.49690816,0.0
19442,0.62715024,0.09090909090909091
19443,0.49953818,0.0
19444,0.5805649,0.0
19445,0.5356653,0.028873917228103944
19446,0.7955123,0.07692307692307693
19447,0.3158228,0.44133435582822084
19448,0.9303879,0.19642857142857142
19449,0.79625386,0.0
19450,0.8786311,0.21739130434782608
19451,0.5490751,0.022727272727272728
19452,0.21790552,0.4318608558157921
19453,0.40006426,0.023809523809523808
19454,0.4598321,0.0
19455,0.1643755,0.0
19456,0.24643779,0.0
19457,0.8668282,0.0
19458,0.5387084,0.0
19459,0.2958666,0.27398444252376836
19460,0.8928215,0.0
19461,0.5445113,0.0
19462,0.8913673,0.0
19463,0.90125227,0.35
19464,0.18287401,0.13333333333333333
19465,0.8650342,0.0
19466,0.64560986,0.0
19467,0.89000845,0.0
19468,0.52249503,0.048327137546468404
19469,0.17007649,0.0
19470,0.30707842,0.0
19471,0.22579613,0.0
19472,0.76399237,0.0
19473,0.39999613,0.024390243902439025
19474,0.89742076,0.0
19475,0.8942961,0.0688836104513064
19476,0.77507955,0.2215909090909091
19477,0.22892864,0.8933186692328843
19478,0.9163753,0.0
19479,0.15544665,0.0
19480,0.8828585,0.09302325581395349
19481,0.7668775,0.07692307692307693
19482,0.31362772,0.023391812865497075
19483,0.60353523,0.0
19484,0.375139,0.045454545454545456
19485,0.89395756,0.025477707006369428
19486,0.4375222,0.0
19487,0.3810056,0.0
19488,0.8904687,0.0
19489,0.1933413,0.0
19490,0.7569576,0.15602836879432624
19491,0.7231474,0.038461538461538464
19492,0.22185445,0.0
19493,0.9040203,0.0
19494,0.8049494,0.07058823529411765
19495,0.31731454,0.0
19496,0.45125628,0.0
19497,0.83584136,0.0
19498,0.3068742,0.07692307692307693
19499,0.56157213,0.013680494263018535
19500,0.6036664,0.0
19501,0.72721136,0.125
19502,0.8515286,0.0
19503,0.22466034,0.0
19504,0.23172195,0.0005686125852918878
19505,0.30359238,0.0
19506,0.46060398,0.03787878787878788
19507,0.27402088,0.0
19508,0.45219895,0.0
19509,0.6880561,0.0
19510,0.67344797,0.02666666666666667
19511,0.84466326,0.0
19512,0.48234537,0.0
19513,0.2960916,0.0
19514,0.8590682,0.1794871794871795
19515,0.51784664,0.0
19516,0.8664358,0.0
19517,0.7519147,0.125
19518,0.47808567,0.0
19519,0.77284825,0.0
19520,0.85463655,0.0
19521,0.35391846,0.0
19522,0.31017524,0.051470588235294115
19523,0.24196954,0.0
19524,0.8659231,0.0
19525,0.18665373,0.00016294606485253382
19526,0.31421563,0.0
19527,0.4517942,0.0
19528,0.8875759,0.0
19529,0.6283236,0.0
19530,0.1839895,0.0
19531,0.32064477,0.0
19532,0.82230246,0.0
19533,0.2972154,0.0
19534,0.16219658,0.0
19535,0.76199657,0.05263157894736842
19536,0.6128173,0.0
19537,0.23569413,0.0
19538,0.40996423,0.002967359050445104
19539,0.89751226,0.0
19540,0.12772444,0.023887973640856673
19541,0.2794816,0.19426516688179973
19542,0.3751957,0.023809523809523808
19543,0.8411688,0.05394190871369295
19544,0.87786853,0.029850746268656716
19545,0.93607056,0.06666666666666667
19546,0.8090071,0.1259259259259259
19547,0.48739418,0.18791848617176127
19548,0.95630425,0.0
19549,0.566677,0.0
19550,0.49429196,0.0
19551,0.59794325,0.030303030303030304
19552,0.72308004,0.027777777777777776
19553,0.9008726,0.027777777777777776
19554,0.8259475,0.19811320754716982
19555,0.35861906,0.001463860933211345
19556,0.46940762,0.0
19557,0.89792675,0.15584415584415584
19558,0.5323833,0.029411764705882353
19559,0.24225685,0.031914893617021274
19560,0.710048,0.0
19561,0.5870683,0.037037037037037035
19562,0.828485,0.07079646017699115
19563,0.7197795,0.11447811447811448
19564,0.3688473,0.038461538461538464
19565,0.44677848,0.0
19566,0.34109905,0.016414141414141416
19567,0.8120785,0.0
19568,0.4282395,0.0
19569,0.45178857,0.0
19570,0.15753357,0.0
19571,0.6150388,0.0
19572,0.41466263,0.0
19573,0.45669758,0.15196024295969077
19574,0.5495983,0.9803921568627451
19575,0.87860155,0.08163265306122448
19576,0.2997227,0.013987671882408724
19577,0.26212528,0.0
19578,0.24513172,0.008695652173913044
19579,0.9289728,0.016666666666666666
19580,0.29479098,0.0
19581,0.866111,0.0
19582,0.95954263,0.5047575894879928
19583,0.2597072,0.5837342709104367
19584,0.57172537,0.0
19585,0.57888615,0.0
19586,0.46006015,0.0
19587,0.855706,0.0
19588,0.777721,0.14285714285714285
19589,0.9002935,0.10549132947976879
19590,0.85109293,0.0
19591,0.50467193,0.1111111111111111
19592,0.92473733,0.09405940594059406
19593,0.26835635,0.0
19594,0.45360455,0.031598513011152414
19595,0.23709619,0.0
19596,0.433331,0.0
19597,0.78686863,0.06060606060606061
19598,0.12898402,0.24185068349106204
19599,0.7039604,0.0
19600,0.2348228,0.0055248618784530384
19601,0.8832559,0.0
19602,0.7834189,0.0
19603,0.375282,0.05555555555555555
19604,0.7458582,0.05806451612903226
19605,0.24182242,0.015332197614991482
19606,0.8051464,0.08928571428571429
19607,0.8978199,0.0
19608,0.43429646,0.0
19609,0.58441585,0.4569460390355913
19610,0.8931336,0.08045977011494253
19611,0.35808703,0.0
19612,0.28362307,0.0006788866259334691
19613,0.8901376,0.0
19614,0.27640167,0.0
19615,0.24693209,0.06707099536211203
19616,0.2544987,0.0
19617,0.20261382,0.0
19618,0.5639239,0.0
19619,0.31436196,0.987074458401602
19620,0.9093598,0.2222222222222222
19621,0.4396378,0.014084507042253521
19622,0.114111766,0.0006150061500615006
19623,0.41659555,0.015220700152207
19624,0.36385468,0.0
19625,0.8812836,0.4
19626,0.1433719,0.2887660750345414
19627,0.5927568,0.08108108108108109
19628,0.29576206,0.0
19629,0.86457074,0.0
19630,0.9419552,0.0
19631,0.87745816,0.058823529411764705
19632,0.3281529,0.770181219110379
19633,0.7438763,0.05555555555555555
19634,0.6667418,0.0
19635,0.38675275,0.00132890365448505
19636,0.19113894,0.0
19637,0.7907215,0.07142857142857142
19638,0.21401826,0.0
19639,0.8320572,0.0
19640,0.59798115,0.1
19641,0.8833486,0.0
19642,0.24828047,0.0
19643,0.847885,0.008964143426294821
19644,0.5697055,0.0
19645,0.4267578,0.06220359545604941
19646,0.8035881,0.0
19647,0.74543095,0.0
19648,0.8932403,0.0
19649,0.39139917,0.0
19650,0.2511242,0.5033173420434827
19651,0.72467357,0.0
19652,0.2420412,0.009124087591240875
19653,0.88903385,0.09090909090909091
19654,0.5678091,0.037037037037037035
19655,0.8652683,0.0
19656,0.7435592,0.0761904761904762
19657,0.4341043,0.0
19658,0.7991153,0.5
19659,0.81479084,0.12903225806451613
19660,0.27569535,0.0
19661,0.46049145,0.0004347826086956522
19662,0.5380126,0.0
19663,0.8719476,0.4358974358974359
19664,0.5636759,0.0
19665,0.9578532,0.14477726574500768
19666,0.8702087,0.13333333333333333
19667,0.49982163,0.0
19668,0.79145306,0.07547169811320754
19669,0.7815832,0.16666666666666666
19670,0.19900946,0.02366180926273265
19671,0.86840576,0.0
19672,0.8447067,0.0
19673,0.44389388,0.0
19674,0.21069647,0.0
19675,0.8467149,0.0
19676,0.48974383,0.0776283618581907
19677,0.7717278,0.0
19678,0.6473094,0.0
19679,0.24451612,0.9373115233482592
19680,0.17632315,0.0
19681,0.8648326,0.0
19682,0.54962415,0.0005119017148707448
19683,0.28122476,0.0
19684,0.86554325,0.3488008342022941
19685,0.45953977,0.07339197361187466
19686,0.4795877,0.00847457627118644
19687,0.82946706,0.5
19688,0.31111926,0.07556603773584905
19689,0.4548629,0.12631578947368421
19690,0.7899151,0.011019283746556474
19691,0.27646333,0.0
19692,0.6659521,0.0
19693,0.83701885,0.0
19694,0.27628165,0.0
19695,0.30888113,0.0
19696,0.86677057,0.0
19697,0.85420424,0.0
19698,0.42256045,0.0
19699,0.16091095,0.6217443692649921
19700,0.5890683,0.0
19701,0.65756416,0.0
19702,0.64451206,0.0
19703,0.5006502,0.146484375
19704,0.94880843,0.3150053210358283
19705,0.6257407,0.0
19706,0.63228,0.047058823529411764
19707,0.48806205,0.0
19708,0.6844494,0.0
19709,0.788771,0.0
19710,0.3171278,0.0
19711,0.43957335,0.03309692671394799
19712,0.3812781,0.02702702702702703
19713,0.70450467,0.0
19714,0.8794951,0.0
19715,0.6586829,0.0
19716,0.7750137,0.0
19717,0.5625378,0.0
19718,0.664365,0.26717557251908397
19719,0.8222821,0.0
19720,0.86722404,0.01639344262295082
19721,0.8745445,0.09917355371900827
19722,0.88910246,0.045454545454545456
19723,0.88636243,0.9077380952380952
19724,0.88552815,0.11764705882352941
19725,0.28969628,0.0
19726,0.549165,0.0
19727,0.88897854,0.0
19728,0.7031219,0.0
19729,0.17660081,0.8443322625057366
19730,0.17293763,0.0
19731,0.21235803,0.0
19732,0.16831213,0.001697792869269949
19733,0.24610688,0.0
19734,0.7990784,0.0
19735,0.7066815,0.0
19736,0.3491401,0.0
19737,0.44695616,0.03125
19738,0.26562294,0.1403996153435196
19739,0.29428893,0.06245832407201601
19740,0.7047959,0.0
19741,0.909504,0.3237639553429027
19742,0.6259739,9.196247930844215e-05
19743,0.62209994,0.0
19744,0.38632068,0.0
19745,0.60569364,1.0
19746,0.5516237,0.0
19747,0.90875554,0.186952288218111
19748,0.18381102,0.0
19749,0.66359,0.0
19750,0.3783723,0.0
19751,0.93778485,0.07688679245283019
19752,0.7288305,0.0
19753,0.19295096,0.0
19754,0.42984778,0.08872260823089258
19755,0.27340075,0.0
19756,0.5380045,0.0
19757,0.69202715,0.0
19758,0.35062566,0.0
19759,0.57145,0.0
19760,0.8962733,0.0
19761,0.68857086,0.0
19762,0.885624,0.07042253521126761
19763,0.7952478,0.03125
19764,0.81773263,0.0
19765,0.5278675,0.01694915254237288
19766,0.33705974,0.02237354085603113
19767,0.9437277,0.10223048327137546
19768,0.55213434,0.0
19769,0.189932,0.0
19770,0.9008134,0.0
19771,0.42484164,0.04451038575667656
19772,0.30825678,0.013289036544850499
19773,0.24295712,0.0
19774,0.6037028,0.0
19775,0.60460454,0.0
19776,0.19231717,0.0
19777,0.3445194,0.00921942224953903
19778,0.16637497,0.0
19779,0.37887192,0.09550561797752809
19780,0.3197208,0.031914893617021274
19781,0.79774076,0.0
19782,0.21472,0.0
19783,0.89326227,0.152
19784,0.4341868,0.0
19785,0.37418416,0.0
19786,0.6639449,0.0
19787,0.17312174,0.0
19788,0.28840294,0.012141022647676861
19789,0.9130894,0.10126582278481013
19790,0.16740775,0.0
19791,0.34378338,0.0008665511265164644
19792,0.4789808,0.8177078569468581
19793,0.76541907,0.0
19794,0.25893572,0.0
19795,0.863638,0.0
19796,0.7452357,0.044444444444444446
19797,0.542533,0.0
19798,0.47070414,0.021897810218978103
19799,0.8009925,0.032520325203252036
19800,0.59132177,0.015873015873015872
19801,0.91563815,0.0
19802,0.5228057,0.0
19803,0.4787049,0.0
19804,0.7327319,0.0
19805,0.8539421,0.0
19806,0.7157138,0.0
19807,0.22087267,0.0
19808,0.19845818,0.0
19809,0.82274646,0.11262376237623763
19810,0.8230521,0.0
19811,0.6692093,0.0
19812,0.9324957,0.2988505747126437
19813,0.92701024,0.0
19814,0.7474043,0.2563600782778865
19815,0.86731935,0.0
19816,0.4274463,0.0
19817,0.15327927,0.0
19818,0.4148495,0.4982591167308045
19819,0.61460966,0.0
19820,0.85807306,0.046511627906976744
19821,0.8551919,0.5383928571428571
19822,0.4895004,0.0
19823,0.40946248,0.0
19824,0.8758228,0.0
19825,0.8941974,0.0
19826,0.1988847,0.009954751131221719
19827,0.397849,0.038461538461538464
19828,0.53143305,0.0
19829,0.67591494,0.0
19830,0.5911589,0.03389830508474576
19831,0.7551629,0.04032258064516129
19832,0.8185234,0.5
19833,0.88195705,0.0
19834,0.92386645,0.0
19835,0.30535084,0.02158273381294964
19836,0.18024138,0.0
19837,0.68306917,0.0
19838,0.6069587,0.0
19839,0.67584217,0.14754098360655737
19840,0.3950822,0.002601203056413591
19841,0.70806766,0.0
19842,0.51832044,0.0
19843,0.38263336,0.0
19844,0.349031,0.1311746849415877
19845,0.33742982,0.0
19846,0.8168681,0.0
19847,0.26133794,0.034449390361912136
19848,0.19970202,0.0
19849,0.9259292,0.08139534883720931
19850,0.25577408,0.008559201141226819
19851,0.24312843,0.0
19852,0.8653631,0.026442307692307692
19853,0.40257227,0.0
19854,0.47114408,0.0
19855,0.32934487,0.0
19856,0.30252782,0.9883731575574476
19857,0.867098,0.05714285714285714
19858,0.8944217,0.0625
19859,0.33822334,0.0
19860,0.4747604,0.0
19861,0.6432608,0.0
19862,0.8543454,0.04938271604938271
19863,0.8837723,0.08831168831168831
19864,0.7832481,0.0
19865,0.89657164,0.0
19866,0.42293152,0.0
19867,0.21561408,0.0
19868,0.4509132,0.03773584905660377
19869,0.22778259,0.008130081300813009
19870,0.78984135,0.0
19871,0.8615906,0.0
19872,0.33943796,0.0
19873,0.22153343,0.014576802507836991
19874,0.76929635,0.0
19875,0.8854955,0.1165644171779141
19876,0.38932207,0.0
19877,0.33961144,0.016853932584269662
19878,0.15442674,0.0273972602739726
19879,0.48054495,0.0
19880,0.7015468,0.0
19881,0.48228583,0.0
19882,0.22928008,0.0
19883,0.79178435,0.10204081632653061
19884,0.9039279,0.23684210526315788
19885,0.882556,0.17582417582417584
19886,0.5678269,0.0
19887,0.58275014,0.0
19888,0.24566562,0.0
19889,0.7319495,0.0
19890,0.51833606,0.3089327392319117
19891,0.4879157,0.06072874493927125
19892,0.8077696,0.0
19893,0.74383426,0.1506849315068493
19894,0.73574454,0.0
19895,0.41545472,0.0
19896,0.31253046,0.0
19897,0.3600909,0.0
19898,0.8040157,0.0
19899,0.85560083,0.17073170731707318
19900,0.62136424,0.0
19901,0.85762125,0.0
19902,0.48180524,0.002061005770816158
19903,0.21088201,0.9604132382519657
19904,0.9175881,0.0
19905,0.21394289,0.9320229320229321
19906,0.30376884,0.0
19907,0.79879326,0.0
19908,0.72128975,0.0
19909,0.88338226,0.1527777777777778
19910,0.2071323,0.0
19911,0.18294725,0.13181242078580482
19912,0.418238,0.0
19913,0.90344965,0.0
19914,0.59804875,0.017241379310344827
19915,0.7364043,0.0
19916,0.1746441,0.0
19917,0.33480215,0.04308418177303203
19918,0.26831117,0.06095143706640238
19919,0.25637355,0.03759398496240601
19920,0.6819004,0.016129032258064516
19921,0.5902889,0.0
19922,0.87643564,0.18518518518518517
19923,0.21607603,0.02824858757062147
19924,0.3854875,0.006666666666666667
19925,0.2974425,0.9951549501782613
19926,0.889628,0.0
19927,0.90562326,0.08333333333333333
19928,0.8727704,0.0
19929,0.83185565,0.0
19930,0.8630188,0.0
19931,0.5223026,0.00031645569620253165
19932,0.19159983,0.4801287948482061
19933,0.8730871,0.19607843137254902
19934,0.909115,0.0
19935,0.41443554,0.0
19936,0.6884125,0.07246376811594203
19937,0.3431513,0.0
19938,0.87516093,0.08860759493670886
19939,0.9008586,0.32
19940,0.7451077,0.0
19941,0.841219,0.05547652916073969
19942,0.9435895,0.1724137931034483
19943,0.81433535,0.0
19944,0.32876235,0.0
19945,0.8016314,0.0
19946,0.8687597,0.14814814814814814
19947,0.38550565,0.0
19948,0.44762975,0.0
19949,0.8658651,0.0
19950,0.7829922,0.0
19951,0.8795092,0.0
19952,0.49137154,0.0
19953,0.87796897,0.0
19954,0.4779237,0.0763888888888889
19955,0.82387215,0.0
19956,0.8082904,0.0
19957,0.43795726,0.0
19958,0.7139741,0.0
19959,0.93699867,0.10606060606060606
19960,0.87163967,0.09523809523809523
19961,0.9052311,0.045454545454545456
19962,0.69417465,0.0
19963,0.7545589,0.0
19964,0.24825472,0.16913176018968049
19965,0.31609678,0.012187299550994226
19966,0.24277747,0.0
19967,0.8628962,0.06451612903225806
19968,0.24647364,0.9095299103183206
19969,0.20959754,0.0
19970,0.6311292,0.0
19971,0.79346526,0.0
19972,0.80238754,0.30952380952380953
19973,0.5222546,0.0
19974,0.45591927,0.019801980198019802
19975,0.864464,0.0
19976,0.92182636,0.0
19977,0.7803207,0.0
19978,0.67944026,0.0
19979,0.78469783,0.0
19980,0.38649422,0.003367003367003367
19981,0.24647292,0.6325132657983599
19982,0.86591524,0.0
19983,0.725993,0.0
19984,0.24680935,0.03587443946188341
19985,0.81762594,0.0
19986,0.11966523,0.0
19987,0.5143673,0.09057301293900184
19988,0.8222802,0.01373134328358209
19989,0.55159277,0.0731484024535384
19990,0.5044156,0.0002994609702535436
19991,0.3082703,0.0
19992,0.28354415,0.0
19993,0.8158193,0.0
19994,0.47340545,0.0
19995,0.323851,0.0057162071284465365
19996,0.72112256,0.0
19997,0.37751552,0.0
19998,0.7693326,0.14516129032258066
19999,0.2737068,0.4519454269833249
20000,0.8703507,0.14285714285714285
20001,0.9228206,0.3230769230769231
20002,0.7695056,0.0
20003,0.5214984,0.07265704037524143
20004,0.38588184,0.004008016032064128
20005,0.17948958,0.0
20006,0.8738531,0.0761904761904762
20007,0.39882943,0.12980358667805295
20008,0.8991335,0.28
20009,0.23068862,0.0016621156357592307
20010,0.22189765,0.002364066193853428
20011,0.66682273,0.0
20012,0.7605547,0.0
20013,0.2772524,0.67468227118954
20014,0.38396338,0.0
20015,0.31317294,0.966056724611162
20016,0.44402903,0.0
20017,0.35745037,0.0
20018,0.17084433,0.5964912280701754
20019,0.67769635,0.0
20020,0.85789335,0.0
20021,0.5063122,0.0
20022,0.57196176,0.0
20023,0.61445886,0.0
20024,0.61643857,0.09580838323353294
20025,0.5175049,0.04926108374384237
20026,0.36213252,0.00209570380719525
20027,0.86930865,0.08148148148148149
20028,0.4008803,0.0
20029,0.47857553,0.005714285714285714
20030,0.1981745,0.0
20031,0.7025926,0.0
20032,0.46316725,0.0
20033,0.8867963,0.0
20034,0.8681376,0.0
20035,0.92347044,0.11009174311926606
20036,0.79917353,0.0
20037,0.862868,0.0
20038,0.27000794,0.3178097657352526
20039,0.21955846,0.0
20040,0.75843394,0.2
20041,0.6430805,0.0
20042,0.21716304,0.0014853323431117712
20043,0.36270577,0.07119414289320879
20044,0.8291958,0.058823529411764705
20045,0.94283193,0.08826815642458101
20046,0.8652629,0.0
20047,0.70714027,0.0
20048,0.93193144,0.2
20049,0.8598544,0.0
20050,0.8442195,0.1111111111111111
20051,0.31416062,0.0
20052,0.3285819,0.016597510373443983
20053,0.7781176,0.0
20054,0.5800517,0.0
20055,0.78261906,0.013888888888888888
20056,0.2265829,0.008064516129032258
20057,0.1868445,0.0
20058,0.7639272,0.0375
20059,0.8736791,0.03571428571428571
20060,0.9137112,0.0
20061,0.43653542,0.07692307692307693
20062,0.9047128,0.11538461538461539
20063,0.40026504,0.0
20064,0.9588711,0.5056230319388214
20065,0.61461776,0.07398101619207147
20066,0.79993284,0.0
20067,0.8693519,0.0
20068,0.8545955,0.0
20069,0.6704597,0.16666666666666666
20070,0.5839743,0.0
20071,0.6576511,0.0
20072,0.77734035,0.0
20073,0.58837694,0.09143566404633843
20074,0.3478904,0.05102040816326531
20075,0.6181469,0.0663265306122449
20076,0.82482433,0.07692307692307693
20077,0.42136613,0.2508282063416943
20078,0.5700483,0.0
20079,0.75892526,0.0
20080,0.2567949,0.0
20081,0.836025,0.0
20082,0.672515,0.09523809523809523
20083,0.85070246,0.0
20084,0.45534012,0.0
20085,0.41207552,0.0
20086,0.66563207,0.004532019704433498
20087,0.7949035,0.0
20088,0.8920616,0.0
20089,0.7768469,0.0
20090,0.82599205,0.0
20091,0.44250932,0.009230769230769232
20092,0.80731654,0.5
20093,0.26797533,0.6475701717637201
20094,0.6254976,0.0
20095,0.8674594,0.0
20096,0.366573,0.04878048780487805
20097,0.4404402,0.0
20098,0.9544783,0.4140127388535032
20099,0.89424413,0.0
20100,0.77650785,0.1656516443361754
20101,0.48377296,0.0
20102,0.82840496,0.0
20103,0.72510874,0.0
20104,0.33482164,0.025806451612903226
20105,0.54990524,0.07346601852701092
20106,0.7750029,0.0
20107,0.42324594,0.0
20108,0.31143376,0.0
20109,0.81936944,0.0
20110,0.2794386,0.0006561679790026247
20111,0.1338263,0.0
20112,0.9628455,0.41568981064021643
20113,0.29509008,0.9968019005847953
20114,0.7201856,0.019230769230769232
20115,0.85805726,0.0
20116,0.8915995,0.21666666666666667
20117,0.23856524,0.0
20118,0.5422484,0.0
20119,0.6576959,0.0136986301369863
20120,0.19624935,0.0024330900243309003
20121,0.89809954,0.0
20122,0.7949884,0.09523809523809523
20123,0.34548303,0.02857142857142857
20124,0.73628056,0.0
20125,0.7489554,0.0891089108910891
20126,0.78864133,0.0
20127,0.73659676,0.0
20128,0.81805557,0.10256410256410256
20129,0.9077834,0.14285714285714285
20130,0.878477,0.12280701754385964
20131,0.29390594,0.0
20132,0.81866217,0.0
20133,0.9099423,0.5
20134,0.34379107,0.0
20135,0.6758903,0.0975609756097561
20136,0.37619704,0.0
20137,0.9589275,0.44153005464480877
20138,0.96353245,0.1528046421663443
20139,0.44182494,0.0
20140,0.5415702,0.046153846153846156
20141,0.7781252,0.0
20142,0.6564166,0.0
20143,0.36871383,0.0
20144,0.35170302,0.0
20145,0.2600752,0.0
20146,0.7159255,0.0
20147,0.5687029,0.0
20148,0.8820996,0.0
20149,0.24447787,0.0
20150,0.8938399,0.047619047619047616
20151,0.19154827,0.001471805721644743
20152,0.8373947,0.06382978723404255
20153,0.9293179,0.0
20154,0.6717334,0.07246376811594203
20155,0.76073194,0.0
20156,0.90456206,0.0
20157,0.9137537,0.024
20158,0.40571737,0.0
20159,0.38865414,0.0
20160,0.81231266,0.0
20161,0.26485047,0.005917159763313609
20162,0.44357523,0.0
20163,0.5792685,0.0
20164,0.7816438,0.2
20165,0.3700107,0.021739130434782608
20166,0.5144713,0.07348213465601176
20167,0.19057253,0.16570201643017177
20168,0.3210624,0.15064102564102563
20169,0.5106333,0.0
20170,0.58272356,0.0
20171,0.21722703,0.7061568225788096
20172,0.8555865,0.0
20173,0.8573215,0.0196078431372549
20174,0.76415324,0.0
20175,0.3246322,0.0003298515667949423
20176,0.283479,0.7272148444606149
20177,0.5298584,0.0
20178,0.5809726,0.0
20179,0.9598325,0.46504934210526316
20180,0.86696494,0.1134020618556701
20181,0.5460655,0.0
20182,0.49341857,0.0
20183,0.21716213,0.0
20184,0.77768123,0.0
20185,0.13501337,0.19313903221308046
20186,0.26365268,0.045714285714285714
20187,0.6598913,0.0
20188,0.2757408,0.0
20189,0.5924276,0.0
20190,0.89823717,0.44319344933469806
20191,0.8923655,0.0
20192,0.26294968,0.0
20193,0.25971183,0.0
20194,0.43442595,0.1092694904849601
20195,0.90547186,0.0
20196,0.614522,0.0
20197,0.19256397,0.0
20198,0.89580244,0.0
20199,0.81020075,0.04645161290322581
20200,0.8839778,0.14285714285714285
20201,0.71141416,0.00535475234270415
20202,0.38449693,0.0
20203,0.77401173,0.0
20204,0.8225071,0.14285714285714285
20205,0.50717694,0.0
20206,0.86781985,0.0
20207,0.6302848,0.0
20208,0.8943297,0.2163323782234957
20209,0.20992248,0.0
20210,0.2539065,0.0
20211,0.6294416,0.0
20212,0.26701358,0.024390243902439025
20213,0.39061257,0.0002636435539151068
20214,0.26306877,0.014925373134328358
20215,0.5051759,0.07319078947368421
20216,0.26227,0.0
20217,0.8711993,0.0
20218,0.96214974,0.8694885361552028
20219,0.3920807,0.07216683435470593
20220,0.8786862,0.0
20221,0.95453954,0.2063953488372093
20222,0.73184127,0.08481532147742818
20223,0.85113204,0.0
20224,0.5507017,0.0
20225,0.91217655,0.0
20226,0.9135182,0.0
20227,0.71045923,0.2638888888888889
20228,0.75220275,0.06666666666666667
20229,0.6279822,0.05555555555555555
20230,0.59927976,0.09375
20231,0.8365007,0.07142857142857142
20232,0.7555348,0.0
20233,0.16078083,0.0012260536398467432
20234,0.3439493,0.0
20235,0.30252826,0.0
20236,0.553054,0.0
20237,0.92940074,0.0
20238,0.20765743,0.0
20239,0.29706532,0.0050735667174023336
20240,0.18951498,0.0
20241,0.65875787,0.013513513513513514
20242,0.70013225,0.14634146341463414
20243,0.77287656,0.0002747252747252747
20244,0.45497355,0.1689850592478104
20245,0.5068326,0.0967741935483871
20246,0.13563856,0.0
20247,0.49462184,0.01425047958344752
20248,0.8510768,0.0
20249,0.7139786,0.13333333333333333
20250,0.35433888,0.0
20251,0.77185106,0.08571428571428572
20252,0.4625588,0.003937007874015748
20253,0.6479025,0.0
20254,0.66850024,0.07692307692307693
20255,0.49785936,0.0
20256,0.1812023,0.0
20257,0.26084092,0.001463985945734921
20258,0.37651747,0.002788622420524261
20259,0.46782765,0.0
20260,0.34126905,0.0
20261,0.91553676,0.0010416666666666667
20262,0.24032168,0.0
20263,0.8854595,0.24068767908309455
20264,0.15126215,0.0
20265,0.7353063,0.14285714285714285
20266,0.38764477,0.0
20267,0.76177555,0.10317460317460317
20268,0.88813996,0.0
20269,0.89669657,0.07692307692307693
20270,0.23768482,0.016877637130801686
20271,0.8651408,0.0
20272,0.3205816,0.009523809523809525
20273,0.30828884,0.07307171853856563
20274,0.41242972,0.08192090395480225
20275,0.19166155,0.5893755824790308
20276,0.8902466,0.1111111111111111
20277,0.84292024,0.2529832935560859
20278,0.33800727,0.0
20279,0.6992393,0.02564102564102564
20280,0.52253526,0.0
20281,0.8956947,0.019230769230769232
20282,0.77000266,0.0
20283,0.7808669,0.0
20284,0.34450504,0.10607521697203472
20285,0.15696903,0.0
20286,0.21010193,0.0
20287,0.75104487,0.0
20288,0.48200712,0.49133281972265025
20289,0.57798797,0.0
20290,0.85197675,0.18181818181818182
20291,0.22933967,0.0
20292,0.62067115,0.013451443569553806
20293,0.39946982,0.0
20294,0.79559934,0.15915119363395225
20295,0.90077853,0.0
20296,0.66208744,0.0
20297,0.6800955,0.0
20298,0.7882071,0.0
20299,0.37038058,0.0
20300,0.6320528,0.07338687344225976
20301,0.6605498,0.08316831683168317
20302,0.9128722,0.034482758620689655
20303,0.1896128,0.0
20304,0.9016489,0.5
20305,0.5588325,0.0
20306,0.80048335,0.0
20307,0.32630512,0.026737967914438502
20308,0.18257298,0.0
20309,0.66914177,0.05841566996013174
20310,0.85651314,0.15384615384615385
20311,0.8853781,0.15079365079365079
20312,0.6698407,0.0821917808219178
20313,0.6218995,0.06542056074766354
20314,0.6873494,0.043478260869565216
20315,0.58283406,0.0
20316,0.8898056,0.08823529411764706
20317,0.8634239,0.21321695760598502
20318,0.407791,0.0
20319,0.79091734,0.28517924023542
20320,0.46270978,0.1214574898785425
20321,0.5445313,0.6268944612841003
20322,0.91330963,0.0
20323,0.8913205,0.16808510638297872
20324,0.55630124,0.0
20325,0.84258705,0.0
20326,0.8990731,0.0
20327,0.48739502,0.007407407407407408
20328,0.745775,0.046296296296296294
20329,0.8303525,0.0
20330,0.9145901,0.0
20331,0.42186332,0.0
20332,0.47734654,0.07317965605561653
20333,0.17137407,0.0
20334,0.4508485,0.0
20335,0.40744984,0.0
20336,0.833215,0.0
20337,0.35733965,0.02247191011235955
20338,0.26714668,0.0
20339,0.79334366,0.061224489795918366
20340,0.57212234,0.0
20341,0.8493299,0.0
20342,0.5187415,0.0
20343,0.32541433,0.0
20344,0.31219956,0.0016216216216216215
20345,0.5677192,0.07307481251143223
20346,0.4594836,0.0
20347,0.65159565,0.009411764705882352
20348,0.6096802,0.0
20349,0.637437,0.0
20350,0.48714048,0.14285714285714285
20351,0.25920027,0.030612244897959183
20352,0.26868892,0.0
20353,0.31864005,0.8770499312872194
20354,0.41342863,0.0
20355,0.22166176,0.016
20356,0.4910478,0.0
20357,0.8650525,0.0
20358,0.19723044,0.0
20359,0.67213863,0.0
20360,0.45840046,0.0
20361,0.42148966,0.04054054054054054
20362,0.83940536,0.09090909090909091
20363,0.76280856,0.0
20364,0.7063851,0.0
20365,0.19873388,0.0273972602739726
20366,0.85540944,0.26900584795321636
20367,0.76982415,0.0
20368,0.6618068,0.0
20369,0.8191778,0.0
20370,0.508593,0.0
20371,0.5536864,0.0
20372,0.38281316,0.0
20373,0.3717163,0.020833333333333332
20374,0.8142953,0.0
20375,0.38136187,0.0
20376,0.91761863,0.2903225806451613
20377,0.77468574,0.12121212121212122
20378,0.7757069,0.08196721311475409
20379,0.5027545,0.05612019443216969
20380,0.17273709,0.0
20381,0.30995664,0.09655172413793103
20382,0.8916541,0.0
20383,0.9452605,0.12017167381974249
20384,0.24822567,0.0
20385,0.7338337,0.0
20386,0.8440627,0.0673076923076923
20387,0.50308186,0.0
20388,0.4471405,0.0743801652892562
20389,0.77482665,0.14285714285714285
20390,0.2851019,0.0
20391,0.6179932,0.0
20392,0.5711152,0.0008169934640522876
20393,0.5109433,0.0
20394,0.8444833,0.0
20395,0.80594844,0.0
20396,0.13466021,0.0
20397,0.20846568,0.0
20398,0.26983303,0.0
20399,0.23040166,0.001512001512001512
20400,0.1370462,0.002320185614849188
20401,0.8639997,0.0
20402,0.7879111,0.19254658385093168
20403,0.6687061,0.014084507042253521
20404,0.74297,0.0
20405,0.27466345,0.11172483052975145
20406,0.91730016,0.0
20407,0.57114106,0.07323093801426221
20408,0.3697797,0.0
20409,0.7131064,0.0
20410,0.5296827,0.0
20411,0.63988274,0.0
20412,0.21741128,0.0
20413,0.5322919,0.0
20414,0.5035015,0.08357348703170028
20415,0.65992194,0.0
20416,0.19348666,0.0
20417,0.12666318,0.23545485597176363
20418,0.22869077,0.0
20419,0.88805187,0.0
20420,0.90335745,0.029411764705882353
20421,0.44713268,0.0
20422,0.3767309,0.0
20423,0.26592103,0.0
20424,0.47234175,0.10256410256410256
20425,0.8271611,0.0
20426,0.6283384,0.016129032258064516
20427,0.32154092,0.07955865272938444
20428,0.48886904,0.0
20429,0.3729664,0.0
20430,0.55240375,0.07319747783971489
20431,0.17583571,0.0
20432,0.21803074,0.0014807959278111986
20433,0.9064646,0.058823529411764705
20434,0.63633317,0.0
20435,0.34452322,0.09334438000552334
20436,0.74272907,0.05555555555555555
20437,0.7702386,0.0
20438,0.18552233,0.0
20439,0.4533235,0.03571428571428571
20440,0.2941918,0.0
20441,0.340159,0.006711409395973154
20442,0.61869776,0.25
20443,0.7331895,0.0
20444,0.20523712,0.9577194106342088
20445,0.8736321,0.0
20446,0.61439353,0.0
20447,0.744404,0.0
20448,0.49753827,0.0
20449,0.8282041,0.6206776715899218
20450,0.24355812,0.07241379310344828
20451,0.18461844,0.0
20452,0.3233905,0.0
20453,0.32225505,0.0
20454,0.3054775,0.009708737864077669
20455,0.67625374,0.3333333333333333
20456,0.27843335,0.9290287177611122
20457,0.354092,0.020689655172413793
20458,0.79367256,0.0
20459,0.1650022,0.0
20460,0.68092805,0.043478260869565216
20461,0.65204525,0.0
20462,0.7003288,0.0
20463,0.29105288,0.0
20464,0.62963104,9.137426900584795e-05
20465,0.2333105,0.0
20466,0.24205512,0.014925373134328358
20467,0.9089281,0.0
20468,0.91360563,0.1111111111111111
20469,0.17985229,0.23504946043165467
20470,0.91028285,0.13580246913580246
20471,0.45461622,0.0
20472,0.6354416,0.05970149253731343
20473,0.3693541,0.0
20474,0.8230694,0.0
20475,0.7544823,0.0
20476,0.36839196,0.0
20477,0.51013654,0.0
20478,0.587149,0.0
20479,0.8029722,0.0
20480,0.9282405,0.0
20481,0.16073096,0.001706678803049266
20482,0.9054629,0.06666666666666667
20483,0.21410236,0.0
20484,0.6276841,0.0
20485,0.8971282,0.0
20486,0.7633121,0.0
20487,0.7235325,0.0
20488,0.92997134,0.20253164556962025
20489,0.2990946,0.9433668801463861
20490,0.40182766,0.0
20491,0.59248734,0.0
20492,0.91069347,0.20941176470588235
20493,0.36742723,0.0
20494,0.77127075,0.0
20495,0.27327403,0.09717868338557993
20496,0.76467294,0.0
20497,0.8128985,0.0
20498,0.7809573,0.08695652173913043
20499,0.18853119,0.0
20500,0.52032834,0.49019607843137253
20501,0.8252424,0.0
20502,0.53966033,0.0
20503,0.59148437,0.0
20504,0.22198656,0.0
20505,0.88142186,0.10989010989010989
20506,0.9124301,0.0
20507,0.402023,0.0
20508,0.6109389,0.13978494623655913
20509,0.62303776,0.0
20510,0.7812042,0.0
20511,0.8664624,0.0
20512,0.8454173,0.12612612612612611
20513,0.88619155,0.0
20514,0.37256193,0.025
20515,0.21970892,0.0
20516,0.7327184,0.041666666666666664
20517,0.36043823,0.0
20518,0.95211834,0.12903225806451613
20519,0.81758493,0.0
20520,0.3764423,0.07212511499540018
20521,0.27878222,0.0
20522,0.6023294,0.0
20523,0.390933,0.00029245466952622346
20524,0.743087,0.0
20525,0.84347767,0.07894736842105263
20526,0.94326204,0.1509433962264151
20527,0.62804216,0.0
20528,0.92191243,0.10606060606060606
20529,0.27520475,0.0
20530,0.8289056,0.0
20531,0.14980148,0.9481434058898848
20532,0.19516423,0.015120781855061775
20533,0.95295876,0.4375503626107977
20534,0.22769697,0.0014985482813524398
20535,0.2402761,0.13520916334661354
20536,0.93257326,0.0
20537,0.14298122,0.0
20538,0.90591043,0.0
20539,0.73543155,0.0
20540,0.8892541,0.16666666666666666
20541,0.79613036,0.0
20542,0.5898572,0.0
20543,0.87241304,0.16666666666666666
20544,0.8556638,0.3333333333333333
20545,0.33862987,0.3367752184273233
20546,0.4578181,0.0
20547,0.48989108,0.02318840579710145
20548,0.8530823,0.0
20549,0.5276922,0.0
20550,0.88523525,0.14285714285714285
20551,0.3704569,0.0
20552,0.70715,0.0
20553,0.38045382,0.37485184786122183
20554,0.5774119,0.03621730382293763
20555,0.78244954,0.0
20556,0.882194,0.1506849315068493
20557,0.67891777,0.0
20558,0.20858765,0.009077155824508321
20559,0.8014364,0.08695652173913043
20560,0.802669,0.0
20561,0.3134174,0.6637450199203188
20562,0.2601829,0.0
20563,0.9169123,0.0
20564,0.31427762,0.059190031152647975
20565,0.87054485,0.038461538461538464
20566,0.17715918,0.0
20567,0.9174207,0.0
20568,0.88643426,0.0
20569,0.16081952,0.06666666666666667
20570,0.23480298,0.0
20571,0.8828183,0.12371134020618557
20572,0.34357396,0.0
20573,0.45269096,0.0
20574,0.9359429,0.10526315789473684
20575,0.6120065,0.0
20576,0.828634,0.05
20577,0.86467,0.07142857142857142
20578,0.59012705,0.21122112211221122
20579,0.87446755,0.21904761904761905
20580,0.20995356,0.03345573235414117
20581,0.2293172,0.0
20582,0.43498224,0.0
20583,0.87359685,0.0
20584,0.9288502,0.162426614481409
20585,0.9082096,0.037037037037037035
20586,0.5944194,0.09063444108761329
20587,0.90297884,0.12195121951219512
20588,0.8978072,0.0
20589,0.7187909,0.1
20590,0.8436459,0.0012453300124533001
20591,0.90536076,0.08064516129032258
20592,0.21487099,0.027777777777777776
20593,0.66790193,0.07458512026850643
20594,0.23796016,0.0
20595,0.42344964,0.0
20596,0.7089095,0.0
20597,0.57055193,0.0
20598,0.21773635,0.22469873093740003
20599,0.60336155,0.0
20600,0.6725671,0.009933774834437087
20601,0.46587956,0.34834123222748814
20602,0.84011996,0.0
20603,0.37946132,0.07450980392156863
20604,0.84287405,0.0
20605,0.835595,0.09090909090909091
20606,0.8727446,0.0
20607,0.34838036,0.0
20608,0.6434451,0.0011448196908986834
20609,0.8787453,0.1111111111111111
20610,0.47328448,0.0697350069735007
20611,0.7951183,0.038461538461538464
20612,0.8174751,0.13142857142857142
20613,0.8918692,0.0
20614,0.677381,0.1875
20615,0.47406554,0.0
20616,0.30923405,0.0
20617,0.8881183,0.0
20618,0.4671149,0.0025227043390514633
20619,0.88693464,0.1736842105263158
20620,0.23333257,0.0
20621,0.21277614,0.6984747751271021
20622,0.31717473,0.0
20623,0.15610208,0.0
20624,0.90813977,0.0
20625,0.55031276,9.524716639679969e-05
20626,0.8490082,0.0
20627,0.83775204,0.0
20628,0.7446764,0.0
20629,0.6437188,0.0
20630,0.8395304,0.015151515151515152
20631,0.51923794,0.0
20632,0.71348464,0.0
20633,0.7440655,0.0
20634,0.63408816,0.0006629101756711965
20635,0.2905242,0.0
20636,0.3642173,0.0
20637,0.9055666,0.20689655172413793
20638,0.35981655,0.026490066225165563
20639,0.8378967,0.0
20640,0.4941246,0.004694835680751174
20641,0.7714564,0.07142857142857142
20642,0.8406118,0.0
20643,0.82318264,0.10101010101010101
20644,0.73467165,0.0
20645,0.8854772,0.0
20646,0.690389,0.022900763358778626
20647,0.20874825,0.0
20648,0.5040909,0.08571428571428572
20649,0.19742823,0.0
20650,0.19699046,0.0
20651,0.566165,0.0
20652,0.48113602,0.07324433065106072
20653,0.5585032,0.0025167785234899327
20654,0.5293886,0.0
20655,0.71461284,0.0
20656,0.25234216,0.5781857451403888
20657,0.5307803,0.1796477495107632
20658,0.3922956,0.0
20659,0.8888373,0.0
20660,0.83819276,0.0
20661,0.8310131,0.0
20662,0.36268923,0.9834612573099415
20663,0.5873823,0.0035502958579881655
20664,0.23542878,0.022988505747126436
20665,0.9067784,0.10714285714285714
20666,0.840875,0.0
20667,0.30925068,0.0
20668,0.25673786,0.9456273416796125
20669,0.73630387,0.0
20670,0.3007974,0.24566870248036893
20671,0.26983497,0.57847903862031
20672,0.15956794,0.006744941294029478
20673,0.87075937,0.0
20674,0.5215969,0.06463878326996197
20675,0.68007237,0.0
20676,0.6976136,0.0
20677,0.8729963,0.0784313725490196
20678,0.7546024,0.06153846153846154
20679,0.6790947,0.0
20680,0.9128897,0.0
20681,0.4537286,0.07439398161047646
20682,0.47312686,0.0
20683,0.8843343,0.12857142857142856
20684,0.65350276,0.09320388349514563
20685,0.2549837,0.05017103762827822
20686,0.91288817,0.011363636363636364
20687,0.7447903,0.0
20688,0.8498931,0.0
20689,0.9288412,0.06060606060606061
20690,0.9268203,0.0
20691,0.76650345,0.3333333333333333
20692,0.64321667,0.13745704467353953
20693,0.9413814,0.0
20694,0.32913855,0.09040444091990484
20695,0.30532214,0.0
20696,0.89151937,0.0
20697,0.2623471,0.0
20698,0.32734644,0.0
20699,0.87717754,0.10103626943005181
20700,0.8168543,0.0
20701,0.84693056,0.0
20702,0.9298746,0.0
20703,0.30689457,0.3114293019688059
20704,0.8403302,0.14285714285714285
20705,0.6146423,0.0
20706,0.8287589,0.021739130434782608
20707,0.5473254,0.0
20708,0.48684493,0.0
20709,0.8740013,0.5
20710,0.72358006,0.12605042016806722
20711,0.81967413,0.0
20712,0.40782562,0.0007784120394395433
20713,0.8522596,0.0
20714,0.5139041,0.0
20715,0.87839997,0.125
20716,0.7998009,0.0
20717,0.5151694,0.0
20718,0.4739543,0.0
20719,0.7509458,0.09383330371423494
20720,0.21988553,0.0
20721,0.22594024,0.0
20722,0.8831224,0.0
20723,0.53426486,0.0
20724,0.23541917,0.2953416883423977
20725,0.74198335,0.21388101983002833
20726,0.24072468,0.0
20727,0.27588356,0.03514376996805112
20728,0.9000807,0.0
20729,0.43638083,0.04729881192557722
20730,0.6346243,0.07692307692307693
20731,0.16746615,0.881578947368421
20732,0.33503762,0.016954377311960544
20733,0.7496793,0.0
20734,0.2990149,0.08695652173913043
20735,0.22970061,0.0
20736,0.8948287,0.0
20737,0.41588858,0.0
20738,0.91270673,0.0
20739,0.8710205,0.0
20740,0.81182986,0.015625
20741,0.4398194,0.6596911267476926
20742,0.9550127,0.29162656400384984
20743,0.5705835,0.0
20744,0.7956237,0.025157232704402517
20745,0.8886895,0.2
20746,0.617369,0.0
20747,0.6007962,0.0
20748,0.83529174,0.00966183574879227
20749,0.21307737,0.0
20750,0.3497841,0.0
20751,0.72483957,0.0
20752,0.88790333,0.0
20753,0.8210298,0.0
20754,0.507558,0.0
20755,0.20984758,0.0
20756,0.3435709,0.0
20757,0.23470448,0.0
20758,0.21917593,0.0
20759,0.8972301,0.0
20760,0.14638688,0.0031201248049922
20761,0.38754123,0.0
20762,0.14290638,0.3137963178746213
20763,0.64407885,0.0
20764,0.69655937,0.0
20765,0.14910398,0.007772020725388601
20766,0.27709007,0.35977782435548106
20767,0.92349386,0.0
20768,0.21831237,0.0
20769,0.8895391,0.12264150943396226
20770,0.4294766,0.01689347724073205
20771,0.42598215,0.0
20772,0.21556167,0.0
20773,0.342704,0.0
20774,0.32417372,0.9830043859649122
20775,0.8505095,0.0
20776,0.7555396,0.0
20777,0.4514516,0.0
20778,0.28994325,0.0
20779,0.4564172,0.0
20780,0.43993267,0.11029110291102912
20781,0.43312162,0.0
20782,0.67487735,0.0
20783,0.7058717,0.041666666666666664
20784,0.67553425,0.0
20785,0.67399025,0.0
20786,0.784103,0.0
20787,0.9439636,0.19090909090909092
20788,0.77952254,0.19047619047619047
20789,0.9322489,0.0
20790,0.24891005,0.0
20791,0.29618698,0.12162162162162163
20792,0.7420062,0.0
20793,0.6761499,0.0
20794,0.41343242,0.00684931506849315
20795,0.7159795,0.0755608028335301
20796,0.96006054,0.5
20797,0.9360857,0.18095238095238095
20798,0.5649093,0.09090909090909091
20799,0.61609846,0.0
20800,0.5724225,0.0
20801,0.8948403,0.0
20802,0.6379869,0.058823529411764705
20803,0.8234351,0.0
20804,0.6118817,0.09038737446197992
20805,0.7758359,0.0
20806,0.81147766,0.0
20807,0.6850718,0.14285714285714285
20808,0.5505642,0.0
20809,0.31247315,0.0
20810,0.8031842,0.13402061855670103
20811,0.5731548,0.0
20812,0.38821906,0.0
20813,0.40680376,0.0
20814,0.6120115,0.0051813471502590676
20815,0.62256587,0.0
20816,0.4687148,0.0
20817,0.69352907,0.10606060606060606
20818,0.6376122,0.0
20819,0.86508924,0.15384615384615385
20820,0.7541518,0.10483870967741936
20821,0.5534916,0.034482758620689655
20822,0.9084819,0.0
20823,0.89721745,0.13333333333333333
20824,0.8779542,0.0
20825,0.6413856,0.07969097258969203
20826,0.8297189,0.0
20827,0.2093255,0.0
20828,0.3309962,0.23826478028670478
20829,0.89605874,0.0
20830,0.19707467,0.9412463450292398
20831,0.44249034,0.0
20832,0.26457548,0.0
20833,0.91012365,0.14285714285714285
20834,0.50818336,0.05606407322654462
20835,0.8027147,0.0
20836,0.75854844,0.014084507042253521
20837,0.47971374,0.0
20838,0.865492,0.0
20839,0.8151331,0.0
20840,0.80217576,0.0
20841,0.28657532,0.0
20842,0.9028217,0.0
20843,0.9006072,0.04827586206896552
20844,0.64824027,0.0
20845,0.297702,0.0035211267605633804
20846,0.7678414,0.0
20847,0.89940405,0.0
20848,0.9127464,0.21428571428571427
20849,0.31302044,0.0
20850,0.63815266,0.0
20851,0.5652698,0.0
20852,0.19821781,0.6291390728476821
20853,0.44376564,0.0026785714285714286
20854,0.38321048,0.0
20855,0.14853524,0.6345080091533181
20856,0.89119357,0.0
20857,0.90064627,0.6
20858,0.24112386,0.03125
20859,0.13006309,0.0
20860,0.7271523,0.125
20861,0.29917592,0.03614457831325301
20862,0.36711857,0.0
20863,0.89690536,0.0759493670886076
20864,0.40325582,0.0
20865,0.23606369,0.0
20866,0.58360183,0.0
20867,0.7434206,0.0
20868,0.895923,0.0
20869,0.4588652,0.0
20870,0.61607695,0.0
20871,0.44409075,0.0
20872,0.18781413,0.0
20873,0.8641394,0.05970149253731343
20874,0.5086336,0.0
20875,0.5196788,0.0
20876,0.3712951,0.0014623891783200804
20877,0.7734232,0.0
20878,0.41596165,0.315148158404874
20879,0.37426713,0.0
20880,0.18783315,0.009427121102248005
20881,0.86058766,0.1625
20882,0.83790934,0.3333333333333333
20883,0.9392864,0.21666666666666667
20884,0.8621473,0.023504273504273504
20885,0.86010337,0.0
20886,0.31898737,0.0
20887,0.40039876,0.0
20888,0.17776667,0.17613460944736029
20889,0.2527037,0.0
20890,0.3418233,0.0
20891,0.8369101,0.25
20892,0.21243793,0.0003929273084479371
20893,0.40430275,0.0
20894,0.9323395,0.0
20895,0.39490086,0.19264287680029354
20896,0.8739348,0.14285714285714285
20897,0.79360586,0.1588089330024814
20898,0.20130971,0.029263101888800214
20899,0.39036122,0.0
20900,0.5283848,0.0
20901,0.8231455,0.0
20902,0.7079532,0.0
20903,0.36770764,0.0
20904,0.5009022,0.013157894736842105
20905,0.3236731,0.9610532089961602
20906,0.4851147,0.04066390041493776
20907,0.5391053,0.0
20908,0.9191163,1.0
20909,0.16036637,0.0
20910,0.7396004,0.0
20911,0.23262005,0.02247191011235955
20912,0.8563582,0.1111111111111111
20913,0.46427643,0.0
20914,0.8060002,0.0
20915,0.3787128,0.0
20916,0.6235025,0.0
20917,0.8971295,0.041666666666666664
20918,0.6849295,0.0
20919,0.87983793,0.0
20920,0.88253754,0.35294117647058826
20921,0.116232514,0.029469001946066165
20922,0.8606852,0.0
20923,0.31048793,0.0
20924,0.7701321,0.06918238993710692
20925,0.8795631,0.03125
20926,0.85985875,0.0
20927,0.68760043,0.0625
20928,0.89447963,0.0
20929,0.24527627,0.0
20930,0.8181388,0.0
20931,0.82444775,0.0
20932,0.25997144,0.0
20933,0.25815764,0.0
20934,0.83316,0.0
20935,0.6246255,0.0
20936,0.6839451,0.0
20937,0.6036743,0.0
20938,0.26842508,0.033707865168539325
20939,0.85287136,0.024390243902439025
20940,0.86777127,0.0
20941,0.23181787,0.0
20942,0.73804915,0.0
20943,0.3960612,0.0
20944,0.34881,0.0
20945,0.595304,0.07362132352941177
20946,0.77802736,0.01694915254237288
20947,0.6001151,0.0
20948,0.9193159,0.26
20949,0.87080675,0.0
20950,0.56993264,0.19827586206896552
20951,0.15748872,0.0
20952,0.60752195,0.004728132387706856
20953,0.22248732,0.0
20954,0.3760107,0.0
20955,0.39729363,0.001984126984126984
20956,0.813903,0.0
20957,0.339226,0.18028465998945703
20958,0.59191847,0.017241379310344827
20959,0.34584463,0.21052631578947367
20960,0.8855593,0.0
20961,0.9073698,0.25
20962,0.34140617,0.0024647887323943664
20963,0.7673839,0.0
20964,0.76965266,0.0
20965,0.70950496,0.0
20966,0.8932617,0.10714285714285714
20967,0.826611,0.0625
20968,0.9116975,0.0
20969,0.29782403,0.071415424259157
20970,0.27689362,0.0
20971,0.91728497,0.0
20972,0.871017,0.25223880597014925
20973,0.17469822,0.9459161147902869
20974,0.85449696,0.0
20975,0.9363607,0.0
20976,0.28523386,0.0004338394793926247
20977,0.47886655,0.0
20978,0.47084215,0.125
20979,0.74024665,0.0
20980,0.87677824,0.03571428571428571
20981,0.32999822,0.0
20982,0.78858894,0.0
20983,0.13848966,0.41096317869773247
20984,0.595357,0.0
20985,0.8928299,0.41346153846153844
20986,0.20327502,0.0
20987,0.9143488,0.0
20988,0.17070924,0.0017772511848341231
20989,0.3038833,0.0
20990,0.33847913,0.6782711988304093
20991,0.9334867,0.058823529411764705
20992,0.22102116,0.0
20993,0.2701891,0.014965986394557823
20994,0.33234304,0.0
20995,0.25432238,0.4616140350877193
20996,0.5109073,0.00033433634236041456
20997,0.38624457,0.9947002923976608
20998,0.22120681,0.5651576246334311
20999,0.8609142,0.0
21000,0.4707428,0.0
21001,0.8098527,0.0
21002,0.59760964,0.0
21003,0.30191824,0.003085417343293277
21004,0.86611646,0.0
21005,0.34603593,0.03753846153846154
21006,0.29345995,0.0
21007,0.7542573,0.17572254335260115
21008,0.6667429,0.0
21009,0.85235816,0.0
21010,0.490453,9.303190994511117e-05
21011,0.8797113,0.0
21012,0.7539567,0.0
21013,0.35181043,0.0
21014,0.5290881,0.02962962962962963
21015,0.8118983,0.0
21016,0.54732424,0.0
21017,0.22791688,0.0
21018,0.8346824,0.0
21019,0.88144827,0.034482758620689655
21020,0.7754525,0.0
21021,0.88442844,0.028169014084507043
21022,0.85794526,0.14948453608247422
21023,0.8853796,0.3
21024,0.9149617,0.0
21025,0.5975686,0.0
21026,0.4412953,0.16666666666666666
21027,0.8934941,0.0
21028,0.49253613,0.0
21029,0.42930964,0.006134969325153374
21030,0.6204455,0.0
21031,0.8983139,0.14285714285714285
21032,0.8544337,0.0
21033,0.4188923,0.0
21034,0.1858011,0.5220702517873795
21035,0.59456575,0.06029285099052541
21036,0.4407868,0.0
21037,0.39301887,0.014084507042253521
21038,0.7827734,0.0
21039,0.81762123,0.6505376344086021
21040,0.9053889,0.05154639175257732
21041,0.20745535,0.0
21042,0.7914384,0.7306523681858802
21043,0.6471895,0.00847457627118644
21044,0.736808,0.028535980148883373
21045,0.201157,0.0
21046,0.9267107,0.0
21047,0.860108,0.0
21048,0.8946656,0.0
21049,0.8144255,0.0
21050,0.7723875,0.0
21051,0.5003391,0.0
21052,0.2295523,0.0
21053,0.19251645,0.9958881578947368
21054,0.50136214,0.07764198418404025
21055,0.62254226,0.10810810810810811
21056,0.44003657,0.0
21057,0.7740325,0.0
21058,0.39923984,0.004428044280442804
21059,0.42856008,9.164222873900293e-05
21060,0.77806467,0.07142857142857142
21061,0.54521227,0.05263157894736842
21062,0.90956974,0.0
21063,0.74509096,0.0
21064,0.44643918,0.10599793174767322
21065,0.8758705,0.0
21066,0.68045795,0.0
21067,0.7889448,0.022727272727272728
21068,0.37166888,0.0
21069,0.7622185,0.0
21070,0.770825,0.0
21071,0.15318277,0.0
21072,0.85331964,0.0
21073,0.9049287,0.0
21074,0.73477405,0.0
21075,0.87749225,0.0
21076,0.36358407,0.0
21077,0.8300084,0.26741573033707866
21078,0.80089647,0.08333333333333333
21079,0.8569852,0.23893805309734514
21080,0.62716025,0.023255813953488372
21081,0.86696386,0.009433962264150943
21082,0.8366787,0.0
21083,0.6998434,0.014705882352941176
21084,0.1646471,0.0
21085,0.24816495,0.052124241342377725
21086,0.8213171,0.16455696202531644
21087,0.91220564,0.3333333333333333
21088,0.26498157,0.0
21089,0.5664841,0.004608294930875576
21090,0.35530317,0.0
21091,0.88521373,0.3580071174377224
21092,0.8959026,0.17535545023696683
21093,0.5666836,0.011857707509881422
21094,0.63868314,0.0
21095,0.8515568,0.18840579710144928
21096,0.49256015,0.0
21097,0.21829022,0.0
21098,0.81999034,0.0
21099,0.36641744,0.043076923076923075
21100,0.6571115,0.0
21101,0.83405066,0.0
21102,0.448542,0.0
21103,0.74031544,0.0
21104,0.8123748,0.07547169811320754
21105,0.7652732,0.012345679012345678
21106,0.40695697,0.06423034330011074
21107,0.8985286,0.2620689655172414
21108,0.18897824,0.0
21109,0.5577965,0.12126537785588752
21110,0.92914563,0.008771929824561403
21111,0.6162489,0.0
21112,0.95728743,0.32491582491582494
21113,0.8924707,0.0
21114,0.49210647,0.07291666666666667
21115,0.30850202,0.0
21116,0.77283055,0.3225806451612903
21117,0.47442412,0.0
21118,0.1947698,0.0
21119,0.88644975,0.0
21120,0.25620255,0.045454545454545456
21121,0.8806824,0.06521739130434782
21122,0.88702494,0.0
21123,0.849484,0.0
21124,0.5932399,0.005714812425108305
21125,0.8276401,0.2
21126,0.5079245,0.0
21127,0.4019201,0.0
21128,0.1431183,0.3707853179684166
21129,0.4947853,0.0
21130,0.57538813,0.17522658610271905
21131,0.18231878,0.0
21132,0.94782865,0.34533702677746997
21133,0.24746762,0.0
21134,0.71531385,0.015306122448979591
21135,0.53080213,0.0
21136,0.43949425,0.06698564593301436
21137,0.31040737,0.9966188430960431
21138,0.38306808,0.0
21139,0.8460975,0.0
21140,0.17222753,0.0
21141,0.8551053,0.0
21142,0.9271132,0.021592442645074223
21143,0.86510146,0.1038961038961039
21144,0.7815465,0.018867924528301886
21145,0.83255744,0.0
21146,0.82379407,0.0
21147,0.25317153,0.0
21148,0.7984285,0.0
21149,0.9117063,0.0
21150,0.8206337,0.029411764705882353
21151,0.8673586,0.16296296296296298
21152,0.63227046,0.0
21153,0.8928483,0.1
21154,0.2010286,0.0
21155,0.71033525,0.0
21156,0.9121703,0.007220216606498195
21157,0.7002231,0.0
21158,0.266643,0.0
21159,0.8699865,0.0
21160,0.9658942,0.2593856655290102
21161,0.16438241,0.0
21162,0.47506398,0.06771263418662263
21163,0.49495062,0.0
21164,0.8790804,0.0
21165,0.89800495,0.0
21166,0.31122315,0.0
21167,0.72970814,0.16666666666666666
21168,0.7885545,0.2692307692307692
21169,0.37630677,0.0
21170,0.81711435,0.0
21171,0.72902626,0.0
21172,0.5925698,0.0
21173,0.5645418,0.024390243902439025
21174,0.32227194,0.19280908326324642
21175,0.68353736,0.0
21176,0.35460725,0.0
21177,0.74827904,0.25
21178,0.9126425,0.125
21179,0.8180017,0.0
21180,0.5181946,0.0
21181,0.8457005,0.0
21182,0.52140814,0.053763440860215055
21183,0.36741093,0.0015138612924590785
21184,0.480935,0.12162162162162163
21185,0.88802075,0.3333333333333333
21186,0.39266792,0.016483516483516484
21187,0.74311703,0.0
21188,0.5425316,0.0
21189,0.84024453,0.0
21190,0.46105322,0.27831594634873325
21191,0.926824,0.0
21192,0.76630193,0.0
21193,0.7075951,0.01282051282051282
21194,0.46009672,0.21313097987462884
21195,0.2095302,0.0
21196,0.40688515,0.0
21197,0.32234654,0.0
21198,0.94135326,0.2875
21199,0.70588285,0.0
21200,0.6490015,0.0
21201,0.5276041,0.0196078431372549
21202,0.9080772,0.0
21203,0.7897184,0.2682926829268293
21204,0.8214626,0.0
21205,0.76448184,0.0
21206,0.19372596,0.0
21207,0.7517437,0.25
21208,0.9312377,0.0
21209,0.82251596,0.0
21210,0.1340766,0.013502700540108022
21211,0.16885976,0.009900990099009901
21212,0.4503466,0.0
21213,0.58898085,0.0784313725490196
21214,0.20172882,0.0
21215,0.7479806,0.0
21216,0.8618257,0.013157894736842105
21217,0.34752008,0.0
21218,0.8275773,0.0007407407407407407
21219,0.18935369,0.0
21220,0.27142,0.00037230081906180194
21221,0.80872345,0.0
21222,0.6505508,0.0
21223,0.32361758,0.07236842105263158
21224,0.23964608,0.5314928238413018
21225,0.81366,0.0
21226,0.29608813,0.7053579550623124
21227,0.793646,0.08333333333333333
21228,0.19783647,0.9842821895275519
21229,0.30488303,0.0
21230,0.85093427,0.05263157894736842
21231,0.3536521,0.07471479334206096
21232,0.46833366,0.0
21233,0.25216195,0.054982817869415807
21234,0.32124504,0.032467532467532464
21235,0.7664771,0.0
21236,0.9012359,0.0
21237,0.7500014,0.08287292817679558
21238,0.301592,0.0
21239,0.8325486,0.0
21240,0.8401896,0.0
21241,0.44154397,0.5433598659405111
21242,0.6531603,0.0
21243,0.48273882,0.0
21244,0.840015,0.09523809523809523
21245,0.48265928,0.0
21246,0.33747908,0.0
21247,0.7187971,0.0
21248,0.48523176,0.0041841004184100415
21249,0.24590129,0.023961661341853034
21250,0.73024535,0.02857142857142857
21251,0.49113947,0.9989035087719298
21252,0.70978636,0.03225806451612903
21253,0.29904848,0.008522727272727272
21254,0.47613916,0.0
21255,0.20686917,0.7955526968666727
21256,0.76456815,0.20588235294117646
21257,0.6993686,0.0
21258,0.9103596,0.01639344262295082
21259,0.86295474,0.21875
21260,0.27309015,0.9900402046783626
21261,0.24726704,0.04784688995215311
21262,0.9489385,0.0547945205479452
21263,0.37233457,0.02131782945736434
21264,0.80931926,0.0
21265,0.56886953,0.0
21266,0.63600963,0.0
21267,0.87293893,0.0
21268,0.5144725,0.0
21269,0.8473254,0.0
21270,0.7129668,0.0
21271,0.90374696,0.2074688796680498
21272,0.5078754,0.0
21273,0.55849874,0.0
21274,0.32536405,0.1300639658848614
21275,0.89171934,0.1
21276,0.6010895,0.030303030303030304
21277,0.3496756,0.0694980694980695
21278,0.27781463,0.0014705882352941176
21279,0.35109463,0.12379110251450677
21280,0.27697855,0.0
21281,0.65861166,0.0
21282,0.81545156,0.0
21283,0.23033285,0.0
21284,0.6019766,0.07336508518043598
21285,0.43075627,0.0
21286,0.6656188,0.07272727272727272
21287,0.70053303,0.0
21288,0.70250875,0.0
21289,0.84734774,0.0
21290,0.73868006,0.0
21291,0.41097605,0.10743801652892562
21292,0.2265547,0.0
21293,0.1407396,0.0
21294,0.38463417,0.0033311125916055963
21295,0.889261,0.18181818181818182
21296,0.6264637,0.10333333333333333
21297,0.87278515,0.08333333333333333
21298,0.9107068,0.0625
21299,0.6164447,0.0
21300,0.922384,0.0
21301,0.35609305,0.00046728971962616824
21302,0.813626,0.0
21303,0.2802129,0.0016566576931041624
21304,0.6312519,0.1791044776119403
21305,0.35461712,1.0
21306,0.66127276,0.0
21307,0.67356485,0.18075801749271136
21308,0.65389884,0.0
21309,0.7311036,0.019230769230769232
21310,0.20128156,0.045454545454545456
21311,0.24661,0.0
21312,0.8523105,0.0
21313,0.33904514,0.0
21314,0.18692762,0.0
21315,0.93004847,0.36456509048453006
21316,0.8827164,0.14457831325301204
21317,0.7707777,0.18518518518518517
21318,0.56267804,0.0
21319,0.20682883,0.0
21320,0.28511426,0.006230529595015576
21321,0.80546784,0.0
21322,0.7999622,0.125
21323,0.1942849,0.7629241843507526
21324,0.13114412,0.3662753662753663
21325,0.85023147,0.3488372093023256
21326,0.23853444,0.019801980198019802
21327,0.25019976,0.08108108108108109
21328,0.774545,0.15873015873015872
21329,0.48275876,0.05555555555555555
21330,0.86095786,0.0
21331,0.8488996,0.004833512352309345
21332,0.5767831,0.0
21333,0.6121662,0.0
21334,0.85339653,0.0
21335,0.8107903,0.0
21336,0.8686227,0.6
21337,0.21306163,0.0
21338,0.38408983,0.13793103448275862
21339,0.8573861,0.0
21340,0.79818434,0.11538461538461539
21341,0.506044,0.0
21342,0.40830255,0.02247191011235955
21343,0.13693649,0.0
21344,0.7824675,0.0
21345,0.6837306,0.0
21346,0.4774312,0.0
21347,0.85942197,0.029411764705882353
21348,0.8787163,0.14285714285714285
21349,0.5957698,0.0
21350,0.18955582,0.8725002347197446
21351,0.30343634,0.05303030303030303
21352,0.84237343,0.1111111111111111
21353,0.5288471,0.0
21354,0.82337606,0.07894736842105263
21355,0.8972729,0.0
21356,0.29884285,0.0
21357,0.56141615,0.0
21358,0.65334725,0.0
21359,0.5534819,0.0
21360,0.6460389,0.0
21361,0.24547555,0.0
21362,0.8308685,0.0
21363,0.6401299,0.0
21364,0.816047,0.0
21365,0.9096568,0.125
21366,0.43298748,0.22053083528493364
21367,0.22477236,0.0
21368,0.24606188,0.0
21369,0.21692814,0.03773584905660377
21370,0.8881878,0.1
21371,0.20772623,0.0013166556945358788
21372,0.3503121,0.02385008517887564
21373,0.31646112,0.0
21374,0.92863125,0.3412091730368311
21375,0.6274774,0.11702127659574468
21376,0.22495882,0.0
21377,0.374179,0.19026742656729503
21378,0.7591212,0.0
21379,0.5119532,0.17413989890754933
21380,0.8972234,0.0
21381,0.6664374,0.0
21382,0.70764965,0.15
21383,0.19776516,0.0
21384,0.81535673,0.021739130434782608
21385,0.77432996,0.0
21386,0.48317313,0.0651153083585516
21387,0.42240497,0.037037037037037035
21388,0.35196382,0.0
21389,0.54883343,0.046875
21390,0.18647991,0.0
21391,0.33834594,0.0
21392,0.8261231,0.0
21393,0.67823935,0.058823529411764705
21394,0.28857145,0.0
21395,0.24204609,0.0
21396,0.87467086,0.0
21397,0.57248044,0.0002314546927438954
21398,0.8371765,0.0
21399,0.936863,0.2561576354679803
21400,0.21303357,0.0
21401,0.29709145,0.0
21402,0.78369427,0.0
21403,0.86588424,0.0
21404,0.7133444,0.0
21405,0.8811665,0.1111111111111111
21406,0.5741946,0.0
21407,0.18244025,0.19355436191887387
21408,0.79635954,0.17587939698492464
21409,0.896288,0.0
21410,0.33943966,0.047619047619047616
21411,0.8695027,0.0
21412,0.79493284,0.14285714285714285
21413,0.8026099,0.0
21414,0.8353709,0.28700906344410876
21415,0.7179926,0.036036036036036036
21416,0.66523415,0.00501432664756447
21417,0.51953673,0.03636363636363636
21418,0.8083782,0.0
21419,0.3360392,0.0
21420,0.9315651,0.0
21421,0.6936267,0.07319078947368421
21422,0.6872167,0.22535211267605634
21423,0.9012505,0.0
21424,0.77765816,0.00010783996549121104
21425,0.34853917,0.0
21426,0.70158243,0.0
21427,0.88938385,0.07692307692307693
21428,0.20556931,0.0
21429,0.5525435,0.045136186770428015
21430,0.38589156,0.07320201557489693
21431,0.34410343,0.0
21432,0.7327418,0.0
21433,0.51280993,0.0
21434,0.5916259,0.0
21435,0.43632954,0.010351966873706004
21436,0.70712626,0.2
21437,0.36553663,0.0
21438,0.9282015,0.21153846153846154
21439,0.18609212,0.21267376782812783
21440,0.4849582,0.032432432432432434
21441,0.9043283,0.13043478260869565
21442,0.81924844,0.0
21443,0.8929253,0.0
21444,0.46103445,0.0
21445,0.7311198,0.0
21446,0.8074218,0.0
21447,0.3825083,0.2857142857142857
21448,0.62511677,0.0
21449,0.8929034,0.0
21450,0.71548283,0.06818181818181818
21451,0.5484486,0.0
21452,0.6844684,0.06382978723404255
21453,0.54070985,0.1661721068249258
21454,0.14782882,0.0
21455,0.3414784,0.01639344262295082
21456,0.3156386,0.9974415204678363
21457,0.4863575,0.1266891891891892
21458,0.78238654,0.0
21459,0.18365468,0.0
21460,0.85457474,0.0
21461,0.27500722,0.0
21462,0.954284,0.24287484510532836
21463,0.8890459,0.058823529411764705
21464,0.45602366,0.0
21465,0.89395136,0.14285714285714285
21466,0.942888,0.1111111111111111
21467,0.75676525,0.0
21468,0.27698895,0.40856536101934876
21469,0.83660805,0.0
21470,0.41890708,0.7108918128654971
21471,0.6949035,0.0
21472,0.38169143,0.09558823529411764
21473,0.6050308,0.0392156862745098
21474,0.760089,0.0
21475,0.8725442,0.014925373134328358
21476,0.1950128,0.8781112737920937
21477,0.692269,0.0
21478,0.3336727,0.0006623978803267829
21479,0.3767272,0.0
21480,0.6015638,0.1111111111111111
21481,0.70359015,0.058823529411764705
21482,0.8548663,0.05555555555555555
21483,0.54740405,0.0
21484,0.902261,0.0
21485,0.28645524,0.0
21486,0.7214694,0.0
21487,0.30049255,0.0
21488,0.2949905,0.0
21489,0.22228661,0.0
21490,0.49526227,0.06403940886699508
21491,0.38667083,0.9992690058479532
21492,0.7972525,0.0
21493,0.88525605,0.0
21494,0.6036548,0.0
21495,0.27584928,0.0
21496,0.43930826,0.0
21497,0.5037982,0.075
21498,0.9251281,0.2912280701754386
21499,0.93008333,0.0
21500,0.20694028,0.0
21501,0.43087164,0.10880436429762085
21502,0.31792927,0.0
21503,0.5000718,0.12118163526614231
21504,0.45055932,0.0
21505,0.8143883,0.0
21506,0.39436272,0.037037037037037035
21507,0.835823,0.0
21508,0.8186394,0.0
21509,0.7953878,0.3333333333333333
21510,0.9172976,0.2
21511,0.56390977,0.10061182868796736
21512,0.8308358,0.25
21513,0.21985513,0.977387164698343
21514,0.25248978,0.0
21515,0.8136659,0.0
21516,0.8662125,0.0
21517,0.75640863,0.25
21518,0.5595188,0.9926887223542314
21519,0.54647994,0.03245942571785269
21520,0.37240097,0.00390625
21521,0.9361687,0.3128536782538399
21522,0.55122286,0.11698789780367548
21523,0.229786,0.0
21524,0.2392041,0.10869565217391304
21525,0.37601507,0.07413234613604812
21526,0.84140974,0.0
21527,0.8571656,0.0
21528,0.8913738,0.05925925925925926
21529,0.9472557,0.24107142857142858
21530,0.2544994,0.0
21531,0.8876401,0.20512820512820512
21532,0.91480505,0.251063829787234
21533,0.46736723,0.0
21534,0.79357177,0.0
21535,0.9214678,0.4
21536,0.12691145,0.04260355029585799
21537,0.7618161,0.0
21538,0.6604757,0.0945945945945946
21539,0.83264995,0.0
21540,0.44302544,0.04723618090452261
21541,0.7670123,0.0
21542,0.24329636,0.0
21543,0.18769638,0.0
21544,0.791415,0.5
21545,0.3603772,0.08767405879319237
21546,0.40215924,0.013150500168596157
21547,0.4730515,0.014705882352941176
21548,0.55344707,0.0751151640500141
21549,0.17839983,0.0
21550,0.20646107,0.001352569882777277
21551,0.86857826,0.0
21552,0.25550634,0.0016561775422325273
21553,0.41485178,0.0
21554,0.7710248,0.0
21555,0.5689291,0.0
21556,0.7066757,0.0
21557,0.89643866,0.0
21558,0.21421322,0.03977272727272727
21559,0.89599377,0.0
21560,0.23422915,0.0
21561,0.77144796,0.0
21562,0.53123534,0.0018093407214746127
21563,0.20684062,0.0
21564,0.39448678,0.0
21565,0.316966,0.019617380025940337
21566,0.9271962,0.14285714285714285
21567,0.44547707,0.2315668202764977
21568,0.5416416,0.0
21569,0.89795774,0.075
21570,0.50799066,0.0
21571,0.8724837,0.0
21572,0.37142235,0.0
21573,0.4459957,0.0
21574,0.85345787,0.0
21575,0.9253831,0.0
21576,0.44682947,0.0
21577,0.33579496,0.0196078431372549
21578,0.70587355,0.0017094017094017094
21579,0.94141114,0.16666666666666666
21580,0.9117119,0.0
21581,0.3680002,0.0
21582,0.4179982,0.0
21583,0.23738144,0.0
21584,0.65657884,9.971083856815236e-05
21585,0.6377831,0.0
21586,0.34873688,0.008
21587,0.8977569,0.0
21588,0.55277485,0.0
21589,0.3735771,0.0
21590,0.39023826,0.03333333333333333
21591,0.7100423,0.0
21592,0.4575229,0.0
21593,0.4169087,0.0010056026432983766
21594,0.4065596,0.0
21595,0.34638107,0.06741573033707865
21596,0.4864606,0.0
21597,0.7270322,0.009433962264150943
21598,0.9038866,0.15384615384615385
21599,0.21734911,0.0
21600,0.9094109,0.0
21601,0.24701686,0.9829130116959064
21602,0.51881117,0.037037037037037035
21603,0.8186788,0.0
21604,0.36306787,0.05303030303030303
21605,0.2973953,0.9949972712388575
21606,0.26058757,0.07194713328369322
21607,0.83020186,0.8333333333333334
21608,0.56827086,0.12376237623762376
21609,0.25473607,0.030303030303030304
21610,0.184487,0.0
21611,0.87101465,0.3372093023255814
21612,0.16115624,0.0
21613,0.24214458,0.0
21614,0.82890844,0.04316546762589928
21615,0.59692705,0.0
21616,0.34862617,0.0
21617,0.8454424,0.0
21618,0.14408565,0.0
21619,0.72907466,0.05
21620,0.61580783,0.0
21621,0.2282312,0.0
21622,0.8375804,0.3333333333333333
21623,0.2598508,0.0
21624,0.7103515,0.096045197740113
21625,0.80287236,0.023529411764705882
21626,0.33566135,0.0
21627,0.5288987,0.0
21628,0.5915826,0.006700167504187605
21629,0.63224375,0.0
21630,0.8925426,0.2
21631,0.18878883,0.0015306723183798423
21632,0.88988596,0.0
21633,0.5695334,0.0005162622612287042
21634,0.8006335,0.10144927536231885
21635,0.5142366,0.024390243902439025
21636,0.18847917,0.009478672985781991
21637,0.3061816,0.6585414189456996
21638,0.28678894,0.003988035892323031
21639,0.9096635,0.0
21640,0.89221287,0.0
21641,0.2803052,0.0
21642,0.63929665,0.13333333333333333
21643,0.83063465,0.0
21644,0.90664196,0.1588785046728972
21645,0.51498693,0.0
21646,0.54179084,0.0
21647,0.6348572,0.0
21648,0.7372791,0.0
21649,0.6234375,0.046357615894039736
21650,0.25505406,0.07125307125307126
21651,0.5524636,0.004934210526315789
21652,0.70233184,0.0
21653,0.2346613,0.0
21654,0.89890754,0.04
21655,0.8745507,0.0
21656,0.26614988,0.0
21657,0.6824315,0.0
21658,0.6873313,0.0
21659,0.2517963,0.02564102564102564
21660,0.14136447,0.20979786916260082
21661,0.7420636,0.0
21662,0.2504748,0.8208428680396643
21663,0.19748536,0.014892362135063402
21664,0.2594092,0.054613935969868174
21665,0.3993633,0.08056872037914692
21666,0.18902119,0.01808785529715762
21667,0.56619245,0.04819277108433735
21668,0.66084653,0.04054054054054054
21669,0.75943774,0.00819672131147541
21670,0.6186959,0.0
21671,0.8547836,0.19377162629757785
21672,0.9194894,0.23504273504273504
21673,0.65927553,0.0
21674,0.8767605,0.08695652173913043
21675,0.29559457,0.08
21676,0.29263523,0.0
21677,0.8498893,0.15151515151515152
21678,0.6110824,0.07366194592606216
21679,0.611498,0.0
21680,0.23119472,0.0
21681,0.4076429,0.0
21682,0.85625607,0.13636363636363635
21683,0.79115444,0.0
21684,0.4434876,0.0
21685,0.7423655,0.0
21686,0.80147445,0.2648648648648649
21687,0.73988426,0.30067567567567566
21688,0.16900976,0.0
21689,0.8826135,0.10638297872340426
21690,0.17684004,0.0
21691,0.8202726,0.03225806451612903
21692,0.68914723,0.0
21693,0.2845094,0.0
21694,0.5570444,0.0
21695,0.44682187,0.0
21696,0.19021733,0.6330452372195661
21697,0.9331612,0.015651201788708775
21698,0.27288955,0.0
21699,0.22333163,0.0005307855626326964
21700,0.50507414,0.03508771929824561
21701,0.43346834,0.001184834123222749
21702,0.46620393,0.0
21703,0.8197228,0.0
21704,0.8426207,0.0
21705,0.8758545,0.0
21706,0.35505384,0.027616279069767442
21707,0.46806157,0.0
21708,0.6022631,0.0
21709,0.8920587,0.0
21710,0.23046955,0.0004329004329004329
21711,0.58075815,0.028397565922920892
21712,0.8433925,0.12962962962962962
21713,0.296092,0.0
21714,0.21620409,0.0
21715,0.53498805,0.08571428571428572
21716,0.82813245,0.07112375533428165
21717,0.864481,0.0
21718,0.4242656,0.2084798749511528
21719,0.14772028,0.0018298261665141812
21720,0.38398388,0.03225806451612903
21721,0.4479846,0.12903225806451613
21722,0.88453877,0.0
21723,0.96329075,0.3002832861189802
21724,0.8339746,0.2222222222222222
21725,0.8681349,0.0
21726,0.8684402,0.0
21727,0.85711473,0.0
21728,0.45617586,0.012195121951219513
21729,0.4953021,1.0
21730,0.8911364,0.0
21731,0.5368047,0.0
21732,0.43329763,0.1298535338641502
21733,0.74275297,0.0
21734,0.8340766,0.1724137931034483
21735,0.45938846,0.0
21736,0.9306919,0.3163716814159292
21737,0.27996495,0.01996007984031936
21738,0.8810803,0.0
21739,0.22313116,0.033011272141706925
21740,0.85537004,0.0
21741,0.3564639,0.04424778761061947
21742,0.80308044,0.0
21743,0.25904998,0.0
21744,0.25475612,0.0
21745,0.7828934,0.0
21746,0.29993784,0.0
21747,0.36831003,0.0
21748,0.81978184,0.0
21749,0.29019856,0.041666666666666664
21750,0.7524053,0.2727272727272727
21751,0.82279813,0.0
21752,0.1991458,0.4264033644176266
21753,0.43126187,0.00012823800974608873
21754,0.83616465,0.0
21755,0.3041127,0.0
21756,0.7393121,0.09433962264150944
21757,0.25672492,0.0
21758,0.85925716,0.2
21759,0.68653566,0.0
21760,0.5548391,0.0
21761,0.38792583,0.0733852496564361
21762,0.4715736,0.10374261326329613
21763,0.9008021,0.0
21764,0.54194295,0.0
21765,0.9133565,0.029411764705882353
21766,0.73755395,0.0
21767,0.72154766,0.0
21768,0.27256876,0.0
21769,0.8835143,0.0
21770,0.1845953,0.0
21771,0.62380743,0.09090909090909091
21772,0.612219,0.11275626423690205
21773,0.9457183,0.23308270676691728
21774,0.62524045,0.016260162601626018
21775,0.25314236,0.0390625
21776,0.83941233,0.0
21777,0.3505044,0.16024413595021542
21778,0.48461157,0.0
21779,0.5325311,0.0
21780,0.30030993,0.0
21781,0.20682324,0.0
21782,0.80525273,0.03076923076923077
21783,0.79424024,0.0
21784,0.22249232,0.0
21785,0.75149924,0.0
21786,0.3424358,0.0
21787,0.41420066,0.017183570829840736
21788,0.38798442,0.006060606060606061
21789,0.45851657,0.0
21790,0.5808886,0.08298755186721991
21791,0.34200504,0.00356359649122807
21792,0.6274553,0.0
21793,0.89843345,0.5
21794,0.6036739,0.1245136186770428
21795,0.40007716,0.0
21796,0.6072176,0.16666666666666666
21797,0.53404266,0.1736111111111111
21798,0.21426214,0.4513347399321163
21799,0.84829867,0.05
21800,0.3922297,0.0
21801,0.44593596,0.06341463414634146
21802,0.79242253,0.03680981595092025
21803,0.91141737,0.03816793893129771
21804,0.29472843,0.08287292817679558
21805,0.40939337,0.0
21806,0.90087205,0.2
21807,0.7891707,0.18461538461538463
21808,0.1797238,0.250625
21809,0.617601,0.0
21810,0.8528943,0.0
21811,0.57500947,0.045454545454545456
21812,0.515659,0.030927835051546393
21813,0.8463815,0.16666666666666666
21814,0.89273286,0.0
21815,0.68905616,0.008149010477299184
21816,0.6639942,0.0
21817,0.7326066,0.0
21818,0.70276064,0.0
21819,0.7061706,0.0
21820,0.86815315,0.16666666666666666
21821,0.63698626,0.0
21822,0.27293912,0.0
21823,0.7507195,0.0
21824,0.8622971,0.0
21825,0.3771399,0.04994388327721661
21826,0.26926482,0.18459416863672182
21827,0.9092212,0.0
21828,0.8392741,0.0
21829,0.61676407,0.0
21830,0.39100516,0.04419889502762431
21831,0.8713163,1.0
21832,0.35806662,0.0
21833,0.17815219,0.3469040712213664
21834,0.67355937,0.0
21835,0.5006329,0.0
21836,0.4335984,0.0
21837,0.8299638,0.6666666666666666
21838,0.29811522,0.015503875968992248
21839,0.8637859,0.0
21840,0.3848465,0.00577240241891149
21841,0.79914945,0.07936507936507936
21842,0.869726,0.08333333333333333
21843,0.90178216,0.0
21844,0.18219171,0.9259326660600546
21845,0.9183621,0.16666666666666666
21846,0.6365047,0.0
21847,0.57781124,0.2313803376365442
21848,0.68468845,0.0
21849,0.9048336,0.0
21850,0.41891596,0.0
21851,0.8243856,0.0
21852,0.4907476,0.08300738809213386
21853,0.17722689,0.0
21854,0.2446889,0.0
21855,0.36734828,0.0
21856,0.37284485,0.007874015748031496
21857,0.29678193,0.045454545454545456
21858,0.31457755,0.0
21859,0.23101856,0.0
21860,0.14410564,0.3319231122965143
21861,0.44664788,0.024464831804281346
21862,0.82718307,0.10204081632653061
21863,0.84476185,0.3333333333333333
21864,0.4164864,0.0
21865,0.35185537,9.94431185361973e-05
21866,0.41413704,0.014344262295081968
21867,0.43157664,0.0
21868,0.89780575,0.04833836858006042
21869,0.2132053,0.0
21870,0.13525811,0.13021040095275904
21871,0.3356,0.07407407407407407
21872,0.48718083,0.034482758620689655
21873,0.6895212,0.0
21874,0.5064567,0.023809523809523808
21875,0.6992394,0.06707317073170732
21876,0.14259794,0.12304038004750593
21877,0.765723,0.03225806451612903
21878,0.8220951,0.0
21879,0.60263216,0.02564102564102564
21880,0.89667743,0.15384615384615385
21881,0.7300945,0.0
21882,0.8375771,0.0
21883,0.47780412,0.0
21884,0.9042034,0.08333333333333333
21885,0.8803938,0.0
21886,0.25698176,0.11170679403450628
21887,0.8871842,0.1220472440944882
21888,0.1859802,0.0
21889,0.74262875,0.0
21890,0.7459471,0.0625
21891,0.80862427,0.2949640287769784
21892,0.5514317,0.0
21893,0.19242586,0.0
21894,0.6637173,0.0
21895,0.14170563,0.6086677072812414
21896,0.59461564,0.0
21897,0.25633723,0.019801980198019802
21898,0.34900698,0.0
21899,0.22503386,0.07900677200902935
21900,0.5208395,0.014285714285714285
21901,0.17890008,0.0
21902,0.86021453,1.0
21903,0.35624948,0.0
21904,0.5185913,0.0
21905,0.12704146,0.0
21906,0.8983579,0.045454545454545456
21907,0.75204295,0.0
21908,0.64611596,0.0
21909,0.371059,0.0
21910,0.9343364,0.3983739837398374
21911,0.38457787,0.05442398566074629
21912,0.79981536,0.25
21913,0.29388344,0.30434326479227863
21914,0.1721829,0.0
21915,0.8159672,0.0
21916,0.67078954,0.0
21917,0.82807535,0.038461538461538464
21918,0.6787428,0.0
21919,0.4350632,0.0
21920,0.8616667,0.06521739130434782
21921,0.8744774,0.5
21922,0.5527346,0.0
21923,0.6958769,0.0
21924,0.8786222,0.37117903930131
21925,0.70221525,0.2653061224489796
21926,0.5664416,0.13989637305699482
21927,0.30020073,0.0
21928,0.7629413,0.0
21929,0.8948444,0.2
21930,0.30586666,0.02830188679245283
21931,0.80442464,0.0
21932,0.6290446,0.0
21933,0.8948069,0.022048364153627313
21934,0.9017449,0.12065439672801637
21935,0.7744153,0.0
21936,0.7164755,0.0
21937,0.8484449,0.0
21938,0.74790156,0.0
21939,0.18786621,0.7372749703006488
21940,0.84548676,0.0
21941,0.22883312,0.0
21942,0.58032364,0.0
21943,0.71575326,0.0
21944,0.18002479,0.0
21945,0.47983196,0.0
21946,0.4004799,0.0
21947,0.2308067,0.012145748987854251
21948,0.91860443,0.0
21949,0.3066149,0.0014245014245014246
21950,0.57998294,0.0
21951,0.6838554,0.06779661016949153
21952,0.20041814,0.0
21953,0.75290257,0.6666666666666666
21954,0.7697891,0.0
21955,0.24676687,0.0007547169811320754
21956,0.88008845,0.0
21957,0.76576054,0.0
21958,0.6323574,0.0
21959,0.812784,0.25
21960,0.96576303,0.3435225618631732
21961,0.24660118,0.0
21962,0.5420971,0.0
21963,0.776978,0.0
21964,0.8723528,0.0
21965,0.14453137,0.0
21966,0.9048021,0.0
21967,0.7852927,0.2
21968,0.6219869,0.04
21969,0.91598576,0.09523809523809523
21970,0.8530759,0.0
21971,0.7250886,0.0
21972,0.16327593,0.1578172761236273
21973,0.715724,0.07389980625518959
21974,0.3451716,0.0
21975,0.7409883,0.0
21976,0.75806695,0.058823529411764705
21977,0.88857824,0.045454545454545456
21978,0.27961072,0.0
21979,0.88800687,0.0
21980,0.55643576,0.16666666666666666
21981,0.44708028,0.04
21982,0.22145711,0.898798054867419
21983,0.38673806,0.0
21984,0.8590617,0.0
21985,0.3089633,0.6299642573471008
21986,0.871154,0.0
21987,0.12897295,0.0
21988,0.20382556,0.0
21989,0.4970279,0.3108974358974359
21990,0.531,0.14285714285714285
21991,0.9285953,0.45711759504862953
21992,0.26280582,0.8413976035854752
21993,0.7511284,0.0
21994,0.19303519,0.0
21995,0.60931057,0.0
21996,0.20693944,0.7036495015091924
21997,0.83666354,0.0
21998,0.3808926,0.0
21999,0.9249119,0.2777129521586931
22000,0.5428424,0.0
22001,0.28722218,0.0
22002,0.44745696,0.0
22003,0.19268097,0.009302325581395349
22004,0.57112634,0.03076923076923077
22005,0.8522576,0.1
22006,0.16014047,0.07142857142857142
22007,0.19897164,0.0
22008,0.77125454,0.0
22009,0.3907578,0.2574772431729519
22010,0.21432732,0.0
22011,0.57532865,0.0
22012,0.85804576,0.0
22013,0.26050258,0.0
22014,0.65429604,0.13708260105448156
22015,0.8895687,0.0
22016,0.4112487,0.0
22017,0.6538806,0.1289198606271777
22018,0.8488768,0.0
22019,0.30397758,0.0
22020,0.22593246,0.0
22021,0.46337512,0.0
22022,0.6397157,0.0
22023,0.3257017,0.0
22024,0.657507,0.0
22025,0.41599274,0.0
22026,0.3251867,0.004672897196261682
22027,0.49339822,0.0
22028,0.52201515,0.0
22029,0.6058342,0.0
22030,0.39865747,0.0
22031,0.6200094,0.2564102564102564
22032,0.71892303,0.07259096727006766
22033,0.87792635,0.1318181818181818
22034,0.85509485,0.0
22035,0.32041645,0.08354430379746836
22036,0.6745928,0.0066298342541436465
22037,0.8128412,0.0
22038,0.51142204,0.0
22039,0.79711294,0.0
22040,0.72896653,0.5
22041,0.9113507,0.0
22042,0.6567844,0.1875
22043,0.26263997,0.0
22044,0.8643689,0.04032258064516129
22045,0.66828126,0.16666666666666666
22046,0.31628975,0.0
22047,0.41770253,0.13534278959810875
22048,0.88693154,0.0
22049,0.3550991,0.08571428571428572
22050,0.7968036,0.1
22051,0.21911944,0.0709916775293292
22052,0.43064126,0.0
22053,0.598741,0.0
22054,0.26342717,0.0
22055,0.70838714,0.0
22056,0.8609002,1.0
22057,0.7363828,0.4198952879581152
22058,0.88738734,0.12396694214876033
22059,0.5900461,0.018518518518518517
22060,0.3419447,0.0
22061,0.7688339,0.013888888888888888
22062,0.69567204,0.047619047619047616
22063,0.5929468,0.0
22064,0.9429005,0.22712933753943218
22065,0.7495699,0.0
22066,0.2099277,0.0
22067,0.48863125,0.08484778330825327
22068,0.41008294,0.0
22069,0.7593018,0.0
22070,0.8158047,0.1875
22071,0.8964097,0.0
22072,0.33687392,0.0
22073,0.37274092,0.05102040816326531
22074,0.6366363,0.0
22075,0.85656464,0.0
22076,0.39664647,0.0
22077,0.2285576,0.0002918855808523059
22078,0.7792538,0.0
22079,0.9363995,0.16
22080,0.9047931,0.3333333333333333
22081,0.14867017,0.025095057034220533
22082,0.22636618,0.022556390977443608
22083,0.44764495,0.027131782945736434
22084,0.19765271,0.0
22085,0.85446995,0.018867924528301886
22086,0.38602194,0.0
22087,0.72341335,0.3333333333333333
22088,0.3698122,0.00625
22089,0.8813818,0.0
22090,0.29014695,0.0
22091,0.55020237,0.0
22092,0.9275698,0.15873015873015872
22093,0.3492628,0.07358351729212656
22094,0.89413875,0.0
22095,0.73099816,0.02564102564102564
22096,0.90680236,0.1366120218579235
22097,0.5668407,0.0
22098,0.5383335,0.002944640753828033
22099,0.7915432,0.0761904761904762
22100,0.7430859,0.0
22101,0.8412097,0.1111111111111111
22102,0.81220996,0.0
22103,0.5804529,0.0
22104,0.8299473,0.032679738562091505
22105,0.3687505,0.0
22106,0.5347642,0.2026578073089701
22107,0.5204155,0.0
22108,0.24247997,0.0
22109,0.89654493,0.08333333333333333
22110,0.6420337,0.0
22111,0.6309528,0.047900262467191604
22112,0.29837152,0.0
22113,0.4077847,0.029411764705882353
22114,0.20628731,0.001549036692806661
22115,0.19732909,0.0
22116,0.3528413,0.018957345971563982
22117,0.39521632,0.0
22118,0.5464867,0.009861932938856016
22119,0.367929,0.9811769005847953
22120,0.2293462,0.0
22121,0.94491684,0.46938775510204084
22122,0.30727762,0.0
22123,0.42145824,0.09090909090909091
22124,0.59666747,0.0
22125,0.92021364,0.8006560686348726
22126,0.8574365,0.16279069767441862
22127,0.17785296,0.16510127871449587
22128,0.4480932,0.0
22129,0.22555518,0.0
22130,0.627632,0.0
22131,0.28850672,0.0
22132,0.87470704,0.04081632653061224
22133,0.6212383,0.0
22134,0.4454623,0.0
22135,0.7958642,0.2847222222222222
22136,0.65763456,0.0
22137,0.7144461,0.0
22138,0.8699851,0.016666666666666666
22139,0.58238196,0.07321755027422304
22140,0.80188155,0.06666666666666667
22141,0.45582703,0.04539877300613497
22142,0.29111055,0.0
22143,0.4137067,0.0
22144,0.8641207,0.0
22145,0.28359938,1.0
22146,0.8046006,0.09243697478991597
22147,0.2651142,0.0
22148,0.7100227,0.05263157894736842
22149,0.5820456,0.0
22150,0.6357879,0.09615384615384616
22151,0.7324818,0.038834951456310676
22152,0.70771956,0.0
22153,0.19559687,0.02040816326530612
22154,0.57327724,0.0
22155,0.8237687,0.0
22156,0.52653563,0.06666666666666667
22157,0.7213824,0.2222222222222222
22158,0.8720487,0.0
22159,0.67610294,0.12
22160,0.8765453,0.0
22161,0.90146834,0.0
22162,0.5615745,0.0
22163,0.46453005,0.0004257130693912303
22164,0.7299707,0.0
22165,0.41485828,0.0
22166,0.53154737,0.0
22167,0.58607376,0.1423948220064725
22168,0.43616965,0.0
22169,0.25846562,0.9599597769448761
22170,0.29904225,0.0
22171,0.9081693,0.0
22172,0.3554877,0.0
22173,0.21406087,0.0
22174,0.23792,0.016574585635359115
22175,0.48615116,0.0
22176,0.24603252,0.037422037422037424
22177,0.13036755,0.44172192874002475
22178,0.88594055,0.1038961038961039
22179,0.28538537,0.0
22180,0.41173735,0.0
22181,0.9484982,0.16100178890876565
22182,0.5278563,9.137426900584795e-05
22183,0.78625804,0.0
22184,0.57199717,0.0
22185,0.72543025,0.2727272727272727
22186,0.15248497,0.0
22187,0.22410434,0.0
22188,0.8595684,0.1
22189,0.5038788,0.1
22190,0.56057173,0.0
22191,0.35581785,0.0
22192,0.75789803,0.0
22193,0.48300228,0.06662891657229143
22194,0.8339441,0.0
22195,0.21538176,0.0
22196,0.7928646,0.0847457627118644
22197,0.21992381,0.0
22198,0.84712315,0.0
22199,0.8487919,0.0
22200,0.70933086,0.02040816326530612
22201,0.77182305,0.0
22202,0.15455033,0.41541841422009185
22203,0.17610271,0.0
22204,0.87194896,0.0
22205,0.26572818,0.0
22206,0.7812869,0.0
22207,0.8930732,0.0
22208,0.21934213,0.0
22209,0.45110828,0.0
22210,0.30273733,0.0027881040892193307
22211,0.46119764,0.0
22212,0.7576434,0.0
22213,0.9288411,0.0
22214,0.5186228,0.015873015873015872
22215,0.38268167,0.4567562625708539
22216,0.82293975,0.0
22217,0.68671274,0.0
22218,0.5537203,0.0
22219,0.5161805,0.08108108108108109
22220,0.31088984,0.9953611060578498
22221,0.82348084,0.0
22222,0.83277065,0.09836065573770492
22223,0.21442975,0.0
22224,0.20877567,0.3905963550091664
22225,0.8781709,0.0
22226,0.8893732,0.0
22227,0.8195821,0.0010224948875255625
22228,0.90409803,0.05128205128205128
22229,0.7666269,0.0
22230,0.79764575,0.025423728813559324
22231,0.700566,0.0
22232,0.9085661,1.0
22233,0.46088672,0.11757719714964371
22234,0.9583949,0.0
22235,0.2791001,0.0
22236,0.18686341,0.0
22237,0.77090544,0.0
22238,0.44975993,0.0
22239,0.2480577,0.0
22240,0.3263647,0.4457625307256599
22241,0.4773125,0.26666666666666666
22242,0.18894058,0.0
22243,0.2521234,0.0
22244,0.21214741,0.4099173553719008
22245,0.86977583,0.0
22246,0.58313596,0.0057553956834532375
22247,0.7382763,0.0
22248,0.3214095,0.00016550810989738498
22249,0.75579035,0.3564413633737724
22250,0.43408796,0.0
22251,0.22089727,0.36090708777084096
22252,0.7430931,0.0
22253,0.63869995,0.0
22254,0.7236893,0.16666666666666666
22255,0.6662373,0.0003030915336431602
22256,0.20707951,0.019813519813519812
22257,0.46408924,0.05
22258,0.8361627,0.0
22259,0.8230034,0.045454545454545456
22260,0.15109241,0.0
22261,0.62137514,0.07381127902690748
22262,0.8693261,0.0
22263,0.801322,0.1
22264,0.69195676,0.0
22265,0.5145193,0.4
22266,0.48712656,0.0
22267,0.5295157,0.0008873114463176575
22268,0.2765676,0.02242152466367713
22269,0.27686027,0.0
22270,0.8722434,0.16666666666666666
22271,0.8735963,0.0
22272,0.7026002,0.0
22273,0.54729474,0.1111111111111111
22274,0.86123943,0.018518518518518517
22275,0.84675527,0.11904761904761904
22276,0.83218,0.9259259259259259
22277,0.35420328,0.0
22278,0.275151,0.0394842868654311
22279,0.5324539,0.125
22280,0.5188354,0.0
22281,0.20637889,0.0
22282,0.38642767,0.029411764705882353
22283,0.7805179,0.10588235294117647
22284,0.77712405,0.0
22285,0.2796569,0.010228166797797011
22286,0.83621967,0.4
22287,0.27031326,0.0
22288,0.53727317,0.0
22289,0.84695077,0.11627906976744186
22290,0.16269623,0.0
22291,0.49578756,0.013157894736842105
22292,0.9097587,0.0
22293,0.65877193,0.0
22294,0.21968585,0.0
22295,0.8808708,0.0
22296,0.619164,0.03225806451612903
22297,0.8708513,0.0
22298,0.8610016,0.0
22299,0.890087,1.0
22300,0.89345753,0.12643678160919541
22301,0.6792438,0.0
22302,0.30180436,0.0
22303,0.93799084,0.2056451612903226
22304,0.9079698,0.0
22305,0.664193,0.0
22306,0.38148278,0.16500622665006226
22307,0.88053936,0.0
22308,0.8093978,0.10810810810810811
22309,0.44182917,0.0
22310,0.7750347,0.0
22311,0.19074157,0.0
22312,0.4881454,0.0
22313,0.31570232,0.0009511731135066582
22314,0.7718579,0.0
22315,0.25455683,0.0
22316,0.81301856,0.07665505226480836
22317,0.46960348,0.0049261083743842365
22318,0.7953302,0.0
22319,0.8844774,0.05967976710334789
22320,0.31932673,0.0
22321,0.8956814,0.0
22322,0.5463551,0.0
22323,0.6658127,0.0
22324,0.68897784,0.2444733420026008
22325,0.896531,0.08814589665653495
22326,0.3767148,0.034482758620689655
22327,0.2191266,0.015151515151515152
22328,0.25247923,0.0
22329,0.23600107,0.0
22330,0.66448694,0.11267605633802817
22331,0.7754902,0.07407407407407407
22332,0.91106355,0.16783216783216784
22333,0.43604127,0.0
22334,0.24872153,0.38392657264383256
22335,0.24714963,0.002902757619738752
22336,0.48135775,0.0
22337,0.8615392,0.1782178217821782
22338,0.6523951,0.0
22339,0.74954814,0.08571428571428572
22340,0.44998887,0.00014174344436569808
22341,0.47937393,0.0
22342,0.6262815,0.0
22343,0.71988344,0.04838709677419355
22344,0.9171675,0.32870048644892286
22345,0.22400647,0.020833333333333332
22346,0.51605064,0.019762845849802372
22347,0.3618092,0.08803986710963455
22348,0.4371609,0.04895104895104895
22349,0.29425883,0.0
22350,0.7987544,0.0
22351,0.6354074,0.0
22352,0.72994006,0.14285714285714285
22353,0.5611342,0.041666666666666664
22354,0.53188586,0.0
22355,0.20105028,0.008528784648187633
22356,0.18692686,0.9130116959064327
22357,0.6896473,0.0
22358,0.53286785,0.037037037037037035
22359,0.7981638,0.0
22360,0.38877997,0.0
22361,0.6804248,0.0
22362,0.9043677,0.08333333333333333
22363,0.4155545,0.060240963855421686
22364,0.91695774,0.10309278350515463
22365,0.31258252,0.0
22366,0.27365372,0.0
22367,0.2580418,0.0
22368,0.8412607,0.0
22369,0.42135298,0.00010407993338884263
22370,0.88612396,0.25
22371,0.45712304,0.0
22372,0.45559093,0.02054794520547945
22373,0.39089438,0.0
22374,0.6359581,0.0
22375,0.6892589,0.0
22376,0.5364663,0.0
22377,0.38696018,0.9321766561514195
22378,0.531837,0.0
22379,0.43830004,0.0
22380,0.22528915,0.0
22381,0.8608472,0.007692307692307693
22382,0.8011911,0.0
22383,0.49845517,0.0
22384,0.35355854,0.0
22385,0.7726324,0.0
22386,0.3101215,0.0
22387,0.69381833,0.0
22388,0.8688536,0.1111111111111111
22389,0.49063638,0.0
22390,0.56198204,0.0
22391,0.21276225,0.0
22392,0.9187047,0.0975609756097561
22393,0.8013346,0.0
22394,0.87276095,0.0
22395,0.9113039,0.57676417121137
22396,0.6732387,0.0915032679738562
22397,0.78019965,0.037037037037037035
22398,0.35212192,0.011811023622047244
22399,0.8152667,0.046296296296296294
22400,0.818725,0.0
22401,0.22083378,0.9288194444444444
22402,0.24805745,0.1085986771265959
22403,0.84626186,0.0
22404,0.38583845,0.02564102564102564
22405,0.6974781,0.21212121212121213
22406,0.84966,0.02702702702702703
22407,0.8839963,0.18032786885245902
22408,0.8015947,0.0
22409,0.3911498,0.0
22410,0.24123606,0.03062200956937799
22411,0.46298912,0.0
22412,0.43217948,0.0
22413,0.40935534,0.0
22414,0.90351635,0.09090909090909091
22415,0.8329798,0.07368188837414516
22416,0.73625493,0.1886435331230284
22417,0.32247248,0.13449781659388646
22418,0.21431112,0.029499940040772273
22419,0.86118054,0.08333333333333333
22420,0.6610858,0.0
22421,0.5118157,0.0
22422,0.77099144,0.19594594594594594
22423,0.6149845,0.0
22424,0.7253767,0.15454545454545454
22425,0.6374852,0.0
22426,0.28422937,0.0
22427,0.58374643,0.0
22428,0.857272,0.15384615384615385
22429,0.45915648,0.0
22430,0.44975802,0.0
22431,0.7182061,0.06666666666666667
22432,0.7494452,0.05263157894736842
22433,0.8293117,0.09433962264150944
22434,0.8148348,0.0
22435,0.7945563,0.0
22436,0.75156355,0.0
22437,0.81313795,0.0
22438,0.42790443,0.0
22439,0.7956789,0.0
22440,0.72094274,0.05084745762711865
22441,0.5687312,0.0
22442,0.8828644,0.2591973244147157
22443,0.9364604,0.0
22444,0.48686042,0.0
22445,0.7322012,0.09216589861751152
22446,0.509735,0.1947847589074969
22447,0.6983039,0.0
22448,0.87455684,0.0
22449,0.48788366,0.0009328358208955224
22450,0.28530335,0.0
22451,0.30893067,0.0
22452,0.8765494,0.0
22453,0.30954227,0.022857142857142857
22454,0.69019264,0.13333333333333333
22455,0.9373626,0.0
22456,0.6952627,0.011363636363636364
22457,0.733697,0.0
22458,0.5521439,0.07319078947368421
22459,0.26426804,0.0
22460,0.88064474,0.3333333333333333
22461,0.7473163,0.07537688442211055
22462,0.42949137,0.0
22463,0.40883297,0.5522168522798907
22464,0.20401716,0.0
22465,0.20606093,0.12220403709765412
22466,0.5599528,0.1555971312753352
22467,0.587933,0.0
22468,0.21434063,0.0
22469,0.9121312,0.0
22470,0.8560936,0.16589861751152074
22471,0.9106187,0.0625
22472,0.14236929,0.14569857697283312
22473,0.73342246,0.2222222222222222
22474,0.49771112,0.0
22475,0.91826147,0.0
22476,0.20621009,0.0
22477,0.93295336,0.1906474820143885
22478,0.39144546,0.0
22479,0.7354684,0.0
22480,0.86930126,0.24161073825503357
22481,0.8834858,0.015873015873015872
22482,0.66339153,0.22
22483,0.793288,0.0
22484,0.8864871,0.0
22485,0.8056807,0.0
22486,0.8742732,0.0
22487,0.30364117,0.009144111192392099
22488,0.72643787,0.1388888888888889
22489,0.88009447,0.0
22490,0.60248506,0.03918495297805643
22491,0.69186896,0.28659517426273456
22492,0.5518353,0.043478260869565216
22493,0.5832181,0.0
22494,0.87039196,0.0
22495,0.9428073,0.30655391120507397
22496,0.5299179,0.0
22497,0.67366785,0.0
22498,0.4396438,0.0
22499,0.53627443,0.0013568521031207597
22500,0.6845042,0.018867924528301886
22501,0.7379469,0.0
22502,0.58861345,0.13513513513513514
22503,0.8856132,0.0
22504,0.9164625,0.11867305061559508
22505,0.7533088,0.0
22506,0.9475467,0.38358458961474035
22507,0.34323832,0.026785714285714284
22508,0.50124985,0.0
22509,0.6664851,0.0
22510,0.9342413,1.0
22511,0.22395965,0.0
22512,0.6476396,0.0
22513,0.81894314,0.0
22514,0.21845493,0.0
22515,0.38134935,0.0004701457451810061
22516,0.787655,0.05517241379310345
22517,0.26909477,0.013307984790874524
22518,0.23739512,0.0
22519,0.51824397,0.0
22520,0.53711385,0.0
22521,0.82379055,0.04918032786885246
22522,0.18890493,0.08904379850059187
22523,0.7439243,0.0
22524,0.83606976,0.14285714285714285
22525,0.9373091,0.35273573923166474
22526,0.2766888,0.0
22527,0.4391839,0.044444444444444446
22528,0.27427283,0.0
22529,0.24967138,0.0
22530,0.5806495,0.0
22531,0.68411666,0.0
22532,0.44028652,0.0
22533,0.88188225,0.0
22534,0.8514123,0.3333333333333333
22535,0.62048924,0.0
22536,0.1466296,0.17295333892148645
22537,0.19409746,0.49406676278141287
22538,0.24443275,0.0
22539,0.6620124,0.0
22540,0.14461496,0.0
22541,0.7976574,0.0
22542,0.35799542,0.019417475728155338
22543,0.6805719,0.0
22544,0.7543649,0.10526315789473684
22545,0.2796524,0.0
22546,0.96425277,0.5297560975609756
22547,0.7978838,0.0
22548,0.54991394,0.0
22549,0.39204934,0.0
22550,0.5328582,0.25880281690140844
22551,0.29423732,0.0
22552,0.9292637,0.0
22553,0.19958748,0.009433962264150943
22554,0.8193341,0.0
22555,0.50616896,0.0
22556,0.2732375,0.0
22557,0.5715257,0.028901734104046242
22558,0.8948224,0.0
22559,0.89623725,0.08333333333333333
22560,0.8886185,0.19679633867276888
22561,0.14878577,0.0
22562,0.14138944,0.0
22563,0.36142892,0.0
22564,0.8519984,0.0
22565,0.7818173,0.019417475728155338
22566,0.9394443,0.3254493850520341
22567,0.22919132,0.0
22568,0.88450015,0.1
22569,0.8682053,0.0
22570,0.625891,9.18105031215571e-05
22571,0.23097768,0.0
22572,0.5351554,0.0
22573,0.5562145,0.0
22574,0.7977093,0.0009302325581395349
22575,0.7470044,0.0
22576,0.3183606,0.008928571428571428
22577,0.26066184,0.0
22578,0.72361034,0.0
22579,0.33837846,0.12963313161875945
22580,0.760601,0.0
22581,0.7277011,0.09090909090909091
22582,0.8777533,0.0
22583,0.823524,0.08695652173913043
22584,0.23736466,0.7073662966700303
22585,0.7106181,0.308259587020649
22586,0.85700136,0.3333333333333333
22587,0.4263761,0.0
22588,0.8734173,0.0
22589,0.21984042,0.0
22590,0.34949386,0.0
22591,0.7866245,0.0
22592,0.931943,0.0
22593,0.9106518,0.136986301369863
22594,0.22209747,0.6263967147359374
22595,0.8420122,0.0
22596,0.6201365,0.0
22597,0.2709109,0.0
22598,0.22256826,0.8063806380638063
22599,0.5367419,0.002962962962962963
22600,0.2393518,0.0
22601,0.93756485,0.0
22602,0.18825527,0.8990222059764232
22603,0.8529934,0.0
22604,0.36905876,0.0
22605,0.34115392,0.0
22606,0.15471305,0.29722576218017843
22607,0.40073785,0.0
22608,0.85317415,0.0
22609,0.6523909,0.0
22610,0.5677995,0.0
22611,0.52516514,0.0
22612,0.35595062,0.0
22613,0.2741425,0.2030407062285434
22614,0.36742142,0.002454590083456063
22615,0.8235445,0.0
22616,0.906346,0.04032258064516129
22617,0.67429477,0.0
22618,0.8634809,0.0
22619,0.8819038,0.0
22620,0.16081324,0.08771929824561403
22621,0.60354793,0.0
22622,0.83268106,0.08781127129750983
22623,0.8645608,0.0979381443298969
22624,0.33095506,0.13432835820895522
22625,0.2922353,0.0
22626,0.7466105,0.010869565217391304
22627,0.47121894,0.013157894736842105
22628,0.6624892,0.0
22629,0.762826,0.0
22630,0.24736297,0.0
22631,0.5150081,0.00644765121277249
22632,0.35776812,0.0004354136429608128
22633,0.3980573,0.05887288491120123
22634,0.15085751,0.0
22635,0.22127618,0.0
22636,0.32389796,0.024390243902439025
22637,0.8748515,0.0
22638,0.6897377,0.0581039755351682
22639,0.19189277,0.0
22640,0.40451685,0.015345268542199489
22641,0.47386032,0.011041009463722398
22642,0.7266572,0.11904761904761904
22643,0.49590513,0.0
22644,0.40966374,0.0
22645,0.82393277,0.0
22646,0.83120096,0.07894736842105263
22647,0.4901798,0.06708595387840671
22648,0.6966028,0.0
22649,0.7916686,0.17324561403508773
22650,0.37296888,0.020618556701030927
22651,0.37733197,0.020134228187919462
22652,0.19888552,0.025
22653,0.40394393,0.0
22654,0.8983135,0.0
22655,0.9009739,0.09433962264150944
22656,0.33165112,0.0
22657,0.2248347,0.0
22658,0.8170127,0.0
22659,0.645813,0.0
22660,0.645666,0.0
22661,0.26122275,0.0
22662,0.7791981,0.0
22663,0.65517926,0.0
22664,0.87550896,0.025
22665,0.5165579,0.005025125628140704
22666,0.85192984,0.05102040816326531
22667,0.33473134,0.043547110055423596
22668,0.3273727,0.0
22669,0.16800974,0.0
22670,0.7297158,0.0037641154328732747
22671,0.28077036,0.07325383304940375
22672,0.42334303,0.0
22673,0.1724324,0.0
22674,0.48004723,0.0
22675,0.89772743,0.0
22676,0.84298694,0.0
22677,0.86697525,0.0
22678,0.73769134,0.0
22679,0.7410489,0.0625
22680,0.8833339,0.0
22681,0.7723179,0.0
22682,0.91671693,0.37792103142626915
22683,0.7242956,0.06944444444444445
22684,0.9037816,0.0
22685,0.6088937,0.0
22686,0.30868688,0.05
22687,0.88356584,0.0
22688,0.79038364,0.26732673267326734
22689,0.6725075,0.0
22690,0.71829647,0.15104166666666666
22691,0.26230803,0.005636070853462158
22692,0.83907473,0.0
22693,0.40415618,0.0
22694,0.702331,0.09090909090909091
22695,0.82491314,0.12
22696,0.73471314,0.0
22697,0.6577737,0.2222222222222222
22698,0.74417406,0.0
22699,0.16021526,0.7200036553047611
22700,0.8183205,0.0
22701,0.12845254,0.0
22702,0.46871427,0.004395604395604396
22703,0.3380525,0.00021602937999567941
22704,0.43891057,0.0
22705,0.758379,0.0
22706,0.4905889,0.11602209944751381
22707,0.6752802,0.0
22708,0.37210017,0.0
22709,0.6757397,0.0
22710,0.25784734,0.041666666666666664
22711,0.8655689,0.0
22712,0.17723742,0.0
22713,0.926166,0.0
22714,0.94180894,0.0
22715,0.41085604,0.0
22716,0.23290753,0.03708854891052388
22717,0.90397495,0.0
22718,0.32932946,0.0
22719,0.30880114,0.41705607476635514
22720,0.7748161,0.0
22721,0.2570791,0.0
22722,0.18701462,0.7672347759479127
22723,0.76569337,0.0
22724,0.8878162,0.0
22725,0.44486728,0.0
22726,0.5673056,0.0
22727,0.72905195,0.0
22728,0.17449705,0.0015339233038348082
22729,0.4641812,0.0
22730,0.8946335,0.0
22731,0.18013673,0.0
22732,0.37444073,0.0
22733,0.73477566,0.012448132780082987
22734,0.8151882,0.0
22735,0.22707877,0.0
22736,0.32726753,0.018050541516245487
22737,0.2290687,0.0
22738,0.862292,0.0
22739,0.74626696,0.25
22740,0.55104595,0.009890974485781724
22741,0.9257221,0.6666666666666666
22742,0.31887472,0.5743987412901775
22743,0.8553991,0.0
22744,0.41017744,0.02247191011235955
22745,0.8330525,0.2
22746,0.14898303,0.003740648379052369
22747,0.2434233,0.9169028247554621
22748,0.40464813,0.01910828025477707
22749,0.18643343,0.0
22750,0.45821473,0.0
22751,0.90960616,0.14666666666666667
22752,0.33576912,0.013937282229965157
22753,0.58401376,0.0
22754,0.43898866,0.7738127916552292
22755,0.88800853,0.0
22756,0.28070983,0.0
22757,0.50050336,0.0
22758,0.4951909,0.0
22759,0.24785142,0.0
22760,0.94732165,0.28715728715728717
22761,0.771029,0.0
22762,0.67675626,0.0
22763,0.9212546,0.0
22764,0.74895257,0.0
22765,0.81826234,0.0
22766,0.24537851,0.12408759124087591
22767,0.58396405,0.0
22768,0.31831935,0.32062780269058294
22769,0.29311618,0.027777777777777776
22770,0.75535023,0.1414141414141414
22771,0.824342,0.0
22772,0.745021,0.0
22773,0.2598877,0.0
22774,0.84974897,0.0
22775,0.35790536,0.0
22776,0.89148945,0.1
22777,0.3544805,0.0
22778,0.4160534,0.9923238600018277
22779,0.33148408,0.03745318352059925
22780,0.6900958,0.0
22781,0.5976603,0.028469750889679714
22782,0.7708931,0.05454545454545454
22783,0.1785714,0.013333333333333334
22784,0.8074124,0.0
22785,0.8810829,0.0
22786,0.64230925,0.02702702702702703
22787,0.92793316,0.260989010989011
22788,0.5260052,0.12086330935251799
22789,0.476381,0.0
22790,0.60143036,0.0
22791,0.15704426,0.0
22792,0.19311826,0.0
22793,0.9572493,0.20553359683794467
22794,0.8953224,0.07766990291262135
22795,0.24637091,0.0023148148148148147
22796,0.33495012,0.10541516245487365
22797,0.23394269,0.0196078431372549
22798,0.22770919,0.021505376344086023
22799,0.836924,0.02040816326530612
22800,0.50996304,0.09352058729652091
22801,0.9025948,0.0
22802,0.19824684,0.0
22803,0.4876534,0.06340057636887608
22804,0.8688235,0.0
22805,0.15708163,0.8941047034014853
22806,0.9442152,0.3181818181818182
22807,0.8162199,0.09090909090909091
22808,0.86219025,0.0
22809,0.37281397,0.0030864197530864196
22810,0.79407996,0.0
22811,0.87292075,0.0
22812,0.16643836,0.0
22813,0.6085358,0.08333333333333333
22814,0.35893148,0.0
22815,0.8116671,0.02702702702702703
22816,0.16573027,0.9322792908060683
22817,0.4175621,0.13477737665463296
22818,0.87988806,0.0
22819,0.5237261,0.0
22820,0.84941906,0.15151515151515152
22821,0.88626266,0.0
22822,0.35607374,0.0
22823,0.9521463,0.08208955223880597
22824,0.18769903,0.0
22825,0.7539944,0.0
22826,0.6926407,0.0
22827,0.77724147,0.0
22828,0.9011987,0.0
22829,0.9470857,0.3333333333333333
22830,0.19647753,0.0
22831,0.5113904,0.0
22832,0.7782524,0.0
22833,0.91563535,0.14285714285714285
22834,0.5791506,0.0
22835,0.32424447,0.030912659470068694
22836,0.59257066,0.14285714285714285
22837,0.5201439,0.0
22838,0.8992585,0.0
22839,0.83002794,0.0
22840,0.63991815,0.0
22841,0.2738157,0.040625
22842,0.9533713,0.32561613144137413
22843,0.31270418,0.4979206474092391
22844,0.34692267,0.0
22845,0.24880585,0.0
22846,0.902488,0.0
22847,0.29431045,0.0
22848,0.5024743,0.0
22849,0.87615454,0.08888888888888889
22850,0.82414913,0.1509433962264151
22851,0.20841365,0.6150050260440464
22852,0.5657616,0.0
22853,0.32229227,0.0
22854,0.25239465,0.0
22855,0.57041377,0.0
22856,0.3786316,0.0
22857,0.3527962,0.0
22858,0.81635314,0.0
22859,0.8947984,0.05454545454545454
22860,0.89495784,0.0189873417721519
22861,0.34963307,0.001905165114309907
22862,0.69548285,0.0
22863,0.8274317,0.0
22864,0.37342897,0.9925407077230965
22865,0.6326646,0.027777777777777776
22866,0.56466585,0.0
22867,0.2719777,0.672583380440927
22868,0.35474628,0.0
22869,0.9314979,0.1518987341772152
22870,0.907187,0.0
22871,0.24196596,0.0
22872,0.9579925,0.4111895708853884
22873,0.17861223,0.017391304347826087
22874,0.5564823,0.0
22875,0.40477067,0.2222222222222222
22876,0.887911,0.21306818181818182
22877,0.2913644,0.023504273504273504
22878,0.91083086,0.0
22879,0.9303912,0.0
22880,0.8710199,0.13636363636363635
22881,0.69737923,0.0
22882,0.7455968,0.014925373134328358
22883,0.1755118,0.0
22884,0.3329436,0.25
22885,0.423521,0.0
22886,0.87941456,0.0
22887,0.86601853,0.0
22888,0.3023742,0.0
22889,0.22570077,0.0
22890,0.48783267,0.01405152224824356
22891,0.65747327,0.0
22892,0.7684176,0.0
22893,0.8970283,0.5
22894,0.8740865,0.0
22895,0.22313072,0.0
22896,0.27319118,0.0
22897,0.86727226,0.07964601769911504
22898,0.26385677,0.0
22899,0.5141719,0.10526315789473684
22900,0.25503254,0.0
22901,0.86110336,0.0
22902,0.4669014,0.13186813186813187
22903,0.3552956,0.0
22904,0.61991984,0.0
22905,0.73884416,0.0
22906,0.37841386,0.0
22907,0.90215886,0.16666666666666666
22908,0.44331092,0.03630952380952381
22909,0.56397253,0.07407407407407407
22910,0.55472326,0.0
22911,0.5325448,0.0
22912,0.7666478,0.03225806451612903
22913,0.20692043,0.0
22914,0.4925443,0.003401360544217687
22915,0.1998646,0.05314009661835749
22916,0.89098394,0.0
22917,0.7556924,0.0
22918,0.88363606,0.0
22919,0.8697115,0.10344827586206896
22920,0.5339695,0.038461538461538464
22921,0.55431926,0.05
22922,0.9012408,0.0
22923,0.74458194,0.2288801571709234
22924,0.28848597,0.0
22925,0.90210307,0.4
22926,0.8691901,0.25569620253164554
22927,0.31608593,0.0
22928,0.8029489,0.14084507042253522
22929,0.20412026,0.0144014401440144
22930,0.4977974,0.08241563055062166
22931,0.70335484,0.0
22932,0.94464725,0.020833333333333332
22933,0.9170477,0.3116883116883117
22934,0.50031203,0.0
22935,0.9006561,0.05154639175257732
22936,0.43182176,0.07312614259597806
22937,0.8645894,0.0
22938,0.24676065,0.0
22939,0.6894294,0.0
22940,0.8487781,0.0
22941,0.87845224,0.0
22942,0.15322162,0.0
22943,0.626085,0.017543859649122806
22944,0.80536824,0.16666666666666666
22945,0.8871901,0.0
22946,0.25252774,0.0
22947,0.56828356,0.0
22948,0.24479885,0.004415011037527594
22949,0.73026645,0.0
22950,0.36505875,0.06083445491251682
22951,0.40010738,0.0
22952,0.85404783,0.14285714285714285
22953,0.3908372,0.0
22954,0.71529055,0.0
22955,0.8556849,0.2907801418439716
22956,0.91007316,0.0
22957,0.81404585,0.0
22958,0.33837494,0.0625
22959,0.8837586,0.0
22960,0.8601078,0.12121212121212122
22961,0.6050386,0.07862580128205128
22962,0.22357725,0.0
22963,0.898027,0.18604651162790697
22964,0.13836993,0.6501578531965272
22965,0.6999904,0.06666666666666667
22966,0.7135813,0.06741573033707865
22967,0.57313037,0.0
22968,0.6040446,0.0967741935483871
22969,0.33437473,0.12621982537236776
22970,0.8354094,0.16666666666666666
22971,0.8104477,0.0
22972,0.28372324,0.9733040775278844
22973,0.6224643,0.0
22974,0.84790814,0.125
22975,0.2668478,0.0
22976,0.3627067,0.12266928361138371
22977,0.2906683,0.0
22978,0.6090772,0.0
22979,0.7101728,0.0
22980,0.8771305,0.0
22981,0.8682568,0.2857142857142857
22982,0.25957546,0.0
22983,0.3685057,0.0
22984,0.26568687,0.001600640256102441
22985,0.8949112,0.0
22986,0.25804102,0.0
22987,0.6463714,0.4
22988,0.30573902,0.2463751826458357
22989,0.26146492,0.0
22990,0.19495367,0.0
22991,0.8176245,0.0
22992,0.53387636,0.0
22993,0.39630765,0.0
22994,0.13233471,0.013434841021047918
22995,0.5887118,0.0
22996,0.80694985,0.0
22997,0.8498093,0.0
22998,0.90309775,0.7336199836199836
22999,0.90389675,0.17647058823529413
23000,0.23270322,0.5748355263157895
23001,0.6152879,0.06846016958023657
23002,0.91324055,0.0
23003,0.915439,0.15789473684210525
23004,0.54458785,0.0
23005,0.32067007,0.0008176614881439084
23006,0.2782567,0.03501945525291829
23007,0.3480178,0.037037037037037035
23008,0.2463442,0.7059455972476077
23009,0.56256586,0.0
23010,0.91071075,0.0
23011,0.47904155,0.1875
23012,0.87924737,0.08333333333333333
23013,0.82812065,0.0446927374301676
23014,0.7795598,0.0
23015,0.31843156,0.0
23016,0.81314665,0.0
23017,0.2643477,0.01809954751131222
23018,0.26035947,0.0
23019,0.26362926,0.027946537059538274
23020,0.861688,0.022857142857142857
23021,0.59750485,0.0
23022,0.61236066,0.06738131699846861
23023,0.60821366,0.0
23024,0.7994576,0.0
23025,0.50065726,0.0
23026,0.139705,0.0
23027,0.8419266,0.0
23028,0.94126534,0.3352059925093633
23029,0.81399053,0.10256410256410256
23030,0.76541686,0.0
23031,0.3197985,0.0
23032,0.9195931,0.00684931506849315
23033,0.8510931,0.13333333333333333
23034,0.26528168,0.0
23035,0.81229615,0.0
23036,0.8204565,0.0
23037,0.50419986,0.0
23038,0.7672803,0.0
23039,0.9051303,0.3333333333333333
23040,0.8392466,0.08571428571428572
23041,0.80079114,0.0
23042,0.6432247,0.0
23043,0.76551986,0.16666666666666666
23044,0.803697,0.0
23045,0.8550958,0.0
23046,0.83814365,0.045454545454545456
23047,0.20605949,0.0
23048,0.44638735,0.0
23049,0.18521392,0.0
23050,0.45953372,0.0
23051,0.910224,0.18214285714285713
23052,0.94070584,0.35181975736568455
23053,0.90041703,0.006700167504187605
23054,0.32129803,0.0
23055,0.2022788,0.0
23056,0.92345816,0.058823529411764705
23057,0.8865787,0.0
23058,0.3268825,0.5203661327231122
23059,0.3574613,0.0
23060,0.31678274,0.0
23061,0.89336246,0.23333333333333334
23062,0.57796425,0.0
23063,0.28011027,0.054079696394686905
23064,0.73359233,0.0
23065,0.20917387,0.013157894736842105
23066,0.3704899,0.010606060606060607
23067,0.77798164,0.009704968944099378
23068,0.87690336,0.0
23069,0.7990172,0.0
23070,0.91173226,0.23529411764705882
23071,0.83062977,0.05555555555555555
23072,0.9092764,0.041666666666666664
23073,0.8527398,0.0
23074,0.83816355,0.0
23075,0.88369864,0.2723112128146453
23076,0.31765306,0.0
23077,0.5671004,0.07302174919018972
23078,0.21678546,0.0
23079,0.5880636,0.0
23080,0.71353966,0.0
23081,0.33287773,0.037267080745341616
23082,0.7344952,0.0
23083,0.3676163,0.0
23084,0.8139035,0.0
23085,0.5287661,0.017857142857142856
23086,0.88832754,0.0
23087,0.39079642,0.015625
23088,0.92368335,0.21397379912663755
23089,0.2897409,0.01639344262295082
23090,0.21730143,0.0
23091,0.77971536,0.0
23092,0.9658498,0.4280973451327434
23093,0.62312144,0.0
23094,0.5594399,0.0
23095,0.2099189,0.0
23096,0.35051334,0.0
23097,0.25023746,0.12842039800995025
23098,0.57374,0.0
23099,0.21408229,0.0
23100,0.31773973,0.0
23101,0.6379425,0.0
23102,0.7436282,0.0
23103,0.69892174,0.1111111111111111
23104,0.4382906,0.11817125145292522
23105,0.8391318,0.09090909090909091
23106,0.7972277,0.0
23107,0.17593335,0.0
23108,0.2971511,0.1993747829107329
23109,0.82186043,0.0
23110,0.29209527,0.0
23111,0.79716146,0.037037037037037035
23112,0.29362476,0.0
23113,0.27378023,0.061224489795918366
23114,0.640186,0.0
23115,0.3825132,0.0
23116,0.48369128,0.0
23117,0.90078205,0.3151515151515151
23118,0.5194787,0.0
23119,0.71106595,0.0
23120,0.7528327,0.02127659574468085
23121,0.21573316,0.0
23122,0.8602449,0.0
23123,0.88930887,0.0625
23124,0.84393144,0.0
23125,0.25126252,0.004721435316336166
23126,0.38790113,0.0726831091180867
23127,0.9027279,0.27225130890052357
23128,0.8365967,0.0
23129,0.9312402,0.03225806451612903
23130,0.2441065,0.0
23131,0.532109,0.0
23132,0.7637681,0.0
23133,0.33825824,0.0
23134,0.4516358,0.0
23135,0.8510906,0.0
23136,0.33664408,0.8815312984997413
23137,0.20895334,0.0042796005706134095
23138,0.81059426,0.0
23139,0.7573761,0.0
23140,0.4073175,0.00859106529209622
23141,0.32400766,0.007194244604316547
23142,0.7674676,0.0
23143,0.97073245,0.8919372900335947
23144,0.78882307,0.0
23145,0.2192628,0.0033305578684429643
23146,0.8101356,0.0
23147,0.19978075,0.8556531284302964
23148,0.6363124,0.25
23149,0.7076984,0.10091743119266056
23150,0.3353812,0.0
23151,0.22854777,0.0
23152,0.8481038,0.17012448132780084
23153,0.61297625,0.09913793103448276
23154,0.9301403,0.3477406679764244
23155,0.8178897,0.0
23156,0.4598199,0.023064981148813484
23157,0.8870709,0.0
23158,0.16549972,0.0
23159,0.33093035,0.0
23160,0.20489852,0.0
23161,0.82259953,0.014084507042253521
23162,0.6732926,0.0
23163,0.3861704,0.010752688172043012
23164,0.35415986,0.0
23165,0.8060104,0.0
23166,0.5780703,0.0
23167,0.25047615,0.0
23168,0.34636497,0.0
23169,0.29116055,0.0
23170,0.37484556,0.6880901614377094
23171,0.39025873,0.005
23172,0.1702177,0.0
23173,0.52434945,0.0029498525073746312
23174,0.69997275,0.12471131639722864
23175,0.5499835,9.163383121048291e-05
23176,0.903847,0.0
23177,0.65995425,0.0
23178,0.86755806,0.0
23179,0.8553641,0.0
23180,0.21387558,0.0
23181,0.857458,0.0
23182,0.86508715,0.0
23183,0.79818225,0.0
23184,0.33974034,0.0
23185,0.64437425,0.0
23186,0.5743818,0.10810810810810811
23187,0.34085596,0.0
23188,0.8506498,0.0
23189,0.13955027,0.0
23190,0.76466155,0.0
23191,0.61045974,0.19745222929936307
23192,0.89793164,0.0
23193,0.43609717,0.0
23194,0.7320543,0.08235294117647059
23195,0.652077,0.0
23196,0.7099584,0.0
23197,0.43630776,0.0
23198,0.94949853,0.0
23199,0.7991831,0.13333333333333333
23200,0.6780547,0.0
23201,0.40400347,0.003787878787878788
23202,0.7217937,0.0
23203,0.3074928,0.007731958762886598
23204,0.43649608,0.047619047619047616
23205,0.8064933,0.007444168734491315
23206,0.22589548,0.00046699875466998757
23207,0.43252572,0.5763501781961071
23208,0.87916434,0.03076923076923077
23209,0.2587236,0.00022114108801415304
23210,0.7706703,0.16666666666666666
23211,0.8769443,0.2876712328767123
23212,0.4987077,0.0
23213,0.5459119,0.0
23214,0.19086058,0.0
23215,0.20615311,0.0
23216,0.6085833,0.0
23217,0.42233372,0.0962566844919786
23218,0.5284127,0.041666666666666664
23219,0.78043073,0.0
23220,0.92088634,0.0
23221,0.49411806,0.0
23222,0.22604804,0.0
23223,0.82299984,0.08741258741258741
23224,0.57049215,0.0
23225,0.60048306,0.0
23226,0.80363566,0.16666666666666666
23227,0.42158046,0.0
23228,0.8761262,0.23529411764705882
23229,0.22720441,0.0
23230,0.47675747,0.0
23231,0.41500217,0.07401283796926668
23232,0.45221314,0.02564102564102564
23233,0.58239204,0.08620689655172414
23234,0.90248716,0.0
23235,0.17715542,0.7397072278133577
23236,0.32235938,0.07004830917874397
23237,0.21128052,0.0
23238,0.8870309,0.1111111111111111
23239,0.7732421,0.0
23240,0.7110701,0.0
23241,0.81446636,0.0
23242,0.14415161,0.042234785500498834
23243,0.5442775,0.0
23244,0.4749784,0.013100436681222707
23245,0.83512944,0.0
23246,0.24440345,0.0
23247,0.39727578,0.06696428571428571
23248,0.22390246,0.05136986301369863
23249,0.7957835,0.0
23250,0.8984707,0.12
23251,0.20905402,0.0
23252,0.35426223,0.0
23253,0.94012606,0.4228571428571429
23254,0.24056283,0.04499217527386541
23255,0.35205317,0.027065026362038665
23256,0.95201087,0.4298642533936652
23257,0.62332666,0.0
23258,0.90686876,0.0
23259,0.7898191,0.104
23260,0.8794244,0.18
23261,0.8777214,0.0
23262,0.9545893,0.024032586558044806
23263,0.4357973,0.0
23264,0.8105667,0.0
23265,0.40703106,0.0
23266,0.93249387,0.0
23267,0.45802382,0.031578947368421054
23268,0.86932087,0.0
23269,0.38879454,0.0
23270,0.7039722,0.0008984725965858042
23271,0.43232113,0.0
23272,0.79639155,0.0
23273,0.52781737,0.0
23274,0.74486715,0.0
23275,0.9146265,0.10324483775811209
23276,0.841345,0.0
23277,0.43032324,0.0
23278,0.50804406,0.013306451612903225
23279,0.5848258,0.03636363636363636
23280,0.84148085,0.0
23281,0.84369195,0.0
23282,0.8794042,0.16666666666666666
23283,0.8179299,0.15217391304347827
23284,0.5642491,0.03361344537815126
23285,0.2432797,0.004694835680751174
23286,0.25148296,0.0008342892898112421
23287,0.6797278,0.0
23288,0.29237595,0.0
23289,0.7211144,0.0
23290,0.8074449,0.0
23291,0.3958851,0.01
23292,0.8553004,0.11764705882352941
23293,0.55070215,0.0
23294,0.8191388,0.0
23295,0.6908329,0.0
23296,0.4245385,0.0
23297,0.20956917,0.0
23298,0.7712004,0.0
23299,0.24018554,0.8385269121813032
23300,0.7508942,0.22479564032697547
23301,0.90245515,0.05673758865248227
23302,0.9341545,0.1639871382636656
23303,0.85322344,0.0
23304,0.5372451,0.6484445243661212
23305,0.32222858,0.04986149584487535
23306,0.5036138,0.0
23307,0.85936713,0.0
23308,0.70080847,0.0
23309,0.34079742,0.7458836443468716
23310,0.5052375,0.19793497363796134
23311,0.87254167,0.0
23312,0.62875295,1.0
23313,0.45814073,0.0729405296435444
23314,0.3285375,0.0
23315,0.285343,0.0
23316,0.56286484,0.0
23317,0.8161751,0.0
23318,0.60017854,0.0
23319,0.17352077,0.0
23320,0.8392006,0.0
23321,0.8060898,0.05
23322,0.27382112,0.003379721669980119
23323,0.7724574,0.0
23324,0.35253507,0.0
23325,0.37602615,0.0
23326,0.1416166,0.0
23327,0.30629042,0.0
23328,0.2648058,0.07027736131934033
23329,0.8865937,0.12544802867383512
23330,0.30936375,0.019021739130434784
23331,0.68393826,0.0
23332,0.3321375,0.06666666666666667
23333,0.20463559,0.0
23334,0.25934324,0.0038910505836575876
23335,0.50713205,0.0
23336,0.93925303,0.14606741573033707
23337,0.6288297,0.2857142857142857
23338,0.452535,0.0
23339,0.86901706,0.2
23340,0.3712972,0.0
23341,0.25930122,0.0058997050147492625
23342,0.18045129,0.003401360544217687
23343,0.9074234,0.0
23344,0.22992004,0.0
23345,0.24126332,0.5570684455816504
23346,0.36801153,0.0
23347,0.28748354,0.0024479804161566705
23348,0.37053958,0.0
23349,0.4732754,0.23841642228739002
23350,0.27925658,0.0
23351,0.80770683,0.0
23352,0.6747121,0.015384615384615385
23353,0.2398282,0.19257837492002558
23354,0.5404799,0.8333333333333334
23355,0.36225092,0.0
23356,0.33103967,0.0
23357,0.6430715,0.0
23358,0.19808345,0.0
23359,0.8316235,0.0
23360,0.9057386,0.0
23361,0.64051586,0.07319747783971489
23362,0.25911677,0.0013556258472661546
23363,0.5038287,0.0
23364,0.7487902,0.0
23365,0.32732356,0.0023014959723820483
23366,0.5600139,0.0
23367,0.7409848,0.27280405405405406
23368,0.18433939,0.00029069767441860465
23369,0.30071053,0.0
23370,0.71549374,0.0
23371,0.27410474,0.0
23372,0.32606095,0.12030075187969924
23373,0.69211733,0.0
23374,0.13641287,0.019691947748099046
23375,0.42040822,0.0
23376,0.86070925,0.030303030303030304
23377,0.79126376,0.0
23378,0.37007293,0.0
23379,0.8881885,0.0
23380,0.6898409,0.0
23381,0.50471187,0.12
23382,0.5452799,0.16666666666666666
23383,0.2246502,0.004744958481613286
23384,0.8804017,0.0
23385,0.44702718,0.03474903474903475
23386,0.84975207,0.0
23387,0.6608359,0.0
23388,0.94687515,0.5324675324675324
23389,0.39786306,0.0
23390,0.7642645,0.0
23391,0.27903014,0.0
23392,0.91313297,0.0
23393,0.23562357,0.0
23394,0.8934527,0.0
23395,0.31181738,0.0
23396,0.38048536,0.0
23397,0.7686416,0.005095541401273885
23398,0.31058577,0.0
23399,0.6561551,0.0
23400,0.42799172,0.0004526935264825713
23401,0.64268804,0.0
23402,0.15224881,0.5238318304251083
23403,0.8323559,0.07142857142857142
23404,0.5440378,0.012658227848101266
23405,0.8278266,0.2807017543859649
23406,0.38398764,0.0
23407,0.3621641,0.05555555555555555
23408,0.17221843,0.0
23409,0.833224,0.0
23410,0.34756905,0.0
23411,0.89739776,0.13114754098360656
23412,0.860506,0.25
23413,0.8590887,0.0
23414,0.46756318,0.9979897660818714
23415,0.21677372,0.0
23416,0.35742554,0.0
23417,0.6299055,0.0
23418,0.3050022,0.030927835051546393
23419,0.43444085,0.0
23420,0.11857977,0.05890202058711399
23421,0.19785911,0.0
23422,0.972346,0.23737880307589435
23423,0.896121,0.14285714285714285
23424,0.82478714,0.0
23425,0.75580347,0.0
23426,0.3112423,0.01555839727195226
23427,0.92323434,0.32815533980582523
23428,0.20125762,0.0
23429,0.81367034,0.0
23430,0.48884916,0.0948905109489051
23431,0.42385375,0.9992690058479532
23432,0.92655283,0.0
23433,0.60167366,0.07319078947368421
23434,0.5401481,0.0
23435,0.79111147,0.0
23436,0.8358161,0.08928571428571429
23437,0.26049238,0.16705336426914152
23438,0.63543546,0.0
23439,0.69456255,0.14728682170542637
23440,0.84293365,0.0
23441,0.53537345,0.0
23442,0.65485287,0.016286644951140065
23443,0.2312079,0.07142857142857142
23444,0.6104733,0.0
23445,0.29171404,0.9706661792926985
23446,0.8686195,0.06451612903225806
23447,0.83683026,0.09722222222222222
23448,0.4584335,0.0729294261754452
23449,0.7062374,0.0
23450,0.472353,0.0
23451,0.42791647,0.0014619883040935672
23452,0.84538907,0.034482758620689655
23453,0.2766636,0.0
23454,0.84493583,0.0
23455,0.7301181,0.0
23456,0.72949356,0.08333333333333333
23457,0.2588944,0.0
23458,0.8493138,0.05
23459,0.16663611,0.0
23460,0.45718756,0.0
23461,0.5562066,0.09262144172213567
23462,0.8213086,0.24
23463,0.69499904,0.0
23464,0.93374753,0.48779296875
23465,0.37414226,0.0
23466,0.40625912,0.0
23467,0.91874576,0.17993079584775087
23468,0.36184934,0.0
23469,0.17495537,0.0
23470,0.6784132,0.0
23471,0.6340997,0.0673076923076923
23472,0.8201538,0.0
23473,0.6275448,0.0
23474,0.81520665,0.0
23475,0.29056022,0.0
23476,0.3820372,0.0045154567558179926
23477,0.7953397,0.06451612903225806
23478,0.8500286,0.12244897959183673
23479,0.6313986,0.0
23480,0.621228,0.08333333333333333
23481,0.7192885,0.07692307692307693
23482,0.49725497,0.0
23483,0.8260634,0.14354066985645933
23484,0.22816041,0.05802047781569966
23485,0.888269,0.0
23486,0.7348291,0.0
23487,0.5856337,0.0
23488,0.16900647,0.0
23489,0.31739014,0.11942379182156133
23490,0.47811058,0.09210526315789473
23491,0.58269554,0.0
23492,0.17585965,0.0023273855702094647
23493,0.8320645,0.0
23494,0.81552035,0.0
23495,0.3073937,0.0
23496,0.42204812,0.0
23497,0.21833122,0.0
23498,0.34143615,0.5016968325791855
23499,0.29190528,0.0
23500,0.67596227,0.0
23501,0.7895775,0.1
23502,0.7485761,0.1005586592178771
23503,0.4391719,0.0725668055896053
23504,0.8660775,0.0
23505,0.32445002,0.0
23506,0.8764683,0.02702702702702703
23507,0.55017424,0.01694915254237288
23508,0.6516101,0.0
23509,0.8646791,0.0
23510,0.42825127,0.02631578947368421
23511,0.47218734,0.062146892655367235
23512,0.86531687,0.0
23513,0.44247597,0.0
23514,0.8751502,0.0
23515,0.3015489,0.261787072243346
23516,0.56865984,0.018950437317784258
23517,0.77455837,0.5
23518,0.33895555,0.0
23519,0.82198584,0.326605504587156
23520,0.35219717,0.0
23521,0.37105986,0.0
23522,0.35943305,0.0
23523,0.25017652,0.9686586257309941
23524,0.12340378,0.00010589854918987609
23525,0.8699159,0.0
23526,0.19552818,0.0
23527,0.22881934,0.04666666666666667
23528,0.59472847,0.0
23529,0.8429192,0.0
23530,0.5734765,0.0
23531,0.5585377,0.0
23532,0.16385409,0.0
23533,0.72581315,0.0
23534,0.91491127,0.16666666666666666
23535,0.57376766,0.0
23536,0.8314482,0.4166666666666667
23537,0.87327534,0.2562988705473501
23538,0.5749003,0.0
23539,0.8954906,0.0
23540,0.7744527,0.0
23541,0.18252869,0.3673825256975037
23542,0.93350965,0.10588235294117647
23543,0.34041047,0.0
23544,0.6698113,0.08888888888888889
23545,0.41631192,0.0
23546,0.81778944,0.0
23547,0.87587845,0.26666666666666666
23548,0.21256071,0.0
23549,0.7366322,0.0
23550,0.8253143,0.0
23551,0.22532906,0.0
23552,0.7361618,0.0
23553,0.1803591,0.3143387743133614
23554,0.8203165,0.1
23555,0.2817907,0.0
23556,0.8061289,0.0
23557,0.570846,0.0
23558,0.31969458,0.07894736842105263
23559,0.21745771,0.0
23560,0.7520646,0.23529411764705882
23561,0.6300974,0.2
23562,0.42399365,0.0
23563,0.90824467,0.0
23564,0.45564732,0.0
23565,0.2659225,0.0
23566,0.7462839,0.0
23567,0.36269215,0.0
23568,0.5459923,0.0
23569,0.6941929,0.0
23570,0.5237652,0.0
23571,0.7286538,0.0
23572,0.7195335,0.0
23573,0.6064197,0.0
23574,0.4615814,0.05469715698393078
23575,0.77067107,0.0
23576,0.29125312,0.837247555514941
23577,0.6429368,0.0
23578,0.39887565,0.0
23579,0.8139821,0.0
23580,0.6771655,0.06060606060606061
23581,0.35784882,0.0
23582,0.5843881,0.0
23583,0.94174904,0.5
23584,0.87846637,0.0989010989010989
23585,0.3814996,0.027450980392156862
23586,0.49778497,0.00023986567522187575
23587,0.35938913,0.0
23588,0.20389956,0.047619047619047616
23589,0.94787776,0.09033280507131537
23590,0.7532976,0.06
23591,0.96035975,0.1753472222222222
23592,0.4276726,0.0
23593,0.19849889,0.0
23594,0.7811567,0.0
23595,0.8326991,0.08333333333333333
23596,0.8847337,0.5555555555555556
23597,0.8329891,0.047619047619047616
23598,0.27734187,0.0018671230745293294
23599,0.8695299,0.013513513513513514
23600,0.9010505,0.04230769230769231
23601,0.43076366,0.21271929824561403
23602,0.87820095,0.0
23603,0.3204348,0.0
23604,0.42480624,9.189487226612754e-05
23605,0.92427194,0.0
23606,0.87074715,0.0
23607,0.6819143,0.0
23608,0.20048778,0.0
23609,0.4580799,0.12173993180352041
23610,0.6076529,0.0
23611,0.58446723,0.0
23612,0.68570924,0.21611253196930946
23613,0.4532039,0.0
23614,0.8405781,0.12244897959183673
23615,0.2521462,0.0
23616,0.6900466,0.0
23617,0.64306706,0.06862745098039216
23618,0.3569134,0.0020491803278688526
23619,0.7797227,0.0
23620,0.5530575,0.07207207207207207
23621,0.60978025,0.0
23622,0.8406215,0.009433962264150943
23623,0.83283234,0.09523809523809523
23624,0.57799035,0.0
23625,0.30215323,0.08147254073627037
23626,0.94577956,0.3318805840052299
23627,0.80671144,0.18285714285714286
23628,0.45428053,0.0
23629,0.28298354,0.02384105960264901
23630,0.44340396,0.0
23631,0.41262048,0.06424736159970376
23632,0.72486746,0.0
23633,0.25210345,0.0
23634,0.30145213,0.7959372970967443
23635,0.6260386,0.010523475445223961
23636,0.68428534,0.0
23637,0.6809454,0.0
23638,0.39628577,0.0
23639,0.8494894,0.0
23640,0.76280266,0.0
23641,0.86681306,0.07894736842105263
23642,0.34266505,0.0
23643,0.19018792,0.014274474541980444
23644,0.6706545,0.0
23645,0.4018276,0.0
23646,0.36280012,0.0
23647,0.22705121,0.19291338582677164
23648,0.60488456,0.0
23649,0.32035357,0.0
23650,0.21731222,0.0
23651,0.269676,0.0
23652,0.74803984,0.0
23653,0.53995866,0.0
23654,0.8486292,0.0
23655,0.82829744,0.0
23656,0.28139156,0.0
23657,0.37063974,0.013333333333333334
23658,0.7973848,0.03225806451612903
23659,0.52381945,0.0
23660,0.814097,0.047619047619047616
23661,0.7590963,0.0072992700729927005
23662,0.517091,0.18181818181818182
23663,0.4316593,0.016398330351818723
23664,0.7622491,0.07894736842105263
23665,0.8356577,0.0
23666,0.8727156,0.0
23667,0.75289315,0.011764705882352941
23668,0.89656514,0.0
23669,0.587817,0.0
23670,0.3130153,0.9843649995428363
23671,0.8613138,0.3333333333333333
23672,0.45519015,0.0
23673,0.38888773,0.0
23674,0.94026625,0.07142857142857142
23675,0.78462654,0.07017543859649122
23676,0.53371584,0.0
23677,0.9215141,0.1746987951807229
23678,0.15621106,0.004662004662004662
23679,0.54098135,0.0
23680,0.9539268,0.34198331788693237
23681,0.8231324,0.0
23682,0.5797575,0.0
23683,0.90823007,0.17857142857142858
23684,0.8816175,0.0
23685,0.32913098,0.9890310786106032
23686,0.3170483,0.0
23687,0.8321367,0.0
23688,0.6778095,0.09919571045576407
23689,0.8705065,0.056074766355140186
23690,0.93459123,0.043243243243243246
23691,0.8729471,0.0
23692,0.8812182,0.0
23693,0.867502,0.0
23694,0.2868871,0.0
23695,0.5877847,0.0
23696,0.5620288,0.011904761904761904
23697,0.8861584,0.047619047619047616
23698,0.74958134,0.0
23699,0.72951,0.02631578947368421
23700,0.8418602,0.08695652173913043
23701,0.40938553,0.0
23702,0.31042495,0.09218436873747494
23703,0.9337757,0.28780068728522334
23704,0.8481966,0.0
23705,0.9118299,0.0
23706,0.17591006,0.005068518866153557
23707,0.27488858,0.0
23708,0.7393188,0.0968586387434555
23709,0.40004915,0.04918032786885246
23710,0.19602925,0.0
23711,0.8454906,0.5021834061135371
23712,0.71430176,0.0
23713,0.2908121,0.0001857700167193015
23714,0.8098297,0.0
23715,0.75749195,0.0
23716,0.50372213,0.0625
23717,0.5323472,0.03125
23718,0.22451282,0.008481110254433308
23719,0.7917785,0.10526315789473684
23720,0.20826645,0.036893203883495145
23721,0.25921664,0.0
23722,0.5217539,0.05263157894736842
23723,0.25777715,0.00511770726714432
23724,0.8880414,0.0552546045503792
23725,0.7168316,0.12149532710280374
23726,0.36729193,0.0
23727,0.42954063,0.0
23728,0.77557063,0.0
23729,0.5479283,0.07373569582871908
23730,0.70943934,0.2532051282051282
23731,0.24449065,0.0
23732,0.78101355,0.18309859154929578
23733,0.86954725,0.0
23734,0.800238,0.0
23735,0.50091535,0.0299625468164794
23736,0.14229827,0.0
23737,0.8258583,0.25
23738,0.777846,0.0
23739,0.75015396,0.0
23740,0.9015747,0.1875
23741,0.52777976,0.07328453796889295
23742,0.8398087,0.0
23743,0.5638252,0.0
23744,0.24378291,0.0
23745,0.86313987,0.0
23746,0.9123918,0.0
23747,0.27622405,0.7563094367227505
23748,0.15521881,0.5731397827631712
23749,0.7339524,0.0
23750,0.93329734,0.3901345291479821
23751,0.96006864,0.22015655577299412
23752,0.91011333,0.0
23753,0.9602317,0.6634136626170085
23754,0.83392155,0.0
23755,0.9294994,0.32108317214700194
23756,0.1774174,0.0
23757,0.40175402,0.9025036549707602
23758,0.67721,0.0
23759,0.8621303,0.0
23760,0.7581774,0.0
23761,0.26185772,0.0
23762,0.56984586,0.07877116975187082
23763,0.84514624,0.0029154518950437317
23764,0.47616422,0.0
23765,0.5666881,0.08450704225352113
23766,0.81556845,0.19010123734533182
23767,0.86077017,0.0
23768,0.28540835,0.29736408566721584
23769,0.51220393,0.01694915254237288
23770,0.35831788,0.0
23771,0.27686134,0.10078740157480315
23772,0.4000737,0.0
23773,0.7702597,0.030303030303030304
23774,0.4175578,0.023391812865497075
23775,0.8117445,0.21875
23776,0.3691791,0.0
23777,0.89814425,0.0
23778,0.38509688,0.03571428571428571
23779,0.26124263,0.9869143484626647
23780,0.3041756,0.0
23781,0.2950615,0.01764705882352941
23782,0.8448985,0.0
23783,0.76346123,0.0
23784,0.92212456,0.0
23785,0.8275966,0.0
23786,0.504092,0.0
23787,0.45316133,0.0
23788,0.5899254,0.03954802259887006
23789,0.51308537,0.09389671361502347
23790,0.3425026,0.0
23791,0.20115116,0.00684931506849315
23792,0.8886171,0.07017543859649122
23793,0.33947903,0.0
23794,0.55181843,0.0
23795,0.7988147,0.0
23796,0.8434165,0.019332161687170474
23797,0.33611065,0.07368421052631578
23798,0.71887493,0.16216216216216217
23799,0.5284213,0.030303030303030304
23800,0.14115682,0.0
23801,0.278292,0.0
23802,0.47768882,0.0
23803,0.9207297,0.0
23804,0.31554088,0.0
23805,0.8363264,0.03937007874015748
23806,0.41937274,0.0
23807,0.29829165,0.0014693727615024336
23808,0.7126316,0.0
23809,0.26547596,0.0
23810,0.2587636,0.0
23811,0.87803453,0.0
23812,0.46525186,0.1320736527523378
23813,0.40427953,0.009900990099009901
23814,0.8909741,0.015384615384615385
23815,0.87312543,0.05958132045088567
23816,0.8281829,0.0
23817,0.83894414,0.3333333333333333
23818,0.90696794,0.0
23819,0.64357334,0.0
23820,0.8633556,0.0
23821,0.9427474,0.17959183673469387
23822,0.91601706,0.0
23823,0.65003276,0.0
23824,0.45074084,0.030892448512585814
23825,0.84340256,0.0
23826,0.8759317,0.0
23827,0.5393757,0.022222222222222223
23828,0.86240077,0.0
23829,0.44637576,0.0
23830,0.6963751,0.0
23831,0.9275193,0.2064516129032258
23832,0.44279858,0.03808033385498174
23833,0.2606895,0.013333333333333334
23834,0.33317786,0.09090909090909091
23835,0.4821883,0.0
23836,0.94477016,0.14058898847631243
23837,0.3910803,0.017595307917888565
23838,0.2153602,0.0
23839,0.5454119,0.006600660066006601
23840,0.30417186,0.0
23841,0.899614,0.32142857142857145
23842,0.3327584,0.0
23843,0.8437544,0.0
23844,0.3813674,0.0
23845,0.8142444,0.0
23846,0.18411297,0.7204133894274739
23847,0.8844541,0.030303030303030304
23848,0.2598729,0.008633093525179856
23849,0.29270226,0.00030634126416828345
23850,0.8363014,0.0
23851,0.9010891,0.05405405405405406
23852,0.67632633,0.0
23853,0.8073756,0.0641025641025641
23854,0.95014197,0.13468013468013468
23855,0.18960047,0.0
23856,0.4086887,0.0
23857,0.81171805,0.0
23858,0.89308023,0.2422360248447205
23859,0.27302262,0.005134788189987163
23860,0.5320869,0.0
23861,0.2926948,0.0
23862,0.43699336,0.009900990099009901
23863,0.37043646,0.009433962264150943
23864,0.6595031,0.0
23865,0.67098105,0.0
23866,0.24551906,0.06170598911070781
23867,0.8739243,0.08461538461538462
23868,0.8482733,0.125
23869,0.1636087,0.0
23870,0.21025448,0.0
23871,0.83097816,0.1
23872,0.94515795,0.1019986216402481
23873,0.9551043,0.20685579196217493
23874,0.90353,0.0
23875,0.38840842,0.04449648711943794
23876,0.23078328,0.0
23877,0.6852287,0.12030075187969924
23878,0.61167115,0.0035502958579881655
23879,0.9479329,0.0
23880,0.89925027,0.0
23881,0.79451984,0.11764705882352941
23882,0.5091252,0.0002787068004459309
23883,0.9122075,0.03225806451612903
23884,0.24859561,0.0
23885,0.24932234,0.42609164420485174
23886,0.57944095,0.0
23887,0.49915412,0.020833333333333332
23888,0.36394373,0.0196078431372549
23889,0.5317704,0.004668701741784881
23890,0.52583957,0.07331136738056013
23891,0.6789922,0.030303030303030304
23892,0.56799334,0.0
23893,0.40833163,0.0
23894,0.24691257,0.0032258064516129032
23895,0.92807317,0.034482758620689655
23896,0.2522198,0.17691356637068675
23897,0.25563306,0.4648340535074009
23898,0.80368614,0.75
23899,0.88384223,0.10526315789473684
23900,0.28847456,0.0
23901,0.35939422,0.0
23902,0.8068411,0.0
23903,0.78813463,0.06363636363636363
23904,0.43090144,0.0016051364365971107
23905,0.9024639,0.175
23906,0.35310465,0.0
23907,0.21603538,0.0016944365998305564
23908,0.86847293,0.0
23909,0.90289587,0.0
23910,0.20335211,0.02631578947368421
23911,0.8811371,0.0
23912,0.19454211,0.14965986394557823
23913,0.24592522,0.5370574206567602
23914,0.22210753,0.0
23915,0.4833231,0.0015455950540958269
23916,0.51519495,0.22641509433962265
23917,0.8833632,0.0
23918,0.82898426,0.0
23919,0.57141864,0.0
23920,0.3973237,0.0
23921,0.33988738,0.0
23922,0.7897531,0.04150943396226415
23923,0.9131159,0.1
23924,0.21496426,0.004705882352941176
23925,0.24703148,0.0
23926,0.8917736,0.2276697661313046
23927,0.2189593,0.0
23928,0.884467,0.05303030303030303
23929,0.46455353,0.0
23930,0.784649,0.08333333333333333
23931,0.17991407,0.0007716049382716049
23932,0.5361327,0.018518518518518517
23933,0.8301647,0.2
23934,0.14407626,0.24648904055650347
23935,0.38380754,0.088992499493209
23936,0.7742244,0.0
23937,0.56283057,0.0
23938,0.347274,0.04181818181818182
23939,0.68718004,0.07249466950959488
23940,0.21673383,0.0
23941,0.9248333,0.22662889518413598
23942,0.76770854,0.0
23943,0.9455224,0.30694980694980695
23944,0.94348377,0.0
23945,0.7273564,9.38350380031904e-05
23946,0.5146407,0.0
23947,0.23148248,0.0
23948,0.7041259,0.0
23949,0.4500138,0.18
23950,0.8920063,0.3076923076923077
23951,0.324386,0.0
23952,0.86995447,0.3333333333333333
23953,0.79994744,0.1111111111111111
23954,0.8532751,0.2
23955,0.15228172,0.0
23956,0.4085188,0.0
23957,0.64244926,0.013605442176870748
23958,0.59367305,0.0
23959,0.41142,0.0
23960,0.7892011,0.0
23961,0.8268099,0.26778242677824265
23962,0.90694296,0.0
23963,0.7845538,0.0
23964,0.62637824,0.0
23965,0.33560568,0.0
23966,0.42643782,0.0
23967,0.41856262,0.0
23968,0.40140745,0.0
23969,0.26543418,0.0
23970,0.45041275,0.0
23971,0.6794715,0.0
23972,0.76195717,0.0
23973,0.6972749,0.0
23974,0.6063946,0.0
23975,0.7753839,0.0
23976,0.55019337,0.0
23977,0.51467556,0.0
23978,0.73108447,0.0
23979,0.52747744,0.06511175898931001
23980,0.652015,0.0
23981,0.80269206,0.15151515151515152
23982,0.77182704,0.0
23983,0.6375708,0.0
23984,0.85573536,0.06060606060606061
23985,0.8245314,0.0
23986,0.19870792,0.0
23987,0.6534785,0.21311475409836064
23988,0.5799164,0.10429447852760736
23989,0.41850743,0.0
23990,0.6395691,0.0
23991,0.44544533,0.0
23992,0.18292892,0.0
23993,0.29955816,0.01652892561983471
23994,0.2532851,0.0
23995,0.38282177,0.023095823095823097
23996,0.3887975,0.0
23997,0.19909911,0.006578947368421052
23998,0.47973344,0.06084656084656084
23999,0.51706547,0.0
24000,0.23710734,0.12554653341661462
24001,0.20924711,0.007352941176470588
24002,0.24500038,0.06344194057700589
24003,0.32738686,0.06554307116104868
24004,0.8863865,0.11570247933884298
24005,0.93244183,0.06
24006,0.49639216,0.0
24007,0.5795372,0.0
24008,0.4731141,0.0
24009,0.7597374,0.04195804195804196
24010,0.8157413,0.0
24011,0.20059878,0.0
24012,0.8724682,0.07142857142857142
24013,0.42414707,0.0
24014,0.32850772,0.0
24015,0.29483947,0.03125
24016,0.57693076,0.03571428571428571
24017,0.2955799,0.0036310820624546117
24018,0.6367234,0.0
24019,0.6347526,0.0
24020,0.34584,0.0
24021,0.9111782,0.0
24022,0.6968669,0.0
24023,0.80325824,0.0
24024,0.7887473,0.0
24025,0.23619409,0.058823529411764705
24026,0.5876554,0.0
24027,0.6210216,1.0
24028,0.30220413,0.0
24029,0.23535027,0.0
24030,0.60316217,0.0
24031,0.35202187,0.011682242990654205
24032,0.76179206,0.0
24033,0.76659197,0.05737704918032787
24034,0.25779095,0.0
24035,0.8949423,0.23170731707317074
24036,0.23185286,0.0
24037,0.887541,0.5
24038,0.9376882,0.14678899082568808
24039,0.6730783,0.020833333333333332
24040,0.29198337,0.013071895424836602
24041,0.7321471,0.2542372881355932
24042,0.72831905,0.03669724770642202
24043,0.34599,0.0
24044,0.560456,0.07894736842105263
24045,0.9048984,0.0
24046,0.2889522,0.0
24047,0.7718435,0.0
24048,0.76582086,0.18803418803418803
24049,0.58879393,0.0
24050,0.5374949,0.0
24051,0.88266516,0.0
24052,0.89515626,0.0
24053,0.8467288,0.0
24054,0.16206366,0.7348242811501597
24055,0.83228153,0.0
24056,0.22591223,0.0
24057,0.37401786,0.0
24058,0.8998969,0.0
24059,0.3916289,0.00042301184433164127
24060,0.35733065,0.05304085422469824
24061,0.8595447,0.0
24062,0.8443868,0.13636363636363635
24063,0.35448503,0.02404809619238477
24064,0.89917,0.375
24065,0.8004557,0.09090909090909091
24066,0.79560596,0.0
24067,0.4660525,0.9766081871345029
24068,0.93981683,0.38461538461538464
24069,0.9202848,0.0
24070,0.7631951,0.0
24071,0.90987825,0.0
24072,0.8937118,0.25
24073,0.6552531,0.0
24074,0.41605633,0.0
24075,0.8680384,0.13297872340425532
24076,0.85002875,0.0
24077,0.26399472,0.0
24078,0.8662728,0.020833333333333332
24079,0.31990722,0.46689895470383275
24080,0.7629725,0.0
24081,0.70459163,0.0
24082,0.14744227,0.0
24083,0.8417735,0.08333333333333333
24084,0.5852298,0.0
24085,0.93754166,0.0
24086,0.94458157,0.31527093596059114
24087,0.9159048,0.0
24088,0.8149016,0.0
24089,0.88139564,0.0
24090,0.43817398,0.0008103727714748784
24091,0.65442634,0.08620689655172414
24092,0.84988165,0.0
24093,0.89379054,0.15053763440860216
24094,0.46082628,0.07790143084260731
24095,0.20183219,0.0
24096,0.6970352,0.0
24097,0.67243224,0.0024752475247524753
24098,0.90970105,0.04
24099,0.37535712,0.0
24100,0.6322069,0.011363636363636364
24101,0.29716766,0.019311875693673698
24102,0.72436976,0.0
24103,0.5440813,0.0
24104,0.57014817,0.0
24105,0.25230896,0.0
24106,0.8720967,0.0
24107,0.8739883,0.0
24108,0.778568,0.0
24109,0.8189419,0.0
24110,0.27114698,0.0
24111,0.2882501,0.0
24112,0.5240776,0.06779661016949153
24113,0.29326802,0.0
24114,0.40057853,0.1210348295090959
24115,0.31014523,0.07547169811320754
24116,0.72086287,0.041666666666666664
24117,0.22177187,0.0
24118,0.67823607,0.14285714285714285
24119,0.937763,0.3617021276595745
24120,0.3841018,0.013157894736842105
24121,0.7990079,0.058823529411764705
24122,0.34471402,0.01834862385321101
24123,0.22368506,0.012787436904094224
24124,0.880015,0.0625
24125,0.62349486,0.08114660581859669
24126,0.55937016,0.0
24127,0.23323686,0.0
24128,0.40226337,0.002911208151382824
24129,0.87155545,0.0
24130,0.7472184,0.0
24131,0.7822027,0.0
24132,0.8444232,0.125
24133,0.79778194,0.0
24134,0.5448291,0.2857142857142857
24135,0.45804062,0.07321411852822769
24136,0.9024918,0.20437956204379562
24137,0.72839266,0.10377358490566038
24138,0.69140255,0.01639344262295082
24139,0.6731782,0.05
24140,0.9055355,0.08333333333333333
24141,0.8243977,0.014084507042253521
24142,0.7186851,0.0
24143,0.19659062,0.0
24144,0.81923926,0.25
24145,0.7773802,0.16521739130434782
24146,0.83210146,0.0
24147,0.5968219,0.05150214592274678
24148,0.7071062,0.0
24149,0.28625125,0.028846153846153848
24150,0.5717785,0.055511965476657515
24151,0.19543967,0.03508771929824561
24152,0.88028467,0.061224489795918366
24153,0.25739515,0.00784313725490196
24154,0.9196558,0.0
24155,0.16713369,0.0
24156,0.8589481,0.1722689075630252
24157,0.5048222,0.06666666666666667
24158,0.23718347,0.10582908885116016
24159,0.22688444,0.0
24160,0.86440456,0.0
24161,0.9163487,0.0
24162,0.7592821,0.0
24163,0.8385013,0.06557377049180328
24164,0.22275054,0.005649717514124294
24165,0.918319,0.25
24166,0.6850085,0.0
24167,0.8325017,0.0
24168,0.38837346,0.08735632183908046
24169,0.8090693,0.0
24170,0.8205956,0.027777777777777776
24171,0.73225844,0.0
24172,0.3509588,0.04081632653061224
24173,0.26693922,0.0
24174,0.67373574,0.0
24175,0.67731947,0.0
24176,0.7417517,0.022222222222222223
24177,0.7186759,0.0
24178,0.16359729,0.18707643814026792
24179,0.8926876,0.0
24180,0.54200023,0.07083333333333333
24181,0.2505853,0.0008043434546551378
24182,0.30977014,0.011323701679031628
24183,0.26814985,0.0002013895881582922
24184,0.3464778,0.0
24185,0.45667297,0.08919481721425267
24186,0.49077663,0.0
24187,0.9157191,0.0
24188,0.32193574,0.0
24189,0.90959466,0.16129032258064516
24190,0.84822094,0.09090909090909091
24191,0.7541155,0.16666666666666666
24192,0.77731353,0.0
24193,0.83052516,0.0
24194,0.43367773,0.06976744186046512
24195,0.45272332,0.07025135807015928
24196,0.6453031,0.0
24197,0.4440809,0.008264462809917356
24198,0.28727493,0.0
24199,0.45711145,0.0
24200,0.56700677,0.1875
24201,0.9298638,0.04807364473235595
24202,0.9124338,0.0
24203,0.6333181,0.0
24204,0.8626697,0.14814814814814814
24205,0.49248382,0.04201680672268908
24206,0.260715,0.39591248526136513
24207,0.8371601,0.11764705882352941
24208,0.17265785,0.0
24209,0.91077536,0.09090909090909091
24210,0.19690943,0.024854574299312534
24211,0.6332878,0.0136986301369863
24212,0.6121733,0.0
24213,0.42654884,0.07326442879356078
24214,0.44952267,0.0
24215,0.75427973,0.0
24216,0.92583436,0.08695652173913043
24217,0.54670554,0.00980392156862745
24218,0.40792814,0.9330950417010356
24219,0.47118512,0.02040816326530612
24220,0.79456127,0.23943661971830985
24221,0.22792077,0.009259259259259259
24222,0.43097287,0.005649717514124294
24223,0.6547927,0.0
24224,0.67235553,0.3333333333333333
24225,0.2871567,0.0
24226,0.83356035,0.0
24227,0.36082458,0.0
24228,0.74958336,0.0
24229,0.31896833,0.018867924528301886
24230,0.90353644,0.39549180327868855
24231,0.515401,0.0
24232,0.2867642,0.0
24233,0.37672487,0.0
24234,0.58111703,0.0
24235,0.8221641,0.1016949152542373
24236,0.53778344,0.0
24237,0.9162169,0.23056994818652848
24238,0.84288263,0.0
24239,0.3705975,0.16333938294010888
24240,0.8943824,0.0
24241,0.48991257,0.01947064192272589
24242,0.6606033,0.0
24243,0.88353175,0.0
24244,0.4642233,0.9771459914068927
24245,0.7793076,0.0
24246,0.33690986,0.00024912805181863477
24247,0.5403064,0.0
24248,0.74587154,0.03333333333333333
24249,0.3434269,0.0
24250,0.47792664,0.0
24251,0.1654269,0.9794351521798739
24252,0.47846997,0.02197802197802198
24253,0.2133962,0.0
24254,0.719758,0.1875
24255,0.22548012,0.0
24256,0.28560132,0.44612248679699806
24257,0.86511564,0.0
24258,0.26988876,0.5707486728903532
24259,0.85358495,0.1111111111111111
24260,0.58125246,0.0
24261,0.86970013,0.0
24262,0.86110705,0.0
24263,0.87724334,0.3333333333333333
24264,0.75997466,0.13602941176470587
24265,0.83674324,0.18181818181818182
24266,0.32311964,0.023622047244094488
24267,0.8325475,0.07692307692307693
24268,0.38348398,0.03508771929824561
24269,0.12997451,0.0
24270,0.73099506,0.0
24271,0.7449786,0.125
24272,0.7292193,0.0
24273,0.8757686,0.0
24274,0.17881891,0.10666666666666667
24275,0.2109916,0.027821522309711286
24276,0.15570778,0.0
24277,0.120816715,0.0
24278,0.54525644,0.6264399341744378
24279,0.6873326,0.0
24280,0.7782805,0.061068702290076333
24281,0.5295348,0.01904761904761905
24282,0.3756662,0.00019098548510313216
24283,0.7937996,0.0
24284,0.8975567,0.08602150537634409
24285,0.1810904,0.0
24286,0.4643472,0.07171606293450421
24287,0.18116318,0.003745318352059925
24288,0.89786613,0.22916666666666666
24289,0.5017912,0.000275583318023149
24290,0.9000514,0.0
24291,0.82497215,0.07894736842105263
24292,0.8585567,0.0
24293,0.66668254,0.10204081632653061
24294,0.74121124,0.0
24295,0.30452466,0.0
24296,0.30291358,0.0
24297,0.8833903,0.0
24298,0.2353035,0.2596938775510204
24299,0.7321081,0.0
24300,0.29200968,0.0
24301,0.6202105,0.07399538106235566
24302,0.60712063,0.0
24303,0.7262578,0.29936642027455124
24304,0.2225183,0.05555555555555555
24305,0.8917799,1.0
24306,0.28123215,0.0
24307,0.5782602,0.07763975155279502
24308,0.18890601,0.0
24309,0.8300391,0.0
24310,0.49146968,0.0
24311,0.31002238,0.0
24312,0.6988368,0.14285714285714285
24313,0.8923851,0.0
24314,0.32025796,0.8243304999543003
24315,0.49026805,0.03924566768603466
24316,0.26002538,0.04551724137931035
24317,0.2169936,0.0
24318,0.15655352,0.0
24319,0.2629982,0.0
24320,0.5428276,0.0
24321,0.40652537,0.031417624521072794
24322,0.13965975,0.14873876485937954
24323,0.39432484,0.0
24324,0.22107899,0.006578947368421052
24325,0.47640905,0.0
24326,0.40376663,0.0
24327,0.25017715,0.0
24328,0.44618508,0.0003325573661456601
24329,0.3019051,0.0
24330,0.36760345,0.09425878320479864
24331,0.23615943,0.0
24332,0.5133697,0.0
24333,0.2278521,0.001498800959232614
24334,0.85072285,0.16666666666666666
24335,0.33970517,0.10292397660818714
24336,0.9080834,0.0
24337,0.64002067,0.057692307692307696
24338,0.42284176,0.010101010101010102
24339,0.66043,0.0
24340,0.91000104,0.09510086455331412
24341,0.8999455,0.02666666666666667
24342,0.69153917,0.125
24343,0.81847477,0.18181818181818182
24344,0.8342926,0.015151515151515152
24345,0.51984894,0.0
24346,0.26634544,0.0016181229773462784
24347,0.19822618,0.0
24348,0.80311054,0.0625
24349,0.8586141,0.0
24350,0.55305505,0.02962962962962963
24351,0.2216317,0.021633484872237027
24352,0.85321915,0.0
24353,0.4179413,0.0
24354,0.5686102,0.0
24355,0.84718806,0.2
24356,0.19570254,0.021505376344086023
24357,0.28396192,0.0015384615384615385
24358,0.5912015,0.0
24359,0.7683904,0.0
24360,0.83994883,0.0
24361,0.30767605,0.07307445148260351
24362,0.28220797,0.04361370716510903
24363,0.39479002,0.0
24364,0.6250822,0.008620689655172414
24365,0.6888353,0.0
24366,0.7964899,0.1
24367,0.5932056,0.0
24368,0.8486622,0.0
24369,0.84725916,0.0
24370,0.73341954,0.02666666666666667
24371,0.73701966,0.023809523809523808
24372,0.7833908,0.0
24373,0.937503,0.27898966704936856
24374,0.8913092,0.0
24375,0.6667889,0.0
24376,0.2922748,0.0
24377,0.6085884,0.0
24378,0.561134,0.0851063829787234
24379,0.8139411,0.19230769230769232
24380,0.42271137,0.03178639542275906
24381,0.72335136,0.0
24382,0.21291254,0.011350293542074364
24383,0.82312196,0.15310427968655818
24384,0.36584985,0.0
24385,0.4031563,0.0
24386,0.9315752,0.2916666666666667
24387,0.5121211,0.008264462809917356
24388,0.61881,0.029850746268656716
24389,0.8408921,0.02702702702702703
24390,0.4649634,0.0
24391,0.8816397,0.0
24392,0.8810525,0.6
24393,0.5645349,0.0
24394,0.9101928,0.21311475409836064
24395,0.7869575,0.0
24396,0.54499733,0.06432748538011696
24397,0.27149746,0.008620689655172414
24398,0.30788833,0.02857142857142857
24399,0.88815224,0.0
24400,0.81633544,0.0
24401,0.36215463,0.0
24402,0.9263583,0.1875
24403,0.18094191,0.0
24404,0.9295395,0.7160667605067363
24405,0.8776963,0.0
24406,0.36715016,0.9860882299103056
24407,0.7493189,0.0
24408,0.76290077,0.0
24409,0.28785715,0.0
24410,0.48554876,0.0
24411,0.906402,0.2606060606060606
24412,0.7247953,0.0
24413,0.4572626,0.0
24414,0.78288305,0.0
24415,0.15461463,0.32322418136020153
24416,0.23672226,0.0
24417,0.15959547,0.0072992700729927005
24418,0.2379764,0.0
24419,0.6592001,0.09785932721712538
24420,0.8635557,0.05714285714285714
24421,0.46673244,0.049019607843137254
24422,0.18533874,0.5623505609711238
24423,0.85200316,0.0196078431372549
24424,0.24735077,0.0
24425,0.92795116,0.314214463840399
24426,0.8998378,0.22443890274314215
24427,0.8138886,0.0
24428,0.45666552,0.18969120037148826
24429,0.87787366,0.0
24430,0.55398494,0.35294117647058826
24431,0.3000878,0.012345679012345678
24432,0.89934593,0.0
24433,0.4264199,0.0
24434,0.21626925,0.004842615012106538
24435,0.52010626,0.0
24436,0.7577687,0.0
24437,0.18746173,0.08506356901125034
24438,0.5419901,0.0
24439,0.90989375,0.16
24440,0.44485062,0.0
24441,0.32975972,0.14049079754601226
24442,0.843713,0.0
24443,0.5180829,0.006944444444444444
24444,0.5764663,0.0
24445,0.8268039,0.125
24446,0.8311164,0.0
24447,0.87754154,0.0
24448,0.3571126,0.029229406554472984
24449,0.29662097,0.012048192771084338
24450,0.51209366,0.0024449877750611247
24451,0.22357811,0.0
24452,0.81055343,0.0
24453,0.65635836,0.0
24454,0.26790348,0.0
24455,0.9172678,0.24242424242424243
24456,0.66645074,0.0
24457,0.7497553,0.06
24458,0.25603834,0.0
24459,0.14290021,0.0
24460,0.62235004,0.07136772361571225
24461,0.57616484,0.058823529411764705
24462,0.8445429,0.15625
24463,0.87717545,0.0
24464,0.24976546,0.001893043066729768
24465,0.6516898,0.18444100978876868
24466,0.88743865,0.18181818181818182
24467,0.8758478,0.21428571428571427
24468,0.6993001,0.19117647058823528
24469,0.9218468,0.0
24470,0.9329485,0.0
24471,0.13795912,0.0
24472,0.93482447,0.23103448275862068
24473,0.20982786,0.015348288075560802
24474,0.21137469,0.0017219787100814026
24475,0.35348892,0.018867924528301886
24476,0.3186596,0.0
24477,0.8937437,0.0
24478,0.8561317,0.21739130434782608
24479,0.40858996,0.0
24480,0.5235768,0.0
24481,0.4527138,0.0
24482,0.8707991,0.14285714285714285
24483,0.9484943,0.2
24484,0.3395773,0.013333333333333334
24485,0.81133157,0.13829787234042554
24486,0.72490984,0.03571428571428571
24487,0.306386,0.0
24488,0.3229183,0.0
24489,0.26610804,0.045454545454545456
24490,0.6641614,0.0
24491,0.3709297,0.0
24492,0.8706197,0.0
24493,0.28130153,0.0
24494,0.6873469,0.0
24495,0.22840922,0.0
24496,0.74952424,0.0
24497,0.20891544,0.0
24498,0.47430718,0.0025450089546611367
24499,0.7571348,0.0
24500,0.75315624,0.0
24501,0.5609158,0.017857142857142856
24502,0.6363907,0.008333333333333333
24503,0.54841256,0.0
24504,0.18437146,0.14048753665689148
24505,0.83407533,0.0
24506,0.6719943,0.0
24507,0.25804368,0.0
24508,0.36207172,0.0
24509,0.852022,0.0
24510,0.9066143,0.0
24511,0.9397043,0.2518987341772152
24512,0.27010903,0.0
24513,0.26684308,0.0006958942240779402
24514,0.1986839,0.0
24515,0.3544263,0.02514792899408284
24516,0.8555358,0.0
24517,0.59512985,0.0
24518,0.6874717,0.0
24519,0.27543148,0.0
24520,0.4577191,0.0
24521,0.2863672,0.0
24522,0.8023082,0.0
24523,0.262343,0.006289308176100629
24524,0.56023157,0.0
24525,0.60680264,0.0
24526,0.22214583,0.002421307506053269
24527,0.8724445,0.0
24528,0.8533877,0.0
24529,0.79046524,0.0
24530,0.90425867,0.04285714285714286
24531,0.8633616,0.0
24532,0.689851,0.0
24533,0.6263894,0.0
24534,0.24985445,0.09537110933758979
24535,0.45564887,0.0
24536,0.28962022,0.050158493380570573
24537,0.8949092,0.0
24538,0.825165,0.0472972972972973
24539,0.9030907,0.0
24540,0.8410441,0.0
24541,0.74690753,0.07377049180327869
24542,0.8787799,0.0
24543,0.6124449,0.07142857142857142
24544,0.24090809,0.0
24545,0.43499878,0.000473305566073457
24546,0.6227952,0.0
24547,0.38181582,0.0
24548,0.9003557,0.0
24549,0.8167342,0.0
24550,0.82961667,0.0
24551,0.42722738,0.993421052631579
24552,0.28357714,0.0
24553,0.79875875,0.0
24554,0.62978005,0.0
24555,0.2469032,0.002117148906139732
24556,0.56991726,0.0
24557,0.83081734,0.0
24558,0.83779305,0.0
24559,0.24392712,0.9342105263157895
24560,0.25306988,0.0
24561,0.79560786,0.1111111111111111
24562,0.36868426,0.0
24563,0.25825378,0.9331680895988249
24564,0.43016827,0.0
24565,0.80482566,0.0
24566,0.6574741,0.1111111111111111
24567,0.8563254,0.05714285714285714
24568,0.1443627,0.13986399558904614
24569,0.53526086,0.0594059405940594
24570,0.75922936,0.2
24571,0.23843803,0.017391304347826087
24572,0.5680521,0.0
24573,0.54407084,0.0
24574,0.88491976,0.0547945205479452
24575,0.6318657,0.0
