BaseFeatureIdx,GeometricSim,FunctionalJaccard
0,1.0,0.21935577904095613
1,0.78956866,0.44197322652050175
2,1.0,0.10390135435617547
3,0.883825,0.2192674360260913
4,1.0,0.10390135435617547
5,1.0,0.10390135435617547
6,1.0,0.10390135435617547
7,0.95911753,0.2639166428775335
8,1.0,0.10656555577728996
9,1.0,0.07870474477175624
10,1.0,0.10381741062411634
11,1.0,0.10030518819938962
12,1.0,0.10394337714863498
13,1.0,0.26153846153846155
14,1.0,0.10390135435617547
15,1.0,0.10385936552838958
16,1.0,0.10390135435617547
17,1.0,0.10390135435617547
18,1.0,0.10390135435617547
19,0.99728817,0.09825847846012832
20,1.0,0.35113762486126526
21,1.0,0.10390135435617547
22,1.0,0.10390135435617547
23,0.9676868,0.27872141233114883
24,1.0,0.10390135435617547
25,1.0,0.31199131850244166
26,1.0,0.10390135435617547
27,1.0,0.10390135435617547
28,1.0,0.10390135435617547
29,1.0,0.10981496379726469
30,0.77476275,0.5896197327852004
31,1.0,0.10390135435617547
32,1.0,0.10390135435617547
33,1.0,0.10349706893066504
34,1.0,0.10394337714863498
35,0.9530683,0.08255633255633256
36,1.0,0.10390135435617547
37,1.0,0.10390135435617547
38,0.96613544,0.3843700159489633
39,0.6678762,0.3623140495867769
40,1.0,0.020938446014127143
41,1.0,0.10758620689655173
42,1.0,0.10390135435617547
43,1.0,0.10390135435617547
44,1.0,0.10394337714863498
45,1.0,0.10394337714863498
46,1.0,0.10390135435617547
47,0.9189252,0.2520180820148531
48,1.0,0.10169834209462192
49,0.977454,0.3179611650485437
50,1.0,0.10390135435617547
51,1.0,0.10390135435617547
52,1.0,0.10390135435617547
53,0.96684855,0.2644235731241614
54,0.9989804,0.16008037508372405
55,1.0,0.18241162704766598
56,1.0,0.10390135435617547
57,1.0,0.10390135435617547
58,1.0,0.10388035569927244
59,0.8101252,0.21141057052852644
60,1.0,0.10184247823446042
61,0.8889547,0.06811574138169736
62,1.0,0.10390135435617547
63,1.0,0.10390135435617547
64,1.0,0.10390135435617547
65,0.999842,0.11986169804072225
66,1.0,0.10390135435617547
67,1.0,0.10445962233828847
68,1.0,0.10254854368932038
69,1.0,0.10390135435617547
70,1.0,0.10390135435617547
71,1.0,0.10390135435617547
72,1.0,0.1034412955465587
73,1.0,0.10390135435617547
74,1.0,0.10390135435617547
75,1.0,0.07026644659278472
76,1.0,0.10390135435617547
77,1.0,0.1288867790173273
78,0.7193395,0.5804968808142716
79,1.0,0.10779371849554091
80,1.0,0.10610551274451689
81,1.0,0.10390135435617547
82,1.0,0.10390135435617547
83,1.0,0.3011184399197018
84,0.95536244,0.25107420740912784
85,0.99996364,0.16186947848389854
86,0.92797977,0.5555994469682006
87,1.0,0.026700898587933248
88,0.7840232,0.34312600413128297
89,1.0,0.11237877923559612
90,1.0,0.04324456388956755
91,1.0,0.10390135435617547
92,0.9278219,0.17053038285914998
93,1.0,0.10381741062411634
94,1.0,0.10390135435617547
95,1.0,0.10394337714863498
96,1.0,0.10390135435617547
97,1.0,0.12342621259029928
98,1.0,0.10390135435617547
99,1.0,0.10409521888238854
100,1.0,0.10394337714863498
101,1.0,0.10390135435617547
102,1.0,0.10390135435617547
103,1.0,0.10390135435617547
104,1.0,0.10390135435617547
105,1.0,0.10390135435617547
106,0.95809156,0.1591684765746199
107,1.0,0.10390135435617547
108,1.0,0.10394337714863498
109,1.0,0.10390135435617547
110,1.0,0.10390135435617547
111,1.0,0.10394337714863498
112,1.0,0.10051177072671443
113,1.0,0.10551463268962771
114,1.0,0.11933413557962294
115,1.0,0.10390135435617547
116,1.0,0.09904218463419605
117,1.0,0.11156351791530944
118,1.0,0.15717201707181294
119,1.0,0.10541026152924736
120,0.9999827,0.14088669950738916
121,0.9999525,0.16661874640598046
122,0.9816466,0.3171646304584493
123,1.0,0.10390135435617547
124,1.0,0.10390135435617547
125,1.0,0.10390135435617547
126,1.0,0.10394337714863498
127,0.910031,0.3235129382771368
128,0.7297151,0.24260880598908768
129,1.0,0.10390135435617547
130,1.0,0.10829135993800852
131,1.0,0.10390135435617547
132,1.0,0.10390135435617547
133,0.7280054,0.45878775167785235
134,0.92199355,0.1371485657199943
135,1.0,0.10394337714863498
136,1.0,0.10390135435617547
137,1.0,0.10369921164342026
138,1.0,0.16021160022671452
139,1.0,0.10390135435617547
140,0.99999774,0.17165823933618565
141,0.48258513,0.18084795321637426
142,0.94077164,0.09264173703256937
143,1.0,0.10248756218905472
144,0.9999996,0.14924506387921022
145,0.99999994,0.1521698290437723
146,1.0,0.10417511147142278
147,1.0,0.17631983598154793
148,1.0,0.10390135435617547
149,1.0,0.10390135435617547
150,1.0,0.10390135435617547
151,1.0,0.10381741062411634
152,1.0,0.10390135435617547
153,1.0,0.10390135435617547
154,1.0,0.07991156032849021
155,1.0,0.10390135435617547
156,1.0,0.10390135435617547
157,1.0,0.10390135435617547
158,1.0,0.10390135435617547
159,1.0,0.19652150095864146
160,1.0,0.10390135435617547
161,0.5806672,0.38691689008042895
162,0.9579521,0.1772951324707332
163,1.0,0.10390135435617547
164,1.0,0.10514631685166498
165,1.0,0.10394337714863498
166,1.0,0.10394337714863498
167,0.9665058,0.14754649339009634
168,1.0,0.10506150433555152
169,1.0,0.10422136942031912
170,0.8507241,0.2767652383826192
171,0.9997142,0.1237295625276182
172,1.0,0.10390135435617547
173,1.0,0.10390135435617547
174,0.99802417,0.16194741404218435
175,1.0,0.1653484554544098
176,1.0,0.11072944029096787
177,1.0,0.10390135435617547
178,1.0,0.10781725888324874
179,1.0,0.14767285960543958
180,1.0,0.10390135435617547
181,1.0,0.32671006052301016
182,0.9997329,0.16646562123039807
183,0.96107024,0.4547496790757381
184,0.68092006,0.18980891719745224
185,1.0,0.10458308096103372
186,1.0,0.10608764624231608
187,1.0,0.10390135435617547
188,1.0,0.10390135435617547
189,1.0,0.10392236150424586
190,0.9508306,0.140524492825334
191,1.0,0.10385936552838958
192,1.0,0.1234592847039806
193,0.97680783,0.1768992932862191
194,1.0,0.10390135435617547
195,1.0,0.17110492845786962
196,1.0,0.10390135435617547
197,1.0,0.10578478964401294
198,1.0,0.10390135435617547
199,1.0,0.11498733190411226
200,0.98471826,0.19208211143695014
201,1.0,0.10644314279943445
202,1.0,0.26647345942647954
203,0.91857934,0.06482919254658386
204,1.0,0.1028814935064935
205,0.9996643,0.055487053020961775
206,0.5568892,0.4601642254771416
207,0.956331,0.3006499792559812
208,0.85621583,0.5180469325476166
209,1.0,0.10390135435617547
210,1.0,0.10394337714863498
211,1.0,0.10407422347720856
212,1.0,0.12822548630408892
213,1.0,0.10394337714863498
214,1.0,0.30370942812983
215,1.0,0.12117822520507084
216,0.9644079,0.07387735393529696
217,1.0,0.10390135435617547
218,1.0,0.10390135435617547
219,1.0,0.10390135435617547
220,0.75168186,0.20039347948285555
221,0.7747018,0.1448961937716263
222,0.9988745,0.1453125
223,1.0,0.10218535006070417
224,1.0,0.10408245755860954
225,0.5804759,0.11808618934509671
226,1.0,0.10390135435617547
227,1.0,0.10390135435617547
228,0.9999287,0.23289456535905123
229,0.6471199,0.3483354599234428
230,1.0,0.10390135435617547
231,1.0,0.10390135435617547
232,0.7242658,0.12702702702702703
233,0.9999991,0.23732452518579686
234,1.0,0.19402652401649392
235,1.0,0.07049022749118872
236,1.0,0.08364938895912347
237,0.99999654,0.24863600935307872
238,1.0,0.19335548172757475
239,0.9439645,0.167978612802614
240,0.7846158,0.1441166497117667
241,0.99997646,0.15157384987893463
242,1.0,0.10417928528164748
243,0.9607792,0.1442831215970962
244,1.0,0.10390135435617547
245,0.9226393,0.2993416806505744
246,1.0,0.10390135435617547
247,0.99966353,0.1581805838424983
248,0.99807537,0.22764552910582117
249,0.9792305,0.1705438066465257
250,1.0,0.10390135435617547
251,1.0,0.10524185387573366
252,0.57472867,0.4584097529399072
253,1.0,0.10390135435617547
254,1.0,0.10394337714863498
255,1.0,0.10390135435617547
256,0.95274854,0.49063303538631076
257,1.0,0.10390135435617547
258,0.72646344,0.5777233782129743
259,1.0,0.10390135435617547
260,1.0,0.10390135435617547
261,1.0,0.10390135435617547
262,1.0,0.10352512155591573
263,1.0,0.12522576760987358
264,1.0,0.12186607426213901
265,1.0,0.16281847133757962
266,0.9999979,0.19036467045834726
267,1.0,0.10433905146316852
268,1.0,0.11202290076335877
269,1.0,0.10390135435617547
270,1.0,0.10390135435617547
271,1.0,0.10394337714863498
272,1.0,0.10390135435617547
273,1.0,0.10390135435617547
274,0.944617,0.04785553047404063
275,1.0,0.10390135435617547
276,0.99455494,0.1434439178515008
277,1.0,0.1062611100138258
278,1.0,0.10579446799919241
279,1.0,0.10691573926868045
280,1.0,0.10390135435617547
281,0.9141692,0.67678408283423
282,1.0,0.1844968822594449
283,1.0,0.10418774023872142
284,1.0,0.1060483870967742
285,1.0,0.10390135435617547
286,1.0,0.10390135435617547
287,1.0,0.10390135435617547
288,1.0,0.10639581657280772
289,1.0,0.10390135435617547
290,0.5433623,0.03622748431491601
291,1.0,0.034718702483527625
292,1.0,0.10390135435617547
293,1.0,0.10390135435617547
294,1.0,0.10390135435617547
295,1.0,0.10390135435617547
296,0.9999927,0.11359754014349163
297,1.0,0.10390135435617547
298,1.0,0.4770141629904806
299,1.0,0.10390135435617547
300,1.0,0.10390135435617547
301,1.0,0.10394337714863498
302,1.0,0.102843315184513
303,1.0,0.10417992785911309
304,1.0,0.10406142655081835
305,1.0,0.10390135435617547
306,0.70865947,0.10382854764877236
307,1.0,0.1201515424860184
308,1.0,0.11357702349869452
309,0.7774695,0.24884615384615386
310,1.0,0.11195880221247377
311,1.0,0.10394337714863498
312,1.0,0.10349706893066504
313,0.89257294,0.22407932011331444
314,1.0,0.1048
315,0.42719427,0.1690398432397126
316,1.0,0.1326571201272872
317,1.0,0.1050080775444265
318,1.0,0.10390135435617547
319,1.0,0.1028814935064935
320,1.0,0.10390135435617547
321,1.0,0.10406142655081835
322,1.0,0.23462897526501766
323,1.0,0.10390135435617547
324,1.0,0.10369921164342026
325,1.0,0.11082727451365691
326,1.0,0.10465116279069768
327,1.0,0.10390135435617547
328,1.0,0.10390135435617547
329,1.0,0.10390135435617547
330,0.90745944,0.4918460534898891
331,0.9993272,0.18413642052565707
332,0.9575327,0.16885999682892025
333,1.0,0.10374115267947422
334,1.0,0.10390135435617547
335,0.9908662,0.34724430312665605
336,1.0,0.10390135435617547
337,1.0,0.10390135435617547
338,1.0,0.10390135435617547
339,1.0,0.10390135435617547
340,1.0,0.1113372684714024
341,1.0,0.1406614785992218
342,1.0,0.10390135435617547
343,0.99999994,0.10394337714863498
344,0.9903828,0.38354018556452585
345,1.0,0.10556003223207092
346,1.0,0.10416666666666667
347,1.0,0.10521062088241166
348,1.0,0.33165934295877797
349,1.0,0.10390135435617547
350,1.0,0.10390135435617547
351,1.0,0.10394337714863498
352,1.0,0.3396700706991359
353,1.0,0.10691188358932902
354,1.0,0.10390135435617547
355,1.0,0.10421286031042129
356,1.0,0.10394337714863498
357,1.0,0.1602780909432544
358,0.68666357,0.42197558268590457
359,0.7810836,0.6360334913749621
360,1.0,0.10390135435617547
361,1.0,0.10390135435617547
362,0.62088466,0.16517189835575485
363,1.0,0.11250475104522994
364,1.0,0.10390135435617547
365,1.0,0.10390135435617547
366,1.0,0.10390135435617547
367,0.8597532,0.6318500206015657
368,0.999847,0.15898520084566597
369,1.0,0.05794392523364486
370,0.6304793,0.22916666666666666
371,0.99999,0.17073170731707318
372,1.0,0.10390135435617547
373,0.9999996,0.08921628811131574
374,0.9999213,0.16085298686626182
375,1.0,0.10390135435617547
376,0.99999994,0.10390135435617547
377,1.0,0.10390135435617547
378,0.9991345,0.280202403542062
379,1.0,0.10390135435617547
380,1.0,0.10390135435617547
381,1.0,0.10390135435617547
382,0.9999963,0.19521564518945347
383,1.0,0.10390135435617547
384,0.9861288,0.3716956802063185
385,0.9999981,0.1494447581404103
386,1.0,0.10465116279069768
387,1.0,0.1045289122523251
388,0.54795194,0.6580082336796707
389,1.0,0.10390135435617547
390,1.0,0.10384615384615385
391,1.0,0.10390135435617547
392,1.0,0.10643759873617693
393,0.75401884,0.18866474543707973
394,1.0,0.10390135435617547
395,1.0,0.10390135435617547
396,1.0,0.10390135435617547
397,1.0,0.1076
398,1.0,0.10390135435617547
399,0.9188688,0.1972368864427721
400,1.0,0.10394337714863498
401,0.8474565,0.284997994384276
402,1.0,0.13290559120073328
403,0.97480595,0.35400516795865633
404,1.0,0.10420438543552606
405,0.9633783,0.17689426678190723
406,1.0,0.11059629331184528
407,1.0,0.1075875486381323
408,1.0,0.10390135435617547
409,1.0,0.10390135435617547
410,1.0,0.10390135435617547
411,1.0,0.10390135435617547
412,1.0,0.10390135435617547
413,1.0,0.10390135435617547
414,1.0,0.10394337714863498
415,1.0,0.10577495534828339
416,1.0,0.10392236150424586
417,1.0,0.10390135435617547
418,1.0,0.20542973286875726
419,1.0,0.10390135435617547
420,1.0,0.10373360242179616
421,0.938689,0.6166683422137328
422,1.0,0.10390135435617547
423,1.0,0.10390135435617547
424,1.0,0.10390135435617547
425,0.50778764,0.2005124919923126
426,1.0,0.09092950157162101
427,1.0,0.12211399711399712
428,1.0,0.1294216261525566
429,1.0,0.10390135435617547
430,1.0,0.10377548960226125
431,1.0,0.0987992416262903
432,1.0,0.10390135435617547
433,1.0,0.10390135435617547
434,1.0,0.10384615384615385
435,1.0,0.1074656188605108
436,1.0,0.12416175574070311
437,0.8709728,0.7908380330464034
438,0.9709716,0.19889779559118237
439,1.0,0.10390135435617547
440,1.0,0.10390135435617547
441,0.5884791,0.5013172338090011
442,1.0,0.10390135435617547
443,0.9550217,0.1655087231743091
444,1.0,0.10390135435617547
445,0.9554033,0.23580650178876963
446,1.0,0.17898891756490057
447,1.0,0.10390135435617547
448,1.0,0.10390135435617547
449,0.91409385,0.21404515404764873
450,1.0,0.10390135435617547
451,1.0,0.10390135435617547
452,1.0,0.10390135435617547
453,1.0,0.10390135435617547
454,1.0,0.10390135435617547
455,1.0,0.10918012676344306
456,1.0,0.10390135435617547
457,1.0,0.10390135435617547
458,0.37618196,0.09849967384213959
459,1.0,0.10390135435617547
460,1.0,0.10390135435617547
461,1.0,0.10390135435617547
462,1.0,0.10390135435617547
463,1.0,0.10458567980691874
464,1.0,0.10626971608832808
465,1.0,0.10394337714863498
466,1.0,0.10390135435617547
467,1.0,0.11357702349869452
468,0.6484006,0.22371081900910011
469,1.0,0.10612162706403544
470,1.0,0.10390135435617547
471,1.0,0.10585858585858586
472,1.0,0.10390135435617547
473,1.0,0.10319104848736013
474,1.0,0.1113662456946039
475,1.0,0.10390135435617547
476,1.0,0.11272433958459367
477,0.6147377,0.16055625790139064
478,1.0,0.10398543394699575
479,1.0,0.1099537037037037
480,1.0,0.10390135435617547
481,1.0,0.10390135435617547
482,1.0,0.10379644588045234
483,1.0,0.10394337714863498
484,0.55271846,0.25205761316872427
485,1.0,0.10390135435617547
486,1.0,0.10390135435617547
487,1.0,0.1099006116207951
488,1.0,0.10394337714863498
489,1.0,0.10442334881842052
490,1.0,0.13031331071642388
491,0.9570552,0.1748271482997037
492,1.0,0.13726307019370965
493,0.937818,0.07922912205567452
494,1.0,0.10390135435617547
495,1.0,0.10394337714863498
496,0.86174405,0.5613111230521225
497,1.0,0.10390135435617547
498,1.0,0.10390135435617547
499,0.74805427,0.09945081184336199
500,1.0,0.10390135435617547
501,1.0,0.08435742553634659
502,0.8116892,0.10257430997876858
503,1.0,0.30629032258064515
504,0.99933183,0.11393596986817325
505,0.7086446,0.5623471882640587
506,1.0,0.10390135435617547
507,1.0,0.3172093023255814
508,1.0,0.2734411085450346
509,1.0,0.10394337714863498
510,1.0,0.11627906976744186
511,1.0,0.10786471883129878
512,0.99999994,0.10394337714863498
513,0.78307873,0.08609756097560975
514,1.0,0.10390135435617547
515,1.0,0.14916620853949056
516,1.0,0.10338536387593757
517,1.0,0.10394337714863498
518,1.0,0.10390135435617547
519,1.0,0.10369921164342026
520,0.6623402,0.4805976806422837
521,1.0,0.10390135435617547
522,1.0,0.10390135435617547
523,1.0,0.10390135435617547
524,1.0,0.10390135435617547
525,0.9912731,0.28861273142277455
526,1.0,0.10745967741935483
527,1.0,0.10390135435617547
528,1.0,0.10390135435617547
529,0.9299102,0.3609263930291218
530,0.6765347,0.18585034013605442
531,1.0,0.08143322475570032
532,1.0,0.2698961937716263
533,1.0,0.1288623595505618
534,1.0,0.13227953410981697
535,0.6777072,0.6512416475516106
536,0.9595394,0.4515505846466701
537,1.0,0.10390135435617547
538,1.0,0.1926197330541743
539,1.0,0.10390135435617547
540,0.9999889,0.146422893481717
541,1.0,0.10390135435617547
542,1.0,0.10390135435617547
543,0.92283756,0.08662394045896217
544,1.0,0.10390135435617547
545,1.0,0.10390135435617547
546,1.0,0.1203099510603589
547,1.0,0.10390135435617547
548,0.92538553,0.17442279942279942
549,1.0,0.11622324464892979
550,1.0,0.10390135435617547
551,0.98815936,0.2586285540519994
552,1.0,0.10390135435617547
553,1.0,0.11944912872400225
554,1.0,0.10461351679481991
555,1.0,0.16789237668161436
556,1.0,0.20335429769392033
557,1.0,0.23134639433097123
558,1.0,0.17269651223321186
559,1.0,0.10707111289674569
560,1.0,0.2997940104579306
561,1.0,0.11149162861491628
562,1.0,0.10630159049728206
563,1.0,0.21792890262751158
564,0.98289657,0.36230558096980786
565,1.0,0.10394337714863498
566,1.0,0.12133580705009277
567,1.0,0.10394337714863498
568,0.79761,0.5229093239346363
569,1.0,0.10390135435617547
570,1.0,0.10390135435617547
571,1.0,0.08869106495219255
572,1.0,0.10390135435617547
573,1.0,0.10390135435617547
574,1.0,0.1085824493731919
575,1.0,0.1048078857372762
576,1.0,0.12381300219138057
577,1.0,0.10390135435617547
578,1.0,0.12292002147074611
579,0.8435572,0.2177560293603635
580,1.0,0.10390135435617547
581,1.0,0.09456699346405228
582,1.0,0.10390135435617547
583,1.0,0.12841125449545165
584,1.0,0.10390135435617547
585,1.0,0.10390135435617547
586,0.89058155,0.571056741280583
587,1.0,0.10390135435617547
588,1.0,0.10390135435617547
589,1.0,0.10390135435617547
590,0.90192693,0.21023310365049114
591,1.0,0.10394337714863498
592,1.0,0.10379644588045234
593,1.0,0.10394337714863498
594,0.9339126,0.43030545551553956
595,0.99960315,0.24923954372623575
596,1.0,0.10394337714863498
597,1.0,0.10390135435617547
598,1.0,0.10349706893066504
599,1.0,0.12596037201779214
600,1.0,0.10390135435617547
601,1.0,0.11471518987341772
602,0.95842344,0.25226719752267196
603,1.0,0.08284989122552575
604,1.0,0.1125577488450231
605,1.0,0.11448412698412698
606,0.58542955,0.13417965611441426
607,1.0,0.10478680611423974
608,0.9805198,0.5790246768507638
609,0.9696571,0.21482860245075228
610,0.7021335,0.18984575835475578
611,1.0,0.10394337714863498
612,1.0,0.10394337714863498
613,1.0,0.10390135435617547
614,1.0,0.10878745224210738
615,0.9541855,0.25473854012636105
616,1.0,0.10390135435617547
617,1.0,0.10382513661202186
618,1.0,0.10390135435617547
619,1.0,0.10390135435617547
620,0.96419317,0.07410714285714286
621,1.0,0.1054860830980234
622,1.0,0.10390135435617547
623,1.0,0.10390135435617547
624,1.0,0.10890332441727169
625,1.0,0.10390135435617547
626,0.9999645,0.26162719352067737
627,1.0,0.10390135435617547
628,0.9382555,0.23462088698140202
629,1.0,0.10108896650914322
630,1.0,0.31048286214661
631,1.0,0.10390135435617547
632,1.0,0.10390135435617547
633,0.99993443,0.16532313157535183
634,1.0,0.10390135435617547
635,1.0,0.10390135435617547
636,1.0,0.10390135435617547
637,0.9741104,0.22423780487804879
638,1.0,0.10390135435617547
639,1.0,0.10323886639676114
640,1.0,0.1171960569550931
641,1.0,0.10390135435617547
642,0.91861373,0.5077519379844961
643,1.0,0.10390135435617547
644,0.8357119,0.4175568482284506
645,1.0,0.10390135435617547
646,0.5328847,0.0892059126847714
647,1.0,0.10369921164342026
648,0.84025025,0.37916029636598847
649,1.0,0.10390135435617547
650,1.0,0.10390135435617547
651,0.8507485,0.17205438066465256
652,0.8146913,0.041951219512195125
653,0.9999985,0.1496547863407352
654,0.90609443,0.3626837234621666
655,1.0,0.10390135435617547
656,0.8106362,0.3841819921335176
657,1.0,0.10390135435617547
658,0.970308,0.159242191500256
659,1.0,0.10477346278317153
660,1.0,0.10390135435617547
661,1.0,0.11356275303643724
662,1.0,0.10390135435617547
663,1.0,0.18120805369127516
664,0.9998609,0.15672793601795987
665,0.7275882,0.4343380551709447
666,1.0,0.10398543394699575
667,1.0,0.10390135435617547
668,1.0,0.10733346511168215
669,1.0,0.10390135435617547
670,1.0,0.10679806918744972
671,1.0,0.10390135435617547
672,1.0,0.10390135435617547
673,1.0,0.10390135435617547
674,1.0,0.11817188638018937
675,1.0,0.10390135435617547
676,1.0,0.10390135435617547
677,1.0,0.10390135435617547
678,1.0,0.10390135435617547
679,0.99999994,0.13540557802852884
680,1.0,0.10390135435617547
681,1.0,0.11290629157954761
682,1.0,0.10347615198059822
683,1.0,0.1253873166701095
684,0.9445066,0.2539089525390895
685,1.0,0.10390135435617547
686,1.0,0.10390135435617547
687,0.9999666,0.11600656198734474
688,1.0,0.3408731414109459
689,1.0,0.10390135435617547
690,1.0,0.106421647819063
691,1.0,0.10394337714863498
692,1.0,0.10390135435617547
693,0.41842544,0.32768481253971615
694,1.0,0.11463561533828548
695,0.28370553,0.2084063047285464
696,0.575845,0.2698744769874477
697,1.0,0.12405541561712846
698,1.0,0.10394337714863498
699,1.0,0.10337169392287503
700,1.0,0.16204588910133844
701,1.0,0.10390135435617547
702,0.9999831,0.15620076524870583
703,1.0,0.10349706893066504
704,0.8153247,0.2895040369088812
705,0.76670307,0.2547606793618116
706,1.0,0.10419185812172511
707,1.0,0.10390135435617547
708,1.0,0.10390135435617547
709,1.0,0.10456464910516791
710,1.0,0.10437235543018336
711,1.0,0.10390135435617547
712,0.9758645,0.5968856347323914
713,0.97653824,0.5200409929401048
714,1.0,0.10390135435617547
715,1.0,0.10390135435617547
716,1.0,0.10390135435617547
717,1.0,0.10390135435617547
718,1.0,0.10390135435617547
719,0.9726149,0.5768520418633285
720,1.0,0.10390135435617547
721,0.99997526,0.16223989172728812
722,1.0,0.10368570271364926
723,1.0,0.1357794361525705
724,1.0,0.1429124709527498
725,1.0,0.10390135435617547
726,0.99999976,0.1677175283732661
727,0.96954495,0.2219071251329316
728,0.9427162,0.1125
729,1.0,0.09315469960226083
730,1.0,0.10374115267947422
731,1.0,0.10390135435617547
732,1.0,0.10390135435617547
733,1.0,0.10369921164342026
734,0.6298945,0.31595596608882703
735,0.41607445,0.4403624544469615
736,0.9663608,0.6771599490046092
737,0.8711375,0.3299044819985305
738,1.0,0.10390135435617547
739,1.0,0.10390135435617547
740,1.0,0.10390135435617547
741,1.0,0.10372771474878444
742,1.0,0.10390135435617547
743,1.0,0.08349451966473243
744,1.0,0.10394337714863498
745,1.0,0.10390135435617547
746,0.99999774,0.18206134094151213
747,1.0,0.10394337714863498
748,1.0,0.10390135435617547
749,1.0,0.10390135435617547
750,1.0,0.10398543394699575
751,0.9572987,0.31782139607435334
752,0.9999996,0.14802195722127579
753,1.0,0.10377358490566038
754,1.0,0.10778803693295864
755,0.9018713,0.31612769485903813
756,1.0,0.11214386744796928
757,0.92119634,0.4838160136286201
758,1.0,0.10390135435617547
759,1.0,0.10249139153331983
760,1.0,0.31895942315849
761,1.0,0.10390135435617547
762,0.9572747,0.2381444631089288
763,1.0,0.12376074025115665
764,0.8412365,0.18799580901062715
765,0.95273644,0.4278281750266809
766,1.0,0.10478680611423974
767,1.0,0.1274907423734791
768,0.85653114,0.5578445191369402
769,1.0,0.10390135435617547
770,1.0,0.2273190621814475
771,1.0,0.11925601750547046
772,1.0,0.10390135435617547
773,1.0,0.10467214758371766
774,1.0,0.12718292467807374
775,1.0,0.11064318529862174
776,1.0,0.10390135435617547
777,0.9305433,0.37290045063498567
778,1.0,0.10390135435617547
779,1.0,0.12361359570661896
780,0.9995717,0.1221357063403782
781,1.0,0.10312747426761679
782,1.0,0.1056
783,1.0,0.10390135435617547
784,1.0,0.11155003762227239
785,1.0,0.10595358224016145
786,1.0,0.10390135435617547
787,0.94992346,0.3733016304347826
788,1.0,0.10392236150424586
789,1.0,0.104317998385795
790,1.0,0.10390135435617547
791,1.0,0.10455548866144893
792,1.0,0.11202290076335877
793,1.0,0.10390135435617547
794,0.99770683,0.1490538573508006
795,1.0,0.10589893295751963
796,0.99984574,0.16822187662001037
797,1.0,0.10390135435617547
798,1.0,0.10377548960226125
799,0.8952673,0.14359832635983263
800,1.0,0.10390135435617547
801,1.0,0.10390135435617547
802,1.0,0.10339256865912763
803,0.5706679,0.340655737704918
804,0.62377673,0.18564622714000306
805,1.0,0.10390135435617547
806,0.40254012,0.20433485157845138
807,0.91429937,0.45893076607947564
808,1.0,0.10349706893066504
809,1.0,0.10390135435617547
810,0.9564391,0.016846538562779678
811,1.0,0.10390135435617547
812,0.93555,0.1735689791611712
813,0.93290156,0.1560670300827781
814,1.0,0.10390135435617547
815,0.9709287,0.12601132686084143
816,1.0,0.10446554859567589
817,1.0,0.10390135435617547
818,1.0,0.1127728375101051
819,1.0,0.15503767792352777
820,1.0,0.10329492621790984
821,1.0,0.10390135435617547
822,1.0,0.10390135435617547
823,1.0,0.10390135435617547
824,1.0,0.10390135435617547
825,0.7946718,0.19909121507909794
826,0.5741708,0.38610642908740667
827,1.0,0.10390135435617547
828,1.0,0.10390135435617547
829,1.0,0.0876068376068376
830,1.0,0.10390135435617547
831,0.8382751,0.24860120680197476
832,1.0,0.10390135435617547
833,1.0,0.12047729022324866
834,1.0,0.10390135435617547
835,0.9595832,0.3280240588104255
836,1.0,0.10390135435617547
837,0.9455506,0.1005944215820759
838,1.0,0.07176709546377792
839,1.0,0.11154539987973541
840,1.0,0.10394337714863498
841,1.0,0.10376213592233009
842,1.0,0.10390135435617547
843,0.68922824,0.25201288244766507
844,1.0,0.10390135435617547
845,1.0,0.10377548960226125
846,1.0,0.10255885363357216
847,0.9999869,0.17340565417488493
848,1.0,0.10390135435617547
849,1.0,0.14398422090729784
850,1.0,0.10369921164342026
851,0.7213771,0.21207177814029363
852,1.0,0.10390135435617547
853,0.62362474,0.9247081712062257
854,1.0,0.10390135435617547
855,1.0,0.09852316407040258
856,1.0,0.10390135435617547
857,1.0,0.10390135435617547
858,1.0,0.10390135435617547
859,1.0,0.10390135435617547
860,1.0,0.10390135435617547
861,1.0,0.10255885363357216
862,0.9688849,0.061989236595575044
863,1.0,0.10390135435617547
864,1.0,0.10384615384615385
865,1.0,0.10390135435617547
866,0.98299515,0.09762773722627738
867,0.7796741,0.08422012769838856
868,1.0,0.10609037328094302
869,1.0,0.1508613189490169
870,1.0,0.11016433353621424
871,1.0,0.1099006116207951
872,1.0,0.24245589600742803
873,1.0,0.10394337714863498
874,1.0,0.10567632850241546
875,1.0,0.10527363184079602
876,1.0,0.10390135435617547
877,1.0,0.10369921164342026
878,1.0,0.21979458450046685
879,0.55636805,0.22089177785380318
880,1.0,0.10396440129449838
881,1.0,0.10465116279069768
882,1.0,0.10390135435617547
883,1.0,0.10390135435617547
884,0.9345871,0.3022766641920317
885,0.99999976,0.12067826469940542
886,1.0,0.10390135435617547
887,1.0,0.1686626746506986
888,1.0,0.10390135435617547
889,1.0,0.10390135435617547
890,0.9116503,0.5208004212743549
891,1.0,0.10390135435617547
892,1.0,0.10478680611423974
893,1.0,0.10369921164342026
894,1.0,0.10390135435617547
895,0.9523387,0.8546483269924885
896,1.0,0.10390135435617547
897,0.89442277,0.21874569262577534
898,0.989564,0.153667441088616
899,1.0,0.10390135435617547
900,1.0,0.10366470945535533
901,0.6519299,0.14750830564784054
902,0.9211654,0.10936995153473344
903,1.0,0.10126091173617847
904,0.467568,0.3697100112716467
905,1.0,0.10394337714863498
906,1.0,0.10390135435617547
907,0.8895296,0.2662505887894489
908,0.9990187,0.15413958745408307
909,1.0,0.10390135435617547
910,1.0,0.10394337714863498
911,1.0,0.10390135435617547
912,1.0,0.10390135435617547
913,1.0,0.10390135435617547
914,1.0,0.11584875301689461
915,0.9740462,0.3940103524771999
916,1.0,0.10390135435617547
917,1.0,0.10390135435617547
918,0.99986255,0.17020984775750925
919,0.3570509,0.3093604172385397
920,1.0,0.10377548960226125
921,1.0,0.10394337714863498
922,0.92639863,0.21808028976758226
923,1.0,0.12138263665594855
924,0.9755202,0.3955024774488629
925,0.77687114,0.12036087758868157
926,1.0,0.21829855537720708
927,1.0,0.10390135435617547
928,1.0,0.11593931447836674
929,1.0,0.10390135435617547
930,0.6515611,0.15097806116935047
931,1.0,0.16646833267222003
932,1.0,0.10390135435617547
933,1.0,0.11527436527436527
934,1.0,0.10390135435617547
935,1.0,0.10390135435617547
936,1.0,0.10390135435617547
937,1.0,0.15676914263891542
938,1.0,0.10394337714863498
939,0.98323935,0.4130508283556858
940,1.0,0.10394337714863498
941,0.9686135,0.2044328552803129
942,0.9651243,0.40649006622516554
943,1.0,0.13697916666666668
944,1.0,0.10515833499302928
945,1.0,0.10385936552838958
946,1.0,0.10390135435617547
947,0.9389534,0.32403146801246846
948,1.0,0.11357702349869452
949,1.0,0.10390135435617547
950,1.0,0.1054860830980234
951,1.0,0.19350982066609734
952,1.0,0.10390135435617547
953,1.0,0.10390135435617547
954,0.679418,0.14865407794294896
955,1.0,0.10394337714863498
956,0.9999996,0.16833850082071858
957,1.0,0.223111970178103
958,1.0,0.10390135435617547
959,1.0,0.10390135435617547
960,1.0,0.10390135435617547
961,1.0,0.10390135435617547
962,1.0,0.10390135435617547
963,1.0,0.1703830760434534
964,1.0,0.10390135435617547
965,1.0,0.14243087328426496
966,1.0,0.10390135435617547
967,0.6642347,0.12131715771230503
968,0.95054674,0.11798720472440945
969,1.0,0.10394337714863498
970,1.0,0.10329492621790984
971,1.0,0.10390135435617547
972,1.0,0.10390135435617547
973,1.0,0.10379644588045234
974,1.0,0.10390135435617547
975,1.0,0.17316544814513946
976,0.97224134,0.0473018893570749
977,1.0,0.10390135435617547
978,0.63887155,0.2613581440309328
979,1.0,0.106629392971246
980,1.0,0.10374115267947422
981,0.4218545,0.3051558752997602
982,1.0,0.10390925663358315
983,1.0,0.10390135435617547
984,0.99997556,0.1497851442602824
985,1.0,0.10390135435617547
986,0.99998534,0.14786585365853658
987,1.0,0.12491141034727143
988,1.0,0.10390135435617547
989,0.9365372,0.3067385444743935
990,1.0,0.10390135435617547
991,1.0,0.10390135435617547
992,1.0,0.10392236150424586
993,1.0,0.10390135435617547
994,1.0,0.14440993788819875
995,1.0,0.10390135435617547
996,1.0,0.10390135435617547
997,1.0,0.10390135435617547
998,1.0,0.10394337714863498
999,0.90984523,0.40717165287502655
1000,1.0,0.10390135435617547
1001,1.0,0.10390135435617547
1002,1.0,0.10390135435617547
1003,1.0,0.10390135435617547
1004,1.0,0.10394337714863498
1005,0.80076796,0.2611158798283262
1006,1.0,0.10390135435617547
1007,1.0,0.10390135435617547
1008,1.0,0.10392236150424586
1009,0.9998222,0.14954012052013954
1010,0.9485186,0.0872172254020169
1011,0.8895267,0.22592695074709462
1012,1.0,0.12835402482979574
1013,0.8409824,0.37092316196793806
1014,1.0,0.11095449053564237
1015,1.0,0.10686274509803921
1016,1.0,0.13816817755548608
1017,1.0,0.10390135435617547
1018,1.0,0.10335090361445783
1019,1.0,0.10560990217608306
1020,1.0,0.10363636363636364
1021,1.0,0.10724017127286882
1022,1.0,0.10390135435617547
1023,1.0,0.10392236150424586
1024,0.95298404,0.43747394747811585
1025,1.0,0.07190860215053764
1026,0.9510234,0.39480311355311354
1027,0.9999766,0.15666056876767004
1028,1.0,0.10390135435617547
1029,1.0,0.1038515829804396
1030,1.0,0.13842637936663402
1031,1.0,0.10404040404040404
1032,0.8717988,0.1255452562704471
1033,1.0,0.10394337714863498
1034,1.0,0.10390135435617547
1035,1.0,0.10390135435617547
1036,1.0,0.08491991538229073
1037,1.0,0.11250475104522994
1038,0.9512321,0.29630665920537214
1039,1.0,0.32349081364829396
1040,1.0,0.10390135435617547
1041,1.0,0.10390135435617547
1042,1.0,0.2923948220064725
1043,1.0,0.10390135435617547
1044,0.9599039,0.4034040391210466
1045,1.0,0.10390135435617547
1046,0.951169,0.5550883095037847
1047,1.0,0.16358885017421604
1048,1.0,0.10390135435617547
1049,0.69277763,0.15308419630796938
1050,0.9999502,0.16070381231671554
1051,1.0,0.10390135435617547
1052,1.0,0.10390135435617547
1053,1.0,0.10675512665862485
1054,1.0,0.1035808213635444
1055,0.63341,0.16387884267631103
1056,1.0,0.10745571345143079
1057,1.0,0.10390135435617547
1058,1.0,0.10390135435617547
1059,0.9996534,0.1372514516980468
1060,0.9697863,0.30454112416640206
1061,0.9998137,0.15643497378657195
1062,1.0,0.10390135435617547
1063,0.6962438,0.20940313437812605
1064,0.95641017,0.34823270526750105
1065,1.0,0.09888134238913304
1066,1.0,0.10390135435617547
1067,1.0,0.10337851507181874
1068,1.0,0.16108128124421403
1069,0.9999934,0.1873190062490474
1070,0.955192,0.2503253090435914
1071,1.0,0.10390135435617547
1072,1.0,0.10390135435617547
1073,1.0,0.10388035569927244
1074,1.0,0.10390135435617547
1075,1.0,0.11474755537816803
1076,0.9999995,0.17959716523685193
1077,1.0,0.13372093023255813
1078,1.0,0.10390135435617547
1079,1.0,0.11232103246622303
1080,0.9999998,0.1468543046357616
1081,1.0,0.10441116956697694
1082,1.0,0.10390135435617547
1083,0.92122155,0.3043663471778488
1084,1.0,0.10390135435617547
1085,0.43493465,0.12158808933002481
1086,1.0,0.11674008810572688
1087,1.0,0.10393541876892028
1088,1.0,0.10390135435617547
1089,1.0,0.10290350128095645
1090,0.7851915,0.2530429212043562
1091,1.0,0.10384615384615385
1092,1.0,0.10185373803218578
1093,1.0,0.10390135435617547
1094,0.99999994,0.14234945705824284
1095,0.9407471,0.660881601362862
1096,1.0,0.1062611100138258
1097,1.0,0.10390135435617547
1098,0.83390784,0.03442598413411166
1099,1.0,0.10390135435617547
1100,1.0,0.11472024033045437
1101,1.0,0.10390135435617547
1102,1.0,0.10390135435617547
1103,1.0,0.10390135435617547
1104,1.0,0.10265235877708039
1105,1.0,0.10390135435617547
1106,1.0,0.10380412788344799
1107,1.0,0.3457099849473156
1108,1.0,0.30803845367150745
1109,1.0,0.10390135435617547
1110,1.0,0.10390135435617547
1111,1.0,0.10390135435617547
1112,1.0,0.17154757256280098
1113,1.0,0.10390135435617547
1114,1.0,0.10385936552838958
1115,1.0,0.10353892821031345
1116,1.0,0.11036585365853659
1117,1.0,0.056630320084417866
1118,1.0,0.09492364836978952
1119,1.0,0.10394337714863498
1120,1.0,0.10369921164342026
1121,1.0,0.11061946902654868
1122,1.0,0.045956805625313915
1123,1.0,0.10390135435617547
1124,1.0,0.10255885363357216
1125,1.0,0.10390135435617547
1126,1.0,0.10608203677510608
1127,1.0,0.10390135435617547
1128,1.0,0.11104429745439968
1129,1.0,0.10390135435617547
1130,0.9999994,0.1191598799828547
1131,1.0,0.12525458248472504
1132,1.0,0.10714285714285714
1133,0.99997926,0.07721073471183458
1134,1.0,0.15222348916761688
1135,1.0,0.24252264570158946
1136,1.0,0.11576994434137292
1137,0.9655784,0.3407873282087119
1138,0.75277984,0.2342597844583097
1139,1.0,0.10390135435617547
1140,1.0,0.10394337714863498
1141,1.0,0.10390135435617547
1142,1.0,0.10394337714863498
1143,1.0,0.10390135435617547
1144,1.0,0.10390135435617547
1145,1.0,0.10390135435617547
1146,1.0,0.31326916047276715
1147,1.0,0.10372017792155278
1148,1.0,0.10390135435617547
1149,1.0,0.14411407766990292
1150,1.0,0.10386473429951691
1151,1.0,0.1302970297029703
1152,1.0,0.10390135435617547
1153,1.0,0.10414129110840438
1154,0.9390156,0.41293312734495696
1155,1.0,0.10390135435617547
1156,1.0,0.10643863179074446
1157,1.0,0.10390135435617547
1158,1.0,0.10372017792155278
1159,1.0,0.13238111827207805
1160,0.9998728,0.4016602809706258
1161,1.0,0.10390135435617547
1162,1.0,0.10390135435617547
1163,1.0,0.10394337714863498
1164,1.0,0.10396440129449838
1165,1.0,0.159804605722261
1166,1.0,0.1125985695947185
1167,1.0,0.12746823069403715
1168,1.0,0.10955755602375024
1169,1.0,0.11954281431515833
1170,1.0,0.21829855537720708
1171,0.6472581,0.6261729906160751
1172,0.99430513,0.14373182305219653
1173,1.0,0.10394337714863498
1174,1.0,0.1006226149829283
1175,1.0,0.08585247883917775
1176,1.0,0.10394337714863498
1177,1.0,0.10530514559234144
1178,0.8370816,0.5381320518178019
1179,0.6100147,0.1792550439730988
1180,1.0,0.10390135435617547
1181,1.0,0.10390135435617547
1182,1.0,0.10390135435617547
1183,1.0,0.10390135435617547
1184,1.0,0.08162622124172707
1185,1.0,0.10513786947034319
1186,1.0,0.3257251545411317
1187,1.0,0.10406142655081835
1188,1.0,0.10394337714863498
1189,1.0,0.10390135435617547
1190,1.0,0.10390135435617547
1191,1.0,0.10390135435617547
1192,1.0,0.10390135435617547
1193,0.9350113,0.08618708342909676
1194,1.0,0.12096924510717615
1195,1.0,0.10394337714863498
1196,1.0,0.10390135435617547
1197,1.0,0.10390135435617547
1198,1.0,0.10430930326218284
1199,1.0,0.10390135435617547
1200,0.6325104,0.731264869151467
1201,1.0,0.10390135435617547
1202,0.9107871,0.05263157894736842
1203,1.0,0.10377548960226125
1204,1.0,0.10390135435617547
1205,1.0,0.10406142655081835
1206,0.99999654,0.16617812852311162
1207,1.0,0.08277325787053413
1208,1.0,0.10394337714863498
1209,0.9999898,0.2035383866255478
1210,1.0,0.10390135435617547
1211,1.0,0.10390135435617547
1212,0.59595656,0.09342560553633218
1213,1.0,0.11257073565076799
1214,0.9999898,0.20408805031446542
1215,1.0,0.10882708585247884
1216,1.0,0.10390135435617547
1217,1.0,0.10390135435617547
1218,0.9997429,0.15309633027522937
1219,0.99999964,0.18955613577023497
1220,0.81890565,0.54631507775524
1221,1.0,0.10108896650914322
1222,1.0,0.10390135435617547
1223,1.0,0.10390135435617547
1224,1.0,0.10390135435617547
1225,1.0,0.10355987055016182
1226,1.0,0.10394337714863498
1227,0.7327908,0.16505063563887093
1228,1.0,0.10390135435617547
1229,1.0,0.10417511147142278
1230,0.96092886,0.5226641009193927
1231,1.0,0.10390135435617547
1232,1.0,0.10390135435617547
1233,1.0,0.10710690557680692
1234,1.0,0.10392236150424586
1235,1.0,0.10394337714863498
1236,1.0,0.10398050365556458
1237,1.0,0.10390135435617547
1238,1.0,0.10390135435617547
1239,1.0,0.3172668766260441
1240,1.0,0.10994863990869318
1241,0.99999994,0.10390135435617547
1242,1.0,0.10394337714863498
1243,1.0,0.1718954248366013
1244,1.0,0.21829855537720708
1245,0.99917287,0.17369004713057942
1246,1.0,0.10390135435617547
1247,1.0,0.12423749491663277
1248,1.0,0.10390135435617547
1249,1.0,0.10390135435617547
1250,1.0,0.14604948124501196
1251,1.0,0.10390135435617547
1252,1.0,0.10394337714863498
1253,1.0,0.2550290939318371
1254,0.60330874,0.2716459905358741
1255,1.0,0.10349706893066504
1256,1.0,0.31789812764244013
1257,1.0,0.11023622047244094
1258,1.0,0.10394337714863498
1259,1.0,0.10390135435617547
1260,1.0,0.10390135435617547
1261,1.0,0.10390135435617547
1262,1.0,0.10390135435617547
1263,1.0,0.10390135435617547
1264,1.0,0.11948790896159317
1265,1.0,0.3264007273553813
1266,1.0,0.10615627466456196
1267,1.0,0.10390135435617547
1268,1.0,0.10394337714863498
1269,1.0,0.10394337714863498
1270,1.0,0.10390135435617547
1271,1.0,0.10390135435617547
1272,1.0,0.10390135435617547
1273,1.0,0.10394337714863498
1274,0.99959385,0.236272040302267
1275,0.8805591,0.07031980549841033
1276,1.0,0.11736139214892756
1277,1.0,0.10390135435617547
1278,1.0,0.10390135435617547
1279,1.0,0.25863034148161973
1280,0.99999946,0.19567371202113606
1281,1.0,0.10390135435617547
1282,1.0,0.10390135435617547
1283,0.9610389,0.3207137138282054
1284,1.0,0.12152347209920283
1285,1.0,0.07998725302740599
1286,1.0,0.10390135435617547
1287,1.0,0.10394337714863498
1288,1.0,0.10495449949443883
1289,1.0,0.1105476673427992
1290,0.97816914,0.1845910081204199
1291,1.0,0.20496066142152286
1292,1.0,0.10610551274451689
1293,1.0,0.10390135435617547
1294,1.0,0.10394337714863498
1295,1.0,0.10390135435617547
1296,1.0,0.10390135435617547
1297,1.0,0.10940919037199125
1298,1.0,0.10390135435617547
1299,1.0,0.10386717959101033
1300,1.0,0.10736756647046884
1301,0.67700595,0.34728092420400114
1302,1.0,0.10390135435617547
1303,1.0,0.10390135435617547
1304,1.0,0.10394337714863498
1305,1.0,0.10390135435617547
1306,0.9372576,0.08068759866690055
1307,0.99995786,0.2361288672973664
1308,1.0,0.10390135435617547
1309,1.0,0.10390135435617547
1310,1.0,0.10369921164342026
1311,0.87959635,0.14688427299703263
1312,1.0,0.19335548172757475
1313,1.0,0.1061061061061061
1314,0.66978174,0.17591850749685248
1315,1.0,0.10390135435617547
1316,1.0,0.10394337714863498
1317,1.0,0.10390135435617547
1318,1.0,0.10390135435617547
1319,1.0,0.10364258402092977
1320,1.0,0.13289214809515293
1321,1.0,0.11239249413604378
1322,1.0,0.10390135435617547
1323,1.0,0.10390135435617547
1324,1.0,0.10390135435617547
1325,1.0,0.22609411441898752
1326,1.0,0.10390135435617547
1327,0.9868286,0.31513083048919227
1328,1.0,0.10390135435617547
1329,1.0,0.10390135435617547
1330,1.0,0.10390135435617547
1331,1.0,0.10394337714863498
1332,1.0,0.11028075136336093
1333,1.0,0.10394337714863498
1334,1.0,0.20215887654579753
1335,1.0,0.10390135435617547
1336,1.0,0.10390135435617547
1337,1.0,0.07688956654323677
1338,1.0,0.10470992520719628
1339,0.8937346,0.7949704142011834
1340,1.0,0.10394337714863498
1341,1.0,0.10390135435617547
1342,1.0,0.10658875680032238
1343,1.0,0.10394337714863498
1344,1.0,0.10745571345143079
1345,1.0,0.10390135435617547
1346,1.0,0.10265773990667479
1347,1.0,0.10390135435617547
1348,1.0,0.10451977401129943
1349,1.0,0.10344827586206896
1350,0.94855523,0.11506539235412475
1351,1.0,0.10390135435617547
1352,1.0,0.10390135435617547
1353,0.99991995,0.23018071494525788
1354,1.0,0.10394337714863498
1355,1.0,0.10390135435617547
1356,1.0,0.10390135435617547
1357,1.0,0.10390135435617547
1358,1.0,0.10390135435617547
1359,1.0,0.10390135435617547
1360,1.0,0.106246234183571
1361,1.0,0.10369921164342026
1362,1.0,0.10390135435617547
1363,1.0,0.10390135435617547
1364,1.0,0.10390135435617547
1365,1.0,0.10390135435617547
1366,1.0,0.10390135435617547
1367,0.99991065,0.21870775885374424
1368,0.86900336,0.5175428887659104
1369,1.0,0.10394337714863498
1370,0.9999924,0.21806582572132813
1371,1.0,0.10394337714863498
1372,1.0,0.10390135435617547
1373,1.0,0.10390135435617547
1374,1.0,0.12053896576839039
1375,1.0,0.10390135435617547
1376,1.0,0.10394337714863498
1377,1.0,0.1100861008610086
1378,1.0,0.10390135435617547
1379,1.0,0.10552365868144922
1380,1.0,0.10385936552838958
1381,1.0,0.10390135435617547
1382,0.66755134,0.31062924038845285
1383,1.0,0.10390135435617547
1384,1.0,0.10394337714863498
1385,1.0,0.09031852472757754
1386,1.0,0.10390135435617547
1387,1.0,0.10394337714863498
1388,1.0,0.10390135435617547
1389,0.9999997,0.19490229396771452
1390,0.99999005,0.16439628482972135
1391,1.0,0.10394337714863498
1392,1.0,0.10390135435617547
1393,1.0,0.10394337714863498
1394,1.0,0.10394337714863498
1395,1.0,0.11242153319383678
1396,1.0,0.10355987055016182
1397,1.0,0.10390135435617547
1398,1.0,0.10390135435617547
1399,0.9120888,0.2508687737878537
1400,1.0,0.14098783634353115
1401,1.0,0.10388035569927244
1402,1.0,0.10390135435617547
1403,1.0,0.10390135435617547
1404,1.0,0.10390135435617547
1405,1.0,0.08114357788522178
1406,1.0,0.10436893203883495
1407,1.0,0.10425489009881024
1408,1.0,0.10390135435617547
1409,1.0,0.10628019323671498
1410,1.0,0.10394337714863498
1411,1.0,0.10390135435617547
1412,1.0,0.10390135435617547
1413,1.0,0.10390135435617547
1414,1.0,0.11064087061668681
1415,1.0,0.10475227502527806
1416,1.0,0.10390135435617547
1417,1.0,0.10390135435617547
1418,1.0,0.11272727272727273
1419,1.0,0.10390135435617547
1420,1.0,0.12753564972886122
1421,1.0,0.10420438543552606
1422,1.0,0.10442334881842052
1423,1.0,0.30939079542431497
1424,1.0,0.10394337714863498
1425,1.0,0.10394337714863498
1426,1.0,0.2938554600445718
1427,1.0,0.10390135435617547
1428,0.9198217,0.3101156069364162
1429,1.0,0.10390135435617547
1430,1.0,0.10390135435617547
1431,1.0,0.10372017792155278
1432,1.0,0.10390135435617547
1433,0.9999986,0.1613453986682602
1434,1.0,0.10390135435617547
1435,1.0,0.10390135435617547
1436,1.0,0.10390135435617547
1437,0.41507652,0.06031528444139822
1438,1.0,0.10405212787619629
1439,1.0,0.12381300219138057
1440,1.0,0.10390135435617547
1441,1.0,0.10390135435617547
1442,0.9520534,0.17805700275819797
1443,1.0,0.10394337714863498
1444,1.0,0.10390135435617547
1445,1.0,0.10392236150424586
1446,1.0,0.10390135435617547
1447,1.0,0.12497512437810945
1448,1.0,0.10410349706893067
1449,1.0,0.11251891074130106
1450,1.0,0.10377548960226125
1451,0.43636215,0.172721396250808
1452,1.0,0.10390135435617547
1453,1.0,0.10390135435617547
1454,1.0,0.10394337714863498
1455,1.0,0.10394337714863498
1456,1.0,0.1062611100138258
1457,0.9289602,0.2876277271471969
1458,0.9065819,0.06508563899868247
1459,1.0,0.10390135435617547
1460,1.0,0.10390135435617547
1461,1.0,0.09727690288713911
1462,1.0,0.11395743077792428
1463,1.0,0.10390135435617547
1464,1.0,0.11435477872815172
1465,1.0,0.10394337714863498
1466,1.0,0.10390135435617547
1467,1.0,0.10648615881996362
1468,1.0,0.12402167369054787
1469,1.0,0.10394337714863498
1470,1.0,0.10390135435617547
1471,0.9999819,0.1782065834279228
1472,1.0,0.18468932372124958
1473,0.99999726,0.1507782101167315
1474,0.93111736,0.2223486284919732
1475,0.9997711,0.09218595450049456
1476,1.0,0.10390135435617547
1477,0.9009709,0.4492124394184168
1478,1.0,0.10054402579085231
1479,1.0,0.10335760517799353
1480,1.0,0.10390135435617547
1481,1.0,0.10390135435617547
1482,1.0,0.10390135435617547
1483,1.0,0.10390135435617547
1484,1.0,0.10390135435617547
1485,1.0,0.10390135435617547
1486,1.0,0.10394337714863498
1487,1.0,0.1261808367071525
1488,1.0,0.10390135435617547
1489,1.0,0.10390135435617547
1490,1.0,0.10381741062411634
1491,1.0,0.10344827586206896
1492,1.0,0.3125669677024338
1493,0.964368,0.2566744051073709
1494,1.0,0.10390135435617547
1495,1.0,0.0876736111111111
1496,1.0,0.17647854919474895
1497,1.0,0.10390135435617547
1498,1.0,0.11986176791560567
1499,0.8695316,0.46555223880597013
1500,1.0,0.10389348396207383
1501,0.99999994,0.121
1502,0.99995,0.16771600803750839
1503,1.0,0.10390135435617547
1504,1.0,0.10390135435617547
1505,1.0,0.31418866759302144
1506,1.0,0.10369921164342026
1507,1.0,0.10394337714863498
1508,1.0,0.11773078487189914
1509,1.0,0.10458825886595872
1510,1.0,0.12381300219138057
1511,1.0,0.10753729897306724
1512,1.0,0.13768844221105528
1513,0.9989201,0.17260345730749083
1514,1.0,0.10394337714863498
1515,1.0,0.10390135435617547
1516,1.0,0.10390135435617547
1517,1.0,0.11042826963702708
1518,1.0,0.10390135435617547
1519,1.0,0.10394337714863498
1520,1.0,0.3478752828765401
1521,1.0,0.10607890499194847
1522,0.74455607,0.20644033949076385
1523,1.0,0.10390135435617547
1524,1.0,0.10394337714863498
1525,1.0,0.20966885071719496
1526,1.0,0.1129977764301597
1527,1.0,0.10390135435617547
1528,0.9435068,0.46545827633378933
1529,1.0,0.10390135435617547
1530,1.0,0.1044144325740778
1531,1.0,0.21944959361186367
1532,1.0,0.10394337714863498
1533,1.0,0.10390135435617547
1534,1.0,0.21977011494252874
1535,0.9999988,0.20123743232791957
1536,1.0,0.10486291775065039
1537,1.0,0.16131756756756757
1538,1.0,0.1747839209768144
1539,1.0,0.11445663010967098
1540,1.0,0.10390135435617547
1541,1.0,0.10401939002221773
1542,1.0,0.10390135435617547
1543,1.0,0.10390135435617547
1544,0.9998097,0.21046944411093768
1545,0.93298185,0.015521064301552107
1546,1.0,0.10390135435617547
1547,1.0,0.12250356633380885
1548,1.0,0.10591961987725203
1549,1.0,0.10390135435617547
1550,1.0,0.10374115267947422
1551,1.0,0.10526315789473684
1552,1.0,0.10390135435617547
1553,1.0,0.10372017792155278
1554,0.9999448,0.1539939170801985
1555,1.0,0.10286062081558126
1556,1.0,0.10394337714863498
1557,1.0,0.10390135435617547
1558,1.0,0.10468374699759808
1559,0.99935853,0.15463777928232905
1560,1.0,0.10390135435617547
1561,1.0,0.10394337714863498
1562,0.8823873,0.01098565761367104
1563,0.73790437,0.4516362134819862
1564,1.0,0.10390135435617547
1565,1.0,0.10390135435617547
1566,1.0,0.10390135435617547
1567,1.0,0.10390135435617547
1568,0.6596181,0.4608935691647071
1569,1.0,0.10390135435617547
1570,1.0,0.11153552330022919
1571,0.9998989,0.16045803739672415
1572,0.9999999,0.16243093922651933
1573,1.0,0.10390135435617547
1574,0.8829321,0.4016074037993181
1575,1.0,0.1045135406218656
1576,1.0,0.10390135435617547
1577,1.0,0.12742480868481937
1578,1.0,0.10390135435617547
1579,1.0,0.10390135435617547
1580,0.8954079,0.08228586238175457
1581,1.0,0.1060483870967742
1582,1.0,0.10390135435617547
1583,1.0,0.10390135435617547
1584,1.0,0.10390135435617547
1585,1.0,0.10390135435617547
1586,1.0,0.10467439073112265
1587,1.0,0.10394337714863498
1588,1.0,0.13180458624127617
1589,1.0,0.06438068579426172
1590,1.0,0.10394337714863498
1591,1.0,0.10388035569927244
1592,0.93101424,0.42744630071599043
1593,1.0,0.10394337714863498
1594,1.0,0.10390135435617547
1595,1.0,0.10390135435617547
1596,1.0,0.10390135435617547
1597,1.0,0.05266821345707657
1598,1.0,0.10390135435617547
1599,1.0,0.10390135435617547
1600,1.0,0.09670823962379882
1601,1.0,0.1024806832045547
1602,1.0,0.10574257425742574
1603,0.9902964,0.14037494284407864
1604,0.999995,0.169508359543122
1605,0.8881422,0.2621817038667086
1606,0.75906134,0.3242442205097807
1607,1.0,0.10390135435617547
1608,1.0,0.10390135435617547
1609,1.0,0.10390135435617547
1610,1.0,0.1381048387096774
1611,1.0,0.08552432759141734
1612,1.0,0.20357598978288632
1613,1.0,0.10390135435617547
1614,1.0,0.10412454508693894
1615,1.0,0.17719389075847786
1616,1.0,0.10394337714863498
1617,1.0,0.10390135435617547
1618,0.97577125,0.5328910378949736
1619,1.0,0.10135271552594387
1620,1.0,0.1282051282051282
1621,1.0,0.10453451043338684
1622,1.0,0.10372771474878444
1623,1.0,0.10390135435617547
1624,1.0,0.10829135993800852
1625,1.0,0.10390135435617547
1626,1.0,0.10394337714863498
1627,1.0,0.1159699479869004
1628,1.0,0.10383838383838384
1629,1.0,0.3175919250180245
1630,0.94443107,0.48253503451160845
1631,1.0,0.10394337714863498
1632,1.0,0.10394337714863498
1633,1.0,0.10390135435617547
1634,1.0,0.17825459046833092
1635,1.0,0.10390135435617547
1636,1.0,0.10390135435617547
1637,1.0,0.10390135435617547
1638,1.0,0.10390135435617547
1639,1.0,0.10390135435617547
1640,1.0,0.10390135435617547
1641,1.0,0.10390135435617547
1642,1.0,0.10390135435617547
1643,1.0,0.029578189300411523
1644,1.0,0.11395743077792428
1645,1.0,0.10385936552838958
1646,1.0,0.10390135435617547
1647,1.0,0.10390135435617547
1648,1.0,0.10394337714863498
1649,1.0,0.12914364640883977
1650,0.9987057,0.3737244897959184
1651,1.0,0.10291144359078043
1652,0.9084225,0.5695094646855282
1653,1.0,0.10392236150424586
1654,1.0,0.1747839209768144
1655,0.6887391,0.5129586340075211
1656,1.0,0.10349706893066504
1657,1.0,0.10390135435617547
1658,0.9999998,0.13309946347503096
1659,1.0,0.1044144325740778
1660,1.0,0.10390135435617547
1661,0.98494524,0.1505443234836703
1662,1.0,0.11028225806451612
1663,1.0,0.10692682926829268
1664,1.0,0.10394337714863498
1665,1.0,0.10390135435617547
1666,1.0,0.10703185703185703
1667,0.86468315,0.42960251046025105
1668,1.0,0.10390135435617547
1669,1.0,0.1368566018247547
1670,1.0,0.10390135435617547
1671,0.79376113,0.12290284822473664
1672,1.0,0.10369921164342026
1673,1.0,0.10379644588045234
1674,1.0,0.10376213592233009
1675,1.0,0.10390135435617547
1676,0.8159697,0.30992158199795433
1677,1.0,0.10390135435617547
1678,1.0,0.10425489009881024
1679,1.0,0.10369921164342026
1680,1.0,0.10390135435617547
1681,1.0,0.11099959855479727
1682,1.0,0.10379644588045234
1683,1.0,0.10390135435617547
1684,1.0,0.10369921164342026
1685,1.0,0.10390135435617547
1686,1.0,0.10390135435617547
1687,1.0,0.11028525512253917
1688,1.0,0.10363636363636364
1689,1.0,0.10390135435617547
1690,1.0,0.10390135435617547
1691,0.99999994,0.08168674698795181
1692,1.0,0.10539845758354756
1693,1.0,0.10390135435617547
1694,1.0,0.10390135435617547
1695,1.0,0.10390135435617547
1696,1.0,0.10390135435617547
1697,0.7645982,0.3440198900811306
1698,0.6325863,0.22738028169014085
1699,0.9999934,0.17599441730635032
1700,1.0,0.10390135435617547
1701,1.0,0.10390135435617547
1702,0.9982544,0.1446720660632047
1703,0.9999971,0.1300635424940429
1704,1.0,0.10390135435617547
1705,0.18405259,0.4328571428571429
1706,1.0,0.10871226595338174
1707,1.0,0.10379644588045234
1708,1.0,0.10390135435617547
1709,1.0,0.10390135435617547
1710,1.0,0.18355271102523849
1711,0.99999994,0.12718292467807374
1712,1.0,0.10390135435617547
1713,1.0,0.10390135435617547
1714,1.0,0.10390135435617547
1715,1.0,0.10390135435617547
1716,1.0,0.10390135435617547
1717,1.0,0.10390135435617547
1718,1.0,0.11174785100286533
1719,1.0,0.10394337714863498
1720,1.0,0.10390135435617547
1721,1.0,0.10390135435617547
1722,1.0,0.10390135435617547
1723,1.0,0.10390135435617547
1724,1.0,0.10390135435617547
1725,1.0,0.10390135435617547
1726,1.0,0.10388035569927244
1727,1.0,0.1076328502415459
1728,1.0,0.10394337714863498
1729,1.0,0.10390135435617547
1730,1.0,0.10394337714863498
1731,1.0,0.10390135435617547
1732,0.9552493,0.371962169280498
1733,1.0,0.09363920750782065
1734,1.0,0.1048158640226629
1735,1.0,0.10394337714863498
1736,1.0,0.0425273390036452
1737,1.0,0.10390135435617547
1738,1.0,0.1052736715940871
1739,0.9705685,0.061046511627906974
1740,1.0,0.10390135435617547
1741,1.0,0.10390135435617547
1742,1.0,0.10343434343434343
1743,1.0,0.10390135435617547
1744,1.0,0.12053896576839039
1745,0.9999988,0.18525150577893537
1746,1.0,0.10394337714863498
1747,1.0,0.10303643724696357
1748,1.0,0.03632025450689289
1749,1.0,0.10394337714863498
1750,1.0,0.10552464228934817
1751,1.0,0.10394337714863498
1752,1.0,0.10372017792155278
1753,1.0,0.10390135435617547
1754,1.0,0.10404040404040404
1755,1.0,0.10390135435617547
1756,1.0,0.1456773315180395
1757,1.0,0.10390135435617547
1758,0.9307907,0.36944626833005034
1759,1.0,0.10394337714863498
1760,1.0,0.10394337714863498
1761,1.0,0.1288623595505618
1762,0.9866004,0.3165480118076055
1763,1.0,0.10421286031042129
1764,1.0,0.10390135435617547
1765,1.0,0.12232297896970866
1766,1.0,0.07914812460267005
1767,1.0,0.10374115267947422
1768,1.0,0.10390135435617547
1769,0.7606143,0.25764321757197983
1770,1.0,0.10390135435617547
1771,1.0,0.10383838383838384
1772,1.0,0.10390135435617547
1773,1.0,0.10390135435617547
1774,1.0,0.10390135435617547
1775,1.0,0.10390135435617547
1776,1.0,0.11336854937017472
1777,1.0,0.10364992942125428
1778,1.0,0.10390135435617547
1779,1.0,0.10390135435617547
1780,1.0,0.10390135435617547
1781,1.0,0.10390135435617547
1782,1.0,0.14887784820969677
1783,1.0,0.11530854430379747
1784,1.0,0.13051181102362205
1785,0.9999952,0.23470356803690137
1786,1.0,0.149875400498398
1787,1.0,0.10390135435617547
1788,1.0,0.10394337714863498
1789,1.0,0.1712884680419344
1790,1.0,0.10413290113452188
1791,1.0,0.10026331780433462
1792,0.99710745,0.2584937346596047
1793,1.0,0.12751399543852374
1794,0.99999315,0.13223938223938225
1795,1.0,0.12706270627062707
1796,1.0,0.10390135435617547
1797,1.0,0.3028319339689768
1798,0.901087,0.4469888663967611
1799,1.0,0.10390135435617547
1800,1.0,0.10394337714863498
1801,1.0,0.10869979059584998
1802,1.0,0.3459681745038441
1803,1.0,0.10390135435617547
1804,1.0,0.10390135435617547
1805,1.0,0.10390135435617547
1806,0.9999999,0.17385108656929105
1807,1.0,0.10390135435617547
1808,1.0,0.10286405808793868
1809,1.0,0.10390135435617547
1810,0.94521374,0.3209857645798255
1811,1.0,0.10390135435617547
1812,1.0,0.10394337714863498
1813,1.0,0.10394337714863498
1814,0.9999946,0.11099298320221135
1815,1.0,0.10390135435617547
1816,1.0,0.10390135435617547
1817,1.0,0.11242153319383678
1818,1.0,0.10390135435617547
1819,1.0,0.10394337714863498
1820,1.0,0.10390135435617547
1821,0.99996066,0.21965478841870825
1822,1.0,0.10377548960226125
1823,1.0,0.11984717474361552
1824,1.0,0.34027105517909
1825,1.0,0.11432589913602571
1826,1.0,0.10390135435617547
1827,1.0,0.10390135435617547
1828,1.0,0.32021604938271603
1829,1.0,0.10091918805055534
1830,1.0,0.22549019607843138
1831,1.0,0.16792881484286254
1832,1.0,0.10390135435617547
1833,1.0,0.10328920978740473
1834,1.0,0.10394337714863498
1835,1.0,0.10390135435617547
1836,1.0,0.13611281422440222
1837,0.93605745,0.2321553289565582
1838,0.85988706,0.25864232743867654
1839,1.0,0.10518962075848304
1840,0.94897217,0.7503203548546081
1841,1.0,0.10394337714863498
1842,1.0,0.10390135435617547
1843,1.0,0.10385936552838958
1844,0.92234385,0.5907121990530876
1845,1.0,0.10390135435617547
1846,1.0,0.10390135435617547
1847,0.9992712,0.15328046142754145
1848,1.0,0.09985734664764621
1849,1.0,0.10390135435617547
1850,1.0,0.10394337714863498
1851,1.0,0.10390135435617547
1852,1.0,0.17506031363088057
1853,1.0,0.10390135435617547
1854,1.0,0.10375454178441663
1855,1.0,0.10379644588045234
1856,1.0,0.10390135435617547
1857,1.0,0.09261325596964963
1858,0.9999968,0.18144285093437637
1859,1.0,0.10390135435617547
1860,1.0,0.10390135435617547
1861,0.60839725,0.12377268670038678
1862,1.0,0.10362903225806451
1863,1.0,0.10390135435617547
1864,1.0,0.08278867102396514
1865,1.0,0.10780967677173259
1866,1.0,0.1043811831213406
1867,1.0,0.10528438886647842
1868,1.0,0.10390135435617547
1869,1.0,0.10390135435617547
1870,0.77571505,0.37465116279069766
1871,0.95131475,0.4388842332096253
1872,1.0,0.10377548960226125
1873,1.0,0.10390135435617547
1874,1.0,0.10301662220398113
1875,1.0,0.10390135435617547
1876,1.0,0.10390135435617547
1877,1.0,0.10390135435617547
1878,0.84709257,0.8101228501228501
1879,1.0,0.10390135435617547
1880,1.0,0.1062487679873842
1881,0.99999005,0.1355116079105761
1882,1.0,0.26602076124567475
1883,1.0,0.24396442185514614
1884,0.9351769,0.10757839721254356
1885,1.0,0.07924080664294188
1886,1.0,0.10374115267947422
1887,1.0,0.10390135435617547
1888,1.0,0.10401939002221773
1889,1.0,0.10390135435617547
1890,0.5782251,0.40170561523978293
1891,1.0,0.17738217213114754
1892,0.99999964,0.16561656165616562
1893,1.0,0.10390135435617547
1894,1.0,0.1544058205335489
1895,1.0,0.13175958479825883
1896,1.0,0.10364372469635627
1897,0.87331635,0.360469718960285
1898,1.0,0.10364992942125428
1899,0.9392365,0.6285857572718154
1900,0.57362837,0.3097227749038334
1901,1.0,0.12151034344245833
1902,1.0,0.10390135435617547
1903,1.0,0.11593931447836674
1904,1.0,0.10390135435617547
1905,1.0,0.10394337714863498
1906,1.0,0.10390135435617547
1907,1.0,0.10394337714863498
1908,0.7939679,0.32575012297097883
1909,0.67472166,0.4339167935058346
1910,1.0,0.10551751913008457
1911,1.0,0.10390135435617547
1912,1.0,0.11435477872815172
1913,0.77562696,0.6038928959588974
1914,1.0,0.1844968822594449
1915,1.0,0.13394964594807238
1916,1.0,0.10473515248796147
1917,1.0,0.10608455156064797
1918,1.0,0.15719117410210984
1919,0.9450005,0.21463852716659182
1920,1.0,0.10369921164342026
1921,1.0,0.10390135435617547
1922,1.0,0.10738936256597645
1923,1.0,0.10390135435617547
1924,1.0,0.10390135435617547
1925,1.0,0.10394337714863498
1926,1.0,0.10390135435617547
1927,1.0,0.26465087281795513
1928,1.0,0.10390135435617547
1929,0.9999827,0.18210341365461846
1930,0.93376034,0.15742296918767507
1931,1.0,0.11921254101348888
1932,0.91720897,0.1032102174663445
1933,1.0,0.46529186387198557
1934,1.0,0.10390135435617547
1935,0.58844095,0.48182231311065665
1936,0.8512013,0.41025641025641024
1937,1.0,0.10395639886960033
1938,1.0,0.10390135435617547
1939,1.0,0.10489228910811355
1940,1.0,0.1312854627274506
1941,1.0,0.10388035569927244
1942,1.0,0.08734177215189873
1943,0.9990058,0.14424242424242426
1944,0.79856324,0.4093366741395226
1945,1.0,0.10394337714863498
1946,1.0,0.10394337714863498
1947,1.0,0.038221333999500375
1948,1.0,0.10390135435617547
1949,1.0,0.10662878787878788
1950,1.0,0.10390135435617547
1951,1.0,0.10390135435617547
1952,1.0,0.10390135435617547
1953,1.0,0.10394337714863498
1954,1.0,0.10390135435617547
1955,1.0,0.19236912156166813
1956,1.0,0.10390135435617547
1957,1.0,0.10390135435617547
1958,0.76824343,0.060464310464310465
1959,0.9999993,0.11778537836682343
1960,1.0,0.08586387434554973
1961,1.0,0.11223253936213161
1962,1.0,0.10349706893066504
1963,1.0,0.24012193692109274
1964,1.0,0.10390135435617547
1965,0.9998655,0.29754636562607994
1966,1.0,0.10390135435617547
1967,1.0,0.10390135435617547
1968,1.0,0.10394337714863498
1969,1.0,0.10390135435617547
1970,0.8752817,0.07405515832482125
1971,1.0,0.10390135435617547
1972,0.99990606,0.2729268292682927
1973,1.0,0.10390135435617547
1974,1.0,0.10369921164342026
1975,1.0,0.033648790746582544
1976,1.0,0.10379644588045234
1977,1.0,0.10390135435617547
1978,1.0,0.10335760517799353
1979,1.0,0.10394337714863498
1980,0.99999994,0.15997706422018348
1981,1.0,0.29437304619659604
1982,1.0,0.10541138603902635
1983,1.0,0.10390135435617547
1984,0.99999994,0.10394337714863498
1985,1.0,0.10399032648125756
1986,1.0,0.10390135435617547
1987,1.0,0.10390135435617547
1988,1.0,0.10394337714863498
1989,1.0,0.32854548456331517
1990,1.0,0.10363636363636364
1991,0.9999996,0.17307944845699277
1992,1.0,0.1048
1993,1.0,0.10390135435617547
1994,1.0,0.10390135435617547
1995,1.0,0.10449868872301796
1996,1.0,0.10379644588045234
1997,0.7611709,0.539076856556048
1998,1.0,0.10743639921722113
1999,1.0,0.10390135435617547
2000,1.0,0.10390135435617547
2001,1.0,0.10369921164342026
2002,1.0,0.10390135435617547
2003,1.0,0.10394337714863498
2004,1.0,0.10390135435617547
2005,1.0,0.16476964769647698
2006,0.99999994,0.10394337714863498
2007,1.0,0.10390135435617547
2008,1.0,0.10394337714863498
2009,0.902687,0.4380780509812768
2010,1.0,0.10390135435617547
2011,1.0,0.10394337714863498
2012,1.0,0.10379644588045234
2013,1.0,0.10390135435617547
2014,1.0,0.10390135435617547
2015,1.0,0.10390135435617547
2016,1.0,0.12486105965172287
2017,1.0,0.27648136835675013
2018,1.0,0.326204775157463
2019,1.0,0.10390135435617547
2020,0.9999998,0.1848532771041996
2021,0.9816711,0.21948769462581616
2022,1.0,0.10417511147142278
2023,1.0,0.10377548960226125
2024,1.0,0.10394337714863498
2025,1.0,0.10394337714863498
2026,1.0,0.10390135435617547
2027,1.0,0.10390135435617547
2028,1.0,0.14029273681303508
2029,0.9607733,0.49069973427812225
2030,1.0,0.10390135435617547
2031,1.0,0.10390135435617547
2032,1.0,0.10394337714863498
2033,0.9046453,0.1723293982147999
2034,0.71950376,0.21184263890766528
2035,0.946076,0.1284990669154892
2036,0.8810017,0.4072987943955686
2037,0.7506218,0.5261268869418347
2038,1.0,0.10394337714863498
2039,1.0,0.10369921164342026
2040,1.0,0.1341417910447761
2041,0.979672,0.3651726671565026
2042,1.0,0.10390135435617547
2043,1.0,0.35456475583864117
2044,1.0,0.10390135435617547
2045,1.0,0.10379644588045234
2046,1.0,0.10390135435617547
2047,0.96660537,0.17973282957765485
2048,1.0,0.10390135435617547
2049,1.0,0.10394337714863498
2050,1.0,0.10390135435617547
2051,1.0,0.10390135435617547
2052,1.0,0.10390135435617547
2053,1.0,0.10390135435617547
2054,1.0,0.08552432759141734
2055,1.0,0.1835334476843911
2056,1.0,0.10390135435617547
2057,1.0,0.10394337714863498
2058,1.0,0.10383064516129033
2059,1.0,0.10390135435617547
2060,1.0,0.10633988251974884
2061,0.95606476,0.16137394685677253
2062,0.99999976,0.15072964669738864
2063,1.0,0.30772040915733073
2064,1.0,0.10306299364284338
2065,1.0,0.10390135435617547
2066,1.0,0.10390135435617547
2067,0.99999356,0.15804701627486437
2068,1.0,0.10390135435617547
2069,1.0,0.10394337714863498
2070,1.0,0.10394337714863498
2071,1.0,0.13354090987718387
2072,1.0,0.10460420032310178
2073,1.0,0.10390135435617547
2074,1.0,0.1050080775444265
2075,1.0,0.10381741062411634
2076,1.0,0.10372017792155278
2077,1.0,0.1113662456946039
2078,1.0,0.10390135435617547
2079,0.9998559,0.16549052165490521
2080,1.0,0.10390135435617547
2081,0.9999996,0.1808091657715718
2082,1.0,0.12489911218724778
2083,1.0,0.10390135435617547
2084,1.0,0.11233922829581994
2085,1.0,0.10390135435617547
2086,1.0,0.10390135435617547
2087,1.0,0.10456611978651907
2088,0.81106967,0.08795292660266336
2089,1.0,0.10779371849554091
2090,1.0,0.10568777732956837
2091,0.93605936,0.42311325705888525
2092,1.0,0.10390135435617547
2093,1.0,0.10390135435617547
2094,1.0,0.10394337714863498
2095,1.0,0.10968001609981888
2096,0.9329897,0.07003306281935678
2097,1.0,0.10390135435617547
2098,1.0,0.10344827586206896
2099,0.9998785,0.25205586738023755
2100,1.0,0.10390135435617547
2101,1.0,0.10390135435617547
2102,1.0,0.10390135435617547
2103,0.67458236,0.3265020366598778
2104,1.0,0.10390135435617547
2105,1.0,0.10390135435617547
2106,1.0,0.10468374699759808
2107,1.0,0.10390135435617547
2108,0.99980724,0.13021154241117272
2109,1.0,0.10390135435617547
2110,0.9984236,0.22403713892709767
2111,0.78456306,0.5605458804358896
2112,1.0,0.22015191075243296
2113,1.0,0.11383256374222044
2114,1.0,0.10394337714863498
2115,1.0,0.10390135435617547
2116,1.0,0.10390135435617547
2117,1.0,0.10390135435617547
2118,1.0,0.10390135435617547
2119,1.0,0.10390135435617547
2120,1.0,0.10390135435617547
2121,1.0,0.10390135435617547
2122,1.0,0.10390135435617547
2123,1.0,0.10390135435617547
2124,1.0,0.11435477872815172
2125,0.60038656,0.3821057288210573
2126,1.0,0.05792466240227434
2127,1.0,0.11142966360856268
2128,1.0,0.10394337714863498
2129,1.0,0.10394337714863498
2130,1.0,0.33679563749675406
2131,1.0,0.10450778249444108
2132,1.0,0.10390135435617547
2133,1.0,0.11601464636731547
2134,0.9941906,0.1525541365907829
2135,0.9999985,0.21174101610904586
2136,0.97797835,0.2579940927186336
2137,1.0,0.10390135435617547
2138,0.9067628,0.05417989417989418
2139,1.0,0.26794363716424485
2140,1.0,0.10390135435617547
2141,1.0,0.10390135435617547
2142,1.0,0.10303643724696357
2143,1.0,0.10148209139563606
2144,1.0,0.10390135435617547
2145,1.0,0.10390135435617547
2146,1.0,0.10595238095238095
2147,1.0,0.10377548960226125
2148,1.0,0.10639557836557442
2149,1.0,0.10390135435617547
2150,1.0,0.1368566018247547
2151,0.89161015,0.1408207343412527
2152,1.0,0.10448366808683303
2153,1.0,0.10390135435617547
2154,1.0,0.17073867695385056
2155,1.0,0.1233217304823471
2156,1.0,0.10390135435617547
2157,1.0,0.10394337714863498
2158,1.0,0.10390135435617547
2159,1.0,0.10394337714863498
2160,1.0,0.10390135435617547
2161,1.0,0.28802027748132336
2162,1.0,0.10388035569927244
2163,1.0,0.10390135435617547
2164,1.0,0.10390135435617547
2165,1.0,0.048478852337373236
2166,1.0,0.10394337714863498
2167,1.0,0.1082112025697651
2168,0.9999964,0.18024789029535865
2169,1.0,0.10390135435617547
2170,0.95351386,0.06926698049764626
2171,1.0,0.10390135435617547
2172,1.0,0.10390135435617547
2173,0.90932995,0.1758890567074008
2174,1.0,0.10390135435617547
2175,1.0,0.233926453143535
2176,1.0,0.10394337714863498
2177,0.99905264,0.18545028630921395
2178,1.0,0.10390135435617547
2179,1.0,0.10394337714863498
2180,1.0,0.10390135435617547
2181,1.0,0.10583720460513028
2182,1.0,0.30335707019328584
2183,1.0,0.11195445920303605
2184,1.0,0.11393176279447603
2185,1.0,0.10390135435617547
2186,1.0,0.10394337714863498
2187,1.0,0.10650291926716328
2188,1.0,0.10390135435617547
2189,1.0,0.10677659360546954
2190,1.0,0.10390135435617547
2191,0.3214776,0.14743908503232223
2192,0.7474337,0.2910907349117285
2193,1.0,0.06318480642804968
2194,1.0,0.10390135435617547
2195,0.93859,0.5272555403844134
2196,1.0,0.10390135435617547
2197,0.99999887,0.2067733416187665
2198,1.0,0.10390135435617547
2199,0.999051,0.17574807265124787
2200,1.0,0.10012185215272136
2201,1.0,0.1703830760434534
2202,1.0,0.10950950950950951
2203,1.0,0.10255885363357216
2204,1.0,0.10390135435617547
2205,1.0,0.10390135435617547
2206,0.99999994,0.10390135435617547
2207,1.0,0.10394337714863498
2208,0.7882246,0.09926362297496318
2209,1.0,0.02468814968814969
2210,1.0,0.10390135435617547
2211,1.0,0.10349706893066504
2212,0.8392587,0.4065
2213,1.0,0.10390135435617547
2214,0.95175546,0.28222493616076383
2215,0.60772777,0.23313732272570045
2216,1.0,0.32240133407448585
2217,1.0,0.10390135435617547
2218,1.0,0.10390135435617547
2219,1.0,0.10390135435617547
2220,0.5391087,0.10949963741841914
2221,0.92022717,0.5105410738394434
2222,1.0,0.10372017792155278
2223,0.8536348,0.19738055709278732
2224,1.0,0.17933608328422707
2225,1.0,0.10536939846588615
2226,1.0,0.10372017792155278
2227,1.0,0.10372017792155278
2228,1.0,0.10390135435617547
2229,1.0,0.12718292467807374
2230,1.0,0.06318480642804968
2231,0.9809532,0.3831667054173448
2232,1.0,0.10390135435617547
2233,1.0,0.10369921164342026
2234,1.0,0.10390135435617547
2235,1.0,0.10809716599190283
2236,1.0,0.10390135435617547
2237,0.97345316,0.02027027027027027
2238,1.0,0.10369921164342026
2239,1.0,0.10385936552838958
2240,1.0,0.10390135435617547
2241,0.99999946,0.15945107008658715
2242,1.0,0.10390135435617547
2243,0.9897163,0.14728682170542637
2244,1.0,0.10390135435617547
2245,0.8393975,0.2955665024630542
2246,1.0,0.23815461346633415
2247,1.0,0.11038829030290709
2248,1.0,0.11160199769496734
2249,0.9749489,0.12502075377718744
2250,1.0,0.10419185812172511
2251,1.0,0.10379644588045234
2252,1.0,0.10390135435617547
2253,0.89270335,0.38883769909174676
2254,0.89666635,0.7523942537909019
2255,1.0,0.17328150572831424
2256,1.0,0.10371267150928168
2257,1.0,0.10390135435617547
2258,1.0,0.10390135435617547
2259,1.0,0.10390135435617547
2260,1.0,0.10379644588045234
2261,1.0,0.11131461131461132
2262,1.0,0.10584454709781081
2263,1.0,0.20992664273450912
2264,1.0,0.11084093211752787
2265,1.0,0.10390135435617547
2266,1.0,0.10390135435617547
2267,1.0,0.10246989181465606
2268,0.9944308,0.07291666666666667
2269,1.0,0.10390135435617547
2270,0.9999108,0.1480285520054385
2271,1.0,0.14029273681303508
2272,1.0,0.10390135435617547
2273,1.0,0.10390135435617547
2274,1.0,0.20482728077945084
2275,1.0,0.10390135435617547
2276,0.59150475,0.17216425445977784
2277,0.62059724,0.3712287438288535
2278,1.0,0.10390135435617547
2279,0.24559344,0.42735678605590394
2280,1.0,0.10390135435617547
2281,1.0,0.10394337714863498
2282,1.0,0.10394337714863498
2283,1.0,0.10390135435617547
2284,1.0,0.10394337714863498
2285,1.0,0.11451135241855874
2286,1.0,0.1882043026489097
2287,1.0,0.11782661782661782
2288,1.0,0.20376301040832667
2289,1.0,0.10390135435617547
2290,1.0,0.10390135435617547
2291,1.0,0.1062611100138258
2292,0.99959344,0.3104939676758479
2293,1.0,0.12186607426213901
2294,1.0,0.10390135435617547
2295,1.0,0.10390135435617547
2296,1.0,0.10390135435617547
2297,0.6696515,0.3559145989613387
2298,0.9999998,0.11360513055428309
2299,1.0,0.11357702349869452
2300,1.0,0.1036708350141186
2301,0.9748574,0.2450794576468873
2302,1.0,0.10372017792155278
2303,1.0,0.10390135435617547
2304,0.7063015,0.4476538695917124
2305,1.0,0.10390135435617547
2306,1.0,0.12266334342175539
2307,1.0,0.10390135435617547
2308,1.0,0.10390135435617547
2309,1.0,0.10390135435617547
2310,1.0,0.33448540706605223
2311,0.22515476,0.10189165950128977
2312,1.0,0.10390135435617547
2313,1.0,0.10390135435617547
2314,1.0,0.10390135435617547
2315,1.0,0.12571662571662573
2316,0.6159434,0.1293480160811047
2317,1.0,0.10825358851674641
2318,0.9091731,0.24533839779005526
2319,1.0,0.10541026152924736
2320,1.0,0.10459235282217277
2321,1.0,0.10390135435617547
2322,0.9733315,0.45443592552026285
2323,1.0,0.16558675305975523
2324,1.0,0.10780370072405471
2325,1.0,0.16131756756756757
2326,1.0,0.10390135435617547
2327,1.0,0.10390135435617547
2328,1.0,0.1027923917442331
2329,1.0,0.10390135435617547
2330,1.0,0.10394337714863498
2331,0.99999976,0.19243565049903694
2332,1.0,0.10390135435617547
2333,1.0,0.08924697861791138
2334,1.0,0.10394337714863498
2335,1.0,0.10436698717948718
2336,1.0,0.10543067435846429
2337,1.0,0.10390135435617547
2338,1.0,0.10390135435617547
2339,0.95276105,0.7055662577309135
2340,0.9999929,0.18184890992056785
2341,1.0,0.10390135435617547
2342,1.0,0.10394337714863498
2343,1.0,0.10390135435617547
2344,1.0,0.18512366186784793
2345,1.0,0.2840466926070039
2346,1.0,0.10234154218813081
2347,0.90166444,0.04221105527638191
2348,1.0,0.07354881266490765
2349,1.0,0.10390135435617547
2350,0.77334565,0.26654611211573237
2351,1.0,0.10390135435617547
2352,0.9574053,0.21080139372822299
2353,1.0,0.10390135435617547
2354,1.0,0.056457564575645755
2355,1.0,0.15792869817712535
2356,1.0,0.10390135435617547
2357,0.9999579,0.18900653300292858
2358,1.0,0.10390135435617547
2359,1.0,0.10390135435617547
2360,0.99999994,0.10390135435617547
2361,1.0,0.10390135435617547
2362,1.0,0.18561236623067776
2363,1.0,0.10390135435617547
2364,0.94607604,0.447273166023166
2365,1.0,0.10390135435617547
2366,1.0,0.10390135435617547
2367,1.0,0.10486291775065039
2368,1.0,0.10374115267947422
2369,1.0,0.10390135435617547
2370,1.0,0.10394337714863498
2371,0.9999995,0.15666289165722913
2372,1.0,0.29393022144336467
2373,1.0,0.10416666666666667
2374,1.0,0.10390135435617547
2375,1.0,0.22633297062023938
2376,0.9999766,0.21690299031307034
2377,1.0,0.10560990217608306
2378,1.0,0.10376213592233009
2379,1.0,0.10388035569927244
2380,1.0,0.10390135435617547
2381,1.0,0.10394337714863498
2382,1.0,0.10390135435617547
2383,1.0,0.10390135435617547
2384,1.0,0.10390135435617547
2385,1.0,0.09796173044925124
2386,1.0,0.10371267150928168
2387,1.0,0.10390135435617547
2388,1.0,0.10390135435617547
2389,0.99343973,0.22283380681818182
2390,1.0,0.11140315406389001
2391,1.0,0.11149162861491628
2392,1.0,0.10390135435617547
2393,1.0,0.07983327989740302
2394,1.0,0.10390135435617547
2395,1.0,0.10913656557852038
2396,0.9898272,0.15856816450875857
2397,1.0,0.10390135435617547
2398,1.0,0.10390135435617547
2399,1.0,0.10398543394699575
2400,1.0,0.15751295336787566
2401,1.0,0.10390135435617547
2402,1.0,0.1045289122523251
2403,0.64925706,0.06563706563706563
2404,1.0,0.10390135435617547
2405,1.0,0.022965042102577188
2406,1.0,0.10388035569927244
2407,0.9999963,0.1912945711532284
2408,1.0,0.10394337714863498
2409,0.67060375,0.17972934874541865
2410,1.0,0.116751269035533
2411,1.0,0.10612162706403544
2412,1.0,0.10389348396207383
2413,1.0,0.10390135435617547
2414,1.0,0.1051898985881885
2415,1.0,0.10390135435617547
2416,1.0,0.10390135435617547
2417,0.9391278,0.07519446845289542
2418,1.0,0.10390135435617547
2419,1.0,0.10369921164342026
2420,1.0,0.10394337714863498
2421,1.0,0.11100059677740202
2422,1.0,0.10390135435617547
2423,0.9999979,0.07166276346604215
2424,1.0,0.10390135435617547
2425,1.0,0.10390135435617547
2426,1.0,0.10390135435617547
2427,1.0,0.1799787007454739
2428,1.0,0.10375454178441663
2429,1.0,0.10390135435617547
2430,1.0,0.10369921164342026
2431,0.63073736,0.4498859680710599
2432,1.0,0.10390135435617547
2433,1.0,0.10390135435617547
2434,1.0,0.10390135435617547
2435,1.0,0.1989097194522005
2436,1.0,0.10392236150424586
2437,1.0,0.21540930979133227
2438,1.0,0.10394337714863498
2439,1.0,0.10390135435617547
2440,1.0,0.10539845758354756
2441,0.93359506,0.2251004912907548
2442,1.0,0.10369921164342026
2443,1.0,0.11261792452830188
2444,1.0,0.10390135435617547
2445,0.8059601,0.26924480116745714
2446,1.0,0.11184606133493687
2447,1.0,0.10648148148148148
2448,1.0,0.19357579877634262
2449,1.0,0.1036008851337759
2450,1.0,0.10390135435617547
2451,1.0,0.10390135435617547
2452,1.0,0.10390135435617547
2453,1.0,0.10390135435617547
2454,1.0,0.13063524590163936
2455,1.0,0.10390135435617547
2456,1.0,0.12216373207478672
2457,0.99999994,0.10319708619991906
2458,1.0,0.10390135435617547
2459,1.0,0.21681197565389043
2460,1.0,0.10390135435617547
2461,0.9955187,0.11585993820803296
2462,1.0,0.092552865461232
2463,1.0,0.10390135435617547
2464,1.0,0.10377548960226125
2465,1.0,0.10488390712570056
2466,1.0,0.10394337714863498
2467,1.0,0.11195880221247377
2468,1.0,0.10385936552838958
2469,1.0,0.10394337714863498
2470,1.0,0.10390135435617547
2471,1.0,0.11228139904610493
2472,1.0,0.10822342901474011
2473,1.0,0.10390135435617547
2474,1.0,0.11501388661983336
2475,0.7093191,0.16211232187761945
2476,0.9995622,0.1542095026396221
2477,0.9999999,0.17263195950831525
2478,0.9524058,0.22431034482758622
2479,0.93153787,0.04885701479157328
2480,1.0,0.10390135435617547
2481,1.0,0.10983474405481661
2482,1.0,0.10390135435617547
2483,1.0,0.11160805041675137
2484,1.0,0.10420882233913395
2485,1.0,0.11940550582671847
2486,0.99999994,0.10390135435617547
2487,0.9999963,0.14727141308276112
2488,1.0,0.10390135435617547
2489,1.0,0.10390135435617547
2490,0.1803173,0.24258050936644918
2491,1.0,0.10390135435617547
2492,1.0,0.33750999733404424
2493,1.0,0.14384559359067736
2494,1.0,0.13227953410981697
2495,1.0,0.10390135435617547
2496,1.0,0.10522072162870388
2497,1.0,0.3340372670807453
2498,1.0,0.10390135435617547
2499,1.0,0.08394698085419734
2500,0.46768776,0.08928571428571429
2501,1.0,0.10390135435617547
2502,1.0,0.10394337714863498
2503,1.0,0.2705817020685825
2504,1.0,0.10394337714863498
2505,1.0,0.10390135435617547
2506,0.99971956,0.15792458179756166
2507,0.91890836,0.6088206035149774
2508,1.0,0.10808080808080808
2509,1.0,0.08114357788522178
2510,1.0,0.10390135435617547
2511,0.86461866,0.2900437520008537
2512,1.0,0.10435480634156132
2513,0.88783973,0.2582173526798934
2514,1.0,0.10634441087613293
2515,1.0,0.2848762172943799
2516,1.0,0.10075157424334755
2517,1.0,0.11692364170337739
2518,1.0,0.09891681994686287
2519,1.0,0.10390135435617547
2520,1.0,0.11068237205523965
2521,1.0,0.10390135435617547
2522,1.0,0.10394337714863498
2523,1.0,0.10388035569927244
2524,1.0,0.10390135435617547
2525,1.0,0.10390135435617547
2526,1.0,0.10390135435617547
2527,1.0,0.10394337714863498
2528,1.0,0.10390135435617547
2529,0.9649691,0.3180019107410946
2530,1.0,0.14021529119514214
2531,1.0,0.10567475436133948
2532,1.0,0.10394337714863498
2533,1.0,0.10450778249444108
2534,0.9999986,0.18266710353866317
2535,1.0,0.1107273466070703
2536,1.0,0.10610868702895676
2537,1.0,0.10438789821679022
2538,1.0,0.10457384646383236
2539,1.0,0.10390135435617547
2540,1.0,0.10379644588045234
2541,1.0,0.10390135435617547
2542,1.0,0.032830739299610896
2543,0.6994858,0.30261172373766687
2544,1.0,0.128686797752809
2545,0.97218096,0.5284979644311121
2546,1.0,0.10390135435617547
2547,0.9999953,0.1671867301691575
2548,1.0,0.10383838383838384
2549,1.0,0.10390135435617547
2550,1.0,0.10116255353864981
2551,1.0,0.10394337714863498
2552,1.0,0.10359450726978998
2553,0.9999998,0.14242135367016207
2554,1.0,0.13125123542202016
2555,1.0,0.07991156032849021
2556,1.0,0.10390135435617547
2557,0.9789189,0.5407324743836868
2558,1.0,0.10390135435617547
2559,1.0,0.10394337714863498
2560,0.69336694,0.5620100934178031
2561,1.0,0.09290077943964609
2562,1.0,0.10390135435617547
2563,1.0,0.10483707751467314
2564,1.0,0.10394337714863498
2565,1.0,0.10364992942125428
2566,1.0,0.10394337714863498
2567,1.0,0.10390135435617547
2568,0.9850633,0.152900332706495
2569,0.8888864,0.17153647386205526
2570,1.0,0.1098857028273511
2571,1.0,0.2128920364214482
2572,1.0,0.10390135435617547
2573,1.0,0.10827250608272507
2574,1.0,0.10390135435617547
2575,1.0,0.10390135435617547
2576,1.0,0.12491141034727143
2577,1.0,0.10426348757324712
2578,0.80219656,0.3244497323022011
2579,1.0,0.10390135435617547
2580,0.66694254,0.23081345214141996
2581,1.0,0.1590013140604468
2582,0.7731918,0.1874092648805596
2583,0.99999905,0.10424929178470255
2584,0.9994822,0.23784063470162126
2585,1.0,0.18581670218949817
2586,1.0,0.11084288875477771
2587,1.0,0.08854509545753786
2588,1.0,0.11089755910051893
2589,0.66359043,0.05251520176893311
2590,0.76471,0.4385907145209088
2591,1.0,0.10394337714863498
2592,1.0,0.2505864495653374
2593,1.0,0.1060515278609946
2594,0.99999446,0.1771801140994295
2595,0.6025374,0.35379391406556093
2596,1.0,0.12549221023797294
2597,1.0,0.09806714140386572
2598,1.0,0.10390135435617547
2599,1.0,0.10390135435617547
2600,1.0,0.10390135435617547
2601,1.0,0.10353892821031345
2602,1.0,0.10390135435617547
2603,1.0,0.10394337714863498
2604,1.0,0.10703185703185703
2605,1.0,0.10390135435617547
2606,1.0,0.10390135435617547
2607,1.0,0.18304974531266935
2608,1.0,0.10461600483773432
2609,1.0,0.10390135435617547
2610,1.0,0.10390135435617547
2611,1.0,0.10390135435617547
2612,1.0,0.1045135406218656
2613,1.0,0.14681693572951568
2614,0.76250064,0.44841360419995435
2615,0.99052984,0.14449612403100776
2616,1.0,0.10390135435617547
2617,1.0,0.1211556383970177
2618,1.0,0.10390135435617547
2619,1.0,0.10390135435617547
2620,1.0,0.10390135435617547
2621,1.0,0.10390135435617547
2622,1.0,0.10515833499302928
2623,0.7879819,0.28847222222222224
2624,1.0,0.10390135435617547
2625,1.0,0.10869126840088728
2626,1.0,0.10390135435617547
2627,1.0,0.1036573045059608
2628,1.0,0.10686274509803921
2629,1.0,0.10394337714863498
2630,1.0,0.10597340742210756
2631,1.0,0.10390135435617547
2632,1.0,0.10394337714863498
2633,0.93441945,0.31421103315449167
2634,1.0,0.10390135435617547
2635,1.0,0.10390135435617547
2636,1.0,0.08281874318924809
2637,1.0,0.10390135435617547
2638,1.0,0.10390135435617547
2639,1.0,0.10390135435617547
2640,0.91123617,0.1903734439834025
2641,0.9525597,0.4395088479595522
2642,1.0,0.10390135435617547
2643,1.0,0.09997951239500102
2644,0.7351679,0.20496894409937888
2645,1.0,0.12718292467807374
2646,1.0,0.10390135435617547
2647,1.0,0.14798283261802575
2648,1.0,0.10390135435617547
2649,1.0,0.10390135435617547
2650,1.0,0.10390135435617547
2651,1.0,0.10394337714863498
2652,1.0,0.10390135435617547
2653,0.87343764,0.19776407093292211
2654,1.0,0.10390135435617547
2655,0.99999994,0.09562720848056537
2656,1.0,0.10394337714863498
2657,0.6869692,0.286534321932552
2658,1.0,0.2362656670961696
2659,0.9621817,0.3144335825186889
2660,1.0,0.10390135435617547
2661,0.9345759,0.334082793281312
2662,1.0,0.10390135435617547
2663,1.0,0.10419622947496453
2664,1.0,0.10653945537666468
2665,1.0,0.10391444713478612
2666,0.8287031,0.47938405430047615
2667,1.0,0.10661838664252665
2668,1.0,0.10394337714863498
2669,1.0,0.10394337714863498
2670,1.0,0.10390135435617547
2671,1.0,0.10390135435617547
2672,1.0,0.10390135435617547
2673,1.0,0.10351799433885968
2674,1.0,0.10379644588045234
2675,1.0,0.10390135435617547
2676,1.0,0.10390135435617547
2677,1.0,0.12096924510717615
2678,1.0,0.10390135435617547
2679,1.0,0.10390135435617547
2680,1.0,0.09258123850398528
2681,1.0,0.21871838111298483
2682,1.0,0.10345524348353202
2683,1.0,0.10390135435617547
2684,1.0,0.10390135435617547
2685,1.0,0.10771227289581016
2686,1.0,0.17117804041174228
2687,1.0,0.23864793321115862
2688,1.0,0.10390135435617547
2689,1.0,0.10390135435617547
2690,1.0,0.12133580705009277
2691,1.0,0.16131756756756757
2692,1.0,0.10390135435617547
2693,1.0,0.10390135435617547
2694,1.0,0.10390135435617547
2695,0.99999994,0.16959385290889134
2696,1.0,0.15408560311284047
2697,0.99505603,0.08187134502923976
2698,1.0,0.10390135435617547
2699,1.0,0.10390135435617547
2700,1.0,0.10390135435617547
2701,1.0,0.10394337714863498
2702,1.0,0.10394337714863498
2703,1.0,0.20655125594025797
2704,1.0,0.04311199207135778
2705,0.99999976,0.13712781041118088
2706,1.0,0.10390135435617547
2707,1.0,0.11064318529862174
2708,1.0,0.11076863802735504
2709,1.0,0.10390135435617547
2710,0.8648048,0.16107516177202588
2711,0.9991239,0.25977504017139796
2712,1.0,0.10394337714863498
2713,0.27079716,0.7378728532690569
2714,1.0,0.10390135435617547
2715,0.9739815,0.20445550152663122
2716,1.0,0.10390135435617547
2717,1.0,0.10390135435617547
2718,1.0,0.10390135435617547
2719,1.0,0.10390135435617547
2720,1.0,0.10460921843687375
2721,0.8438561,0.6632847815168257
2722,1.0,0.10390135435617547
2723,1.0,0.10543067435846429
2724,1.0,0.055081647574945165
2725,1.0,0.32162793057951894
2726,0.095843226,0.3648255813953488
2727,1.0,0.10456464910516791
2728,1.0,0.10394337714863498
2729,1.0,0.16841730461100232
2730,0.9341852,0.34595600306446317
2731,1.0,0.10390135435617547
2732,1.0,0.10390135435617547
2733,1.0,0.06313497822931785
2734,1.0,0.10390135435617547
2735,1.0,0.10390135435617547
2736,1.0,0.10390135435617547
2737,1.0,0.10390135435617547
2738,1.0,0.11135902636916836
2739,1.0,0.10390135435617547
2740,1.0,0.10390135435617547
2741,1.0,0.10390402602684018
2742,1.0,0.10390135435617547
2743,1.0,0.10390135435617547
2744,1.0,0.1052312664108261
2745,1.0,0.10486291775065039
2746,0.9090515,0.2726643598615917
2747,1.0,0.10390135435617547
2748,1.0,0.10390135435617547
2749,0.94567895,0.1088255573431395
2750,1.0,0.10394337714863498
2751,1.0,0.11011783827712313
2752,1.0,0.10390135435617547
2753,1.0,0.10390135435617547
2754,1.0,0.10810284378652123
2755,0.97753453,0.21047608949210053
2756,1.0,0.10390135435617547
2757,1.0,0.10394337714863498
2758,1.0,0.10390135435617547
2759,1.0,0.10390135435617547
2760,1.0,0.10390135435617547
2761,0.7305726,0.3224852071005917
2762,1.0,0.10369921164342026
2763,0.9287084,0.33479960899315736
2764,1.0,0.10255885363357216
2765,1.0,0.10390135435617547
2766,0.99999994,0.10390135435617547
2767,1.0,0.10390135435617547
2768,1.0,0.10390135435617547
2769,1.0,0.10390135435617547
2770,1.0,0.10390135435617547
2771,1.0,0.10390135435617547
2772,1.0,0.10436698717948718
2773,0.99977934,0.14694189602446484
2774,1.0,0.09501039501039502
2775,1.0,0.14784778540237056
2776,0.9993508,0.14357445473089597
2777,1.0,0.10390135435617547
2778,1.0,0.15384615384615385
2779,1.0,0.1048
2780,1.0,0.2940708768741481
2781,1.0,0.10402752479255212
2782,0.7918265,0.053166897827092004
2783,1.0,0.10394337714863498
2784,1.0,0.1062611100138258
2785,1.0,0.10390135435617547
2786,1.0,0.10377548960226125
2787,1.0,0.10390135435617547
2788,1.0,0.10437235543018336
2789,1.0,0.10371267150928168
2790,0.9987635,0.21596858638743455
2791,1.0,0.10390135435617547
2792,1.0,0.10390135435617547
2793,1.0,0.10390135435617547
2794,1.0,0.25842432781495833
2795,1.0,0.10394337714863498
2796,1.0,0.10390135435617547
2797,1.0,0.10390135435617547
2798,1.0,0.10390135435617547
2799,0.9651214,0.3450300773417359
2800,0.88434833,0.4355730384860727
2801,1.0,0.10390135435617547
2802,1.0,0.10388035569927244
2803,1.0,0.10390135435617547
2804,1.0,0.10112812248186946
2805,1.0,0.10390135435617547
2806,1.0,0.10390135435617547
2807,1.0,0.10390135435617547
2808,1.0,0.10390135435617547
2809,1.0,0.10390135435617547
2810,0.9230514,0.6504218362282879
2811,0.99999756,0.14667836000877002
2812,1.0,0.10369921164342026
2813,1.0,0.10390135435617547
2814,1.0,0.10394337714863498
2815,1.0,0.10440226171243942
2816,1.0,0.10390135435617547
2817,1.0,0.15404317599707282
2818,1.0,0.10390135435617547
2819,1.0,0.10390135435617547
2820,1.0,0.10390135435617547
2821,1.0,0.10367825383993533
2822,1.0,0.10390135435617547
2823,0.99999994,0.026322716504343247
2824,0.9173203,0.5193218911235127
2825,1.0,0.10390135435617547
2826,1.0,0.10610551274451689
2827,1.0,0.08405858628741245
2828,1.0,0.3130927291886196
2829,1.0,0.10390135435617547
2830,0.9946723,0.15448482373757996
2831,1.0,0.10390135435617547
2832,1.0,0.10611439842209074
2833,0.6582275,0.1169139465875371
2834,1.0,0.10390135435617547
2835,1.0,0.10390135435617547
2836,1.0,0.10390135435617547
2837,1.0,0.0914812317374691
2838,1.0,0.10390135435617547
2839,1.0,0.10394337714863498
2840,1.0,0.10390135435617547
2841,1.0,0.10390135435617547
2842,1.0,0.10390135435617547
2843,0.999999,0.1949166004765687
2844,1.0,0.10394337714863498
2845,1.0,0.10369318181818182
2846,1.0,0.10390135435617547
2847,0.99935585,0.20696550574904182
2848,1.0,0.10390135435617547
2849,1.0,0.10390135435617547
2850,1.0,0.10394337714863498
2851,1.0,0.10390135435617547
2852,1.0,0.10394337714863498
2853,1.0,0.12346879253354073
2854,1.0,0.10390135435617547
2855,1.0,0.1028814935064935
2856,1.0,0.10390135435617547
2857,1.0,0.10394337714863498
2858,1.0,0.10394337714863498
2859,1.0,0.2451988360814743
2860,1.0,0.10758620689655173
2861,1.0,0.10966579947968781
2862,1.0,0.10388035569927244
2863,1.0,0.10333670374115268
2864,1.0,0.10390135435617547
2865,1.0,0.11910669975186104
2866,1.0,0.10390135435617547
2867,1.0,0.10390135435617547
2868,1.0,0.10377548960226125
2869,0.8159209,0.41108647450110863
2870,1.0,0.10390135435617547
2871,0.9999999,0.1702980651908663
2872,1.0,0.10390135435617547
2873,1.0,0.1051898985881885
2874,1.0,0.10390135435617547
2875,0.9319933,0.33274647887323944
2876,1.0,0.10390135435617547
2877,1.0,0.1178376189512047
2878,1.0,0.1742881794650561
2879,1.0,0.10394337714863498
2880,1.0,0.10576148267526189
2881,1.0,0.12785114045618248
2882,1.0,0.12579617834394904
2883,1.0,0.10394337714863498
2884,1.0,0.10394337714863498
2885,1.0,0.11073219658976931
2886,1.0,0.10133225676221236
2887,1.0,0.10390135435617547
2888,1.0,0.10390135435617547
2889,0.9469782,0.12281879194630872
2890,1.0,0.10390135435617547
2891,0.9694508,0.2289731358272659
2892,1.0,0.10413290113452188
2893,1.0,0.10390135435617547
2894,1.0,0.10390135435617547
2895,0.9637829,0.4013852617236289
2896,1.0,0.10379644588045234
2897,1.0,0.10442334881842052
2898,1.0,0.10394337714863498
2899,1.0,0.10388035569927244
2900,1.0,0.10394337714863498
2901,1.0,0.10390135435617547
2902,0.9999758,0.20631970260223048
2903,1.0,0.10394337714863498
2904,0.9999838,0.1628614916286149
2905,0.908235,0.5718454417387805
2906,1.0,0.10390135435617547
2907,0.9999791,0.1159274193548387
2908,1.0,0.10390135435617547
2909,1.0,0.10390135435617547
2910,1.0,0.10390135435617547
2911,0.9999999,0.1510689794271884
2912,1.0,0.10392236150424586
2913,1.0,0.10390135435617547
2914,0.94574404,0.7000295828813726
2915,1.0,0.10372771474878444
2916,1.0,0.10390135435617547
2917,1.0,0.10394337714863498
2918,1.0,0.10390135435617547
2919,1.0,0.10390135435617547
2920,1.0,0.10390135435617547
2921,0.5938608,0.31331205835422843
2922,1.0,0.10390135435617547
2923,1.0,0.10394337714863498
2924,1.0,0.10265235877708039
2925,1.0,0.10466300142537162
2926,1.0,0.11014660493827161
2927,1.0,0.10537848605577689
2928,1.0,0.10390135435617547
2929,1.0,0.16131756756756757
2930,1.0,0.10390135435617547
2931,1.0,0.10390135435617547
2932,1.0,0.3238973008558262
2933,1.0,0.10377548960226125
2934,1.0,0.10390135435617547
2935,1.0,0.10394337714863498
2936,1.0,0.10394337714863498
2937,1.0,0.10390135435617547
2938,1.0,0.1088012434427822
2939,1.0,0.17675292153589314
2940,1.0,0.10581583198707593
2941,1.0,0.10607890499194847
2942,0.9263299,0.6224530168150346
2943,1.0,0.10390135435617547
2944,1.0,0.10390135435617547
2945,0.90671986,0.5300653594771242
2946,0.94908607,0.21120293847566574
2947,1.0,0.10390135435617547
2948,1.0,0.10390135435617547
2949,1.0,0.13348779183746212
2950,1.0,0.10369921164342026
2951,1.0,0.10377548960226125
2952,1.0,0.10390135435617547
2953,1.0,0.10390135435617547
2954,1.0,0.10390135435617547
2955,1.0,0.10394337714863498
2956,1.0,0.10394337714863498
2957,1.0,0.13044346783859367
2958,1.0,0.12168181008373419
2959,1.0,0.07621751474120987
2960,1.0,0.10394337714863498
2961,0.7018016,0.503149055283415
2962,1.0,0.1045619701251514
2963,0.95762724,0.2832764505119454
2964,1.0,0.10390135435617547
2965,1.0,0.10394337714863498
2966,0.88428926,0.12349336057201225
2967,0.7361788,0.7406368916483076
2968,1.0,0.13238111827207805
2969,1.0,0.1035880802756943
2970,0.9492896,0.844564152791381
2971,1.0,0.10390135435617547
2972,1.0,0.10390135435617547
2973,1.0,0.21127295756808107
2974,1.0,0.10394337714863498
2975,1.0,0.10390135435617547
2976,1.0,0.1049370377773336
2977,1.0,0.10869979059584998
2978,1.0,0.34097035040431267
2979,1.0,0.10390135435617547
2980,1.0,0.10390135435617547
2981,0.6237296,0.3541666666666667
2982,1.0,0.10390135435617547
2983,0.99942994,0.16581905781584583
2984,1.0,0.10598428369937538
2985,1.0,0.10390135435617547
2986,0.99999994,0.1291693222859571
2987,1.0,0.10394337714863498
2988,1.0,0.10390135435617547
2989,0.87582606,0.1646505376344086
2990,0.9999521,0.15333539221741815
2991,1.0,0.10276198212835093
2992,0.9263029,0.24189108318372232
2993,1.0,0.10869979059584998
2994,1.0,0.11997576247222783
2995,0.969113,0.40165452525003087
2996,0.86448425,0.38952459596555383
2997,0.734456,0.6497044976459982
2998,0.94587326,0.0815845319500118
2999,0.8836567,0.30614068683773776
3000,1.0,0.1008639742816958
3001,1.0,0.10394337714863498
3002,1.0,0.10390135435617547
3003,1.0,0.10458308096103372
3004,1.0,0.10390135435617547
3005,0.9993751,0.08986083499005965
3006,1.0,0.1044144325740778
3007,1.0,0.10390135435617547
3008,1.0,0.18572952471257556
3009,1.0,0.10390135435617547
3010,1.0,0.10390135435617547
3011,1.0,0.10384615384615385
3012,0.9998892,0.16183035714285715
3013,1.0,0.10394337714863498
3014,0.99900967,0.1575798776342624
3015,0.99944526,0.14164742109314857
3016,1.0,0.10390135435617547
3017,1.0,0.10390135435617547
3018,0.792619,0.37626397019691327
3019,1.0,0.10394337714863498
3020,1.0,0.10473715770537677
3021,0.97781163,0.07922535211267606
3022,1.0,0.10394337714863498
3023,1.0,0.10390135435617547
3024,1.0,0.10394337714863498
3025,1.0,0.18355271102523849
3026,1.0,0.10390135435617547
3027,1.0,0.1048
3028,1.0,0.18760268857356235
3029,1.0,0.11375818939845146
3030,0.57435155,0.5307511999107043
3031,0.9997884,0.35202260559190957
3032,1.0,0.10390135435617547
3033,1.0,0.10351799433885968
3034,1.0,0.12117962466487936
3035,1.0,0.10600564288593309
3036,1.0,0.10390135435617547
3037,1.0,0.10369921164342026
3038,1.0,0.10390135435617547
3039,1.0,0.10390135435617547
3040,1.0,0.10390135435617547
3041,1.0,0.10779371849554091
3042,1.0,0.10390135435617547
3043,1.0,0.10349706893066504
3044,1.0,0.07102164830991264
3045,1.0,0.10633988251974884
3046,1.0,0.07836990595611286
3047,1.0,0.10390135435617547
3048,1.0,0.10709452928668084
3049,1.0,0.19542505223798526
3050,0.9688164,0.1506743140598357
3051,0.99999905,0.19568464730290455
3052,0.9747029,0.42881466928618206
3053,0.9417883,0.6319617848224949
3054,1.0,0.10390135435617547
3055,1.0,0.10390135435617547
3056,0.94316405,0.2925170068027211
3057,1.0,0.10369921164342026
3058,1.0,0.10394337714863498
3059,0.96337646,0.06520933679140423
3060,1.0,0.19402652401649392
3061,1.0,0.10461351679481991
3062,1.0,0.1814611154752553
3063,1.0,0.1958481289265228
3064,1.0,0.13872238396985787
3065,1.0,0.10390135435617547
3066,1.0,0.20215887654579753
3067,1.0,0.10390135435617547
3068,1.0,0.10539845758354756
3069,1.0,0.10509361787799476
3070,1.0,0.10390135435617547
3071,1.0,0.10394337714863498
3072,0.8473952,0.1478931423850179
3073,1.0,0.11003432263274783
3074,1.0,0.10390135435617547
3075,1.0,0.10390135435617547
3076,1.0,0.10390135435617547
3077,1.0,0.10390135435617547
3078,1.0,0.10390135435617547
3079,1.0,0.105168986083499
3080,1.0,0.21829855537720708
3081,1.0,0.10369921164342026
3082,1.0,0.14398422090729784
3083,1.0,0.08082064034815045
3084,1.0,0.10394337714863498
3085,1.0,0.10390135435617547
3086,1.0,0.10831487819609423
3087,1.0,0.10390135435617547
3088,0.9999981,0.13874246987951808
3089,1.0,0.10390135435617547
3090,0.99999934,0.17172812725958062
3091,1.0,0.10390135435617547
3092,0.8910183,0.5737268061587051
3093,1.0,0.10556117290192113
3094,0.91239244,0.38540703052728953
3095,1.0,0.10441116956697694
3096,1.0,0.11404392504533548
3097,0.99999994,0.10390135435617547
3098,1.0,0.10390135435617547
3099,1.0,0.10601777059773829
3100,1.0,0.10394337714863498
3101,1.0,0.10392236150424586
3102,1.0,0.10550367574011524
3103,1.0,0.10394337714863498
3104,1.0,0.15058876811594202
3105,1.0,0.10390135435617547
3106,0.9999997,0.177818853974122
3107,1.0,0.10390135435617547
3108,1.0,0.10390135435617547
3109,1.0,0.10390135435617547
3110,1.0,0.10394337714863498
3111,1.0,0.13329407145661562
3112,0.90294266,0.368506291266974
3113,0.97681767,0.3077255071212775
3114,1.0,0.10369921164342026
3115,1.0,0.27822647107301796
3116,1.0,0.10390135435617547
3117,1.0,0.10369921164342026
3118,1.0,0.10394337714863498
3119,1.0,0.10438789821679022
3120,1.0,0.1036573045059608
3121,1.0,0.10394337714863498
3122,1.0,0.10867834394904459
3123,1.0,0.20595263958288074
3124,1.0,0.10390135435617547
3125,1.0,0.10390135435617547
3126,1.0,0.10390135435617547
3127,0.9999902,0.10849248273059732
3128,0.8949135,0.5107323232323232
3129,1.0,0.10577495534828339
3130,1.0,0.10390135435617547
3131,1.0,0.16131756756756757
3132,1.0,0.10390135435617547
3133,0.9775019,0.33302303932976496
3134,1.0,0.11064318529862174
3135,0.99252206,0.1275930194270662
3136,1.0,0.10390135435617547
3137,1.0,0.10371267150928168
3138,0.9683377,0.5227176669484361
3139,1.0,0.23781850692892267
3140,1.0,0.08951460390838412
3141,1.0,0.10390135435617547
3142,1.0,0.10390135435617547
3143,1.0,0.10390135435617547
3144,1.0,0.10390135435617547
3145,1.0,0.10194568301580867
3146,1.0,0.10390135435617547
3147,1.0,0.10394337714863498
3148,1.0,0.10396440129449838
3149,1.0,0.10390135435617547
3150,1.0,0.13482265334117186
3151,1.0,0.158656244802927
3152,1.0,0.10390135435617547
3153,1.0,0.1041372351160444
3154,1.0,0.11465097402597403
3155,1.0,0.10390135435617547
3156,0.96301925,0.12898089171974522
3157,1.0,0.10390135435617547
3158,1.0,0.3212175699974313
3159,1.0,0.10390135435617547
3160,1.0,0.10390135435617547
3161,1.0,0.10615627466456196
3162,1.0,0.10541026152924736
3163,1.0,0.10390135435617547
3164,0.6480096,0.5802213716768387
3165,1.0,0.10390135435617547
3166,1.0,0.21904
3167,0.25271025,0.5369562905455706
3168,1.0,0.11129196337741608
3169,1.0,0.11035721412891639
3170,0.9999914,0.19127833753148615
3171,1.0,0.10527363184079602
3172,1.0,0.3368237347294939
3173,1.0,0.10372017792155278
3174,1.0,0.32347473381781305
3175,1.0,0.10390135435617547
3176,1.0,0.10448666127728375
3177,1.0,0.10367825383993533
3178,1.0,0.10390135435617547
3179,1.0,0.10394337714863498
3180,0.4877404,0.15984115165053364
3181,1.0,0.10394337714863498
3182,1.0,0.10394337714863498
3183,0.99977523,0.16195548272565888
3184,0.99999976,0.15506573859242073
3185,0.7064734,0.5834982810709449
3186,1.0,0.10394337714863498
3187,1.0,0.27395301327885596
3188,1.0,0.1054617676266137
3189,1.0,0.10390135435617547
3190,1.0,0.10375454178441663
3191,1.0,0.10390135435617547
3192,1.0,0.03618609994256174
3193,1.0,0.10390135435617547
3194,1.0,0.10390135435617547
3195,1.0,0.11043319097010372
3196,1.0,0.10390135435617547
3197,1.0,0.10464646464646464
3198,1.0,0.10533764658309745
3199,1.0,0.23668032786885246
3200,0.9624599,0.35891615832032914
3201,1.0,0.10622858294698649
3202,1.0,0.10390135435617547
3203,0.4389452,0.37700693756194253
3204,1.0,0.10390135435617547
3205,1.0,0.10390135435617547
3206,1.0,0.10385936552838958
3207,0.9998277,0.1521868491520381
3208,1.0,0.10390135435617547
3209,1.0,0.10390135435617547
3210,1.0,0.10991800078094495
3211,0.6164465,0.583859649122807
3212,1.0,0.10390135435617547
3213,1.0,0.10390135435617547
3214,1.0,0.10364258402092977
3215,1.0,0.10256410256410256
3216,1.0,0.10339943342776203
3217,1.0,0.07466442953020135
3218,1.0,0.10390135435617547
3219,1.0,0.10379644588045234
3220,1.0,0.10390135435617547
3221,1.0,0.10390135435617547
3222,1.0,0.10390135435617547
3223,1.0,0.11759935117599352
3224,0.76156074,0.21079287460705554
3225,1.0,0.10734577922077922
3226,0.9999568,0.19263127357122134
3227,1.0,0.10618577473302437
3228,0.91674453,0.42858823529411766
3229,1.0,0.10494327390599675
3230,1.0,0.10394337714863498
3231,1.0,0.10390135435617547
3232,0.82068026,0.33879845415154
3233,1.0,0.10390135435617547
3234,1.0,0.10390135435617547
3235,1.0,0.10390135435617547
3236,1.0,0.10390135435617547
3237,1.0,0.10390135435617547
3238,1.0,0.10390135435617547
3239,0.9995917,0.15492755702194808
3240,1.0,0.10390135435617547
3241,1.0,0.2591489889591862
3242,1.0,0.10394337714863498
3243,0.6823036,0.4715821812596006
3244,1.0,0.10394337714863498
3245,1.0,0.10390135435617547
3246,1.0,0.11871813546977422
3247,1.0,0.21371586376189014
3248,1.0,0.10390135435617547
3249,1.0,0.10390135435617547
3250,1.0,0.1547785547785548
3251,0.7691538,0.5385635584574576
3252,0.9999701,0.1381343440724363
3253,1.0,0.10394337714863498
3254,1.0,0.10394337714863498
3255,0.7429446,0.5107210426739541
3256,1.0,0.10390135435617547
3257,1.0,0.10390135435617547
3258,0.74672693,0.24747026451269305
3259,1.0,0.10367825383993533
3260,1.0,0.10390135435617547
3261,1.0,0.10827899624580123
3262,1.0,0.10351799433885968
3263,0.99999994,0.18933071510391097
3264,1.0,0.10390135435617547
3265,1.0,0.10394337714863498
3266,1.0,0.10415825595478401
3267,1.0,0.10377548960226125
3268,1.0,0.10530562840427678
3269,1.0,0.10390135435617547
3270,1.0,0.1044144325740778
3271,1.0,0.10390135435617547
3272,1.0,0.17385677308024158
3273,1.0,0.10390135435617547
3274,1.0,0.10390135435617547
3275,0.92860043,0.34843845682792407
3276,1.0,0.10285482891273537
3277,1.0,0.10394337714863498
3278,0.91774195,0.4607681302960273
3279,1.0,0.10890332441727169
3280,1.0,0.10498687664041995
3281,0.98284054,0.5528996469994957
3282,1.0,0.10383838383838384
3283,1.0,0.10550367574011524
3284,1.0,0.10394337714863498
3285,1.0,0.10394337714863498
3286,1.0,0.06313497822931785
3287,1.0,0.10426348757324712
3288,1.0,0.11153924153315757
3289,0.9619377,0.3017017919531162
3290,1.0,0.10390135435617547
3291,1.0,0.10381741062411634
3292,1.0,0.1036708350141186
3293,1.0,0.10390135435617547
3294,0.86708915,0.11757204794695231
3295,1.0,0.12954314720812182
3296,1.0,0.10390135435617547
3297,1.0,0.10394337714863498
3298,0.8377438,0.7025887428907629
3299,1.0,0.22183876311430148
3300,1.0,0.10390135435617547
3301,1.0,0.16356683469494177
3302,1.0,0.10390135435617547
3303,0.99993974,0.13344376955641452
3304,1.0,0.13528253294955309
3305,1.0,0.10394337714863498
3306,1.0,0.10390135435617547
3307,1.0,0.32721311475409837
3308,1.0,0.10392236150424586
3309,1.0,0.07794117647058824
3310,1.0,0.10390135435617547
3311,1.0,0.10390135435617547
3312,1.0,0.084979766722209
3313,1.0,0.10390135435617547
3314,1.0,0.10390135435617547
3315,1.0,0.10390135435617547
3316,1.0,0.2860341449762105
3317,1.0,0.10409521888238854
3318,1.0,0.10758136815435587
3319,0.6530476,0.3340871400572893
3320,0.99052817,0.2836979534227241
3321,1.0,0.10390135435617547
3322,0.571636,0.32696136997212266
3323,0.9999986,0.23552689432800822
3324,0.9283492,0.06502775574940524
3325,1.0,0.10390135435617547
3326,1.0,0.10668276972624799
3327,1.0,0.10237178187715386
3328,1.0,0.10390135435617547
3329,1.0,0.10394337714863498
3330,1.0,0.11126676005603361
3331,1.0,0.10390135435617547
3332,1.0,0.35617003714403633
3333,0.9698627,0.563053613053613
3334,0.8221333,0.2997078271566969
3335,1.0,0.10448963156835112
3336,1.0,0.11563169164882227
3337,0.50982636,0.24249595217337153
3338,1.0,0.10394337714863498
3339,1.0,0.10390135435617547
3340,1.0,0.10390135435617547
3341,0.99999994,0.10390135435617547
3342,1.0,0.10390135435617547
3343,1.0,0.11871813546977422
3344,1.0,0.11154539987973541
3345,1.0,0.20553401110994654
3346,0.81678843,0.2505297857311043
3347,0.9710569,0.29579657498702644
3348,1.0,0.10390135435617547
3349,1.0,0.10394337714863498
3350,1.0,0.10390135435617547
3351,1.0,0.10390135435617547
3352,0.4343946,0.22060715204527914
3353,1.0,0.12158859470468432
3354,1.0,0.10369921164342026
3355,0.59028774,0.3540888335408883
3356,0.8954213,0.3121468926553672
3357,1.0,0.11505588428665352
3358,1.0,0.1044776119402985
3359,1.0,0.10369921164342026
3360,1.0,0.10390135435617547
3361,1.0,0.19335548172757475
3362,1.0,0.10390135435617547
3363,1.0,0.10389348396207383
3364,1.0,0.30913381454747363
3365,1.0,0.12191103789126853
3366,1.0,0.10390135435617547
3367,1.0,0.10390135435617547
3368,1.0,0.10390135435617547
3369,1.0,0.10369921164342026
3370,1.0,0.10390135435617547
3371,0.71148354,0.1407391491190374
3372,1.0,0.2452668734624024
3373,1.0,0.1620971620971621
3374,1.0,0.10390135435617547
3375,1.0,0.10390135435617547
3376,1.0,0.10390135435617547
3377,1.0,0.10918854415274463
3378,1.0,0.10390135435617547
3379,1.0,0.10394337714863498
3380,1.0,0.10390135435617547
3381,0.98868567,0.1454849498327759
3382,1.0,0.10394337714863498
3383,1.0,0.10390135435617547
3384,1.0,0.10649455425574829
3385,0.92284435,0.5990299110751819
3386,1.0,0.10390135435617547
3387,1.0,0.10390135435617547
3388,1.0,0.10390135435617547
3389,1.0,0.10390135435617547
3390,1.0,0.10390135435617547
3391,1.0,0.10390135435617547
3392,1.0,0.11242153319383678
3393,0.9920731,0.14125454258176648
3394,1.0,0.10236698361319037
3395,1.0,0.10648615881996362
3396,1.0,0.11395743077792428
3397,1.0,0.054785020804438284
3398,1.0,0.2879746835443038
3399,1.0,0.10390135435617547
3400,1.0,0.10390135435617547
3401,1.0,0.13840565857388645
3402,1.0,0.10390135435617547
3403,0.61635405,0.3624065503737985
3404,0.8822813,0.2237892496008515
3405,1.0,0.18919798275581584
3406,1.0,0.10390135435617547
3407,1.0,0.19472346605349147
3408,1.0,0.10390135435617547
3409,1.0,0.10459235282217277
3410,1.0,0.10394337714863498
3411,1.0,0.11284490960989534
3412,1.0,0.10390135435617547
3413,1.0,0.10390135435617547
3414,1.0,0.10390135435617547
3415,0.8315543,0.09814963797264682
3416,1.0,0.10390135435617547
3417,1.0,0.175
3418,1.0,0.10383838383838384
3419,1.0,0.10394337714863498
3420,1.0,0.10245984956291929
3421,1.0,0.10390135435617547
3422,1.0,0.10390135435617547
3423,1.0,0.10390135435617547
3424,0.40103683,0.1962279293739968
3425,1.0,0.10390135435617547
3426,1.0,0.10390135435617547
3427,1.0,0.10532591414944356
3428,1.0,0.10518962075848304
3429,1.0,0.10358890701468189
3430,1.0,0.10390135435617547
3431,1.0,0.08728500241118792
3432,1.0,0.12142428485697139
3433,1.0,0.10390135435617547
3434,1.0,0.1740829446615404
3435,1.0,0.10380412788344799
3436,0.961513,0.22043969102792632
3437,1.0,0.10390135435617547
3438,1.0,0.10757453666398066
3439,1.0,0.12223626026531902
3440,1.0,0.1061463809138698
3441,0.9997448,0.19761356499895333
3442,1.0,0.10390135435617547
3443,0.85849637,0.06053505174770553
3444,0.5426076,0.09422358884252141
3445,1.0,0.10390135435617547
3446,1.0,0.10390135435617547
3447,1.0,0.10515833499302928
3448,1.0,0.10394337714863498
3449,1.0,0.10390135435617547
3450,1.0,0.10394337714863498
3451,1.0,0.15665758922172854
3452,0.9999998,0.15459212778094694
3453,1.0,0.1044144325740778
3454,1.0,0.10377548960226125
3455,0.9025753,0.11880387931034483
3456,1.0,0.10394337714863498
3457,0.99999994,0.10390135435617547
3458,1.0,0.10390135435617547
3459,1.0,0.10463468933414288
3460,1.0,0.10390135435617547
3461,1.0,0.10390135435617547
3462,1.0,0.10390135435617547
3463,1.0,0.18080950148460698
3464,1.0,0.10394337714863498
3465,1.0,0.13694820994091067
3466,1.0,0.10390135435617547
3467,1.0,0.11884057971014493
3468,1.0,0.10390135435617547
3469,0.99059117,0.21747149564050972
3470,1.0,0.10362274843149161
3471,0.84521145,0.17140794223826714
3472,1.0,0.10390135435617547
3473,1.0,0.11426957831325302
3474,1.0,0.12282917587622355
3475,1.0,0.10390135435617547
3476,1.0,0.10950173812282735
3477,1.0,0.24622754491017965
3478,0.99999905,0.14588504869199923
3479,1.0,0.10390135435617547
3480,1.0,0.10390135435617547
3481,1.0,0.1059013742926435
3482,1.0,0.10366470945535533
3483,1.0,0.10390135435617547
3484,1.0,0.10058574025449404
3485,1.0,0.18129933211900426
3486,1.0,0.10394337714863498
3487,1.0,0.11189747513389442
3488,1.0,0.15119617224880383
3489,1.0,0.10527363184079602
3490,0.9007989,0.32616698571638936
3491,1.0,0.10390135435617547
3492,1.0,0.10390135435617547
3493,1.0,0.10390135435617547
3494,1.0,0.10390135435617547
3495,1.0,0.10390135435617547
3496,1.0,0.10390135435617547
3497,1.0,0.10147863074741746
3498,1.0,0.10394337714863498
3499,1.0,0.1117861482381531
3500,1.0,0.2789984043206088
3501,1.0,0.10390135435617547
3502,0.9068019,0.16898977830877474
3503,1.0,0.23338257016248154
3504,1.0,0.11334261284549613
3505,0.9999755,0.1580776787063624
3506,1.0,0.10377548960226125
3507,0.9146857,0.1641810570381999
3508,1.0,0.3454916464736641
3509,1.0,0.16345980938680094
3510,1.0,0.10390135435617547
3511,1.0,0.10473313192346426
3512,1.0,0.32924021488871835
3513,1.0,0.11220548474314407
3514,1.0,0.2088768930874194
3515,1.0,0.10390135435617547
3516,1.0,0.10737308622078968
3517,1.0,0.11045804620997163
3518,1.0,0.10383838383838384
3519,1.0,0.10390135435617547
3520,1.0,0.2948174706649283
3521,1.0,0.10390135435617547
3522,1.0,0.09696969696969697
3523,1.0,0.12250356633380885
3524,1.0,0.1288623595505618
3525,1.0,0.10390135435617547
3526,1.0,0.10394337714863498
3527,0.93323684,0.29910069945597867
3528,1.0,0.10394337714863498
3529,0.9999055,0.2855744125326371
3530,1.0,0.10390135435617547
3531,1.0,0.10349706893066504
3532,1.0,0.10394337714863498
3533,0.93510693,0.06762652705061083
3534,1.0,0.10390135435617547
3535,1.0,0.10390135435617547
3536,1.0,0.09246435845213849
3537,1.0,0.06292845842854632
3538,1.0,0.10390135435617547
3539,1.0,0.10390135435617547
3540,1.0,0.23765867418899858
3541,1.0,0.10390135435617547
3542,1.0,0.10390135435617547
3543,1.0,0.12349704503770124
3544,1.0,0.10390135435617547
3545,1.0,0.10390135435617547
3546,0.99999994,0.10565656565656566
3547,1.0,0.10390135435617547
3548,1.0,0.10390135435617547
3549,1.0,0.10390135435617547
3550,1.0,0.043697478991596636
3551,1.0,0.10390135435617547
3552,1.0,0.2085809537614147
3553,1.0,0.10390135435617547
3554,1.0,0.10390135435617547
3555,1.0,0.10390135435617547
3556,1.0,0.27953760696592106
3557,1.0,0.17660377358490567
3558,0.99999994,0.15446516192345436
3559,0.9936047,0.2616487455197133
3560,1.0,0.10390135435617547
3561,1.0,0.10390135435617547
3562,1.0,0.10390135435617547
3563,1.0,0.10390135435617547
3564,1.0,0.208123476848091
3565,1.0,0.10390135435617547
3566,1.0,0.10390135435617547
3567,1.0,0.10390135435617547
3568,1.0,0.10394337714863498
3569,1.0,0.10379644588045234
3570,1.0,0.10390135435617547
3571,1.0,0.10390135435617547
3572,1.0,0.10673366834170854
3573,1.0,0.10390135435617547
3574,1.0,0.10390135435617547
3575,1.0,0.10390135435617547
3576,1.0,0.10488390712570056
3577,1.0,0.10394337714863498
3578,0.46574962,0.7500487995315245
3579,0.9999892,0.15686622845976195
3580,1.0,0.10394337714863498
3581,0.8405528,0.5382842777835969
3582,1.0,0.3372946988917078
3583,1.0,0.12334880399857194
3584,1.0,0.10394337714863498
3585,1.0,0.11998378597486827
3586,1.0,0.10417511147142278
3587,1.0,0.10390135435617547
3588,0.89691144,0.6345501695591462
3589,1.0,0.12096924510717615
3590,1.0,0.10363636363636364
3591,1.0,0.2339941911857558
3592,1.0,0.13614457831325302
3593,1.0,0.10837738918259456
3594,1.0,0.10390135435617547
3595,1.0,0.10390135435617547
3596,1.0,0.10390135435617547
3597,1.0,0.12692380771423142
3598,1.0,0.2526512788521522
3599,1.0,0.11012877186238708
3600,1.0,0.11403853716083366
3601,1.0,0.10923694779116466
3602,1.0,0.10390135435617547
3603,0.43815058,0.5726514248564308
3604,1.0,0.10394337714863498
3605,1.0,0.10390135435617547
3606,1.0,0.10369921164342026
3607,1.0,0.10390135435617547
3608,1.0,0.10551751913008457
3609,1.0,0.10379644588045234
3610,1.0,0.10390135435617547
3611,1.0,0.10390135435617547
3612,1.0,0.10390135435617547
3613,1.0,0.10394337714863498
3614,1.0,0.10714966634890372
3615,1.0,0.2348111658456486
3616,1.0,0.20595263958288074
3617,1.0,0.10390135435617547
3618,1.0,0.09848786311181855
3619,1.0,0.10390135435617547
3620,1.0,0.10390135435617547
3621,1.0,0.10662358642972536
3622,1.0,0.10390135435617547
3623,1.0,0.10390135435617547
3624,1.0,0.10417090539165819
3625,0.9999763,0.24151220407414203
3626,1.0,0.10390135435617547
3627,1.0,0.1039983844911147
3628,1.0,0.10390135435617547
3629,1.0,0.10390135435617547
3630,1.0,0.10390135435617547
3631,1.0,0.10191602119853241
3632,1.0,0.10640822784810126
3633,1.0,0.10364372469635627
3634,1.0,0.28825762534363136
3635,1.0,0.10394337714863498
3636,1.0,0.10390135435617547
3637,0.9997497,0.2739656912209889
3638,1.0,0.20312904059994827
3639,0.8514511,0.21378787878787878
3640,1.0,0.10406142655081835
3641,1.0,0.10394337714863498
3642,1.0,0.10458825886595872
3643,1.0,0.10379644588045234
3644,1.0,0.06318480642804968
3645,1.0,0.10242424242424242
3646,1.0,0.10390135435617547
3647,1.0,0.10390135435617547
3648,1.0,0.10394337714863498
3649,0.51100826,0.5373909201369712
3650,1.0,0.10511478050745067
3651,0.7806849,0.6448525102559094
3652,1.0,0.10390135435617547
3653,1.0,0.10390135435617547
3654,1.0,0.11256892945426887
3655,1.0,0.10390135435617547
3656,1.0,0.05792466240227434
3657,1.0,0.09398496240601503
3658,1.0,0.11066235864297254
3659,1.0,0.10363636363636364
3660,1.0,0.10390135435617547
3661,1.0,0.10614300100704935
3662,1.0,0.10390135435617547
3663,1.0,0.10390135435617547
3664,1.0,0.10390135435617547
3665,1.0,0.11546469808820746
3666,1.0,0.10425489009881024
3667,1.0,0.10390135435617547
3668,1.0,0.10390135435617547
3669,1.0,0.10394337714863498
3670,1.0,0.15546218487394958
3671,1.0,0.10394337714863498
3672,1.0,0.10390135435617547
3673,1.0,0.10390135435617547
3674,1.0,0.10390135435617547
3675,1.0,0.10390135435617547
3676,1.0,0.10390135435617547
3677,1.0,0.16606080634500991
3678,1.0,0.10377548960226125
3679,1.0,0.07261360904063477
3680,1.0,0.10390135435617547
3681,1.0,0.10390135435617547
3682,1.0,0.10394337714863498
3683,1.0,0.10390135435617547
3684,0.97034425,0.3829145728643216
3685,1.0,0.12578616352201258
3686,0.35320455,0.34949409780775714
3687,0.9999959,0.1665244838764716
3688,1.0,0.10468374699759808
3689,1.0,0.10394337714863498
3690,1.0,0.326881200096782
3691,1.0,0.10390135435617547
3692,1.0,0.10369921164342026
3693,1.0,0.10390135435617547
3694,1.0,0.10390135435617547
3695,1.0,0.10911295211153768
3696,1.0,0.1640303701360329
3697,1.0,0.10943472138402736
3698,1.0,0.10390135435617547
3699,1.0,0.10394337714863498
3700,1.0,0.11258544431041416
3701,1.0,0.10390135435617547
3702,1.0,0.0200213561131874
3703,1.0,0.10390135435617547
3704,1.0,0.10390135435617547
3705,1.0,0.10267314702308628
3706,0.99999994,0.13676212741087085
3707,0.9953685,0.31199731903485256
3708,0.9995194,0.17271908763505403
3709,1.0,0.10390135435617547
3710,1.0,0.10390135435617547
3711,1.0,0.12091757387247279
3712,1.0,0.10777957860615883
3713,1.0,0.10390135435617547
3714,1.0,0.10390135435617547
3715,1.0,0.10390135435617547
3716,1.0,0.10390135435617547
3717,1.0,0.10394337714863498
3718,1.0,0.10394337714863498
3719,1.0,0.10392236150424586
3720,1.0,0.10394337714863498
3721,1.0,0.10390135435617547
3722,1.0,0.10390135435617547
3723,1.0,0.09228994424149202
3724,0.79677373,0.4680220678381692
3725,1.0,0.10390135435617547
3726,1.0,0.10761154855643044
3727,1.0,0.10390135435617547
3728,1.0,0.10390135435617547
3729,1.0,0.10390135435617547
3730,1.0,0.10427968655816756
3731,1.0,0.10390135435617547
3732,1.0,0.10390135435617547
3733,1.0,0.25504377617053675
3734,1.0,0.10390135435617547
3735,1.0,0.10394337714863498
3736,1.0,0.10390135435617547
3737,1.0,0.09895624247290245
3738,0.9999985,0.0889423076923077
3739,1.0,0.10673394139336309
3740,1.0,0.10483707751467314
3741,1.0,0.10390135435617547
3742,1.0,0.10541026152924736
3743,1.0,0.10394337714863498
3744,1.0,0.0780530585397939
3745,1.0,0.10394337714863498
3746,1.0,0.10390135435617547
3747,1.0,0.10390135435617547
3748,1.0,0.10072090628218332
3749,1.0,0.10394337714863498
3750,0.9977718,0.2134108366203031
3751,0.8180817,0.02364711232378354
3752,1.0,0.10351799433885968
3753,1.0,0.1037697608431293
3754,1.0,0.10390135435617547
3755,1.0,0.19924158634855427
3756,1.0,0.1099006116207951
3757,1.0,0.10390135435617547
3758,1.0,0.10527375201288244
3759,1.0,0.08734693877551021
3760,1.0,0.10525260625501202
3761,0.7122063,0.2855761092975456
3762,1.0,0.11242153319383678
3763,1.0,0.10377548960226125
3764,1.0,0.10390135435617547
3765,1.0,0.10390135435617547
3766,1.0,0.10468374699759808
3767,1.0,0.10640870616686819
3768,1.0,0.10394337714863498
3769,1.0,0.10390135435617547
3770,1.0,0.10390135435617547
3771,1.0,0.18711484593837535
3772,1.0,0.12187276626161545
3773,1.0,0.10600356647513375
3774,1.0,0.10390135435617547
3775,0.82784116,0.5901088836877989
3776,0.92944485,0.204492163396273
3777,1.0,0.10390135435617547
3778,1.0,0.10394337714863498
3779,1.0,0.10390135435617547
3780,1.0,0.10394337714863498
3781,1.0,0.10369921164342026
3782,1.0,0.10390135435617547
3783,1.0,0.10488100040338846
3784,1.0,0.10390135435617547
3785,1.0,0.10390135435617547
3786,1.0,0.10457384646383236
3787,1.0,0.10390135435617547
3788,1.0,0.10390135435617547
3789,1.0,0.10394337714863498
3790,1.0,0.09081694709101966
3791,1.0,0.10390135435617547
3792,1.0,0.10385936552838958
3793,1.0,0.10388035569927244
3794,0.99896294,0.24420742920191246
3795,1.0,0.2726168791742562
3796,1.0,0.10131712259371833
3797,1.0,0.12177464265825134
3798,1.0,0.10702072017702675
3799,1.0,0.10390135435617547
3800,1.0,0.11232980332829047
3801,1.0,0.10390135435617547
3802,1.0,0.048593981253083375
3803,1.0,0.10390135435617547
3804,0.999995,0.07120743034055728
3805,1.0,0.10506072874493927
3806,1.0,0.10228883937613936
3807,1.0,0.10390135435617547
3808,1.0,0.10394337714863498
3809,0.99977785,0.14911484339536996
3810,1.0,0.10390135435617547
3811,1.0,0.10551368504561681
3812,1.0,0.10390135435617547
3813,1.0,0.10255885363357216
3814,1.0,0.10207823960880195
3815,1.0,0.10390135435617547
3816,1.0,0.10390135435617547
3817,1.0,0.10369921164342026
3818,1.0,0.10390135435617547
3819,1.0,0.10390135435617547
3820,1.0,0.10578478964401294
3821,1.0,0.10390135435617547
3822,1.0,0.10394337714863498
3823,1.0,0.10390135435617547
3824,1.0,0.10390135435617547
3825,1.0,0.10394337714863498
3826,1.0,0.10741636436920597
3827,1.0,0.10390135435617547
3828,1.0,0.08448540706605223
3829,0.99999964,0.1041123370110331
3830,1.0,0.10948059470940336
3831,1.0,0.10374115267947422
3832,1.0,0.10390135435617547
3833,1.0,0.1033434650455927
3834,1.0,0.1747839209768144
3835,1.0,0.12053896576839039
3836,1.0,0.14175390423888792
3837,1.0,0.10390135435617547
3838,1.0,0.10392236150424586
3839,1.0,0.10390135435617547
3840,1.0,0.10390135435617547
3841,1.0,0.10390135435617547
3842,1.0,0.11426957831325302
3843,1.0,0.10369921164342026
3844,1.0,0.10369921164342026
3845,1.0,0.32448233861144943
3846,1.0,0.08161974058842139
3847,1.0,0.10390135435617547
3848,1.0,0.10390135435617547
3849,1.0,0.10390135435617547
3850,0.9999918,0.15677539876419025
3851,1.0,0.10390135435617547
3852,1.0,0.10390135435617547
3853,1.0,0.10390135435617547
3854,0.44179624,0.519291587602783
3855,1.0,0.10379644588045234
3856,1.0,0.10390135435617547
3857,1.0,0.10446821900566394
3858,0.9999264,0.1519882179675994
3859,0.68028224,0.18231954582319546
3860,1.0,0.10347615198059822
3861,0.8559533,0.16707317073170733
3862,1.0,0.13873626373626374
3863,1.0,0.3208131655372701
3864,1.0,0.10390135435617547
3865,1.0,0.10390135435617547
3866,1.0,0.10390135435617547
3867,1.0,0.11003420752565564
3868,1.0,0.10404040404040404
3869,1.0,0.10390135435617547
3870,1.0,0.10390135435617547
3871,1.0,0.020768431983385256
3872,0.59172904,0.40547762191048764
3873,1.0,0.10390135435617547
3874,1.0,0.10390135435617547
3875,1.0,0.10390135435617547
3876,0.83988595,0.26481113320079525
3877,1.0,0.09869915341730333
3878,1.0,0.10390135435617547
3879,1.0,0.10390135435617547
3880,1.0,0.10390135435617547
3881,1.0,0.10390135435617547
3882,0.9185788,0.6228645212554629
3883,1.0,0.1053763440860215
3884,1.0,0.10390135435617547
3885,1.0,0.13519668737060042
3886,1.0,0.10390135435617547
3887,1.0,0.10390135435617547
3888,1.0,0.09813562794509322
3889,1.0,0.10478680611423974
3890,1.0,0.10554561717352415
3891,0.88152885,0.2388250319284802
3892,1.0,0.037995725480883404
3893,1.0,0.1045500505561173
3894,1.0,0.10390135435617547
3895,1.0,0.18512366186784793
3896,1.0,0.10390135435617547
3897,1.0,0.10390135435617547
3898,0.99997,0.3287081339712919
3899,1.0,0.10390135435617547
3900,1.0,0.10390135435617547
3901,1.0,0.10674381484437351
3902,1.0,0.1296370163542082
3903,1.0,0.10394337714863498
3904,1.0,0.11102090521615587
3905,1.0,0.1052312664108261
3906,1.0,0.10394337714863498
3907,0.9999999,0.12937062937062938
3908,1.0,0.10390135435617547
3909,1.0,0.10390135435617547
3910,1.0,0.10394337714863498
3911,1.0,0.2413850507740969
3912,0.9541256,0.6759249873289407
3913,0.93014294,0.2761424621889738
3914,1.0,0.1899051868377022
3915,1.0,0.10390135435617547
3916,1.0,0.10394337714863498
3917,1.0,0.3459421312632322
3918,1.0,0.10390135435617547
3919,0.5720901,0.4765911542610572
3920,1.0,0.12300519992827685
3921,1.0,0.10390135435617547
3922,1.0,0.17545957256015543
3923,1.0,0.10537848605577689
3924,1.0,0.10375454178441663
3925,1.0,0.11823647294589178
3926,1.0,0.10390135435617547
3927,1.0,0.10371267150928168
3928,1.0,0.1074656188605108
3929,1.0,0.10390135435617547
3930,1.0,0.10343434343434343
3931,1.0,0.10394337714863498
3932,1.0,0.10394337714863498
3933,1.0,0.10394337714863498
3934,1.0,0.10390135435617547
3935,1.0,0.10390135435617547
3936,1.0,0.10383838383838384
3937,1.0,0.10394337714863498
3938,0.99961203,0.2399835627696733
3939,1.0,0.10390135435617547
3940,1.0,0.11253300832825514
3941,1.0,0.10390135435617547
3942,1.0,0.10394337714863498
3943,0.84624344,0.43861907548273843
3944,1.0,0.10394337714863498
3945,1.0,0.10390925663358315
3946,1.0,0.10390135435617547
3947,1.0,0.10390135435617547
3948,1.0,0.10361543122601495
3949,1.0,0.10488100040338846
3950,1.0,0.10428455941794665
3951,1.0,0.10394337714863498
3952,1.0,0.10390135435617547
3953,0.9999992,0.14916041443372632
3954,1.0,0.10390135435617547
3955,1.0,0.10394337714863498
3956,0.9980992,0.08806544754571703
3957,0.8647914,0.05712767370798459
3958,1.0,0.10390135435617547
3959,1.0,0.10390135435617547
3960,1.0,0.10390135435617547
3961,1.0,0.10390135435617547
3962,1.0,0.10390135435617547
3963,1.0,0.10390135435617547
3964,1.0,0.10390135435617547
3965,1.0,0.10390135435617547
3966,1.0,0.10390135435617547
3967,1.0,0.10390135435617547
3968,0.917391,0.17955082742316786
3969,1.0,0.10394337714863498
3970,0.93374264,0.4433541480820696
3971,1.0,0.15384615384615385
3972,1.0,0.10371267150928168
3973,1.0,0.10390135435617547
3974,1.0,0.10390135435617547
3975,1.0,0.10406142655081835
3976,1.0,0.10390135435617547
3977,1.0,0.10390135435617547
3978,1.0,0.10394337714863498
3979,1.0,0.10390135435617547
3980,1.0,0.10394337714863498
3981,1.0,0.12742487637885128
3982,1.0,0.10390135435617547
3983,1.0,0.10390135435617547
3984,1.0,0.10640822784810126
3985,0.55482614,0.1186513017498933
3986,1.0,0.10369921164342026
3987,1.0,0.10390135435617547
3988,1.0,0.10394337714863498
3989,1.0,0.10522120366679952
3990,1.0,0.12414837244511734
3991,1.0,0.10390135435617547
3992,0.8557549,0.24484906564446574
3993,0.7102541,0.1441340782122905
3994,0.9055034,0.13911886457717326
3995,1.0,0.18012227621884308
3996,1.0,0.1057090982449062
3997,1.0,0.10390135435617547
3998,1.0,0.10390135435617547
3999,1.0,0.10390135435617547
4000,1.0,0.10390135435617547
4001,1.0,0.10390135435617547
4002,1.0,0.10349706893066504
4003,1.0,0.3353337236533958
4004,1.0,0.10394337714863498
4005,1.0,0.10390135435617547
4006,1.0,0.10417928528164748
4007,1.0,0.10392236150424586
4008,1.0,0.10390135435617547
4009,1.0,0.12368318376902068
4010,1.0,0.10390135435617547
4011,1.0,0.10390135435617547
4012,1.0,0.10394337714863498
4013,1.0,0.10390135435617547
4014,0.9999957,0.16635859519408502
4015,1.0,0.10390135435617547
4016,1.0,0.10390135435617547
4017,1.0,0.10390135435617547
4018,1.0,0.31380305784240353
4019,1.0,0.10369921164342026
4020,1.0,0.11336683417085427
4021,1.0,0.10390135435617547
4022,1.0,0.10390135435617547
4023,1.0,0.10390135435617547
4024,0.99999994,0.30536860228517765
4025,0.99999994,0.16463414634146342
4026,1.0,0.10747288067496986
4027,1.0,0.10390135435617547
4028,1.0,0.10394337714863498
4029,1.0,0.09342049768030367
4030,1.0,0.10409521888238854
4031,1.0,0.12739802570311046
4032,1.0,0.10390135435617547
4033,1.0,0.14398422090729784
4034,1.0,0.10390135435617547
4035,0.99959546,0.10226302305721606
4036,1.0,0.10390135435617547
4037,1.0,0.12839097121557258
4038,0.9886019,0.16801893171061527
4039,1.0,0.10390135435617547
4040,1.0,0.10390135435617547
4041,1.0,0.10390135435617547
4042,1.0,0.10394337714863498
4043,0.99999994,0.12913159515499897
4044,1.0,0.10349706893066504
4045,1.0,0.10399032648125756
4046,0.9997954,0.1667987321711569
4047,0.82057285,0.09848866498740554
4048,1.0,0.10390135435617547
4049,1.0,0.26010430247718386
4050,1.0,0.11334482098410875
4051,1.0,0.10072090628218332
4052,1.0,0.11919070512820513
4053,1.0,0.10390135435617547
4054,1.0,0.10390135435617547
4055,1.0,0.10390135435617547
4056,1.0,0.10390135435617547
4057,1.0,0.10390135435617547
4058,1.0,0.10394337714863498
4059,1.0,0.10390135435617547
4060,0.99831057,0.1502873966073181
4061,1.0,0.10390135435617547
4062,1.0,0.3438518264448637
4063,1.0,0.2650862068965517
4064,1.0,0.10551368504561681
4065,1.0,0.29917579038012054
4066,1.0,0.10390135435617547
4067,1.0,0.10390135435617547
4068,1.0,0.10394337714863498
4069,1.0,0.10390135435617547
4070,1.0,0.2848315261746531
4071,1.0,0.10390135435617547
4072,1.0,0.10422991297308237
4073,1.0,0.11254798949282684
4074,1.0,0.19643591501028101
4075,1.0,0.10371267150928168
4076,1.0,0.32889760470654156
4077,1.0,0.10390135435617547
4078,1.0,0.10372017792155278
4079,1.0,0.10461600483773432
4080,0.9994743,0.06070826306913996
4081,1.0,0.21458128078817734
4082,0.48252273,0.2788924087762525
4083,1.0,0.1427922814982974
4084,1.0,0.03483549903234725
4085,1.0,0.10394337714863498
4086,1.0,0.10692682926829268
4087,1.0,0.10394337714863498
4088,1.0,0.33393953171175267
4089,1.0,0.10394337714863498
4090,1.0,0.10394337714863498
4091,1.0,0.10390135435617547
4092,0.4563175,0.4173151750972763
4093,1.0,0.10390135435617547
4094,1.0,0.10390135435617547
4095,1.0,0.10394337714863498
4096,1.0,0.10390135435617547
4097,1.0,0.10390135435617547
4098,0.79871917,0.08998115577889447
4099,0.66115195,0.3840797085922434
4100,1.0,0.10394337714863498
4101,1.0,0.10553877139979859
4102,1.0,0.10390135435617547
4103,0.99998206,0.16828309305373526
4104,0.59065247,0.3165774099318403
4105,1.0,0.10390135435617547
4106,1.0,0.31728962205053246
4107,1.0,0.10394337714863498
4108,1.0,0.10390135435617547
4109,1.0,0.10473109583501819
4110,0.99527115,0.19435146443514645
4111,1.0,0.10394337714863498
4112,1.0,0.10847730012053033
4113,1.0,0.03523166023166023
4114,1.0,0.10394337714863498
4115,1.0,0.10496568429551877
4116,1.0,0.11345381526104417
4117,0.43139333,0.6161050595541077
4118,1.0,0.06695812241141279
4119,1.0,0.10390135435617547
4120,0.77821577,0.30625766871165644
4121,1.0,0.10394337714863498
4122,1.0,0.10390135435617547
4123,1.0,0.10784743533537922
4124,1.0,0.10390135435617547
4125,1.0,0.10390135435617547
4126,1.0,0.10390135435617547
4127,1.0,0.10394337714863498
4128,1.0,0.10390135435617547
4129,1.0,0.10373360242179616
4130,1.0,0.10394337714863498
4131,1.0,0.10394842868654311
4132,1.0,0.11341242710637442
4133,1.0,0.11689895470383276
4134,1.0,0.10390135435617547
4135,1.0,0.11353882169332813
4136,1.0,0.12025431425976385
4137,0.8918925,0.1514792899408284
4138,1.0,0.10468876313662086
4139,1.0,0.10390135435617547
4140,1.0,0.12157586949830718
4141,1.0,0.10388035569927244
4142,1.0,0.09913706602448324
4143,1.0,0.10224032586558045
4144,1.0,0.1051898985881885
4145,1.0,0.10390135435617547
4146,1.0,0.10394337714863498
4147,1.0,0.10417086439653435
4148,1.0,0.10390135435617547
4149,1.0,0.13220338983050847
4150,0.9573212,0.4382302033751623
4151,1.0,0.21359767025089607
4152,1.0,0.13876613045783984
4153,0.93238544,0.11741597555652554
4154,1.0,0.1740829446615404
4155,1.0,0.28475912909309103
4156,1.0,0.10390135435617547
4157,1.0,0.03427265803503427
4158,1.0,0.10390135435617547
4159,1.0,0.10390135435617547
4160,1.0,0.10390135435617547
4161,1.0,0.10409521888238854
4162,1.0,0.10390135435617547
4163,1.0,0.10390135435617547
4164,1.0,0.10390135435617547
4165,1.0,0.10360178065560502
4166,1.0,0.03427265803503427
4167,0.8720094,0.08848553601815087
4168,1.0,0.10390135435617547
4169,1.0,0.10351799433885968
4170,1.0,0.10390135435617547
4171,1.0,0.10390135435617547
4172,1.0,0.10379644588045234
4173,0.9411526,0.09833673767143274
4174,1.0,0.10458825886595872
4175,1.0,0.10394337714863498
4176,1.0,0.10390135435617547
4177,1.0,0.10798875953432356
4178,1.0,0.10321147242981216
4179,1.0,0.10390135435617547
4180,1.0,0.11461260537936571
4181,1.0,0.30468135326514556
4182,1.0,0.10390135435617547
4183,1.0,0.10390135435617547
4184,1.0,0.10390135435617547
4185,1.0,0.09722788422339992
4186,1.0,0.10388035569927244
4187,1.0,0.10390135435617547
4188,1.0,0.10394337714863498
4189,1.0,0.10390135435617547
4190,1.0,0.10390135435617547
4191,1.0,0.10539845758354756
4192,1.0,0.10591961987725203
4193,1.0,0.16733067729083664
4194,1.0,0.0991414554374489
4195,1.0,0.23595902507947722
4196,1.0,0.10394337714863498
4197,1.0,0.10353892821031345
4198,1.0,0.1036573045059608
4199,1.0,0.12913203170307366
4200,1.0,0.10390135435617547
4201,1.0,0.10371267150928168
4202,1.0,0.10390135435617547
4203,1.0,0.10390135435617547
4204,1.0,0.1045135406218656
4205,1.0,0.10650291926716328
4206,1.0,0.10390135435617547
4207,1.0,0.10325318246110325
4208,1.0,0.10390135435617547
4209,1.0,0.3044319721308303
4210,1.0,0.10390135435617547
4211,1.0,0.10394337714863498
4212,1.0,0.11913489736070382
4213,1.0,0.10394337714863498
4214,0.99999994,0.10390135435617547
4215,1.0,0.2947804688511851
4216,1.0,0.10390135435617547
4217,1.0,0.10390135435617547
4218,1.0,0.10412454508693894
4219,1.0,0.10394337714863498
4220,1.0,0.10390135435617547
4221,1.0,0.10728663446054751
4222,1.0,0.11064318529862174
4223,1.0,0.10390135435617547
4224,1.0,0.1054945054945055
4225,1.0,0.07688984881209503
4226,1.0,0.3049795271430458
4227,1.0,0.10390135435617547
4228,0.9999306,0.1622351770226077
4229,1.0,0.10408245755860954
4230,1.0,0.09527395970627
4231,1.0,0.10390135435617547
4232,1.0,0.10390135435617547
4233,1.0,0.10390135435617547
4234,1.0,0.10394337714863498
4235,0.87602776,0.1382183908045977
4236,1.0,0.10178065560501821
4237,1.0,0.10390135435617547
4238,1.0,0.10390135435617547
4239,1.0,0.10844587784720823
4240,1.0,0.09066305818673884
4241,1.0,0.10351089588377724
4242,1.0,0.10369921164342026
4243,1.0,0.10390135435617547
4244,1.0,0.13249651324965134
4245,1.0,0.10071942446043165
4246,0.99999917,0.1641034919486159
4247,1.0,0.10394337714863498
4248,1.0,0.1074313408723748
4249,1.0,0.23610698365527488
4250,1.0,0.31796075800771423
4251,1.0,0.12432878975629905
4252,1.0,0.10390135435617547
4253,0.6897578,0.08390820779952132
4254,1.0,0.10518962075848304
4255,1.0,0.10390135435617547
4256,1.0,0.10390135435617547
4257,1.0,0.10374115267947422
4258,1.0,0.10394337714863498
4259,1.0,0.10394337714863498
4260,1.0,0.10390135435617547
4261,0.99999994,0.10237178187715386
4262,1.0,0.10459235282217277
4263,1.0,0.10394337714863498
4264,0.8621926,0.24675645619671321
4265,1.0,0.12319842053307009
4266,1.0,0.10390135435617547
4267,1.0,0.08393694077545803
4268,1.0,0.10394337714863498
4269,1.0,0.10394337714863498
4270,1.0,0.11926420052557106
4271,1.0,0.10390135435617547
4272,0.9497345,0.22508513053348467
4273,0.9680922,0.14325018341892884
4274,0.99997115,0.17675645653985003
4275,0.9987694,0.2464428002276608
4276,1.0,0.09659442724458205
4277,1.0,0.10390135435617547
4278,1.0,0.10390135435617547
4279,1.0,0.10394337714863498
4280,1.0,0.10394337714863498
4281,0.9123865,0.3167654986522911
4282,1.0,0.10390135435617547
4283,1.0,0.10390135435617547
4284,1.0,0.10394337714863498
4285,1.0,0.10390135435617547
4286,1.0,0.10390135435617547
4287,1.0,0.10369921164342026
4288,1.0,0.06693711967545639
4289,1.0,0.10390135435617547
4290,1.0,0.10390135435617547
4291,0.9999691,0.1683909610672475
4292,1.0,0.10375454178441663
4293,0.9995028,0.31030701754385964
4294,1.0,0.10390135435617547
4295,1.0,0.1054617676266137
4296,1.0,0.11991199119911991
4297,1.0,0.10394337714863498
4298,1.0,0.10390135435617547
4299,0.99989593,0.1493283348953452
4300,1.0,0.10422991297308237
4301,1.0,0.1201515424860184
4302,1.0,0.12427340148326319
4303,1.0,0.10390135435617547
4304,0.42610064,0.3861125062782521
4305,1.0,0.10390135435617547
4306,1.0,0.15119983011255045
4307,1.0,0.19162200590615772
4308,1.0,0.2877003598298986
4309,1.0,0.10390135435617547
4310,1.0,0.10390135435617547
4311,1.0,0.10390135435617547
4312,0.43467182,0.35979598625124737
4313,1.0,0.10369921164342026
4314,1.0,0.10390135435617547
4315,1.0,0.10390135435617547
4316,0.9371591,0.1238390092879257
4317,1.0,0.10390135435617547
4318,1.0,0.09788092835519677
4319,1.0,0.10390135435617547
4320,1.0,0.10390135435617547
4321,1.0,0.10390135435617547
4322,1.0,0.10390135435617547
4323,0.99975634,0.15427669345579792
4324,1.0,0.13055465455724943
4325,1.0,0.12250356633380885
4326,1.0,0.10394337714863498
4327,1.0,0.10369921164342026
4328,0.612638,0.22300308536167296
4329,1.0,0.10342729669438248
4330,1.0,0.10390135435617547
4331,1.0,0.10390135435617547
4332,0.77628446,0.21920357275772237
4333,1.0,0.10390135435617547
4334,1.0,0.22630409203817492
4335,1.0,0.10390135435617547
4336,1.0,0.10390135435617547
4337,1.0,0.10369921164342026
4338,1.0,0.10394337714863498
4339,1.0,0.10390135435617547
4340,1.0,0.10390135435617547
4341,1.0,0.10390135435617547
4342,0.8137653,0.14997541386657925
4343,1.0,0.10390135435617547
4344,1.0,0.3142233683792898
4345,1.0,0.11565475261432807
4346,0.608987,0.486728599867286
4347,1.0,0.10390135435617547
4348,1.0,0.10394337714863498
4349,0.8660231,0.11941265385445908
4350,1.0,0.10349706893066504
4351,1.0,0.10394337714863498
4352,1.0,0.14596554850407978
4353,1.0,0.10390135435617547
4354,1.0,0.10390135435617547
4355,1.0,0.1847008240773916
4356,1.0,0.10390135435617547
4357,1.0,0.10367825383993533
4358,1.0,0.10390135435617547
4359,1.0,0.10390135435617547
4360,1.0,0.10390135435617547
4361,1.0,0.11505588428665352
4362,1.0,0.23340839846337263
4363,1.0,0.10577495534828339
4364,1.0,0.10432672866963202
4365,1.0,0.0
4366,1.0,0.10691318327974277
4367,1.0,0.10351089588377724
4368,1.0,0.10394337714863498
4369,1.0,0.10394337714863498
4370,1.0,0.10394337714863498
4371,0.99958754,0.10806247361756015
4372,1.0,0.10390135435617547
4373,0.9997275,0.15190052282040412
4374,1.0,0.10390135435617547
4375,1.0,0.10390135435617547
4376,1.0,0.09526895657809462
4377,1.0,0.10379644588045234
4378,1.0,0.10390135435617547
4379,1.0,0.10499068130047629
4380,0.9999666,0.14720608852393352
4381,0.81992316,0.4349033429456371
4382,1.0,0.10394337714863498
4383,1.0,0.10379644588045234
4384,1.0,0.09872217642209398
4385,1.0,0.10394337714863498
4386,0.9999999,0.13896026882783158
4387,1.0,0.11050615043355515
4388,1.0,0.10561389337641357
4389,1.0,0.10319708619991906
4390,1.0,0.1703830760434534
4391,1.0,0.10394337714863498
4392,1.0,0.10394337714863498
4393,0.99998033,0.10015527950310558
4394,1.0,0.10390135435617547
4395,0.67845577,0.2243203428418374
4396,1.0,0.10394337714863498
4397,1.0,0.10390135435617547
4398,1.0,0.10390135435617547
4399,1.0,0.10394337714863498
4400,1.0,0.10394337714863498
4401,1.0,0.11122325393621316
4402,0.99999887,0.16848897651908945
4403,0.9999429,0.20347135089920534
4404,1.0,0.13236163088438055
4405,1.0,0.1048158640226629
4406,1.0,0.10390135435617547
4407,0.48894784,0.1479553903345725
4408,1.0,0.10422991297308237
4409,1.0,0.10401128804676477
4410,1.0,0.12854847348687734
4411,1.0,0.10394337714863498
4412,1.0,0.1035880802756943
4413,0.9612247,0.47764110817335326
4414,1.0,0.11882998171846434
4415,1.0,0.10341345182791355
4416,1.0,0.15224613606817852
4417,1.0,0.30219704297360783
4418,0.8907532,0.41208614593378334
4419,1.0,0.1062611100138258
4420,0.48201632,0.35410036719706245
4421,1.0,0.10390135435617547
4422,0.88390666,0.4873489620985232
4423,1.0,0.10390135435617547
4424,1.0,0.10390135435617547
4425,1.0,0.10097323600973236
4426,1.0,0.10390135435617547
4427,1.0,0.10323232323232323
4428,1.0,0.19638207482527065
4429,1.0,0.10390135435617547
4430,1.0,0.10766817022945675
4431,1.0,0.03202033036848793
4432,1.0,0.10355987055016182
4433,1.0,0.10390135435617547
4434,1.0,0.11472024033045437
4435,1.0,0.0840064620355412
4436,1.0,0.10394337714863498
4437,1.0,0.10390135435617547
4438,1.0,0.0830860534124629
4439,1.0,0.10394337714863498
4440,1.0,0.19690630150881197
4441,0.99997276,0.17409175285070272
4442,0.99998313,0.1902768834513844
4443,1.0,0.10394337714863498
4444,1.0,0.10426348757324712
4445,1.0,0.15679509296530572
4446,1.0,0.10385697067095219
4447,1.0,0.10381741062411634
4448,1.0,0.10457119741100324
4449,1.0,0.10948059470940336
4450,1.0,0.10390135435617547
4451,1.0,0.10390135435617547
4452,1.0,0.10459235282217277
4453,1.0,0.30100374894183096
4454,1.0,0.10394337714863498
4455,1.0,0.08114357788522178
4456,1.0,0.10394337714863498
4457,1.0,0.10390135435617547
4458,1.0,0.323546511627907
4459,1.0,0.10394337714863498
4460,1.0,0.10394337714863498
4461,0.86375237,0.17928920177131827
4462,0.99999994,0.13366899464024687
4463,1.0,0.10390135435617547
4464,1.0,0.10072815533980582
4465,1.0,0.10610868702895676
4466,0.99999994,0.10390135435617547
4467,1.0,0.10349706893066504
4468,1.0,0.252493134846076
4469,1.0,0.10390135435617547
4470,1.0,0.10390135435617547
4471,1.0,0.10390135435617547
4472,1.0,0.10486291775065039
4473,1.0,0.10394337714863498
4474,0.3920844,0.4483364573570759
4475,1.0,0.10518877448011306
4476,1.0,0.10394337714863498
4477,1.0,0.3006789524733269
4478,1.0,0.10390135435617547
4479,1.0,0.10394337714863498
4480,1.0,0.10390135435617547
4481,0.99999917,0.14194792671166828
4482,1.0,0.10709452928668084
4483,1.0,0.10390135435617547
4484,1.0,0.10390135435617547
4485,1.0,0.10381741062411634
4486,1.0,0.10394337714863498
4487,1.0,0.10779371849554091
4488,1.0,0.10394337714863498
4489,1.0,0.10413290113452188
4490,1.0,0.10390135435617547
4491,1.0,0.10394337714863498
4492,0.8197607,0.2263420033204206
4493,1.0,0.10392236150424586
4494,1.0,0.10377548960226125
4495,1.0,0.10369921164342026
4496,1.0,0.3269009584664537
4497,1.0,0.33752093802345057
4498,0.9998821,0.22979051535792314
4499,1.0,0.10390135435617547
4500,1.0,0.10390135435617547
4501,1.0,0.10390135435617547
4502,1.0,0.14036979969183358
4503,1.0,0.10390135435617547
4504,1.0,0.10390135435617547
4505,1.0,0.10390135435617547
4506,0.97325414,0.13247100802854594
4507,0.9998281,0.19507186858316222
4508,1.0,0.10390135435617547
4509,1.0,0.10390135435617547
4510,1.0,0.10390135435617547
4511,0.9999986,0.13670338316286387
4512,1.0,0.22308853118712274
4513,1.0,0.10390135435617547
4514,1.0,0.10390135435617547
4515,1.0,0.10409521888238854
4516,1.0,0.10390135435617547
4517,1.0,0.17625
4518,1.0,0.10810284378652123
4519,1.0,0.10444444444444445
4520,0.47050652,0.5469166045372245
4521,1.0,0.10390135435617547
4522,0.9999959,0.20180921052631579
4523,1.0,0.10390135435617547
4524,1.0,0.10390135435617547
4525,1.0,0.24715173485240807
4526,1.0,0.10683329973795606
4527,1.0,0.10594159113796577
4528,1.0,0.10394337714863498
4529,1.0,0.10394337714863498
4530,1.0,0.23202315661182207
4531,1.0,0.10390135435617547
4532,1.0,0.10390135435617547
4533,1.0,0.10394337714863498
4534,1.0,0.10410349706893067
4535,1.0,0.10390135435617547
4536,1.0,0.10390135435617547
4537,1.0,0.10406142655081835
4538,0.9999814,0.15673517669673223
4539,1.0,0.10390135435617547
4540,1.0,0.10390135435617547
4541,1.0,0.18242143483160136
4542,1.0,0.10390135435617547
4543,1.0,0.10390135435617547
4544,1.0,0.10390135435617547
4545,1.0,0.10394337714863498
4546,1.0,0.10390135435617547
4547,1.0,0.11425135297654841
4548,1.0,0.10394337714863498
4549,1.0,0.10491206791995149
4550,1.0,0.10390135435617547
4551,1.0,0.10372017792155278
4552,1.0,0.10390135435617547
4553,1.0,0.12882703777335985
4554,0.9999424,0.16640232619614062
4555,1.0,0.3032128514056225
4556,1.0,0.09446959259988191
4557,0.9724472,0.4820097244732577
4558,1.0,0.15290124454501375
4559,1.0,0.10390135435617547
4560,1.0,0.1037697608431293
4561,1.0,0.1233174980205859
4562,1.0,0.10394337714863498
4563,1.0,0.10394337714863498
4564,1.0,0.10381741062411634
4565,1.0,0.20304908694923773
4566,1.0,0.10390135435617547
4567,1.0,0.10390135435617547
4568,1.0,0.10390135435617547
4569,1.0,0.10390135435617547
4570,0.9999994,0.35637891520244463
4571,1.0,0.10394337714863498
4572,1.0,0.111303012857417
4573,0.7943534,0.020293122886133032
4574,1.0,0.10394337714863498
4575,1.0,0.10390135435617547
4576,1.0,0.09373020899303357
4577,1.0,0.13810086682427108
4578,1.0,0.2128920364214482
4579,1.0,0.3028753110312414
4580,1.0,0.10390135435617547
4581,0.8744783,0.10545279846264713
4582,1.0,0.14365802382620882
4583,1.0,0.10379644588045234
4584,1.0,0.10390135435617547
4585,1.0,0.10507391130643227
4586,1.0,0.10561389337641357
4587,1.0,0.12117962466487936
4588,0.9999995,0.1631578947368421
4589,1.0,0.10392236150424586
4590,1.0,0.10383838383838384
4591,0.5789174,0.06946891517744777
4592,1.0,0.10393481717011128
4593,1.0,0.32513406388435534
4594,1.0,0.09238699444885012
4595,1.0,0.10390135435617547
4596,1.0,0.10349706893066504
4597,1.0,0.10030395136778116
4598,1.0,0.10596293311845285
4599,1.0,0.10695617209489344
4600,0.9999745,0.1641471762692527
4601,1.0,0.1113662456946039
4602,1.0,0.10451350351461339
4603,1.0,0.10374115267947422
4604,1.0,0.11234817813765183
4605,1.0,0.10390135435617547
4606,1.0,0.33370461127199824
4607,1.0,0.10394337714863498
4608,1.0,0.343377596186585
4609,1.0,0.10390135435617547
4610,1.0,0.10394337714863498
4611,1.0,0.10394337714863498
4612,1.0,0.16355274504167863
4613,0.9460069,0.05792
4614,1.0,0.10627142569066345
4615,1.0,0.10390135435617547
4616,1.0,0.10390135435617547
4617,1.0,0.11171607178866708
4618,1.0,0.10390135435617547
4619,1.0,0.1296996220409787
4620,1.0,0.09892086330935251
4621,1.0,0.04271890488553222
4622,1.0,0.10390135435617547
4623,1.0,0.06337875838200303
4624,1.0,0.10402752479255212
4625,0.43586972,0.08249686323713927
4626,1.0,0.10390135435617547
4627,1.0,0.10390135435617547
4628,1.0,0.10390135435617547
4629,1.0,0.10386717959101033
4630,0.99999994,0.10390135435617547
4631,1.0,0.10394337714863498
4632,1.0,0.10390135435617547
4633,1.0,0.10390135435617547
4634,1.0,0.10394337714863498
4635,1.0,0.10390135435617547
4636,1.0,0.10390135435617547
4637,1.0,0.10390135435617547
4638,1.0,0.10394337714863498
4639,1.0,0.10390135435617547
4640,1.0,0.10436698717948718
4641,1.0,0.02638592750533049
4642,0.9986473,0.18458327120918444
4643,1.0,0.1775981958278519
4644,1.0,0.10377548960226125
4645,0.99999666,0.13706293706293707
4646,1.0,0.3190468822528238
4647,1.0,0.10394337714863498
4648,1.0,0.10390135435617547
4649,1.0,0.10390135435617547
4650,1.0,0.10390135435617547
4651,1.0,0.11315046389673256
4652,1.0,0.10394337714863498
4653,1.0,0.10697018533440773
4654,1.0,0.20923994038748137
4655,1.0,0.10390135435617547
4656,1.0,0.10394337714863498
4657,1.0,0.107193515704154
4658,0.64124274,0.20824227286918515
4659,1.0,0.10390135435617547
4660,1.0,0.10394337714863498
4661,1.0,0.10390135435617547
4662,1.0,0.10394337714863498
4663,1.0,0.10390135435617547
4664,1.0,0.23821887576268985
4665,1.0,0.10390135435617547
4666,0.9999999,0.16682095908165154
4667,1.0,0.10390135435617547
4668,1.0,0.10731511254019292
4669,1.0,0.10394337714863498
4670,1.0,0.30427265991602864
4671,1.0,0.10390135435617547
4672,1.0,0.10753729897306724
4673,1.0,0.10390135435617547
4674,1.0,0.10460420032310178
4675,1.0,0.10383838383838384
4676,1.0,0.10390135435617547
4677,0.99988955,0.10062402496099844
4678,1.0,0.10600356647513375
4679,0.23170257,0.21698576337751596
4680,1.0,0.10390135435617547
4681,1.0,0.10349706893066504
4682,1.0,0.29751131221719457
4683,1.0,0.10390135435617547
4684,1.0,0.10893246187363835
4685,1.0,0.10498687664041995
4686,1.0,0.10390135435617547
4687,1.0,0.17429682824655895
4688,1.0,0.07354881266490765
4689,0.7135694,0.2465818759936407
4690,0.95554596,0.258938080024342
4691,1.0,0.13377345378735234
4692,1.0,0.10390135435617547
4693,1.0,0.10390135435617547
4694,1.0,0.10390135435617547
4695,1.0,0.10390135435617547
4696,1.0,0.10390135435617547
4697,1.0,0.10638726576667339
4698,1.0,0.1122652816620056
4699,1.0,0.10606060606060606
4700,1.0,0.10390135435617547
4701,1.0,0.10390135435617547
4702,0.99999887,0.11057481351469943
4703,1.0,0.10652436568666936
4704,0.89111966,0.3787697820244849
4705,1.0,0.10390135435617547
4706,1.0,0.3494929851368246
4707,1.0,0.10394337714863498
4708,1.0,0.10692710430930326
4709,1.0,0.10390135435617547
4710,1.0,0.10390135435617547
4711,1.0,0.10390135435617547
4712,1.0,0.10390135435617547
4713,1.0,0.10734463276836158
4714,1.0,0.10390135435617547
4715,1.0,0.10390135435617547
4716,1.0,0.10390135435617547
4717,1.0,0.13510347520499805
4718,1.0,0.10758620689655173
4719,1.0,0.10755930840369923
4720,1.0,0.10390135435617547
4721,1.0,0.2893702996969357
4722,1.0,0.10406142655081835
4723,1.0,0.10390135435617547
4724,1.0,0.10562386615601693
4725,1.0,0.10390135435617547
4726,0.9678524,0.5471165782643043
4727,1.0,0.09828426180893879
4728,1.0,0.2980366203397309
4729,0.90882105,0.28353726362625137
4730,1.0,0.10390135435617547
4731,1.0,0.10374115267947422
4732,1.0,0.13392213410237924
4733,1.0,0.10390135435617547
4734,0.99993616,0.16673357420045498
4735,1.0,0.10390135435617547
4736,1.0,0.10390135435617547
4737,1.0,0.10392236150424586
4738,1.0,0.10390135435617547
4739,1.0,0.10390135435617547
4740,0.7656717,0.2934154793993069
4741,1.0,0.18071122180711222
4742,0.97097415,0.23979591836734693
4743,1.0,0.10390135435617547
4744,1.0,0.10394337714863498
4745,1.0,0.10390135435617547
4746,1.0,0.10390135435617547
4747,1.0,0.10390135435617547
4748,1.0,0.10390135435617547
4749,1.0,0.10628019323671498
4750,0.99999994,0.15857485693188111
4751,0.20687291,0.06780565936999466
4752,1.0,0.32663943725890626
4753,0.99980575,0.17225313834605926
4754,1.0,0.12223626026531902
4755,1.0,0.16440066592674807
4756,1.0,0.10390135435617547
4757,1.0,0.10390135435617547
4758,1.0,0.10390135435617547
4759,1.0,0.10394337714863498
4760,1.0,0.09258123850398528
4761,0.59766924,0.47469729897547347
4762,1.0,0.10390135435617547
4763,1.0,0.10390135435617547
4764,1.0,0.10390135435617547
4765,1.0,0.10390135435617547
4766,1.0,0.29490212949021294
4767,0.92350197,0.4338287331917905
4768,1.0,0.10317620878009306
4769,0.99999946,0.15721600606865163
4770,1.0,0.11975683890577507
4771,1.0,0.11292962356792144
4772,1.0,0.10394337714863498
4773,1.0,0.10390135435617547
4774,1.0,0.1041372351160444
4775,1.0,0.10394337714863498
4776,1.0,0.10390135435617547
4777,1.0,0.10394337714863498
4778,1.0,0.18540990546070268
4779,1.0,0.10390135435617547
4780,1.0,0.10390135435617547
4781,1.0,0.10388035569927244
4782,0.71149087,0.588146388858901
4783,0.90779865,0.5807969877627863
4784,1.0,0.18286007526513856
4785,1.0,0.10388035569927244
4786,0.60227364,0.419215025282928
4787,1.0,0.10541026152924736
4788,1.0,0.12300519992827685
4789,1.0,0.10394337714863498
4790,1.0,0.10822342901474011
4791,1.0,0.11501954215522055
4792,1.0,0.101475641803113
4793,1.0,0.10390135435617547
4794,0.99997807,0.16406384074137634
4795,1.0,0.10388821385176185
4796,1.0,0.10390135435617547
4797,1.0,0.27683703588628245
4798,0.29123938,0.1126317736267801
4799,1.0,0.11160199769496734
4800,1.0,0.10381741062411634
4801,0.54767305,0.28106312292358804
4802,1.0,0.10390135435617547
4803,1.0,0.13227953410981697
4804,0.9492001,0.1984112655714028
4805,0.6259795,0.6697441043652784
4806,1.0,0.10396440129449838
4807,1.0,0.10394337714863498
4808,1.0,0.14298964291235122
4809,1.0,0.10390135435617547
4810,1.0,0.10390135435617547
4811,1.0,0.08525290904773213
4812,1.0,0.3323231145821191
4813,1.0,0.10390135435617547
4814,1.0,0.10390135435617547
4815,1.0,0.10390135435617547
4816,1.0,0.10390135435617547
4817,1.0,0.10390135435617547
4818,1.0,0.30525048894238
4819,1.0,0.10390135435617547
4820,0.8922683,0.6030676754067779
4821,1.0,0.10390135435617547
4822,1.0,0.10390135435617547
4823,1.0,0.10390135435617547
4824,1.0,0.10390135435617547
4825,0.87955076,0.20150635880972959
4826,1.0,0.10390135435617547
4827,1.0,0.10390135435617547
4828,1.0,0.10390135435617547
4829,0.850787,0.39497392128971076
4830,1.0,0.10369921164342026
4831,1.0,0.10394337714863498
4832,1.0,0.10390135435617547
4833,1.0,0.3298831879343487
4834,1.0,0.10390135435617547
4835,1.0,0.10390135435617547
4836,1.0,0.10390135435617547
4837,1.0,0.10390135435617547
4838,1.0,0.10382513661202186
4839,1.0,0.06482465462274177
4840,0.97770935,0.8710118060298566
4841,1.0,0.10394337714863498
4842,1.0,0.10390135435617547
4843,1.0,0.26628444019748365
4844,1.0,0.10390135435617547
4845,1.0,0.1527027027027027
4846,1.0,0.10390135435617547
4847,1.0,0.13496392750307937
4848,1.0,0.10390135435617547
4849,1.0,0.10394337714863498
4850,1.0,0.10390135435617547
4851,1.0,0.10390135435617547
4852,1.0,0.1218811703464369
4853,1.0,0.11256892945426887
4854,1.0,0.10390135435617547
4855,0.8358067,0.1851472762424656
4856,1.0,0.10640870616686819
4857,1.0,0.10390135435617547
4858,0.94626117,0.8258906664049465
4859,1.0,0.10745571345143079
4860,1.0,0.10390135435617547
4861,1.0,0.10390135435617547
4862,1.0,0.3079006240433298
4863,1.0,0.10550367574011524
4864,1.0,0.10966319165998396
4865,1.0,0.317410774867689
4866,1.0,0.10390135435617547
4867,1.0,0.32547229618359325
4868,1.0,0.10383838383838384
4869,1.0,0.10390135435617547
4870,0.92501557,0.12431920435709211
4871,1.0,0.10394337714863498
4872,1.0,0.10394337714863498
4873,1.0,0.10487953026928529
4874,1.0,0.10341365461847389
4875,1.0,0.11871813546977422
4876,1.0,0.10394337714863498
4877,1.0,0.14783281733746131
4878,1.0,0.10390135435617547
4879,1.0,0.10394337714863498
4880,1.0,0.10394337714863498
4881,1.0,0.10390135435617547
4882,1.0,0.1075875486381323
4883,0.18100189,0.25434704401007313
4884,1.0,0.10390135435617547
4885,1.0,0.10390135435617547
4886,1.0,0.10390135435617547
4887,1.0,0.14436248682824027
4888,0.18725401,0.03497356649044327
4889,1.0,0.10372017792155278
4890,1.0,0.10390135435617547
4891,1.0,0.10390135435617547
4892,1.0,0.11572700296735905
4893,1.0,0.10377548960226125
4894,1.0,0.10394337714863498
4895,1.0,0.10390135435617547
4896,1.0,0.20342612419700215
4897,1.0,0.10390135435617547
4898,1.0,0.10390135435617547
4899,1.0,0.10381741062411634
4900,1.0,0.10374115267947422
4901,1.0,0.10390135435617547
4902,0.9999998,0.11832412523020258
4903,0.9965711,0.14500220815545414
4904,1.0,0.3365717327655044
4905,1.0,0.10390135435617547
4906,1.0,0.10488390712570056
4907,1.0,0.10390135435617547
4908,0.9793419,0.13752203878826735
4909,1.0,0.10390135435617547
4910,0.9998012,0.16532258064516128
4911,1.0,0.1473997028231798
4912,1.0,0.10390135435617547
4913,1.0,0.20987654320987653
4914,1.0,0.1091816367265469
4915,1.0,0.10390135435617547
4916,1.0,0.10425489009881024
4917,1.0,0.10390135435617547
4918,1.0,0.10390135435617547
4919,1.0,0.10390135435617547
4920,1.0,0.10390135435617547
4921,1.0,0.12217541171964764
4922,1.0,0.10390135435617547
4923,1.0,0.10390135435617547
4924,1.0,0.10390135435617547
4925,0.6685214,0.1499619385942654
4926,0.99997133,0.1539029068909547
4927,1.0,0.16476964769647698
4928,1.0,0.10349706893066504
4929,1.0,0.12384145139025833
4930,1.0,0.10394337714863498
4931,1.0,0.10390135435617547
4932,1.0,0.11427417726630325
4933,1.0,0.10319708619991906
4934,1.0,0.10459235282217277
4935,0.7410285,0.13237190760933287
4936,1.0,0.10373360242179616
4937,1.0,0.10390135435617547
4938,1.0,0.10472154963680387
4939,1.0,0.11124425803874576
4940,1.0,0.10390135435617547
4941,1.0,0.10394337714863498
4942,1.0,0.1060453906406909
4943,1.0,0.10390135435617547
4944,1.0,0.10390135435617547
4945,1.0,0.10390135435617547
4946,1.0,0.10390135435617547
4947,1.0,0.11012877186238708
4948,1.0,0.10394337714863498
4949,0.9997419,0.1556557261586139
4950,1.0,0.10390135435617547
4951,1.0,0.10394337714863498
4952,1.0,0.10394337714863498
4953,1.0,0.10390135435617547
4954,1.0,0.13691348973607037
4955,0.9532753,0.057971014492753624
4956,1.0,0.09386934673366834
4957,1.0,0.10390135435617547
4958,1.0,0.1211556383970177
4959,1.0,0.10390135435617547
4960,1.0,0.11913489736070382
4961,1.0,0.10394337714863498
4962,0.99999994,0.10390135435617547
4963,0.6215676,0.3216142609556821
4964,1.0,0.10390135435617547
4965,1.0,0.10388035569927244
4966,1.0,0.1036573045059608
4967,1.0,0.10317620878009306
4968,1.0,0.29276675519450085
4969,1.0,0.0745446844557391
4970,1.0,0.3390452876376989
4971,0.99999994,0.10394337714863498
4972,1.0,0.10390135435617547
4973,1.0,0.10390135435617547
4974,1.0,0.15166033371881713
4975,1.0,0.14827935222672065
4976,1.0,0.10390135435617547
4977,1.0,0.10377548960226125
4978,1.0,0.11819510412860797
4979,1.0,0.10390135435617547
4980,0.99999994,0.10505292590373477
4981,1.0,0.10394337714863498
4982,1.0,0.1046608406158968
4983,1.0,0.10394337714863498
4984,1.0,0.11321134124271064
4985,1.0,0.10390135435617547
4986,0.99999994,0.15933147632311978
4987,1.0,0.09898231160649382
4988,1.0,0.10390135435617547
4989,1.0,0.1024390243902439
4990,0.9999999,0.1813285457809695
4991,1.0,0.10390135435617547
4992,1.0,0.10209477323571284
4993,1.0,0.10390135435617547
4994,0.9621487,0.4426246289282424
4995,1.0,0.10394337714863498
4996,1.0,0.10674822415153906
4997,1.0,0.10369921164342026
4998,1.0,0.10388035569927244
4999,1.0,0.10698689956331878
5000,0.99892163,0.1510126210742589
5001,1.0,0.08869106495219255
5002,1.0,0.16510903426791276
5003,1.0,0.210989010989011
5004,0.9999721,0.17339373970345964
5005,1.0,0.02723638180909545
5006,1.0,0.2866925781972978
5007,1.0,0.14827935222672065
5008,1.0,0.12157073695535234
5009,1.0,0.10568777732956837
5010,1.0,0.10394337714863498
5011,1.0,0.10390135435617547
5012,1.0,0.10390135435617547
5013,1.0,0.14964610717896865
5014,1.0,0.10646005232441134
5015,1.0,0.10390135435617547
5016,1.0,0.10390135435617547
5017,1.0,0.10394337714863498
5018,1.0,0.10394337714863498
5019,1.0,0.1044776119402985
5020,1.0,0.10390135435617547
5021,0.58044416,0.7716129032258064
5022,1.0,0.10182818950265382
5023,1.0,0.17128091546696197
5024,1.0,0.10717054263565891
5025,1.0,0.10666130006037432
5026,0.92656404,0.033659066232356136
5027,1.0,0.10394337714863498
5028,1.0,0.3101800808526277
5029,0.9997775,0.1874782608695652
5030,1.0,0.13108303996686685
5031,1.0,0.10640870616686819
5032,1.0,0.10390135435617547
5033,1.0,0.10394337714863498
5034,1.0,0.10390135435617547
5035,1.0,0.10190325138778747
5036,1.0,0.10390135435617547
5037,1.0,0.10394337714863498
5038,1.0,0.1045289122523251
5039,1.0,0.15870167998695156
5040,1.0,0.10507391130643227
5041,1.0,0.10186688311688312
5042,1.0,0.10905391658189216
5043,1.0,0.10394337714863498
5044,0.57935894,0.42431925917759894
5045,1.0,0.10390135435617547
5046,1.0,0.17497781721384206
5047,1.0,0.10390135435617547
5048,1.0,0.10394337714863498
5049,0.9999999,0.14418416801292408
5050,1.0,0.21068724519510776
5051,1.0,0.10394337714863498
5052,1.0,0.10390135435617547
5053,1.0,0.10390135435617547
5054,0.99999964,0.15996150144369586
5055,1.0,0.10394337714863498
5056,0.7125715,0.23168701442841289
5057,0.846555,0.3265860281411997
5058,1.0,0.10390135435617547
5059,1.0,0.10390135435617547
5060,1.0,0.10369921164342026
5061,1.0,0.10390135435617547
5062,1.0,0.10390135435617547
5063,0.9999999,0.15274949083503056
5064,1.0,0.10390135435617547
5065,1.0,0.3397668880812132
5066,1.0,0.10392236150424586
5067,1.0,0.10390135435617547
5068,1.0,0.10790094339622641
5069,0.7623685,0.1932305055698372
5070,1.0,0.10390135435617547
5071,1.0,0.11634575993445309
5072,1.0,0.10390135435617547
5073,1.0,0.10390135435617547
5074,1.0,0.10390135435617547
5075,0.37932482,0.22984686506789945
5076,1.0,0.10390135435617547
5077,1.0,0.10393541876892028
5078,1.0,0.10390135435617547
5079,1.0,0.10390135435617547
5080,1.0,0.10390135435617547
5081,1.0,0.10394337714863498
5082,1.0,0.10390135435617547
5083,1.0,0.10685990338164252
5084,1.0,0.136415963161934
5085,1.0,0.11775562938353636
5086,1.0,0.10390135435617547
5087,1.0,0.10388035569927244
5088,1.0,0.10394337714863498
5089,0.99292785,0.249553208773355
5090,1.0,0.1074656188605108
5091,1.0,0.10456464910516791
5092,1.0,0.10390135435617547
5093,1.0,0.12219043727012668
5094,1.0,0.12223626026531902
5095,1.0,0.10390135435617547
5096,1.0,0.10394337714863498
5097,0.88838315,0.22295959948771685
5098,1.0,0.10380971578310824
5099,0.9560827,0.3421365691172972
5100,1.0,0.10390135435617547
5101,1.0,0.11135501895829175
5102,1.0,0.10379079667545105
5103,1.0,0.10948059470940336
5104,1.0,0.12305325898865603
5105,0.6801771,0.4214822069866144
5106,1.0,0.10390135435617547
5107,0.7219591,0.1429763096429763
5108,1.0,0.10390135435617547
5109,1.0,0.10666666666666667
5110,1.0,0.10417086439653435
5111,1.0,0.10394337714863498
5112,1.0,0.10390135435617547
5113,1.0,0.10394337714863498
5114,1.0,0.12723941368078176
5115,0.99999994,0.17178881008668243
5116,1.0,0.10394337714863498
5117,1.0,0.08872845831392641
5118,1.0,0.10390135435617547
5119,1.0,0.10390135435617547
5120,1.0,0.10458424290533837
5121,1.0,0.10394337714863498
5122,1.0,0.10611256808553561
5123,1.0,0.10390135435617547
5124,1.0,0.10394337714863498
5125,1.0,0.2943311625920786
5126,1.0,0.10390135435617547
5127,1.0,0.10390135435617547
5128,1.0,0.34725578184328615
5129,0.9891234,0.169737114469054
5130,1.0,0.10390135435617547
5131,1.0,0.1259884974838246
5132,1.0,0.1055184960582171
5133,0.7316607,0.05877680698967434
5134,1.0,0.11189747513389442
5135,1.0,0.10394337714863498
5136,1.0,0.10537848605577689
5137,1.0,0.1043601130399677
5138,1.0,0.12223626026531902
5139,1.0,0.10390135435617547
5140,0.7600463,0.154922189193915
5141,1.0,0.10394337714863498
5142,1.0,0.10390135435617547
5143,1.0,0.10761421319796954
5144,1.0,0.10390135435617547
5145,1.0,0.10390135435617547
5146,1.0,0.10390135435617547
5147,1.0,0.10390135435617547
5148,1.0,0.10608764624231608
5149,1.0,0.10394337714863498
5150,1.0,0.10390135435617547
5151,0.98697364,0.1469582031831028
5152,1.0,0.2628883013879709
5153,1.0,0.1639892904953146
5154,1.0,0.10394337714863498
5155,1.0,0.10810284378652123
5156,1.0,0.10390135435617547
5157,1.0,0.08688957325120986
5158,1.0,0.10390135435617547
5159,0.9999947,0.136959253275893
5160,1.0,0.1036573045059608
5161,1.0,0.1742881794650561
5162,0.6491079,0.5685474733741219
5163,1.0,0.1074656188605108
5164,1.0,0.10390135435617547
5165,1.0,0.10461847389558233
5166,0.9812093,0.13582594000844952
5167,1.0,0.10390135435617547
5168,1.0,0.10394337714863498
5169,1.0,0.10390135435617547
5170,1.0,0.11819510412860797
5171,1.0,0.10796708809953844
5172,1.0,0.12579169598874032
5173,1.0,0.1077534791252485
5174,0.49309903,0.07115198451113262
5175,1.0,0.10390135435617547
5176,1.0,0.10394337714863498
5177,1.0,0.10390135435617547
5178,1.0,0.10390135435617547
5179,0.7972023,0.6554561349377764
5180,1.0,0.10390135435617547
5181,1.0,0.12974683544303797
5182,0.9999969,0.18370208787784356
5183,1.0,0.13227953410981697
5184,1.0,0.28925856876523737
5185,1.0,0.10390135435617547
5186,1.0,0.10429323612798704
5187,1.0,0.10394337714863498
5188,0.9999347,0.16573149035171753
5189,1.0,0.10390135435617547
5190,1.0,0.10390135435617547
5191,1.0,0.10394337714863498
5192,1.0,0.10394337714863498
5193,1.0,0.10390135435617547
5194,1.0,0.10390135435617547
5195,1.0,0.10668276972624799
5196,1.0,0.10394337714863498
5197,0.99980456,0.154413851830826
5198,1.0,0.10394337714863498
5199,1.0,0.10390135435617547
5200,1.0,0.10390135435617547
5201,1.0,0.10394337714863498
5202,1.0,0.24186292670018522
5203,1.0,0.10390135435617547
5204,1.0,0.32678735808530224
5205,0.99998534,0.154294597745822
5206,0.9958694,0.1570281670975643
5207,1.0,0.10390135435617547
5208,1.0,0.10390135435617547
5209,1.0,0.10390135435617547
5210,1.0,0.10390135435617547
5211,0.99999994,0.10390135435617547
5212,1.0,0.2395704254440314
5213,1.0,0.10369921164342026
5214,1.0,0.10390135435617547
5215,1.0,0.10467214758371766
5216,1.0,0.10390135435617547
5217,1.0,0.10390135435617547
5218,0.99999994,0.10394337714863498
5219,1.0,0.1045289122523251
5220,1.0,0.10390135435617547
5221,1.0,0.10390135435617547
5222,1.0,0.10390135435617547
5223,1.0,0.10602701068332997
5224,1.0,0.10440226171243942
5225,1.0,0.10401128804676477
5226,1.0,0.10390135435617547
5227,1.0,0.10390135435617547
5228,1.0,0.10302169945244373
5229,1.0,0.10390135435617547
5230,1.0,0.10379644588045234
5231,1.0,0.10390135435617547
5232,1.0,0.20100206307102858
5233,1.0,0.10291734197730956
5234,1.0,0.10390135435617547
5235,0.9973416,0.15515118347243126
5236,1.0,0.10388035569927244
5237,1.0,0.10106489853325297
5238,0.78775287,0.10249702734839476
5239,1.0,0.10390135435617547
5240,1.0,0.10390135435617547
5241,1.0,0.10390135435617547
5242,1.0,0.12574430823117339
5243,1.0,0.10390135435617547
5244,1.0,0.10390135435617547
5245,1.0,0.10390135435617547
5246,1.0,0.10394337714863498
5247,0.78707963,0.2182342758222735
5248,1.0,0.2519985465116279
5249,1.0,0.10394337714863498
5250,1.0,0.10656728444802578
5251,1.0,0.14824184163926132
5252,1.0,0.10390135435617547
5253,1.0,0.10459235282217277
5254,1.0,0.2376429199648197
5255,1.0,0.10394337714863498
5256,1.0,0.10390135435617547
5257,1.0,0.10646747352496218
5258,1.0,0.10527363184079602
5259,1.0,0.10394337714863498
5260,1.0,0.10391444713478612
5261,1.0,0.10390135435617547
5262,0.9999847,0.1719332361043591
5263,0.9999995,0.18041237113402062
5264,1.0,0.10394337714863498
5265,1.0,0.10388564525870747
5266,1.0,0.32746131050378663
5267,1.0,0.11630070710829922
5268,1.0,0.10390135435617547
5269,1.0,0.10390135435617547
5270,1.0,0.1962025316455696
5271,1.0,0.10390135435617547
5272,1.0,0.1036573045059608
5273,0.95770353,0.380822812363953
5274,1.0,0.1036708350141186
5275,1.0,0.12455579246624023
5276,1.0,0.10390135435617547
5277,1.0,0.10390135435617547
5278,1.0,0.10385936552838958
5279,1.0,0.10390135435617547
5280,1.0,0.10394337714863498
5281,1.0,0.12025431425976385
5282,1.0,0.10374115267947422
5283,1.0,0.09870224821787607
5284,1.0,0.10127607859023699
5285,1.0,0.10374115267947422
5286,0.8141394,0.08876146788990825
5287,1.0,0.11040884850878925
5288,0.93314743,0.09013242204186245
5289,1.0,0.10390135435617547
5290,1.0,0.10390135435617547
5291,1.0,0.10390135435617547
5292,1.0,0.10390135435617547
5293,1.0,0.10390135435617547
5294,1.0,0.10394337714863498
5295,1.0,0.10390135435617547
5296,1.0,0.10390135435617547
5297,0.61928165,0.7659553545088013
5298,1.0,0.10369921164342026
5299,1.0,0.10625
5300,1.0,0.10390135435617547
5301,1.0,0.10659694288012872
5302,1.0,0.1048
5303,1.0,0.11221188839466235
5304,1.0,0.3510036026762738
5305,1.0,0.10266393442622951
5306,0.9581649,0.2743373947996483
5307,1.0,0.10394337714863498
5308,0.9999838,0.18767081688430004
5309,1.0,0.10388035569927244
5310,1.0,0.1222793826671943
5311,1.0,0.10598428369937538
5312,0.7771094,0.4085820895522388
5313,1.0,0.10928750724078007
5314,1.0,0.10437235543018336
5315,1.0,0.026659557451346308
5316,1.0,0.10390135435617547
5317,1.0,0.10394337714863498
5318,1.0,0.10390135435617547
5319,1.0,0.10303030303030303
5320,1.0,0.10390135435617547
5321,1.0,0.10424710424710425
5322,1.0,0.10372017792155278
5323,1.0,0.10390135435617547
5324,1.0,0.3284516357623716
5325,1.0,0.10390135435617547
5326,1.0,0.10364992942125428
5327,1.0,0.10394337714863498
5328,1.0,0.10390135435617547
5329,1.0,0.10394337714863498
5330,1.0,0.1357730619315721
5331,1.0,0.10394337714863498
5332,1.0,0.10390135435617547
5333,1.0,0.10390135435617547
5334,1.0,0.10377548960226125
5335,1.0,0.1062611100138258
5336,0.8595818,0.11133292383292383
5337,1.0,0.10390135435617547
5338,1.0,0.10374115267947422
5339,1.0,0.10624012638230648
5340,1.0,0.10390135435617547
5341,1.0,0.10390135435617547
5342,1.0,0.13550420168067226
5343,1.0,0.10457384646383236
5344,1.0,0.10533707865168539
5345,1.0,0.10390135435617547
5346,1.0,0.10390135435617547
5347,1.0,0.10390135435617547
5348,1.0,0.10374115267947422
5349,1.0,0.10465819721718088
5350,1.0,0.10394337714863498
5351,1.0,0.10390135435617547
5352,1.0,0.28998396267677506
5353,1.0,0.10390135435617547
5354,1.0,0.10390135435617547
5355,1.0,0.10390135435617547
5356,1.0,0.10390135435617547
5357,1.0,0.10390135435617547
5358,1.0,0.10396440129449838
5359,0.8885099,0.33723196881091616
5360,0.688294,0.31252341116244226
5361,1.0,0.10390135435617547
5362,1.0,0.10390135435617547
5363,1.0,0.10390135435617547
5364,1.0,0.10372017792155278
5365,1.0,0.10369921164342026
5366,0.78844255,0.3821251745588422
5367,1.0,0.10691318327974277
5368,1.0,0.10390135435617547
5369,0.9509304,0.11575895630565335
5370,0.9999986,0.1584213451917732
5371,0.9759113,0.2470074409576189
5372,1.0,0.10750302541347317
5373,0.87889725,0.43348396340791356
5374,1.0,0.10394337714863498
5375,1.0,0.10390135435617547
5376,1.0,0.10394337714863498
5377,1.0,0.1227630637079456
5378,1.0,0.10390135435617547
5379,0.93838304,0.10358565737051793
5380,1.0,0.10390135435617547
5381,0.9999994,0.1088016967126193
5382,0.99961656,0.23400606780108166
5383,1.0,0.22236228412958528
5384,1.0,0.10390135435617547
5385,1.0,0.10390135435617547
5386,0.8885033,0.42476149176062444
5387,0.99983984,0.1504083147735709
5388,1.0,0.10390135435617547
5389,1.0,0.10390135435617547
5390,1.0,0.10394337714863498
5391,1.0,0.2835711133990293
5392,1.0,0.10394337714863498
5393,1.0,0.10390135435617547
5394,1.0,0.09980582524271844
5395,1.0,0.10394337714863498
5396,1.0,0.10394337714863498
5397,1.0,0.10394337714863498
5398,1.0,0.10390135435617547
5399,1.0,0.10443548387096774
5400,1.0,0.2211430706014195
5401,1.0,0.026999490575649515
5402,0.9392506,0.5153229123817359
5403,1.0,0.10394337714863498
5404,0.9999765,0.1824561403508772
5405,1.0,0.27508931471256903
5406,1.0,0.10369921164342026
5407,1.0,0.10390135435617547
5408,1.0,0.11925490990078963
5409,1.0,0.10394337714863498
5410,1.0,0.10390135435617547
5411,1.0,0.10390135435617547
5412,1.0,0.10390135435617547
5413,1.0,0.10390135435617547
5414,1.0,0.10390135435617547
5415,1.0,0.10390135435617547
5416,1.0,0.19377200704225353
5417,1.0,0.10390135435617547
5418,1.0,0.1288623595505618
5419,1.0,0.10390135435617547
5420,1.0,0.10390135435617547
5421,1.0,0.1274907423734791
5422,1.0,0.10383838383838384
5423,1.0,0.18997912317327767
5424,1.0,0.10390135435617547
5425,1.0,0.10410349706893067
5426,1.0,0.10390135435617547
5427,1.0,0.10394337714863498
5428,1.0,0.07354881266490765
5429,1.0,0.10388035569927244
5430,1.0,0.2612244897959184
5431,1.0,0.10390135435617547
5432,1.0,0.10390135435617547
5433,1.0,0.10390135435617547
5434,1.0,0.11126874746655857
5435,1.0,0.3014957013308209
5436,1.0,0.10394337714863498
5437,1.0,0.17928286852589642
5438,1.0,0.06883821932681868
5439,1.0,0.10390135435617547
5440,1.0,0.02202036884117809
5441,0.5789542,0.43166564978645516
5442,1.0,0.1034412955465587
5443,1.0,0.10540157798907546
5444,1.0,0.10369921164342026
5445,1.0,0.10390135435617547
5446,0.9120574,0.27885783718104495
5447,0.999956,0.1616467383078553
5448,1.0,0.07998725302740599
5449,1.0,0.1708023159636063
5450,1.0,0.10390135435617547
5451,1.0,0.10625
5452,1.0,0.08155503908725967
5453,1.0,0.10460420032310178
5454,1.0,0.10409521888238854
5455,0.25012589,0.01778496362166532
5456,1.0,0.10394337714863498
5457,1.0,0.28915223336371926
5458,1.0,0.1048273076146233
5459,1.0,0.06361736707685163
5460,1.0,0.1342045218834267
5461,1.0,0.10394337714863498
5462,1.0,0.10369921164342026
5463,1.0,0.10390135435617547
5464,1.0,0.20290953174723442
5465,1.0,0.10390135435617547
5466,1.0,0.10390135435617547
5467,0.87903637,0.2504705882352941
5468,0.99985045,0.13897814910025708
5469,1.0,0.11801242236024845
5470,1.0,0.17625
5471,1.0,0.08114357788522178
5472,0.9999158,0.16446911866759195
5473,1.0,0.10390135435617547
5474,1.0,0.3278898040329452
5475,1.0,0.10473109583501819
5476,1.0,0.10390135435617547
5477,1.0,0.10390135435617547
5478,1.0,0.10390135435617547
5479,1.0,0.10615079365079365
5480,1.0,0.24759662546596037
5481,1.0,0.11472024033045437
5482,1.0,0.18680547432448238
5483,1.0,0.10390135435617547
5484,0.99992085,0.16066874468688014
5485,1.0,0.16755706653715396
5486,1.0,0.21878914405010438
5487,1.0,0.10394337714863498
5488,1.0,0.1054617676266137
5489,1.0,0.10394337714863498
5490,1.0,0.10390135435617547
5491,1.0,0.20700896495517523
5492,0.9069011,0.372296669762505
5493,1.0,0.10390135435617547
5494,0.9516181,0.2721967486452689
5495,1.0,0.11817188638018937
5496,1.0,0.10394337714863498
5497,1.0,0.10390135435617547
5498,1.0,0.10394337714863498
5499,1.0,0.28530857454942654
5500,0.9999975,0.1942215088282504
5501,1.0,0.11154539987973541
5502,1.0,0.10390135435617547
5503,1.0,0.12096924510717615
5504,1.0,0.10390135435617547
5505,1.0,0.10633575464083939
5506,1.0,0.1162340178225494
5507,1.0,0.10390135435617547
5508,1.0,0.17328150572831424
5509,1.0,0.10982435823200154
5510,1.0,0.10394337714863498
5511,0.9038196,0.06608357628765792
5512,1.0,0.10390135435617547
5513,0.87311137,0.48289927831816754
5514,1.0,0.10390135435617547
5515,1.0,0.10390135435617547
5516,0.8428771,0.15000727484359086
5517,1.0,0.10390135435617547
5518,1.0,0.10386231739043426
5519,1.0,0.10369921164342026
5520,1.0,0.10390135435617547
5521,0.58650166,0.2369265095523637
5522,1.0,0.10394337714863498
5523,0.9999941,0.17906293490026287
5524,1.0,0.10390135435617547
5525,1.0,0.10390135435617547
5526,1.0,0.10390135435617547
5527,0.7706618,0.285528408269481
5528,1.0,0.10233502538071065
5529,1.0,0.10617185949593173
5530,1.0,0.10394337714863498
5531,1.0,0.10390135435617547
5532,1.0,0.10390135435617547
5533,1.0,0.10390135435617547
5534,1.0,0.31603929793575447
5535,0.9190288,0.0585704831237591
5536,1.0,0.10390135435617547
5537,1.0,0.1044144325740778
5538,1.0,0.24541197316795343
5539,1.0,0.10390135435617547
5540,1.0,0.10390135435617547
5541,1.0,0.10390135435617547
5542,1.0,0.10390135435617547
5543,1.0,0.1712994350282486
5544,1.0,0.10394337714863498
5545,1.0,0.11233191210232864
5546,1.0,0.10394337714863498
5547,1.0,0.10390135435617547
5548,0.87599295,0.4556691228904207
5549,1.0,0.13348779183746212
5550,1.0,0.1472239550842171
5551,1.0,0.11293224065560664
5552,1.0,0.1236125126135217
5553,1.0,0.10374115267947422
5554,1.0,0.10363636363636364
5555,1.0,0.32010736375306337
5556,1.0,0.11014901329037455
5557,1.0,0.10394337714863498
5558,1.0,0.10390135435617547
5559,1.0,0.10390135435617547
5560,1.0,0.10390135435617547
5561,1.0,0.1036573045059608
5562,1.0,0.32801227935533384
5563,1.0,0.15384615384615385
5564,1.0,0.10373360242179616
5565,1.0,0.10390135435617547
5566,1.0,0.10390135435617547
5567,1.0,0.10394337714863498
5568,1.0,0.10390135435617547
5569,0.9999926,0.2030558332143367
5570,0.99999994,0.18274565956685163
5571,1.0,0.10381741062411634
5572,1.0,0.11909989023051591
5573,1.0,0.27249498083591894
5574,1.0,0.10390135435617547
5575,1.0,0.1379712397979013
5576,1.0,0.10390135435617547
5577,1.0,0.10394337714863498
5578,1.0,0.10390135435617547
5579,1.0,0.10578478964401294
5580,1.0,0.10394337714863498
5581,1.0,0.10390135435617547
5582,1.0,0.10394337714863498
5583,1.0,0.10390135435617547
5584,1.0,0.10390135435617547
5585,1.0,0.1100936100936101
5586,1.0,0.10390135435617547
5587,1.0,0.10394337714863498
5588,0.836502,0.5125617350225466
5589,1.0,0.10419622947496453
5590,1.0,0.10390135435617547
5591,1.0,0.10394337714863498
5592,1.0,0.10390135435617547
5593,1.0,0.10390135435617547
5594,1.0,0.10390135435617547
5595,1.0,0.10390135435617547
5596,1.0,0.07155675190668462
5597,1.0,0.10390135435617547
5598,0.9997583,0.09080303324907642
5599,1.0,0.290346352247605
5600,0.8216886,0.13208438287153654
5601,1.0,0.10390135435617547
5602,1.0,0.20728534258456202
5603,0.48760566,0.18975694444444444
5604,1.0,0.10394337714863498
5605,1.0,0.10390135435617547
5606,1.0,0.10390135435617547
5607,0.47399622,0.34155829721018116
5608,1.0,0.10390135435617547
5609,1.0,0.10394337714863498
5610,1.0,0.10364992942125428
5611,1.0,0.10369921164342026
5612,1.0,0.10424242424242425
5613,1.0,0.08151522416686646
5614,1.0,0.15150339476236663
5615,1.0,0.10394337714863498
5616,1.0,0.10390135435617547
5617,1.0,0.10394337714863498
5618,1.0,0.10390135435617547
5619,0.99999994,0.11279229711141678
5620,1.0,0.10390135435617547
5621,1.0,0.10390135435617547
5622,0.8123621,0.28236744759556104
5623,1.0,0.10390135435617547
5624,1.0,0.10357359176256814
5625,1.0,0.10394337714863498
5626,1.0,0.10390135435617547
5627,1.0,0.10390135435617547
5628,1.0,0.10390135435617547
5629,1.0,0.10390135435617547
5630,1.0,0.25389459728206826
5631,1.0,0.10390135435617547
5632,1.0,0.13194444444444445
5633,1.0,0.10390135435617547
5634,1.0,0.0276369168356998
5635,0.8852758,0.534039995628893
5636,1.0,0.10390135435617547
5637,1.0,0.1804557271754091
5638,1.0,0.1085122699386503
5639,1.0,0.10717163577759871
5640,1.0,0.10390135435617547
5641,1.0,0.13238111827207805
5642,1.0,0.10390135435617547
5643,1.0,0.2868935309973046
5644,1.0,0.10390135435617547
5645,1.0,0.10394337714863498
5646,1.0,0.10577495534828339
5647,1.0,0.10394337714863498
5648,1.0,0.10389348396207383
5649,1.0,0.11221804511278195
5650,1.0,0.10315361139369278
5651,1.0,0.10390135435617547
5652,1.0,0.10390135435617547
5653,1.0,0.29521492295214924
5654,0.86142033,0.48539564524694634
5655,1.0,0.11153552330022919
5656,1.0,0.10390135435617547
5657,0.54153496,0.15875109938434476
5658,0.9999983,0.15634481527752989
5659,1.0,0.10372017792155278
5660,0.3984994,0.45194862710363154
5661,0.6037097,0.4948794869142443
5662,1.0,0.10394337714863498
5663,1.0,0.10394337714863498
5664,1.0,0.10394842868654311
5665,1.0,0.06732941708088568
5666,1.0,0.10442334881842052
5667,1.0,0.10390135435617547
5668,1.0,0.10390135435617547
5669,0.98710626,0.22679825393812866
5670,1.0,0.20281566212054553
5671,1.0,0.10390135435617547
5672,1.0,0.10390135435617547
5673,1.0,0.10686274509803921
5674,1.0,0.10394337714863498
5675,0.99999994,0.13305817610062892
5676,1.0,0.10390135435617547
5677,1.0,0.10714285714285714
5678,1.0,0.10390135435617547
5679,1.0,0.11237877923559612
5680,1.0,0.10388035569927244
5681,1.0,0.10390135435617547
5682,1.0,0.10379644588045234
5683,1.0,0.1036708350141186
5684,1.0,0.10394337714863498
5685,0.8809527,0.15512740832815414
5686,1.0,0.10390135435617547
5687,1.0,0.10385936552838958
5688,1.0,0.14964610717896865
5689,0.99992007,0.1531264618743178
5690,1.0,0.10390135435617547
5691,1.0,0.10390135435617547
5692,1.0,0.10390135435617547
5693,0.3199653,0.02863376056722116
5694,1.0,0.10319708619991906
5695,1.0,0.10390135435617547
5696,1.0,0.10394337714863498
5697,1.0,0.10394337714863498
5698,1.0,0.10369921164342026
5699,1.0,0.10390135435617547
5700,1.0,0.10390135435617547
5701,1.0,0.10390135435617547
5702,1.0,0.10390135435617547
5703,1.0,0.10390135435617547
5704,1.0,0.10390135435617547
5705,0.9999781,0.10473537604456824
5706,1.0,0.10390135435617547
5707,1.0,0.10390135435617547
5708,1.0,0.10394337714863498
5709,1.0,0.1817658072879159
5710,1.0,0.10394337714863498
5711,0.83061624,0.2700219418540867
5712,1.0,0.11008986928104575
5713,1.0,0.10369921164342026
5714,1.0,0.18355271102523849
5715,1.0,0.10407422347720856
5716,1.0,0.1279414328046017
5717,1.0,0.10394337714863498
5718,1.0,0.19334463102757665
5719,1.0,0.10394337714863498
5720,1.0,0.10390135435617547
5721,1.0,0.10390135435617547
5722,1.0,0.10471204188481675
5723,1.0,0.10385936552838958
5724,1.0,0.10466760961810467
5725,1.0,0.16419860627177701
5726,1.0,0.10390135435617547
5727,1.0,0.10390135435617547
5728,0.72279865,0.0917513448894202
5729,1.0,0.10390135435617547
5730,1.0,0.10390135435617547
5731,1.0,0.07866868381240545
5732,1.0,0.10390135435617547
5733,1.0,0.14937523665278304
5734,1.0,0.10394337714863498
5735,1.0,0.17154757256280098
5736,1.0,0.12284710017574692
5737,1.0,0.10807528840315725
5738,1.0,0.10390135435617547
5739,1.0,0.10390135435617547
5740,1.0,0.10369921164342026
5741,1.0,0.10394337714863498
5742,1.0,0.10390135435617547
5743,1.0,0.10390135435617547
5744,1.0,0.10394337714863498
5745,1.0,0.10390135435617547
5746,1.0,0.10394337714863498
5747,1.0,0.10319708619991906
5748,1.0,0.10994553157151503
5749,1.0,0.10390135435617547
5750,1.0,0.10390135435617547
5751,1.0,0.08455440787893347
5752,0.9998965,0.5025985937022317
5753,1.0,0.10388035569927244
5754,0.9093206,0.11300466626090484
5755,1.0,0.10390135435617547
5756,1.0,0.10390135435617547
5757,0.5865007,0.3761467889908257
5758,1.0,0.10390135435617547
5759,1.0,0.167636960740409
5760,1.0,0.10390135435617547
5761,1.0,0.10390135435617547
5762,1.0,0.11866830065359477
5763,1.0,0.10388035569927244
5764,1.0,0.10314897052886557
5765,1.0,0.10315361139369278
5766,1.0,0.22901420576840292
5767,1.0,0.11095477386934674
5768,1.0,0.08284518828451883
5769,1.0,0.1051792828685259
5770,0.7342988,0.23910811207275928
5771,1.0,0.10390135435617547
5772,1.0,0.11607507139942881
5773,0.99999577,0.131676477000218
5774,1.0,0.10390135435617547
5775,1.0,0.10394337714863498
5776,1.0,0.10394337714863498
5777,1.0,0.08181623473977297
5778,1.0,0.10709452928668084
5779,1.0,0.10390135435617547
5780,0.9515528,0.13077274805669867
5781,1.0,0.10390135435617547
5782,1.0,0.10390135435617547
5783,1.0,0.0904414916416631
5784,1.0,0.10616438356164383
5785,1.0,0.10390135435617547
5786,1.0,0.10390135435617547
5787,1.0,0.10409521888238854
5788,0.7890614,0.3416642588847154
5789,1.0,0.10394337714863498
5790,1.0,0.11775562938353636
5791,1.0,0.10390135435617547
5792,1.0,0.2075759352644541
5793,1.0,0.10394337714863498
5794,1.0,0.10412454508693894
5795,1.0,0.17309281189754888
5796,1.0,0.10390135435617547
5797,1.0,0.07954545454545454
5798,1.0,0.09887115609186455
5799,1.0,0.10390135435617547
5800,1.0,0.09872217642209398
5801,1.0,0.10394337714863498
5802,1.0,0.10817836432713457
5803,1.0,0.10781187724192906
5804,1.0,0.10394337714863498
5805,1.0,0.10394337714863498
5806,1.0,0.10371267150928168
5807,1.0,0.10351799433885968
5808,0.8921737,0.3728540772532189
5809,1.0,0.10394337714863498
5810,1.0,0.10374115267947422
5811,1.0,0.18561236623067776
5812,0.9999986,0.22746781115879827
5813,1.0,0.15937295885042455
5814,1.0,0.10390135435617547
5815,0.48861063,0.44981541301338257
5816,1.0,0.10390135435617547
5817,1.0,0.1098923015556442
5818,1.0,0.10390135435617547
5819,1.0,0.10394337714863498
5820,1.0,0.10390135435617547
5821,1.0,0.10577495534828339
5822,1.0,0.10351799433885968
5823,1.0,0.13801829861787035
5824,0.99979603,0.24955459404428607
5825,1.0,0.18623962040332148
5826,1.0,0.10970464135021098
5827,1.0,0.10390135435617547
5828,1.0,0.10390135435617547
5829,1.0,0.10394337714863498
5830,1.0,0.10461351679481991
5831,1.0,0.10390135435617547
5832,1.0,0.10390135435617547
5833,1.0,0.10577495534828339
5834,1.0,0.10394337714863498
5835,0.441152,0.659747199671154
5836,1.0,0.10390135435617547
5837,0.9986097,0.26343876090068985
5838,1.0,0.1217856408146472
5839,0.65725696,0.49912910951447853
5840,0.99993545,0.1532953620829943
5841,1.0,0.10390135435617547
5842,1.0,0.10353892821031345
5843,1.0,0.10822342901474011
5844,0.97632736,0.5730826550498682
5845,0.99999994,0.10390135435617547
5846,1.0,0.10390135435617547
5847,1.0,0.10390135435617547
5848,1.0,0.10368570271364926
5849,1.0,0.10390135435617547
5850,1.0,0.10394337714863498
5851,1.0,0.10390135435617547
5852,1.0,0.06744666207845836
5853,1.0,0.10372017792155278
5854,1.0,0.16837136113296616
5855,1.0,0.10351799433885968
5856,1.0,0.10390135435617547
5857,1.0,0.0906641000962464
5858,1.0,0.10390135435617547
5859,1.0,0.10394337714863498
5860,1.0,0.10394337714863498
5861,1.0,0.10372017792155278
5862,1.0,0.133499466002136
5863,1.0,0.10390135435617547
5864,1.0,0.10390135435617547
5865,1.0,0.033182503770739065
5866,1.0,0.10394337714863498
5867,1.0,0.11962071480671042
5868,0.9999243,0.16036577043810563
5869,1.0,0.10390135435617547
5870,0.122367024,0.36407466930399307
5871,1.0,0.0843474611833823
5872,1.0,0.10390135435617547
5873,1.0,0.10390135435617547
5874,1.0,0.10390135435617547
5875,1.0,0.10394337714863498
5876,1.0,0.02744997434581837
5877,1.0,0.10394337714863498
5878,1.0,0.10390135435617547
5879,0.998612,0.25856737954135534
5880,1.0,0.10394337714863498
5881,1.0,0.06583936573595311
5882,1.0,0.20993131081854607
5883,1.0,0.10391444713478612
5884,1.0,0.10390135435617547
5885,1.0,0.10390135435617547
5886,1.0,0.10974379665120032
5887,1.0,0.11135767601371797
5888,1.0,0.10390135435617547
5889,1.0,0.10212146422628952
5890,1.0,0.11174785100286533
5891,1.0,0.10394337714863498
5892,1.0,0.11426957831325302
5893,1.0,0.1070559610705596
5894,1.0,0.18698453608247423
5895,0.965675,0.22533039647577094
5896,1.0,0.10390135435617547
5897,0.77329457,0.12478920741989882
5898,1.0,0.10390135435617547
5899,1.0,0.10390135435617547
5900,0.7864859,0.6794858921578472
5901,1.0,0.18422655298416565
5902,1.0,0.11157852564102565
5903,1.0,0.11626518017121243
5904,1.0,0.10390135435617547
5905,1.0,0.10353892821031345
5906,0.999745,0.17811536767943636
5907,0.99999964,0.16879795396419436
5908,1.0,0.1043811831213406
5909,1.0,0.12629084137464025
5910,1.0,0.1035808213635444
5911,1.0,0.3025263831148065
5912,1.0,0.10390135435617547
5913,1.0,0.10390135435617547
5914,1.0,0.10353892821031345
5915,1.0,0.10394337714863498
5916,1.0,0.13347961236057782
5917,1.0,0.10390135435617547
5918,0.8948155,0.1262853470437018
5919,1.0,0.10390135435617547
5920,1.0,0.10390135435617547
5921,1.0,0.10390135435617547
5922,0.7199179,0.10660859685665594
5923,1.0,0.10372771474878444
5924,0.4690437,0.3766218585622443
5925,1.0,0.10390135435617547
5926,1.0,0.35774522858411006
5927,1.0,0.10750956311656935
5928,1.0,0.020413504318241297
5929,1.0,0.10379644588045234
5930,0.71683526,0.4420122502259263
5931,1.0,0.10374115267947422
5932,1.0,0.10619114405930676
5933,1.0,0.10390135435617547
5934,1.0,0.34719409031335635
5935,1.0,0.10392236150424586
5936,1.0,0.10394337714863498
5937,0.9704531,0.3129392310872261
5938,1.0,0.10390135435617547
5939,0.4604362,0.3604824501965036
5940,1.0,0.07190860215053764
5941,1.0,0.11195880221247377
5942,1.0,0.10390135435617547
5943,1.0,0.10369921164342026
5944,1.0,0.15899864682002707
5945,0.45786336,0.23876123876123875
5946,1.0,0.10390135435617547
5947,1.0,0.10390135435617547
5948,1.0,0.10390135435617547
5949,1.0,0.10394337714863498
5950,0.86406493,0.45002605523710265
5951,1.0,0.10476382721033509
5952,0.8236183,0.08737864077669903
5953,1.0,0.10394337714863498
5954,1.0,0.10390135435617547
5955,1.0,0.10390135435617547
5956,1.0,0.10390135435617547
5957,1.0,0.10390135435617547
5958,1.0,0.17911434236615995
5959,1.0,0.10391444713478612
5960,0.9999999,0.1740246406570842
5961,1.0,0.10390135435617547
5962,1.0,0.10521001615508885
5963,1.0,0.3248459129028999
5964,1.0,0.10394337714863498
5965,0.99999994,0.10394337714863498
5966,0.99999994,0.10390135435617547
5967,1.0,0.12223626026531902
5968,0.9038146,0.3671669148814297
5969,0.22914526,0.4204208254653358
5970,1.0,0.1057558255327624
5971,1.0,0.12186607426213901
5972,1.0,0.10390135435617547
5973,1.0,0.10390135435617547
5974,1.0,0.1068763863682194
5975,0.9369435,0.04725897920604915
5976,1.0,0.11046743907311227
5977,1.0,0.10536939846588615
5978,1.0,0.1867930296545399
5979,1.0,0.10390135435617547
5980,1.0,0.10394337714863498
5981,1.0,0.10390135435617547
5982,0.9999968,0.17517517517517517
5983,1.0,0.10390135435617547
5984,1.0,0.10333670374115268
5985,1.0,0.10390135435617547
5986,1.0,0.10390135435617547
5987,1.0,0.10888888888888888
5988,1.0,0.10394337714863498
5989,1.0,0.10390135435617547
5990,1.0,0.22387644357868375
5991,1.0,0.22245236122618062
5992,1.0,0.10390135435617547
5993,1.0,0.10394337714863498
5994,1.0,0.1571621014818141
5995,1.0,0.10591961987725203
5996,1.0,0.10390135435617547
5997,0.999998,0.183182135380321
5998,1.0,0.08412397216951296
5999,0.40188745,0.5646015895659262
6000,0.9377884,0.28087135859757667
6001,0.8726041,0.5708603726187984
6002,1.0,0.30454545454545456
6003,1.0,0.08281874318924809
6004,1.0,0.14300554016620498
6005,1.0,0.14120626879848028
6006,1.0,0.12309107635694572
6007,1.0,0.10390135435617547
6008,1.0,0.10390135435617547
6009,1.0,0.10390135435617547
6010,1.0,0.10390135435617547
6011,1.0,0.10390135435617547
6012,1.0,0.1036573045059608
6013,1.0,0.10390135435617547
6014,1.0,0.10390135435617547
6015,1.0,0.3321513002364066
6016,1.0,0.10394337714863498
6017,1.0,0.10390135435617547
6018,0.7585283,0.39864864864864863
6019,1.0,0.10329670329670329
6020,1.0,0.11178738080746602
6021,1.0,0.19693435521492836
6022,1.0,0.33931440814140335
6023,1.0,0.10390135435617547
6024,1.0,0.10390135435617547
6025,1.0,0.10390135435617547
6026,1.0,0.10596293311845285
6027,1.0,0.10369921164342026
6028,1.0,0.10390135435617547
6029,1.0,0.10390135435617547
6030,1.0,0.21953405017921146
6031,1.0,0.10394337714863498
6032,1.0,0.056594607724070926
6033,1.0,0.10388035569927244
6034,1.0,0.10390135435617547
6035,1.0,0.10394337714863498
6036,1.0,0.10429695380270325
6037,1.0,0.11717171717171718
6038,1.0,0.10390135435617547
6039,1.0,0.3298774740810556
6040,1.0,0.10390135435617547
6041,0.9999977,0.23100189035916824
6042,1.0,0.10390135435617547
6043,0.99999994,0.18282597219778285
6044,1.0,0.10390135435617547
6045,1.0,0.10377548960226125
6046,1.0,0.10390135435617547
6047,1.0,0.09381920676464667
6048,1.0,0.10390135435617547
6049,1.0,0.10394337714863498
6050,0.33241287,0.30289286589850456
6051,1.0,0.10390135435617547
6052,1.0,0.06547085201793722
6053,1.0,0.10390135435617547
6054,1.0,0.10390135435617547
6055,1.0,0.10355987055016182
6056,1.0,0.10394337714863498
6057,1.0,0.10390135435617547
6058,1.0,0.10394337714863498
6059,1.0,0.2124337487465979
6060,1.0,0.10381741062411634
6061,0.83623207,0.4457034938621341
6062,1.0,0.1029739024883674
6063,1.0,0.10390135435617547
6064,1.0,0.10390135435617547
6065,1.0,0.10367825383993533
6066,1.0,0.10394337714863498
6067,1.0,0.10390135435617547
6068,1.0,0.10390925663358315
6069,1.0,0.12119039082108282
6070,1.0,0.11966314140227184
6071,0.8097011,0.7673938679245284
6072,0.3410333,0.4216957605985037
6073,0.9995176,0.10964912280701754
6074,1.0,0.10390135435617547
6075,0.99999326,0.14517278232988956
6076,1.0,0.2757261410788382
6077,1.0,0.10394337714863498
6078,0.99116,0.30227063919149494
6079,1.0,0.10388035569927244
6080,1.0,0.19324473975636766
6081,1.0,0.10384615384615385
6082,0.2572047,0.22335890878090367
6083,1.0,0.10394337714863498
6084,0.96908814,0.12159187129551227
6085,1.0,0.10394337714863498
6086,1.0,0.10394337714863498
6087,1.0,0.10650291926716328
6088,1.0,0.11396226415094339
6089,1.0,0.10390135435617547
6090,1.0,0.10394337714863498
6091,1.0,0.10286062081558126
6092,1.0,0.10390135435617547
6093,1.0,0.10390135435617547
6094,1.0,0.10390135435617547
6095,1.0,0.1999239350912779
6096,1.0,0.060106753307031795
6097,1.0,0.1863661352391424
6098,1.0,0.1044055522027761
6099,1.0,0.10390135435617547
6100,1.0,0.1608713866778383
6101,1.0,0.10496568429551877
6102,1.0,0.0
6103,0.9949496,0.14917986425339366
6104,1.0,0.10390135435617547
6105,1.0,0.10394337714863498
6106,1.0,0.10390135435617547
6107,1.0,0.10394337714863498
6108,1.0,0.18512366186784793
6109,1.0,0.10371267150928168
6110,1.0,0.10390135435617547
6111,1.0,0.31979195951644646
6112,1.0,0.10470042364333267
6113,1.0,0.02766217870257038
6114,0.95613456,0.9005756659186263
6115,1.0,0.10390135435617547
6116,1.0,0.10394337714863498
6117,0.99999714,0.15229606665374928
6118,1.0,0.10394337714863498
6119,1.0,0.10390135435617547
6120,1.0,0.31840324763193506
6121,1.0,0.10716013546202226
6122,1.0,0.10086921366484738
6123,1.0,0.10390135435617547
6124,1.0,0.10394337714863498
6125,1.0,0.10394337714863498
6126,1.0,0.10543067435846429
6127,0.90633875,0.025891632373113854
6128,1.0,0.15671306690615178
6129,1.0,0.10373360242179616
6130,1.0,0.10394337714863498
6131,1.0,0.10394337714863498
6132,1.0,0.11234817813765183
6133,1.0,0.2166160348698983
6134,1.0,0.10480613893376414
6135,1.0,0.07491961414790997
6136,0.80235267,0.2209502901050651
6137,1.0,0.10390135435617547
6138,0.84186596,0.48583080623235386
6139,1.0,0.10394337714863498
6140,0.7803781,0.38012107560185837
6141,1.0,0.10629286002420331
6142,0.9999887,0.1659317328107137
6143,1.0,0.10390135435617547
6144,1.0,0.10394337714863498
6145,1.0,0.10390135435617547
6146,0.99986094,0.12256084192063144
6147,1.0,0.10409521888238854
6148,1.0,0.10394337714863498
6149,1.0,0.10390135435617547
6150,1.0,0.10470257234726688
6151,1.0,0.10349706893066504
6152,1.0,0.10301662220398113
6153,1.0,0.1142
6154,1.0,0.10390135435617547
6155,1.0,0.10390135435617547
6156,1.0,0.10390135435617547
6157,1.0,0.10629067245119306
6158,1.0,0.10766817022945675
6159,1.0,0.10394337714863498
6160,1.0,0.14132231404958678
6161,1.0,0.10390135435617547
6162,1.0,0.10390135435617547
6163,1.0,0.10390135435617547
6164,1.0,0.10390135435617547
6165,1.0,0.10394337714863498
6166,1.0,0.10392236150424586
6167,1.0,0.31771459084234416
6168,0.99435306,0.14671188439988203
6169,0.9999998,0.18512256973795435
6170,1.0,0.10390135435617547
6171,0.932756,0.3092724351618086
6172,1.0,0.10386717959101033
6173,1.0,0.1708023159636063
6174,1.0,0.10384615384615385
6175,1.0,0.10390135435617547
6176,0.99999976,0.14416826003824093
6177,1.0,0.10390135435617547
6178,1.0,0.10390135435617547
6179,1.0,0.13338579578988785
6180,1.0,0.10394337714863498
6181,1.0,0.10390135435617547
6182,1.0,0.10390135435617547
6183,1.0,0.10369921164342026
6184,1.0,0.10390135435617547
6185,1.0,0.10394337714863498
6186,1.0,0.10390135435617547
6187,1.0,0.1171960569550931
6188,1.0,0.10390135435617547
6189,1.0,0.11411167512690355
6190,1.0,0.10390135435617547
6191,1.0,0.10390135435617547
6192,1.0,0.10390135435617547
6193,0.3228418,0.4329296160877514
6194,1.0,0.10566646501310747
6195,1.0,0.10390135435617547
6196,1.0,0.10390135435617547
6197,1.0,0.10390135435617547
6198,0.9641119,0.4587378640776699
6199,1.0,0.10643759873617693
6200,1.0,0.11196754563894523
6201,1.0,0.10394337714863498
6202,1.0,0.10390135435617547
6203,1.0,0.10390135435617547
6204,1.0,0.10392236150424586
6205,1.0,0.14979757085020243
6206,1.0,0.10522120366679952
6207,0.9996574,0.15794641604713144
6208,1.0,0.10369921164342026
6209,1.0,0.10390135435617547
6210,1.0,0.10369921164342026
6211,1.0,0.10390135435617547
6212,1.0,0.10390135435617547
6213,1.0,0.10390135435617547
6214,1.0,0.10783006286911792
6215,1.0,0.10390135435617547
6216,0.8466036,0.3268989721734771
6217,1.0,0.10371702637889688
6218,1.0,0.10369921164342026
6219,1.0,0.30941345692824035
6220,1.0,0.10390135435617547
6221,1.0,0.10394337714863498
6222,1.0,0.10390135435617547
6223,1.0,0.10372017792155278
6224,1.0,0.111303012857417
6225,0.9997344,0.16551181102362206
6226,1.0,0.10379644588045234
6227,1.0,0.10394337714863498
6228,1.0,0.07189249720044792
6229,1.0,0.10394337714863498
6230,1.0,0.10335760517799353
6231,1.0,0.10390135435617547
6232,1.0,0.10390135435617547
6233,1.0,0.10425489009881024
6234,1.0,0.10390135435617547
6235,0.99998164,0.18393632416787264
6236,1.0,0.10416666666666667
6237,0.6349421,0.5519690797033323
6238,1.0,0.10390135435617547
6239,1.0,0.10390135435617547
6240,1.0,0.10586811857229281
6241,1.0,0.10390135435617547
6242,0.57284874,0.04794973544973545
6243,1.0,0.10371267150928168
6244,1.0,0.10394337714863498
6245,1.0,0.10369921164342026
6246,0.8452883,0.4064876957494407
6247,1.0,0.10390135435617547
6248,0.6644592,0.14432137543395604
6249,1.0,0.10394337714863498
6250,1.0,0.10464646464646464
6251,1.0,0.10390135435617547
6252,1.0,0.31092324208266237
6253,0.9497636,0.24974874371859296
6254,1.0,0.10394337714863498
6255,1.0,0.10394337714863498
6256,1.0,0.10390135435617547
6257,1.0,0.10394337714863498
6258,1.0,0.10390135435617547
6259,1.0,0.10390135435617547
6260,1.0,0.11357702349869452
6261,1.0,0.16040049039640375
6262,1.0,0.10164333536214243
6263,0.8463922,0.3196900240122244
6264,1.0,0.10390135435617547
6265,0.9999835,0.3274168533517146
6266,1.0,0.3352235904082955
6267,1.0,0.06388763026733121
6268,1.0,0.10394337714863498
6269,1.0,0.15656338871426434
6270,1.0,0.12054465358430116
6271,1.0,0.07747105966162066
6272,1.0,0.31373626373626373
6273,1.0,0.10390135435617547
6274,1.0,0.10390135435617547
6275,1.0,0.10390135435617547
6276,1.0,0.10390135435617547
6277,1.0,0.11474192350538433
6278,1.0,0.10372017792155278
6279,1.0,0.10351799433885968
6280,1.0,0.10390135435617547
6281,1.0,0.10392236150424586
6282,1.0,0.12544378698224853
6283,1.0,0.10394337714863498
6284,1.0,0.10394337714863498
6285,1.0,0.10390135435617547
6286,1.0,0.10390135435617547
6287,1.0,0.10390135435617547
6288,1.0,0.10394337714863498
6289,1.0,0.10390135435617547
6290,0.99999994,0.036112586298459905
6291,1.0,0.10390135435617547
6292,0.8308907,0.4478368756068616
6293,1.0,0.25782663141783774
6294,1.0,0.12627852084972463
6295,1.0,0.10390135435617547
6296,1.0,0.10390135435617547
6297,1.0,0.13238111827207805
6298,1.0,0.10541026152924736
6299,1.0,0.11276083467094702
6300,1.0,0.10390135435617547
6301,1.0,0.07897639532318552
6302,1.0,0.1171960569550931
6303,1.0,0.10394337714863498
6304,1.0,0.10390135435617547
6305,1.0,0.10390135435617547
6306,1.0,0.10342729669438248
6307,0.46352854,0.49176822749625826
6308,1.0,0.16337741607324516
6309,1.0,0.1346344690704598
6310,1.0,0.10390135435617547
6311,0.6469745,0.1568726781492739
6312,1.0,0.10390135435617547
6313,0.6931933,0.4376312473750525
6314,1.0,0.10394337714863498
6315,1.0,0.10442088417683537
6316,1.0,0.210989010989011
6317,1.0,0.10390135435617547
6318,1.0,0.10390135435617547
6319,1.0,0.10616784630940344
6320,1.0,0.10390135435617547
6321,1.0,0.10394337714863498
6322,1.0,0.10391444713478612
6323,1.0,0.1894822006472492
6324,1.0,0.2095679012345679
6325,0.6572179,0.5111544292830843
6326,1.0,0.10390135435617547
6327,1.0,0.10377548960226125
6328,1.0,0.18262601501455492
6329,0.39827037,0.5599504285861819
6330,1.0,0.10390135435617547
6331,1.0,0.10423387096774193
6332,1.0,0.10390135435617547
6333,1.0,0.10390135435617547
6334,1.0,0.1008727420336919
6335,1.0,0.10248635536688902
6336,1.0,0.1060515278609946
6337,1.0,0.10333670374115268
6338,1.0,0.11012877186238708
6339,0.60235566,0.2659702209414025
6340,1.0,0.13238111827207805
6341,0.81510556,0.6195345925075655
6342,1.0,0.10390135435617547
6343,1.0,0.32168186423505574
6344,0.99972916,0.16513639387890885
6345,0.5642651,0.1845216768183447
6346,1.0,0.1080048270313757
6347,1.0,0.10394337714863498
6348,1.0,0.10390135435617547
6349,0.97510177,0.4271913768558064
6350,1.0,0.10377548960226125
6351,1.0,0.10394337714863498
6352,1.0,0.12145969498910675
6353,1.0,0.10390135435617547
6354,1.0,0.07491961414790997
6355,0.77879506,0.11902063024257538
6356,1.0,0.10394337714863498
6357,0.81096023,0.31816825775656327
6358,1.0,0.10390135435617547
6359,1.0,0.10390135435617547
6360,1.0,0.10560388428080113
6361,1.0,0.10390135435617547
6362,1.0,0.10390135435617547
6363,1.0,0.10428455941794665
6364,1.0,0.10390135435617547
6365,0.9999984,0.08609271523178808
6366,1.0,0.05066344993968637
6367,1.0,0.10390135435617547
6368,1.0,0.10390135435617547
6369,1.0,0.10390135435617547
6370,1.0,0.10390135435617547
6371,1.0,0.11256892945426887
6372,1.0,0.10394337714863498
6373,1.0,0.10390135435617547
6374,1.0,0.20728507485723105
6375,1.0,0.10394337714863498
6376,1.0,0.04100337674867342
6377,1.0,0.10418774023872142
6378,1.0,0.10390135435617547
6379,1.0,0.10394337714863498
6380,1.0,0.14217081850533808
6381,0.99999976,0.1700846660395108
6382,1.0,0.10372017792155278
6383,1.0,0.1095944609297725
6384,1.0,0.10397738744195437
6385,1.0,0.10390135435617547
6386,1.0,0.10390135435617547
6387,0.9961796,0.11217075386012716
6388,1.0,0.10379644588045234
6389,1.0,0.10372017792155278
6390,1.0,0.13354090987718387
6391,1.0,0.10394337714863498
6392,1.0,0.10468876313662086
6393,1.0,0.10441924129839655
6394,0.6349228,0.23134081902245707
6395,1.0,0.10390135435617547
6396,1.0,0.10441116956697694
6397,0.9999401,0.11084854994629431
6398,1.0,0.10465116279069768
6399,1.0,0.28699324324324327
6400,0.72547716,0.10477242056189424
6401,1.0,0.10390135435617547
6402,1.0,0.05753138075313807
6403,1.0,0.10414129110840438
6404,1.0,0.10390135435617547
6405,0.9542222,0.6085639264794991
6406,0.94748074,0.267988172160771
6407,1.0,0.10905059463817779
6408,1.0,0.11858264546003625
6409,1.0,0.10394337714863498
6410,1.0,0.10394337714863498
6411,1.0,0.10409521888238854
6412,1.0,0.06168987037926068
6413,1.0,0.10364372469635627
6414,0.9393767,0.0934873949579832
6415,1.0,0.10394337714863498
6416,1.0,0.28679479231246124
6417,1.0,0.07914812460267005
6418,0.92576474,0.13385826771653545
6419,1.0,0.10390135435617547
6420,1.0,0.10390135435617547
6421,1.0,0.10390135435617547
6422,1.0,0.10390135435617547
6423,1.0,0.10392236150424586
6424,1.0,0.14626865671641792
6425,0.9989804,0.21149553571428573
6426,0.25729012,0.49674095878889823
6427,1.0,0.1469691838807992
6428,1.0,0.10390135435617547
6429,1.0,0.10390135435617547
6430,0.9994075,0.11383413248090925
6431,1.0,0.10433739756146312
6432,0.89673066,0.2244955953395851
6433,1.0,0.10390135435617547
6434,1.0,0.10396440129449838
6435,1.0,0.1099718536389224
6436,1.0,0.1045045045045045
6437,0.9983827,0.2992114695340502
6438,1.0,0.10390135435617547
6439,1.0,0.15095879232966136
6440,1.0,0.11193042162979769
6441,1.0,0.11695238095238095
6442,1.0,0.12413139608338597
6443,0.12214876,0.3247988295537674
6444,1.0,0.28077622801698
6445,0.99996036,0.16268009511819834
6446,0.9419052,0.14965014993574183
6447,0.21251309,0.629214627686666
6448,1.0,0.10413290113452188
6449,1.0,0.10390135435617547
6450,1.0,0.10390135435617547
6451,1.0,0.10198300283286119
6452,1.0,0.10390135435617547
6453,1.0,0.10551368504561681
6454,1.0,0.10390135435617547
6455,1.0,0.11817188638018937
6456,1.0,0.10390135435617547
6457,1.0,0.10679806918744972
6458,1.0,0.10379644588045234
6459,1.0,0.10440226171243942
6460,1.0,0.11448555126081354
6461,1.0,0.11631205673758865
6462,1.0,0.18622061059773073
6463,1.0,0.10390135435617547
6464,1.0,0.1288623595505618
6465,1.0,0.10390135435617547
6466,1.0,0.1708023159636063
6467,1.0,0.10390135435617547
6468,1.0,0.12491141034727143
6469,1.0,0.29878048780487804
6470,1.0,0.10376213592233009
6471,1.0,0.10380412788344799
6472,1.0,0.10394337714863498
6473,1.0,0.10857828434313137
6474,1.0,0.10390135435617547
6475,1.0,0.10379644588045234
6476,1.0,0.10390135435617547
6477,0.93588823,0.17094240837696334
6478,1.0,0.10390135435617547
6479,1.0,0.09611451942740286
6480,1.0,0.10394337714863498
6481,1.0,0.08281874318924809
6482,1.0,0.10390135435617547
6483,1.0,0.1276283618581907
6484,1.0,0.10390135435617547
6485,1.0,0.10459235282217277
6486,1.0,0.10394337714863498
6487,1.0,0.10390135435617547
6488,1.0,0.20305232558139535
6489,1.0,0.10394337714863498
6490,1.0,0.10390135435617547
6491,1.0,0.10390135435617547
6492,0.99463755,0.15091133765832562
6493,1.0,0.10394337714863498
6494,1.0,0.10390135435617547
6495,0.99999994,0.14704692556634305
6496,0.9199751,0.2815338042381433
6497,1.0,0.10362274843149161
6498,1.0,0.10409521888238854
6499,1.0,0.10390135435617547
6500,1.0,0.10394337714863498
6501,0.99997,0.17012845039628313
6502,1.0,0.10220738267482841
6503,1.0,0.10394337714863498
6504,1.0,0.14536741214057508
6505,1.0,0.10390135435617547
6506,1.0,0.10394337714863498
6507,1.0,0.09721940328800487
6508,1.0,0.10390135435617547
6509,1.0,0.10390135435617547
6510,1.0,0.10390135435617547
6511,1.0,0.10390135435617547
6512,1.0,0.12324985210017748
6513,1.0,0.10393541876892028
6514,1.0,0.10390135435617547
6515,1.0,0.10394337714863498
6516,1.0,0.10390135435617547
6517,1.0,0.11472024033045437
6518,1.0,0.1443548387096774
6519,1.0,0.16476964769647698
6520,1.0,0.10390135435617547
6521,1.0,0.10390135435617547
6522,0.9994527,0.15076634344698153
6523,0.99999994,0.10437235543018336
6524,1.0,0.10390135435617547
6525,1.0,0.10390135435617547
6526,1.0,0.27327858496525587
6527,0.9999997,0.17223604692499112
6528,1.0,0.04924491135915955
6529,1.0,0.10390135435617547
6530,1.0,0.10390135435617547
6531,1.0,0.10394337714863498
6532,0.9999967,0.17791086841641712
6533,1.0,0.12155363252163413
6534,1.0,0.10390135435617547
6535,0.81346315,0.40158504849775256
6536,1.0,0.10390135435617547
6537,1.0,0.10394337714863498
6538,1.0,0.10390135435617547
6539,0.99999994,0.10390135435617547
6540,1.0,0.10419622947496453
6541,1.0,0.1043601130399677
6542,1.0,0.10390135435617547
6543,0.9999969,0.14233877618340757
6544,1.0,0.15264445699228307
6545,1.0,0.10390135435617547
6546,1.0,0.18120805369127516
6547,1.0,0.3128771344203364
6548,1.0,0.10646005232441134
6549,1.0,0.10390135435617547
6550,1.0,0.10390135435617547
6551,1.0,0.10372017792155278
6552,1.0,0.10344827586206896
6553,0.8235588,0.1793627900878458
6554,1.0,0.10434782608695652
6555,1.0,0.1062611100138258
6556,1.0,0.10390135435617547
6557,1.0,0.2595792637114951
6558,1.0,0.10383838383838384
6559,0.8790909,0.15618118905316136
6560,1.0,0.10394337714863498
6561,1.0,0.10394337714863498
6562,1.0,0.10390135435617547
6563,1.0,0.12452145879508363
6564,1.0,0.10390135435617547
6565,1.0,0.10390135435617547
6566,1.0,0.10394337714863498
6567,1.0,0.11262441068622316
6568,1.0,0.10218093699515347
6569,1.0,0.10390135435617547
6570,0.95609385,0.5621559871222349
6571,1.0,0.1791179117911791
6572,1.0,0.10390135435617547
6573,1.0,0.22666666666666666
6574,1.0,0.10478680611423974
6575,1.0,0.10394337714863498
6576,1.0,0.10390135435617547
6577,1.0,0.05219262846381491
6578,1.0,0.1125098347757671
6579,1.0,0.10394337714863498
6580,1.0,0.10390135435617547
6581,1.0,0.10745967741935483
6582,1.0,0.10390135435617547
6583,1.0,0.10390135435617547
6584,1.0,0.10394337714863498
6585,1.0,0.10952288970446204
6586,1.0,0.10394337714863498
6587,1.0,0.10390135435617547
6588,1.0,0.07796693807056501
6589,1.0,0.10390135435617547
6590,1.0,0.10390135435617547
6591,1.0,0.10390135435617547
6592,1.0,0.10394337714863498
6593,1.0,0.10390135435617547
6594,1.0,0.021413828689370484
6595,1.0,0.11202290076335877
6596,0.9428214,0.42029144297140353
6597,1.0,0.10390135435617547
6598,1.0,0.10383838383838384
6599,0.64288735,0.49152366094643785
6600,1.0,0.10394337714863498
6601,1.0,0.10388035569927244
6602,1.0,0.10390135435617547
6603,1.0,0.10394337714863498
6604,1.0,0.024623115577889446
6605,1.0,0.10390135435617547
6606,1.0,0.10390135435617547
6607,1.0,0.10394337714863498
6608,1.0,0.10394337714863498
6609,1.0,0.10390135435617547
6610,1.0,0.10176721511273613
6611,1.0,0.10608455156064797
6612,1.0,0.10827899624580123
6613,0.9998437,0.24787193495108625
6614,1.0,0.10390135435617547
6615,1.0,0.10390135435617547
6616,1.0,0.2586412395709178
6617,1.0,0.10505292590373477
6618,0.8682183,0.09067164179104478
6619,1.0,0.10390135435617547
6620,0.99904186,0.1593847829045869
6621,1.0,0.3026332210158492
6622,1.0,0.10390135435617547
6623,1.0,0.10394337714863498
6624,0.99999976,0.15305164319248826
6625,1.0,0.10370670447640268
6626,1.0,0.10417086439653435
6627,1.0,0.12492282362626055
6628,1.0,0.10390135435617547
6629,0.3079293,0.28190596137699414
6630,1.0,0.1090104585679807
6631,1.0,0.10390135435617547
6632,1.0,0.19416187527642637
6633,0.9999983,0.20528251420929455
6634,1.0,0.031026252983293555
6635,1.0,0.10369921164342026
6636,1.0,0.10466300142537162
6637,1.0,0.10390135435617547
6638,1.0,0.10401939002221773
6639,1.0,0.05767397521448999
6640,0.7741479,0.18384061981184283
6641,1.0,0.10390135435617547
6642,0.8562697,0.4175385611045195
6643,1.0,0.10390135435617547
6644,1.0,0.106353591160221
6645,1.0,0.09433085501858736
6646,1.0,0.17352185089974292
6647,1.0,0.10390135435617547
6648,1.0,0.10278285598212472
6649,1.0,0.10390135435617547
6650,1.0,0.12888071895424835
6651,0.9999495,0.1533853441069936
6652,1.0,0.10390135435617547
6653,1.0,0.11068855084067254
6654,1.0,0.10390135435617547
6655,1.0,0.10398543394699575
6656,1.0,0.11909989023051591
6657,1.0,0.10390135435617547
6658,1.0,0.10390135435617547
6659,0.68007374,0.27917690417690416
6660,0.99999875,0.14203703703703704
6661,1.0,0.10390135435617547
6662,0.9999907,0.20665866826634674
6663,1.0,0.10390135435617547
6664,1.0,0.10394337714863498
6665,1.0,0.10390135435617547
6666,1.0,0.10390135435617547
6667,1.0,0.10394337714863498
6668,1.0,0.10421286031042129
6669,1.0,0.13749841591686732
6670,1.0,0.10390135435617547
6671,0.99972856,0.20810614322064705
6672,1.0,0.1040450794928557
6673,1.0,0.2686749938770512
6674,1.0,0.10394337714863498
6675,1.0,0.10369921164342026
6676,1.0,0.10390135435617547
6677,1.0,0.2459358687546607
6678,1.0,0.10390135435617547
6679,1.0,0.17317708333333334
6680,0.890634,0.270960929250264
6681,1.0,0.10420438543552606
6682,1.0,0.1051898985881885
6683,1.0,0.10390135435617547
6684,0.6848222,0.20136705399863294
6685,0.71784115,0.1842487648939262
6686,1.0,0.10390135435617547
6687,1.0,0.10204494837011541
6688,1.0,0.1060965954077593
6689,1.0,0.10391444713478612
6690,1.0,0.10398543394699575
6691,1.0,0.10574201374848362
6692,1.0,0.10390135435617547
6693,0.51460356,0.23715965346534654
6694,1.0,0.10390135435617547
6695,0.9999981,0.13517598790757937
6696,1.0,0.10379644588045234
6697,1.0,0.07392911502500543
6698,1.0,0.1035808213635444
6699,0.9955717,0.2703204255845602
6700,1.0,0.10390135435617547
6701,1.0,0.20859128237523689
6702,1.0,0.10390135435617547
6703,0.33512825,0.33352795212377756
6704,1.0,0.11153552330022919
6705,1.0,0.10373360242179616
6706,0.99997807,0.18810359964881476
6707,1.0,0.09955984070425487
6708,1.0,0.10578279266572638
6709,1.0,0.10390135435617547
6710,1.0,0.10401128804676477
6711,1.0,0.10390135435617547
6712,1.0,0.10390135435617547
6713,1.0,0.08283518360375747
6714,1.0,0.1051898985881885
6715,1.0,0.15843891073248872
6716,0.66899747,0.08921676778819636
6717,1.0,0.10381741062411634
6718,1.0,0.27265917602996254
6719,1.0,0.10390135435617547
6720,1.0,0.10390135435617547
6721,1.0,0.10390135435617547
6722,1.0,0.12981274984220492
6723,1.0,0.10390135435617547
6724,1.0,0.10390135435617547
6725,1.0,0.15315315315315314
6726,0.8636248,0.1948124859645183
6727,1.0,0.11305114638447972
6728,1.0,0.10390135435617547
6729,1.0,0.10351799433885968
6730,1.0,0.11141094834232845
6731,1.0,0.10390135435617547
6732,1.0,0.11106631727474299
6733,0.9207826,0.3216578443518414
6734,1.0,0.10394337714863498
6735,0.90509766,0.1381046848771555
6736,1.0,0.10390135435617547
6737,0.57940733,0.5770357965250157
6738,1.0,0.09635927621539132
6739,1.0,0.10382513661202186
6740,1.0,0.10390135435617547
6741,1.0,0.10390135435617547
6742,1.0,0.10390135435617547
6743,1.0,0.09743020891107414
6744,1.0,0.10367825383993533
6745,1.0,0.09766584766584767
6746,1.0,0.10390135435617547
6747,1.0,0.10394337714863498
6748,1.0,0.11439842209072978
6749,1.0,0.11056910569105691
6750,1.0,0.19402652401649392
6751,1.0,0.10390135435617547
6752,1.0,0.10394337714863498
6753,1.0,0.25513862332695986
6754,0.9999884,0.1692537313432836
6755,1.0,0.14854020829776335
6756,1.0,0.20018136476989346
6757,1.0,0.10414987912973409
6758,1.0,0.10609076433121019
6759,1.0,0.10390135435617547
6760,1.0,0.31762406341622323
6761,1.0,0.10374115267947422
6762,1.0,0.1279414328046017
6763,1.0,0.10430563978168587
6764,1.0,0.11134574774428874
6765,1.0,0.10394337714863498
6766,1.0,0.10390135435617547
6767,1.0,0.1054962754177572
6768,1.0,0.1063786838918046
6769,0.99999994,0.10390135435617547
6770,1.0,0.11190903650508677
6771,1.0,0.10394337714863498
6772,1.0,0.16536661466458658
6773,1.0,0.10390135435617547
6774,1.0,0.14280023899621588
6775,1.0,0.16221308667351833
6776,1.0,0.10390135435617547
6777,1.0,0.10390135435617547
6778,1.0,0.10390135435617547
6779,1.0,0.10458308096103372
6780,1.0,0.10394337714863498
6781,1.0,0.10390135435617547
6782,1.0,0.06313497822931785
6783,1.0,0.3268463073852295
6784,1.0,0.2573467674223342
6785,1.0,0.10369921164342026
6786,0.92365396,0.4356087989259527
6787,0.99999994,0.10390135435617547
6788,1.0,0.10390135435617547
6789,1.0,0.10390135435617547
6790,1.0,0.15095879232966136
6791,1.0,0.31781494911685576
6792,1.0,0.10509296685529507
6793,1.0,0.10390135435617547
6794,1.0,0.16053201360965047
6795,1.0,0.10390135435617547
6796,1.0,0.10390135435617547
6797,1.0,0.17316544814513946
6798,1.0,0.10390135435617547
6799,1.0,0.10390135435617547
6800,1.0,0.10417086439653435
6801,1.0,0.10390135435617547
6802,1.0,0.10388035569927244
6803,0.8154272,0.542230564062037
6804,1.0,0.10525264629518674
6805,1.0,0.10394337714863498
6806,0.7344061,0.7483838886126305
6807,1.0,0.10597340742210756
6808,1.0,0.10394337714863498
6809,1.0,0.11003420752565564
6810,1.0,0.12828560219693996
6811,1.0,0.10390135435617547
6812,1.0,0.10390135435617547
6813,1.0,0.10394337714863498
6814,1.0,0.10390135435617547
6815,1.0,0.10956289368200038
6816,1.0,0.10394337714863498
6817,1.0,0.10394337714863498
6818,1.0,0.10390135435617547
6819,1.0,0.10390135435617547
6820,1.0,0.10388035569927244
6821,1.0,0.13129717395120238
6822,1.0,0.10390135435617547
6823,1.0,0.10394337714863498
6824,1.0,0.10394337714863498
6825,1.0,0.10390135435617547
6826,1.0,0.10390135435617547
6827,0.9948969,0.1501189703655635
6828,1.0,0.10390135435617547
6829,1.0,0.10394337714863498
6830,1.0,0.10390135435617547
6831,1.0,0.10394337714863498
6832,1.0,0.10390135435617547
6833,1.0,0.10351799433885968
6834,1.0,0.10609076433121019
6835,1.0,0.10618577473302437
6836,1.0,0.10401128804676477
6837,1.0,0.10390135435617547
6838,1.0,0.10390135435617547
6839,1.0,0.10390135435617547
6840,1.0,0.3379208979155532
6841,1.0,0.10388035569927244
6842,1.0,0.1310385292391942
6843,1.0,0.06309623430962343
6844,1.0,0.10390135435617547
6845,1.0,0.10603918400323167
6846,1.0,0.10390135435617547
6847,1.0,0.10390135435617547
6848,0.9796473,0.07104267963263101
6849,1.0,0.3377640968238422
6850,1.0,0.10394337714863498
6851,1.0,0.10390135435617547
6852,1.0,0.10390135435617547
6853,1.0,0.10390135435617547
6854,1.0,0.10394337714863498
6855,1.0,0.10390135435617547
6856,1.0,0.11147976111479761
6857,1.0,0.10390135435617547
6858,1.0,0.10919072793818625
6859,0.8614967,0.3196170067251795
6860,1.0,0.10390135435617547
6861,1.0,0.10390135435617547
6862,1.0,0.1616897305171158
6863,0.9669366,0.48273990447242726
6864,1.0,0.10353892821031345
6865,1.0,0.10394337714863498
6866,1.0,0.10390135435617547
6867,1.0,0.0412621359223301
6868,1.0,0.10379644588045234
6869,1.0,0.11214012482383733
6870,1.0,0.10390135435617547
6871,1.0,0.10372017792155278
6872,1.0,0.18748738647830474
6873,1.0,0.10390135435617547
6874,1.0,0.10616094722054988
6875,1.0,0.10390135435617547
6876,0.89554536,0.5022246337493218
6877,1.0,0.10390135435617547
6878,1.0,0.10390135435617547
6879,1.0,0.10390135435617547
6880,1.0,0.10344827586206896
6881,1.0,0.1054516514126542
6882,1.0,0.10390135435617547
6883,0.7906105,0.18074268813670719
6884,1.0,0.2391953481062392
6885,1.0,0.10390135435617547
6886,1.0,0.10486291775065039
6887,1.0,0.10369921164342026
6888,0.99939626,0.14759657918018285
6889,1.0,0.1771615899467286
6890,1.0,0.29846988185163664
6891,1.0,0.2341142244679222
6892,1.0,0.10374115267947422
6893,1.0,0.10381741062411634
6894,1.0,0.10394337714863498
6895,1.0,0.10390135435617547
6896,1.0,0.10394337714863498
6897,1.0,0.10390135435617547
6898,1.0,0.10390135435617547
6899,1.0,0.20091189880864832
6900,1.0,0.10390135435617547
6901,1.0,0.11084240225715437
6902,1.0,0.20267839296422147
6903,0.9634311,0.3261287223823247
6904,1.0,0.10390135435617547
6905,0.8685423,0.26312444387949663
6906,1.0,0.10390135435617547
6907,1.0,0.31925133689839574
6908,1.0,0.10390135435617547
6909,1.0,0.10377548960226125
6910,1.0,0.10390135435617547
6911,1.0,0.1062611100138258
6912,1.0,0.10394337714863498
6913,1.0,0.1036573045059608
6914,1.0,0.10394337714863498
6915,1.0,0.17296713470143496
6916,1.0,0.10390135435617547
6917,0.96425253,0.18711018711018712
6918,1.0,0.10537848605577689
6919,1.0,0.3118715293411376
6920,1.0,0.10390135435617547
6921,1.0,0.10394337714863498
6922,1.0,0.10390135435617547
6923,0.99999565,0.20341664030370135
6924,1.0,0.10394337714863498
6925,1.0,0.10390135435617547
6926,1.0,0.2
6927,1.0,0.10390135435617547
6928,0.99923754,0.1655376799322608
6929,1.0,0.10390135435617547
6930,1.0,0.10390135435617547
6931,1.0,0.10408245755860954
6932,1.0,0.10390135435617547
6933,1.0,0.10390135435617547
6934,1.0,0.10390135435617547
6935,0.9623319,0.3020460358056266
6936,1.0,0.10333670374115268
6937,1.0,0.10392236150424586
6938,0.9999963,0.17605284888521883
6939,1.0,0.10394337714863498
6940,1.0,0.10390135435617547
6941,1.0,0.10390135435617547
6942,0.48898944,0.34614899785705283
6943,1.0,0.10390135435617547
6944,1.0,0.174314752078842
6945,1.0,0.10390135435617547
6946,1.0,0.10610551274451689
6947,1.0,0.10394337714863498
6948,1.0,0.10578279266572638
6949,1.0,0.12491141034727143
6950,1.0,0.10390135435617547
6951,1.0,0.10394337714863498
6952,1.0,0.10390135435617547
6953,1.0,0.10575396825396825
6954,1.0,0.17003188097768332
6955,1.0,0.2922709435249957
6956,0.9248806,0.2766523170422892
6957,1.0,0.10430563978168587
6958,1.0,0.10390135435617547
6959,1.0,0.10390135435617547
6960,1.0,0.10390135435617547
6961,1.0,0.10244897959183673
6962,1.0,0.10375454178441663
6963,0.99999994,0.10390135435617547
6964,1.0,0.10390135435617547
6965,1.0,0.10486291775065039
6966,1.0,0.10390135435617547
6967,0.61010844,0.4805893358278765
6968,1.0,0.10775162337662338
6969,1.0,0.10390135435617547
6970,1.0,0.10390135435617547
6971,1.0,0.1035808213635444
6972,1.0,0.10535894843276036
6973,1.0,0.10390135435617547
6974,0.9970373,0.23637568328640052
6975,1.0,0.10390135435617547
6976,0.99999994,0.10394337714863498
6977,1.0,0.10390135435617547
6978,1.0,0.10430930326218284
6979,1.0,0.08642691415313225
6980,1.0,0.0967280163599182
6981,1.0,0.12837837837837837
6982,1.0,0.06186046511627907
6983,1.0,0.1621475054229935
6984,0.99999905,0.18667568481569158
6985,1.0,0.10390135435617547
6986,1.0,0.10390135435617547
6987,0.9640544,0.33773027063907207
6988,1.0,0.10390135435617547
6989,1.0,0.21071863580998781
6990,0.86313665,0.4668194717310631
6991,1.0,0.10528438886647842
6992,1.0,0.10390135435617547
6993,1.0,0.10401939002221773
6994,1.0,0.14321559544489482
6995,1.0,0.10394337714863498
6996,1.0,0.10369921164342026
6997,1.0,0.10390135435617547
6998,1.0,0.10390135435617547
6999,1.0,0.10394337714863498
7000,1.0,0.10394337714863498
7001,1.0,0.10394337714863498
7002,1.0,0.10390135435617547
7003,0.92365885,0.1332212649716327
7004,1.0,0.10283400809716599
7005,1.0,0.10390135435617547
7006,1.0,0.10390135435617547
7007,1.0,0.10394337714863498
7008,1.0,0.10390135435617547
7009,1.0,0.10390135435617547
7010,1.0,0.10383838383838384
7011,1.0,0.10394337714863498
7012,1.0,0.10737985119646089
7013,1.0,0.1054516514126542
7014,1.0,0.10390135435617547
7015,1.0,0.1067042480370445
7016,1.0,0.10394337714863498
7017,1.0,0.1127382146439318
7018,1.0,0.2904364569961489
7019,0.91997916,0.9104477611940298
7020,1.0,0.10552365868144922
7021,1.0,0.10390135435617547
7022,1.0,0.1094316807738815
7023,1.0,0.1474588403722262
7024,1.0,0.10390135435617547
7025,1.0,0.10390135435617547
7026,1.0,0.26314117833889156
7027,1.0,0.1100497512437811
7028,1.0,0.12405541561712846
7029,1.0,0.10390135435617547
7030,1.0,0.10369921164342026
7031,1.0,0.10390135435617547
7032,1.0,0.1054860830980234
7033,1.0,0.10615539858728557
7034,1.0,0.11155003762227239
7035,1.0,0.10390135435617547
7036,0.7511308,0.4238168951791243
7037,1.0,0.10375454178441663
7038,1.0,0.10369921164342026
7039,1.0,0.1041372351160444
7040,1.0,0.10394337714863498
7041,0.932536,0.18610747051114024
7042,1.0,0.10869979059584998
7043,1.0,0.1048078857372762
7044,1.0,0.10390135435617547
7045,1.0,0.10390135435617547
7046,1.0,0.11115577889447237
7047,1.0,0.10390135435617547
7048,1.0,0.10394337714863498
7049,1.0,0.10390135435617547
7050,1.0,0.1328232293505984
7051,1.0,0.10394337714863498
7052,1.0,0.10390135435617547
7053,1.0,0.10390135435617547
7054,1.0,0.10394337714863498
7055,1.0,0.10390135435617547
7056,1.0,0.09983799108950993
7057,1.0,0.10398543394699575
7058,1.0,0.31729419272495213
7059,1.0,0.10394337714863498
7060,1.0,0.10390135435617547
7061,1.0,0.10388035569927244
7062,1.0,0.19965156794425087
7063,1.0,0.10390135435617547
7064,1.0,0.10390135435617547
7065,1.0,0.10390135435617547
7066,1.0,0.10394337714863498
7067,1.0,0.10394337714863498
7068,1.0,0.10390135435617547
7069,0.9983112,0.1591842946279105
7070,1.0,0.10390135435617547
7071,1.0,0.10394337714863498
7072,1.0,0.10140787594368496
7073,1.0,0.10377548960226125
7074,1.0,0.10390135435617547
7075,1.0,0.10390135435617547
7076,1.0,0.10394337714863498
7077,1.0,0.10468374699759808
7078,1.0,0.24400760938490806
7079,0.9298949,0.18061674008810572
7080,1.0,0.10390135435617547
7081,1.0,0.10394337714863498
7082,1.0,0.10390135435617547
7083,1.0,0.06438068579426172
7084,1.0,0.33133057954687695
7085,1.0,0.09746628524724152
7086,1.0,0.10390135435617547
7087,1.0,0.10390135435617547
7088,1.0,0.10394337714863498
7089,1.0,0.10390135435617547
7090,1.0,0.06592364239981029
7091,1.0,0.10369921164342026
7092,1.0,0.10460420032310178
7093,1.0,0.10409521888238854
7094,1.0,0.10394337714863498
7095,1.0,0.10390135435617547
7096,0.87302405,0.5413749204328453
7097,1.0,0.10390135435617547
7098,1.0,0.25
7099,1.0,0.10857828434313137
7100,1.0,0.2947095098993833
7101,1.0,0.12395118230358505
7102,1.0,0.10394337714863498
7103,1.0,0.10390135435617547
7104,1.0,0.10390135435617547
7105,1.0,0.2341653247450349
7106,1.0,0.10390135435617547
7107,1.0,0.10381741062411634
7108,0.9040848,0.47097457627118644
7109,1.0,0.10390135435617547
7110,1.0,0.10186310247063589
7111,1.0,0.2312218327491237
7112,1.0,0.10374115267947422
7113,1.0,0.10390135435617547
7114,1.0,0.1628098041900589
7115,1.0,0.10390135435617547
7116,0.92767566,0.17167435481860116
7117,1.0,0.10390135435617547
7118,1.0,0.1547785547785548
7119,1.0,0.11168562564632885
7120,1.0,0.32499568742452994
7121,1.0,0.10374115267947422
7122,1.0,0.10390135435617547
7123,1.0,0.10390135435617547
7124,1.0,0.10395639886960033
7125,1.0,0.10390135435617547
7126,1.0,0.10376213592233009
7127,1.0,0.10390135435617547
7128,0.9047264,0.1553963821779774
7129,0.91462046,0.4647366129734436
7130,1.0,0.1064437194127243
7131,1.0,0.10390135435617547
7132,1.0,0.34376786735277304
7133,1.0,0.10390135435617547
7134,1.0,0.10390135435617547
7135,1.0,0.10390135435617547
7136,1.0,0.1835175879396985
7137,1.0,0.10390135435617547
7138,1.0,0.10390135435617547
7139,1.0,0.10390135435617547
7140,1.0,0.10390135435617547
7141,1.0,0.10394337714863498
7142,0.99999946,0.046165489404641775
7143,1.0,0.10478680611423974
7144,1.0,0.12071299638989169
7145,1.0,0.10390135435617547
7146,1.0,0.10388035569927244
7147,1.0,0.20171986590875965
7148,1.0,0.10394337714863498
7149,1.0,0.10390135435617547
7150,1.0,0.10390135435617547
7151,0.9378561,0.458546365914787
7152,1.0,0.10757052973411813
7153,1.0,0.10394337714863498
7154,1.0,0.10390135435617547
7155,1.0,0.10383838383838384
7156,1.0,0.10390135435617547
7157,1.0,0.2325390304026294
7158,0.9999996,0.182991513437058
7159,1.0,0.14211109352745688
7160,1.0,0.10748792270531402
7161,1.0,0.12341130963345
7162,1.0,0.3061535530577253
7163,0.99999994,0.10390135435617547
7164,1.0,0.11348949919224556
7165,1.0,0.10375454178441663
7166,1.0,0.10390135435617547
7167,0.99456793,0.15260597637248088
7168,1.0,0.10390135435617547
7169,1.0,0.10390135435617547
7170,1.0,0.10267857142857142
7171,1.0,0.10496568429551877
7172,0.91040176,0.23710978603998598
7173,0.97931427,0.371969402307792
7174,1.0,0.10753729897306724
7175,1.0,0.10654582074521651
7176,1.0,0.1953150775321676
7177,1.0,0.10390135435617547
7178,1.0,0.11019172552976791
7179,1.0,0.10390135435617547
7180,1.0,0.28948639510545804
7181,1.0,0.11723134483475368
7182,1.0,0.2885943417242147
7183,1.0,0.10524193548387097
7184,1.0,0.10390135435617547
7185,1.0,0.10649819494584838
7186,1.0,0.10390135435617547
7187,1.0,0.10982306284319707
7188,0.7928292,0.18023166023166023
7189,0.99984425,0.14968344889960808
7190,1.0,0.11706917724109701
7191,1.0,0.10390135435617547
7192,1.0,0.10394337714863498
7193,1.0,0.10390135435617547
7194,1.0,0.10390135435617547
7195,0.905296,0.22357142857142856
7196,1.0,0.10390135435617547
7197,1.0,0.10390135435617547
7198,1.0,0.10394337714863498
7199,1.0,0.10390135435617547
7200,1.0,0.24142831764078876
7201,1.0,0.10617333601447818
7202,0.86641324,0.3775602215638284
7203,1.0,0.10394337714863498
7204,1.0,0.3403072899640405
7205,1.0,0.10461600483773432
7206,1.0,0.10394337714863498
7207,1.0,0.10390135435617547
7208,1.0,0.04735792622133599
7209,0.43437493,0.4630228546787408
7210,1.0,0.10394337714863498
7211,1.0,0.10609076433121019
7212,1.0,0.18035303146584805
7213,1.0,0.10390135435617547
7214,1.0,0.14134818513539466
7215,1.0,0.10390135435617547
7216,1.0,0.10390135435617547
7217,1.0,0.10390135435617547
7218,1.0,0.10390135435617547
7219,1.0,0.10374115267947422
7220,1.0,0.10390135435617547
7221,1.0,0.12574430823117339
7222,1.0,0.10941631075859264
7223,1.0,0.10390135435617547
7224,1.0,0.10390135435617547
7225,1.0,0.10390135435617547
7226,1.0,0.10390135435617547
7227,1.0,0.1034412955465587
7228,1.0,0.18990722518976666
7229,1.0,0.10406964972666531
7230,1.0,0.10394337714863498
7231,1.0,0.10390135435617547
7232,1.0,0.1060126582278481
7233,1.0,0.15268589573961366
7234,1.0,0.10379644588045234
7235,1.0,0.1085241485472388
7236,1.0,0.10390135435617547
7237,1.0,0.09726383063710804
7238,1.0,0.10390135435617547
7239,1.0,0.10605755685248541
7240,1.0,0.10394337714863498
7241,1.0,0.10394337714863498
7242,1.0,0.17238912732474965
7243,1.0,0.10394337714863498
7244,1.0,0.10587295245705154
7245,1.0,0.10394337714863498
7246,1.0,0.11064318529862174
7247,1.0,0.10390135435617547
7248,1.0,0.10394337714863498
7249,1.0,0.10394337714863498
7250,1.0,0.24787517442597995
7251,0.71205825,0.060654612039368276
7252,1.0,0.10390135435617547
7253,1.0,0.1064297124600639
7254,0.9999719,0.16097037930572308
7255,1.0,0.10390135435617547
7256,1.0,0.21079901827106626
7257,1.0,0.14430222956234517
7258,1.0,0.10390135435617547
7259,1.0,0.10394337714863498
7260,1.0,0.17175862593099256
7261,1.0,0.10394337714863498
7262,1.0,0.10390135435617547
7263,1.0,0.10573042776432606
7264,1.0,0.10406142655081835
7265,1.0,0.10610551274451689
7266,0.7300909,0.18342151675485008
7267,0.73888665,0.5669554326270744
7268,1.0,0.23392226148409895
7269,0.84631467,0.14074266424305376
7270,1.0,0.11003420752565564
7271,1.0,0.10390135435617547
7272,1.0,0.10394337714863498
7273,1.0,0.09828009828009827
7274,1.0,0.10390135435617547
7275,1.0,0.10372017792155278
7276,0.99999994,0.1580868228966577
7277,1.0,0.25317564607971965
7278,1.0,0.10390135435617547
7279,1.0,0.10373360242179616
7280,1.0,0.1835334476843911
7281,1.0,0.10390135435617547
7282,1.0,0.10577495534828339
7283,0.57125735,0.5520174255782595
7284,1.0,0.10390135435617547
7285,0.9999812,0.17712914834066373
7286,1.0,0.10642491131257391
7287,0.37588578,0.1777896422851041
7288,0.9468323,0.10435486045570985
7289,1.0,0.10394337714863498
7290,1.0,0.10390135435617547
7291,1.0,0.10390135435617547
7292,0.936694,0.14145141451414514
7293,1.0,0.11306930693069307
7294,0.8314929,0.1371638141809291
7295,1.0,0.12105451936872309
7296,1.0,0.10390135435617547
7297,0.99999684,0.27675421403371225
7298,1.0,0.10390135435617547
7299,1.0,0.10390135435617547
7300,1.0,0.10390135435617547
7301,1.0,0.18123181990641204
7302,1.0,0.10390135435617547
7303,1.0,0.018147851614625034
7304,1.0,0.10390135435617547
7305,1.0,0.10394337714863498
7306,1.0,0.10390135435617547
7307,1.0,0.0743992606284658
7308,0.8966026,0.3936750272628135
7309,1.0,0.10390135435617547
7310,1.0,0.1039983844911147
7311,0.60130197,0.4058100558659218
7312,0.99048513,0.1365938864628821
7313,1.0,0.10042604990870359
7314,0.98909104,0.14057857701329163
7315,0.99734765,0.15242364808069486
7316,0.99918145,0.22255100451643045
7317,1.0,0.10390135435617547
7318,1.0,0.10394337714863498
7319,1.0,0.10390135435617547
7320,1.0,0.13422417231751096
7321,1.0,0.1750997605746209
7322,1.0,0.11815943950009468
7323,1.0,0.10390135435617547
7324,0.92511714,0.7472118959107806
7325,1.0,0.10390135435617547
7326,1.0,0.10394337714863498
7327,1.0,0.10436698717948718
7328,1.0,0.10390135435617547
7329,1.0,0.10394337714863498
7330,1.0,0.106353591160221
7331,1.0,0.10390135435617547
7332,1.0,0.10390135435617547
7333,1.0,0.10390135435617547
7334,1.0,0.16234439834024897
7335,1.0,0.10409521888238854
7336,1.0,0.10390135435617547
7337,1.0,0.10390135435617547
7338,1.0,0.10918264379414733
7339,1.0,0.10390135435617547
7340,1.0,0.10524201646917052
7341,1.0,0.10390135435617547
7342,1.0,0.2635843660629171
7343,0.8692943,0.30011831208097806
7344,0.25182435,0.033358414848256836
7345,1.0,0.10390135435617547
7346,0.9964561,0.17152858809801633
7347,1.0,0.20539152759948653
7348,0.9334501,0.3185415488976823
7349,0.3426632,0.22620360161705255
7350,1.0,0.10394337714863498
7351,1.0,0.10390135435617547
7352,1.0,0.10417511147142278
7353,1.0,0.10982435823200154
7354,1.0,0.10379644588045234
7355,1.0,0.10582760016187778
7356,1.0,0.1044144325740778
7357,1.0,0.10390135435617547
7358,1.0,0.10390135435617547
7359,1.0,0.10390135435617547
7360,1.0,0.10390135435617547
7361,0.9283835,0.11633761759639592
7362,1.0,0.1063658340048348
7363,1.0,0.1256544502617801
7364,1.0,0.10394337714863498
7365,1.0,0.10390135435617547
7366,1.0,0.10390135435617547
7367,1.0,0.2509325681492109
7368,1.0,0.10390135435617547
7369,1.0,0.10692682926829268
7370,1.0,0.10394337714863498
7371,0.99999887,0.18348329048843187
7372,1.0,0.10390135435617547
7373,1.0,0.1034412955465587
7374,1.0,0.10394337714863498
7375,0.24778318,0.02995319812792512
7376,1.0,0.10388035569927244
7377,1.0,0.10640822784810126
7378,1.0,0.10394337714863498
7379,1.0,0.10394337714863498
7380,1.0,0.18535578144853876
7381,1.0,0.10059051109753614
7382,1.0,0.10394337714863498
7383,1.0,0.10390135435617547
7384,1.0,0.1410731707317073
7385,1.0,0.105168986083499
7386,1.0,0.1035808213635444
7387,1.0,0.09617640159512081
7388,1.0,0.10390135435617547
7389,1.0,0.1061463809138698
7390,1.0,0.10396440129449838
7391,1.0,0.10438789821679022
7392,1.0,0.10390135435617547
7393,1.0,0.10390135435617547
7394,1.0,0.10394337714863498
7395,1.0,0.10698689956331878
7396,1.0,0.10421286031042129
7397,1.0,0.10390135435617547
7398,0.9364466,0.08251231527093596
7399,1.0,0.10379644588045234
7400,1.0,0.10390135435617547
7401,1.0,0.3376780435366837
7402,1.0,0.19486343253159397
7403,1.0,0.13965903220251422
7404,1.0,0.10390135435617547
7405,1.0,0.28958106637649617
7406,1.0,0.10390135435617547
7407,1.0,0.10390135435617547
7408,1.0,0.1054945054945055
7409,1.0,0.10679806918744972
7410,1.0,0.10494692569597436
7411,1.0,0.1076328502415459
7412,1.0,0.1437968207564407
7413,1.0,0.11276083467094702
7414,1.0,0.10345524348353202
7415,1.0,0.10390135435617547
7416,1.0,0.10390135435617547
7417,1.0,0.10390135435617547
7418,1.0,0.10390135435617547
7419,1.0,0.10390135435617547
7420,1.0,0.18996776792908945
7421,0.9999971,0.19704280155642023
7422,1.0,0.10390135435617547
7423,1.0,0.10394337714863498
7424,1.0,0.10390135435617547
7425,1.0,0.10390135435617547
7426,1.0,0.10394337714863498
7427,1.0,0.10347615198059822
7428,0.74644554,0.12558242733525626
7429,0.9999998,0.15744274809160305
7430,1.0,0.10218671152228764
7431,1.0,0.10390135435617547
7432,1.0,0.4440493388154239
7433,1.0,0.10390135435617547
7434,1.0,0.11426831743454435
7435,1.0,0.1388727484020918
7436,1.0,0.10390135435617547
7437,1.0,0.10390135435617547
7438,1.0,0.10390135435617547
7439,1.0,0.10390135435617547
7440,1.0,0.10402752479255212
7441,0.9995479,0.18958940991698453
7442,1.0,0.2913130689708378
7443,1.0,0.10390135435617547
7444,1.0,0.12162714636140638
7445,1.0,0.10390135435617547
7446,1.0,0.1036573045059608
7447,1.0,0.10390135435617547
7448,1.0,0.10390135435617547
7449,0.597056,0.24167872648335745
7450,1.0,0.14302115794653109
7451,1.0,0.10369921164342026
7452,1.0,0.10390135435617547
7453,1.0,0.09895939604162415
7454,1.0,0.11597281223449447
7455,1.0,0.10394337714863498
7456,1.0,0.10394337714863498
7457,1.0,0.3343190120020873
7458,1.0,0.10390135435617547
7459,1.0,0.16025283509946087
7460,0.99996376,0.16201316023475013
7461,1.0,0.10390135435617547
7462,1.0,0.0664612676056338
7463,1.0,0.14298964291235122
7464,1.0,0.3339324227174694
7465,1.0,0.0397170837867247
7466,1.0,0.2092233009708738
7467,1.0,0.11117886178861788
7468,1.0,0.10390135435617547
7469,1.0,0.1536697247706422
7470,1.0,0.12874164487067713
7471,1.0,0.10390135435617547
7472,1.0,0.10394337714863498
7473,1.0,0.10390135435617547
7474,0.84512043,0.04724257616660239
7475,0.8591637,0.2642313153478766
7476,1.0,0.12968241042345277
7477,0.9868532,0.14612868047982552
7478,0.9361847,0.21189773844641102
7479,1.0,0.10390135435617547
7480,0.99998826,0.11979475034537201
7481,1.0,0.10390135435617547
7482,0.9098574,0.37943491162430654
7483,1.0,0.10390135435617547
7484,1.0,0.10372017792155278
7485,1.0,0.10386717959101033
7486,1.0,0.16347202742714664
7487,1.0,0.10693993506493507
7488,1.0,0.10390135435617547
7489,0.9999986,0.2181137724550898
7490,1.0,0.1422348484848485
7491,1.0,0.10952288970446204
7492,1.0,0.10466050622740056
7493,1.0,0.1060965954077593
7494,0.92083323,0.15342277261781906
7495,1.0,0.10394337714863498
7496,1.0,0.10390135435617547
7497,1.0,0.08624326224513709
7498,1.0,0.1036573045059608
7499,1.0,0.10369921164342026
7500,1.0,0.10376213592233009
7501,1.0,0.10390135435617547
7502,1.0,0.21091290661070305
7503,1.0,0.10390135435617547
7504,1.0,0.10394337714863498
7505,0.9999998,0.19112227805695142
7506,0.91281253,0.40186173231921896
7507,1.0,0.10390135435617547
7508,1.0,0.09426910299003323
7509,1.0,0.10351799433885968
7510,1.0,0.10432672866963202
7511,1.0,0.10390135435617547
7512,0.8385692,0.14602459726312142
7513,1.0,0.10394337714863498
7514,1.0,0.10390135435617547
7515,1.0,0.10394337714863498
7516,1.0,0.10518877448011306
7517,1.0,0.10371267150928168
7518,0.83361113,0.3006789524733269
7519,1.0,0.26363205310573734
7520,1.0,0.10390135435617547
7521,1.0,0.10394337714863498
7522,1.0,0.10351799433885968
7523,1.0,0.10394337714863498
7524,1.0,0.30394605394605395
7525,1.0,0.10768312101910828
7526,1.0,0.20746805111821087
7527,1.0,0.10390135435617547
7528,1.0,0.15601153128709513
7529,1.0,0.10394337714863498
7530,1.0,0.10532615200478755
7531,0.97216856,0.11922560858731071
7532,1.0,0.10441116956697694
7533,0.96547735,0.4835016835016835
7534,1.0,0.12550200803212852
7535,0.999959,0.16288096607245545
7536,0.99743766,0.1571236559139785
7537,1.0,0.08278867102396514
7538,1.0,0.10643015521064302
7539,1.0,0.10703185703185703
7540,1.0,0.10390135435617547
7541,1.0,0.10394337714863498
7542,1.0,0.10390135435617547
7543,1.0,0.11160199769496734
7544,1.0,0.10994863990869318
7545,1.0,0.10386717959101033
7546,1.0,0.15881025096268755
7547,1.0,0.10390135435617547
7548,1.0,0.10390135435617547
7549,0.3892467,0.2444577591372079
7550,1.0,0.1542323246409148
7551,0.9999999,0.17723268267403697
7552,0.5842917,0.2841476788107713
7553,1.0,0.13354090987718387
7554,1.0,0.1146
7555,1.0,0.10390135435617547
7556,1.0,0.10390135435617547
7557,1.0,0.10394337714863498
7558,1.0,0.10390135435617547
7559,0.8881519,0.568051187506778
7560,1.0,0.10390135435617547
7561,1.0,0.10377548960226125
7562,1.0,0.10390135435617547
7563,1.0,0.10409521888238854
7564,1.0,0.11064318529862174
7565,1.0,0.10390135435617547
7566,1.0,0.10394337714863498
7567,1.0,0.18319116207523423
7568,1.0,0.10394337714863498
7569,1.0,0.10390135435617547
7570,1.0,0.10390135435617547
7571,1.0,0.10394337714863498
7572,1.0,0.16476964769647698
7573,0.99968415,0.17266472611802064
7574,0.90601194,0.2025793363280684
7575,1.0,0.10394337714863498
7576,1.0,0.10390135435617547
7577,0.7675541,0.2373520477636954
7578,1.0,0.10390135435617547
7579,1.0,0.10390135435617547
7580,1.0,0.10390135435617547
7581,0.9999976,0.17326909350463954
7582,1.0,0.10390135435617547
7583,1.0,0.11095477386934674
7584,1.0,0.10394337714863498
7585,1.0,0.15095879232966136
7586,1.0,0.08082064034815045
7587,1.0,0.1079747335175681
7588,1.0,0.10390135435617547
7589,1.0,0.10394337714863498
7590,1.0,0.10394337714863498
7591,0.742251,0.6256315084029281
7592,1.0,0.14777594728171334
7593,1.0,0.10390135435617547
7594,1.0,0.10390135435617547
7595,1.0,0.25201652567381466
7596,1.0,0.1049370377773336
7597,0.95030123,0.1711937913718329
7598,1.0,0.10394337714863498
7599,1.0,0.23527054108216433
7600,1.0,0.10390135435617547
7601,1.0,0.10394337714863498
7602,1.0,0.10390135435617547
7603,1.0,0.10390135435617547
7604,0.9024016,0.6260896318326326
7605,1.0,0.10640822784810126
7606,1.0,0.10390135435617547
7607,1.0,0.10390135435617547
7608,0.99994576,0.184159272884657
7609,1.0,0.10390135435617547
7610,1.0,0.10390135435617547
7611,1.0,0.10390135435617547
7612,0.87440354,0.2928549524685679
7613,1.0,0.07115677321156773
7614,1.0,0.10390135435617547
7615,1.0,0.10414129110840438
7616,1.0,0.10341345182791355
7617,1.0,0.10390135435617547
7618,0.32386318,0.3395581273014203
7619,1.0,0.10333670374115268
7620,1.0,0.10394337714863498
7621,1.0,0.10390135435617547
7622,1.0,0.10390135435617547
7623,1.0,0.23648247177658943
7624,1.0,0.10381741062411634
7625,1.0,0.17599792638672887
7626,1.0,0.10369921164342026
7627,1.0,0.20215887654579753
7628,1.0,0.10374115267947422
7629,1.0,0.1036573045059608
7630,1.0,0.10390135435617547
7631,1.0,0.10390135435617547
7632,1.0,0.10394337714863498
7633,1.0,0.10394337714863498
7634,0.9996452,0.1494822152183701
7635,1.0,0.10390135435617547
7636,1.0,0.10484848484848484
7637,1.0,0.10963328899866996
7638,0.87683135,0.28538638102524866
7639,0.65427685,0.11630269172168614
7640,1.0,0.10390135435617547
7641,0.9772382,0.1691842900302115
7642,1.0,0.10827899624580123
7643,1.0,0.10390135435617547
7644,1.0,0.11093117408906883
7645,1.0,0.1301529255319149
7646,1.0,0.11593931447836674
7647,1.0,0.14298964291235122
7648,1.0,0.10394337714863498
7649,1.0,0.10390135435617547
7650,1.0,0.10414129110840438
7651,0.21838053,0.5030430220356769
7652,0.9999986,0.17749269243260798
7653,1.0,0.10394337714863498
7654,1.0,0.10390135435617547
7655,1.0,0.10562386615601693
7656,1.0,0.1033434650455927
7657,0.964484,0.42344827586206896
7658,1.0,0.10390135435617547
7659,0.98319966,0.12386307259798247
7660,1.0,0.10390135435617547
7661,1.0,0.10420438543552606
7662,0.9999874,0.2890897557881383
7663,1.0,0.11875761266747868
7664,1.0,0.10390135435617547
7665,1.0,0.10390135435617547
7666,1.0,0.10394337714863498
7667,1.0,0.10394337714863498
7668,1.0,0.10464646464646464
7669,0.9999886,0.1692694547379566
7670,1.0,0.1036708350141186
7671,1.0,0.10390135435617547
7672,1.0,0.10637007077856421
7673,1.0,0.10608203677510608
7674,1.0,0.10390135435617547
7675,1.0,0.19397116644823068
7676,1.0,0.10390135435617547
7677,1.0,0.31288173237090505
7678,1.0,0.10390135435617547
7679,1.0,0.10382513661202186
7680,1.0,0.10854058222479275
7681,1.0,0.1048
7682,1.0,0.08368336025848142
7683,1.0,0.10390135435617547
7684,1.0,0.10766817022945675
7685,1.0,0.10390135435617547
7686,1.0,0.10390135435617547
7687,1.0,0.30346631785480704
7688,1.0,0.10390135435617547
7689,1.0,0.2169632060804975
7690,0.933198,0.10622422933438053
7691,1.0,0.1179167430772052
7692,0.7409004,0.25147410358565736
7693,1.0,0.10416666666666667
7694,0.99999994,0.1048598507763662
7695,1.0,0.10096346848655159
7696,1.0,0.10390135435617547
7697,1.0,0.10394337714863498
7698,1.0,0.10390135435617547
7699,1.0,0.10390135435617547
7700,1.0,0.12187776793622675
7701,1.0,0.10390135435617547
7702,1.0,0.10390135435617547
7703,0.5105352,0.10089106064961195
7704,1.0,0.10390135435617547
7705,1.0,0.10390135435617547
7706,1.0,0.10554561717352415
7707,1.0,0.12292002147074611
7708,1.0,0.10390135435617547
7709,0.81388324,0.6071352502662407
7710,0.99999803,0.17465224111282843
7711,1.0,0.13027628549501152
7712,1.0,0.10643990063061341
7713,1.0,0.10390135435617547
7714,1.0,0.14086124401913874
7715,0.83548903,0.31952808160255625
7716,1.0,0.10394337714863498
7717,1.0,0.10394337714863498
7718,1.0,0.10390135435617547
7719,1.0,0.10390135435617547
7720,1.0,0.10390135435617547
7721,1.0,0.11242153319383678
7722,1.0,0.11882998171846434
7723,0.9910539,0.10358659745162813
7724,1.0,0.10390135435617547
7725,1.0,0.10513739545997611
7726,0.858799,0.30956919557758295
7727,1.0,0.10417511147142278
7728,1.0,0.175
7729,0.9532614,0.4866297833102812
7730,1.0,0.10394337714863498
7731,1.0,0.10390135435617547
7732,1.0,0.10390135435617547
7733,1.0,0.10390135435617547
7734,1.0,0.10345524348353202
7735,0.79300004,0.4849054517306204
7736,1.0,0.08161974058842139
7737,1.0,0.10390135435617547
7738,1.0,0.10390135435617547
7739,0.9057968,0.629007477209874
7740,1.0,0.10390135435617547
7741,1.0,0.09417753738466433
7742,1.0,0.10369921164342026
7743,1.0,0.11962071480671042
7744,1.0,0.10369921164342026
7745,1.0,0.10390135435617547
7746,0.99391377,0.18693467336683417
7747,1.0,0.10390135435617547
7748,1.0,0.10390135435617547
7749,0.8152968,0.07535487768045908
7750,1.0,0.1466222356861557
7751,1.0,0.10390135435617547
7752,1.0,0.1267909715407262
7753,1.0,0.10381741062411634
7754,1.0,0.10369921164342026
7755,1.0,0.10390135435617547
7756,1.0,0.17490547542361015
7757,1.0,0.10396440129449838
7758,1.0,0.10390135435617547
7759,1.0,0.10822342901474011
7760,1.0,0.10394337714863498
7761,0.997831,0.15325830207030708
7762,1.0,0.10390135435617547
7763,1.0,0.1041372351160444
7764,1.0,0.3516237402015677
7765,1.0,0.10390135435617547
7766,1.0,0.11503551696921863
7767,1.0,0.24249836921069798
7768,1.0,0.10390135435617547
7769,1.0,0.12367073651043718
7770,1.0,0.10390135435617547
7771,1.0,0.10390135435617547
7772,0.8536054,0.5352577758841074
7773,0.999997,0.17244748412310698
7774,1.0,0.10390135435617547
7775,1.0,0.10390135435617547
7776,1.0,0.10390135435617547
7777,1.0,0.10539845758354756
7778,1.0,0.10390135435617547
7779,1.0,0.18210526315789474
7780,1.0,0.10394337714863498
7781,1.0,0.10390135435617547
7782,1.0,0.10390135435617547
7783,1.0,0.10574201374848362
7784,0.99999994,0.12125022453745285
7785,1.0,0.10390135435617547
7786,1.0,0.10478861951512723
7787,1.0,0.2984030418250951
7788,0.95088464,0.20341207349081364
7789,1.0,0.3383346850500135
7790,0.9997674,0.15119549929676512
7791,1.0,0.170284135753749
7792,1.0,0.10394337714863498
7793,1.0,0.10390135435617547
7794,1.0,0.04498029214004173
7795,1.0,0.10390135435617547
7796,1.0,0.2138152610441767
7797,1.0,0.10415833666533386
7798,1.0,0.10390135435617547
7799,0.909653,0.5210436755530345
7800,1.0,0.10394337714863498
7801,1.0,0.10390135435617547
7802,1.0,0.10390135435617547
7803,1.0,0.028527763627101375
7804,1.0,0.3341645885286783
7805,1.0,0.10390135435617547
7806,0.80909824,0.5511909736732136
7807,1.0,0.10608455156064797
7808,1.0,0.14964610717896865
7809,1.0,0.10390135435617547
7810,1.0,0.1547785547785548
7811,1.0,0.10349706893066504
7812,1.0,0.12309107635694572
7813,1.0,0.10390135435617547
7814,1.0,0.09775338706911336
7815,1.0,0.10390135435617547
7816,1.0,0.10390135435617547
7817,1.0,0.16921887084300077
7818,1.0,0.10390135435617547
7819,1.0,0.10394337714863498
7820,1.0,0.24021047479197258
7821,1.0,0.10390135435617547
7822,1.0,0.10394337714863498
7823,1.0,0.10390135435617547
7824,0.9536585,0.3201859229747676
7825,1.0,0.10899553137750145
7826,1.0,0.10394337714863498
7827,1.0,0.10390135435617547
7828,1.0,0.10390135435617547
7829,1.0,0.10390135435617547
7830,1.0,0.10584677419354839
7831,1.0,0.10379644588045234
7832,1.0,0.47571309225444564
7833,1.0,0.10394337714863498
7834,1.0,0.10394337714863498
7835,1.0,0.10390135435617547
7836,1.0,0.10698689956331878
7837,1.0,0.10390135435617547
7838,1.0,0.10390135435617547
7839,1.0,0.10394337714863498
7840,0.8456242,0.15838113448056088
7841,1.0,0.10383838383838384
7842,1.0,0.10390135435617547
7843,1.0,0.10390135435617547
7844,0.94055015,0.027170077628793227
7845,1.0,0.11706391056739085
7846,0.99920994,0.20964642582628748
7847,1.0,0.10390135435617547
7848,1.0,0.10390135435617547
7849,1.0,0.13027229044313934
7850,1.0,0.10390135435617547
7851,1.0,0.10390135435617547
7852,1.0,0.10390135435617547
7853,1.0,0.10390135435617547
7854,1.0,0.26415696283298773
7855,1.0,0.10394337714863498
7856,1.0,0.10575212492587469
7857,0.86489254,0.32659428428803194
7858,1.0,0.32806942666097594
7859,1.0,0.10390135435617547
7860,1.0,0.10394337714863498
7861,1.0,0.3437892095357591
7862,1.0,0.10390135435617547
7863,1.0,0.12951209837366123
7864,1.0,0.10390135435617547
7865,1.0,0.10390135435617547
7866,1.0,0.11221389507798259
7867,1.0,0.10390135435617547
7868,1.0,0.10427591770875352
7869,1.0,0.07672131147540984
7870,1.0,0.10390135435617547
7871,0.9943652,0.21833141982395712
7872,0.9506715,0.4482548081815407
7873,1.0,0.10394337714863498
7874,1.0,0.10390135435617547
7875,1.0,0.0584542958022754
7876,1.0,0.1078588612670409
7877,1.0,0.10390135435617547
7878,1.0,0.3728269590799679
7879,0.8056235,0.23777019340159272
7880,1.0,0.10390135435617547
7881,1.0,0.10390135435617547
7882,1.0,0.10394337714863498
7883,1.0,0.10390135435617547
7884,1.0,0.10390135435617547
7885,1.0,0.10390135435617547
7886,1.0,0.04947418738049713
7887,1.0,0.32549151403125526
7888,1.0,0.11155003762227239
7889,0.999999,0.15280177733892866
7890,1.0,0.10390135435617547
7891,0.8638925,0.18181818181818182
7892,1.0,0.13254888388994635
7893,1.0,0.2787797817857938
7894,1.0,0.10394337714863498
7895,1.0,0.10390135435617547
7896,1.0,0.10390135435617547
7897,1.0,0.10369921164342026
7898,1.0,0.10546327796678007
7899,1.0,0.10390135435617547
7900,1.0,0.17103952175357023
7901,1.0,0.10390135435617547
7902,1.0,0.10390135435617547
7903,1.0,0.10390135435617547
7904,0.94854474,0.06677831274858698
7905,1.0,0.10390135435617547
7906,1.0,0.10390135435617547
7907,1.0,0.13697916666666668
7908,1.0,0.10394337714863498
7909,1.0,0.11012877186238708
7910,1.0,0.10369921164342026
7911,1.0,0.10390135435617547
7912,0.88848835,0.18939942112879884
7913,1.0,0.17533685826368753
7914,1.0,0.10394337714863498
7915,1.0,0.10686274509803921
7916,1.0,0.10390135435617547
7917,1.0,0.10369921164342026
7918,1.0,0.05421686746987952
7919,1.0,0.10394337714863498
7920,1.0,0.10360814351945172
7921,1.0,0.021098118962887647
7922,1.0,0.10390135435617547
7923,1.0,0.210989010989011
7924,1.0,0.10390135435617547
7925,1.0,0.15452482984623142
7926,1.0,0.1107085346215781
7927,1.0,0.10390135435617547
7928,1.0,0.10390135435617547
7929,1.0,0.20776902887139106
7930,1.0,0.10363636363636364
7931,1.0,0.10304259634888438
7932,1.0,0.10379644588045234
7933,1.0,0.10467439073112265
7934,1.0,0.16911764705882354
7935,1.0,0.10390135435617547
7936,1.0,0.10390135435617547
7937,1.0,0.10390135435617547
7938,1.0,0.10394337714863498
7939,0.99999994,0.10390135435617547
7940,1.0,0.10390135435617547
7941,1.0,0.2766233766233766
7942,1.0,0.10390135435617547
7943,1.0,0.10390135435617547
7944,0.9572908,0.3759036144578313
7945,1.0,0.11357702349869452
7946,1.0,0.10394337714863498
7947,1.0,0.10394337714863498
7948,1.0,0.10390135435617547
7949,1.0,0.11592178770949721
7950,1.0,0.1579541787673443
7951,1.0,0.11301696207356585
7952,1.0,0.10394337714863498
7953,1.0,0.10390135435617547
7954,1.0,0.10390135435617547
7955,1.0,0.10394337714863498
7956,1.0,0.10618932038834951
7957,1.0,0.09872217642209398
7958,0.6964411,0.2997000599880024
7959,1.0,0.10390135435617547
7960,1.0,0.10390135435617547
7961,0.9999999,0.08888888888888889
7962,1.0,0.10390135435617547
7963,1.0,0.1329187718616401
7964,1.0,0.1059013742926435
7965,1.0,0.10390135435617547
7966,1.0,0.12557349192863212
7967,1.0,0.1039983844911147
7968,1.0,0.10483707751467314
7969,1.0,0.10390135435617547
7970,0.9634247,0.13191990577149587
7971,1.0,0.24385920486199036
7972,1.0,0.10394337714863498
7973,1.0,0.10390135435617547
7974,1.0,0.11649122807017544
7975,1.0,0.10390135435617547
7976,1.0,0.10390135435617547
7977,1.0,0.10390135435617547
7978,1.0,0.10419622947496453
7979,1.0,0.10390135435617547
7980,1.0,0.10390135435617547
7981,1.0,0.10394337714863498
7982,1.0,0.14246999612853273
7983,1.0,0.19698344295758674
7984,1.0,0.10376213592233009
7985,1.0,0.18355271102523849
7986,1.0,0.10390135435617547
7987,1.0,0.10390135435617547
7988,1.0,0.30927092709270926
7989,1.0,0.10390135435617547
7990,0.8238102,0.2701732673267327
7991,1.0,0.10617185949593173
7992,1.0,0.10390135435617547
7993,1.0,0.10314083080040527
7994,1.0,0.10390135435617547
7995,1.0,0.10390135435617547
7996,1.0,0.10390135435617547
7997,1.0,0.10390135435617547
7998,1.0,0.10367825383993533
7999,1.0,0.10394337714863498
8000,0.8030925,0.17436281859070465
8001,1.0,0.10390135435617547
8002,0.9584049,0.389045460115182
8003,1.0,0.10390135435617547
8004,1.0,0.10394337714863498
8005,1.0,0.18323952470293933
8006,1.0,0.10390135435617547
8007,1.0,0.10390135435617547
8008,0.99339586,0.1493259085580305
8009,1.0,0.10390135435617547
8010,1.0,0.10390135435617547
8011,0.757826,0.4198701298701299
8012,1.0,0.10615627466456196
8013,1.0,0.10390135435617547
8014,1.0,0.10421286031042129
8015,1.0,0.10468374699759808
8016,0.6289913,0.4212652844231792
8017,1.0,0.11250475104522994
8018,1.0,0.10390135435617547
8019,0.8810732,0.3453474030423462
8020,0.8686793,0.4106899086422346
8021,1.0,0.10390135435617547
8022,1.0,0.10436698717948718
8023,1.0,0.10390135435617547
8024,0.8981958,0.211727794006275
8025,1.0,0.10390135435617547
8026,1.0,0.10429695380270325
8027,1.0,0.10394337714863498
8028,0.9999999,0.18471986417657046
8029,1.0,0.10543067435846429
8030,1.0,0.10390135435617547
8031,1.0,0.13113072029550585
8032,0.9382396,0.3176168603080249
8033,1.0,0.15268589573961366
8034,1.0,0.10390135435617547
8035,1.0,0.10390135435617547
8036,1.0,0.10390135435617547
8037,0.2260912,0.06938455507644062
8038,1.0,0.12604128938790293
8039,0.88939166,0.2764497041420118
8040,1.0,0.10390135435617547
8041,1.0,0.10390135435617547
8042,1.0,0.11593931447836674
8043,1.0,0.10390135435617547
8044,1.0,0.2186400937866354
8045,1.0,0.10394337714863498
8046,1.0,0.10390135435617547
8047,1.0,0.17262830482115085
8048,1.0,0.10390135435617547
8049,1.0,0.10417086439653435
8050,1.0,0.11189801699716714
8051,1.0,0.12186607426213901
8052,1.0,0.1151612257160024
8053,1.0,0.10390135435617547
8054,1.0,0.10501914936504737
8055,1.0,0.11894630192502532
8056,1.0,0.10390135435617547
8057,1.0,0.10390135435617547
8058,1.0,0.10390135435617547
8059,1.0,0.10369921164342026
8060,1.0,0.10394337714863498
8061,1.0,0.1105303910181959
8062,1.0,0.10390135435617547
8063,1.0,0.245739417262232
8064,1.0,0.10390135435617547
8065,1.0,0.10390135435617547
8066,1.0,0.10390135435617547
8067,0.99999565,0.1256931608133087
8068,1.0,0.10390135435617547
8069,1.0,0.21558905196350656
8070,1.0,0.09913490764554594
8071,1.0,0.10394337714863498
8072,1.0,0.11202290076335877
8073,1.0,0.10390135435617547
8074,1.0,0.10390135435617547
8075,1.0,0.11831501831501831
8076,1.0,0.08114357788522178
8077,1.0,0.10619818397157521
8078,1.0,0.10351799433885968
8079,1.0,0.10394337714863498
8080,0.989023,0.19899299474605955
8081,1.0,0.10369921164342026
8082,1.0,0.10390135435617547
8083,1.0,0.10390135435617547
8084,1.0,0.12114709325009754
8085,0.97619015,0.13744075829383887
8086,1.0,0.10394337714863498
8087,1.0,0.10374115267947422
8088,1.0,0.10390135435617547
8089,1.0,0.30552643402725777
8090,1.0,0.12052768338996601
8091,1.0,0.3056150172896427
8092,0.79560846,0.6664344710916509
8093,1.0,0.10390135435617547
8094,1.0,0.10390135435617547
8095,1.0,0.10390135435617547
8096,1.0,0.10300949303171077
8097,1.0,0.10385936552838958
8098,1.0,0.10618577473302437
8099,1.0,0.10390135435617547
8100,1.0,0.10722014558331694
8101,1.0,0.10390135435617547
8102,0.6929126,0.12371399176954732
8103,1.0,0.09502551020408163
8104,1.0,0.11160199769496734
8105,1.0,0.10390135435617547
8106,1.0,0.10390135435617547
8107,1.0,0.12613784135240572
8108,1.0,0.13287331917905165
8109,1.0,0.10390135435617547
8110,1.0,0.10526315789473684
8111,0.88901037,0.13575597815853888
8112,1.0,0.10390135435617547
8113,1.0,0.10394337714863498
8114,1.0,0.09976749101669838
8115,1.0,0.18121613485851895
8116,1.0,0.07135922330097087
8117,1.0,0.10390135435617547
8118,1.0,0.10390135435617547
8119,0.99975485,0.1883780332056194
8120,1.0,0.10390135435617547
8121,1.0,0.10390135435617547
8122,1.0,0.10390135435617547
8123,1.0,0.09123548046462514
8124,1.0,0.10407422347720856
8125,1.0,0.10369921164342026
8126,1.0,0.10394337714863498
8127,1.0,0.10383838383838384
8128,1.0,0.10390135435617547
8129,1.0,0.10379644588045234
8130,1.0,0.10390135435617547
8131,1.0,0.10311993517017828
8132,1.0,0.1814611154752553
8133,0.35675767,0.19099249374478733
8134,1.0,0.10580411124546554
8135,1.0,0.3310637010137691
8136,1.0,0.10394337714863498
8137,1.0,0.10388821385176185
8138,0.8224858,0.243477185606529
8139,1.0,0.10390135435617547
8140,1.0,0.16737967914438504
8141,1.0,0.10390135435617547
8142,1.0,0.10390135435617547
8143,1.0,0.10390135435617547
8144,1.0,0.09695973705834018
8145,1.0,0.10390135435617547
8146,1.0,0.10390135435617547
8147,1.0,0.10390135435617547
8148,1.0,0.10394337714863498
8149,1.0,0.10394337714863498
8150,1.0,0.10390135435617547
8151,1.0,0.12223626026531902
8152,1.0,0.10390135435617547
8153,0.99999994,0.09417753738466433
8154,1.0,0.10390135435617547
8155,0.99999666,0.14991554054054054
8156,1.0,0.10394337714863498
8157,0.7962847,0.11591441969519344
8158,1.0,0.10301558388990083
8159,0.9999991,0.11916072842438638
8160,1.0,0.10377548960226125
8161,1.0,0.10394337714863498
8162,1.0,0.10390135435617547
8163,1.0,0.10390135435617547
8164,1.0,0.10394337714863498
8165,1.0,0.10932857991681522
8166,1.0,0.32644225565537394
8167,1.0,0.10394337714863498
8168,1.0,0.10390135435617547
8169,1.0,0.27735937867733584
8170,1.0,0.10364992942125428
8171,1.0,0.10390135435617547
8172,1.0,0.10390135435617547
8173,1.0,0.10375454178441663
8174,1.0,0.10377548960226125
8175,1.0,0.10394337714863498
8176,1.0,0.2331357606548123
8177,1.0,0.10390135435617547
8178,1.0,0.10394337714863498
8179,1.0,0.21285140562248997
8180,1.0,0.06916488222698072
8181,1.0,0.10435480634156132
8182,1.0,0.11135767601371797
8183,1.0,0.10394337714863498
8184,1.0,0.10390135435617547
8185,1.0,0.1067042480370445
8186,1.0,0.15671306690615178
8187,1.0,0.10390135435617547
8188,1.0,0.10394337714863498
8189,1.0,0.12300519992827685
8190,1.0,0.10394337714863498
8191,1.0,0.10665322580645162
8192,1.0,0.12477175897748022
8193,1.0,0.10468374699759808
8194,1.0,0.10390135435617547
8195,1.0,0.10390135435617547
8196,1.0,0.10390135435617547
8197,1.0,0.3322019516334323
8198,1.0,0.10394337714863498
8199,1.0,0.10390135435617547
8200,0.9999725,0.1640527411519778
8201,1.0,0.10390135435617547
8202,1.0,0.10390135435617547
8203,1.0,0.11335215812827754
8204,1.0,0.10397738744195437
8205,0.5598165,0.22822822822822822
8206,1.0,0.10377548960226125
8207,1.0,0.12388326384752829
8208,1.0,0.10390135435617547
8209,0.8630233,0.21226341310808697
8210,1.0,0.10394337714863498
8211,1.0,0.10677707561560253
8212,1.0,0.10583067092651757
8213,1.0,0.10475227502527806
8214,1.0,0.10390135435617547
8215,1.0,0.09767348576012835
8216,1.0,0.10552365868144922
8217,1.0,0.10394337714863498
8218,1.0,0.10390135435617547
8219,1.0,0.12363960749330954
8220,1.0,0.10372771474878444
8221,1.0,0.06937744084539398
8222,1.0,0.10390135435617547
8223,1.0,0.24056488921353786
8224,1.0,0.10394337714863498
8225,1.0,0.11871813546977422
8226,0.9999997,0.08663134933000935
8227,1.0,0.1547785547785548
8228,0.21272808,0.6369741260122457
8229,1.0,0.10390135435617547
8230,1.0,0.024216899183995787
8231,1.0,0.10418774023872142
8232,1.0,0.21964866623292129
8233,1.0,0.10394337714863498
8234,0.99999994,0.10789473684210527
8235,1.0,0.10390135435617547
8236,1.0,0.10390135435617547
8237,1.0,0.10390135435617547
8238,1.0,0.28614514608859565
8239,1.0,0.10390135435617547
8240,1.0,0.10460921843687375
8241,1.0,0.10394337714863498
8242,1.0,0.11113414886999792
8243,0.99999994,0.14977717496609183
8244,1.0,0.10394337714863498
8245,1.0,0.10458567980691874
8246,1.0,0.10383838383838384
8247,1.0,0.062010142923005995
8248,1.0,0.10390135435617547
8249,1.0,0.2663492508052094
8250,1.0,0.10394337714863498
8251,1.0,0.10390135435617547
8252,0.4409271,0.6386225384060212
8253,1.0,0.10394337714863498
8254,1.0,0.10390135435617547
8255,1.0,0.10428455941794665
8256,1.0,0.11840324763193505
8257,1.0,0.10390135435617547
8258,1.0,0.10390135435617547
8259,1.0,0.11296908419210577
8260,1.0,0.11115319068358266
8261,1.0,0.10377548960226125
8262,0.76939476,0.30515172900494003
8263,1.0,0.10394337714863498
8264,1.0,0.13111620795107035
8265,1.0,0.16651300018439977
8266,1.0,0.10058574025449404
8267,1.0,0.10390135435617547
8268,1.0,0.09020993556433174
8269,1.0,0.10455278001611604
8270,1.0,0.10390135435617547
8271,1.0,0.10390135435617547
8272,1.0,0.10608764624231608
8273,1.0,0.10508269463493344
8274,1.0,0.10390135435617547
8275,1.0,0.10390135435617547
8276,1.0,0.10390135435617547
8277,1.0,0.12117962466487936
8278,1.0,0.12874164487067713
8279,1.0,0.10390135435617547
8280,1.0,0.10312374849819783
8281,1.0,0.10369921164342026
8282,0.9130896,0.1783709787816564
8283,1.0,0.10577495534828339
8284,1.0,0.10390135435617547
8285,1.0,0.10390135435617547
8286,1.0,0.10369921164342026
8287,1.0,0.10390135435617547
8288,1.0,0.10390135435617547
8289,1.0,0.1555719557195572
8290,1.0,0.12982728507665436
8291,1.0,0.10394337714863498
8292,1.0,0.5419175544233441
8293,1.0,0.10390135435617547
8294,1.0,0.10377548960226125
8295,1.0,0.20994475138121546
8296,1.0,0.20465860597439545
8297,1.0,0.17326486665562366
8298,1.0,0.0983640081799591
8299,0.99999994,0.13887767460637868
8300,1.0,0.10394337714863498
8301,1.0,0.2564680907522887
8302,1.0,0.10390135435617547
8303,1.0,0.10592025775271849
8304,1.0,0.10390135435617547
8305,1.0,0.1153619776339023
8306,1.0,0.1814814814814815
8307,1.0,0.16476964769647698
8308,1.0,0.10390135435617547
8309,1.0,0.10390135435617547
8310,0.6757128,0.6696810096392726
8311,1.0,0.10390135435617547
8312,1.0,0.10390135435617547
8313,1.0,0.10390135435617547
8314,1.0,0.12186607426213901
8315,1.0,0.21871221281741232
8316,1.0,0.10394337714863498
8317,1.0,0.10501098023557597
8318,1.0,0.31243386243386245
8319,1.0,0.10394337714863498
8320,1.0,0.18504122497055359
8321,1.0,0.06318480642804968
8322,1.0,0.10390135435617547
8323,1.0,0.10390135435617547
8324,1.0,0.10390135435617547
8325,1.0,0.10372017792155278
8326,1.0,0.1052736715940871
8327,1.0,0.10506874615226759
8328,1.0,0.11099775556008978
8329,1.0,0.10390135435617547
8330,1.0,0.10394337714863498
8331,1.0,0.10369921164342026
8332,1.0,0.2651451786354403
8333,1.0,0.10390135435617547
8334,1.0,0.10394337714863498
8335,1.0,0.10394337714863498
8336,0.99970794,0.07958950969213227
8337,1.0,0.1598656591099916
8338,1.0,0.15182737169517885
8339,1.0,0.10390135435617547
8340,0.9999792,0.16728185442196958
8341,1.0,0.10390135435617547
8342,1.0,0.12187776793622675
8343,1.0,0.18120805369127516
8344,1.0,0.10394337714863498
8345,1.0,0.10379644588045234
8346,1.0,0.1075875486381323
8347,1.0,0.10390135435617547
8348,1.0,0.11593931447836674
8349,1.0,0.10390135435617547
8350,1.0,0.11622766623687604
8351,1.0,0.32511165245635404
8352,1.0,0.10614300100704935
8353,1.0,0.10390135435617547
8354,1.0,0.2894131185270426
8355,1.0,0.10390135435617547
8356,0.7396536,0.03841735800893427
8357,1.0,0.10390135435617547
8358,1.0,0.10394337714863498
8359,1.0,0.11909989023051591
8360,1.0,0.10390135435617547
8361,1.0,0.10390135435617547
8362,1.0,0.10390135435617547
8363,1.0,0.10369921164342026
8364,1.0,0.10390135435617547
8365,1.0,0.10369921164342026
8366,1.0,0.10385936552838958
8367,1.0,0.10328068043742406
8368,1.0,0.10390135435617547
8369,1.0,0.10394337714863498
8370,1.0,0.1035808213635444
8371,1.0,0.12598892405063292
8372,0.83576757,0.18064391748602274
8373,1.0,0.10379644588045234
8374,1.0,0.10394337714863498
8375,1.0,0.10390135435617547
8376,1.0,0.10390135435617547
8377,1.0,0.10394337714863498
8378,1.0,0.10390135435617547
8379,1.0,0.10390135435617547
8380,1.0,0.10390135435617547
8381,1.0,0.10390135435617547
8382,1.0,0.17660377358490567
8383,1.0,0.10394337714863498
8384,1.0,0.10390135435617547
8385,1.0,0.10390135435617547
8386,0.99999875,0.1354492624050067
8387,1.0,0.15463331438317227
8388,1.0,0.12374175633460605
8389,1.0,0.1349056603773585
8390,1.0,0.10478680611423974
8391,1.0,0.10390135435617547
8392,1.0,0.10394337714863498
8393,1.0,0.11729698598579381
8394,1.0,0.10305112143867448
8395,1.0,0.10390135435617547
8396,1.0,0.10390135435617547
8397,0.9218828,0.14916688706691353
8398,1.0,0.10333670374115268
8399,1.0,0.10394337714863498
8400,1.0,0.10394337714863498
8401,1.0,0.10390135435617547
8402,1.0,0.10369921164342026
8403,1.0,0.10390135435617547
8404,1.0,0.10394337714863498
8405,1.0,0.0794754619511226
8406,1.0,0.10394337714863498
8407,1.0,0.10752475247524752
8408,1.0,0.10390135435617547
8409,1.0,0.10390135435617547
8410,0.32761523,0.18788861854555286
8411,1.0,0.10390135435617547
8412,0.7494269,0.15564708432690225
8413,1.0,0.28445087634667954
8414,0.7859118,0.15934684684684686
8415,1.0,0.10390135435617547
8416,1.0,0.10381741062411634
8417,1.0,0.10390135435617547
8418,1.0,0.10370670447640268
8419,1.0,0.10390135435617547
8420,1.0,0.10390135435617547
8421,1.0,0.10390135435617547
8422,1.0,0.32451779677868364
8423,1.0,0.12888626524990163
8424,1.0,0.15268589573961366
8425,1.0,0.10394337714863498
8426,1.0,0.10390135435617547
8427,1.0,0.10419622947496453
8428,1.0,0.10552365868144922
8429,1.0,0.10390135435617547
8430,1.0,0.1067067067067067
8431,1.0,0.10390135435617547
8432,0.9957246,0.14805934362355763
8433,1.0,0.24256159925615992
8434,1.0,0.10390135435617547
8435,1.0,0.10394337714863498
8436,1.0,0.11921018638125115
8437,1.0,0.10394337714863498
8438,1.0,0.10390135435617547
8439,1.0,0.10712148414123279
8440,0.99999976,0.17083985393844547
8441,1.0,0.10390135435617547
8442,1.0,0.10413290113452188
8443,1.0,0.10390135435617547
8444,1.0,0.33968049055994837
8445,1.0,0.10394337714863498
8446,1.0,0.09288147749686211
8447,1.0,0.10390135435617547
8448,1.0,0.1076328502415459
8449,1.0,0.0943952802359882
8450,1.0,0.10390135435617547
8451,1.0,0.10390135435617547
8452,1.0,0.10390135435617547
8453,1.0,0.10352512155591573
8454,1.0,0.030379746835443037
8455,1.0,0.10390135435617547
8456,1.0,0.10390135435617547
8457,1.0,0.10390135435617547
8458,1.0,0.10276198212835093
8459,1.0,0.10377548960226125
8460,1.0,0.10390135435617547
8461,1.0,0.016025641025641024
8462,1.0,0.10394337714863498
8463,1.0,0.11692364170337739
8464,1.0,0.22389118864577173
8465,1.0,0.10390135435617547
8466,1.0,0.14408233276157806
8467,1.0,0.10394337714863498
8468,1.0,0.10390135435617547
8469,1.0,0.10390135435617547
8470,1.0,0.10390135435617547
8471,1.0,0.10381741062411634
8472,1.0,0.10360178065560502
8473,1.0,0.10402752479255212
8474,1.0,0.15849673202614378
8475,0.99998575,0.16322815533980584
8476,1.0,0.08289721582583211
8477,1.0,0.2227958697378872
8478,1.0,0.10390135435617547
8479,1.0,0.2183539471675065
8480,1.0,0.10390135435617547
8481,1.0,0.10390135435617547
8482,1.0,0.10672573499798631
8483,1.0,0.10554994954591322
8484,0.9981981,0.1599839615076183
8485,1.0,0.10390135435617547
8486,1.0,0.10390135435617547
8487,1.0,0.1044955044955045
8488,1.0,0.10394337714863498
8489,1.0,0.10390135435617547
8490,1.0,0.10369921164342026
8491,1.0,0.10390135435617547
8492,1.0,0.10390135435617547
8493,1.0,0.10390135435617547
8494,0.096853554,0.1332750072907553
8495,0.8722395,0.350485027414593
8496,1.0,0.16003159557661928
8497,1.0,0.10390135435617547
8498,1.0,0.10390135435617547
8499,1.0,0.10919540229885058
8500,1.0,0.10394337714863498
8501,1.0,0.10390135435617547
8502,1.0,0.19786021953591773
8503,1.0,0.10372017792155278
8504,1.0,0.10385936552838958
8505,1.0,0.10394337714863498
8506,1.0,0.10390135435617547
8507,1.0,0.10390135435617547
8508,1.0,0.10390135435617547
8509,1.0,0.10394337714863498
8510,0.89381623,0.7226121452548062
8511,1.0,0.1662936822172491
8512,0.99999994,0.2887443876761109
8513,0.30679747,0.04787472035794183
8514,1.0,0.10390135435617547
8515,1.0,0.10390135435617547
8516,1.0,0.10460420032310178
8517,1.0,0.10390135435617547
8518,1.0,0.10394337714863498
8519,1.0,0.10390135435617547
8520,1.0,0.10390135435617547
8521,1.0,0.10383838383838384
8522,1.0,0.2237771927393654
8523,1.0,0.10390135435617547
8524,1.0,0.10394842868654311
8525,1.0,0.10390135435617547
8526,1.0,0.10390135435617547
8527,1.0,0.12612612612612611
8528,1.0,0.15005884660651236
8529,1.0,0.10394337714863498
8530,1.0,0.10377548960226125
8531,1.0,0.10390135435617547
8532,1.0,0.10390135435617547
8533,1.0,0.269993894993895
8534,1.0,0.10394337714863498
8535,1.0,0.10390135435617547
8536,1.0,0.10390135435617547
8537,1.0,0.10833840535605599
8538,1.0,0.10390135435617547
8539,1.0,0.10394337714863498
8540,1.0,0.10390135435617547
8541,1.0,0.2044975404075896
8542,1.0,0.198990516977669
8543,1.0,0.10390135435617547
8544,1.0,0.33980448850337325
8545,1.0,0.10556117290192113
8546,1.0,0.10394337714863498
8547,1.0,0.11493338635911712
8548,1.0,0.10394337714863498
8549,1.0,0.12594253107805176
8550,0.99994373,0.1963699978132517
8551,0.88686043,0.33947482953721164
8552,1.0,0.1747839209768144
8553,1.0,0.1035880802756943
8554,1.0,0.10394337714863498
8555,1.0,0.12550713257427037
8556,1.0,0.10394337714863498
8557,1.0,0.10390135435617547
8558,1.0,0.10242914979757085
8559,1.0,0.1125278283748229
8560,1.0,0.10390135435617547
8561,0.9537535,0.3845059634533319
8562,0.9999999,0.1048158640226629
8563,1.0,0.020081411126187245
8564,1.0,0.10390135435617547
8565,1.0,0.10388035569927244
8566,1.0,0.10390135435617547
8567,1.0,0.328125
8568,1.0,0.15944954128440367
8569,1.0,0.10390135435617547
8570,1.0,0.10390135435617547
8571,1.0,0.10390135435617547
8572,1.0,0.10390135435617547
8573,1.0,0.10390135435617547
8574,1.0,0.10390135435617547
8575,1.0,0.10349706893066504
8576,1.0,0.10390135435617547
8577,1.0,0.09787494891704128
8578,1.0,0.10939070983309873
8579,1.0,0.12191103789126853
8580,1.0,0.10390135435617547
8581,1.0,0.10390135435617547
8582,1.0,0.10394337714863498
8583,1.0,0.2047740081776992
8584,1.0,0.33956631049654307
8585,1.0,0.12186607426213901
8586,1.0,0.11386039026352847
8587,1.0,0.10390135435617547
8588,1.0,0.1118340788938593
8589,1.0,0.10390135435617547
8590,1.0,0.10390135435617547
8591,1.0,0.10394337714863498
8592,1.0,0.10390135435617547
8593,1.0,0.11419444999001797
8594,1.0,0.02957121734844751
8595,1.0,0.10394337714863498
8596,1.0,0.10390135435617547
8597,1.0,0.10390135435617547
8598,0.47256643,0.06256800870511425
8599,1.0,0.10390135435617547
8600,1.0,0.10394337714863498
8601,1.0,0.1035880802756943
8602,1.0,0.10390135435617547
8603,1.0,0.1014648858250754
8604,1.0,0.19698344295758674
8605,1.0,0.10390135435617547
8606,1.0,0.10390135435617547
8607,1.0,0.10390135435617547
8608,1.0,0.32558483861415455
8609,1.0,0.10417511147142278
8610,0.9199566,0.1607984910405533
8611,1.0,0.10394337714863498
8612,0.999909,0.16401889222842422
8613,0.99999994,0.10131712259371833
8614,1.0,0.1408673630895853
8615,1.0,0.1054516514126542
8616,1.0,0.10394337714863498
8617,1.0,0.10390135435617547
8618,1.0,0.10390135435617547
8619,1.0,0.10390135435617547
8620,1.0,0.10390135435617547
8621,1.0,0.10390135435617547
8622,1.0,0.18859198355601234
8623,1.0,0.10390135435617547
8624,1.0,0.1041372351160444
8625,0.4834696,0.3333734215273602
8626,1.0,0.10390135435617547
8627,1.0,0.10390135435617547
8628,1.0,0.1197339246119734
8629,1.0,0.10414987912973409
8630,1.0,0.10390135435617547
8631,1.0,0.10717054263565891
8632,1.0,0.10394337714863498
8633,1.0,0.10390135435617547
8634,1.0,0.10390135435617547
8635,1.0,0.10390135435617547
8636,1.0,0.10919540229885058
8637,0.9999992,0.2103846153846154
8638,1.0,0.10394337714863498
8639,1.0,0.18375037684654807
8640,1.0,0.10390135435617547
8641,1.0,0.25449346405228757
8642,1.0,0.22232969462484456
8643,1.0,0.10303884081304085
8644,1.0,0.10390135435617547
8645,0.99999976,0.11990538573508006
8646,1.0,0.10390135435617547
8647,1.0,0.308993669504475
8648,1.0,0.10394337714863498
8649,1.0,0.10390135435617547
8650,1.0,0.2080827856243882
8651,1.0,0.11330337956632154
8652,1.0,0.10390135435617547
8653,1.0,0.14188191881918819
8654,0.9999998,0.10603621730382294
8655,1.0,0.1060483870967742
8656,1.0,0.10394337714863498
8657,1.0,0.10390135435617547
8658,1.0,0.10390135435617547
8659,1.0,0.10890332441727169
8660,1.0,0.10921158487530169
8661,0.9999969,0.4034175334323923
8662,1.0,0.10390135435617547
8663,1.0,0.18304576144036008
8664,1.0,0.10390135435617547
8665,1.0,0.10364992942125428
8666,1.0,0.10390135435617547
8667,1.0,0.19899497487437187
8668,0.99999774,0.12765198787662685
8669,1.0,0.10394337714863498
8670,1.0,0.10394337714863498
8671,0.9056515,0.07048322560787934
8672,1.0,0.10390135435617547
8673,1.0,0.18058435438265788
8674,1.0,0.3034515819750719
8675,1.0,0.10956416464891042
8676,1.0,0.10390135435617547
8677,1.0,0.1359317432615862
8678,1.0,0.10394337714863498
8679,1.0,0.10390135435617547
8680,1.0,0.10390135435617547
8681,1.0,0.10453451043338684
8682,1.0,0.10394337714863498
8683,1.0,0.10394337714863498
8684,1.0,0.15284827975183304
8685,1.0,0.10394337714863498
8686,1.0,0.10390135435617547
8687,1.0,0.10390135435617547
8688,1.0,0.10390135435617547
8689,0.21445015,0.33740400352511646
8690,1.0,0.10390135435617547
8691,1.0,0.0942794498704405
8692,1.0,0.1915039868023096
8693,1.0,0.10390135435617547
8694,1.0,0.10390135435617547
8695,1.0,0.08178355366345508
8696,1.0,0.08281874318924809
8697,1.0,0.1712955263595543
8698,1.0,0.10394337714863498
8699,1.0,0.10390135435617547
8700,1.0,0.10263157894736842
8701,1.0,0.24063464081092992
8702,1.0,0.10390135435617547
8703,1.0,0.14701325529351006
8704,1.0,0.20506204693451283
8705,1.0,0.10390135435617547
8706,1.0,0.10223123732251521
8707,1.0,0.10390135435617547
8708,1.0,0.27216890595009596
8709,0.9999466,0.1269065310911224
8710,1.0,0.10390135435617547
8711,1.0,0.10390135435617547
8712,1.0,0.10390135435617547
8713,1.0,0.10390135435617547
8714,1.0,0.11106639839034205
8715,1.0,0.10372017792155278
8716,1.0,0.10390135435617547
8717,1.0,0.2504124440254537
8718,1.0,0.10390135435617547
8719,1.0,0.10390135435617547
8720,1.0,0.10394337714863498
8721,1.0,0.10390135435617547
8722,1.0,0.12379585980733757
8723,1.0,0.10390135435617547
8724,1.0,0.10390135435617547
8725,1.0,0.32742498255408237
8726,0.99999857,0.19788101059494703
8727,1.0,0.10390135435617547
8728,1.0,0.10390135435617547
8729,1.0,0.1054962754177572
8730,1.0,0.10487117552334943
8731,0.9859113,0.17982832618025751
8732,1.0,0.12133580705009277
8733,1.0,0.10390135435617547
8734,1.0,0.2656924609764198
8735,1.0,0.10349706893066504
8736,1.0,0.12609736632083002
8737,1.0,0.11949265687583445
8738,1.0,0.10390135435617547
8739,1.0,0.10390135435617547
8740,1.0,0.10408619638137832
8741,1.0,0.08951775916835114
8742,1.0,0.11070780399274047
8743,1.0,0.10394337714863498
8744,0.9994374,0.2086477666734652
8745,1.0,0.16053201360965047
8746,1.0,0.10390135435617547
8747,1.0,0.10394337714863498
8748,1.0,0.32425145451965376
8749,1.0,0.19278252611585944
8750,1.0,0.08082064034815045
8751,1.0,0.10394337714863498
8752,1.0,0.10390135435617547
8753,1.0,0.10390135435617547
8754,1.0,0.10446570972886762
8755,1.0,0.09117514633048177
8756,1.0,0.1048
8757,1.0,0.10390135435617547
8758,1.0,0.10394337714863498
8759,0.9958484,0.1481311274509804
8760,1.0,0.10390135435617547
8761,1.0,0.10390135435617547
8762,1.0,0.10950173812282735
8763,1.0,0.10394337714863498
8764,0.22273917,0.3918338939798167
8765,1.0,0.10390135435617547
8766,1.0,0.10349001412144442
8767,1.0,0.10384615384615385
8768,1.0,0.10693467336683417
8769,1.0,0.2294126438499477
8770,1.0,0.10390135435617547
8771,1.0,0.10394337714863498
8772,1.0,0.10527363184079602
8773,1.0,0.10410349706893067
8774,1.0,0.10390135435617547
8775,1.0,0.10392236150424586
8776,1.0,0.12294776119402985
8777,0.8636334,0.2754145638067772
8778,1.0,0.10390135435617547
8779,1.0,0.10394337714863498
8780,1.0,0.10390135435617547
8781,1.0,0.10394337714863498
8782,1.0,0.19926359107645658
8783,1.0,0.23142509135200975
8784,1.0,0.10802160432086418
8785,1.0,0.10394337714863498
8786,1.0,0.17846736596736595
8787,1.0,0.2239357080799305
8788,1.0,0.10390135435617547
8789,1.0,0.10379644588045234
8790,1.0,0.10390135435617547
8791,1.0,0.24188671638782502
8792,1.0,0.28785857238158774
8793,1.0,0.10490215856364737
8794,1.0,0.10390135435617547
8795,1.0,0.10390135435617547
8796,1.0,0.10394337714863498
8797,1.0,0.27964540640110525
8798,1.0,0.10394337714863498
8799,1.0,0.10390135435617547
8800,1.0,0.10297993107642409
8801,0.98148763,0.13748031496062993
8802,1.0,0.15038033937975423
8803,1.0,0.10394337714863498
8804,1.0,0.10390135435617547
8805,1.0,0.10301558388990083
8806,1.0,0.10390135435617547
8807,0.99995136,0.13252765260139288
8808,1.0,0.10253807106598985
8809,1.0,0.10358726320032245
8810,1.0,0.3143367043426532
8811,1.0,0.10390135435617547
8812,0.9999984,0.08486842105263158
8813,1.0,0.10390135435617547
8814,1.0,0.10394337714863498
8815,1.0,0.10390135435617547
8816,0.844422,0.529792305073204
8817,0.20657243,0.17457386363636362
8818,1.0,0.10244897959183673
8819,1.0,0.10390135435617547
8820,1.0,0.10397738744195437
8821,1.0,0.10394337714863498
8822,0.99998194,0.1740216486261449
8823,1.0,0.10390135435617547
8824,1.0,0.10394337714863498
8825,1.0,0.10390135435617547
8826,1.0,0.10390135435617547
8827,1.0,0.10423387096774193
8828,1.0,0.10390135435617547
8829,1.0,0.10390135435617547
8830,1.0,0.12946783161239078
8831,1.0,0.10390135435617547
8832,0.99999994,0.10390135435617547
8833,1.0,0.11155003762227239
8834,1.0,0.10394337714863498
8835,1.0,0.22377224199288256
8836,1.0,0.10394337714863498
8837,1.0,0.10394337714863498
8838,1.0,0.10345524348353202
8839,1.0,0.10390135435617547
8840,1.0,0.10394337714863498
8841,1.0,0.10390135435617547
8842,1.0,0.10390135435617547
8843,1.0,0.10390135435617547
8844,1.0,0.10369921164342026
8845,1.0,0.2501093772786933
8846,1.0,0.10390135435617547
8847,1.0,0.21165248775457593
8848,1.0,0.09973858837723708
8849,1.0,0.10510328068043742
8850,1.0,0.1097708082026538
8851,1.0,0.10390135435617547
8852,1.0,0.10390135435617547
8853,0.8227515,0.18202796253563186
8854,1.0,0.11003420752565564
8855,1.0,0.1044055522027761
8856,1.0,0.10652988755178536
8857,1.0,0.10390135435617547
8858,1.0,0.10390135435617547
8859,1.0,0.26382433082224716
8860,1.0,0.10390135435617547
8861,1.0,0.10379644588045234
8862,1.0,0.20376301040832667
8863,0.99608976,0.21324897655377745
8864,1.0,0.10394337714863498
8865,1.0,0.10394337714863498
8866,0.89661515,0.1751872782231568
8867,1.0,0.16803333781422233
8868,1.0,0.10390135435617547
8869,1.0,0.15010450313509405
8870,1.0,0.10625
8871,1.0,0.10390135435617547
8872,1.0,0.12227488151658768
8873,0.99971235,0.14838809193274718
8874,1.0,0.1048078857372762
8875,1.0,0.10390135435617547
8876,1.0,0.2153256704980843
8877,1.0,0.08464939987365762
8878,1.0,0.10394337714863498
8879,1.0,0.10390135435617547
8880,1.0,0.10551368504561681
8881,1.0,0.10390135435617547
8882,1.0,0.1060965954077593
8883,1.0,0.10390135435617547
8884,1.0,0.10415825595478401
8885,1.0,0.3227474150664697
8886,1.0,0.10390135435617547
8887,1.0,0.10394337714863498
8888,1.0,0.10390135435617547
8889,1.0,0.10428455941794665
8890,1.0,0.07354881266490765
8891,1.0,0.10390135435617547
8892,1.0,0.25043586550435865
8893,1.0,0.10379644588045234
8894,1.0,0.10372017792155278
8895,1.0,0.10394337714863498
8896,1.0,0.10398230088495575
8897,1.0,0.26909892262487756
8898,1.0,0.10390135435617547
8899,1.0,0.2491385767790262
8900,1.0,0.10390135435617547
8901,1.0,0.07529005183905209
8902,1.0,0.07670454545454546
8903,1.0,0.10539018503620273
8904,1.0,0.1578011317704123
8905,1.0,0.10717054263565891
8906,1.0,0.10390135435617547
8907,1.0,0.10390135435617547
8908,1.0,0.10390135435617547
8909,1.0,0.10390135435617547
8910,1.0,0.10390135435617547
8911,1.0,0.10183875530410184
8912,1.0,0.10390135435617547
8913,1.0,0.10196634907764038
8914,1.0,0.10390135435617547
8915,1.0,0.161778923622301
8916,1.0,0.19624437979370538
8917,1.0,0.10390135435617547
8918,1.0,0.10390135435617547
8919,1.0,0.1655234118699672
8920,1.0,0.10385936552838958
8921,1.0,0.1179167430772052
8922,1.0,0.10390135435617547
8923,1.0,0.10525264629518674
8924,1.0,0.10390135435617547
8925,1.0,0.10390135435617547
8926,1.0,0.10390135435617547
8927,1.0,0.1035808213635444
8928,1.0,0.16080231174570797
8929,1.0,0.10390135435617547
8930,1.0,0.10390135435617547
8931,1.0,0.10372017792155278
8932,1.0,0.10394337714863498
8933,1.0,0.10390135435617547
8934,1.0,0.1466158591907095
8935,1.0,0.10390135435617547
8936,1.0,0.10301662220398113
8937,1.0,0.10062893081761007
8938,1.0,0.1111336032388664
8939,1.0,0.11033519553072625
8940,1.0,0.10390135435617547
8941,1.0,0.10364992942125428
8942,1.0,0.10394337714863498
8943,1.0,0.10390135435617547
8944,1.0,0.10371267150928168
8945,1.0,0.10133765707336846
8946,1.0,0.10390135435617547
8947,1.0,0.10390135435617547
8948,0.63101,0.19062910524011092
8949,0.24271822,0.2946380697050938
8950,1.0,0.10394337714863498
8951,0.47323495,0.06196668021129622
8952,1.0,0.17822619623006283
8953,1.0,0.10369921164342026
8954,1.0,0.10807174887892376
8955,1.0,0.10390135435617547
8956,1.0,0.29725642687405485
8957,1.0,0.10390135435617547
8958,1.0,0.10390135435617547
8959,1.0,0.11189747513389442
8960,0.99853534,0.1516762664303648
8961,1.0,0.10394337714863498
8962,0.99994445,0.12344749717726759
8963,1.0,0.10743801652892562
8964,1.0,0.10390135435617547
8965,1.0,0.10390135435617547
8966,1.0,0.10390135435617547
8967,1.0,0.10390135435617547
8968,1.0,0.07449549162730786
8969,1.0,0.2898291293734744
8970,1.0,0.11014660493827161
8971,1.0,0.17825459046833092
8972,1.0,0.11193042162979769
8973,1.0,0.10535749850627366
8974,0.99049544,0.18770597506806133
8975,1.0,0.09627964022894522
8976,1.0,0.10390135435617547
8977,1.0,0.10394337714863498
8978,1.0,0.10390135435617547
8979,1.0,0.10390135435617547
8980,1.0,0.11176920137562094
8981,1.0,0.2087738677607701
8982,1.0,0.10394337714863498
8983,1.0,0.10390135435617547
8984,1.0,0.10482096419283857
8985,1.0,0.12375533428165007
8986,1.0,0.1053268765133172
8987,0.90837145,0.35009562380470244
8988,1.0,0.10390135435617547
8989,1.0,0.10737439222042139
8990,1.0,0.10390135435617547
8991,1.0,0.10394337714863498
8992,0.9999997,0.10441601320676847
8993,1.0,0.10377548960226125
8994,1.0,0.10390135435617547
8995,1.0,0.10394337714863498
8996,1.0,0.10421286031042129
8997,1.0,0.14427662957074722
8998,1.0,0.10390135435617547
8999,1.0,0.10390135435617547
9000,1.0,0.10394337714863498
9001,1.0,0.10394337714863498
9002,1.0,0.08281874318924809
9003,1.0,0.10394337714863498
9004,1.0,0.10392236150424586
9005,1.0,0.16046111037498342
9006,1.0,0.10390135435617547
9007,1.0,0.10390135435617547
9008,1.0,0.11732499022291748
9009,1.0,0.10390135435617547
9010,1.0,0.10394337714863498
9011,0.9795859,0.1979006298110567
9012,1.0,0.10390135435617547
9013,1.0,0.10369921164342026
9014,1.0,0.10390135435617547
9015,1.0,0.1608662026295437
9016,1.0,0.10390135435617547
9017,1.0,0.10390135435617547
9018,1.0,0.10374115267947422
9019,1.0,0.10390135435617547
9020,1.0,0.10394337714863498
9021,1.0,0.11576265016381507
9022,1.0,0.10390135435617547
9023,1.0,0.09873684210526316
9024,1.0,0.09721940328800487
9025,1.0,0.10426348757324712
9026,1.0,0.10369921164342026
9027,0.99999994,0.10390135435617547
9028,1.0,0.23682331095557776
9029,1.0,0.10390135435617547
9030,1.0,0.24023222971912758
9031,1.0,0.11250475104522994
9032,1.0,0.32892981051507875
9033,1.0,0.1036573045059608
9034,1.0,0.10390135435617547
9035,1.0,0.10390135435617547
9036,1.0,0.10058574025449404
9037,1.0,0.10390135435617547
9038,1.0,0.10394337714863498
9039,1.0,0.2971254133808191
9040,1.0,0.12780229479258606
9041,1.0,0.10394337714863498
9042,1.0,0.10390135435617547
9043,1.0,0.12975682197883795
9044,1.0,0.10394337714863498
9045,1.0,0.10390135435617547
9046,1.0,0.10394337714863498
9047,1.0,0.10390135435617547
9048,0.8656288,0.20798287199877658
9049,1.0,0.10619293370385073
9050,1.0,0.10342036025096134
9051,1.0,0.11775562938353636
9052,1.0,0.1547785547785548
9053,1.0,0.33100147275405006
9054,1.0,0.10834495120493925
9055,1.0,0.10390135435617547
9056,1.0,0.1039983844911147
9057,1.0,0.10390135435617547
9058,1.0,0.17088742285592678
9059,1.0,0.10390135435617547
9060,1.0,0.10390135435617547
9061,1.0,0.1017744238221497
9062,1.0,0.10390135435617547
9063,1.0,0.10390135435617547
9064,1.0,0.31584309730005095
9065,1.0,0.12191103789126853
9066,1.0,0.10596562184024266
9067,1.0,0.1048078857372762
9068,1.0,0.10243407707910751
9069,1.0,0.10390135435617547
9070,1.0,0.11250475104522994
9071,1.0,0.2412666499120382
9072,1.0,0.10394337714863498
9073,1.0,0.10541195476575121
9074,1.0,0.10390135435617547
9075,1.0,0.10204494837011541
9076,1.0,0.29192614443351905
9077,1.0,0.10853008377760853
9078,1.0,0.22738578347951302
9079,1.0,0.10394337714863498
9080,0.9999708,0.24861949402850905
9081,0.79811865,0.4787145736985652
9082,1.0,0.10390135435617547
9083,1.0,0.3457849570923776
9084,1.0,0.11122284794851167
9085,1.0,0.10390135435617547
9086,1.0,0.10390135435617547
9087,1.0,0.35112900402590586
9088,1.0,0.10390135435617547
9089,1.0,0.10390135435617547
9090,1.0,0.1408929836995039
9091,1.0,0.10390135435617547
9092,1.0,0.07257762813318369
9093,1.0,0.10394842868654311
9094,1.0,0.10394337714863498
9095,1.0,0.10390135435617547
9096,0.99961853,0.20856820744081173
9097,1.0,0.10470992520719628
9098,1.0,0.10390135435617547
9099,1.0,0.10390135435617547
9100,1.0,0.18279438682123245
9101,1.0,0.10394337714863498
9102,0.5367995,0.7574092247301276
9103,1.0,0.12334880399857194
9104,1.0,0.0948311796581909
9105,0.97742987,0.15410167533217795
9106,1.0,0.10390135435617547
9107,0.33115605,0.548922753547031
9108,1.0,0.31669739267843033
9109,1.0,0.10394337714863498
9110,1.0,0.1062611100138258
9111,1.0,0.10394337714863498
9112,1.0,0.210989010989011
9113,1.0,0.10390135435617547
9114,1.0,0.10390135435617547
9115,1.0,0.10369921164342026
9116,1.0,0.10394337714863498
9117,1.0,0.10390135435617547
9118,1.0,0.10390135435617547
9119,1.0,0.10390135435617547
9120,1.0,0.03643245800804353
9121,1.0,0.10390135435617547
9122,1.0,0.10394337714863498
9123,1.0,0.33250997529925896
9124,1.0,0.10390135435617547
9125,1.0,0.10457119741100324
9126,1.0,0.10369921164342026
9127,1.0,0.10680395719765798
9128,1.0,0.13110733823806828
9129,1.0,0.10394337714863498
9130,1.0,0.10390135435617547
9131,1.0,0.10390135435617547
9132,1.0,0.10390135435617547
9133,1.0,0.10381741062411634
9134,1.0,0.10596293311845285
9135,1.0,0.19966978536048433
9136,1.0,0.15177133655394526
9137,1.0,0.10532615200478755
9138,1.0,0.10402752479255212
9139,1.0,0.10390135435617547
9140,1.0,0.2802025919856994
9141,1.0,0.10425489009881024
9142,1.0,0.10377548960226125
9143,1.0,0.10390135435617547
9144,1.0,0.11392405063291139
9145,1.0,0.2101096912812394
9146,1.0,0.10390135435617547
9147,1.0,0.10390135435617547
9148,1.0,0.10600356647513375
9149,0.99999994,0.10390135435617547
9150,1.0,0.16633813495072025
9151,1.0,0.10394337714863498
9152,1.0,0.10390135435617547
9153,1.0,0.10390135435617547
9154,0.52112585,0.4992375724306191
9155,1.0,0.10394337714863498
9156,1.0,0.296150924284629
9157,1.0,0.12854847348687734
9158,1.0,0.10390135435617547
9159,1.0,0.15758176412289396
9160,1.0,0.10390135435617547
9161,1.0,0.10390135435617547
9162,1.0,0.10390135435617547
9163,1.0,0.23763690673747095
9164,1.0,0.10390135435617547
9165,1.0,0.10390135435617547
9166,1.0,0.10394337714863498
9167,1.0,0.10372017792155278
9168,1.0,0.10390135435617547
9169,1.0,0.10390135435617547
9170,1.0,0.10394337714863498
9171,1.0,0.10383838383838384
9172,1.0,0.10390135435617547
9173,1.0,0.10390135435617547
9174,1.0,0.18170637970791698
9175,1.0,0.10394337714863498
9176,0.85904646,0.3995314068950128
9177,1.0,0.10394337714863498
9178,1.0,0.1053578568572571
9179,1.0,0.10472154963680387
9180,1.0,0.10226812474686107
9181,1.0,0.06186779581274994
9182,1.0,0.10822342901474011
9183,1.0,0.10390135435617547
9184,1.0,0.18737957610789982
9185,1.0,0.10394337714863498
9186,1.0,0.10390135435617547
9187,1.0,0.32560483870967744
9188,1.0,0.10390135435617547
9189,1.0,0.1044144325740778
9190,1.0,0.10390135435617547
9191,1.0,0.10390135435617547
9192,1.0,0.10394337714863498
9193,1.0,0.10390135435617547
9194,1.0,0.10394337714863498
9195,1.0,0.11154539987973541
9196,1.0,0.10390135435617547
9197,1.0,0.10394337714863498
9198,0.9620768,0.12854317732366513
9199,1.0,0.10390135435617547
9200,1.0,0.10390135435617547
9201,1.0,0.13490321293155058
9202,1.0,0.10371267150928168
9203,1.0,0.10394337714863498
9204,1.0,0.11686991869918699
9205,1.0,0.10390135435617547
9206,1.0,0.10390135435617547
9207,1.0,0.10390135435617547
9208,1.0,0.11167409809485204
9209,1.0,0.1138724791199837
9210,1.0,0.10377548960226125
9211,1.0,0.10390135435617547
9212,1.0,0.10390135435617547
9213,1.0,0.10372017792155278
9214,1.0,0.13419085694420302
9215,1.0,0.10390135435617547
9216,1.0,0.10270388137810728
9217,1.0,0.10383838383838384
9218,1.0,0.10390135435617547
9219,0.52133775,0.3306539509536785
9220,1.0,0.2652968726393715
9221,0.99999845,0.19090143218197136
9222,0.33690557,0.11954552939239256
9223,1.0,0.14659090909090908
9224,1.0,0.10390135435617547
9225,1.0,0.12292002147074611
9226,1.0,0.16811777742599335
9227,1.0,0.09865196078431372
9228,0.33560997,0.23727137913989124
9229,1.0,0.10390135435617547
9230,1.0,0.10372017792155278
9231,1.0,0.10394337714863498
9232,1.0,0.1085122699386503
9233,1.0,0.10388035569927244
9234,0.9999988,0.18828242363545317
9235,1.0,0.10390135435617547
9236,1.0,0.10087629916445894
9237,1.0,0.10390135435617547
9238,1.0,0.33354985384865216
9239,0.9139453,0.15464613722312265
9240,1.0,0.1452073191203626
9241,1.0,0.0688032272523532
9242,1.0,0.10377548960226125
9243,1.0,0.10394337714863498
9244,1.0,0.11102464332036316
9245,1.0,0.10374115267947422
9246,1.0,0.10390135435617547
9247,1.0,0.11153552330022919
9248,1.0,0.0068827071981646115
9249,1.0,0.10394337714863498
9250,0.86295825,0.1837887067395264
9251,1.0,0.10390135435617547
9252,1.0,0.019587083112758072
9253,0.40807632,0.4147625314032779
9254,1.0,0.19134435167830977
9255,1.0,0.10401128804676477
9256,1.0,0.10525264629518674
9257,1.0,0.10507391130643227
9258,1.0,0.10390135435617547
9259,1.0,0.23225476403632178
9260,1.0,0.10390135435617547
9261,1.0,0.10390135435617547
9262,1.0,0.15006990834239553
9263,1.0,0.10390135435617547
9264,1.0,0.10390135435617547
9265,1.0,0.20439925295704503
9266,1.0,0.10394337714863498
9267,1.0,0.10390135435617547
9268,1.0,0.10390135435617547
9269,1.0,0.10390135435617547
9270,1.0,0.10652988755178536
9271,1.0,0.10401939002221773
9272,1.0,0.10390135435617547
9273,1.0,0.10390135435617547
9274,1.0,0.13575129533678756
9275,1.0,0.10390135435617547
9276,1.0,0.1363099921321794
9277,1.0,0.10390135435617547
9278,0.7796799,0.3771390960947784
9279,1.0,0.10347615198059822
9280,1.0,0.10390135435617547
9281,1.0,0.10390135435617547
9282,1.0,0.10390135435617547
9283,1.0,0.18334382211034195
9284,1.0,0.10446859903381643
9285,0.99743325,0.15835344596406542
9286,1.0,0.10394337714863498
9287,1.0,0.10390135435617547
9288,1.0,0.10394337714863498
9289,1.0,0.10375454178441663
9290,1.0,0.10610026172740085
9291,1.0,0.1260239445494644
9292,1.0,0.10390135435617547
9293,1.0,0.10394337714863498
9294,1.0,0.10417511147142278
9295,1.0,0.10204081632653061
9296,1.0,0.10390135435617547
9297,1.0,0.10394337714863498
9298,1.0,0.10514631685166498
9299,0.99999994,0.14548772395487725
9300,1.0,0.10390135435617547
9301,1.0,0.10390135435617547
9302,1.0,0.11099858213489974
9303,1.0,0.10390135435617547
9304,1.0,0.11944912872400225
9305,1.0,0.10390135435617547
9306,1.0,0.10390135435617547
9307,1.0,0.19799585348997928
9308,1.0,0.10390135435617547
9309,1.0,0.10394337714863498
9310,1.0,0.10390135435617547
9311,1.0,0.33906633906633904
9312,1.0,0.10390135435617547
9313,1.0,0.10394337714863498
9314,1.0,0.10390135435617547
9315,1.0,0.10390135435617547
9316,1.0,0.10390135435617547
9317,1.0,0.10390135435617547
9318,1.0,0.12540849673202614
9319,0.9999971,0.17533783783783785
9320,1.0,0.10390135435617547
9321,1.0,0.10394337714863498
9322,1.0,0.10369921164342026
9323,1.0,0.10390135435617547
9324,1.0,0.32117945466074826
9325,1.0,0.10390135435617547
9326,1.0,0.10390135435617547
9327,1.0,0.10646005232441134
9328,1.0,0.10390135435617547
9329,1.0,0.11134574774428874
9330,1.0,0.1645734084019056
9331,1.0,0.10390135435617547
9332,1.0,0.10390135435617547
9333,1.0,0.10351799433885968
9334,1.0,0.10390135435617547
9335,1.0,0.10390135435617547
9336,1.0,0.10390135435617547
9337,0.4918298,0.24203125
9338,1.0,0.10390135435617547
9339,1.0,0.10390135435617547
9340,1.0,0.10390135435617547
9341,1.0,0.10464646464646464
9342,1.0,0.10390135435617547
9343,1.0,0.10394337714863498
9344,1.0,0.135706340378198
9345,1.0,0.11330337956632154
9346,1.0,0.10390135435617547
9347,1.0,0.10394337714863498
9348,1.0,0.10394337714863498
9349,1.0,0.10390135435617547
9350,1.0,0.2039787798408488
9351,1.0,0.10390135435617547
9352,1.0,0.10390135435617547
9353,1.0,0.2616407982261641
9354,1.0,0.10390135435617547
9355,1.0,0.11154598825831702
9356,1.0,0.10390135435617547
9357,1.0,0.10390135435617547
9358,1.0,0.10394337714863498
9359,1.0,0.10390135435617547
9360,1.0,0.10394337714863498
9361,1.0,0.10390135435617547
9362,1.0,0.10390135435617547
9363,1.0,0.10390135435617547
9364,1.0,0.10613397901533494
9365,1.0,0.11176920137562094
9366,0.97961414,0.26310088016249156
9367,1.0,0.1179167430772052
9368,0.7717727,0.18198529411764705
9369,1.0,0.10374115267947422
9370,1.0,0.10486291775065039
9371,1.0,0.10390135435617547
9372,1.0,0.10390135435617547
9373,1.0,0.10390135435617547
9374,1.0,0.10390135435617547
9375,1.0,0.10725741780272655
9376,1.0,0.10390135435617547
9377,1.0,0.1267806267806268
9378,0.22554052,0.472381416900378
9379,1.0,0.1077971878994461
9380,1.0,0.14847321265313584
9381,0.99867105,0.145808263136783
9382,1.0,0.11379171692802574
9383,1.0,0.10406142655081835
9384,1.0,0.10390135435617547
9385,1.0,0.09870240374388428
9386,1.0,0.10390135435617547
9387,1.0,0.10364992942125428
9388,1.0,0.10218393107593668
9389,1.0,0.10390135435617547
9390,1.0,0.10390135435617547
9391,1.0,0.10390135435617547
9392,1.0,0.10312815338042382
9393,1.0,0.10390135435617547
9394,1.0,0.10390135435617547
9395,1.0,0.10390135435617547
9396,1.0,0.10344827586206896
9397,1.0,0.28840025493945187
9398,1.0,0.10175651120533011
9399,1.0,0.10390135435617547
9400,1.0,0.10390135435617547
9401,1.0,0.10369921164342026
9402,1.0,0.1028814935064935
9403,1.0,0.10394337714863498
9404,1.0,0.10390135435617547
9405,1.0,0.1036573045059608
9406,1.0,0.10710690557680692
9407,0.99992913,0.2332599404222251
9408,0.6310883,0.4752738487716686
9409,1.0,0.10478680611423974
9410,1.0,0.10407422347720856
9411,1.0,0.08079071766222604
9412,0.9954308,0.20578500503669592
9413,1.0,0.10385936552838958
9414,1.0,0.10394337714863498
9415,1.0,0.10369921164342026
9416,1.0,0.10390135435617547
9417,1.0,0.19395621338267036
9418,1.0,0.10442334881842052
9419,1.0,0.10390135435617547
9420,1.0,0.10394337714863498
9421,1.0,0.10390135435617547
9422,1.0,0.04875621890547264
9423,1.0,0.10390135435617547
9424,1.0,0.11631205673758865
9425,0.16226485,0.1101284832304355
9426,1.0,0.10390135435617547
9427,1.0,0.10394337714863498
9428,1.0,0.2735156771180787
9429,1.0,0.10363636363636364
9430,1.0,0.10597340742210756
9431,1.0,0.10390135435617547
9432,1.0,0.03610906411201179
9433,1.0,0.3122955288985823
9434,1.0,0.29287446587365745
9435,1.0,0.3162767039674466
9436,1.0,0.10390135435617547
9437,1.0,0.10390135435617547
9438,1.0,0.2474910054913842
9439,1.0,0.14419674451521586
9440,1.0,0.10390135435617547
9441,0.90323704,0.39259734702610183
9442,1.0,0.10353892821031345
9443,1.0,0.10369921164342026
9444,1.0,0.11183819155264724
9445,1.0,0.10551790900290416
9446,0.99999976,0.14044512663085187
9447,1.0,0.10394337714863498
9448,1.0,0.1886820114352734
9449,1.0,0.08287292817679558
9450,1.0,0.10394337714863498
9451,1.0,0.10390135435617547
9452,1.0,0.10390135435617547
9453,1.0,0.10369921164342026
9454,1.0,0.26495968312349694
9455,1.0,0.17660377358490567
9456,1.0,0.10394337714863498
9457,1.0,0.1036573045059608
9458,1.0,0.10377548960226125
9459,1.0,0.154984030929568
9460,1.0,0.10390135435617547
9461,1.0,0.11669038422443587
9462,1.0,0.10390135435617547
9463,1.0,0.10390135435617547
9464,1.0,0.10740375123395854
9465,1.0,0.1292476920054999
9466,1.0,0.3418737459484488
9467,1.0,0.10390135435617547
9468,1.0,0.10390135435617547
9469,1.0,0.10394337714863498
9470,1.0,0.10390135435617547
9471,0.9671815,0.21037296037296038
9472,1.0,0.10394337714863498
9473,1.0,0.10390135435617547
9474,1.0,0.039322916666666666
9475,1.0,0.10451977401129943
9476,1.0,0.10240841934831006
9477,1.0,0.10390135435617547
9478,1.0,0.10408245755860954
9479,1.0,0.10394337714863498
9480,1.0,0.29676258992805754
9481,1.0,0.10390135435617547
9482,1.0,0.10446554859567589
9483,1.0,0.13201180936313792
9484,1.0,0.10390135435617547
9485,1.0,0.10390135435617547
9486,1.0,0.10390135435617547
9487,1.0,0.08517441860465116
9488,0.4343687,0.3851328240793524
9489,1.0,0.2478148268047912
9490,1.0,0.3234743040685225
9491,1.0,0.10390135435617547
9492,1.0,0.10341345182791355
9493,0.174262,0.039712488769092544
9494,0.9999945,0.1551032536027336
9495,1.0,0.10394337714863498
9496,0.48515844,0.14574751635570632
9497,1.0,0.20395869191049915
9498,1.0,0.11709159584513693
9499,1.0,0.1179167430772052
9500,1.0,0.10394337714863498
9501,1.0,0.1531752521122922
9502,1.0,0.10865809176425417
9503,1.0,0.10460420032310178
9504,1.0,0.10394337714863498
9505,1.0,0.10390135435617547
9506,1.0,0.10394337714863498
9507,1.0,0.10394337714863498
9508,1.0,0.11356275303643724
9509,1.0,0.15384615384615385
9510,0.9999988,0.17327003834215812
9511,1.0,0.10390135435617547
9512,1.0,0.10390135435617547
9513,1.0,0.10184247823446042
9514,1.0,0.10390135435617547
9515,0.8021158,0.18106878908470722
9516,1.0,0.10390135435617547
9517,1.0,0.20453884201338376
9518,1.0,0.10394337714863498
9519,1.0,0.10390135435617547
9520,1.0,0.10390135435617547
9521,1.0,0.10390135435617547
9522,1.0,0.10390135435617547
9523,1.0,0.06438068579426172
9524,1.0,0.10390135435617547
9525,1.0,0.10392236150424586
9526,1.0,0.10390135435617547
9527,1.0,0.29866637986663797
9528,1.0,0.10390135435617547
9529,1.0,0.10394337714863498
9530,1.0,0.03050397877984085
9531,1.0,0.10394337714863498
9532,1.0,0.2882416984213391
9533,1.0,0.07554296506137866
9534,1.0,0.10390135435617547
9535,1.0,0.10018785222291797
9536,1.0,0.12606442058496853
9537,1.0,0.10394337714863498
9538,0.9999964,0.0809648913303081
9539,1.0,0.10394337714863498
9540,1.0,0.10390135435617547
9541,1.0,0.10390135435617547
9542,1.0,0.29207495272477224
9543,1.0,0.10390135435617547
9544,1.0,0.10390135435617547
9545,1.0,0.10390135435617547
9546,1.0,0.10383838383838384
9547,1.0,0.05792466240227434
9548,1.0,0.10390135435617547
9549,1.0,0.10348146959730467
9550,1.0,0.12579169598874032
9551,1.0,0.10394337714863498
9552,0.9785083,0.10106030483764082
9553,1.0,0.10390135435617547
9554,1.0,0.10403225806451613
9555,1.0,0.10390135435617547
9556,1.0,0.10390135435617547
9557,1.0,0.13194856577645894
9558,1.0,0.10390135435617547
9559,1.0,0.10394337714863498
9560,1.0,0.10388035569927244
9561,0.7874324,0.17886178861788618
9562,1.0,0.10390135435617547
9563,1.0,0.10390135435617547
9564,1.0,0.10390135435617547
9565,1.0,0.10394337714863498
9566,1.0,0.12451520718513982
9567,1.0,0.10394337714863498
9568,1.0,0.14936708860759493
9569,1.0,0.10394337714863498
9570,1.0,0.10394337714863498
9571,0.9999999,0.18003214859796393
9572,1.0,0.16110304789550073
9573,1.0,0.10779371849554091
9574,1.0,0.10390135435617547
9575,1.0,0.10390135435617547
9576,1.0,0.10394337714863498
9577,1.0,0.10374115267947422
9578,1.0,0.11171827565270188
9579,1.0,0.12176375404530744
9580,1.0,0.1044144325740778
9581,1.0,0.3222164140094093
9582,0.67580384,0.5625703468740407
9583,1.0,0.10390135435617547
9584,1.0,0.10394337714863498
9585,1.0,0.10394337714863498
9586,1.0,0.10390135435617547
9587,1.0,0.10390135435617547
9588,1.0,0.15384615384615385
9589,1.0,0.10394337714863498
9590,1.0,0.10394337714863498
9591,0.9829323,0.24444829979181124
9592,1.0,0.10390135435617547
9593,1.0,0.10390135435617547
9594,0.9999992,0.13997985901309165
9595,1.0,0.10394337714863498
9596,1.0,0.10390135435617547
9597,1.0,0.10390135435617547
9598,1.0,0.10369921164342026
9599,1.0,0.10381741062411634
9600,0.51074386,0.7258908301253578
9601,1.0,0.10390135435617547
9602,1.0,0.10414987912973409
9603,1.0,0.10390135435617547
9604,1.0,0.10390135435617547
9605,0.9999995,0.18446263717122452
9606,1.0,0.32755298651252407
9607,1.0,0.1589059372915277
9608,1.0,0.10390135435617547
9609,1.0,0.10390135435617547
9610,1.0,0.09417753738466433
9611,1.0,0.10390135435617547
9612,1.0,0.10700662517566753
9613,1.0,0.10578279266572638
9614,1.0,0.10311362717347351
9615,0.9999989,0.18755284965330626
9616,0.9999998,0.18964912280701754
9617,1.0,0.10390135435617547
9618,1.0,0.10390135435617547
9619,1.0,0.1053481331987891
9620,1.0,0.03700073511394266
9621,0.9839297,0.043933054393305436
9622,1.0,0.10390135435617547
9623,1.0,0.32118114707552525
9624,1.0,0.3273302772320454
9625,0.9999094,0.14370860927152318
9626,1.0,0.24156813939016802
9627,1.0,0.10394337714863498
9628,1.0,0.10407422347720856
9629,1.0,0.10394337714863498
9630,1.0,0.10390135435617547
9631,1.0,0.10390135435617547
9632,1.0,0.10394337714863498
9633,1.0,0.10390135435617547
9634,1.0,0.10448666127728375
9635,1.0,0.1539010466222645
9636,1.0,0.09417753738466433
9637,1.0,0.10486967064053344
9638,1.0,0.10390135435617547
9639,1.0,0.2781073065516312
9640,1.0,0.10394337714863498
9641,1.0,0.10390135435617547
9642,1.0,0.10394337714863498
9643,1.0,0.10068224105850734
9644,1.0,0.10369921164342026
9645,1.0,0.10412454508693894
9646,0.9174136,0.06373390557939915
9647,1.0,0.10390135435617547
9648,1.0,0.1044144325740778
9649,1.0,0.10969339173490764
9650,1.0,0.1420591456736035
9651,1.0,0.10390135435617547
9652,1.0,0.10339943342776203
9653,1.0,0.10375454178441663
9654,1.0,0.10446554859567589
9655,1.0,0.10374115267947422
9656,1.0,0.10448963156835112
9657,1.0,0.07202158572021586
9658,1.0,0.10390135435617547
9659,0.9275634,0.2554125662376987
9660,1.0,0.10394337714863498
9661,1.0,0.10394337714863498
9662,0.9993191,0.15779389626385656
9663,1.0,0.12720403022670027
9664,1.0,0.10390135435617547
9665,0.9837086,0.24028931154567373
9666,1.0,0.10372017792155278
9667,1.0,0.10394337714863498
9668,1.0,0.10649455425574829
9669,1.0,0.10394337714863498
9670,1.0,0.10390135435617547
9671,1.0,0.10390135435617547
9672,1.0,0.10394337714863498
9673,1.0,0.2608412836079792
9674,0.99999994,0.10390135435617547
9675,1.0,0.10394337714863498
9676,1.0,0.11014726649182974
9677,0.8118128,0.09796821565077449
9678,1.0,0.10394337714863498
9679,1.0,0.10373360242179616
9680,1.0,0.11728772144166158
9681,1.0,0.10390135435617547
9682,1.0,0.10982329469884096
9683,1.0,0.29252393562843754
9684,1.0,0.10390135435617547
9685,1.0,0.1141653290529695
9686,1.0,0.10390135435617547
9687,1.0,0.3349095059514104
9688,1.0,0.10386717959101033
9689,1.0,0.10394337714863498
9690,1.0,0.10390135435617547
9691,1.0,0.10424242424242425
9692,1.0,0.3241735102126764
9693,1.0,0.10394337714863498
9694,1.0,0.0840064620355412
9695,1.0,0.254095692741673
9696,1.0,0.10381741062411634
9697,1.0,0.33694829760403533
9698,1.0,0.2535861500412201
9699,1.0,0.10390135435617547
9700,1.0,0.3178656597774245
9701,1.0,0.10390135435617547
9702,1.0,0.19440985194409852
9703,1.0,0.10390135435617547
9704,1.0,0.1778123379989632
9705,1.0,0.10551368504561681
9706,1.0,0.11449159327461969
9707,1.0,0.10390135435617547
9708,1.0,0.17760361317747078
9709,1.0,0.10369921164342026
9710,0.99999994,0.10390135435617547
9711,1.0,0.10394337714863498
9712,1.0,0.10390135435617547
9713,1.0,0.13715813283981082
9714,1.0,0.10372017792155278
9715,1.0,0.10753729897306724
9716,1.0,0.10390135435617547
9717,1.0,0.09990205680705191
9718,1.0,0.10390135435617547
9719,1.0,0.10390135435617547
9720,1.0,0.10390135435617547
9721,1.0,0.10390135435617547
9722,1.0,0.10386717959101033
9723,1.0,0.10390135435617547
9724,1.0,0.10374115267947422
9725,1.0,0.10394337714863498
9726,1.0,0.11272207473963651
9727,1.0,0.2853727775287614
9728,1.0,0.10394337714863498
9729,1.0,0.1104368932038835
9730,1.0,0.22622478386167147
9731,1.0,0.10390135435617547
9732,1.0,0.10390135435617547
9733,0.8393243,0.30555223880597016
9734,1.0,0.10390135435617547
9735,1.0,0.10394337714863498
9736,1.0,0.10390135435617547
9737,1.0,0.12703190848886214
9738,1.0,0.10381741062411634
9739,1.0,0.1044055522027761
9740,1.0,0.10390135435617547
9741,1.0,0.10390135435617547
9742,1.0,0.10394337714863498
9743,1.0,0.10422991297308237
9744,0.9998015,0.24357484179258684
9745,1.0,0.18572952471257556
9746,1.0,0.10394337714863498
9747,0.72587943,0.15566996341959083
9748,1.0,0.08869106495219255
9749,1.0,0.10374115267947422
9750,1.0,0.13531468531468532
9751,1.0,0.10390135435617547
9752,1.0,0.10692951015531661
9753,1.0,0.10390135435617547
9754,1.0,0.10369921164342026
9755,1.0,0.10369921164342026
9756,1.0,0.10390135435617547
9757,1.0,0.10390135435617547
9758,1.0,0.10390135435617547
9759,1.0,0.32082262210796914
9760,1.0,0.11330337956632154
9761,1.0,0.10699507389162562
9762,1.0,0.1093215220455003
9763,1.0,0.10390135435617547
9764,0.51561207,0.12293407613741876
9765,1.0,0.10390135435617547
9766,1.0,0.10210696920583469
9767,1.0,0.07354881266490765
9768,1.0,0.10394337714863498
9769,1.0,0.10386717959101033
9770,1.0,0.10390135435617547
9771,1.0,0.10390135435617547
9772,1.0,0.10390135435617547
9773,1.0,0.10390135435617547
9774,1.0,0.10390135435617547
9775,1.0,0.10390135435617547
9776,1.0,0.2822603317402305
9777,1.0,0.14398422090729784
9778,1.0,0.10427010923535253
9779,1.0,0.10390135435617547
9780,1.0,0.10394842868654311
9781,1.0,0.10390135435617547
9782,1.0,0.10394337714863498
9783,1.0,0.10390135435617547
9784,1.0,0.17316544814513946
9785,1.0,0.10394337714863498
9786,1.0,0.10390135435617547
9787,1.0,0.10390135435617547
9788,1.0,0.10390135435617547
9789,0.18033563,0.2916619781703612
9790,1.0,0.10390135435617547
9791,1.0,0.10390135435617547
9792,1.0,0.10390135435617547
9793,1.0,0.10698689956331878
9794,1.0,0.10390135435617547
9795,1.0,0.10390135435617547
9796,1.0,0.10390135435617547
9797,0.9999879,0.1687078574377322
9798,1.0,0.10376213592233009
9799,1.0,0.10577495534828339
9800,1.0,0.10390135435617547
9801,1.0,0.2840656003239522
9802,1.0,0.10527363184079602
9803,1.0,0.10394337714863498
9804,1.0,0.2183233205898416
9805,1.0,0.10390135435617547
9806,1.0,0.10390135435617547
9807,1.0,0.3235937189425562
9808,1.0,0.10394337714863498
9809,1.0,0.07113424419865538
9810,1.0,0.10390135435617547
9811,1.0,0.10390135435617547
9812,1.0,0.10399032648125756
9813,1.0,0.3038344491783323
9814,0.69001395,0.48533812088569717
9815,1.0,0.10314083080040527
9816,1.0,0.10537848605577689
9817,1.0,0.10390135435617547
9818,1.0,0.10390135435617547
9819,0.1762207,0.3399122807017544
9820,1.0,0.10394337714863498
9821,0.99999976,0.17640972581479566
9822,1.0,0.10394337714863498
9823,1.0,0.1120570184121956
9824,1.0,0.10390135435617547
9825,1.0,0.3263014630826812
9826,1.0,0.10390135435617547
9827,1.0,0.1045106725734998
9828,1.0,0.10390135435617547
9829,1.0,0.10394337714863498
9830,0.5231526,0.7145984675092049
9831,0.99963915,0.1525347689546882
9832,1.0,0.29563492063492064
9833,1.0,0.10390135435617547
9834,1.0,0.13724021718779256
9835,1.0,0.10394337714863498
9836,1.0,0.35471640885653627
9837,1.0,0.10394337714863498
9838,1.0,0.10369921164342026
9839,1.0,0.105337361530715
9840,1.0,0.10394337714863498
9841,0.3929944,0.37607420542900016
9842,1.0,0.15024059882373908
9843,1.0,0.10390135435617547
9844,1.0,0.11043933897621927
9845,1.0,0.11435477872815172
9846,1.0,0.10280751363360938
9847,1.0,0.10390135435617547
9848,1.0,0.10369921164342026
9849,1.0,0.10385936552838958
9850,1.0,0.08728493495593789
9851,1.0,0.10390135435617547
9852,1.0,0.10394337714863498
9853,1.0,0.10390135435617547
9854,1.0,0.10390135435617547
9855,1.0,0.10390135435617547
9856,1.0,0.10390135435617547
9857,1.0,0.10390135435617547
9858,1.0,0.10551463268962771
9859,1.0,0.10394337714863498
9860,1.0,0.10394337714863498
9861,1.0,0.10349706893066504
9862,1.0,0.10394337714863498
9863,1.0,0.26952054794520547
9864,1.0,0.10394337714863498
9865,1.0,0.10422991297308237
9866,1.0,0.10497017892644135
9867,1.0,0.22100443951165372
9868,1.0,0.10394337714863498
9869,1.0,0.10390135435617547
9870,1.0,0.10392236150424586
9871,1.0,0.12187276626161545
9872,1.0,0.10394337714863498
9873,1.0,0.10363636363636364
9874,1.0,0.3414039896451957
9875,1.0,0.10369921164342026
9876,1.0,0.10390135435617547
9877,1.0,0.10390135435617547
9878,1.0,0.10469745222929937
9879,1.0,0.10390135435617547
9880,1.0,0.10409521888238854
9881,1.0,0.10390135435617547
9882,1.0,0.10390135435617547
9883,1.0,0.10600356647513375
9884,1.0,0.10390135435617547
9885,1.0,0.10390135435617547
9886,1.0,0.10394337714863498
9887,1.0,0.1103182256509161
9888,1.0,0.10394337714863498
9889,1.0,0.12254220456802384
9890,1.0,0.1066693451185215
9891,0.5234282,0.09646412633024373
9892,1.0,0.10351799433885968
9893,1.0,0.18572952471257556
9894,1.0,0.10390135435617547
9895,1.0,0.10360178065560502
9896,1.0,0.10390135435617547
9897,1.0,0.10390135435617547
9898,1.0,0.11426957831325302
9899,0.99999994,0.3201333333333333
9900,1.0,0.10410349706893067
9901,1.0,0.1179167430772052
9902,1.0,0.10394337714863498
9903,1.0,0.10390135435617547
9904,1.0,0.10390135435617547
9905,1.0,0.10446554859567589
9906,1.0,0.10390135435617547
9907,1.0,0.08277325787053413
9908,1.0,0.10390135435617547
9909,0.9999976,0.1826381059751973
9910,1.0,0.10390135435617547
9911,1.0,0.10698425514735567
9912,1.0,0.10390135435617547
9913,1.0,0.10394337714863498
9914,1.0,0.10566646501310747
9915,1.0,0.2957249889819304
9916,1.0,0.10390135435617547
9917,1.0,0.10302169945244373
9918,1.0,0.10321797207043108
9919,1.0,0.10390135435617547
9920,1.0,0.10681176944780331
9921,0.85644597,0.1026936026936027
9922,1.0,0.10369921164342026
9923,1.0,0.10394337714863498
9924,1.0,0.10379644588045234
9925,1.0,0.10390135435617547
9926,1.0,0.10390135435617547
9927,1.0,0.10390135435617547
9928,1.0,0.1377212389380531
9929,1.0,0.20404916847433116
9930,1.0,0.10390135435617547
9931,1.0,0.10390135435617547
9932,1.0,0.10390135435617547
9933,1.0,0.10390135435617547
9934,1.0,0.16733067729083664
9935,1.0,0.10833998403830807
9936,0.9999987,0.19344850065189048
9937,1.0,0.3026712623869022
9938,1.0,0.10394337714863498
9939,1.0,0.10390135435617547
9940,1.0,0.10394337714863498
9941,1.0,0.10349706893066504
9942,1.0,0.10478680611423974
9943,1.0,0.10390135435617547
9944,1.0,0.10390135435617547
9945,1.0,0.10390135435617547
9946,1.0,0.11209785522788204
9947,0.99999917,0.1978203434610304
9948,1.0,0.10394337714863498
9949,1.0,0.12381300219138057
9950,1.0,0.10390135435617547
9951,1.0,0.17822619623006283
9952,1.0,0.10551368504561681
9953,1.0,0.10390135435617547
9954,1.0,0.1085122699386503
9955,1.0,0.12142720122769998
9956,1.0,0.10394337714863498
9957,1.0,0.10390135435617547
9958,1.0,0.14211109352745688
9959,1.0,0.10286984640258691
9960,0.99769706,0.15550755939524838
9961,1.0,0.10377548960226125
9962,0.9994941,0.2964993148125078
9963,1.0,0.10394337714863498
9964,1.0,0.18680547432448238
9965,1.0,0.32942586918875716
9966,1.0,0.10394337714863498
9967,1.0,0.10390135435617547
9968,1.0,0.10390135435617547
9969,1.0,0.10394337714863498
9970,1.0,0.10606060606060606
9971,1.0,0.10394337714863498
9972,1.0,0.10390135435617547
9973,1.0,0.13723570869224747
9974,1.0,0.15171632124352333
9975,1.0,0.10390135435617547
9976,0.99999994,0.10512510088781275
9977,1.0,0.10390135435617547
9978,1.0,0.20380534211489207
9979,1.0,0.10377548960226125
9980,1.0,0.15192660550458714
9981,1.0,0.10394337714863498
9982,1.0,0.10390135435617547
9983,1.0,0.10394337714863498
9984,1.0,0.1060515278609946
9985,1.0,0.10390135435617547
9986,1.0,0.10390135435617547
9987,1.0,0.09553222153592753
9988,1.0,0.13041314086610253
9989,1.0,0.10390135435617547
9990,1.0,0.10390135435617547
9991,1.0,0.10377548960226125
9992,1.0,0.10390135435617547
9993,1.0,0.10406142655081835
9994,1.0,0.12243806808055605
9995,1.0,0.11765657873442305
9996,1.0,0.10058574025449404
9997,1.0,0.10390135435617547
9998,1.0,0.14614499424626007
9999,1.0,0.10363636363636364
10000,1.0,0.10390135435617547
10001,1.0,0.10390135435617547
10002,1.0,0.10394337714863498
10003,1.0,0.10390135435617547
10004,1.0,0.10427968655816756
10005,1.0,0.10369921164342026
10006,1.0,0.11081953976584578
10007,0.9999938,0.1896322552060257
10008,1.0,0.10396440129449838
10009,1.0,0.10390135435617547
10010,1.0,0.10390135435617547
10011,1.0,0.10377548960226125
10012,1.0,0.2153758107592522
10013,1.0,0.11367871785314947
10014,1.0,0.10390135435617547
10015,1.0,0.10394337714863498
10016,1.0,0.10383838383838384
10017,1.0,0.12133580705009277
10018,1.0,0.10394337714863498
10019,1.0,0.1044144325740778
10020,1.0,0.10394337714863498
10021,1.0,0.10390135435617547
10022,1.0,0.11999321113374066
10023,1.0,0.10394337714863498
10024,1.0,0.11638795986622073
10025,1.0,0.03700828157349897
10026,0.9975995,0.21049233252623084
10027,1.0,0.175
10028,1.0,0.1608920014743826
10029,1.0,0.1374900079936051
10030,1.0,0.10613397901533494
10031,1.0,0.10609076433121019
10032,1.0,0.2560147346609877
10033,1.0,0.10375454178441663
10034,1.0,0.3097713097713098
10035,0.6952433,0.0721327242125511
10036,0.8721942,0.3142857142857143
10037,1.0,0.10390135435617547
10038,1.0,0.11023780733575171
10039,1.0,0.28474928552870876
10040,1.0,0.10390135435617547
10041,1.0,0.10390135435617547
10042,1.0,0.10390135435617547
10043,1.0,0.10390135435617547
10044,1.0,0.10390135435617547
10045,1.0,0.10390135435617547
10046,1.0,0.1908175125920186
10047,1.0,0.10379644588045234
10048,1.0,0.10390135435617547
10049,1.0,0.10390135435617547
10050,1.0,0.10390135435617547
10051,1.0,0.10390135435617547
10052,1.0,0.10380412788344799
10053,1.0,0.10390135435617547
10054,0.6415633,0.37527485951624723
10055,1.0,0.10377548960226125
10056,1.0,0.10369921164342026
10057,1.0,0.10390135435617547
10058,1.0,0.10390135435617547
10059,1.0,0.10390135435617547
10060,1.0,0.10965720604496867
10061,1.0,0.10394337714863498
10062,1.0,0.10390135435617547
10063,1.0,0.10390135435617547
10064,1.0,0.10390135435617547
10065,1.0,0.10390135435617547
10066,1.0,0.1953150775321676
10067,1.0,0.3001734195175784
10068,1.0,0.10390135435617547
10069,1.0,0.09872029250457039
10070,0.99999833,0.1884255319148936
10071,1.0,0.10615627466456196
10072,1.0,0.10390135435617547
10073,1.0,0.27316954512284114
10074,1.0,0.10390135435617547
10075,1.0,0.10390135435617547
10076,1.0,0.10390135435617547
10077,1.0,0.10376871450696953
10078,1.0,0.08082064034815045
10079,1.0,0.1196285506190823
10080,1.0,0.10323232323232323
10081,1.0,0.10518962075848304
10082,1.0,0.1033091202582728
10083,0.40310097,0.3037974683544304
10084,1.0,0.10390135435617547
10085,1.0,0.10419622947496453
10086,1.0,0.21334516940375794
10087,1.0,0.10390135435617547
10088,1.0,0.24541197316795343
10089,1.0,0.31727681438664096
10090,1.0,0.10483870967741936
10091,1.0,0.23025383326890864
10092,1.0,0.18183476199161044
10093,1.0,0.10299473897207609
10094,1.0,0.07354881266490765
10095,1.0,0.10390135435617547
10096,1.0,0.12187776793622675
10097,1.0,0.10390135435617547
10098,1.0,0.18446781036709095
10099,0.38351712,0.09099571224392568
10100,1.0,0.10390135435617547
10101,1.0,0.08949880668257756
10102,0.9960363,0.27823899371069183
10103,1.0,0.10390135435617547
10104,0.9999965,0.1904924177883796
10105,1.0,0.10390135435617547
10106,1.0,0.10390135435617547
10107,1.0,0.10390135435617547
10108,1.0,0.10394337714863498
10109,1.0,0.10390135435617547
10110,0.99996054,0.2348691917219836
10111,1.0,0.10168459508828902
10112,1.0,0.10390135435617547
10113,1.0,0.10369921164342026
10114,1.0,0.10284906041624571
10115,0.9999997,0.17749218478638415
10116,1.0,0.10394337714863498
10117,1.0,0.10628019323671498
10118,1.0,0.10394337714863498
10119,1.0,0.10390135435617547
10120,1.0,0.19966777408637873
10121,0.99999994,0.10390135435617547
10122,1.0,0.10390135435617547
10123,1.0,0.10394337714863498
10124,0.99946326,0.1301510989010989
10125,1.0,0.3173305196518069
10126,1.0,0.1033434650455927
10127,0.86220443,0.23315051797684339
10128,1.0,0.30031577197939174
10129,1.0,0.10394337714863498
10130,1.0,0.33662435354960035
10131,1.0,0.10390135435617547
10132,1.0,0.10390135435617547
10133,1.0,0.10390135435617547
10134,1.0,0.10390135435617547
10135,1.0,0.10390135435617547
10136,1.0,0.10390135435617547
10137,0.24165228,0.4041146216017634
10138,1.0,0.10390135435617547
10139,0.87352663,0.5767564712097201
10140,1.0,0.23079041586339852
10141,1.0,0.10390135435617547
10142,1.0,0.10622858294698649
10143,1.0,0.10390135435617547
10144,1.0,0.18512366186784793
10145,1.0,0.10390135435617547
10146,1.0,0.10390135435617547
10147,1.0,0.10390135435617547
10148,1.0,0.10881877022653721
10149,1.0,0.11289674568099639
10150,1.0,0.10390135435617547
10151,1.0,0.15638894258650687
10152,1.0,0.24650502402795982
10153,1.0,0.10390135435617547
10154,1.0,0.10390135435617547
10155,1.0,0.12133580705009277
10156,1.0,0.10390135435617547
10157,1.0,0.17214499155515137
10158,1.0,0.10390135435617547
10159,1.0,0.10372017792155278
10160,0.99999994,0.10394337714863498
10161,1.0,0.10651603792616501
10162,1.0,0.10950173812282735
10163,1.0,0.10328068043742406
10164,1.0,0.28943512941559496
10165,0.99999994,0.10390135435617547
10166,1.0,0.1171960569550931
10167,1.0,0.12471655328798185
10168,1.0,0.10369921164342026
10169,1.0,0.11207405948394722
10170,1.0,0.10353892821031345
10171,1.0,0.31586570111915735
10172,1.0,0.3203933086451283
10173,1.0,0.10758620689655173
10174,1.0,0.10390135435617547
10175,1.0,0.10394337714863498
10176,1.0,0.10390135435617547
10177,1.0,0.09147945759967618
10178,1.0,0.13385826771653545
10179,1.0,0.08184553660982949
10180,1.0,0.10390135435617547
10181,1.0,0.10390135435617547
10182,1.0,0.10353892821031345
10183,1.0,0.1279414328046017
10184,0.99984646,0.15642151481888036
10185,1.0,0.12308914036132619
10186,1.0,0.2700361010830325
10187,1.0,0.2100680702865284
10188,1.0,0.33287506444406256
10189,1.0,0.2572216577151981
10190,1.0,0.1050292870127247
10191,1.0,0.10394337714863498
10192,1.0,0.10612162706403544
10193,1.0,0.10390135435617547
10194,1.0,0.12718292467807374
10195,1.0,0.10498687664041995
10196,1.0,0.27580474535287897
10197,1.0,0.10390135435617547
10198,1.0,0.10394337714863498
10199,1.0,0.11319234642497482
10200,1.0,0.10406142655081835
10201,1.0,0.10390135435617547
10202,1.0,0.10390135435617547
10203,1.0,0.10390135435617547
10204,1.0,0.10390135435617547
10205,1.0,0.2649331352154532
10206,1.0,0.13301771533292608
10207,1.0,0.10390135435617547
10208,1.0,0.10390135435617547
10209,1.0,0.10394337714863498
10210,1.0,0.10394337714863498
10211,1.0,0.24925373134328357
10212,1.0,0.10390135435617547
10213,1.0,0.1036573045059608
10214,1.0,0.11251891074130106
10215,1.0,0.10390135435617547
10216,1.0,0.10394337714863498
10217,1.0,0.10390135435617547
10218,1.0,0.10390135435617547
10219,1.0,0.106318347509113
10220,1.0,0.10390135435617547
10221,1.0,0.2315987460815047
10222,1.0,0.17810273715785527
10223,1.0,0.10390135435617547
10224,1.0,0.10390135435617547
10225,1.0,0.10390135435617547
10226,1.0,0.12144504227517294
10227,1.0,0.2930099427538415
10228,1.0,0.10394337714863498
10229,1.0,0.11041329011345219
10230,1.0,0.1250515889393314
10231,1.0,0.12227602905569007
10232,1.0,0.2519134775374376
10233,1.0,0.11855583543240975
10234,1.0,0.10394337714863498
10235,1.0,0.10390135435617547
10236,1.0,0.10382513661202186
10237,1.0,0.10390135435617547
10238,1.0,0.1742881794650561
10239,1.0,0.19278547539417104
10240,1.0,0.10388035569927244
10241,1.0,0.15154458908101806
10242,0.9999999,0.1359918200408998
10243,1.0,0.1893053645116919
10244,1.0,0.10397738744195437
10245,0.99999994,0.1448170731707317
10246,1.0,0.10390135435617547
10247,1.0,0.10390135435617547
10248,1.0,0.29593351142772334
10249,1.0,0.10629067245119306
10250,1.0,0.10599803343166175
10251,1.0,0.12192096402622718
10252,1.0,0.10377548960226125
10253,1.0,0.10390135435617547
10254,1.0,0.10394337714863498
10255,1.0,0.10390135435617547
10256,1.0,0.10391444713478612
10257,1.0,0.042511122095897184
10258,1.0,0.10394337714863498
10259,1.0,0.10394337714863498
10260,1.0,0.10137492304535194
10261,1.0,0.10518877448011306
10262,1.0,0.10394337714863498
10263,1.0,0.10394337714863498
10264,1.0,0.11913489736070382
10265,1.0,0.10390135435617547
10266,1.0,0.10369921164342026
10267,1.0,0.18279438682123245
10268,1.0,0.10583067092651757
10269,1.0,0.10390135435617547
10270,1.0,0.22723042148650446
10271,1.0,0.10390135435617547
10272,1.0,0.10391444713478612
10273,1.0,0.19698344295758674
10274,1.0,0.10390135435617547
10275,1.0,0.29862501668669067
10276,1.0,0.10440226171243942
10277,0.3976974,0.252579072667498
10278,1.0,0.13343799058084774
10279,1.0,0.13096889241133347
10280,1.0,0.10390135435617547
10281,1.0,0.23948220064724918
10282,1.0,0.10390135435617547
10283,1.0,0.24912891986062718
10284,1.0,0.3220031724450487
10285,1.0,0.19060738885410144
10286,1.0,0.08419838523644751
10287,1.0,0.10315533980582524
10288,1.0,0.10375454178441663
10289,0.999848,0.1621326042378674
10290,1.0,0.10414987912973409
10291,1.0,0.10390135435617547
10292,1.0,0.10551368504561681
10293,1.0,0.10390135435617547
10294,1.0,0.10390135435617547
10295,1.0,0.10390135435617547
10296,1.0,0.10390135435617547
10297,1.0,0.10390135435617547
10298,1.0,0.10394337714863498
10299,1.0,0.1045500505561173
10300,1.0,0.10369174904175912
10301,1.0,0.1429080541696365
10302,1.0,0.10390135435617547
10303,1.0,0.10640870616686819
10304,1.0,0.10394337714863498
10305,1.0,0.10390135435617547
10306,1.0,0.11433614434202785
10307,1.0,0.12405541561712846
10308,1.0,0.10390135435617547
10309,1.0,0.10379644588045234
10310,1.0,0.10385936552838958
10311,1.0,0.10390135435617547
10312,1.0,0.10390135435617547
10313,0.8851566,0.4497035040431267
10314,1.0,0.10390135435617547
10315,1.0,0.10390135435617547
10316,1.0,0.10394337714863498
10317,1.0,0.2421639192013002
10318,1.0,0.13397606382978725
10319,1.0,0.3118095238095238
10320,0.9999998,0.07925242488762715
10321,1.0,0.1036573045059608
10322,1.0,0.12673484295105916
10323,1.0,0.10390135435617547
10324,1.0,0.3376233376233376
10325,0.9994352,0.07519892412865628
10326,1.0,0.10390135435617547
10327,1.0,0.1054860830980234
10328,1.0,0.10390135435617547
10329,1.0,0.10390135435617547
10330,1.0,0.10462532821652192
10331,1.0,0.10390135435617547
10332,1.0,0.10394337714863498
10333,1.0,0.10389348396207383
10334,1.0,0.10374115267947422
10335,1.0,0.22398662766402005
10336,1.0,0.32816574905824397
10337,1.0,0.10390135435617547
10338,1.0,0.10390135435617547
10339,1.0,0.07766990291262135
10340,0.30107197,0.2849128670327047
10341,1.0,0.07977207977207977
10342,1.0,0.10390135435617547
10343,1.0,0.08410234899328858
10344,1.0,0.10390135435617547
10345,1.0,0.10390135435617547
10346,1.0,0.10390135435617547
10347,1.0,0.18512366186784793
10348,0.99999875,0.1681645696025564
10349,1.0,0.10394337714863498
10350,1.0,0.10390135435617547
10351,1.0,0.10390135435617547
10352,1.0,0.10374115267947422
10353,1.0,0.10390135435617547
10354,1.0,0.10390135435617547
10355,1.0,0.10390135435617547
10356,1.0,0.11593044173495902
10357,1.0,0.10390135435617547
10358,1.0,0.08425944635279854
10359,1.0,0.10402752479255212
10360,1.0,0.10394337714863498
10361,1.0,0.10390135435617547
10362,1.0,0.10355987055016182
10363,0.9999942,0.12930886640370434
10364,1.0,0.10390135435617547
10365,1.0,0.10390135435617547
10366,1.0,0.2279543265923786
10367,1.0,0.1034412955465587
10368,1.0,0.10394337714863498
10369,1.0,0.10351799433885968
10370,1.0,0.10390135435617547
10371,1.0,0.10390135435617547
10372,1.0,0.11228349591877364
10373,1.0,0.16932380428807037
10374,1.0,0.10390135435617547
10375,1.0,0.10390135435617547
10376,1.0,0.15606085391787994
10377,1.0,0.10390135435617547
10378,1.0,0.1053268765133172
10379,1.0,0.1305645361850286
10380,0.6948189,0.17025518341307816
10381,1.0,0.10390135435617547
10382,1.0,0.10390135435617547
10383,1.0,0.11179055990827441
10384,1.0,0.11043926729503824
10385,1.0,0.17720818735017518
10386,1.0,0.10390135435617547
10387,1.0,0.10656555577728996
10388,1.0,0.1740829446615404
10389,1.0,0.10321797207043108
10390,1.0,0.10390135435617547
10391,1.0,0.10390135435617547
10392,1.0,0.12334880399857194
10393,1.0,0.10390135435617547
10394,1.0,0.07991156032849021
10395,0.9921539,0.2003776751993286
10396,1.0,0.10390135435617547
10397,1.0,0.10390135435617547
10398,1.0,0.10390135435617547
10399,1.0,0.10390135435617547
10400,1.0,0.27216884548747833
10401,0.84647214,0.1634559252772913
10402,1.0,0.111303012857417
10403,1.0,0.10390135435617547
10404,1.0,0.205607476635514
10405,1.0,0.304342552159146
10406,1.0,0.10394337714863498
10407,1.0,0.10349706893066504
10408,1.0,0.10390135435617547
10409,1.0,0.10388564525870747
10410,1.0,0.10394337714863498
10411,1.0,0.10360178065560502
10412,1.0,0.08217716115261472
10413,1.0,0.13057562920508348
10414,1.0,0.10390135435617547
10415,1.0,0.29755799755799756
10416,1.0,0.10390135435617547
10417,0.99996114,0.20058055152394774
10418,1.0,0.10392236150424586
10419,1.0,0.10369921164342026
10420,1.0,0.10390135435617547
10421,1.0,0.10394337714863498
10422,1.0,0.10390135435617547
10423,0.28386474,0.13444709626093873
10424,1.0,0.10532615200478755
10425,1.0,0.07690536495510016
10426,1.0,0.6415581731762761
10427,1.0,0.10390135435617547
10428,1.0,0.30046110367395507
10429,1.0,0.1039983844911147
10430,0.99999994,0.10379079667545105
10431,1.0,0.10390135435617547
10432,1.0,0.11907293217095472
10433,1.0,0.10390135435617547
10434,1.0,0.10390135435617547
10435,1.0,0.10390135435617547
10436,1.0,0.10390135435617547
10437,1.0,0.10390135435617547
10438,1.0,0.10390135435617547
10439,1.0,0.10390135435617547
10440,1.0,0.10390135435617547
10441,1.0,0.10390135435617547
10442,0.99999994,0.1343737332792866
10443,1.0,0.10390135435617547
10444,1.0,0.10394337714863498
10445,1.0,0.10390135435617547
10446,1.0,0.10657550774180576
10447,1.0,0.12118700265251989
10448,1.0,0.10390135435617547
10449,1.0,0.10390135435617547
10450,1.0,0.10390135435617547
10451,1.0,0.13343799058084774
10452,1.0,0.10381741062411634
10453,1.0,0.1572006330226833
10454,1.0,0.10390135435617547
10455,0.9298005,0.8727485152370753
10456,1.0,0.10617185949593173
10457,1.0,0.33470025385666863
10458,1.0,0.12675611681136542
10459,1.0,0.10390135435617547
10460,1.0,0.10366470945535533
10461,1.0,0.10390135435617547
10462,0.99999994,0.10394337714863498
10463,1.0,0.10394337714863498
10464,1.0,0.1822721598002497
10465,1.0,0.22880168185003505
10466,1.0,0.10390135435617547
10467,1.0,0.10390135435617547
10468,1.0,0.10394337714863498
10469,1.0,0.10390135435617547
10470,1.0,0.10390135435617547
10471,0.99999267,0.16827240332585455
10472,1.0,0.10351799433885968
10473,1.0,0.25536220153783895
10474,1.0,0.10389348396207383
10475,1.0,0.10390135435617547
10476,1.0,0.10643863179074446
10477,1.0,0.10390135435617547
10478,1.0,0.11381303567869244
10479,1.0,0.10281319570937057
10480,1.0,0.10390135435617547
10481,0.99999297,0.1855464420305919
10482,1.0,0.10448963156835112
10483,1.0,0.10394337714863498
10484,1.0,0.10390135435617547
10485,1.0,0.1380561390108841
10486,1.0,0.2816530300929136
10487,1.0,0.10390135435617547
10488,0.51446766,0.312166024605443
10489,1.0,0.2155723416618245
10490,1.0,0.1041372351160444
10491,1.0,0.10394337714863498
10492,0.99982697,0.3266897746967071
10493,1.0,0.10390135435617547
10494,1.0,0.15576770087509945
10495,1.0,0.10390135435617547
10496,1.0,0.10175725378013895
10497,1.0,0.10642491131257391
10498,1.0,0.12319116527037319
10499,1.0,0.10394337714863498
10500,1.0,0.258369969563747
10501,1.0,0.31458573072497126
10502,1.0,0.10390135435617547
10503,1.0,0.10390135435617547
10504,1.0,0.06438068579426172
10505,1.0,0.12199069391058062
10506,1.0,0.10394337714863498
10507,1.0,0.10486291775065039
10508,1.0,0.10390135435617547
10509,1.0,0.10390135435617547
10510,1.0,0.10394337714863498
10511,1.0,0.10394337714863498
10512,1.0,0.10370670447640268
10513,1.0,0.1357315038012238
10514,1.0,0.10394337714863498
10515,1.0,0.10390135435617547
10516,1.0,0.1108419139915203
10517,1.0,0.10394337714863498
10518,1.0,0.10390135435617547
10519,1.0,0.11912479740680713
10520,1.0,0.10390135435617547
10521,1.0,0.10390135435617547
10522,1.0,0.10367825383993533
10523,1.0,0.2279380111924236
10524,0.99999964,0.08472735172713448
10525,1.0,0.10393828664230613
10526,1.0,0.13348779183746212
10527,0.15503637,0.4240875044584473
10528,1.0,0.10390135435617547
10529,1.0,0.10390135435617547
10530,1.0,0.10390135435617547
10531,0.87805736,0.417652806427098
10532,0.83686525,0.4592897358163707
10533,1.0,0.10390135435617547
10534,1.0,0.10390135435617547
10535,1.0,0.10779371849554091
10536,1.0,0.10390135435617547
10537,1.0,0.10394337714863498
10538,1.0,0.10369921164342026
10539,1.0,0.10394337714863498
10540,1.0,0.10390135435617547
10541,1.0,0.10390135435617547
10542,0.99937594,0.16510244547257105
10543,1.0,0.1039983844911147
10544,1.0,0.10390135435617547
10545,1.0,0.046740994854202404
10546,1.0,0.10394337714863498
10547,1.0,0.13524031912823506
10548,0.5088641,0.36034424946909577
10549,1.0,0.10394337714863498
10550,1.0,0.10390135435617547
10551,1.0,0.10390135435617547
10552,1.0,0.10610026172740085
10553,1.0,0.10390135435617547
10554,1.0,0.10390135435617547
10555,1.0,0.10390135435617547
10556,1.0,0.10390135435617547
10557,1.0,0.10390135435617547
10558,1.0,0.10505292590373477
10559,1.0,0.10394337714863498
10560,1.0,0.10390135435617547
10561,0.99999875,0.15523889354568315
10562,1.0,0.23429758670289277
10563,1.0,0.10390135435617547
10564,1.0,0.10465116279069768
10565,1.0,0.10533462657613966
10566,1.0,0.10390135435617547
10567,0.7088811,0.16152844116369952
10568,1.0,0.10390135435617547
10569,1.0,0.1374900079936051
10570,1.0,0.10390135435617547
10571,1.0,0.13856006209974772
10572,1.0,0.10390135435617547
10573,1.0,0.10390135435617547
10574,1.0,0.10303884081304085
10575,0.17419206,0.3208641273450824
10576,1.0,0.10364992942125428
10577,1.0,0.10390135435617547
10578,1.0,0.10390135435617547
10579,1.0,0.10372017792155278
10580,1.0,0.10359450726978998
10581,0.99999994,0.13789107763615296
10582,1.0,0.1066693451185215
10583,1.0,0.10390135435617547
10584,1.0,0.10394337714863498
10585,1.0,0.07115677321156773
10586,1.0,0.10390135435617547
10587,1.0,0.10390135435617547
10588,1.0,0.10914740726354633
10589,1.0,0.10390135435617547
10590,1.0,0.1056
10591,1.0,0.1374900079936051
10592,1.0,0.10390135435617547
10593,1.0,0.10394337714863498
10594,1.0,0.34857945675928814
10595,1.0,0.10390135435617547
10596,1.0,0.10390135435617547
10597,1.0,0.10390135435617547
10598,1.0,0.10390135435617547
10599,1.0,0.10394337714863498
10600,1.0,0.10390135435617547
10601,1.0,0.10390135435617547
10602,1.0,0.10394337714863498
10603,1.0,0.056538726729487475
10604,1.0,0.10394337714863498
10605,1.0,0.21822033898305085
10606,0.9999843,0.1972905636873248
10607,1.0,0.11936005752291928
10608,1.0,0.0840064620355412
10609,1.0,0.10394337714863498
10610,1.0,0.10390135435617547
10611,1.0,0.10363636363636364
10612,1.0,0.10554561717352415
10613,0.99999994,0.10108896650914322
10614,1.0,0.10390135435617547
10615,1.0,0.10390135435617547
10616,1.0,0.10390135435617547
10617,1.0,0.10390135435617547
10618,1.0,0.10390135435617547
10619,1.0,0.10390135435617547
10620,1.0,0.10390135435617547
10621,1.0,0.10390135435617547
10622,1.0,0.10390135435617547
10623,1.0,0.2907957462412908
10624,0.2667034,0.5607486407360937
10625,1.0,0.2849740932642487
10626,1.0,0.3238588864738338
10627,1.0,0.262025726948438
10628,0.99998623,0.1691114245416079
10629,1.0,0.10390135435617547
10630,1.0,0.11018590240123935
10631,1.0,0.10390135435617547
10632,1.0,0.34024259173959776
10633,1.0,0.10390135435617547
10634,1.0,0.08114357788522178
10635,1.0,0.10390135435617547
10636,1.0,0.10390135435617547
10637,1.0,0.10161521161316704
10638,1.0,0.1036573045059608
10639,0.9999769,0.13677758318739056
10640,1.0,0.10422991297308237
10641,1.0,0.10390135435617547
10642,1.0,0.12579169598874032
10643,1.0,0.10390135435617547
10644,1.0,0.09871507240465022
10645,1.0,0.10390135435617547
10646,0.15965459,0.055806319244973326
10647,1.0,0.10390135435617547
10648,1.0,0.07087601923478988
10649,1.0,0.10390135435617547
10650,1.0,0.2725710715401437
10651,0.26516154,0.513340807174888
10652,1.0,0.10390135435617547
10653,1.0,0.10394337714863498
10654,1.0,0.10526315789473684
10655,1.0,0.10390135435617547
10656,1.0,0.10394337714863498
10657,1.0,0.10390135435617547
10658,1.0,0.10394337714863498
10659,1.0,0.13697916666666668
10660,1.0,0.10390135435617547
10661,1.0,0.10390135435617547
10662,1.0,0.10390135435617547
10663,1.0,0.10254323499491352
10664,1.0,0.1054516514126542
10665,1.0,0.10390135435617547
10666,1.0,0.16750788643533124
10667,1.0,0.10390135435617547
10668,1.0,0.10389348396207383
10669,1.0,0.10390135435617547
10670,1.0,0.10390135435617547
10671,1.0,0.1048582995951417
10672,0.99891114,0.1471990464839094
10673,1.0,0.10394337714863498
10674,1.0,0.10390135435617547
10675,1.0,0.10614300100704935
10676,1.0,0.10425489009881024
10677,1.0,0.11684551183784704
10678,1.0,0.10392236150424586
10679,1.0,0.10394337714863498
10680,1.0,0.06445001138692781
10681,1.0,0.10394337714863498
10682,1.0,0.10198300283286119
10683,1.0,0.25534386617100374
10684,1.0,0.179061642126279
10685,1.0,0.10390135435617547
10686,1.0,0.17511768661735036
10687,1.0,0.10394337714863498
10688,1.0,0.10409521888238854
10689,1.0,0.09417753738466433
10690,1.0,0.10394337714863498
10691,1.0,0.10743639921722113
10692,1.0,0.10390135435617547
10693,1.0,0.10390135435617547
10694,1.0,0.11195880221247377
10695,1.0,0.10390135435617547
10696,1.0,0.10390135435617547
10697,1.0,0.3117640462038802
10698,1.0,0.10390135435617547
10699,1.0,0.10390135435617547
10700,1.0,0.12751059517228672
10701,1.0,0.10390135435617547
10702,1.0,0.11004882017900733
10703,1.0,0.10634441087613293
10704,1.0,0.10390135435617547
10705,1.0,0.10465116279069768
10706,1.0,0.10392236150424586
10707,1.0,0.10390135435617547
10708,1.0,0.10394337714863498
10709,1.0,0.10427968655816756
10710,1.0,0.10394337714863498
10711,0.9838737,0.13767090994813766
10712,1.0,0.10390135435617547
10713,1.0,0.10494450050454086
10714,1.0,0.10750302541347317
10715,1.0,0.2978555660674866
10716,1.0,0.10663172747429954
10717,1.0,0.10390135435617547
10718,1.0,0.10394337714863498
10719,1.0,0.10390135435617547
10720,1.0,0.10394337714863498
10721,1.0,0.10343434343434343
10722,1.0,0.15766738660907129
10723,1.0,0.10016522098306485
10724,1.0,0.10619826367857864
10725,1.0,0.10374115267947422
10726,1.0,0.25704843540225136
10727,0.9999978,0.09085239085239086
10728,1.0,0.10390135435617547
10729,1.0,0.10390135435617547
10730,1.0,0.10394337714863498
10731,1.0,0.10399032648125756
10732,0.99999774,0.19990288119132404
10733,1.0,0.10532615200478755
10734,1.0,0.10390135435617547
10735,1.0,0.1045500505561173
10736,1.0,0.10394337714863498
10737,1.0,0.10390135435617547
10738,1.0,0.12178111587982833
10739,1.0,0.1099006116207951
10740,1.0,0.10394337714863498
10741,0.99999946,0.08567448339911772
10742,1.0,0.10390135435617547
10743,1.0,0.10390135435617547
10744,0.657647,0.6604355175499652
10745,0.99999976,0.15343623667769202
10746,1.0,0.10394337714863498
10747,1.0,0.10394337714863498
10748,1.0,0.10390135435617547
10749,1.0,0.10390135435617547
10750,1.0,0.10390135435617547
10751,1.0,0.10390135435617547
10752,1.0,0.112482298199474
10753,1.0,0.10608764624231608
10754,1.0,0.10390135435617547
10755,1.0,0.10390135435617547
10756,1.0,0.1814611154752553
10757,1.0,0.10394337714863498
10758,1.0,0.33302116501217455
10759,1.0,0.10390135435617547
10760,1.0,0.10390135435617547
10761,1.0,0.10390135435617547
10762,1.0,0.10575212492587469
10763,1.0,0.1824055666003976
10764,1.0,0.31398702235039655
10765,1.0,0.10394337714863498
10766,1.0,0.10390135435617547
10767,1.0,0.10394337714863498
10768,1.0,0.10390135435617547
10769,1.0,0.10390135435617547
10770,1.0,0.10608203677510608
10771,0.83524877,0.40789954894550773
10772,1.0,0.10390135435617547
10773,1.0,0.10390135435617547
10774,1.0,0.10366470945535533
10775,1.0,0.2195505074915418
10776,1.0,0.10390135435617547
10777,1.0,0.10381741062411634
10778,1.0,0.10390135435617547
10779,1.0,0.10390135435617547
10780,1.0,0.1932359479199746
10781,1.0,0.12711530893349074
10782,1.0,0.109324143212713
10783,1.0,0.10390135435617547
10784,1.0,0.10390135435617547
10785,1.0,0.10394337714863498
10786,1.0,0.10388035569927244
10787,1.0,0.10390135435617547
10788,1.0,0.10390135435617547
10789,1.0,0.1034274193548387
10790,1.0,0.2214707152108217
10791,1.0,0.10394337714863498
10792,1.0,0.10394337714863498
10793,1.0,0.10390135435617547
10794,1.0,0.14245548266166824
10795,1.0,0.10394337714863498
10796,1.0,0.10374115267947422
10797,1.0,0.10394337714863498
10798,1.0,0.10462039487075107
10799,1.0,0.3340952839268527
10800,1.0,0.10399032648125756
10801,1.0,0.33692614770459084
10802,1.0,0.10390135435617547
10803,1.0,0.1104872668939242
10804,1.0,0.10372017792155278
10805,1.0,0.14786264891380518
10806,1.0,0.10352512155591573
10807,1.0,0.10390135435617547
10808,1.0,0.5394226626454115
10809,1.0,0.1043354943273906
10810,1.0,0.30644718792866943
10811,1.0,0.24198137609932746
10812,0.99560964,0.10866299449173761
10813,1.0,0.10390135435617547
10814,1.0,0.10390135435617547
10815,1.0,0.10448358686949559
10816,1.0,0.10390135435617547
10817,1.0,0.10390135435617547
10818,1.0,0.33374340949033393
10819,1.0,0.10390135435617547
10820,0.9999783,0.18173931901973542
10821,1.0,0.11101742551995503
10822,1.0,0.10379644588045234
10823,1.0,0.10390135435617547
10824,1.0,0.10390135435617547
10825,0.6630186,0.30670349516625944
10826,1.0,0.10394337714863498
10827,1.0,0.198989744374713
10828,1.0,0.17190029135642604
10829,1.0,0.10329492621790984
10830,1.0,0.10390135435617547
10831,1.0,0.10394337714863498
10832,1.0,0.14042636416976334
10833,1.0,0.10390135435617547
10834,1.0,0.10390135435617547
10835,1.0,0.10394337714863498
10836,1.0,0.10609116579265833
10837,1.0,0.11817188638018937
10838,1.0,0.3051742344244984
10839,1.0,0.20492424242424243
10840,1.0,0.2564730580825752
10841,1.0,0.10386717959101033
10842,1.0,0.10390135435617547
10843,1.0,0.10390135435617547
10844,1.0,0.10390135435617547
10845,1.0,0.10390135435617547
10846,1.0,0.10390135435617547
10847,1.0,0.10394337714863498
10848,1.0,0.10390135435617547
10849,1.0,0.10388035569927244
10850,1.0,0.2573802106512387
10851,1.0,0.08373369938229239
10852,1.0,0.2685323383084577
10853,1.0,0.30002367984844897
10854,1.0,0.10390135435617547
10855,1.0,0.10390135435617547
10856,1.0,0.10390135435617547
10857,1.0,0.10390135435617547
10858,1.0,0.10390135435617547
10859,0.85005426,0.14178390930200793
10860,1.0,0.10559127216052991
10861,1.0,0.1638830897703549
10862,1.0,0.10390135435617547
10863,1.0,0.18124142661179699
10864,1.0,0.10394337714863498
10865,1.0,0.24524955662528503
10866,1.0,0.10390135435617547
10867,1.0,0.1202493464709431
10868,1.0,0.10381741062411634
10869,1.0,0.10394337714863498
10870,1.0,0.13697916666666668
10871,1.0,0.10390135435617547
10872,1.0,0.10390135435617547
10873,1.0,0.10390135435617547
10874,1.0,0.10390135435617547
10875,0.99992394,0.19117961892528368
10876,1.0,0.3475336322869955
10877,1.0,0.10622782814347655
10878,0.9994993,0.10619469026548672
10879,1.0,0.10390135435617547
10880,1.0,0.10394337714863498
10881,1.0,0.10390135435617547
10882,1.0,0.09848484848484848
10883,1.0,0.10390135435617547
10884,1.0,0.10307816929931146
10885,1.0,0.06918525261720528
10886,1.0,0.3295206055508831
10887,1.0,0.10530546623794212
10888,1.0,0.10390135435617547
10889,1.0,0.10394337714863498
10890,1.0,0.1056
10891,1.0,0.10390135435617547
10892,1.0,0.10445068163592622
10893,1.0,0.10390135435617547
10894,1.0,0.11310951239008793
10895,1.0,0.10390135435617547
10896,1.0,0.10456464910516791
10897,1.0,0.13479750151118275
10898,1.0,0.10390135435617547
10899,0.9999996,0.1832
10900,1.0,0.10390135435617547
10901,0.9999986,0.2874922215308027
10902,1.0,0.10390135435617547
10903,1.0,0.10462532821652192
10904,1.0,0.10390135435617547
10905,0.9961024,0.15355857103295487
10906,1.0,0.19630390143737167
10907,1.0,0.10404040404040404
10908,1.0,0.10390135435617547
10909,0.17150585,0.07060789638604555
10910,1.0,0.10390135435617547
10911,1.0,0.10390135435617547
10912,1.0,0.10390135435617547
10913,1.0,0.10394337714863498
10914,1.0,0.10390135435617547
10915,1.0,0.10533707865168539
10916,1.0,0.10390135435617547
10917,1.0,0.10486291775065039
10918,1.0,0.33068469991546917
10919,1.0,0.10890332441727169
10920,1.0,0.10390135435617547
10921,1.0,0.10390135435617547
10922,1.0,0.10556117290192113
10923,1.0,0.16758826031475968
10924,1.0,0.17464672794622033
10925,1.0,0.10394337714863498
10926,1.0,0.10390135435617547
10927,1.0,0.10394337714863498
10928,1.0,0.10390135435617547
10929,1.0,0.1348819051337107
10930,1.0,0.10394337714863498
10931,1.0,0.10390135435617547
10932,0.8243939,0.33143542103685947
10933,1.0,0.10394337714863498
10934,1.0,0.16693376068376067
10935,1.0,0.10394337714863498
10936,1.0,0.09431728492501973
10937,1.0,0.10394337714863498
10938,1.0,0.12407809110629067
10939,1.0,0.10390135435617547
10940,1.0,0.10390135435617547
10941,0.24120788,0.22085168869309837
10942,1.0,0.09950835791543756
10943,1.0,0.15975924333619948
10944,1.0,0.10390135435617547
10945,1.0,0.10390135435617547
10946,1.0,0.11134574774428874
10947,1.0,0.10251903925014645
10948,1.0,0.21593923318061248
10949,1.0,0.10537848605577689
10950,1.0,0.10390135435617547
10951,1.0,0.10377548960226125
10952,1.0,0.1578479324144064
10953,1.0,0.11097659402744149
10954,0.8076065,0.20158359293873312
10955,1.0,0.10803212851405622
10956,1.0,0.10390135435617547
10957,1.0,0.10390135435617547
10958,1.0,0.5241221214963009
10959,1.0,0.10390135435617547
10960,1.0,0.10390135435617547
10961,1.0,0.10390135435617547
10962,1.0,0.10560257960499798
10963,1.0,0.10406342913776016
10964,1.0,0.10394337714863498
10965,1.0,0.10527363184079602
10966,1.0,0.07807737397420868
10967,1.0,0.10390135435617547
10968,1.0,0.10396440129449838
10969,1.0,0.10390135435617547
10970,1.0,0.10337169392287503
10971,1.0,0.10401939002221773
10972,0.9662857,0.4140237324703344
10973,1.0,0.10394337714863498
10974,1.0,0.10390135435617547
10975,1.0,0.08277325787053413
10976,1.0,0.3027103132699754
10977,0.9907364,0.2757207890743551
10978,1.0,0.10390135435617547
10979,1.0,0.10390135435617547
10980,1.0,0.10390135435617547
10981,0.90986973,0.0141287284144427
10982,1.0,0.10390135435617547
10983,1.0,0.26476242790442184
10984,1.0,0.10390135435617547
10985,1.0,0.10390135435617547
10986,1.0,0.10390135435617547
10987,1.0,0.1308931768450368
10988,1.0,0.10390135435617547
10989,1.0,0.10390135435617547
10990,1.0,0.18045620191658793
10991,1.0,0.32465065798399134
10992,1.0,0.10596955128205128
10993,0.99714935,0.2576476793248945
10994,1.0,0.32227891156462585
10995,1.0,0.1876976597090449
10996,1.0,0.10394337714863498
10997,1.0,0.10319708619991906
10998,1.0,0.10374115267947422
10999,1.0,0.10440226171243942
11000,1.0,0.10394337714863498
11001,0.9999995,0.19740609735556677
11002,1.0,0.10390135435617547
11003,1.0,0.10390135435617547
11004,1.0,0.10369921164342026
11005,1.0,0.14681386790625606
11006,1.0,0.3370143149284254
11007,1.0,0.10464420968706398
11008,1.0,0.23858015711376201
11009,1.0,0.10394337714863498
11010,1.0,0.10390135435617547
11011,1.0,0.10610026172740085
11012,1.0,0.10390135435617547
11013,1.0,0.10390135435617547
11014,1.0,0.10394337714863498
11015,1.0,0.10390135435617547
11016,1.0,0.10394337714863498
11017,1.0,0.10379079667545105
11018,0.54202,0.43687672395501803
11019,0.22507426,0.11348910268996662
11020,1.0,0.10394337714863498
11021,0.89973885,0.12139156180606958
11022,1.0,0.10390135435617547
11023,1.0,0.10394337714863498
11024,1.0,0.10672716512132571
11025,1.0,0.20590370191144447
11026,1.0,0.10394337714863498
11027,1.0,0.10496568429551877
11028,1.0,0.10390135435617547
11029,1.0,0.10390135435617547
11030,1.0,0.10390135435617547
11031,1.0,0.10394337714863498
11032,1.0,0.10385936552838958
11033,1.0,0.10394337714863498
11034,1.0,0.1210762331838565
11035,1.0,0.10390135435617547
11036,1.0,0.294672852343625
11037,1.0,0.08082064034815045
11038,1.0,0.10390135435617547
11039,1.0,0.10390135435617547
11040,1.0,0.10394337714863498
11041,1.0,0.1048158640226629
11042,0.2119642,0.29863709246392306
11043,1.0,0.10390135435617547
11044,0.69630665,0.10204081632653061
11045,1.0,0.10390135435617547
11046,0.996056,0.20919665576154126
11047,1.0,0.10394337714863498
11048,1.0,0.10369921164342026
11049,1.0,0.10411622276029056
11050,1.0,0.10390135435617547
11051,1.0,0.10232558139534884
11052,1.0,0.16568047337278108
11053,1.0,0.10164333536214243
11054,1.0,0.10390135435617547
11055,1.0,0.10390135435617547
11056,0.999997,0.18003194888178914
11057,1.0,0.10390135435617547
11058,1.0,0.10390135435617547
11059,1.0,0.09030160736861116
11060,1.0,0.10390135435617547
11061,1.0,0.10374115267947422
11062,1.0,0.19584627329192547
11063,1.0,0.2744667503136763
11064,1.0,0.08730741012472487
11065,1.0,0.19402652401649392
11066,1.0,0.10390135435617547
11067,1.0,0.10390135435617547
11068,0.99999386,0.26130128037627387
11069,1.0,0.10856206472757067
11070,1.0,0.10390135435617547
11071,1.0,0.12575550789627607
11072,0.35413316,0.7754079024965599
11073,1.0,0.10390135435617547
11074,1.0,0.08869106495219255
11075,1.0,0.10390135435617547
11076,1.0,0.10394337714863498
11077,1.0,0.10823577736701581
11078,1.0,0.10390135435617547
11079,0.99999976,0.16784518049869743
11080,1.0,0.10857828434313137
11081,1.0,0.10394337714863498
11082,1.0,0.18205283935621014
11083,1.0,0.10390135435617547
11084,1.0,0.10174944701387492
11085,1.0,0.10390135435617547
11086,1.0,0.12405541561712846
11087,1.0,0.11254019292604502
11088,1.0,0.17084596307522734
11089,1.0,0.10390135435617547
11090,1.0,0.20648040998512152
11091,1.0,0.10390135435617547
11092,1.0,0.3321436538032567
11093,1.0,0.10495685330122416
11094,0.99999994,0.10390135435617547
11095,1.0,0.10390135435617547
11096,1.0,0.17290949584936222
11097,1.0,0.10394337714863498
11098,1.0,0.26019813519813517
11099,0.45708963,0.35643450184501846
11100,1.0,0.10478680611423974
11101,1.0,0.10390135435617547
11102,1.0,0.10394337714863498
11103,1.0,0.32367042033671534
11104,1.0,0.10390135435617547
11105,0.9999992,0.21009479887266205
11106,1.0,0.2619311875693674
11107,1.0,0.10390135435617547
11108,1.0,0.10390135435617547
11109,1.0,0.10394337714863498
11110,1.0,0.10390135435617547
11111,1.0,0.10390135435617547
11112,0.81725246,0.28231173380035024
11113,1.0,0.10390135435617547
11114,1.0,0.12405541561712846
11115,1.0,0.10367825383993533
11116,1.0,0.10598705501618123
11117,1.0,0.09416767922235723
11118,1.0,0.10351799433885968
11119,1.0,0.10390135435617547
11120,1.0,0.10394337714863498
11121,1.0,0.10390135435617547
11122,1.0,0.10394337714863498
11123,1.0,0.24407640232108319
11124,1.0,0.10390135435617547
11125,1.0,0.10390135435617547
11126,1.0,0.1542918744104568
11127,1.0,0.10388035569927244
11128,1.0,0.10377548960226125
11129,1.0,0.10390135435617547
11130,1.0,0.10390135435617547
11131,1.0,0.10390135435617547
11132,1.0,0.10385936552838958
11133,1.0,0.14901834567106534
11134,1.0,0.07991156032849021
11135,1.0,0.10390135435617547
11136,1.0,0.10390135435617547
11137,1.0,0.11631205673758865
11138,1.0,0.10390135435617547
11139,1.0,0.10369921164342026
11140,1.0,0.10390135435617547
11141,1.0,0.28361537452446545
11142,1.0,0.10390135435617547
11143,1.0,0.10390135435617547
11144,1.0,0.05102763997165131
11145,1.0,0.0932132383745287
11146,1.0,0.10390135435617547
11147,1.0,0.12186689714779603
11148,0.99965036,0.081840300818403
11149,1.0,0.10390135435617547
11150,1.0,0.10414987912973409
11151,1.0,0.10377548960226125
11152,1.0,0.1127382146439318
11153,1.0,0.10394337714863498
11154,0.27329093,0.24404685287681813
11155,1.0,0.10394337714863498
11156,1.0,0.10390135435617547
11157,0.99888474,0.14534707487117307
11158,1.0,0.06951640759930916
11159,1.0,0.10364258402092977
11160,1.0,0.10390135435617547
11161,1.0,0.10390135435617547
11162,1.0,0.10390135435617547
11163,1.0,0.3201704079960675
11164,1.0,0.10390135435617547
11165,1.0,0.10390135435617547
11166,1.0,0.10394337714863498
11167,1.0,0.19076828707253488
11168,1.0,0.15030032127392093
11169,1.0,0.10349706893066504
11170,1.0,0.1074964639321075
11171,1.0,0.10390135435617547
11172,1.0,0.10394842868654311
11173,1.0,0.10390135435617547
11174,1.0,0.10390135435617547
11175,1.0,0.10390135435617547
11176,1.0,0.10390135435617547
11177,1.0,0.24134730141890995
11178,0.99999994,0.10390135435617547
11179,1.0,0.10379644588045234
11180,1.0,0.10390135435617547
11181,1.0,0.10390135435617547
11182,1.0,0.10394337714863498
11183,1.0,0.10442334881842052
11184,1.0,0.10372017792155278
11185,1.0,0.20100058858151854
11186,1.0,0.1248249649929986
11187,0.4759917,0.12048192771084337
11188,1.0,0.10390135435617547
11189,1.0,0.10390135435617547
11190,1.0,0.1676829268292683
11191,1.0,0.13129717395120238
11192,1.0,0.10390135435617547
11193,1.0,0.12326003631228566
11194,1.0,0.10390135435617547
11195,1.0,0.10390135435617547
11196,1.0,0.10390135435617547
11197,1.0,0.10390135435617547
11198,1.0,0.12975882001195935
11199,1.0,0.10390135435617547
11200,1.0,0.20595263958288074
11201,1.0,0.10390135435617547
11202,1.0,0.10380412788344799
11203,1.0,0.10390135435617547
11204,1.0,0.10541026152924736
11205,1.0,0.10360178065560502
11206,1.0,0.10388035569927244
11207,1.0,0.1533372537488974
11208,1.0,0.10390135435617547
11209,1.0,0.11162790697674418
11210,1.0,0.10394337714863498
11211,1.0,0.10390135435617547
11212,1.0,0.10390135435617547
11213,1.0,0.10436698717948718
11214,0.38639548,0.08630952380952381
11215,1.0,0.10390135435617547
11216,1.0,0.10394337714863498
11217,1.0,0.10390135435617547
11218,1.0,0.10390135435617547
11219,1.0,0.10390135435617547
11220,1.0,0.20472338204592902
11221,1.0,0.10390135435617547
11222,1.0,0.3077013521457966
11223,1.0,0.13449023861171366
11224,1.0,0.10390135435617547
11225,1.0,0.1320419055149239
11226,1.0,0.10390135435617547
11227,1.0,0.10385936552838958
11228,1.0,0.10394337714863498
11229,1.0,0.10369921164342026
11230,1.0,0.1985505435461702
11231,1.0,0.11042826963702708
11232,1.0,0.29988348383338187
11233,1.0,0.10390135435617547
11234,1.0,0.23196380533137687
11235,1.0,0.2839359810314167
11236,1.0,0.10390135435617547
11237,1.0,0.10390135435617547
11238,1.0,0.31695988740323716
11239,1.0,0.10390135435617547
11240,1.0,0.10394337714863498
11241,1.0,0.10390135435617547
11242,1.0,0.10390135435617547
11243,1.0,0.2128920364214482
11244,1.0,0.10390135435617547
11245,1.0,0.10301558388990083
11246,1.0,0.14285714285714285
11247,1.0,0.1353050768514206
11248,0.9999997,0.10734017363851618
11249,1.0,0.19698344295758674
11250,1.0,0.10673394139336309
11251,1.0,0.18860971524288106
11252,1.0,0.10394337714863498
11253,1.0,0.10465819721718088
11254,0.99841756,0.23532818532818534
11255,1.0,0.10390135435617547
11256,1.0,0.10390135435617547
11257,1.0,0.10390135435617547
11258,1.0,0.10390135435617547
11259,1.0,0.1157495256166983
11260,1.0,0.10390135435617547
11261,1.0,0.10442334881842052
11262,0.84717846,0.22685770473381092
11263,1.0,0.10394337714863498
11264,1.0,0.10390135435617547
11265,1.0,0.10390135435617547
11266,1.0,0.10390135435617547
11267,1.0,0.10418359057676686
11268,1.0,0.17063560047969847
11269,1.0,0.10390135435617547
11270,1.0,0.10390135435617547
11271,1.0,0.21488230827638571
11272,1.0,0.10591961987725203
11273,1.0,0.2624370594159114
11274,1.0,0.10390135435617547
11275,1.0,0.11882998171846434
11276,1.0,0.10390135435617547
11277,1.0,0.10394337714863498
11278,1.0,0.10390135435617547
11279,1.0,0.10608455156064797
11280,1.0,0.16648311306901614
11281,1.0,0.10394337714863498
11282,1.0,0.10390135435617547
11283,1.0,0.1835334476843911
11284,1.0,0.10390135435617547
11285,1.0,0.10390135435617547
11286,1.0,0.11092182472080257
11287,1.0,0.10390135435617547
11288,1.0,0.10372017792155278
11289,1.0,0.10390135435617547
11290,1.0,0.12030960794211677
11291,1.0,0.10390135435617547
11292,1.0,0.10285482891273537
11293,1.0,0.10392236150424586
11294,1.0,0.10390135435617547
11295,1.0,0.11454617518826793
11296,1.0,0.10346223931970035
11297,1.0,0.08814719726144629
11298,1.0,0.10401939002221773
11299,1.0,0.16418966737438076
11300,0.73321575,0.12709457540471458
11301,1.0,0.1514978601997147
11302,1.0,0.11401043757527098
11303,1.0,0.10369921164342026
11304,1.0,0.13173173173173172
11305,1.0,0.10709987966305656
11306,1.0,0.10394337714863498
11307,1.0,0.10390135435617547
11308,1.0,0.10390135435617547
11309,1.0,0.1908034691539846
11310,1.0,0.10444444444444445
11311,1.0,0.10753945061367622
11312,1.0,0.18561236623067776
11313,1.0,0.12105451936872309
11314,1.0,0.10390135435617547
11315,1.0,0.1035880802756943
11316,1.0,0.1490966221523959
11317,1.0,0.10673930589184827
11318,1.0,0.10390135435617547
11319,1.0,0.10390135435617547
11320,1.0,0.08476261496395725
11321,1.0,0.10390135435617547
11322,1.0,0.10390135435617547
11323,1.0,0.10390135435617547
11324,1.0,0.10446554859567589
11325,1.0,0.10390135435617547
11326,1.0,0.11572926596758817
11327,1.0,0.10394337714863498
11328,1.0,0.10390135435617547
11329,1.0,0.10390135435617547
11330,1.0,0.10390135435617547
11331,1.0,0.1048
11332,1.0,0.10609076433121019
11333,1.0,0.3495349141883925
11334,1.0,0.09417753738466433
11335,1.0,0.10390135435617547
11336,1.0,0.10390135435617547
11337,1.0,0.23692307692307693
11338,1.0,0.10394337714863498
11339,1.0,0.10390135435617547
11340,1.0,0.10394337714863498
11341,1.0,0.10390135435617547
11342,0.9999632,0.17566718995290423
11343,1.0,0.11393164101539077
11344,1.0,0.5542820069204152
11345,1.0,0.10390135435617547
11346,1.0,0.10390135435617547
11347,1.0,0.10389348396207383
11348,0.64873946,0.7090261282660333
11349,1.0,0.10390135435617547
11350,1.0,0.10373360242179616
11351,1.0,0.10390135435617547
11352,1.0,0.10394337714863498
11353,1.0,0.1227739367274251
11354,1.0,0.10390135435617547
11355,1.0,0.19335548172757475
11356,1.0,0.10394337714863498
11357,1.0,0.10390135435617547
11358,1.0,0.10390135435617547
11359,1.0,0.10394337714863498
11360,1.0,0.1017744238221497
11361,1.0,0.10377548960226125
11362,1.0,0.10409521888238854
11363,1.0,0.10390135435617547
11364,1.0,0.10982329469884096
11365,0.99999994,0.10394337714863498
11366,1.0,0.10394337714863498
11367,1.0,0.10390135435617547
11368,1.0,0.10390135435617547
11369,0.87850696,0.22879377431906614
11370,1.0,0.10394337714863498
11371,1.0,0.10390135435617547
11372,1.0,0.3162943871706758
11373,1.0,0.10390135435617547
11374,1.0,0.10390135435617547
11375,1.0,0.06438068579426172
11376,1.0,0.09552177485620378
11377,1.0,0.13943910570700138
11378,1.0,0.10394337714863498
11379,1.0,0.10425489009881024
11380,1.0,0.10394337714863498
11381,1.0,0.10390135435617547
11382,1.0,0.10395639886960033
11383,1.0,0.10394337714863498
11384,1.0,0.10394337714863498
11385,1.0,0.10394337714863498
11386,1.0,0.10659694288012872
11387,1.0,0.10301558388990083
11388,1.0,0.31032412965186074
11389,1.0,0.17110492845786962
11390,1.0,0.13683360258481422
11391,1.0,0.10390135435617547
11392,1.0,0.10369921164342026
11393,1.0,0.10077677841373671
11394,1.0,0.10372771474878444
11395,1.0,0.10394337714863498
11396,1.0,0.10390135435617547
11397,1.0,0.10394337714863498
11398,1.0,0.10772029102667745
11399,1.0,0.10390135435617547
11400,1.0,0.034782608695652174
11401,1.0,0.10689170182841069
11402,1.0,0.10390135435617547
11403,1.0,0.10394337714863498
11404,1.0,0.10233029381965553
11405,1.0,0.10390135435617547
11406,1.0,0.10369921164342026
11407,1.0,0.10371267150928168
11408,1.0,0.10394337714863498
11409,1.0,0.10633260998224502
11410,1.0,0.10390135435617547
11411,1.0,0.10369921164342026
11412,1.0,0.08747094865835622
11413,0.99998707,0.1679673643135864
11414,1.0,0.10390135435617547
11415,1.0,0.10390135435617547
11416,1.0,0.09963325183374083
11417,1.0,0.33625847626645394
11418,1.0,0.10390135435617547
11419,1.0,0.10379644588045234
11420,1.0,0.10390135435617547
11421,1.0,0.10421286031042129
11422,1.0,0.10656555577728996
11423,1.0,0.10083350274446026
11424,1.0,0.11330337956632154
11425,1.0,0.10394337714863498
11426,1.0,0.21832688588007737
11427,1.0,0.10394337714863498
11428,1.0,0.10371267150928168
11429,1.0,0.11160199769496734
11430,1.0,0.10613861386138614
11431,1.0,0.10390135435617547
11432,1.0,0.10390135435617547
11433,1.0,0.10358890701468189
11434,1.0,0.1055184960582171
11435,1.0,0.10390135435617547
11436,1.0,0.10390135435617547
11437,1.0,0.10394337714863498
11438,1.0,0.10390135435617547
11439,1.0,0.10390135435617547
11440,1.0,0.10390135435617547
11441,1.0,0.10394337714863498
11442,1.0,0.10249644814288614
11443,1.0,0.10551368504561681
11444,1.0,0.10384615384615385
11445,1.0,0.10381741062411634
11446,1.0,0.10394337714863498
11447,1.0,0.10822342901474011
11448,1.0,0.10390135435617547
11449,1.0,0.10390135435617547
11450,1.0,0.10394337714863498
11451,0.9999995,0.13261433992410626
11452,1.0,0.10390135435617547
11453,1.0,0.10390135435617547
11454,1.0,0.10390135435617547
11455,1.0,0.22139521307647403
11456,1.0,0.10390135435617547
11457,1.0,0.10945373916549082
11458,1.0,0.164205392223276
11459,1.0,0.10390135435617547
11460,1.0,0.10394337714863498
11461,1.0,0.16675271037687145
11462,1.0,0.10390135435617547
11463,1.0,0.10407422347720856
11464,1.0,0.10652920962199312
11465,1.0,0.10394337714863498
11466,1.0,0.10390135435617547
11467,1.0,0.07977207977207977
11468,1.0,0.029472595656670115
11469,1.0,0.10369921164342026
11470,1.0,0.10600564288593309
11471,1.0,0.10390135435617547
11472,1.0,0.10394337714863498
11473,1.0,0.10394337714863498
11474,1.0,0.10394337714863498
11475,1.0,0.13129717395120238
11476,1.0,0.10394337714863498
11477,1.0,0.10390135435617547
11478,1.0,0.14298964291235122
11479,1.0,0.10390135435617547
11480,1.0,0.10390135435617547
11481,1.0,0.10390135435617547
11482,1.0,0.19646278555637436
11483,1.0,0.10390135435617547
11484,1.0,0.08238191179762704
11485,1.0,0.11122345803842265
11486,1.0,0.10544286001205061
11487,1.0,0.10390135435617547
11488,1.0,0.11160199769496734
11489,1.0,0.10390135435617547
11490,1.0,0.10390135435617547
11491,1.0,0.10390135435617547
11492,1.0,0.10390135435617547
11493,1.0,0.1799383275893343
11494,1.0,0.10394337714863498
11495,1.0,0.11639313337106207
11496,1.0,0.15176908752327747
11497,1.0,0.10390135435617547
11498,1.0,0.10390135435617547
11499,1.0,0.10390135435617547
11500,1.0,0.25789282690214105
11501,0.9999998,0.07130520602023192
11502,1.0,0.10372017792155278
11503,1.0,0.10394337714863498
11504,1.0,0.1274907423734791
11505,1.0,0.10390135435617547
11506,0.999999,0.1001910422415623
11507,1.0,0.10394337714863498
11508,1.0,0.2076923076923077
11509,1.0,0.15152616279069767
11510,1.0,0.12854783000450518
11511,1.0,0.10994863990869318
11512,1.0,0.033366045142296366
11513,1.0,0.20215887654579753
11514,1.0,0.10394337714863498
11515,1.0,0.10390135435617547
11516,1.0,0.17971255493526547
11517,1.0,0.10488390712570056
11518,1.0,0.3217255717255717
11519,1.0,0.13348779183746212
11520,1.0,0.10390135435617547
11521,1.0,0.1066154157394295
11522,1.0,0.02457562705852546
11523,0.9999997,0.12515883100381195
11524,1.0,0.10390135435617547
11525,1.0,0.1041372351160444
11526,1.0,0.11704270749395648
11527,1.0,0.10377548960226125
11528,1.0,0.10390135435617547
11529,1.0,0.10394337714863498
11530,1.0,0.10390135435617547
11531,1.0,0.23506382978723403
11532,1.0,0.10390135435617547
11533,1.0,0.10390135435617547
11534,1.0,0.10390135435617547
11535,1.0,0.048841059602649006
11536,1.0,0.19335548172757475
11537,1.0,0.1835334476843911
11538,1.0,0.10390135435617547
11539,1.0,0.10390135435617547
11540,1.0,0.10914740726354633
11541,1.0,0.10390135435617547
11542,1.0,0.10390135435617547
11543,1.0,0.10390135435617547
11544,1.0,0.12157586949830718
11545,1.0,0.10390135435617547
11546,1.0,0.10671221864951769
11547,1.0,0.10390135435617547
11548,1.0,0.11160199769496734
11549,1.0,0.1122715404699739
11550,1.0,0.11019773383692513
11551,1.0,0.1734258271077908
11552,1.0,0.10388035569927244
11553,1.0,0.11034618410700237
11554,1.0,0.10390135435617547
11555,1.0,0.10394337714863498
11556,1.0,0.1085899513776337
11557,1.0,0.1850405527185341
11558,1.0,0.32190091907644025
11559,1.0,0.1086747451432968
11560,1.0,0.10383838383838384
11561,1.0,0.10367825383993533
11562,0.99996394,0.16353008269175934
11563,1.0,0.10390135435617547
11564,1.0,0.10390135435617547
11565,1.0,0.10394337714863498
11566,1.0,0.10390135435617547
11567,1.0,0.1211556383970177
11568,1.0,0.10390135435617547
11569,1.0,0.10394337714863498
11570,1.0,0.10390135435617547
11571,0.8492064,0.6124765673817955
11572,1.0,0.10665322580645162
11573,1.0,0.19270497094899935
11574,1.0,0.10422991297308237
11575,1.0,0.09918016396720655
11576,1.0,0.10390135435617547
11577,0.99998254,0.16013726050900773
11578,0.90141875,0.5113469216221895
11579,1.0,0.10390135435617547
11580,1.0,0.05215742057847321
11581,1.0,0.10390135435617547
11582,1.0,0.10854058222479275
11583,1.0,0.10394337714863498
11584,1.0,0.09711804184761152
11585,1.0,0.11323641928079571
11586,1.0,0.10390135435617547
11587,1.0,0.10394337714863498
11588,1.0,0.1045135406218656
11589,1.0,0.24540964923388628
11590,1.0,0.10390135435617547
11591,1.0,0.10394337714863498
11592,1.0,0.10390135435617547
11593,1.0,0.10390135435617547
11594,1.0,0.10390135435617547
11595,1.0,0.10301558388990083
11596,0.9920856,0.14848161147566
11597,1.0,0.11209677419354838
11598,1.0,0.33203941475067184
11599,1.0,0.10390135435617547
11600,1.0,0.10370670447640268
11601,1.0,0.10392236150424586
11602,1.0,0.10377548960226125
11603,1.0,0.1835334476843911
11604,1.0,0.10394337714863498
11605,0.99983525,0.14099783080260303
11606,1.0,0.10390135435617547
11607,1.0,0.10390135435617547
11608,1.0,0.10394337714863498
11609,1.0,0.10390135435617547
11610,1.0,0.10390135435617547
11611,1.0,0.10390135435617547
11612,1.0,0.10686254779633729
11613,1.0,0.29925187032418954
11614,1.0,0.10390135435617547
11615,1.0,0.1708023159636063
11616,1.0,0.19907864429088515
11617,1.0,0.10390135435617547
11618,1.0,0.10390135435617547
11619,1.0,0.11533320603398893
11620,0.68457687,0.5508150533306501
11621,1.0,0.10390135435617547
11622,1.0,0.10390135435617547
11623,1.0,0.10392236150424586
11624,1.0,0.10390135435617547
11625,1.0,0.10363636363636364
11626,1.0,0.31593439482820546
11627,1.0,0.10390135435617547
11628,0.8057198,0.44687232219365897
11629,1.0,0.10372017792155278
11630,0.79168826,0.218639798488665
11631,1.0,0.10394337714863498
11632,1.0,0.18510613067710185
11633,1.0,0.10390135435617547
11634,1.0,0.10556117290192113
11635,1.0,0.10394337714863498
11636,1.0,0.210989010989011
11637,1.0,0.10692710430930326
11638,1.0,0.10407422347720856
11639,1.0,0.10381741062411634
11640,0.9928512,0.30865416255347156
11641,1.0,0.31302812460587714
11642,1.0,0.10390135435617547
11643,1.0,0.10394337714863498
11644,1.0,0.10404858299595142
11645,1.0,0.10426348757324712
11646,1.0,0.20910331142254743
11647,1.0,0.10385936552838958
11648,1.0,0.08987341772151898
11649,1.0,0.10390135435617547
11650,1.0,0.10390135435617547
11651,1.0,0.10390135435617547
11652,1.0,0.10390135435617547
11653,1.0,0.10390135435617547
11654,1.0,0.10390135435617547
11655,1.0,0.10390135435617547
11656,1.0,0.2459078797106966
11657,1.0,0.10349025974025974
11658,1.0,0.10456464910516791
11659,1.0,0.10394337714863498
11660,1.0,0.10390135435617547
11661,1.0,0.10305112143867448
11662,0.5002842,0.3356574923547401
11663,1.0,0.10394337714863498
11664,1.0,0.19880200744698073
11665,1.0,0.10390135435617547
11666,1.0,0.12334880399857194
11667,1.0,0.10390135435617547
11668,1.0,0.10390135435617547
11669,1.0,0.10394337714863498
11670,0.9999992,0.14806149732620322
11671,1.0,0.10597340742210756
11672,1.0,0.1475229357798165
11673,1.0,0.10390135435617547
11674,1.0,0.10394337714863498
11675,1.0,0.11195880221247377
11676,1.0,0.10394337714863498
11677,1.0,0.10390135435617547
11678,1.0,0.10420438543552606
11679,1.0,0.32007469654528475
11680,1.0,0.10394337714863498
11681,1.0,0.3242485419470615
11682,1.0,0.10394337714863498
11683,0.9999689,0.15682015638575153
11684,1.0,0.10390135435617547
11685,1.0,0.1036573045059608
11686,1.0,0.10390135435617547
11687,1.0,0.11962071480671042
11688,1.0,0.2951146560319043
11689,1.0,0.10507246376811594
11690,1.0,0.18572952471257556
11691,1.0,0.10802348336594912
11692,1.0,0.10390135435617547
11693,1.0,0.10390135435617547
11694,1.0,0.18344684631329583
11695,1.0,0.21970975362807965
11696,1.0,0.10394337714863498
11697,0.9999981,0.18207190937448695
11698,1.0,0.10394337714863498
11699,1.0,0.10329492621790984
11700,1.0,0.1036573045059608
11701,1.0,0.10394337714863498
11702,0.9977338,0.1523059928196631
11703,1.0,0.10394337714863498
11704,1.0,0.10369921164342026
11705,1.0,0.29663560259042804
11706,1.0,0.10390135435617547
11707,1.0,0.10394337714863498
11708,1.0,0.10390135435617547
11709,1.0,0.10390135435617547
11710,1.0,0.10390135435617547
11711,1.0,0.10390135435617547
11712,1.0,0.10394337714863498
11713,1.0,0.30549110595514306
11714,1.0,0.2345154845154845
11715,1.0,0.10267857142857142
11716,1.0,0.10390135435617547
11717,1.0,0.10280751363360938
11718,1.0,0.10390135435617547
11719,1.0,0.10394337714863498
11720,1.0,0.10390135435617547
11721,1.0,0.10390135435617547
11722,1.0,0.10390135435617547
11723,1.0,0.10459235282217277
11724,1.0,0.2885980129317142
11725,1.0,0.10390135435617547
11726,1.0,0.10295905958654236
11727,1.0,0.10390135435617547
11728,1.0,0.10390135435617547
11729,1.0,0.10394337714863498
11730,1.0,0.10794877007521854
11731,1.0,0.10390135435617547
11732,1.0,0.10390135435617547
11733,1.0,0.10390135435617547
11734,1.0,0.10394337714863498
11735,1.0,0.10390135435617547
11736,1.0,0.10373360242179616
11737,1.0,0.10390135435617547
11738,1.0,0.10390135435617547
11739,1.0,0.263969465648855
11740,1.0,0.10390135435617547
11741,0.2696356,0.21243284727551803
11742,1.0,0.11918784872907626
11743,1.0,0.1048
11744,1.0,0.10390135435617547
11745,1.0,0.10390135435617547
11746,1.0,0.10394337714863498
11747,1.0,0.17110492845786962
11748,1.0,0.10390135435617547
11749,1.0,0.10390135435617547
11750,1.0,0.10390135435617547
11751,1.0,0.10385936552838958
11752,0.9999961,0.21835200245511738
11753,1.0,0.10390135435617547
11754,1.0,0.19757958431991582
11755,1.0,0.20978682170542637
11756,1.0,0.10390135435617547
11757,0.4258263,0.4139814309120699
11758,1.0,0.10390135435617547
11759,1.0,0.20960024695169008
11760,1.0,0.18777885548011639
11761,1.0,0.10390135435617547
11762,1.0,0.19799585348997928
11763,1.0,0.11134574774428874
11764,1.0,0.10390135435617547
11765,1.0,0.10390135435617547
11766,1.0,0.10390135435617547
11767,1.0,0.10390135435617547
11768,1.0,0.10390135435617547
11769,1.0,0.10394337714863498
11770,1.0,0.10390135435617547
11771,1.0,0.10390135435617547
11772,1.0,0.10390135435617547
11773,1.0,0.10394337714863498
11774,1.0,0.19335548172757475
11775,1.0,0.08922596475574392
11776,1.0,0.12353506243996158
11777,1.0,0.1300103842159917
11778,1.0,0.1048078857372762
11779,1.0,0.10390135435617547
11780,1.0,0.10390135435617547
11781,1.0,0.10394337714863498
11782,0.9997585,0.16657549234135668
11783,1.0,0.10390135435617547
11784,1.0,0.1814611154752553
11785,1.0,0.10390135435617547
11786,1.0,0.10394337714863498
11787,1.0,0.10390135435617547
11788,1.0,0.4084037349933304
11789,1.0,0.0840064620355412
11790,1.0,0.3374153580175767
11791,1.0,0.10390135435617547
11792,1.0,0.11672216056233814
11793,1.0,0.10392236150424586
11794,1.0,0.10390135435617547
11795,1.0,0.10394337714863498
11796,1.0,0.2605710155402963
11797,1.0,0.09540405140492267
11798,1.0,0.19335548172757475
11799,0.99999994,0.15437874251497005
11800,1.0,0.2428807263722658
11801,1.0,0.10390135435617547
11802,1.0,0.026045996120809087
11803,0.9999999,0.041234627441523994
11804,1.0,0.10283400809716599
11805,1.0,0.10390135435617547
11806,1.0,0.10390135435617547
11807,1.0,0.10390135435617547
11808,1.0,0.10688550840672538
11809,1.0,0.20519816197587593
11810,1.0,0.10390135435617547
11811,1.0,0.10390135435617547
11812,1.0,0.10390135435617547
11813,0.44411474,0.20355263157894737
11814,1.0,0.19799585348997928
11815,1.0,0.1313068651778329
11816,1.0,0.10394337714863498
11817,0.2887867,0.12190555439983358
11818,0.72821033,0.610757254069356
11819,0.997056,0.24538795442213782
11820,0.9142389,0.450682261208577
11821,1.0,0.10451977401129943
11822,1.0,0.24071610015725173
11823,1.0,0.335288227721356
11824,0.768642,0.13398838767306834
11825,1.0,0.1591101098282174
11826,1.0,0.10371267150928168
11827,1.0,0.16078083407275953
11828,1.0,0.1045619701251514
11829,1.0,0.10390135435617547
11830,1.0,0.10390135435617547
11831,1.0,0.10394337714863498
11832,1.0,0.10283189395460936
11833,1.0,0.10537848605577689
11834,1.0,0.21078107810781077
11835,0.8721066,0.3642896627971255
11836,1.0,0.10552464228934817
11837,0.94307715,0.3578403216542217
11838,1.0,0.10390135435617547
11839,1.0,0.12223626026531902
11840,1.0,0.04569377990430622
11841,0.30908242,0.32080146504362816
11842,1.0,0.10390135435617547
11843,1.0,0.10394337714863498
11844,1.0,0.1839423315933383
11845,1.0,0.10394337714863498
11846,1.0,0.10390135435617547
11847,1.0,0.10551368504561681
11848,1.0,0.10394337714863498
11849,0.9732122,0.2424137333102133
11850,1.0,0.10390135435617547
11851,1.0,0.10390135435617547
11852,1.0,0.10379644588045234
11853,1.0,0.10630159049728206
11854,1.0,0.10360178065560502
11855,1.0,0.23404710920770877
11856,1.0,0.3430682617874736
11857,1.0,0.21724137931034482
11858,1.0,0.10390135435617547
11859,1.0,0.10593643813711773
11860,1.0,0.10390135435617547
11861,1.0,0.10442334881842052
11862,1.0,0.10390135435617547
11863,1.0,0.33021674458138545
11864,1.0,0.10480613893376414
11865,1.0,0.10394337714863498
11866,1.0,0.10390135435617547
11867,1.0,0.10394337714863498
11868,1.0,0.10388035569927244
11869,1.0,0.08552432759141734
11870,1.0,0.10828402366863905
11871,1.0,0.10390135435617547
11872,1.0,0.10394337714863498
11873,1.0,0.10390135435617547
11874,0.6667682,0.15762502208870824
11875,1.0,0.10390135435617547
11876,1.0,0.10381741062411634
11877,1.0,0.10394337714863498
11878,1.0,0.10390135435617547
11879,1.0,0.15918292234081707
11880,1.0,0.1239870340356564
11881,1.0,0.10629067245119306
11882,1.0,0.2673733804475854
11883,1.0,0.10394337714863498
11884,1.0,0.10390135435617547
11885,1.0,0.10390135435617547
11886,1.0,0.10390135435617547
11887,1.0,0.10390135435617547
11888,1.0,0.10390135435617547
11889,1.0,0.10390135435617547
11890,1.0,0.10390135435617547
11891,1.0,0.10390135435617547
11892,1.0,0.10394337714863498
11893,0.99999595,0.15578694433319984
11894,0.1673947,0.36396517079705293
11895,1.0,0.10390135435617547
11896,1.0,0.10390135435617547
11897,1.0,0.10287565816119887
11898,1.0,0.10394337714863498
11899,1.0,0.10390135435617547
11900,1.0,0.10390135435617547
11901,1.0,0.10390135435617547
11902,1.0,0.10704281712685074
11903,1.0,0.10390135435617547
11904,1.0,0.10390135435617547
11905,1.0,0.10390135435617547
11906,1.0,0.10390135435617547
11907,1.0,0.10618932038834951
11908,1.0,0.28847759532424155
11909,0.3624335,0.05814450619923044
11910,1.0,0.10394337714863498
11911,0.999982,0.11266554747248647
11912,1.0,0.1722853417768672
11913,1.0,0.10390135435617547
11914,1.0,0.10394337714863498
11915,1.0,0.350104821802935
11916,1.0,0.2883839741866093
11917,1.0,0.10390135435617547
11918,1.0,0.10394337714863498
11919,1.0,0.10390135435617547
11920,1.0,0.10390135435617547
11921,1.0,0.10394337714863498
11922,1.0,0.10390135435617547
11923,1.0,0.11435477872815172
11924,1.0,0.10460420032310178
11925,1.0,0.10390135435617547
11926,1.0,0.10339943342776203
11927,1.0,0.10442334881842052
11928,1.0,0.10390135435617547
11929,1.0,0.22968375960690438
11930,1.0,0.1035700274617497
11931,1.0,0.1397255051467785
11932,1.0,0.10390135435617547
11933,1.0,0.09601301871440195
11934,1.0,0.10390135435617547
11935,1.0,0.10390135435617547
11936,1.0,0.10390135435617547
11937,1.0,0.10394337714863498
11938,1.0,0.10390135435617547
11939,1.0,0.08857583944423003
11940,1.0,0.10390135435617547
11941,1.0,0.25326533150889413
11942,1.0,0.10550367574011524
11943,1.0,0.02033271719038817
11944,1.0,0.10390135435617547
11945,1.0,0.10390135435617547
11946,1.0,0.0981959819598196
11947,1.0,0.3360468902637577
11948,1.0,0.10374115267947422
11949,1.0,0.10394337714863498
11950,1.0,0.10390135435617547
11951,1.0,0.10417086439653435
11952,1.0,0.10390135435617547
11953,1.0,0.10390135435617547
11954,1.0,0.10390135435617547
11955,1.0,0.10390135435617547
11956,1.0,0.10390135435617547
11957,1.0,0.3352272727272727
11958,1.0,0.10390135435617547
11959,1.0,0.07991156032849021
11960,1.0,0.10390135435617547
11961,0.99999994,0.11175004792026069
11962,1.0,0.13000801282051283
11963,1.0,0.10390135435617547
11964,1.0,0.10390135435617547
11965,1.0,0.08442105263157895
11966,1.0,0.10390135435617547
11967,1.0,0.10390135435617547
11968,0.998947,0.15065913370998116
11969,1.0,0.10390135435617547
11970,1.0,0.11414141414141414
11971,1.0,0.17205009887936717
11972,1.0,0.06782945736434108
11973,1.0,0.10392236150424586
11974,1.0,0.10390135435617547
11975,1.0,0.10835351089588378
11976,0.999904,0.1837179720152644
11977,1.0,0.10374115267947422
11978,0.9999999,0.17027225901398088
11979,1.0,0.10195840904502322
11980,1.0,0.10390135435617547
11981,1.0,0.10410349706893067
11982,1.0,0.20295378751786566
11983,1.0,0.12107142857142857
11984,1.0,0.10390135435617547
11985,0.9999998,0.1789585925004443
11986,1.0,0.10377548960226125
11987,1.0,0.10390135435617547
11988,1.0,0.10578279266572638
11989,1.0,0.21235636472168334
11990,1.0,0.10390135435617547
11991,1.0,0.28099385245901637
11992,1.0,0.10394337714863498
11993,1.0,0.10390135435617547
11994,1.0,0.10394337714863498
11995,1.0,0.3384466723034183
11996,1.0,0.10390135435617547
11997,1.0,0.10610016615238547
11998,1.0,0.10390135435617547
11999,1.0,0.10394337714863498
12000,1.0,0.16281847133757962
12001,1.0,0.10390135435617547
12002,1.0,0.1075875486381323
12003,1.0,0.10390135435617547
12004,1.0,0.10390135435617547
12005,1.0,0.10390135435617547
12006,1.0,0.10394337714863498
12007,1.0,0.10390135435617547
12008,1.0,0.10397430750702528
12009,1.0,0.10639557836557442
12010,1.0,0.10394337714863498
12011,1.0,0.10457384646383236
12012,0.19255656,0.35699016673792217
12013,1.0,0.10478680611423974
12014,1.0,0.10394337714863498
12015,1.0,0.10477533749748136
12016,1.0,0.10390135435617547
12017,1.0,0.10390135435617547
12018,1.0,0.10390135435617547
12019,1.0,0.10390135435617547
12020,1.0,0.10390135435617547
12021,1.0,0.10315533980582524
12022,1.0,0.10779371849554091
12023,1.0,0.10390135435617547
12024,1.0,0.21142624508074365
12025,1.0,0.10390135435617547
12026,1.0,0.07164598454694451
12027,1.0,0.17822619623006283
12028,1.0,0.26541554959785524
12029,1.0,0.10394337714863498
12030,1.0,0.22252826906349665
12031,1.0,0.10390135435617547
12032,1.0,0.10390135435617547
12033,1.0,0.1025260029717682
12034,1.0,0.14894932014833126
12035,1.0,0.10390135435617547
12036,1.0,0.10390135435617547
12037,1.0,0.10050864699898271
12038,1.0,0.132565445026178
12039,1.0,0.12410948631421072
12040,1.0,0.1043601130399677
12041,1.0,0.3018349769067532
12042,1.0,0.10390135435617547
12043,1.0,0.12006319115323855
12044,0.9999923,0.17537688442211055
12045,0.8080475,0.17331932773109243
12046,1.0,0.1398329772771412
12047,0.9976996,0.2522020725388601
12048,1.0,0.2860105059441526
12049,1.0,0.11226808027262401
12050,1.0,0.10390135435617547
12051,1.0,0.10388035569927244
12052,1.0,0.10390135435617547
12053,1.0,0.17493718592964824
12054,1.0,0.10390135435617547
12055,1.0,0.10394337714863498
12056,1.0,0.10807113543091655
12057,1.0,0.10388035569927244
12058,1.0,0.10390135435617547
12059,1.0,0.11179055990827441
12060,1.0,0.10390135435617547
12061,1.0,0.1044776119402985
12062,1.0,0.08161974058842139
12063,1.0,0.10390135435617547
12064,1.0,0.20795107033639143
12065,1.0,0.10552464228934817
12066,1.0,0.3200441440198648
12067,1.0,0.10390135435617547
12068,1.0,0.19402652401649392
12069,1.0,0.10390135435617547
12070,1.0,0.11197068403908794
12071,1.0,0.10390135435617547
12072,0.999999,0.16984902309058614
12073,1.0,0.10394337714863498
12074,1.0,0.10629067245119306
12075,1.0,0.10390135435617547
12076,1.0,0.2712731925783749
12077,1.0,0.13865476780697406
12078,1.0,0.10390135435617547
12079,1.0,0.2784206943498979
12080,1.0,0.10399032648125756
12081,1.0,0.10390135435617547
12082,1.0,0.10390135435617547
12083,1.0,0.10610868702895676
12084,1.0,0.10390135435617547
12085,1.0,0.10394337714863498
12086,1.0,0.10369921164342026
12087,1.0,0.08730741012472487
12088,1.0,0.10364992942125428
12089,1.0,0.10394337714863498
12090,1.0,0.10576148267526189
12091,1.0,0.10390135435617547
12092,1.0,0.10763327948303715
12093,1.0,0.10686254779633729
12094,1.0,0.10390135435617547
12095,1.0,0.08548057259713701
12096,1.0,0.14573801050669377
12097,1.0,0.10390135435617547
12098,1.0,0.10390135435617547
12099,1.0,0.10390135435617547
12100,1.0,0.10390135435617547
12101,1.0,0.10394337714863498
12102,1.0,0.10364992942125428
12103,1.0,0.2450467804072647
12104,1.0,0.10390135435617547
12105,1.0,0.10390135435617547
12106,1.0,0.11786148238153099
12107,1.0,0.10390135435617547
12108,1.0,0.10394337714863498
12109,0.9998208,0.2215103863327509
12110,1.0,0.30814038153487694
12111,1.0,0.10390135435617547
12112,1.0,0.10394337714863498
12113,1.0,0.1024133035895356
12114,1.0,0.12383419689119171
12115,1.0,0.10394337714863498
12116,1.0,0.10390135435617547
12117,1.0,0.2974810693864936
12118,1.0,0.10390135435617547
12119,1.0,0.10542229389236041
12120,1.0,0.10369921164342026
12121,0.99999964,0.13057938036058114
12122,1.0,0.11417165668662675
12123,1.0,0.10409521888238854
12124,1.0,0.10390135435617547
12125,1.0,0.10390135435617547
12126,1.0,0.10390135435617547
12127,1.0,0.2716815157324913
12128,1.0,0.10377548960226125
12129,1.0,0.0650994575045208
12130,1.0,0.14632004215703495
12131,1.0,0.3102107632494373
12132,1.0,0.10390135435617547
12133,1.0,0.1149286718906972
12134,1.0,0.10394337714863498
12135,1.0,0.16340804323636943
12136,0.9189301,0.3787434554973822
12137,1.0,0.10606977213147813
12138,1.0,0.10390135435617547
12139,1.0,0.10390135435617547
12140,1.0,0.1033434650455927
12141,1.0,0.10390135435617547
12142,1.0,0.10390135435617547
12143,1.0,0.11986176791560567
12144,1.0,0.10390135435617547
12145,1.0,0.10390135435617547
12146,1.0,0.10952288970446204
12147,1.0,0.10364372469635627
12148,0.99999994,0.14487700949060622
12149,1.0,0.10381741062411634
12150,1.0,0.10437038515266414
12151,1.0,0.10613861386138614
12152,1.0,0.10390135435617547
12153,1.0,0.10394337714863498
12154,1.0,0.10390135435617547
12155,1.0,0.0528105167724388
12156,1.0,0.34080962800875275
12157,1.0,0.03427265803503427
12158,1.0,0.10890332441727169
12159,1.0,0.10381741062411634
12160,1.0,0.10390135435617547
12161,1.0,0.10394337714863498
12162,1.0,0.10390135435617547
12163,1.0,0.10408245755860954
12164,1.0,0.10396440129449838
12165,1.0,0.10285600159776313
12166,1.0,0.10390135435617547
12167,1.0,0.07798254122211445
12168,1.0,0.15671306690615178
12169,1.0,0.10390135435617547
12170,1.0,0.10390135435617547
12171,1.0,0.10394337714863498
12172,1.0,0.10390135435617547
12173,1.0,0.1036573045059608
12174,1.0,0.10394337714863498
12175,1.0,0.10390135435617547
12176,1.0,0.10394337714863498
12177,1.0,0.10390135435617547
12178,1.0,0.11422976501305483
12179,1.0,0.10394337714863498
12180,1.0,0.10390135435617547
12181,1.0,0.18572952471257556
12182,1.0,0.10390135435617547
12183,1.0,0.10394337714863498
12184,1.0,0.1587892521851732
12185,1.0,0.20481927710843373
12186,1.0,0.10390135435617547
12187,1.0,0.11153552330022919
12188,1.0,0.10390135435617547
12189,1.0,0.10394337714863498
12190,1.0,0.16780251400878388
12191,1.0,0.10394337714863498
12192,1.0,0.10390135435617547
12193,0.9961833,0.13933895009721323
12194,1.0,0.1772972972972973
12195,1.0,0.10390135435617547
12196,0.14811993,0.26966698841698844
12197,1.0,0.10394337714863498
12198,1.0,0.11367069486404834
12199,1.0,0.10512510088781275
12200,1.0,0.111303012857417
12201,1.0,0.10390135435617547
12202,1.0,0.10390135435617547
12203,1.0,0.10390135435617547
12204,1.0,0.10692444269086605
12205,1.0,0.10390135435617547
12206,1.0,0.10390135435617547
12207,0.7364901,0.5948982690555724
12208,1.0,0.16382252559726962
12209,1.0,0.1267392619479734
12210,1.0,0.10390135435617547
12211,0.39916724,0.48391580619539315
12212,1.0,0.15327066948014578
12213,1.0,0.10390135435617547
12214,1.0,0.10390135435617547
12215,1.0,0.10390135435617547
12216,1.0,0.1075681130171544
12217,1.0,0.10390135435617547
12218,1.0,0.10624012638230648
12219,1.0,0.2059128630705394
12220,1.0,0.10394337714863498
12221,1.0,0.10950173812282735
12222,1.0,0.10390135435617547
12223,1.0,0.10255885363357216
12224,1.0,0.10394337714863498
12225,1.0,0.1312282140660242
12226,1.0,0.10394337714863498
12227,1.0,0.10394337714863498
12228,1.0,0.10392236150424586
12229,1.0,0.10390135435617547
12230,1.0,0.10390135435617547
12231,1.0,0.10390135435617547
12232,1.0,0.10390135435617547
12233,0.8180727,0.20445406742963193
12234,0.9985624,0.1523851590106007
12235,1.0,0.10390135435617547
12236,1.0,0.10374115267947422
12237,1.0,0.20774983004758668
12238,1.0,0.3011394465545307
12239,1.0,0.10533679792124725
12240,1.0,0.10369921164342026
12241,1.0,0.10409521888238854
12242,1.0,0.10390135435617547
12243,1.0,0.10381741062411634
12244,1.0,0.10394337714863498
12245,1.0,0.10390135435617547
12246,1.0,0.11967155835080363
12247,1.0,0.14398422090729784
12248,1.0,0.10394337714863498
12249,1.0,0.10390135435617547
12250,1.0,0.10394337714863498
12251,0.8018862,0.38540552107853626
12252,1.0,0.10394337714863498
12253,1.0,0.10527363184079602
12254,1.0,0.10377548960226125
12255,1.0,0.10388035569927244
12256,1.0,0.10390135435617547
12257,1.0,0.10394337714863498
12258,1.0,0.10390135435617547
12259,1.0,0.1044144325740778
12260,1.0,0.10390135435617547
12261,1.0,0.10390135435617547
12262,1.0,0.10390135435617547
12263,1.0,0.10369921164342026
12264,1.0,0.10390135435617547
12265,1.0,0.28230588884291824
12266,1.0,0.3298175952351408
12267,1.0,0.10394337714863498
12268,1.0,0.10467930617184348
12269,1.0,0.12669172932330827
12270,1.0,0.10394337714863498
12271,1.0,0.2128920364214482
12272,1.0,0.10394337714863498
12273,1.0,0.09266886326194398
12274,1.0,0.10390135435617547
12275,1.0,0.10390135435617547
12276,1.0,0.10642491131257391
12277,1.0,0.10390135435617547
12278,1.0,0.10390135435617547
12279,1.0,0.13697916666666668
12280,1.0,0.1045289122523251
12281,1.0,0.10390135435617547
12282,1.0,0.10390135435617547
12283,1.0,0.10717054263565891
12284,1.0,0.10391444713478612
12285,1.0,0.19162200590615772
12286,1.0,0.07164371772805508
12287,1.0,0.10394337714863498
12288,1.0,0.12223626026531902
12289,1.0,0.10390135435617547
12290,1.0,0.10390135435617547
12291,1.0,0.07892435505028421
12292,1.0,0.15799588194921071
12293,1.0,0.10390135435617547
12294,1.0,0.10390135435617547
12295,1.0,0.10389348396207383
12296,1.0,0.10390135435617547
12297,1.0,0.15585443037974683
12298,1.0,0.10390135435617547
12299,0.9999994,0.20272129643785353
12300,0.99999213,0.16910716599714914
12301,1.0,0.10390135435617547
12302,1.0,0.10390135435617547
12303,1.0,0.10390135435617547
12304,1.0,0.10448666127728375
12305,1.0,0.10444444444444445
12306,1.0,0.10390135435617547
12307,1.0,0.10394337714863498
12308,1.0,0.10390135435617547
12309,1.0,0.10390135435617547
12310,1.0,0.175
12311,1.0,0.10390135435617547
12312,1.0,0.10390135435617547
12313,1.0,0.10390135435617547
12314,1.0,0.10390135435617547
12315,1.0,0.10390135435617547
12316,1.0,0.10394337714863498
12317,1.0,0.10445962233828847
12318,1.0,0.16838709677419356
12319,1.0,0.10385936552838958
12320,1.0,0.10394337714863498
12321,1.0,0.2554224668177404
12322,1.0,0.10390135435617547
12323,1.0,0.10226812474686107
12324,1.0,0.10390135435617547
12325,1.0,0.10543004359889022
12326,1.0,0.3389685792349727
12327,1.0,0.24402828205618193
12328,1.0,0.10379644588045234
12329,1.0,0.10390135435617547
12330,1.0,0.10394337714863498
12331,1.0,0.10390135435617547
12332,1.0,0.10394337714863498
12333,1.0,0.3374751491053678
12334,1.0,0.10390135435617547
12335,1.0,0.10617682680662091
12336,1.0,0.10390135435617547
12337,1.0,0.10652988755178536
12338,1.0,0.10390135435617547
12339,1.0,0.10394337714863498
12340,1.0,0.10137813856900132
12341,1.0,0.3003395799270532
12342,1.0,0.23570356216732632
12343,1.0,0.10394337714863498
12344,1.0,0.10390135435617547
12345,1.0,0.10390135435617547
12346,1.0,0.1947320141527978
12347,1.0,0.3042302798982188
12348,1.0,0.21833648393194707
12349,1.0,0.10390135435617547
12350,1.0,0.1121759965149205
12351,1.0,0.10390135435617547
12352,1.0,0.17691742220044107
12353,1.0,0.10390135435617547
12354,1.0,0.10528438886647842
12355,1.0,0.1265464828561329
12356,1.0,0.10390135435617547
12357,1.0,0.10371267150928168
12358,1.0,0.10394337714863498
12359,1.0,0.1059108331652209
12360,1.0,0.10382513661202186
12361,0.4663015,0.1556465769455822
12362,1.0,0.10390135435617547
12363,1.0,0.10390135435617547
12364,0.6799785,0.28768445731623227
12365,1.0,0.10390135435617547
12366,1.0,0.10394337714863498
12367,1.0,0.10390135435617547
12368,1.0,0.058586337760910816
12369,1.0,0.10414987912973409
12370,1.0,0.10473109583501819
12371,1.0,0.121635939817758
12372,1.0,0.1042332268370607
12373,1.0,0.2610639248994189
12374,1.0,0.10394337714863498
12375,1.0,0.10390135435617547
12376,1.0,0.1961573412955991
12377,1.0,0.10390135435617547
12378,1.0,0.10948466011630238
12379,1.0,0.10390135435617547
12380,1.0,0.34230493915533283
12381,1.0,0.10390135435617547
12382,1.0,0.10394337714863498
12383,1.0,0.10766817022945675
12384,1.0,0.10550367574011524
12385,1.0,0.10390135435617547
12386,1.0,0.10390135435617547
12387,1.0,0.10390135435617547
12388,1.0,0.10390135435617547
12389,1.0,0.10390135435617547
12390,1.0,0.10390135435617547
12391,1.0,0.06724020828616709
12392,1.0,0.10390135435617547
12393,1.0,0.10390135435617547
12394,1.0,0.10369921164342026
12395,1.0,0.10594159113796577
12396,1.0,0.10390135435617547
12397,1.0,0.10394337714863498
12398,1.0,0.10390135435617547
12399,1.0,0.10394337714863498
12400,1.0,0.10390135435617547
12401,1.0,0.10394337714863498
12402,1.0,0.10394337714863498
12403,1.0,0.10616438356164383
12404,1.0,0.10390135435617547
12405,1.0,0.10390135435617547
12406,1.0,0.10390135435617547
12407,1.0,0.10390135435617547
12408,1.0,0.10390135435617547
12409,1.0,0.10394337714863498
12410,1.0,0.10250662319135928
12411,1.0,0.035109561752988044
12412,1.0,0.1026369168356998
12413,1.0,0.10390135435617547
12414,1.0,0.10390135435617547
12415,1.0,0.10390135435617547
12416,1.0,0.10394337714863498
12417,1.0,0.10390135435617547
12418,1.0,0.10390135435617547
12419,0.99925786,0.2483204461908987
12420,1.0,0.10394337714863498
12421,1.0,0.3084658241608914
12422,1.0,0.10390135435617547
12423,1.0,0.10390135435617547
12424,0.9677234,0.3280367231638418
12425,1.0,0.10543130990415335
12426,1.0,0.10394337714863498
12427,1.0,0.10390135435617547
12428,1.0,0.34392043631697145
12429,1.0,0.062087186261558784
12430,1.0,0.10390135435617547
12431,1.0,0.10390135435617547
12432,1.0,0.10390135435617547
12433,1.0,0.14885690093141404
12434,0.99999857,0.31728518890003343
12435,1.0,0.31092436974789917
12436,1.0,0.10394337714863498
12437,1.0,0.10395639886960033
12438,1.0,0.08261049153242461
12439,1.0,0.1036573045059608
12440,1.0,0.10390135435617547
12441,1.0,0.10345524348353202
12442,1.0,0.10615627466456196
12443,1.0,0.10390135435617547
12444,1.0,0.1703830760434534
12445,0.9065978,0.472277446432516
12446,1.0,0.20763844684914068
12447,1.0,0.26932668329177056
12448,1.0,0.10394337714863498
12449,1.0,0.10394337714863498
12450,1.0,0.10390135435617547
12451,1.0,0.10390135435617547
12452,1.0,0.10390135435617547
12453,0.8752993,0.17605314812018721
12454,1.0,0.11160533764658309
12455,1.0,0.10390135435617547
12456,1.0,0.11169673626596392
12457,1.0,0.10390135435617547
12458,1.0,0.10428455941794665
12459,1.0,0.10578279266572638
12460,1.0,0.10395639886960033
12461,1.0,0.10390135435617547
12462,1.0,0.10232558139534884
12463,1.0,0.10383064516129033
12464,1.0,0.13238111827207805
12465,1.0,0.10390135435617547
12466,1.0,0.15840309079201545
12467,1.0,0.10394337714863498
12468,1.0,0.10299473897207609
12469,1.0,0.10390135435617547
12470,1.0,0.11971268954509177
12471,1.0,0.10613861386138614
12472,1.0,0.10390135435617547
12473,0.99978596,0.16381156316916487
12474,1.0,0.2128920364214482
12475,1.0,0.10390135435617547
12476,1.0,0.10390135435617547
12477,1.0,0.10390135435617547
12478,1.0,0.3205447010065127
12479,1.0,0.10390135435617547
12480,1.0,0.10390135435617547
12481,1.0,0.11770428015564202
12482,1.0,0.1078107810781078
12483,1.0,0.1121911705143783
12484,1.0,0.10433905146316852
12485,1.0,0.06868730920191889
12486,1.0,0.10390135435617547
12487,1.0,0.12437027707808564
12488,1.0,0.10377548960226125
12489,1.0,0.10390135435617547
12490,1.0,0.10390135435617547
12491,1.0,0.10390135435617547
12492,1.0,0.10881877022653721
12493,1.0,0.10394337714863498
12494,1.0,0.10390135435617547
12495,1.0,0.10390135435617547
12496,1.0,0.10390135435617547
12497,1.0,0.10991800078094495
12498,1.0,0.10377548960226125
12499,1.0,0.10390135435617547
12500,1.0,0.07118385991625428
12501,0.9999994,0.15324724648689708
12502,1.0,0.11251891074130106
12503,1.0,0.10421286031042129
12504,1.0,0.1062611100138258
12505,1.0,0.1606207928197457
12506,1.0,0.10390135435617547
12507,0.34997973,0.329732868757259
12508,1.0,0.10394337714863498
12509,1.0,0.10390135435617547
12510,0.99999946,0.16890080428954424
12511,1.0,0.10390135435617547
12512,1.0,0.10369921164342026
12513,1.0,0.10377548960226125
12514,1.0,0.10394337714863498
12515,1.0,0.10390135435617547
12516,1.0,0.10390135435617547
12517,1.0,0.08744710860366714
12518,1.0,0.11206019930852146
12519,1.0,0.10394337714863498
12520,1.0,0.32617161272995837
12521,1.0,0.10390135435617547
12522,1.0,0.10379644588045234
12523,0.9901647,0.14620243413957787
12524,0.27805465,0.27415843242337967
12525,1.0,0.10364372469635627
12526,1.0,0.07612303606992697
12527,1.0,0.10394337714863498
12528,1.0,0.10390135435617547
12529,1.0,0.10394337714863498
12530,1.0,0.10390135435617547
12531,1.0,0.10390135435617547
12532,0.21356443,0.5653438603781425
12533,1.0,0.11019547719432733
12534,1.0,0.1271588536724236
12535,1.0,0.10394337714863498
12536,1.0,0.10488390712570056
12537,1.0,0.10390135435617547
12538,1.0,0.10390135435617547
12539,1.0,0.10461351679481991
12540,1.0,0.10390135435617547
12541,1.0,0.3127450980392157
12542,1.0,0.30451172105077157
12543,1.0,0.10394337714863498
12544,1.0,0.10390135435617547
12545,1.0,0.10390135435617547
12546,1.0,0.10453451043338684
12547,1.0,0.10394337714863498
12548,0.9987301,0.23472155736397
12549,1.0,0.10394337714863498
12550,1.0,0.12566641279512566
12551,0.99724585,0.09057043073341094
12552,1.0,0.1577312626603646
12553,1.0,0.10661023780733575
12554,1.0,0.10394337714863498
12555,1.0,0.16737967914438504
12556,0.31416625,0.13402061855670103
12557,1.0,0.10394337714863498
12558,1.0,0.1953150775321676
12559,1.0,0.10390135435617547
12560,1.0,0.19402652401649392
12561,1.0,0.10414560161779575
12562,1.0,0.10390135435617547
12563,0.99999887,0.23980258382929306
12564,0.4627278,0.07433779549985758
12565,1.0,0.10291144359078043
12566,1.0,0.10367825383993533
12567,1.0,0.10390135435617547
12568,1.0,0.10394337714863498
12569,0.8877244,0.552301707369786
12570,1.0,0.10390135435617547
12571,1.0,0.10514631685166498
12572,1.0,0.1035880802756943
12573,1.0,0.10390135435617547
12574,1.0,0.103322528363047
12575,1.0,0.10390135435617547
12576,1.0,0.11789431545236188
12577,1.0,0.10390135435617547
12578,1.0,0.11245954692556634
12579,0.9138655,0.30695751354433987
12580,1.0,0.1062487679873842
12581,1.0,0.10394337714863498
12582,1.0,0.10132919040220956
12583,1.0,0.10390135435617547
12584,1.0,0.10390135435617547
12585,1.0,0.10394337714863498
12586,1.0,0.10390135435617547
12587,1.0,0.1049370377773336
12588,1.0,0.10390135435617547
12589,1.0,0.10390135435617547
12590,1.0,0.15654773024472257
12591,1.0,0.3107344632768362
12592,1.0,0.10390135435617547
12593,1.0,0.10618577473302437
12594,1.0,0.10390135435617547
12595,1.0,0.05219552609776305
12596,1.0,0.11226808027262401
12597,1.0,0.10390135435617547
12598,1.0,0.10390135435617547
12599,1.0,0.1712788603242181
12600,1.0,0.10390135435617547
12601,1.0,0.10394337714863498
12602,1.0,0.10392236150424586
12603,1.0,0.10390135435617547
12604,1.0,0.10394337714863498
12605,1.0,0.10994863990869318
12606,1.0,0.10390135435617547
12607,1.0,0.1099899091826438
12608,1.0,0.10390135435617547
12609,1.0,0.10394337714863498
12610,1.0,0.10301662220398113
12611,1.0,0.1039983844911147
12612,1.0,0.10717054263565891
12613,1.0,0.10364258402092977
12614,1.0,0.10390135435617547
12615,1.0,0.1052102192717763
12616,1.0,0.10369921164342026
12617,1.0,0.10606060606060606
12618,1.0,0.10390135435617547
12619,1.0,0.10390135435617547
12620,0.55134314,0.5051851851851852
12621,1.0,0.09051367025683513
12622,0.99992114,0.18334717607973422
12623,1.0,0.10409521888238854
12624,1.0,0.10390135435617547
12625,1.0,0.13354090987718387
12626,1.0,0.12165898617511521
12627,1.0,0.10822249093107618
12628,1.0,0.11709286675639301
12629,1.0,0.10363636363636364
12630,1.0,0.10394337714863498
12631,1.0,0.10390135435617547
12632,1.0,0.10394337714863498
12633,1.0,0.10390135435617547
12634,0.99998987,0.2487290289781393
12635,1.0,0.05197002658931593
12636,1.0,0.10390135435617547
12637,1.0,0.10390135435617547
12638,1.0,0.10390135435617547
12639,1.0,0.33025535795713634
12640,1.0,0.10392236150424586
12641,1.0,0.24197337509788566
12642,1.0,0.10390135435617547
12643,1.0,0.10390135435617547
12644,1.0,0.10394337714863498
12645,1.0,0.10382076415283056
12646,1.0,0.10384615384615385
12647,1.0,0.10394337714863498
12648,1.0,0.10390135435617547
12649,1.0,0.10224032586558045
12650,1.0,0.10390135435617547
12651,1.0,0.10394337714863498
12652,1.0,0.10394337714863498
12653,1.0,0.2588363901372525
12654,1.0,0.10390135435617547
12655,1.0,0.10390135435617547
12656,1.0,0.10394337714863498
12657,1.0,0.10390135435617547
12658,1.0,0.10515833499302928
12659,1.0,0.30414949970570926
12660,1.0,0.10394337714863498
12661,1.0,0.10575212492587469
12662,1.0,0.11372867587327376
12663,1.0,0.1740829446615404
12664,1.0,0.10379079667545105
12665,1.0,0.28090897419437666
12666,1.0,0.10390135435617547
12667,0.89388824,0.14493588820054748
12668,1.0,0.10390135435617547
12669,1.0,0.10717054263565891
12670,1.0,0.10390135435617547
12671,1.0,0.10394337714863498
12672,1.0,0.07883026064844247
12673,1.0,0.10390135435617547
12674,1.0,0.10390135435617547
12675,1.0,0.10394337714863498
12676,1.0,0.10390135435617547
12677,1.0,0.10390135435617547
12678,1.0,0.10396440129449838
12679,1.0,0.10548935338933385
12680,0.8452198,0.37285679787490944
12681,1.0,0.10390135435617547
12682,1.0,0.03602514506769826
12683,1.0,0.10381741062411634
12684,0.9933666,0.1551625784369652
12685,1.0,0.10390135435617547
12686,1.0,0.10344827586206896
12687,1.0,0.10390135435617547
12688,1.0,0.10466300142537162
12689,1.0,0.10394337714863498
12690,1.0,0.10390135435617547
12691,1.0,0.10592025775271849
12692,1.0,0.10390135435617547
12693,0.99999946,0.2008795351028742
12694,1.0,0.10691573926868045
12695,1.0,0.1111748947569843
12696,1.0,0.10390135435617547
12697,1.0,0.10390135435617547
12698,1.0,0.10394337714863498
12699,1.0,0.05792466240227434
12700,1.0,0.2790576823142214
12701,1.0,0.10625
12702,1.0,0.0529737539128341
12703,1.0,0.10373360242179616
12704,1.0,0.10608203677510608
12705,1.0,0.13307918904869173
12706,1.0,0.10390135435617547
12707,1.0,0.10390135435617547
12708,1.0,0.10411622276029056
12709,1.0,0.10390135435617547
12710,1.0,0.10430563978168587
12711,1.0,0.10390135435617547
12712,1.0,0.13414185961043734
12713,1.0,0.03923117430226435
12714,1.0,0.10466300142537162
12715,1.0,0.10390135435617547
12716,1.0,0.10394337714863498
12717,1.0,0.12592890138582044
12718,1.0,0.10390135435617547
12719,1.0,0.10377548960226125
12720,1.0,0.2458736482640865
12721,1.0,0.106353591160221
12722,1.0,0.10390135435617547
12723,1.0,0.10390135435617547
12724,1.0,0.11970979443772672
12725,1.0,0.10390135435617547
12726,1.0,0.10390135435617547
12727,1.0,0.11868533171028606
12728,1.0,0.175
12729,1.0,0.13287331917905165
12730,1.0,0.11545956479376421
12731,1.0,0.10394337714863498
12732,1.0,0.10385936552838958
12733,0.9999997,0.10484527687296417
12734,1.0,0.10394337714863498
12735,1.0,0.10390135435617547
12736,1.0,0.10394337714863498
12737,1.0,0.10390135435617547
12738,1.0,0.2469940900754025
12739,1.0,0.10394337714863498
12740,1.0,0.10390135435617547
12741,1.0,0.3240087851115478
12742,1.0,0.10486593843098312
12743,1.0,0.11189747513389442
12744,1.0,0.10394337714863498
12745,1.0,0.10390135435617547
12746,1.0,0.1043601130399677
12747,1.0,0.10390135435617547
12748,1.0,0.10390135435617547
12749,1.0,0.09872836453549982
12750,1.0,0.10390135435617547
12751,1.0,0.10190018793067446
12752,1.0,0.1397030089878859
12753,1.0,0.10390135435617547
12754,1.0,0.10608764624231608
12755,1.0,0.10393541876892028
12756,1.0,0.10390135435617547
12757,1.0,0.10379079667545105
12758,0.9999961,0.25461667599328486
12759,1.0,0.10885870666936955
12760,1.0,0.16746085772634445
12761,1.0,0.27253886010362693
12762,1.0,0.13017537515819924
12763,1.0,0.10394337714863498
12764,1.0,0.11962071480671042
12765,1.0,0.31806233571160347
12766,1.0,0.09801107238056182
12767,1.0,0.10591961987725203
12768,1.0,0.263864406779661
12769,0.120940894,0.25792927451695224
12770,1.0,0.10394337714863498
12771,1.0,0.1111748947569843
12772,1.0,0.10615627466456196
12773,1.0,0.10390135435617547
12774,1.0,0.10355987055016182
12775,1.0,0.10390135435617547
12776,1.0,0.07397133610725844
12777,1.0,0.20813642901171153
12778,0.99744236,0.15279299014238773
12779,1.0,0.10390135435617547
12780,1.0,0.10299206187665377
12781,1.0,0.10394337714863498
12782,1.0,0.10390135435617547
12783,1.0,0.10390135435617547
12784,1.0,0.1031617349006891
12785,1.0,0.3420063602197167
12786,0.9084796,0.4828865979381443
12787,0.72112924,0.5206800041463667
12788,1.0,0.10374115267947422
12789,1.0,0.10390135435617547
12790,1.0,0.32969183107777594
12791,1.0,0.10390135435617547
12792,1.0,0.10638726576667339
12793,1.0,0.10390135435617547
12794,1.0,0.10390135435617547
12795,1.0,0.10390135435617547
12796,1.0,0.10390135435617547
12797,1.0,0.10390135435617547
12798,1.0,0.10390135435617547
12799,1.0,0.10390135435617547
12800,1.0,0.10420438543552606
12801,1.0,0.10390135435617547
12802,1.0,0.10390135435617547
12803,1.0,0.12930771576700215
12804,1.0,0.10394337714863498
12805,1.0,0.10390135435617547
12806,1.0,0.10390135435617547
12807,1.0,0.10394337714863498
12808,1.0,0.10390135435617547
12809,1.0,0.10640846476342583
12810,1.0,0.04428321240930698
12811,1.0,0.10394337714863498
12812,0.99706244,0.14946723106115894
12813,1.0,0.10390135435617547
12814,1.0,0.10394337714863498
12815,1.0,0.10394337714863498
12816,1.0,0.10390135435617547
12817,1.0,0.08018555334658714
12818,1.0,0.10390135435617547
12819,1.0,0.10390135435617547
12820,1.0,0.10366470945535533
12821,1.0,0.10390135435617547
12822,1.0,0.10390135435617547
12823,1.0,0.10394337714863498
12824,0.60356915,0.5535732184023253
12825,1.0,0.10369921164342026
12826,1.0,0.3543491864831039
12827,1.0,0.08981779206859593
12828,1.0,0.10390135435617547
12829,1.0,0.10390135435617547
12830,1.0,0.10390135435617547
12831,1.0,0.10394337714863498
12832,1.0,0.10364992942125428
12833,1.0,0.10394337714863498
12834,1.0,0.10275638427239563
12835,1.0,0.10390135435617547
12836,1.0,0.27415669936836445
12837,1.0,0.10394337714863498
12838,1.0,0.10386717959101033
12839,1.0,0.10394337714863498
12840,1.0,0.10390135435617547
12841,1.0,0.10390135435617547
12842,1.0,0.11154539987973541
12843,1.0,0.10390135435617547
12844,1.0,0.10390135435617547
12845,1.0,0.10394337714863498
12846,1.0,0.10390135435617547
12847,1.0,0.1552553951249806
12848,1.0,0.10553877139979859
12849,1.0,0.10981261333870643
12850,1.0,0.3371150729335494
12851,1.0,0.10394337714863498
12852,1.0,0.10390135435617547
12853,1.0,0.10379644588045234
12854,1.0,0.10390135435617547
12855,1.0,0.10390135435617547
12856,1.0,0.10390135435617547
12857,1.0,0.10367825383993533
12858,1.0,0.10390135435617547
12859,1.0,0.10390135435617547
12860,0.99999994,0.10390135435617547
12861,1.0,0.10390135435617547
12862,1.0,0.14999050692994115
12863,1.0,0.10390135435617547
12864,1.0,0.10390135435617547
12865,1.0,0.10390135435617547
12866,1.0,0.14074479737130338
12867,1.0,0.10390135435617547
12868,1.0,0.23123177842565598
12869,1.0,0.15268589573961366
12870,1.0,0.10579394898160965
12871,1.0,0.10390135435617547
12872,1.0,0.10390135435617547
12873,1.0,0.10390135435617547
12874,1.0,0.2095679012345679
12875,1.0,0.10390135435617547
12876,1.0,0.0830945558739255
12877,1.0,0.10369921164342026
12878,1.0,0.10591961987725203
12879,1.0,0.2222222222222222
12880,1.0,0.10390135435617547
12881,1.0,0.10390135435617547
12882,1.0,0.10375454178441663
12883,1.0,0.10390135435617547
12884,1.0,0.10394337714863498
12885,1.0,0.10390135435617547
12886,1.0,0.10390135435617547
12887,0.9999993,0.1735483870967742
12888,1.0,0.0
12889,1.0,0.2356828193832599
12890,1.0,0.10394337714863498
12891,1.0,0.10369921164342026
12892,1.0,0.10390135435617547
12893,1.0,0.10390135435617547
12894,1.0,0.10394337714863498
12895,1.0,0.10394337714863498
12896,1.0,0.12176885280922879
12897,1.0,0.10390135435617547
12898,1.0,0.10394337714863498
12899,1.0,0.10390135435617547
12900,1.0,0.30485353245261343
12901,1.0,0.12428599566673232
12902,1.0,0.17654008438818566
12903,1.0,0.10390135435617547
12904,1.0,0.10390135435617547
12905,1.0,0.12360446570972887
12906,1.0,0.3489550348321723
12907,1.0,0.10381741062411634
12908,1.0,0.21626320716865052
12909,1.0,0.10390135435617547
12910,1.0,0.10369921164342026
12911,1.0,0.10390135435617547
12912,1.0,0.10539845758354756
12913,1.0,0.10390135435617547
12914,1.0,0.10390135435617547
12915,1.0,0.10394337714863498
12916,1.0,0.09950248756218906
12917,1.0,0.32248062015503876
12918,1.0,0.10390135435617547
12919,1.0,0.10857828434313137
12920,1.0,0.10390135435617547
12921,0.9975291,0.17020355132091813
12922,1.0,0.10364258402092977
12923,1.0,0.10394337714863498
12924,1.0,0.14477977161500816
12925,1.0,0.10390135435617547
12926,1.0,0.10394337714863498
12927,1.0,0.29321745701870394
12928,1.0,0.11543783356394545
12929,1.0,0.10390135435617547
12930,1.0,0.22636394442561844
12931,1.0,0.10390135435617547
12932,1.0,0.2762015055008686
12933,1.0,0.12510128018149408
12934,1.0,0.11435477872815172
12935,1.0,0.12105451936872309
12936,1.0,0.07977207977207977
12937,1.0,0.10390135435617547
12938,1.0,0.10390135435617547
12939,1.0,0.10394337714863498
12940,1.0,0.10640822784810126
12941,1.0,0.10390135435617547
12942,1.0,0.09377559377559377
12943,1.0,0.10394337714863498
12944,1.0,0.10351799433885968
12945,1.0,0.10394337714863498
12946,1.0,0.10390135435617547
12947,1.0,0.32593114792621314
12948,1.0,0.10390135435617547
12949,1.0,0.10390135435617547
12950,1.0,0.10390135435617547
12951,1.0,0.10394337714863498
12952,0.39475852,0.17810077519379844
12953,1.0,0.10390135435617547
12954,1.0,0.10390135435617547
12955,1.0,0.10390135435617547
12956,1.0,0.26252408477842004
12957,1.0,0.10390135435617547
12958,1.0,0.1051898985881885
12959,0.99999994,0.10394337714863498
12960,1.0,0.10394337714863498
12961,1.0,0.14455844631733236
12962,1.0,0.10390135435617547
12963,1.0,0.10390135435617547
12964,1.0,0.10390135435617547
12965,1.0,0.14100456621004567
12966,1.0,0.10390135435617547
12967,1.0,0.10390135435617547
12968,1.0,0.10390135435617547
12969,1.0,0.10394337714863498
12970,0.5908915,0.3290639051641913
12971,1.0,0.1039983844911147
12972,1.0,0.12704381948986265
12973,1.0,0.10390135435617547
12974,1.0,0.10390135435617547
12975,1.0,0.10488390712570056
12976,1.0,0.10390135435617547
12977,1.0,0.10390135435617547
12978,1.0,0.10390135435617547
12979,1.0,0.10394337714863498
12980,1.0,0.10394337714863498
12981,1.0,0.12579169598874032
12982,1.0,0.10390135435617547
12983,1.0,0.10394337714863498
12984,1.0,0.10390135435617547
12985,1.0,0.10390135435617547
12986,1.0,0.10394337714863498
12987,1.0,0.10390135435617547
12988,0.9995766,0.15585120825414064
12989,1.0,0.1374900079936051
12990,0.99978864,0.15212042263713996
12991,0.9999998,0.3014679556032939
12992,1.0,0.10390135435617547
12993,1.0,0.10390135435617547
12994,1.0,0.046707146193367584
12995,1.0,0.1053481331987891
12996,1.0,0.24473750951052498
12997,1.0,0.10664792126933119
12998,0.9999972,0.13724696356275304
12999,1.0,0.08161974058842139
13000,1.0,0.10383838383838384
13001,1.0,0.10587761674718196
13002,1.0,0.10377548960226125
13003,1.0,0.16217201166180759
13004,1.0,0.10390135435617547
13005,1.0,0.25770020533880905
13006,1.0,0.112636253532499
13007,0.99998325,0.16915504511894996
13008,1.0,0.10390135435617547
13009,1.0,0.10390135435617547
13010,1.0,0.10228883937613936
13011,0.62724775,0.25473636156128737
13012,1.0,0.10390135435617547
13013,1.0,0.1036573045059608
13014,1.0,0.11132966168371361
13015,1.0,0.10390135435617547
13016,1.0,0.15156062424969988
13017,1.0,0.10707374758116533
13018,1.0,0.19402652401649392
13019,1.0,0.13041314086610253
13020,0.99551547,0.14648526077097507
13021,1.0,0.10394337714863498
13022,0.93477297,0.11964922711058264
13023,1.0,0.10390135435617547
13024,1.0,0.10394337714863498
13025,1.0,0.10422991297308237
13026,1.0,0.10660601265822785
13027,1.0,0.10377548960226125
13028,1.0,0.10390135435617547
13029,1.0,0.10390135435617547
13030,1.0,0.1036573045059608
13031,1.0,0.10390135435617547
13032,1.0,0.10390135435617547
13033,1.0,0.10390135435617547
13034,1.0,0.10390135435617547
13035,0.7207596,0.3381509267431598
13036,1.0,0.10390135435617547
13037,1.0,0.21369242386106216
13038,0.9994933,0.14411008619386056
13039,1.0,0.12325209748302038
13040,1.0,0.11810478990143525
13041,1.0,0.10394337714863498
13042,1.0,0.10390135435617547
13043,0.9999971,0.17609187402122847
13044,1.0,0.10454086781029263
13045,1.0,0.11232544019429265
13046,1.0,0.10496568429551877
13047,1.0,0.1917828759934023
13048,1.0,0.11037527593818984
13049,0.9282035,0.43078626799557035
13050,1.0,0.10390135435617547
13051,1.0,0.10586351811086651
13052,0.99999994,0.10394337714863498
13053,1.0,0.10585858585858586
13054,1.0,0.10390135435617547
13055,1.0,0.10390135435617547
13056,1.0,0.10390135435617547
13057,1.0,0.07914812460267005
13058,1.0,0.10406142655081835
13059,1.0,0.10390135435617547
13060,1.0,0.09313725490196079
13061,1.0,0.10394337714863498
13062,1.0,0.20199115044247787
13063,1.0,0.10372017792155278
13064,1.0,0.10376213592233009
13065,1.0,0.31505003849114704
13066,1.0,0.10390135435617547
13067,1.0,0.10394337714863498
13068,1.0,0.10390135435617547
13069,1.0,0.10390135435617547
13070,1.0,0.2630962832894352
13071,1.0,0.10390135435617547
13072,1.0,0.10394337714863498
13073,1.0,0.10390135435617547
13074,1.0,0.10390135435617547
13075,1.0,0.11986176791560567
13076,1.0,0.24878444084278767
13077,1.0,0.11043307086614174
13078,1.0,0.10390135435617547
13079,1.0,0.10369921164342026
13080,1.0,0.10347615198059822
13081,1.0,0.31278758694489034
13082,1.0,0.250897343862168
13083,1.0,0.10390135435617547
13084,1.0,0.10390135435617547
13085,1.0,0.10394337714863498
13086,1.0,0.10390135435617547
13087,1.0,0.10394337714863498
13088,1.0,0.10394842868654311
13089,1.0,0.1047047047047047
13090,1.0,0.10409521888238854
13091,1.0,0.26610785699858613
13092,1.0,0.11265197568389057
13093,0.27675235,0.08731966590736523
13094,1.0,0.10394337714863498
13095,1.0,0.10392236150424586
13096,1.0,0.16234439834024897
13097,0.41688678,0.12214225232853514
13098,1.0,0.10394337714863498
13099,1.0,0.10390135435617547
13100,1.0,0.10390135435617547
13101,1.0,0.10417511147142278
13102,1.0,0.10614300100704935
13103,1.0,0.10872186495176848
13104,1.0,0.10390135435617547
13105,1.0,0.1063658340048348
13106,1.0,0.10390135435617547
13107,1.0,0.11133440514469453
13108,1.0,0.12380165289256198
13109,0.38314527,0.2339038304808476
13110,1.0,0.10390135435617547
13111,1.0,0.10614300100704935
13112,1.0,0.29640861931364726
13113,1.0,0.12549092949317375
13114,1.0,0.15166033371881713
13115,1.0,0.10390135435617547
13116,1.0,0.10390135435617547
13117,1.0,0.11068778824944857
13118,1.0,0.10390135435617547
13119,1.0,0.3111246943765281
13120,1.0,0.11299435028248588
13121,1.0,0.10390135435617547
13122,1.0,0.10347615198059822
13123,1.0,0.10390135435617547
13124,1.0,0.10394337714863498
13125,1.0,0.1048582995951417
13126,1.0,0.13646574316735305
13127,1.0,0.10383838383838384
13128,1.0,0.10394337714863498
13129,1.0,0.10390135435617547
13130,1.0,0.18365802912804993
13131,1.0,0.10394337714863498
13132,1.0,0.10390135435617547
13133,1.0,0.10368570271364926
13134,1.0,0.10390135435617547
13135,1.0,0.1928896543240251
13136,1.0,0.06434743065029559
13137,1.0,0.141439205955335
13138,1.0,0.10390135435617547
13139,1.0,0.10390135435617547
13140,1.0,0.09719089604264917
13141,1.0,0.017380881030866047
13142,1.0,0.10390135435617547
13143,1.0,0.10394337714863498
13144,1.0,0.10394337714863498
13145,1.0,0.10390135435617547
13146,1.0,0.10390135435617547
13147,0.85233897,0.20875832993336052
13148,0.9986154,0.1717699775952203
13149,1.0,0.10394337714863498
13150,1.0,0.22268848790040566
13151,1.0,0.1916188488958442
13152,1.0,0.21974946695095948
13153,1.0,0.27152504220596513
13154,1.0,0.10394337714863498
13155,1.0,0.10390135435617547
13156,1.0,0.10394337714863498
13157,1.0,0.13343799058084774
13158,1.0,0.11209856594627347
13159,1.0,0.10390135435617547
13160,1.0,0.10390135435617547
13161,0.99998313,0.18036933974196812
13162,1.0,0.12704005934718102
13163,1.0,0.10390135435617547
13164,1.0,0.10612162706403544
13165,1.0,0.10390135435617547
13166,1.0,0.24084169210641082
13167,1.0,0.10394337714863498
13168,0.86485916,0.13201790073230268
13169,1.0,0.10390135435617547
13170,1.0,0.10390135435617547
13171,1.0,0.10394337714863498
13172,1.0,0.13300099700897308
13173,1.0,0.04035874439461883
13174,1.0,0.10390135435617547
13175,1.0,0.10368570271364926
13176,1.0,0.10394337714863498
13177,0.3075099,0.21213927975196756
13178,1.0,0.10390135435617547
13179,1.0,0.10390135435617547
13180,1.0,0.10649455425574829
13181,1.0,0.10394337714863498
13182,1.0,0.10390135435617547
13183,1.0,0.10390135435617547
13184,1.0,0.10394337714863498
13185,1.0,0.10390135435617547
13186,1.0,0.17927595924561024
13187,1.0,0.06688648139425342
13188,1.0,0.11945594322885866
13189,1.0,0.10390135435617547
13190,1.0,0.10390135435617547
13191,1.0,0.10390135435617547
13192,0.60259736,0.2027302119506646
13193,1.0,0.14499089253187614
13194,1.0,0.10394337714863498
13195,1.0,0.10293819655521783
13196,0.9999858,0.17638522427440634
13197,1.0,0.10392236150424586
13198,1.0,0.10390135435617547
13199,1.0,0.10390135435617547
13200,1.0,0.1322378716744914
13201,1.0,0.10390135435617547
13202,1.0,0.10377548960226125
13203,1.0,0.10390135435617547
13204,1.0,0.10394337714863498
13205,1.0,0.10419566514217539
13206,1.0,0.3382274426054458
13207,1.0,0.08202311043758287
13208,1.0,0.10394337714863498
13209,1.0,0.10390135435617547
13210,1.0,0.10390135435617547
13211,1.0,0.10686274509803921
13212,1.0,0.10394337714863498
13213,1.0,0.10458825886595872
13214,1.0,0.10394337714863498
13215,1.0,0.10458308096103372
13216,1.0,0.10390135435617547
13217,1.0,0.09615784008307372
13218,1.0,0.10393541876892028
13219,1.0,0.18796696814785685
13220,1.0,0.10615627466456196
13221,1.0,0.10390135435617547
13222,1.0,0.10394337714863498
13223,1.0,0.10390135435617547
13224,1.0,0.10390135435617547
13225,0.9999687,0.1633356305995865
13226,1.0,0.10394337714863498
13227,1.0,0.10390135435617547
13228,1.0,0.10376213592233009
13229,1.0,0.10390135435617547
13230,1.0,0.10390135435617547
13231,1.0,0.22233104799216455
13232,1.0,0.10390135435617547
13233,1.0,0.10394337714863498
13234,0.99811524,0.23914504637720124
13235,1.0,0.10394337714863498
13236,0.99999934,0.17718576792419094
13237,1.0,0.10397738744195437
13238,1.0,0.10390135435617547
13239,1.0,0.10394337714863498
13240,1.0,0.11048273076146232
13241,1.0,0.10394337714863498
13242,1.0,0.10384615384615385
13243,1.0,0.10394337714863498
13244,0.7850622,0.43992483696252904
13245,1.0,0.10394337714863498
13246,1.0,0.10390135435617547
13247,1.0,0.10390135435617547
13248,1.0,0.10390135435617547
13249,1.0,0.10390135435617547
13250,1.0,0.22626262626262628
13251,1.0,0.10390135435617547
13252,1.0,0.10394337714863498
13253,0.99954844,0.22879870567614938
13254,1.0,0.10390135435617547
13255,1.0,0.10390135435617547
13256,1.0,0.10371267150928168
13257,1.0,0.3069182389937107
13258,1.0,0.10390135435617547
13259,1.0,0.10390135435617547
13260,1.0,0.10390135435617547
13261,1.0,0.13085782366957904
13262,1.0,0.10390135435617547
13263,1.0,0.10390135435617547
13264,1.0,0.1048
13265,1.0,0.10390135435617547
13266,1.0,0.10390135435617547
13267,1.0,0.10394337714863498
13268,1.0,0.10746371803731859
13269,1.0,0.10390135435617547
13270,1.0,0.10390135435617547
13271,0.85619354,0.28106060606060607
13272,1.0,0.15609281194223593
13273,1.0,0.10390135435617547
13274,1.0,0.13348779183746212
13275,1.0,0.10394337714863498
13276,1.0,0.10390135435617547
13277,0.99999994,0.10390135435617547
13278,1.0,0.13076606260296542
13279,1.0,0.13687475765800697
13280,1.0,0.10394337714863498
13281,1.0,0.10390135435617547
13282,0.8865706,0.11483594864479316
13283,1.0,0.10369921164342026
13284,1.0,0.07238933724627049
13285,1.0,0.10390135435617547
13286,1.0,0.11180625630676085
13287,1.0,0.10390135435617547
13288,1.0,0.10374115267947422
13289,1.0,0.10394337714863498
13290,1.0,0.2604182804027885
13291,1.0,0.10522072162870388
13292,1.0,0.33760886777513854
13293,0.9999292,0.10271206001154068
13294,1.0,0.10383838383838384
13295,0.9999973,0.15903655620088827
13296,1.0,0.10394337714863498
13297,1.0,0.10390135435617547
13298,1.0,0.10390135435617547
13299,1.0,0.10758620689655173
13300,1.0,0.10390135435617547
13301,1.0,0.10303884081304085
13302,1.0,0.10394337714863498
13303,1.0,0.10569760418763842
13304,1.0,0.10394337714863498
13305,1.0,0.10390135435617547
13306,1.0,0.10390135435617547
13307,1.0,0.11191919191919192
13308,1.0,0.10390135435617547
13309,1.0,0.33754543880907045
13310,1.0,0.1453468107354479
13311,1.0,0.10390135435617547
13312,1.0,0.10388035569927244
13313,1.0,0.10390135435617547
13314,1.0,0.10390135435617547
13315,0.25341108,0.10061674008810573
13316,1.0,0.10390135435617547
13317,1.0,0.10606060606060606
13318,1.0,0.10401939002221773
13319,1.0,0.10388035569927244
13320,1.0,0.10462532821652192
13321,1.0,0.10673394139336309
13322,1.0,0.10390135435617547
13323,1.0,0.10390135435617547
13324,1.0,0.10554561717352415
13325,1.0,0.10390135435617547
13326,1.0,0.112484799351439
13327,1.0,0.10401939002221773
13328,1.0,0.11879181025744982
13329,1.0,0.10390135435617547
13330,1.0,0.31787285085965616
13331,1.0,0.05679563492063492
13332,1.0,0.10390135435617547
13333,0.34929147,0.12169491525423728
13334,0.9999986,0.13819691577698695
13335,0.99999976,0.14012497633024049
13336,1.0,0.1147017753840016
13337,1.0,0.10478680611423974
13338,1.0,0.1414263512346745
13339,1.0,0.10686274509803921
13340,1.0,0.09593262119967132
13341,1.0,0.10390135435617547
13342,1.0,0.1085122699386503
13343,1.0,0.1017744238221497
13344,1.0,0.10453451043338684
13345,1.0,0.11835404359339988
13346,1.0,0.10390135435617547
13347,1.0,0.22362075049994118
13348,1.0,0.10390135435617547
13349,1.0,0.10377548960226125
13350,1.0,0.10390135435617547
13351,1.0,0.10408245755860954
13352,1.0,0.13156814449917897
13353,1.0,0.08082064034815045
13354,1.0,0.10532615200478755
13355,1.0,0.10390135435617547
13356,1.0,0.31305595408895265
13357,1.0,0.10390135435617547
13358,1.0,0.10394337714863498
13359,1.0,0.10388035569927244
13360,1.0,0.10390135435617547
13361,1.0,0.10390135435617547
13362,1.0,0.10390135435617547
13363,1.0,0.10390135435617547
13364,1.0,0.10394337714863498
13365,1.0,0.10394337714863498
13366,0.94499016,0.024395202276885547
13367,1.0,0.10390135435617547
13368,1.0,0.10390135435617547
13369,1.0,0.10394337714863498
13370,1.0,0.04492787893118941
13371,1.0,0.10390135435617547
13372,1.0,0.10390135435617547
13373,1.0,0.0900212314225053
13374,1.0,0.10394337714863498
13375,1.0,0.10394337714863498
13376,1.0,0.10390135435617547
13377,1.0,0.10390135435617547
13378,1.0,0.11819510412860797
13379,1.0,0.10390135435617547
13380,1.0,0.19224119299762266
13381,1.0,0.10390135435617547
13382,1.0,0.10390135435617547
13383,1.0,0.10394337714863498
13384,1.0,0.10238769728854714
13385,1.0,0.10389348396207383
13386,1.0,0.10267857142857142
13387,1.0,0.10390135435617547
13388,1.0,0.10390135435617547
13389,1.0,0.11385047103627982
13390,1.0,0.10390135435617547
13391,1.0,0.12191103789126853
13392,1.0,0.10390135435617547
13393,1.0,0.0670690811535882
13394,0.25022477,0.24018790725867556
13395,1.0,0.11686722414848053
13396,1.0,0.10390135435617547
13397,1.0,0.10390135435617547
13398,1.0,0.10390135435617547
13399,0.22237134,0.5143385753931545
13400,1.0,0.1017744238221497
13401,1.0,0.12718292467807374
13402,1.0,0.10908722930580854
13403,1.0,0.10444444444444445
13404,1.0,0.10703185703185703
13405,1.0,0.13519355472587935
13406,1.0,0.13277113159443027
13407,1.0,0.10179399314654304
13408,0.16618758,0.12196229843288667
13409,1.0,0.03047232097511427
13410,1.0,0.10991800078094495
13411,1.0,0.10390135435617547
13412,1.0,0.10390135435617547
13413,1.0,0.10394337714863498
13414,1.0,0.10390135435617547
13415,1.0,0.10390135435617547
13416,0.92905486,0.5480728504870818
13417,1.0,0.11731505744809514
13418,1.0,0.03395843892549417
13419,1.0,0.10394337714863498
13420,1.0,0.10390135435617547
13421,1.0,0.024652504589562026
13422,1.0,0.10390135435617547
13423,0.99999744,0.19529956967891426
13424,1.0,0.11520190023752969
13425,0.78731656,0.5802098950524738
13426,1.0,0.10394337714863498
13427,1.0,0.132712215320911
13428,1.0,0.10394337714863498
13429,1.0,0.10394337714863498
13430,1.0,0.10394337714863498
13431,1.0,0.10392236150424586
13432,1.0,0.10420032310177706
13433,1.0,0.1300103842159917
13434,1.0,0.16053201360965047
13435,1.0,0.10390135435617547
13436,1.0,0.10369921164342026
13437,1.0,0.10120967741935484
13438,1.0,0.10390135435617547
13439,1.0,0.10390135435617547
13440,1.0,0.1600770218228498
13441,1.0,0.0691418408181414
13442,1.0,0.038071761161325664
13443,1.0,0.21829855537720708
13444,1.0,0.10390135435617547
13445,1.0,0.19882039573820395
13446,1.0,0.10390135435617547
13447,1.0,0.3137917587417132
13448,1.0,0.10390135435617547
13449,1.0,0.0817450232952139
13450,1.0,0.10454086781029263
13451,1.0,0.10394337714863498
13452,1.0,0.10390135435617547
13453,1.0,0.17899882015843588
13454,0.99238765,0.11484027496967246
13455,1.0,0.083745963401507
13456,1.0,0.10390135435617547
13457,1.0,0.3185452088728747
13458,1.0,0.10390135435617547
13459,1.0,0.10390135435617547
13460,1.0,0.1111111111111111
13461,1.0,0.1026830744401856
13462,1.0,0.10390135435617547
13463,0.4601207,0.23557692307692307
13464,1.0,0.10401459854014598
13465,1.0,0.10390135435617547
13466,1.0,0.10394337714863498
13467,0.9999996,0.10863279636513837
13468,1.0,0.10394337714863498
13469,1.0,0.10383838383838384
13470,0.42564896,0.5109212934716291
13471,1.0,0.32078930342894113
13472,1.0,0.10390135435617547
13473,1.0,0.29295489102889
13474,1.0,0.31594455964203866
13475,1.0,0.10390135435617547
13476,1.0,0.10390135435617547
13477,1.0,0.10082393755420642
13478,1.0,0.17660377358490567
13479,0.99997884,0.12777672299221568
13480,1.0,0.10394337714863498
13481,1.0,0.10390135435617547
13482,1.0,0.10394337714863498
13483,1.0,0.10390135435617547
13484,1.0,0.10390135435617547
13485,1.0,0.10390135435617547
13486,0.9998069,0.10671866690303138
13487,1.0,0.31413477644633425
13488,0.6304138,0.2701363073110285
13489,1.0,0.2502286445948418
13490,1.0,0.10390135435617547
13491,1.0,0.2002186190562944
13492,1.0,0.10940654016955995
13493,1.0,0.10394337714863498
13494,1.0,0.1615575807787904
13495,1.0,0.10390135435617547
13496,1.0,0.10394337714863498
13497,1.0,0.10394337714863498
13498,1.0,0.1517509727626459
13499,1.0,0.10445654365799556
13500,1.0,0.10394337714863498
13501,1.0,0.10390135435617547
13502,1.0,0.10394337714863498
13503,0.9999747,0.17666274663530643
13504,1.0,0.12043864624692759
13505,1.0,0.10390135435617547
13506,1.0,0.10364372469635627
13507,1.0,0.10589893295751963
13508,1.0,0.10390135435617547
13509,1.0,0.10394337714863498
13510,1.0,0.11232765612327657
13511,1.0,0.10394337714863498
13512,1.0,0.09596808063838723
13513,1.0,0.09603816635552789
13514,1.0,0.10394337714863498
13515,1.0,0.031187624750499
13516,1.0,0.14830927427328455
13517,1.0,0.10349706893066504
13518,1.0,0.10394337714863498
13519,1.0,0.10390135435617547
13520,1.0,0.11093182734973779
13521,1.0,0.10390135435617547
13522,0.96416247,0.31240742850632336
13523,1.0,0.11093215220455004
13524,1.0,0.10551368504561681
13525,1.0,0.17937508036517938
13526,1.0,0.12579169598874032
13527,1.0,0.10394337714863498
13528,1.0,0.10390135435617547
13529,0.9999971,0.04181818181818182
13530,1.0,0.10390135435617547
13531,1.0,0.11303996770286637
13532,1.0,0.10394337714863498
13533,1.0,0.24800683371298404
13534,1.0,0.10394337714863498
13535,1.0,0.10390135435617547
13536,1.0,0.10390135435617547
13537,1.0,0.20215887654579753
13538,1.0,0.10390135435617547
13539,1.0,0.10521001615508885
13540,1.0,0.10390135435617547
13541,1.0,0.10390135435617547
13542,0.8337101,0.6106051406597854
13543,1.0,0.10539845758354756
13544,1.0,0.10333670374115268
13545,1.0,0.10389348396207383
13546,1.0,0.2223108477666363
13547,1.0,0.10390135435617547
13548,1.0,0.10390135435617547
13549,1.0,0.12381300219138057
13550,1.0,0.10390135435617547
13551,0.9999196,0.17305942010141723
13552,1.0,0.13060249816311537
13553,1.0,0.10390135435617547
13554,0.9127,0.32798372513562385
13555,1.0,0.10106489853325297
13556,1.0,0.10390135435617547
13557,1.0,0.10394337714863498
13558,1.0,0.10390135435617547
13559,1.0,0.16922281578493883
13560,1.0,0.12469065296021321
13561,1.0,0.10390135435617547
13562,1.0,0.11155003762227239
13563,1.0,0.09580838323353294
13564,1.0,0.10390135435617547
13565,1.0,0.3421828908554572
13566,1.0,0.13377795213809338
13567,1.0,0.1799383275893343
13568,1.0,0.10394337714863498
13569,1.0,0.10390135435617547
13570,1.0,0.11435477872815172
13571,1.0,0.18345746765974127
13572,1.0,0.10390135435617547
13573,1.0,0.15182450043440487
13574,1.0,0.10390135435617547
13575,1.0,0.10390135435617547
13576,1.0,0.12105451936872309
13577,1.0,0.10390135435617547
13578,1.0,0.10390135435617547
13579,1.0,0.10390135435617547
13580,1.0,0.15926993275696447
13581,0.99999994,0.10390135435617547
13582,1.0,0.10390135435617547
13583,1.0,0.10381741062411634
13584,1.0,0.10394337714863498
13585,0.99995786,0.17092250922509225
13586,1.0,0.10994863990869318
13587,1.0,0.10390135435617547
13588,1.0,0.10627142569066345
13589,0.9999947,0.0942197755663773
13590,1.0,0.15505274847307052
13591,1.0,0.1044144325740778
13592,1.0,0.08503767491926803
13593,1.0,0.10390135435617547
13594,0.9311829,0.3732752360203341
13595,1.0,0.10390135435617547
13596,1.0,0.16985834207764952
13597,1.0,0.22597586941092973
13598,1.0,0.10360178065560502
13599,1.0,0.10390135435617547
13600,1.0,0.10394337714863498
13601,1.0,0.10390135435617547
13602,1.0,0.2468887492143306
13603,0.99996245,0.17924278527932222
13604,1.0,0.025296442687747035
13605,1.0,0.12223626026531902
13606,0.99999994,0.10390135435617547
13607,1.0,0.10390135435617547
13608,1.0,0.10394337714863498
13609,1.0,0.10390135435617547
13610,1.0,0.10390135435617547
13611,1.0,0.10390135435617547
13612,1.0,0.19952031179733173
13613,1.0,0.13465613561934117
13614,1.0,0.10390135435617547
13615,1.0,0.10390135435617547
13616,1.0,0.10390135435617547
13617,0.18315546,0.4695697796432319
13618,0.99999994,0.13745498199279713
13619,1.0,0.10394337714863498
13620,1.0,0.10390135435617547
13621,1.0,0.10390135435617547
13622,1.0,0.10390135435617547
13623,1.0,0.10394337714863498
13624,1.0,0.32882254464285715
13625,1.0,0.10406142655081835
13626,1.0,0.10390135435617547
13627,1.0,0.10235270460486628
13628,1.0,0.16895684149409715
13629,1.0,0.10390135435617547
13630,1.0,0.10434782608695652
13631,1.0,0.10390135435617547
13632,1.0,0.10394337714863498
13633,1.0,0.10389348396207383
13634,1.0,0.10390135435617547
13635,1.0,0.10390135435617547
13636,1.0,0.09358019722278124
13637,1.0,0.10370670447640268
13638,1.0,0.10390135435617547
13639,1.0,0.10390135435617547
13640,1.0,0.10412454508693894
13641,0.6636335,0.5786850477200424
13642,1.0,0.10394337714863498
13643,1.0,0.11265370884569616
13644,1.0,0.10390135435617547
13645,1.0,0.10390135435617547
13646,1.0,0.10376213592233009
13647,1.0,0.10390135435617547
13648,1.0,0.10342729669438248
13649,1.0,0.3510544036859826
13650,1.0,0.3195588794524021
13651,1.0,0.1121627064035441
13652,1.0,0.14398422090729784
13653,0.72149026,0.4745503702832961
13654,1.0,0.10390135435617547
13655,1.0,0.10390135435617547
13656,1.0,0.2204867890147078
13657,1.0,0.10390135435617547
13658,1.0,0.10390135435617547
13659,1.0,0.10390135435617547
13660,1.0,0.10390135435617547
13661,1.0,0.10390135435617547
13662,1.0,0.10390135435617547
13663,0.9999999,0.12708287047322817
13664,1.0,0.10390135435617547
13665,1.0,0.10394337714863498
13666,1.0,0.10390135435617547
13667,1.0,0.10390135435617547
13668,1.0,0.10394337714863498
13669,1.0,0.10390135435617547
13670,1.0,0.10390135435617547
13671,1.0,0.11156022635408246
13672,1.0,0.10363636363636364
13673,1.0,0.10390135435617547
13674,1.0,0.10390135435617547
13675,1.0,0.10390135435617547
13676,1.0,0.10409521888238854
13677,0.19234875,0.21497584541062803
13678,1.0,0.10379644588045234
13679,1.0,0.10390135435617547
13680,1.0,0.1830181245074862
13681,1.0,0.10390135435617547
13682,1.0,0.10390135435617547
13683,1.0,0.10390135435617547
13684,1.0,0.10394337714863498
13685,1.0,0.10390135435617547
13686,1.0,0.1161277201545658
13687,1.0,0.10390135435617547
13688,0.8855482,0.4502384737678855
13689,1.0,0.10394337714863498
13690,1.0,0.10390135435617547
13691,1.0,0.10390135435617547
13692,1.0,0.10390135435617547
13693,1.0,0.10577495534828339
13694,0.99974144,0.14735249621785174
13695,1.0,0.1046
13696,1.0,0.10394337714863498
13697,1.0,0.10379644588045234
13698,0.9925536,0.2299418092047258
13699,0.8090825,0.274115401556306
13700,1.0,0.10394337714863498
13701,1.0,0.10390135435617547
13702,1.0,0.10390135435617547
13703,0.4940451,0.3672843620850553
13704,1.0,0.10390135435617547
13705,1.0,0.10369921164342026
13706,0.99999994,0.14561196379378197
13707,1.0,0.21361598043212393
13708,1.0,0.29794281729428174
13709,1.0,0.10390135435617547
13710,1.0,0.10390135435617547
13711,1.0,0.10390135435617547
13712,1.0,0.10390135435617547
13713,1.0,0.10394337714863498
13714,1.0,0.125
13715,1.0,0.2357313512078577
13716,1.0,0.3147046323841904
13717,1.0,0.10368570271364926
13718,1.0,0.10390135435617547
13719,0.8181153,0.5109856262833675
13720,1.0,0.10484193677470989
13721,1.0,0.10106489853325297
13722,1.0,0.10390135435617547
13723,1.0,0.1539756782039289
13724,1.0,0.10394337714863498
13725,1.0,0.10390135435617547
13726,1.0,0.10390135435617547
13727,1.0,0.10417511147142278
13728,1.0,0.10390135435617547
13729,1.0,0.10369921164342026
13730,1.0,0.15166033371881713
13731,1.0,0.10390135435617547
13732,1.0,0.17316544814513946
13733,1.0,0.10476382721033509
13734,1.0,0.1541455160744501
13735,1.0,0.10394337714863498
13736,1.0,0.10390135435617547
13737,1.0,0.24498236224303613
13738,1.0,0.10394337714863498
13739,1.0,0.10390135435617547
13740,1.0,0.17385964912280702
13741,1.0,0.10394337714863498
13742,1.0,0.10394337714863498
13743,1.0,0.10390135435617547
13744,1.0,0.10390135435617547
13745,1.0,0.0984910277324633
13746,1.0,0.10394337714863498
13747,1.0,0.14621291974100287
13748,1.0,0.1060965954077593
13749,1.0,0.10349706893066504
13750,1.0,0.19127562955827715
13751,0.96018684,0.2972668810289389
13752,1.0,0.10394337714863498
13753,1.0,0.09961530674225552
13754,1.0,0.10390135435617547
13755,1.0,0.10607621009268794
13756,1.0,0.10390135435617547
13757,1.0,0.10394337714863498
13758,0.3107959,0.08668730650154799
13759,1.0,0.10390135435617547
13760,1.0,0.10390135435617547
13761,1.0,0.10394337714863498
13762,1.0,0.10394337714863498
13763,1.0,0.10394337714863498
13764,1.0,0.10390135435617547
13765,1.0,0.1156394298333668
13766,1.0,0.10397738744195437
13767,1.0,0.10394337714863498
13768,1.0,0.10390135435617547
13769,1.0,0.10390135435617547
13770,1.0,0.10394337714863498
13771,1.0,0.10390135435617547
13772,1.0,0.2517547100110824
13773,1.0,0.19224119299762266
13774,1.0,0.10394337714863498
13775,1.0,0.10390135435617547
13776,1.0,0.10390135435617547
13777,1.0,0.10394337714863498
13778,1.0,0.10377548960226125
13779,1.0,0.10394337714863498
13780,1.0,0.1326175714501739
13781,1.0,0.10390135435617547
13782,1.0,0.10394337714863498
13783,1.0,0.10394337714863498
13784,0.99999994,0.10392236150424586
13785,1.0,0.10394337714863498
13786,1.0,0.10390135435617547
13787,0.99999994,0.10608764624231608
13788,1.0,0.10796603315810756
13789,1.0,0.10394337714863498
13790,1.0,0.13211200476616025
13791,1.0,0.10390135435617547
13792,1.0,0.10390135435617547
13793,0.99766123,0.24098316858135185
13794,1.0,0.025993133889161354
13795,0.9972435,0.12497240008831972
13796,1.0,0.10394337714863498
13797,1.0,0.10390135435617547
13798,0.22751899,0.18483664772727273
13799,0.87480164,0.7235352532274082
13800,1.0,0.10394337714863498
13801,1.0,0.10394337714863498
13802,1.0,0.10394337714863498
13803,1.0,0.10390135435617547
13804,1.0,0.10394337714863498
13805,0.9999998,0.1781905744754042
13806,1.0,0.10390135435617547
13807,1.0,0.10388035569927244
13808,0.99811995,0.1624701341665135
13809,1.0,0.3321281840591619
13810,1.0,0.12136822583968679
13811,1.0,0.10390135435617547
13812,1.0,0.1188039333734698
13813,1.0,0.11207768561602266
13814,1.0,0.10795454545454546
13815,1.0,0.10390135435617547
13816,1.0,0.10394337714863498
13817,1.0,0.321746067927969
13818,1.0,0.10907995178786661
13819,1.0,0.117124234643492
13820,1.0,0.10377548960226125
13821,1.0,0.10652436568666936
13822,1.0,0.10390135435617547
13823,1.0,0.31695643680406327
13824,1.0,0.10390135435617547
13825,1.0,0.10394337714863498
13826,1.0,0.10390135435617547
13827,1.0,0.3217357310398749
13828,1.0,0.10753729897306724
13829,1.0,0.10390135435617547
13830,1.0,0.10390135435617547
13831,1.0,0.10608203677510608
13832,1.0,0.10836952230556653
13833,1.0,0.10390135435617547
13834,1.0,0.10394337714863498
13835,1.0,0.10364258402092977
13836,1.0,0.10390135435617547
13837,1.0,0.10390135435617547
13838,1.0,0.10390135435617547
13839,1.0,0.10390135435617547
13840,1.0,0.10390135435617547
13841,1.0,0.27034358047016277
13842,1.0,0.10394337714863498
13843,1.0,0.1201515424860184
13844,1.0,0.10325318246110325
13845,1.0,0.15081967213114755
13846,1.0,0.10394337714863498
13847,1.0,0.10390135435617547
13848,1.0,0.10459235282217277
13849,1.0,0.10390135435617547
13850,1.0,0.10394337714863498
13851,1.0,0.1426516422920163
13852,1.0,0.10394337714863498
13853,1.0,0.1026677445432498
13854,1.0,0.3332302936630603
13855,0.97024614,0.13528591352859135
13856,1.0,0.11032531824611033
13857,1.0,0.10390135435617547
13858,1.0,0.16234439834024897
13859,1.0,0.1552696510398308
13860,1.0,0.24597116200169636
13861,1.0,0.10394337714863498
13862,1.0,0.10390135435617547
13863,1.0,0.13275590551181102
13864,1.0,0.08161974058842139
13865,1.0,0.10474268415741675
13866,0.80051756,0.11361264350678396
13867,1.0,0.10390135435617547
13868,1.0,0.10390135435617547
13869,1.0,0.1036573045059608
13870,1.0,0.10390135435617547
13871,1.0,0.10342036025096134
13872,1.0,0.14152066678006464
13873,1.0,0.10394337714863498
13874,1.0,0.10390135435617547
13875,1.0,0.10390135435617547
13876,1.0,0.10394337714863498
13877,1.0,0.12195841321339035
13878,1.0,0.10390135435617547
13879,1.0,0.10394337714863498
13880,1.0,0.10394337714863498
13881,1.0,0.10390135435617547
13882,1.0,0.1043338683788122
13883,1.0,0.10390135435617547
13884,0.9999998,0.1508133971291866
13885,1.0,0.10658612626656275
13886,1.0,0.10394337714863498
13887,1.0,0.10516754138070246
13888,1.0,0.11277913304559956
13889,1.0,0.10858178887993554
13890,1.0,0.1029739024883674
13891,1.0,0.10390135435617547
13892,1.0,0.10390135435617547
13893,1.0,0.10419622947496453
13894,1.0,0.10394337714863498
13895,1.0,0.10390135435617547
13896,1.0,0.10390135435617547
13897,1.0,0.10369921164342026
13898,1.0,0.11454983922829581
13899,1.0,0.10734463276836158
13900,1.0,0.10390135435617547
13901,1.0,0.10390135435617547
13902,1.0,0.10390135435617547
13903,1.0,0.10468374699759808
13904,1.0,0.10390135435617547
13905,1.0,0.10390135435617547
13906,1.0,0.15268589573961366
13907,1.0,0.18512366186784793
13908,1.0,0.10390135435617547
13909,1.0,0.10371267150928168
13910,1.0,0.10394337714863498
13911,1.0,0.10394337714863498
13912,1.0,0.10394337714863498
13913,1.0,0.10390135435617547
13914,1.0,0.10390135435617547
13915,1.0,0.10390135435617547
13916,1.0,0.10394337714863498
13917,1.0,0.10369921164342026
13918,1.0,0.10347615198059822
13919,1.0,0.10390135435617547
13920,0.99999994,0.10449868872301796
13921,1.0,0.13156814449917897
13922,1.0,0.11207768561602266
13923,1.0,0.10394337714863498
13924,1.0,0.2540964689591507
13925,1.0,0.1211556383970177
13926,1.0,0.10388035569927244
13927,1.0,0.10390135435617547
13928,1.0,0.10390135435617547
13929,1.0,0.10666130006037432
13930,1.0,0.10390135435617547
13931,1.0,0.10381741062411634
13932,1.0,0.11516966067864272
13933,1.0,0.12270600935588341
13934,1.0,0.10328827920112972
13935,1.0,0.10390135435617547
13936,1.0,0.10390135435617547
13937,1.0,0.10390135435617547
13938,1.0,0.10383838383838384
13939,1.0,0.10390135435617547
13940,1.0,0.3859898236895042
13941,1.0,0.10390135435617547
13942,1.0,0.10390135435617547
13943,1.0,0.10390135435617547
13944,1.0,0.10385936552838958
13945,1.0,0.10394337714863498
13946,1.0,0.10390135435617547
13947,1.0,0.17081908483960268
13948,1.0,0.10390135435617547
13949,1.0,0.10390135435617547
13950,1.0,0.10390135435617547
13951,1.0,0.1045289122523251
13952,0.9505791,0.277720207253886
13953,1.0,0.10394337714863498
13954,1.0,0.10394337714863498
13955,1.0,0.10390135435617547
13956,1.0,0.1279414328046017
13957,1.0,0.10394337714863498
13958,1.0,0.10394337714863498
13959,1.0,0.10390135435617547
13960,1.0,0.10390135435617547
13961,1.0,0.10390135435617547
13962,1.0,0.04356197352587244
13963,1.0,0.10394337714863498
13964,1.0,0.10394337714863498
13965,0.9814003,0.14549737271244792
13966,1.0,0.1044144325740778
13967,1.0,0.10390135435617547
13968,1.0,0.44819938747491816
13969,1.0,0.10394337714863498
13970,1.0,0.10390135435617547
13971,1.0,0.2815640703517588
13972,1.0,0.19576322115384615
13973,1.0,0.10390135435617547
13974,1.0,0.10390135435617547
13975,0.99999696,0.11098591549295775
13976,1.0,0.10550367574011524
13977,1.0,0.118508655126498
13978,1.0,0.10394337714863498
13979,1.0,0.10390135435617547
13980,1.0,0.10394337714863498
13981,1.0,0.2095679012345679
13982,1.0,0.10390135435617547
13983,1.0,0.10805860805860806
13984,1.0,0.10390135435617547
13985,0.29453045,0.2652862701500834
13986,1.0,0.10390135435617547
13987,1.0,0.1542918744104568
13988,1.0,0.32365714285714287
13989,1.0,0.2393506106642836
13990,1.0,0.10390135435617547
13991,1.0,0.10390135435617547
13992,1.0,0.10390135435617547
13993,1.0,0.10390135435617547
13994,1.0,0.2405020920502092
13995,1.0,0.10390135435617547
13996,1.0,0.10390135435617547
13997,1.0,0.11247238401285399
13998,1.0,0.10390135435617547
13999,1.0,0.10390135435617547
14000,1.0,0.17825459046833092
14001,0.20625657,0.2867971489987555
14002,1.0,0.10390135435617547
14003,1.0,0.14519874334107363
14004,0.9999997,0.12623912603681975
14005,1.0,0.11442112389979689
14006,1.0,0.10390135435617547
14007,1.0,0.028063851699279094
14008,1.0,0.10390135435617547
14009,1.0,0.10394337714863498
14010,1.0,0.10390135435617547
14011,1.0,0.31315054582381313
14012,1.0,0.10390135435617547
14013,1.0,0.10390135435617547
14014,1.0,0.10390135435617547
14015,1.0,0.11032816589490638
14016,1.0,0.265266243282853
14017,1.0,0.10512510088781275
14018,1.0,0.10506072874493927
14019,0.9998008,0.24595408355287918
14020,1.0,0.10369921164342026
14021,1.0,0.10394337714863498
14022,1.0,0.10390135435617547
14023,1.0,0.2089519410535577
14024,1.0,0.10390135435617547
14025,1.0,0.10532615200478755
14026,1.0,0.10390135435617547
14027,1.0,0.10390135435617547
14028,1.0,0.10390135435617547
14029,1.0,0.10394337714863498
14030,1.0,0.10417928528164748
14031,1.0,0.10390135435617547
14032,1.0,0.2663532297628782
14033,1.0,0.10390135435617547
14034,1.0,0.10407422347720856
14035,1.0,0.10390135435617547
14036,1.0,0.10369921164342026
14037,1.0,0.10390135435617547
14038,1.0,0.10390135435617547
14039,1.0,0.31430202683414216
14040,1.0,0.10390135435617547
14041,1.0,0.10390135435617547
14042,1.0,0.10390135435617547
14043,1.0,0.10436698717948718
14044,1.0,0.2945872585023152
14045,1.0,0.10420438543552606
14046,1.0,0.10385936552838958
14047,1.0,0.10436893203883495
14048,1.0,0.16859157042147893
14049,1.0,0.12187776793622675
14050,1.0,0.18949520364837238
14051,0.6741485,0.4690471159940841
14052,1.0,0.10394337714863498
14053,1.0,0.1012965964343598
14054,1.0,0.31130093824394345
14055,1.0,0.11064318529862174
14056,0.3421241,0.3430560556955948
14057,1.0,0.10390135435617547
14058,1.0,0.19377200704225353
14059,1.0,0.10390135435617547
14060,1.0,0.10390135435617547
14061,1.0,0.09417753738466433
14062,1.0,0.10372017792155278
14063,1.0,0.10256410256410256
14064,1.0,0.10390135435617547
14065,1.0,0.10390135435617547
14066,1.0,0.21405801721389864
14067,1.0,0.17083516162059384
14068,1.0,0.10394337714863498
14069,1.0,0.10390135435617547
14070,0.99999887,0.1408199643493761
14071,1.0,0.10390135435617547
14072,1.0,0.10390135435617547
14073,1.0,0.10390135435617547
14074,1.0,0.10394337714863498
14075,1.0,0.1017744238221497
14076,1.0,0.10390135435617547
14077,0.2881768,0.049538962212981374
14078,1.0,0.10390135435617547
14079,1.0,0.12782087447108603
14080,1.0,0.10390135435617547
14081,1.0,0.11055677509479146
14082,1.0,0.10394337714863498
14083,1.0,0.12579169598874032
14084,1.0,0.10519927169734979
14085,1.0,0.10528430781595338
14086,1.0,0.10390135435617547
14087,1.0,0.10394337714863498
14088,1.0,0.1050949050949051
14089,1.0,0.21797752808988763
14090,1.0,0.10394337714863498
14091,1.0,0.10377548960226125
14092,1.0,0.10394337714863498
14093,1.0,0.1048273076146233
14094,1.0,0.10394337714863498
14095,1.0,0.10394337714863498
14096,1.0,0.03843347117489662
14097,1.0,0.10390135435617547
14098,1.0,0.10390135435617547
14099,1.0,0.10390135435617547
14100,1.0,0.10390135435617547
14101,1.0,0.1074656188605108
14102,1.0,0.10244897959183673
14103,1.0,0.10394337714863498
14104,1.0,0.10394337714863498
14105,0.9998865,0.15816682967723908
14106,1.0,0.10758620689655173
14107,1.0,0.10390135435617547
14108,1.0,0.10390135435617547
14109,1.0,0.31788723266364227
14110,1.0,0.10378312765527008
14111,1.0,0.1104307001428863
14112,1.0,0.11097659402744149
14113,0.993856,0.23739812858436463
14114,1.0,0.10394337714863498
14115,1.0,0.10390135435617547
14116,1.0,0.10765881654462696
14117,1.0,0.10394337714863498
14118,1.0,0.10390135435617547
14119,1.0,0.10390135435617547
14120,1.0,0.19190166305133768
14121,1.0,0.10390135435617547
14122,1.0,0.10390135435617547
14123,0.94275427,0.4809873248832555
14124,1.0,0.10390135435617547
14125,0.9984412,0.21326530612244898
14126,1.0,0.12309107635694572
14127,1.0,0.10390135435617547
14128,1.0,0.10390135435617547
14129,1.0,0.10390135435617547
14130,1.0,0.10390135435617547
14131,1.0,0.21829855537720708
14132,1.0,0.14065510597302505
14133,1.0,0.10390135435617547
14134,1.0,0.10263634534111492
14135,1.0,0.17110492845786962
14136,1.0,0.10417086439653435
14137,1.0,0.10478680611423974
14138,1.0,0.10390135435617547
14139,1.0,0.10390135435617547
14140,1.0,0.10390135435617547
14141,1.0,0.10388035569927244
14142,1.0,0.10510328068043742
14143,1.0,0.10390135435617547
14144,1.0,0.10394337714863498
14145,1.0,0.10390135435617547
14146,1.0,0.10390135435617547
14147,0.9813771,0.5963697408456615
14148,1.0,0.10377548960226125
14149,1.0,0.10394337714863498
14150,1.0,0.10371267150928168
14151,1.0,0.10948059470940336
14152,1.0,0.10390135435617547
14153,1.0,0.10638297872340426
14154,1.0,0.10390135435617547
14155,1.0,0.10390135435617547
14156,1.0,0.10522120366679952
14157,1.0,0.10390135435617547
14158,1.0,0.2863119143239625
14159,1.0,0.10390135435617547
14160,1.0,0.1062611100138258
14161,1.0,0.10390135435617547
14162,1.0,0.08312342569269521
14163,1.0,0.10390135435617547
14164,0.89774495,0.3976923076923077
14165,1.0,0.10381741062411634
14166,1.0,0.08019887591872028
14167,1.0,0.10390135435617547
14168,1.0,0.10418359057676686
14169,1.0,0.10394337714863498
14170,1.0,0.10390135435617547
14171,1.0,0.20502313284864507
14172,1.0,0.2588796855257616
14173,1.0,0.10381741062411634
14174,1.0,0.10394337714863498
14175,0.99999994,0.10390135435617547
14176,1.0,0.10390135435617547
14177,1.0,0.15122199592668026
14178,0.9999999,0.14783768336826061
14179,1.0,0.1045619701251514
14180,0.9147492,0.4726853883282141
14181,1.0,0.10561389337641357
14182,1.0,0.09476923076923077
14183,1.0,0.15179215780611016
14184,1.0,0.10390135435617547
14185,1.0,0.132766761095373
14186,1.0,0.1085241485472388
14187,1.0,0.15958340332605409
14188,1.0,0.03878048780487805
14189,1.0,0.10390135435617547
14190,1.0,0.10390135435617547
14191,1.0,0.18120805369127516
14192,1.0,0.10390135435617547
14193,1.0,0.10390135435617547
14194,1.0,0.12276541408245166
14195,1.0,0.10390135435617547
14196,0.99999917,0.14602675059008655
14197,1.0,0.10390135435617547
14198,1.0,0.10394337714863498
14199,1.0,0.10343434343434343
14200,1.0,0.10390135435617547
14201,1.0,0.10390135435617547
14202,1.0,0.13238111827207805
14203,1.0,0.1036573045059608
14204,1.0,0.10639557836557442
14205,1.0,0.10390135435617547
14206,1.0,0.10390135435617547
14207,1.0,0.10390135435617547
14208,1.0,0.10390135435617547
14209,1.0,0.10554561717352415
14210,1.0,0.11153552330022919
14211,1.0,0.10390135435617547
14212,1.0,0.10390135435617547
14213,1.0,0.10390135435617547
14214,1.0,0.10390135435617547
14215,1.0,0.10390135435617547
14216,1.0,0.12579169598874032
14217,0.8854289,0.11695906432748537
14218,1.0,0.10346223931970035
14219,1.0,0.15979381443298968
14220,1.0,0.1678592725104353
14221,1.0,0.26196440342781807
14222,1.0,0.10993657505285412
14223,1.0,0.12343694176491604
14224,1.0,0.10390135435617547
14225,1.0,0.10465587044534413
14226,1.0,0.10394337714863498
14227,1.0,0.24358690844758957
14228,1.0,0.10390135435617547
14229,1.0,0.10390135435617547
14230,1.0,0.10390135435617547
14231,1.0,0.10325318246110325
14232,1.0,0.10390135435617547
14233,1.0,0.10394337714863498
14234,1.0,0.10388035569927244
14235,1.0,0.10317620878009306
14236,1.0,0.10390135435617547
14237,1.0,0.10381741062411634
14238,1.0,0.10374115267947422
14239,1.0,0.10945674044265594
14240,1.0,0.10345524348353202
14241,1.0,0.10369921164342026
14242,1.0,0.10598428369937538
14243,1.0,0.10394337714863498
14244,1.0,0.11395743077792428
14245,1.0,0.30730179304385397
14246,1.0,0.11207875804619462
14247,1.0,0.10390135435617547
14248,1.0,0.1697314652656159
14249,1.0,0.10390135435617547
14250,1.0,0.10366470945535533
14251,0.2749924,0.31759443339960236
14252,1.0,0.10392236150424586
14253,1.0,0.11255851821697538
14254,1.0,0.10372017792155278
14255,1.0,0.10388035569927244
14256,1.0,0.10873512204962679
14257,1.0,0.10394337714863498
14258,1.0,0.2593374129563199
14259,1.0,0.12579169598874032
14260,1.0,0.12657058388765705
14261,1.0,0.10390135435617547
14262,1.0,0.10390135435617547
14263,1.0,0.12186607426213901
14264,0.7883179,0.3497327502429543
14265,1.0,0.30658510255487587
14266,1.0,0.10061398296692414
14267,0.3266035,0.23356752537080405
14268,1.0,0.10394337714863498
14269,1.0,0.28480053862986027
14270,1.0,0.16845382220684885
14271,1.0,0.10390135435617547
14272,1.0,0.106353591160221
14273,1.0,0.10394337714863498
14274,1.0,0.10388035569927244
14275,0.9173815,0.16618444846292948
14276,1.0,0.2576521204671174
14277,1.0,0.10390135435617547
14278,1.0,0.15201991192801073
14279,1.0,0.10394337714863498
14280,1.0,0.12288477034649477
14281,1.0,0.10390135435617547
14282,1.0,0.10394337714863498
14283,1.0,0.10390135435617547
14284,1.0,0.10390135435617547
14285,1.0,0.11077481840193705
14286,1.0,0.10409521888238854
14287,1.0,0.10139647844565877
14288,1.0,0.10390135435617547
14289,1.0,0.10390135435617547
14290,1.0,0.22076519592718297
14291,1.0,0.10445937690897984
14292,1.0,0.10669624848729327
14293,1.0,0.10600356647513375
14294,1.0,0.10390135435617547
14295,1.0,0.10394337714863498
14296,1.0,0.10369921164342026
14297,1.0,0.10518877448011306
14298,0.7487467,0.39485861182519283
14299,1.0,0.10390135435617547
14300,1.0,0.10390135435617547
14301,1.0,0.1017708121310808
14302,1.0,0.10390135435617547
14303,1.0,0.10390135435617547
14304,1.0,0.10390135435617547
14305,1.0,0.10390135435617547
14306,1.0,0.10358890701468189
14307,1.0,0.09606109324758842
14308,1.0,0.10390135435617547
14309,1.0,0.10551368504561681
14310,1.0,0.10394337714863498
14311,1.0,0.10390135435617547
14312,1.0,0.16211878009630817
14313,1.0,0.10394337714863498
14314,1.0,0.10390135435617547
14315,1.0,0.12025431425976385
14316,0.22453433,0.46426250812215725
14317,1.0,0.15585443037974683
14318,1.0,0.10394337714863498
14319,1.0,0.1074656188605108
14320,1.0,0.10390135435617547
14321,1.0,0.3335936483144605
14322,1.0,0.1036134957077261
14323,1.0,0.10390135435617547
14324,0.9819959,0.15092902832774902
14325,1.0,0.10390135435617547
14326,1.0,0.10390135435617547
14327,1.0,0.1580872392305608
14328,1.0,0.10409521888238854
14329,1.0,0.10390135435617547
14330,1.0,0.10390135435617547
14331,1.0,0.10394337714863498
14332,1.0,0.10392236150424586
14333,1.0,0.10347615198059822
14334,1.0,0.10394337714863498
14335,1.0,0.15769997153430115
14336,1.0,0.10390135435617547
14337,0.9491583,0.42546787069755265
14338,1.0,0.10390135435617547
14339,1.0,0.10390135435617547
14340,1.0,0.10394337714863498
14341,1.0,0.10390135435617547
14342,1.0,0.10390135435617547
14343,0.2997682,0.3054134443783462
14344,1.0,0.10368570271364926
14345,0.9999992,0.16638904312419026
14346,1.0,0.16102165463631316
14347,1.0,0.11793214862681745
14348,1.0,0.10458308096103372
14349,1.0,0.10390135435617547
14350,0.9994248,0.1656726308813784
14351,1.0,0.2282951854775059
14352,1.0,0.10394337714863498
14353,1.0,0.19335548172757475
14354,1.0,0.10379644588045234
14355,1.0,0.10390135435617547
14356,1.0,0.10390135435617547
14357,1.0,0.10390135435617547
14358,1.0,0.10691573926868045
14359,1.0,0.3234904795845637
14360,1.0,0.10390135435617547
14361,1.0,0.10766847405112316
14362,1.0,0.10390135435617547
14363,0.68004507,0.3922151642113799
14364,1.0,0.10390135435617547
14365,1.0,0.10390135435617547
14366,1.0,0.3143035407892684
14367,1.0,0.10394337714863498
14368,1.0,0.10394337714863498
14369,0.9431518,0.3753507951356408
14370,1.0,0.10390135435617547
14371,1.0,0.14308733483725428
14372,1.0,0.10561389337641357
14373,1.0,0.10954206173088561
14374,1.0,0.10390135435617547
14375,1.0,0.10591961987725203
14376,1.0,0.10629286002420331
14377,1.0,0.3247929606625259
14378,1.0,0.10390135435617547
14379,1.0,0.10390135435617547
14380,1.0,0.10390135435617547
14381,1.0,0.10390135435617547
14382,1.0,0.10394337714863498
14383,1.0,0.10394337714863498
14384,1.0,0.16746253910752512
14385,1.0,0.10390135435617547
14386,1.0,0.10390135435617547
14387,1.0,0.12187276626161545
14388,1.0,0.10394337714863498
14389,1.0,0.3230868791457693
14390,1.0,0.10394337714863498
14391,1.0,0.10394337714863498
14392,1.0,0.10383838383838384
14393,1.0,0.10363636363636364
14394,1.0,0.1546373150487189
14395,1.0,0.10890332441727169
14396,1.0,0.10390135435617547
14397,1.0,0.10309904800486125
14398,1.0,0.22680714076675446
14399,1.0,0.10390135435617547
14400,1.0,0.10390135435617547
14401,1.0,0.10390135435617547
14402,1.0,0.10966104767083559
14403,1.0,0.10390135435617547
14404,1.0,0.10394337714863498
14405,1.0,0.10390135435617547
14406,1.0,0.10394337714863498
14407,1.0,0.16478454680534918
14408,0.9999999,0.14944266011713583
14409,1.0,0.10424242424242425
14410,1.0,0.10442334881842052
14411,1.0,0.10390135435617547
14412,1.0,0.10390135435617547
14413,1.0,0.10591961987725203
14414,1.0,0.11439764936336924
14415,1.0,0.10396440129449838
14416,1.0,0.10390135435617547
14417,1.0,0.10390135435617547
14418,1.0,0.10390135435617547
14419,1.0,0.18802170283806344
14420,1.0,0.25137658606655494
14421,1.0,0.10666130006037432
14422,1.0,0.10394337714863498
14423,1.0,0.10390135435617547
14424,1.0,0.10611439842209074
14425,1.0,0.11153406928054815
14426,1.0,0.3300564061240935
14427,1.0,0.10394337714863498
14428,1.0,0.10390135435617547
14429,1.0,0.09930950446791227
14430,1.0,0.10390135435617547
14431,0.9999989,0.15814725964200038
14432,1.0,0.10665322580645162
14433,1.0,0.10390135435617547
14434,1.0,0.24182038508145953
14435,1.0,0.10417511147142278
14436,1.0,0.10394337714863498
14437,0.9999605,0.20426157237325496
14438,1.0,0.10390135435617547
14439,1.0,0.21995490417136415
14440,1.0,0.21027110425391227
14441,0.6614928,0.40160098522167487
14442,1.0,0.10394337714863498
14443,1.0,0.10409521888238854
14444,0.99999815,0.10800994073790862
14445,1.0,0.13087806908031627
14446,1.0,0.10390135435617547
14447,0.62130743,0.11736911736911737
14448,1.0,0.10390135435617547
14449,1.0,0.17092625752889468
14450,1.0,0.14249078377945185
14451,1.0,0.10390135435617547
14452,1.0,0.10390135435617547
14453,1.0,0.10422991297308237
14454,1.0,0.10390135435617547
14455,0.9700872,0.13900560224089636
14456,1.0,0.10390135435617547
14457,1.0,0.10390135435617547
14458,1.0,0.11062031880161322
14459,1.0,0.10390135435617547
14460,1.0,0.10390135435617547
14461,1.0,0.19861830742659758
14462,0.9999997,0.17780337941628263
14463,1.0,0.30690567853705486
14464,1.0,0.10390135435617547
14465,1.0,0.13374547647768395
14466,1.0,0.17784196410150607
14467,1.0,0.10394337714863498
14468,1.0,0.10390135435617547
14469,1.0,0.28506606165754705
14470,1.0,0.10390135435617547
14471,1.0,0.1022794846382557
14472,0.9999698,0.15520282186948853
14473,1.0,0.10390135435617547
14474,1.0,0.10390135435617547
14475,1.0,0.08106169296987087
14476,1.0,0.10390135435617547
14477,1.0,0.10390135435617547
14478,1.0,0.10390135435617547
14479,1.0,0.11154539987973541
14480,1.0,0.10390135435617547
14481,1.0,0.10390135435617547
14482,1.0,0.10390135435617547
14483,0.97399575,0.29267975555844494
14484,0.99999994,0.1368566018247547
14485,1.0,0.10390135435617547
14486,1.0,0.10170178282009724
14487,1.0,0.10390135435617547
14488,1.0,0.10390135435617547
14489,1.0,0.10390135435617547
14490,1.0,0.10390135435617547
14491,1.0,0.13353012675811773
14492,1.0,0.11597680463907219
14493,1.0,0.10394337714863498
14494,1.0,0.10101419878296146
14495,0.88553375,0.6090607505701845
14496,1.0,0.10390135435617547
14497,1.0,0.12157586949830718
14498,1.0,0.28672922252010724
14499,1.0,0.10394337714863498
14500,1.0,0.10369921164342026
14501,1.0,0.10394337714863498
14502,1.0,0.11102155954060045
14503,1.0,0.10394337714863498
14504,1.0,0.10390135435617547
14505,1.0,0.10390135435617547
14506,1.0,0.1048
14507,1.0,0.10388035569927244
14508,0.9384179,0.2048002299511354
14509,1.0,0.10390135435617547
14510,1.0,0.10390135435617547
14511,1.0,0.1023142509135201
14512,1.0,0.1752808988764045
14513,1.0,0.10390135435617547
14514,1.0,0.10379644588045234
14515,1.0,0.10390135435617547
14516,1.0,0.10414987912973409
14517,1.0,0.1308931768450368
14518,1.0,0.10390135435617547
14519,1.0,0.10390135435617547
14520,0.3137196,0.11363636363636363
14521,1.0,0.1062611100138258
14522,1.0,0.10394337714863498
14523,1.0,0.19454063964147483
14524,1.0,0.11460446247464504
14525,1.0,0.05750721847930702
14526,1.0,0.10390135435617547
14527,1.0,0.11133521581282775
14528,0.9195207,0.09565548780487805
14529,1.0,0.10396440129449838
14530,1.0,0.10388564525870747
14531,1.0,0.11554748941318814
14532,1.0,0.10394337714863498
14533,1.0,0.10390135435617547
14534,1.0,0.10390135435617547
14535,1.0,0.10390135435617547
14536,1.0,0.1785276073619632
14537,1.0,0.10390135435617547
14538,1.0,0.10390135435617547
14539,0.99999994,0.10390135435617547
14540,1.0,0.10390135435617547
14541,1.0,0.10390135435617547
14542,1.0,0.10394337714863498
14543,1.0,0.10291734197730956
14544,1.0,0.10390135435617547
14545,1.0,0.3265753424657534
14546,1.0,0.10390135435617547
14547,1.0,0.10369921164342026
14548,0.9999953,0.16560913705583757
14549,1.0,0.10394337714863498
14550,1.0,0.10390135435617547
14551,1.0,0.10390135435617547
14552,1.0,0.10361543122601495
14553,1.0,0.11866105431950291
14554,1.0,0.10390135435617547
14555,1.0,0.10394337714863498
14556,1.0,0.10390135435617547
14557,0.9903614,0.1453355155482815
14558,1.0,0.10394337714863498
14559,1.0,0.28945697046681484
14560,1.0,0.10394337714863498
14561,1.0,0.15301391035548687
14562,1.0,0.09387582114854842
14563,1.0,0.10886225191589703
14564,1.0,0.3308762335037451
14565,1.0,0.10394337714863498
14566,1.0,0.10394337714863498
14567,1.0,0.10390135435617547
14568,1.0,0.10551368504561681
14569,1.0,0.10273003033367037
14570,1.0,0.10390135435617547
14571,1.0,0.1285155522443658
14572,1.0,0.32919325432999086
14573,0.99572116,0.1471121862715452
14574,1.0,0.20119981541301338
14575,1.0,0.10390135435617547
14576,0.9919441,0.15311418685121106
14577,1.0,0.10390135435617547
14578,1.0,0.10394337714863498
14579,1.0,0.10374697824335213
14580,0.99999994,0.10449868872301796
14581,1.0,0.10394337714863498
14582,1.0,0.10277159619664171
14583,1.0,0.10497560975609756
14584,1.0,0.10394337714863498
14585,0.9999972,0.20521072796934867
14586,1.0,0.24541197316795343
14587,1.0,0.10369921164342026
14588,1.0,0.318928431755964
14589,1.0,0.14234131508931966
14590,1.0,0.3210855949895616
14591,1.0,0.10390135435617547
14592,1.0,0.11827141774071266
14593,1.0,0.10394337714863498
14594,1.0,0.11394817073170732
14595,1.0,0.10394337714863498
14596,1.0,0.10390135435617547
14597,1.0,0.10394337714863498
14598,1.0,0.10390135435617547
14599,1.0,0.10390135435617547
14600,1.0,0.10390135435617547
14601,0.28219146,0.4173994000206889
14602,1.0,0.10507246376811594
14603,1.0,0.10394337714863498
14604,0.27414554,0.353491720662347
14605,0.99765754,0.21072538160205323
14606,1.0,0.10369921164342026
14607,1.0,0.10390135435617547
14608,1.0,0.10390135435617547
14609,1.0,0.11599190283400809
14610,1.0,0.10303884081304085
14611,1.0,0.10390135435617547
14612,1.0,0.10390135435617547
14613,1.0,0.24701421800947868
14614,1.0,0.10497017892644135
14615,1.0,0.10390135435617547
14616,1.0,0.1747839209768144
14617,1.0,0.31419323903140733
14618,1.0,0.07405089695452649
14619,1.0,0.10390135435617547
14620,1.0,0.10345524348353202
14621,1.0,0.10369921164342026
14622,1.0,0.10394337714863498
14623,1.0,0.10390135435617547
14624,1.0,0.1542918744104568
14625,1.0,0.10607890499194847
14626,1.0,0.11153552330022919
14627,1.0,0.10390135435617547
14628,1.0,0.10394337714863498
14629,1.0,0.10390135435617547
14630,1.0,0.10344827586206896
14631,1.0,0.10390135435617547
14632,1.0,0.10394337714863498
14633,1.0,0.10394337714863498
14634,1.0,0.10394337714863498
14635,1.0,0.10827128194807809
14636,1.0,0.10390135435617547
14637,1.0,0.10390135435617547
14638,1.0,0.10390135435617547
14639,1.0,0.10390135435617547
14640,1.0,0.10390135435617547
14641,1.0,0.10501002004008016
14642,1.0,0.10369921164342026
14643,1.0,0.10420438543552606
14644,1.0,0.20182119205298013
14645,1.0,0.10390135435617547
14646,1.0,0.08730741012472487
14647,1.0,0.10390135435617547
14648,1.0,0.10390135435617547
14649,1.0,0.10390135435617547
14650,1.0,0.10239117106069896
14651,1.0,0.10982435823200154
14652,1.0,0.3350709176869924
14653,0.999984,0.17543103448275862
14654,1.0,0.10390135435617547
14655,1.0,0.10390135435617547
14656,1.0,0.11395743077792428
14657,1.0,0.10413290113452188
14658,0.99985725,0.15728476821192053
14659,1.0,0.1039983844911147
14660,1.0,0.10390135435617547
14661,1.0,0.16281847133757962
14662,1.0,0.10390135435617547
14663,1.0,0.10390135435617547
14664,1.0,0.103322528363047
14665,1.0,0.22128174123337363
14666,1.0,0.10390135435617547
14667,1.0,0.10608455156064797
14668,1.0,0.10299473897207609
14669,1.0,0.10369174904175912
14670,0.99999905,0.17194510424914225
14671,1.0,0.10390135435617547
14672,1.0,0.1547785547785548
14673,1.0,0.10390135435617547
14674,1.0,0.1048158640226629
14675,1.0,0.10390135435617547
14676,1.0,0.10743639921722113
14677,1.0,0.2768499856032249
14678,1.0,0.1286654697785757
14679,1.0,0.10390135435617547
14680,1.0,0.10394337714863498
14681,1.0,0.10394337714863498
14682,1.0,0.10379644588045234
14683,1.0,0.2620360161705255
14684,1.0,0.31774960380348655
14685,1.0,0.10390135435617547
14686,1.0,0.10390135435617547
14687,0.9185463,0.0896430286537538
14688,1.0,0.10390135435617547
14689,1.0,0.10390135435617547
14690,1.0,0.10390135435617547
14691,1.0,0.10390135435617547
14692,1.0,0.10390135435617547
14693,1.0,0.1022474185057704
14694,1.0,0.10394337714863498
14695,1.0,0.1017744238221497
14696,1.0,0.11672216056233814
14697,0.99999946,0.1111537723171434
14698,1.0,0.07873831775700935
14699,1.0,0.10390135435617547
14700,1.0,0.10349706893066504
14701,1.0,0.10390135435617547
14702,1.0,0.10390135435617547
14703,1.0,0.10390135435617547
14704,1.0,0.09720534629404617
14705,1.0,0.10394337714863498
14706,1.0,0.10390135435617547
14707,1.0,0.10390135435617547
14708,1.0,0.1708023159636063
14709,1.0,0.10394337714863498
14710,1.0,0.10394337714863498
14711,1.0,0.10390135435617547
14712,1.0,0.10390135435617547
14713,1.0,0.10390135435617547
14714,1.0,0.10390135435617547
14715,1.0,0.25255292652552924
14716,1.0,0.10390135435617547
14717,0.6739718,0.34992760886512975
14718,1.0,0.10866372980910426
14719,1.0,0.10379079667545105
14720,1.0,0.10390135435617547
14721,1.0,0.10390135435617547
14722,1.0,0.10390135435617547
14723,1.0,0.2632835820895522
14724,1.0,0.10650291926716328
14725,0.9099946,0.1862108922363847
14726,1.0,0.15102850956333452
14727,1.0,0.10390135435617547
14728,1.0,0.10390135435617547
14729,1.0,0.10390135435617547
14730,1.0,0.10394337714863498
14731,1.0,0.16817620419925897
14732,1.0,0.10390135435617547
14733,1.0,0.31271960646521435
14734,1.0,0.12096924510717615
14735,1.0,0.10390925663358315
14736,1.0,0.10394337714863498
14737,1.0,0.10390135435617547
14738,1.0,0.10594159113796577
14739,1.0,0.10390135435617547
14740,1.0,0.11124595469255663
14741,1.0,0.10385936552838958
14742,1.0,0.10390135435617547
14743,1.0,0.1028166239905456
14744,1.0,0.10394337714863498
14745,1.0,0.10390135435617547
14746,1.0,0.17846736596736595
14747,1.0,0.10396335391356304
14748,1.0,0.10390135435617547
14749,1.0,0.1967352905347789
14750,1.0,0.10390135435617547
14751,1.0,0.10394337714863498
14752,1.0,0.10390135435617547
14753,1.0,0.10392236150424586
14754,0.9942415,0.15755012958668668
14755,1.0,0.10390135435617547
14756,1.0,0.31703470031545744
14757,1.0,0.10394337714863498
14758,1.0,0.10388035569927244
14759,1.0,0.11317329029655034
14760,1.0,0.10392236150424586
14761,1.0,0.11396468699839486
14762,1.0,0.10390135435617547
14763,1.0,0.10390135435617547
14764,1.0,0.12300519992827685
14765,1.0,0.10577495534828339
14766,1.0,0.10541026152924736
14767,0.99999994,0.10394337714863498
14768,1.0,0.16323417238749047
14769,1.0,0.10390135435617547
14770,1.0,0.10390135435617547
14771,1.0,0.12611737271667314
14772,1.0,0.10390135435617547
14773,1.0,0.10390135435617547
14774,1.0,0.10390135435617547
14775,1.0,0.16696396717802356
14776,1.0,0.5714937806687208
14777,1.0,0.10390135435617547
14778,1.0,0.10390135435617547
14779,1.0,0.10390135435617547
14780,0.9999918,0.14805023132848646
14781,1.0,0.10390135435617547
14782,1.0,0.20524918902978473
14783,1.0,0.31255161023947153
14784,1.0,0.32097533152716384
14785,1.0,0.10390135435617547
14786,1.0,0.10390135435617547
14787,1.0,0.10390135435617547
14788,1.0,0.10390135435617547
14789,1.0,0.10390135435617547
14790,0.9027132,0.6295177690526528
14791,1.0,0.10394337714863498
14792,1.0,0.10390135435617547
14793,1.0,0.10390135435617547
14794,1.0,0.10394337714863498
14795,1.0,0.10390135435617547
14796,1.0,0.10835214446952596
14797,0.9999883,0.19031743730975503
14798,1.0,0.10390135435617547
14799,1.0,0.10390135435617547
14800,1.0,0.10375454178441663
14801,1.0,0.10277721467666734
14802,0.3624267,0.15733475196169702
14803,1.0,0.31596289968269464
14804,1.0,0.10372017792155278
14805,1.0,0.10390135435617547
14806,1.0,0.10394337714863498
14807,1.0,0.10394337714863498
14808,1.0,0.10390135435617547
14809,1.0,0.11372705506783719
14810,1.0,0.10374697824335213
14811,1.0,0.10390135435617547
14812,1.0,0.10438789821679022
14813,1.0,0.2956989247311828
14814,1.0,0.30550898203592813
14815,0.9759032,0.15557514323490523
14816,1.0,0.10381741062411634
14817,1.0,0.10394337714863498
14818,1.0,0.10390135435617547
14819,1.0,0.11962071480671042
14820,1.0,0.10390135435617547
14821,1.0,0.10374115267947422
14822,1.0,0.1031426269137792
14823,1.0,0.10478680611423974
14824,0.97546273,0.15400358147863905
14825,1.0,0.3287202612346447
14826,1.0,0.10444444444444445
14827,1.0,0.028546959748786755
14828,1.0,0.13435594160044353
14829,1.0,0.10390135435617547
14830,1.0,0.10390135435617547
14831,0.21827264,0.11926223824712245
14832,1.0,0.10390135435617547
14833,1.0,0.10390135435617547
14834,1.0,0.10390135435617547
14835,1.0,0.10390135435617547
14836,1.0,0.10390135435617547
14837,1.0,0.1233121525019857
14838,1.0,0.10390135435617547
14839,1.0,0.11251891074130106
14840,1.0,0.10091185410334347
14841,1.0,0.10564516129032259
14842,1.0,0.10390135435617547
14843,1.0,0.10390135435617547
14844,1.0,0.07729067109910659
14845,1.0,0.15472779369627507
14846,1.0,0.10390135435617547
14847,1.0,0.10390135435617547
14848,1.0,0.13211708099438652
14849,1.0,0.10394337714863498
14850,1.0,0.10419622947496453
14851,0.16804858,0.18086734693877551
14852,1.0,0.10390135435617547
14853,1.0,0.10388035569927244
14854,1.0,0.255511811023622
14855,1.0,0.027372729598362754
14856,1.0,0.10581371957352645
14857,1.0,0.10341345182791355
14858,0.42208675,0.2988411565023996
14859,1.0,0.10390135435617547
14860,1.0,0.10586124401913875
14861,0.9999922,0.16934438973827418
14862,1.0,0.10390135435617547
14863,1.0,0.10390135435617547
14864,1.0,0.1284206411258796
14865,1.0,0.10394337714863498
14866,1.0,0.10390135435617547
14867,1.0,0.1085824493731919
14868,1.0,0.10390135435617547
14869,1.0,0.23645667901888123
14870,1.0,0.10390135435617547
14871,1.0,0.28933189655172414
14872,1.0,0.10390135435617547
14873,1.0,0.10390135435617547
14874,1.0,0.10390135435617547
14875,1.0,0.10394337714863498
14876,0.84800243,0.6413713807881258
14877,1.0,0.10394337714863498
14878,1.0,0.10390135435617547
14879,1.0,0.30363940916704735
14880,1.0,0.03309232480533927
14881,1.0,0.10390135435617547
14882,1.0,0.10390135435617547
14883,0.9954024,0.14950119432345088
14884,1.0,0.10390135435617547
14885,1.0,0.10394337714863498
14886,1.0,0.10367825383993533
14887,1.0,0.09489207095533234
14888,1.0,0.10390135435617547
14889,1.0,0.24135326989880682
14890,1.0,0.16339962798683647
14891,1.0,0.10390135435617547
14892,1.0,0.10488390712570056
14893,1.0,0.10390135435617547
14894,1.0,0.10369921164342026
14895,1.0,0.10390135435617547
14896,1.0,0.18174133558748942
14897,1.0,0.10390135435617547
14898,1.0,0.10390135435617547
14899,1.0,0.10394337714863498
14900,1.0,0.1440695508176361
14901,1.0,0.10394337714863498
14902,1.0,0.10390135435617547
14903,1.0,0.10532615200478755
14904,1.0,0.10394337714863498
14905,1.0,0.14616414769466232
14906,1.0,0.06313497822931785
14907,1.0,0.09403623040911867
14908,1.0,0.10390135435617547
14909,1.0,0.10394337714863498
14910,1.0,0.10394337714863498
14911,1.0,0.11070707070707071
14912,1.0,0.11230907457322552
14913,1.0,0.10390135435617547
14914,0.99999994,0.16444691083980761
14915,0.99997,0.33088159121516625
14916,1.0,0.11863414634146341
14917,1.0,0.10541026152924736
14918,1.0,0.10390135435617547
14919,1.0,0.10394337714863498
14920,1.0,0.11189747513389442
14921,1.0,0.10250662319135928
14922,1.0,0.10394337714863498
14923,1.0,0.019656019656019656
14924,1.0,0.10390135435617547
14925,1.0,0.10390135435617547
14926,1.0,0.10390135435617547
14927,1.0,0.10608175473579262
14928,1.0,0.10515833499302928
14929,1.0,0.10390135435617547
14930,1.0,0.10390135435617547
14931,1.0,0.10390135435617547
14932,1.0,0.10390135435617547
14933,1.0,0.10409521888238854
14934,1.0,0.10390135435617547
14935,1.0,0.10390135435617547
14936,1.0,0.10390135435617547
14937,1.0,0.0854786303424144
14938,1.0,0.10390135435617547
14939,1.0,0.10390135435617547
14940,1.0,0.10390135435617547
14941,1.0,0.10390135435617547
14942,0.99999994,0.2930250681906741
14943,1.0,0.10377548960226125
14944,1.0,0.10394337714863498
14945,1.0,0.24550519118764244
14946,1.0,0.10392236150424586
14947,1.0,0.10369921164342026
14948,1.0,0.10390135435617547
14949,1.0,0.10390135435617547
14950,1.0,0.07914812460267005
14951,1.0,0.10390135435617547
14952,1.0,0.10390135435617547
14953,1.0,0.10640870616686819
14954,1.0,0.10448666127728375
14955,0.82603246,0.30919184095016783
14956,0.7994264,0.21768130002425418
14957,1.0,0.10390135435617547
14958,1.0,0.10630159049728206
14959,1.0,0.10106489853325297
14960,1.0,0.10390135435617547
14961,1.0,0.13411534701857283
14962,1.0,0.10394337714863498
14963,1.0,0.10390135435617547
14964,1.0,0.10390135435617547
14965,1.0,0.10423387096774193
14966,1.0,0.10394337714863498
14967,1.0,0.10515833499302928
14968,1.0,0.10390135435617547
14969,1.0,0.3412743972445465
14970,1.0,0.10390135435617547
14971,1.0,0.10390135435617547
14972,1.0,0.10394337714863498
14973,1.0,0.10369921164342026
14974,1.0,0.10390135435617547
14975,1.0,0.10394337714863498
14976,1.0,0.10390135435617547
14977,1.0,0.06438068579426172
14978,1.0,0.10390135435617547
14979,1.0,0.10468374699759808
14980,1.0,0.14285714285714285
14981,1.0,0.11577241627655743
14982,1.0,0.10375454178441663
14983,1.0,0.10390135435617547
14984,1.0,0.10434782608695652
14985,1.0,0.10394337714863498
14986,0.9543099,0.1715884734460586
14987,1.0,0.10390135435617547
14988,1.0,0.10622858294698649
14989,1.0,0.10394337714863498
14990,1.0,0.10371267150928168
14991,0.9999904,0.15427962229667985
14992,1.0,0.10390135435617547
14993,1.0,0.10390135435617547
14994,1.0,0.12212792382529497
14995,1.0,0.10375454178441663
14996,1.0,0.05734767025089606
14997,1.0,0.10394337714863498
14998,1.0,0.10390135435617547
14999,1.0,0.11043933897621927
15000,1.0,0.10390135435617547
15001,1.0,0.10390135435617547
15002,1.0,0.18382559774964838
15003,1.0,0.10394337714863498
15004,1.0,0.11562867215041128
15005,1.0,0.10390135435617547
15006,1.0,0.3370998116760829
15007,1.0,0.10390135435617547
15008,0.4335739,0.13993353157250307
15009,1.0,0.10392236150424586
15010,1.0,0.1048582995951417
15011,1.0,0.10390135435617547
15012,1.0,0.10390135435617547
15013,1.0,0.1162514827995255
15014,1.0,0.10394337714863498
15015,1.0,0.10390135435617547
15016,1.0,0.10390135435617547
15017,1.0,0.10390135435617547
15018,1.0,0.10709345979055522
15019,1.0,0.10710011966493817
15020,1.0,0.13426164689702597
15021,1.0,0.10406142655081835
15022,1.0,0.10390135435617547
15023,1.0,0.10390135435617547
15024,1.0,0.10919773095623987
15025,1.0,0.13041314086610253
15026,1.0,0.10390135435617547
15027,1.0,0.10256928990491604
15028,0.22899188,0.12476138532860649
15029,1.0,0.27381809455243583
15030,1.0,0.10390135435617547
15031,1.0,0.10390135435617547
15032,1.0,0.10390135435617547
15033,1.0,0.11075949367088607
15034,1.0,0.08869106495219255
15035,1.0,0.10390135435617547
15036,1.0,0.10184247823446042
15037,0.99999815,0.42012207956219744
15038,1.0,0.1062374245472837
15039,1.0,0.10615539858728557
15040,1.0,0.10390135435617547
15041,1.0,0.10390135435617547
15042,1.0,0.10486291775065039
15043,1.0,0.10385936552838958
15044,1.0,0.10390135435617547
15045,1.0,0.10390135435617547
15046,1.0,0.28334995014955133
15047,1.0,0.10390135435617547
15048,1.0,0.10390135435617547
15049,1.0,0.11179055990827441
15050,1.0,0.10390135435617547
15051,1.0,0.2733430091920658
15052,0.99999654,0.18166966181996405
15053,1.0,0.10390135435617547
15054,1.0,0.10458308096103372
15055,1.0,0.10390135435617547
15056,1.0,0.10394337714863498
15057,1.0,0.1050292870127247
15058,1.0,0.10390135435617547
15059,1.0,0.10390135435617547
15060,1.0,0.10390135435617547
15061,1.0,0.10394337714863498
15062,1.0,0.10390135435617547
15063,1.0,0.11051373954599761
15064,1.0,0.10390135435617547
15065,1.0,0.33304029304029303
15066,1.0,0.10390135435617547
15067,1.0,0.10390135435617547
15068,1.0,0.10394337714863498
15069,1.0,0.10390135435617547
15070,1.0,0.10390135435617547
15071,1.0,0.10472154963680387
15072,1.0,0.10390135435617547
15073,1.0,0.10709452928668084
15074,0.9999151,0.08697140900530731
15075,0.99997824,0.104
15076,1.0,0.1847545219638243
15077,1.0,0.10390135435617547
15078,1.0,0.10390135435617547
15079,1.0,0.2537987061832406
15080,1.0,0.10390135435617547
15081,1.0,0.10394337714863498
15082,1.0,0.10390135435617547
15083,1.0,0.10303884081304085
15084,1.0,0.10394337714863498
15085,1.0,0.10600356647513375
15086,1.0,0.10409521888238854
15087,1.0,0.10390135435617547
15088,1.0,0.10390135435617547
15089,1.0,0.10390135435617547
15090,1.0,0.12448347107438017
15091,1.0,0.10390135435617547
15092,1.0,0.10394337714863498
15093,1.0,0.3314129775621589
15094,0.73757637,0.16815804764671702
15095,1.0,0.10390135435617547
15096,1.0,0.18016021816942218
15097,1.0,0.10390135435617547
15098,1.0,0.1102257636122178
15099,1.0,0.3280723260802942
15100,0.99999887,0.11380337636544191
15101,0.99999756,0.19413287316652286
15102,1.0,0.10706379553230026
15103,1.0,0.10379644588045234
15104,1.0,0.10394337714863498
15105,0.9999989,0.197444089456869
15106,1.0,0.10390135435617547
15107,1.0,0.10390135435617547
15108,1.0,0.10390135435617547
15109,1.0,0.27334437086092717
15110,1.0,0.10391444713478612
15111,0.99999994,0.10390135435617547
15112,1.0,0.10369921164342026
15113,1.0,0.12189936215450035
15114,1.0,0.09827656955272876
15115,1.0,0.10389348396207383
15116,1.0,0.14837442723107136
15117,1.0,0.29899916597164305
15118,1.0,0.10390135435617547
15119,1.0,0.10390135435617547
15120,1.0,0.11149162861491628
15121,1.0,0.10390135435617547
15122,1.0,0.11531458628363342
15123,1.0,0.10394337714863498
15124,1.0,0.11817188638018937
15125,0.9991587,0.2874942316566682
15126,1.0,0.10753729897306724
15127,1.0,0.10390135435617547
15128,1.0,0.10390135435617547
15129,1.0,0.11363636363636363
15130,1.0,0.10381741062411634
15131,1.0,0.10390135435617547
15132,1.0,0.10390135435617547
15133,1.0,0.10390135435617547
15134,1.0,0.10390135435617547
15135,1.0,0.10515833499302928
15136,1.0,0.19115298626636856
15137,1.0,0.11143497757847534
15138,1.0,0.10390135435617547
15139,1.0,0.10390135435617547
15140,1.0,0.10234798314268513
15141,1.0,0.10390135435617547
15142,1.0,0.3365781035272561
15143,1.0,0.10406142655081835
15144,1.0,0.23833301325139236
15145,1.0,0.10390135435617547
15146,1.0,0.13152213026268442
15147,1.0,0.4714828897338403
15148,1.0,0.10390135435617547
15149,1.0,0.23937761819269898
15150,1.0,0.10608455156064797
15151,1.0,0.2389558232931727
15152,1.0,0.10394337714863498
15153,1.0,0.10390135435617547
15154,1.0,0.10390135435617547
15155,1.0,0.10396440129449838
15156,1.0,0.18279438682123245
15157,1.0,0.18327143549168415
15158,1.0,0.10390135435617547
15159,1.0,0.10394337714863498
15160,1.0,0.10711398544866613
15161,1.0,0.10394337714863498
15162,1.0,0.10345524348353202
15163,1.0,0.10390135435617547
15164,1.0,0.15313092979127135
15165,1.0,0.10469096033823233
15166,1.0,0.1036573045059608
15167,1.0,0.09746784565916398
15168,1.0,0.10602701068332997
15169,0.7282422,0.4374802818382585
15170,1.0,0.05921813555401342
15171,1.0,0.1939368182462105
15172,1.0,0.10390135435617547
15173,1.0,0.10390135435617547
15174,1.0,0.10394337714863498
15175,1.0,0.3242506811989101
15176,1.0,0.10394337714863498
15177,0.2443227,0.2745295698924731
15178,1.0,0.10390135435617547
15179,1.0,0.10379644588045234
15180,1.0,0.1062611100138258
15181,1.0,0.10350382601691502
15182,1.0,0.10390135435617547
15183,1.0,0.10390135435617547
15184,1.0,0.10390135435617547
15185,1.0,0.17026553837175373
15186,1.0,0.24188741721854304
15187,1.0,0.10390135435617547
15188,1.0,0.10390135435617547
15189,1.0,0.31674654637722016
15190,1.0,0.10390135435617547
15191,1.0,0.10394337714863498
15192,1.0,0.10386717959101033
15193,1.0,0.10390135435617547
15194,1.0,0.10390135435617547
15195,1.0,0.10763327948303715
15196,1.0,0.10390135435617547
15197,1.0,0.10234933605720123
15198,1.0,0.15698137239293106
15199,1.0,0.10388035569927244
15200,1.0,0.10473109583501819
15201,1.0,0.10384215991692627
15202,1.0,0.10390135435617547
15203,1.0,0.10390135435617547
15204,1.0,0.12933496532027744
15205,1.0,0.10394337714863498
15206,1.0,0.10394337714863498
15207,1.0,0.10394337714863498
15208,1.0,0.10390135435617547
15209,1.0,0.10390135435617547
15210,1.0,0.10390135435617547
15211,1.0,0.10390135435617547
15212,1.0,0.10390135435617547
15213,1.0,0.10390135435617547
15214,1.0,0.11479111780203237
15215,1.0,0.10394337714863498
15216,1.0,0.15272631021704605
15217,1.0,0.10532615200478755
15218,1.0,0.10390135435617547
15219,1.0,0.10390135435617547
15220,1.0,0.10642491131257391
15221,1.0,0.10390135435617547
15222,1.0,0.10390135435617547
15223,1.0,0.10390135435617547
15224,1.0,0.10390135435617547
15225,1.0,0.10377548960226125
15226,1.0,0.10390135435617547
15227,1.0,0.10394337714863498
15228,1.0,0.1328206920657113
15229,1.0,0.10388035569927244
15230,1.0,0.10390135435617547
15231,1.0,0.10561842366487989
15232,0.9999997,0.16060761222051545
15233,0.99942327,0.18434343434343434
15234,1.0,0.10394337714863498
15235,1.0,0.08732452518579686
15236,1.0,0.12530966143682906
15237,1.0,0.3118508026440038
15238,1.0,0.3413302686395633
15239,1.0,0.10394337714863498
15240,1.0,0.11154539987973541
15241,1.0,0.289189760947747
15242,1.0,0.10527363184079602
15243,1.0,0.1308931768450368
15244,1.0,0.10369921164342026
15245,1.0,0.10369921164342026
15246,1.0,0.10576148267526189
15247,1.0,0.20595263958288074
15248,1.0,0.3029311326124075
15249,1.0,0.2659372026641294
15250,1.0,0.07991156032849021
15251,1.0,0.10463468933414288
15252,1.0,0.10390135435617547
15253,1.0,0.1274907423734791
15254,0.76162344,0.40228853488893873
15255,1.0,0.1044144325740778
15256,1.0,0.10390135435617547
15257,1.0,0.10394337714863498
15258,1.0,0.10390135435617547
15259,0.90412503,0.5399002493765586
15260,1.0,0.10390135435617547
15261,1.0,0.10390135435617547
15262,1.0,0.10477346278317153
15263,1.0,0.10390135435617547
15264,1.0,0.10394337714863498
15265,1.0,0.3480314960629921
15266,1.0,0.10369921164342026
15267,1.0,0.3229771252987368
15268,1.0,0.10390135435617547
15269,1.0,0.1434514894325179
15270,1.0,0.10390135435617547
15271,1.0,0.10390135435617547
15272,1.0,0.10390135435617547
15273,1.0,0.3251667347216551
15274,1.0,0.10390135435617547
15275,1.0,0.32883622712341626
15276,1.0,0.10817941952506596
15277,1.0,0.16343765524093393
15278,1.0,0.10390135435617547
15279,1.0,0.10390135435617547
15280,0.97666395,0.12236767216846899
15281,1.0,0.10390135435617547
15282,1.0,0.10390135435617547
15283,1.0,0.10390135435617547
15284,1.0,0.10390135435617547
15285,0.99999994,0.10453451043338684
15286,1.0,0.10390135435617547
15287,1.0,0.10394337714863498
15288,1.0,0.10369921164342026
15289,1.0,0.10390135435617547
15290,1.0,0.10390135435617547
15291,1.0,0.10390135435617547
15292,1.0,0.10390135435617547
15293,1.0,0.22660456993159656
15294,1.0,0.32246977956861816
15295,1.0,0.10390135435617547
15296,1.0,0.10394337714863498
15297,1.0,0.10390135435617547
15298,1.0,0.10390135435617547
15299,1.0,0.10374115267947422
15300,1.0,0.10390135435617547
15301,1.0,0.10390135435617547
15302,1.0,0.10390135435617547
15303,1.0,0.10390135435617547
15304,1.0,0.10390135435617547
15305,1.0,0.10390135435617547
15306,1.0,0.10390135435617547
15307,1.0,0.10394337714863498
15308,1.0,0.16234439834024897
15309,1.0,0.10390135435617547
15310,1.0,0.10390135435617547
15311,1.0,0.10377548960226125
15312,1.0,0.09766022380467955
15313,1.0,0.10388821385176185
15314,1.0,0.10390135435617547
15315,1.0,0.10390135435617547
15316,1.0,0.12073170731707317
15317,1.0,0.10394337714863498
15318,1.0,0.10390135435617547
15319,1.0,0.10394337714863498
15320,0.9999998,0.09152765583845479
15321,1.0,0.1029739024883674
15322,1.0,0.10394337714863498
15323,1.0,0.10617185949593173
15324,1.0,0.10394337714863498
15325,0.67576873,0.32455120754229627
15326,1.0,0.10390135435617547
15327,0.9705723,0.05665388020064916
15328,1.0,0.10369921164342026
15329,1.0,0.1059108331652209
15330,1.0,0.10605755685248541
15331,0.9998659,0.23688373319272343
15332,1.0,0.18061920196713982
15333,1.0,0.10390135435617547
15334,1.0,0.10432672866963202
15335,1.0,0.10390135435617547
15336,1.0,0.10394337714863498
15337,0.67890936,0.30370077703147635
15338,1.0,0.12854847348687734
15339,1.0,0.10369921164342026
15340,1.0,0.10390135435617547
15341,1.0,0.2199187561283093
15342,0.99269086,0.14048200122025625
15343,1.0,0.10390135435617547
15344,1.0,0.10417086439653435
15345,1.0,0.16009038762384842
15346,1.0,0.10577495534828339
15347,1.0,0.10466760961810467
15348,1.0,0.10390135435617547
15349,1.0,0.10394337714863498
15350,1.0,0.26848436246992785
15351,1.0,0.09417753738466433
15352,1.0,0.09003215434083602
15353,1.0,0.10394337714863498
15354,1.0,0.11040828062104657
15355,1.0,0.10394337714863498
15356,1.0,0.10394337714863498
15357,1.0,0.10442334881842052
15358,1.0,0.10390135435617547
15359,1.0,0.1095066185318893
15360,1.0,0.10394337714863498
15361,1.0,0.13658536585365855
15362,1.0,0.11819510412860797
15363,1.0,0.07049022749118872
15364,1.0,0.10369318181818182
15365,1.0,0.1113662456946039
15366,1.0,0.10390135435617547
15367,1.0,0.10900847624679677
15368,0.3465443,0.21831097079715864
15369,1.0,0.10394337714863498
15370,1.0,0.10394337714863498
15371,0.17329076,0.09684439608269858
15372,1.0,0.1036573045059608
15373,1.0,0.10383838383838384
15374,1.0,0.10390135435617547
15375,1.0,0.10394337714863498
15376,1.0,0.10390135435617547
15377,1.0,0.10319708619991906
15378,1.0,0.10394337714863498
15379,1.0,0.10394337714863498
15380,1.0,0.10595238095238095
15381,1.0,0.10390135435617547
15382,1.0,0.10390135435617547
15383,1.0,0.10390135435617547
15384,1.0,0.10394337714863498
15385,1.0,0.10390135435617547
15386,1.0,0.059257551302743836
15387,1.0,0.10390135435617547
15388,1.0,0.10390135435617547
15389,1.0,0.10394337714863498
15390,1.0,0.10394337714863498
15391,0.9999926,0.2180590717299578
15392,1.0,0.021879021879021878
15393,0.6728517,0.7417106442298118
15394,1.0,0.020710887209627764
15395,1.0,0.10390135435617547
15396,0.9999998,0.17494561276287166
15397,1.0,0.10522120366679952
15398,1.0,0.29343501326259946
15399,1.0,0.10390135435617547
15400,1.0,0.10396440129449838
15401,1.0,0.11178492015362847
15402,1.0,0.02948021722265322
15403,1.0,0.10175077239958806
15404,1.0,0.11913943576212706
15405,1.0,0.10390135435617547
15406,1.0,0.10394337714863498
15407,1.0,0.10369921164342026
15408,0.9811248,0.6768742318721835
15409,1.0,0.025997425997425997
15410,1.0,0.10390135435617547
15411,0.99999994,0.1035041523192222
15412,1.0,0.10552464228934817
15413,1.0,0.10374115267947422
15414,1.0,0.32817736530033514
15415,0.27228364,0.33166571915861287
15416,1.0,0.10394337714863498
15417,1.0,0.10394337714863498
15418,1.0,0.291260162601626
15419,1.0,0.24962651093304358
15420,1.0,0.10390135435617547
15421,1.0,0.10390135435617547
15422,1.0,0.3119799233918901
15423,1.0,0.10390135435617547
15424,1.0,0.10390135435617547
15425,1.0,0.10390135435617547
15426,1.0,0.10390135435617547
15427,1.0,0.12718292467807374
15428,1.0,0.10390135435617547
15429,1.0,0.22022888957624498
15430,1.0,0.10149313962873285
15431,1.0,0.1653484554544098
15432,1.0,0.2454407294832827
15433,0.99969155,0.15011547344110854
15434,0.9999999,0.1672185430463576
15435,1.0,0.10374115267947422
15436,1.0,0.1934653146628038
15437,1.0,0.10453451043338684
15438,1.0,0.10390135435617547
15439,0.47188598,0.8813030332585585
15440,1.0,0.10390135435617547
15441,1.0,0.10473866178564165
15442,1.0,0.10390135435617547
15443,1.0,0.10390135435617547
15444,1.0,0.10390135435617547
15445,1.0,0.10394337714863498
15446,1.0,0.13418467583497054
15447,1.0,0.10617185949593173
15448,0.999999,0.1811700566156427
15449,1.0,0.10390135435617547
15450,1.0,0.14233152594887685
15451,1.0,0.10390135435617547
15452,1.0,0.342829484165399
15453,1.0,0.07889502762430939
15454,1.0,0.10401939002221773
15455,1.0,0.10390135435617547
15456,1.0,0.10390135435617547
15457,1.0,0.11189747513389442
15458,1.0,0.10390135435617547
15459,1.0,0.10409521888238854
15460,1.0,0.10390135435617547
15461,1.0,0.10390135435617547
15462,1.0,0.05999536715311559
15463,1.0,0.14291115311909264
15464,1.0,0.10390135435617547
15465,1.0,0.10390135435617547
15466,1.0,0.10390135435617547
15467,1.0,0.10390135435617547
15468,1.0,0.10390135435617547
15469,1.0,0.10391444713478612
15470,1.0,0.08926673751328375
15471,1.0,0.10390135435617547
15472,1.0,0.10394337714863498
15473,1.0,0.10369921164342026
15474,1.0,0.10390135435617547
15475,1.0,0.10390135435617547
15476,1.0,0.13705583756345177
15477,1.0,0.10390135435617547
15478,1.0,0.10390135435617547
15479,1.0,0.10390135435617547
15480,1.0,0.07491961414790997
15481,1.0,0.10390135435617547
15482,1.0,0.12574430823117339
15483,1.0,0.10390135435617547
15484,1.0,0.210989010989011
15485,1.0,0.10395639886960033
15486,1.0,0.17675292153589314
15487,0.7008707,0.20760929211633436
15488,1.0,0.10390135435617547
15489,1.0,0.3151903237282106
15490,1.0,0.10394337714863498
15491,1.0,0.10425489009881024
15492,1.0,0.09571162212554382
15493,1.0,0.10390135435617547
15494,1.0,0.10390135435617547
15495,1.0,0.10390135435617547
15496,1.0,0.10384615384615385
15497,1.0,0.10507319029476639
15498,1.0,0.10394337714863498
15499,0.99999994,0.1871747523921437
15500,0.4580883,0.5299472431985104
15501,1.0,0.3401339355240617
15502,0.88927865,0.11986169804072225
15503,0.99847114,0.14904153354632588
15504,1.0,0.10394337714863498
15505,1.0,0.10390135435617547
15506,1.0,0.10394337714863498
15507,1.0,0.10390135435617547
15508,1.0,0.12405541561712846
15509,1.0,0.10390135435617547
15510,1.0,0.15237212177406892
15511,1.0,0.06624605678233439
15512,1.0,0.10390135435617547
15513,1.0,0.1035808213635444
15514,1.0,0.10677659360546954
15515,1.0,0.10390135435617547
15516,1.0,0.10390135435617547
15517,1.0,0.11066235864297254
15518,1.0,0.10390135435617547
15519,0.999916,0.15877563329312425
15520,1.0,0.11093688749509996
15521,1.0,0.10390135435617547
15522,1.0,0.10390135435617547
15523,1.0,0.10377548960226125
15524,1.0,0.10578279266572638
15525,1.0,0.10390135435617547
15526,1.0,0.20595263958288074
15527,1.0,0.10989838163342115
15528,1.0,0.10390135435617547
15529,1.0,0.1074656188605108
15530,1.0,0.2537487828627069
15531,1.0,0.10390135435617547
15532,1.0,0.15264038959062548
15533,0.40576562,0.2703368940016434
15534,1.0,0.10390135435617547
15535,1.0,0.11106639839034205
15536,1.0,0.2472037914691943
15537,1.0,0.10394337714863498
15538,1.0,0.10394337714863498
15539,1.0,0.10394337714863498
15540,1.0,0.10390135435617547
15541,1.0,0.10390135435617547
15542,0.7020507,0.37107344632768363
15543,1.0,0.10372017792155278
15544,0.99999994,0.10390135435617547
15545,1.0,0.10390135435617547
15546,1.0,0.10394337714863498
15547,0.24765024,0.2069040856456194
15548,1.0,0.10394337714863498
15549,1.0,0.10390135435617547
15550,1.0,0.10394337714863498
15551,1.0,0.10394337714863498
15552,1.0,0.10390135435617547
15553,1.0,0.10390135435617547
15554,1.0,0.10394337714863498
15555,1.0,0.1075149634227444
15556,1.0,0.10394337714863498
15557,1.0,0.20397799407532796
15558,1.0,0.10390135435617547
15559,1.0,0.22514812376563528
15560,1.0,0.10390135435617547
15561,1.0,0.10394337714863498
15562,1.0,0.2294270511075362
15563,1.0,0.10390135435617547
15564,1.0,0.10390135435617547
15565,1.0,0.1074656188605108
15566,1.0,0.10390135435617547
15567,1.0,0.10390135435617547
15568,1.0,0.10394337714863498
15569,1.0,0.10174300770166193
15570,0.9999997,0.15199572344975054
15571,0.99999845,0.19544404093760318
15572,1.0,0.10420438543552606
15573,1.0,0.10390135435617547
15574,1.0,0.29943137761695526
15575,1.0,0.10390135435617547
15576,1.0,0.10390135435617547
15577,1.0,0.10267314702308628
15578,1.0,0.10390135435617547
15579,1.0,0.10394337714863498
15580,1.0,0.10369921164342026
15581,1.0,0.10408245755860954
15582,1.0,0.10394337714863498
15583,1.0,0.10394337714863498
15584,1.0,0.10371267150928168
15585,1.0,0.2811017597551645
15586,1.0,0.1033158107561666
15587,0.91554576,0.38612740557785324
15588,1.0,0.14018879293030728
15589,1.0,0.10224786154764273
15590,1.0,0.10390135435617547
15591,1.0,0.10390135435617547
15592,1.0,0.10390135435617547
15593,1.0,0.10390135435617547
15594,1.0,0.24476751472615615
15595,1.0,0.18237762237762237
15596,1.0,0.21520454282072082
15597,1.0,0.1068763863682194
15598,1.0,0.10368570271364926
15599,1.0,0.20271622587562543
15600,1.0,0.1171960569550931
15601,1.0,0.10345524348353202
15602,0.9998914,0.14467408585055644
15603,1.0,0.10394337714863498
15604,1.0,0.10390135435617547
15605,1.0,0.11827284105131414
15606,0.99999994,0.1579925650557621
15607,0.9998988,0.17168118237001848
15608,1.0,0.10390135435617547
15609,1.0,0.10390135435617547
15610,0.7810792,0.37219840783833436
15611,0.99999994,0.16125598722724854
15612,1.0,0.10357359176256814
15613,1.0,0.10390135435617547
15614,0.9875199,0.2272296657193125
15615,1.0,0.2578696343402226
15616,1.0,0.1111562690510059
15617,1.0,0.10390135435617547
15618,1.0,0.14006628292342577
15619,0.999964,0.2057933419801124
15620,0.9766126,0.2475636166756903
15621,1.0,0.10854058222479275
15622,1.0,0.10394337714863498
15623,1.0,0.1091314031180401
15624,1.0,0.10369921164342026
15625,1.0,0.2061904761904762
15626,1.0,0.23808309966862096
15627,1.0,0.10407422347720856
15628,1.0,0.10372017792155278
15629,1.0,0.10390135435617547
15630,1.0,0.10390135435617547
15631,1.0,0.11272727272727273
15632,1.0,0.10390135435617547
15633,1.0,0.10345524348353202
15634,1.0,0.10289064079239943
15635,1.0,0.12673484295105916
15636,1.0,0.1049370377773336
15637,1.0,0.10580137659783677
15638,1.0,0.10390135435617547
15639,1.0,0.17138263665594855
15640,1.0,0.10369921164342026
15641,0.6605973,0.3153751537515375
15642,0.89023924,0.2431454418928323
15643,1.0,0.10390135435617547
15644,1.0,0.10390135435617547
15645,1.0,0.10390135435617547
15646,0.30743825,0.4570559326000468
15647,1.0,0.10390135435617547
15648,1.0,0.03662909836065574
15649,1.0,0.10390135435617547
15650,1.0,0.10394337714863498
15651,1.0,0.31921786416753445
15652,1.0,0.10541026152924736
15653,1.0,0.09387550200803213
15654,1.0,0.10394337714863498
15655,1.0,0.10390135435617547
15656,1.0,0.11425800193986421
15657,1.0,0.10390135435617547
15658,1.0,0.10390135435617547
15659,1.0,0.11189747513389442
15660,1.0,0.10390135435617547
15661,0.69173396,0.38673670387393305
15662,1.0,0.10390135435617547
15663,1.0,0.10409521888238854
15664,1.0,0.10394337714863498
15665,1.0,0.10394337714863498
15666,1.0,0.10515833499302928
15667,1.0,0.10390135435617547
15668,1.0,0.10394337714863498
15669,1.0,0.10374115267947422
15670,1.0,0.10390135435617547
15671,1.0,0.10390135435617547
15672,1.0,0.10390135435617547
15673,1.0,0.22966808242881862
15674,1.0,0.056457564575645755
15675,1.0,0.10390135435617547
15676,1.0,0.10479041916167664
15677,1.0,0.10407422347720856
15678,1.0,0.10394337714863498
15679,1.0,0.10394337714863498
15680,1.0,0.10390135435617547
15681,1.0,0.10390135435617547
15682,1.0,0.2220262590632961
15683,1.0,0.10390135435617547
15684,0.99999994,0.10394337714863498
15685,1.0,0.3255074219933354
15686,1.0,0.10394337714863498
15687,1.0,0.10390135435617547
15688,1.0,0.10596293311845285
15689,1.0,0.1617732558139535
15690,1.0,0.11389162561576355
15691,1.0,0.11775562938353636
15692,1.0,0.10390135435617547
15693,1.0,0.10376213592233009
15694,1.0,0.10390135435617547
15695,1.0,0.10627142569066345
15696,1.0,0.1547785547785548
15697,1.0,0.10376213592233009
15698,1.0,0.10390135435617547
15699,1.0,0.10390135435617547
15700,1.0,0.10390135435617547
15701,1.0,0.10390135435617547
15702,1.0,0.10653753026634383
15703,1.0,0.10448963156835112
15704,1.0,0.07998725302740599
15705,0.99902356,0.14475951746827512
15706,1.0,0.11819510412860797
15707,1.0,0.10394337714863498
15708,1.0,0.10390135435617547
15709,1.0,0.10394337714863498
15710,1.0,0.17961425127243505
15711,1.0,0.10394337714863498
15712,1.0,0.10462532821652192
15713,1.0,0.10394337714863498
15714,1.0,0.10394337714863498
15715,1.0,0.1066882198423924
15716,1.0,0.10390135435617547
15717,1.0,0.10390135435617547
15718,1.0,0.10390135435617547
15719,1.0,0.10390135435617547
15720,1.0,0.10390135435617547
15721,1.0,0.28860898138006574
15722,1.0,0.10982329469884096
15723,1.0,0.10390135435617547
15724,1.0,0.10390135435617547
15725,1.0,0.214902668557432
15726,1.0,0.10394337714863498
15727,1.0,0.10394337714863498
15728,1.0,0.10390135435617547
15729,0.9962075,0.15326147042564953
15730,1.0,0.10390135435617547
15731,1.0,0.10390135435617547
15732,1.0,0.10394337714863498
15733,1.0,0.10629286002420331
15734,1.0,0.10390135435617547
15735,1.0,0.10390135435617547
15736,1.0,0.10390135435617547
15737,1.0,0.324291742013261
15738,1.0,0.10394337714863498
15739,1.0,0.12096924510717615
15740,1.0,0.10598428369937538
15741,1.0,0.19234490914955382
15742,1.0,0.10526315789473684
15743,1.0,0.10409521888238854
15744,1.0,0.1036573045059608
15745,1.0,0.16298507462686568
15746,1.0,0.10374115267947422
15747,1.0,0.10390135435617547
15748,1.0,0.10390135435617547
15749,1.0,0.11692364170337739
15750,1.0,0.10390135435617547
15751,1.0,0.10390135435617547
15752,1.0,0.10394337714863498
15753,1.0,0.10390135435617547
15754,1.0,0.3394226746618324
15755,1.0,0.10390135435617547
15756,0.35849443,0.2587402271721493
15757,1.0,0.10390135435617547
15758,1.0,0.10394337714863498
15759,0.99995655,0.1501430735566403
15760,1.0,0.10390135435617547
15761,1.0,0.12579169598874032
15762,1.0,0.07128756306207501
15763,1.0,0.10390135435617547
15764,1.0,0.10148209139563606
15765,1.0,0.10390135435617547
15766,1.0,0.12286282306163022
15767,1.0,0.09454327403557865
15768,1.0,0.10390135435617547
15769,1.0,0.10390135435617547
15770,1.0,0.10390135435617547
15771,1.0,0.10364875701684041
15772,1.0,0.14910659272951324
15773,0.88050854,0.28185608120355266
15774,1.0,0.10369921164342026
15775,1.0,0.10390135435617547
15776,1.0,0.11352657004830918
15777,1.0,0.10394337714863498
15778,1.0,0.10394337714863498
15779,1.0,0.10550367574011524
15780,1.0,0.10390135435617547
15781,1.0,0.10394337714863498
15782,1.0,0.1953150775321676
15783,1.0,0.10390135435617547
15784,1.0,0.11882998171846434
15785,1.0,0.14343122102009273
15786,1.0,0.10390135435617547
15787,1.0,0.24782308223911542
15788,0.9967631,0.14609375
15789,1.0,0.10390135435617547
15790,1.0,0.10390135435617547
15791,1.0,0.10369921164342026
15792,1.0,0.12491141034727143
15793,1.0,0.11963130025495196
15794,1.0,0.1276858048608665
15795,1.0,0.10390135435617547
15796,1.0,0.10390135435617547
15797,1.0,0.3323051037577117
15798,1.0,0.10390135435617547
15799,1.0,0.10537848605577689
15800,1.0,0.10390135435617547
15801,1.0,0.13845808046752078
15802,1.0,0.10390135435617547
15803,0.54282945,0.08567774936061381
15804,1.0,0.10069302894415003
15805,1.0,0.10390135435617547
15806,1.0,0.10390135435617547
15807,1.0,0.08866886688668867
15808,1.0,0.10971063376531155
15809,1.0,0.10390135435617547
15810,1.0,0.10486291775065039
15811,1.0,0.10390135435617547
15812,1.0,0.10390135435617547
15813,1.0,0.13760566149007272
15814,1.0,0.10390135435617547
15815,1.0,0.10390135435617547
15816,1.0,0.10394337714863498
15817,1.0,0.10289649584768078
15818,1.0,0.10390135435617547
15819,1.0,0.10390135435617547
15820,0.99999726,0.11188394276629571
15821,1.0,0.059613196814562
15822,1.0,0.10390135435617547
15823,1.0,0.10390135435617547
15824,1.0,0.09909365558912386
15825,1.0,0.09460266879107747
15826,1.0,0.18279438682123245
15827,1.0,0.10390135435617547
15828,1.0,0.10390135435617547
15829,1.0,0.2850770478507705
15830,1.0,0.10397738744195437
15831,1.0,0.1316102703621833
15832,0.9999926,0.11899839191362278
15833,1.0,0.10390135435617547
15834,1.0,0.10394337714863498
15835,1.0,0.10390135435617547
15836,1.0,0.23125554569653947
15837,1.0,0.10390135435617547
15838,1.0,0.31030564708555847
15839,1.0,0.10390135435617547
15840,1.0,0.09417753738466433
15841,1.0,0.10369921164342026
15842,1.0,0.10390135435617547
15843,1.0,0.10374115267947422
15844,1.0,0.10390135435617547
15845,1.0,0.11587506930327111
15846,1.0,0.10394337714863498
15847,1.0,0.10390135435617547
15848,1.0,0.10394337714863498
15849,1.0,0.10390135435617547
15850,1.0,0.1028814935064935
15851,1.0,0.10369921164342026
15852,1.0,0.10390135435617547
15853,1.0,0.10379644588045234
15854,1.0,0.10390135435617547
15855,1.0,0.10390135435617547
15856,1.0,0.10394337714863498
15857,1.0,0.10390135435617547
15858,1.0,0.10394337714863498
15859,1.0,0.10394337714863498
15860,1.0,0.10390135435617547
15861,1.0,0.10390135435617547
15862,1.0,0.10235103364410215
15863,1.0,0.31225403718279277
15864,1.0,0.10401939002221773
15865,1.0,0.10383838383838384
15866,1.0,0.06638755980861244
15867,1.0,0.10394337714863498
15868,1.0,0.2975813417794414
15869,1.0,0.10390135435617547
15870,1.0,0.10394337714863498
15871,0.6972094,0.6688437595673028
15872,1.0,0.10611439842209074
15873,1.0,0.10394337714863498
15874,1.0,0.10394337714863498
15875,1.0,0.10414987912973409
15876,1.0,0.10394337714863498
15877,1.0,0.10390135435617547
15878,1.0,0.31331847311228755
15879,1.0,0.10408619638137832
15880,0.9999989,0.19708380067296907
15881,1.0,0.10390135435617547
15882,1.0,0.10367825383993533
15883,1.0,0.10390135435617547
15884,1.0,0.10390135435617547
15885,1.0,0.1054860830980234
15886,1.0,0.10394337714863498
15887,1.0,0.10390135435617547
15888,0.9484087,0.3311927696515638
15889,1.0,0.10652988755178536
15890,1.0,0.1271282633371169
15891,0.97361887,0.1477132262051916
15892,1.0,0.10390135435617547
15893,1.0,0.10390135435617547
15894,1.0,0.10390135435617547
15895,1.0,0.10394337714863498
15896,1.0,0.10655903128153381
15897,1.0,0.10394337714863498
15898,1.0,0.10390135435617547
15899,1.0,0.10522120366679952
15900,1.0,0.11740815949787706
15901,1.0,0.10390135435617547
15902,1.0,0.10394337714863498
15903,1.0,0.10390135435617547
15904,1.0,0.10390135435617547
15905,1.0,0.10394337714863498
15906,1.0,0.08068514762226729
15907,1.0,0.10390135435617547
15908,1.0,0.10390135435617547
15909,1.0,0.10460921843687375
15910,1.0,0.10390135435617547
15911,1.0,0.10390135435617547
15912,1.0,0.10390135435617547
15913,1.0,0.10390135435617547
15914,1.0,0.10379644588045234
15915,1.0,0.10390135435617547
15916,1.0,0.10337851507181874
15917,1.0,0.10390135435617547
15918,1.0,0.10394337714863498
15919,1.0,0.10717163577759871
15920,1.0,0.10381741062411634
15921,1.0,0.10390135435617547
15922,1.0,0.10516754138070246
15923,1.0,0.3318668426455492
15924,1.0,0.10394337714863498
15925,1.0,0.10394337714863498
15926,1.0,0.10390135435617547
15927,1.0,0.10507173166296221
15928,1.0,0.10394337714863498
15929,0.99957085,0.1467682754727632
15930,1.0,0.10392236150424586
15931,1.0,0.10390135435617547
15932,1.0,0.10390135435617547
15933,1.0,0.10394337714863498
15934,1.0,0.10390135435617547
15935,1.0,0.11196133709222715
15936,1.0,0.30179890780597496
15937,1.0,0.10394337714863498
15938,1.0,0.10653753026634383
15939,0.8824519,0.13747099767981438
15940,1.0,0.13343799058084774
15941,1.0,0.10354609929078014
15942,1.0,0.10390135435617547
15943,1.0,0.10390135435617547
15944,1.0,0.10394337714863498
15945,1.0,0.10390135435617547
15946,1.0,0.10390135435617547
15947,1.0,0.10394337714863498
15948,0.99998355,0.16486249268578115
15949,1.0,0.10390135435617547
15950,1.0,0.20409379968203498
15951,1.0,0.10390135435617547
15952,1.0,0.11296121097445601
15953,1.0,0.10957254665863937
15954,1.0,0.10390135435617547
15955,1.0,0.11909989023051591
15956,1.0,0.10390135435617547
15957,1.0,0.19178687076832499
15958,1.0,0.11073082343466882
15959,1.0,0.10390135435617547
15960,1.0,0.10394337714863498
15961,1.0,0.10403225806451613
15962,1.0,0.10390135435617547
15963,1.0,0.10394337714863498
15964,1.0,0.10390135435617547
15965,1.0,0.10394337714863498
15966,1.0,0.10390135435617547
15967,1.0,0.10390135435617547
15968,1.0,0.10610551274451689
15969,1.0,0.10390135435617547
15970,1.0,0.25426269439760163
15971,1.0,0.09720212252773758
15972,1.0,0.10390135435617547
15973,1.0,0.10390135435617547
15974,1.0,0.10390135435617547
15975,1.0,0.10390135435617547
15976,1.0,0.10394337714863498
15977,1.0,0.10394337714863498
15978,1.0,0.10609076433121019
15979,1.0,0.10390135435617547
15980,1.0,0.10440226171243942
15981,0.2904011,0.1327605770789431
15982,1.0,0.1041041041041041
15983,1.0,0.09959514170040486
15984,1.0,0.2570678201761162
15985,1.0,0.10390135435617547
15986,1.0,0.10390135435617547
15987,1.0,0.1036573045059608
15988,1.0,0.10372017792155278
15989,1.0,0.1738447440764498
15990,1.0,0.23469207693665078
15991,1.0,0.31177636382601437
15992,1.0,0.10434258142340169
15993,1.0,0.10390135435617547
15994,1.0,0.10390135435617547
15995,1.0,0.24471299093655588
15996,1.0,0.19234490914955382
15997,1.0,0.10342729669438248
15998,1.0,0.10390135435617547
15999,1.0,0.3175972927241963
16000,1.0,0.10390135435617547
16001,1.0,0.16980371067491262
16002,1.0,0.1497096692754355
16003,1.0,0.10394337714863498
16004,1.0,0.10390135435617547
16005,1.0,0.1063658340048348
16006,1.0,0.10394337714863498
16007,1.0,0.1075875486381323
16008,1.0,0.10390135435617547
16009,1.0,0.10123506782749545
16010,1.0,0.10430563978168587
16011,1.0,0.10390135435617547
16012,1.0,0.10394337714863498
16013,1.0,0.10390135435617547
16014,1.0,0.1835334476843911
16015,1.0,0.10374115267947422
16016,1.0,0.211950638666378
16017,0.8081316,0.28441926345609064
16018,1.0,0.10430930326218284
16019,1.0,0.2346652646337189
16020,1.0,0.10390135435617547
16021,1.0,0.10390135435617547
16022,1.0,0.10390135435617547
16023,1.0,0.10390135435617547
16024,1.0,0.10371267150928168
16025,1.0,0.10390135435617547
16026,1.0,0.10390135435617547
16027,1.0,0.10390135435617547
16028,1.0,0.20854729170117609
16029,1.0,0.10390135435617547
16030,1.0,0.10394337714863498
16031,1.0,0.12869757174392937
16032,0.9999138,0.26416510318949343
16033,1.0,0.290836233259517
16034,1.0,0.2103583701521846
16035,1.0,0.10390135435617547
16036,1.0,0.10390135435617547
16037,1.0,0.10390135435617547
16038,1.0,0.10738796931772306
16039,1.0,0.10295015259409969
16040,1.0,0.10390135435617547
16041,1.0,0.10394337714863498
16042,1.0,0.10351799433885968
16043,1.0,0.060078868012062164
16044,1.0,0.10390135435617547
16045,1.0,0.10388035569927244
16046,1.0,0.10394337714863498
16047,1.0,0.10394337714863498
16048,1.0,0.331377245508982
16049,1.0,0.10390135435617547
16050,1.0,0.10390135435617547
16051,1.0,0.18815331010452963
16052,1.0,0.10717054263565891
16053,1.0,0.10390135435617547
16054,1.0,0.14688090737240075
16055,1.0,0.11824990145841545
16056,1.0,0.12042925278219396
16057,1.0,0.10390135435617547
16058,1.0,0.11049723756906077
16059,1.0,0.10390135435617547
16060,1.0,0.10369921164342026
16061,1.0,0.10390135435617547
16062,1.0,0.10390135435617547
16063,1.0,0.10390135435617547
16064,1.0,0.10390135435617547
16065,1.0,0.10394337714863498
16066,1.0,0.10390135435617547
16067,1.0,0.2970314421219041
16068,1.0,0.10390135435617547
16069,1.0,0.10914740726354633
16070,1.0,0.23109497882637628
16071,1.0,0.10390135435617547
16072,1.0,0.07994786009124484
16073,1.0,0.10390135435617547
16074,1.0,0.10372017792155278
16075,1.0,0.10390135435617547
16076,1.0,0.10390135435617547
16077,1.0,0.10390135435617547
16078,0.999999,0.13309555096677303
16079,1.0,0.1597089901264507
16080,1.0,0.1045135406218656
16081,1.0,0.10390135435617547
16082,1.0,0.18512366186784793
16083,1.0,0.10394337714863498
16084,1.0,0.10394337714863498
16085,0.99999994,0.17168011738811445
16086,1.0,0.10390135435617547
16087,1.0,0.11906645569620253
16088,0.999979,0.16903108964684577
16089,1.0,0.10390135435617547
16090,1.0,0.10353178607467205
16091,1.0,0.10940654016955995
16092,1.0,0.10390135435617547
16093,1.0,0.10390135435617547
16094,1.0,0.10390135435617547
16095,1.0,0.10390135435617547
16096,1.0,0.18355271102523849
16097,1.0,0.19625365183021137
16098,1.0,0.10390135435617547
16099,1.0,0.10526315789473684
16100,1.0,0.1346762110870651
16101,1.0,0.10398543394699575
16102,1.0,0.10560257960499798
16103,1.0,0.1374089689536221
16104,0.99999994,0.10455817672930828
16105,1.0,0.10390135435617547
16106,1.0,0.10369921164342026
16107,1.0,0.10383838383838384
16108,1.0,0.10390135435617547
16109,1.0,0.19619125907658583
16110,1.0,0.10390135435617547
16111,0.3564977,0.2763385146804836
16112,1.0,0.1051898985881885
16113,1.0,0.10390135435617547
16114,1.0,0.10394337714863498
16115,1.0,0.1335872048743336
16116,1.0,0.10390135435617547
16117,1.0,0.10369921164342026
16118,1.0,0.10448666127728375
16119,1.0,0.12389735364875702
16120,1.0,0.10390135435617547
16121,1.0,0.13962635201573254
16122,1.0,0.10394337714863498
16123,1.0,0.12269248086447546
16124,0.88774836,0.4025865165848401
16125,1.0,0.10394337714863498
16126,1.0,0.23963800904977375
16127,1.0,0.10390135435617547
16128,1.0,0.10444177671068428
16129,1.0,0.10608764624231608
16130,1.0,0.1547785547785548
16131,1.0,0.13955296404275996
16132,1.0,0.10369921164342026
16133,1.0,0.10394337714863498
16134,1.0,0.30157970320727623
16135,1.0,0.1603264628579333
16136,0.99999994,0.10390135435617547
16137,1.0,0.10390135435617547
16138,1.0,0.10394337714863498
16139,1.0,0.27177625960717333
16140,1.0,0.11323828920570264
16141,1.0,0.10468876313662086
16142,1.0,0.10390135435617547
16143,1.0,0.10390135435617547
16144,0.9947283,0.10558431952662722
16145,1.0,0.10390135435617547
16146,1.0,0.10390135435617547
16147,1.0,0.10145219846712385
16148,1.0,0.10377548960226125
16149,1.0,0.10349706893066504
16150,1.0,0.10390135435617547
16151,1.0,0.10390135435617547
16152,1.0,0.10652988755178536
16153,1.0,0.10106489853325297
16154,1.0,0.10390135435617547
16155,1.0,0.10390135435617547
16156,1.0,0.10390135435617547
16157,1.0,0.10553667799320408
16158,1.0,0.10394337714863498
16159,1.0,0.10390135435617547
16160,1.0,0.06494106771435175
16161,0.9999954,0.19922630560928434
16162,0.68105936,0.1953309325717124
16163,1.0,0.10607890499194847
16164,1.0,0.22944162436548224
16165,1.0,0.08753596849916705
16166,1.0,0.2712650340530358
16167,1.0,0.10390135435617547
16168,1.0,0.10791075050709939
16169,1.0,0.12445153570003989
16170,1.0,0.10390135435617547
16171,1.0,0.10478680611423974
16172,1.0,0.10394337714863498
16173,1.0,0.10394337714863498
16174,1.0,0.10390135435617547
16175,1.0,0.05421389847215377
16176,1.0,0.2639170342114674
16177,1.0,0.30526315789473685
16178,1.0,0.10394337714863498
16179,1.0,0.10390135435617547
16180,1.0,0.10390135435617547
16181,1.0,0.10390135435617547
16182,1.0,0.08552432759141734
16183,1.0,0.10394337714863498
16184,0.374025,0.11030696281507361
16185,1.0,0.10390135435617547
16186,1.0,0.08258258258258258
16187,1.0,0.21757754800590842
16188,1.0,0.10390135435617547
16189,1.0,0.10390135435617547
16190,1.0,0.10394337714863498
16191,1.0,0.12671869193608323
16192,0.99999994,0.06107921928817451
16193,0.9999999,0.1651188707280832
16194,1.0,0.14744907493926368
16195,1.0,0.12955998495675067
16196,1.0,0.10442334881842052
16197,1.0,0.10388035569927244
16198,1.0,0.10390135435617547
16199,1.0,0.22025091876821695
16200,0.9990147,0.1459935673332401
16201,1.0,0.10369921164342026
16202,1.0,0.10390135435617547
16203,1.0,0.10588947156111335
16204,1.0,0.10390135435617547
16205,1.0,0.10390135435617547
16206,1.0,0.10046492823933698
16207,1.0,0.10390135435617547
16208,1.0,0.14395734597156398
16209,1.0,0.10390135435617547
16210,1.0,0.10956416464891042
16211,0.9999844,0.21074433656957928
16212,1.0,0.10390135435617547
16213,1.0,0.10390135435617547
16214,1.0,0.1062611100138258
16215,1.0,0.14843598212551
16216,0.9999959,0.17484276729559747
16217,1.0,0.10390135435617547
16218,1.0,0.10390135435617547
16219,1.0,0.2606520614110747
16220,1.0,0.10394337714863498
16221,1.0,0.10390135435617547
16222,1.0,0.10390135435617547
16223,1.0,0.182566918325326
16224,1.0,0.10394337714863498
16225,1.0,0.10394337714863498
16226,1.0,0.10390135435617547
16227,1.0,0.10390135435617547
16228,1.0,0.10256928990491604
16229,1.0,0.1662809917355372
16230,1.0,0.10390135435617547
16231,1.0,0.10390135435617547
16232,1.0,0.10390135435617547
16233,1.0,0.10390135435617547
16234,0.7459598,0.5146652497343251
16235,1.0,0.10390135435617547
16236,1.0,0.10390135435617547
16237,1.0,0.10390135435617547
16238,1.0,0.10286062081558126
16239,1.0,0.10553877139979859
16240,1.0,0.10394337714863498
16241,1.0,0.10390135435617547
16242,1.0,0.128156016019502
16243,1.0,0.10394337714863498
16244,1.0,0.10169137607016078
16245,1.0,0.27176059547318854
16246,1.0,0.10390135435617547
16247,1.0,0.1072364442652691
16248,1.0,0.10709452928668084
16249,0.7442974,0.4995842860112243
16250,1.0,0.1075875486381323
16251,1.0,0.10161191593552336
16252,1.0,0.10390135435617547
16253,1.0,0.10394337714863498
16254,1.0,0.10608455156064797
16255,1.0,0.2288172511435417
16256,1.0,0.10394337714863498
16257,1.0,0.06318480642804968
16258,1.0,0.1057090982449062
16259,1.0,0.09431728492501973
16260,1.0,0.060297572435395456
16261,1.0,0.10507173166296221
16262,1.0,0.10390135435617547
16263,1.0,0.10394337714863498
16264,1.0,0.11871813546977422
16265,1.0,0.10390135435617547
16266,1.0,0.10394337714863498
16267,1.0,0.10390135435617547
16268,1.0,0.10390135435617547
16269,1.0,0.11330337956632154
16270,1.0,0.10392236150424586
16271,1.0,0.23238361740015262
16272,1.0,0.106353591160221
16273,1.0,0.12864864864864864
16274,1.0,0.16620543708285854
16275,1.0,0.09045435598165902
16276,1.0,0.1033158107561666
16277,1.0,0.10481133958874027
16278,1.0,0.10390135435617547
16279,1.0,0.10394337714863498
16280,1.0,0.10390135435617547
16281,1.0,0.10390135435617547
16282,0.27728063,0.46906647949463554
16283,1.0,0.10390135435617547
16284,1.0,0.10404858299595142
16285,1.0,0.10390135435617547
16286,1.0,0.10394337714863498
16287,1.0,0.10394337714863498
16288,1.0,0.10394337714863498
16289,1.0,0.14916911045943304
16290,1.0,0.10390135435617547
16291,1.0,0.10390135435617547
16292,1.0,0.10390135435617547
16293,1.0,0.14269662921348314
16294,1.0,0.1036573045059608
16295,1.0,0.22784167794316645
16296,1.0,0.10390135435617547
16297,1.0,0.10390135435617547
16298,0.99999964,0.09239130434782608
16299,1.0,0.10390135435617547
16300,1.0,0.13858483189992182
16301,1.0,0.10394337714863498
16302,1.0,0.10394337714863498
16303,0.56837314,0.10919088766692851
16304,1.0,0.10390135435617547
16305,1.0,0.10394337714863498
16306,1.0,0.10390135435617547
16307,1.0,0.10753945061367622
16308,1.0,0.10394337714863498
16309,1.0,0.10372771474878444
16310,1.0,0.10297435897435897
16311,1.0,0.12247569184741959
16312,1.0,0.10390135435617547
16313,1.0,0.10390135435617547
16314,1.0,0.22874768661320172
16315,1.0,0.3185914321364203
16316,1.0,0.18572952471257556
16317,1.0,0.10394337714863498
16318,1.0,0.10390135435617547
16319,1.0,0.10390135435617547
16320,0.27562064,0.7384781329672485
16321,1.0,0.10394337714863498
16322,1.0,0.10390135435617547
16323,1.0,0.10390135435617547
16324,1.0,0.10394337714863498
16325,1.0,0.3168282144108373
16326,1.0,0.10390135435617547
16327,1.0,0.1064823827136461
16328,1.0,0.10390135435617547
16329,1.0,0.25377855887521966
16330,1.0,0.10394337714863498
16331,1.0,0.10394337714863498
16332,1.0,0.10914740726354633
16333,1.0,0.10390135435617547
16334,1.0,0.10703185703185703
16335,1.0,0.10390135435617547
16336,1.0,0.3260426572476566
16337,1.0,0.03427265803503427
16338,1.0,0.12718292467807374
16339,1.0,0.10369921164342026
16340,1.0,0.10390135435617547
16341,1.0,0.10390135435617547
16342,1.0,0.1076860677347394
16343,1.0,0.10390135435617547
16344,1.0,0.10394337714863498
16345,1.0,0.10390135435617547
16346,1.0,0.10394337714863498
16347,1.0,0.10394337714863498
16348,1.0,0.10561389337641357
16349,1.0,0.09440198306135096
16350,1.0,0.08677600166078472
16351,1.0,0.10390135435617547
16352,1.0,0.10394337714863498
16353,1.0,0.10576540755467197
16354,1.0,0.10390135435617547
16355,1.0,0.10390135435617547
16356,1.0,0.10390135435617547
16357,1.0,0.07190860215053764
16358,1.0,0.10437235543018336
16359,1.0,0.10390135435617547
16360,1.0,0.10390135435617547
16361,1.0,0.2098554329239857
16362,0.99959147,0.2550308826459454
16363,1.0,0.10394337714863498
16364,1.0,0.10369921164342026
16365,1.0,0.10390135435617547
16366,1.0,0.10390135435617547
16367,1.0,0.16234439834024897
16368,1.0,0.10397738744195437
16369,1.0,0.1849738468854018
16370,1.0,0.17016970263116923
16371,1.0,0.10394337714863498
16372,1.0,0.10639557836557442
16373,1.0,0.14738191138777004
16374,1.0,0.1054617676266137
16375,1.0,0.16054353296426774
16376,1.0,0.10390135435617547
16377,1.0,0.10390135435617547
16378,1.0,0.10390135435617547
16379,1.0,0.10390135435617547
16380,1.0,0.10595238095238095
16381,1.0,0.1337386018237082
16382,1.0,0.33277197709666556
16383,1.0,0.10686274509803921
16384,1.0,0.2331341797361215
16385,1.0,0.10394337714863498
16386,1.0,0.12300728203109625
16387,1.0,0.10390135435617547
16388,1.0,0.10228883937613936
16389,1.0,0.10556117290192113
16390,1.0,0.10390135435617547
16391,1.0,0.13129717395120238
16392,1.0,0.10394337714863498
16393,1.0,0.10390135435617547
16394,1.0,0.10390135435617547
16395,1.0,0.10390135435617547
16396,0.8348939,0.15995494226978316
16397,1.0,0.10390135435617547
16398,1.0,0.10390135435617547
16399,1.0,0.10390135435617547
16400,1.0,0.10390135435617547
16401,1.0,0.1693052466309041
16402,1.0,0.10390135435617547
16403,1.0,0.10224032586558045
16404,1.0,0.10390135435617547
16405,1.0,0.13715813283981082
16406,1.0,0.17491691446562882
16407,1.0,0.22141014617368873
16408,1.0,0.10390135435617547
16409,1.0,0.10390135435617547
16410,1.0,0.10390135435617547
16411,1.0,0.10375454178441663
16412,0.8585708,0.2830259691381257
16413,1.0,0.10386717959101033
16414,1.0,0.11292270531400966
16415,1.0,0.10390135435617547
16416,1.0,0.10390135435617547
16417,1.0,0.10406142655081835
16418,1.0,0.09559569717881064
16419,1.0,0.10394337714863498
16420,1.0,0.10390135435617547
16421,1.0,0.10390135435617547
16422,1.0,0.10399032648125756
16423,1.0,0.10390135435617547
16424,1.0,0.22561939905113337
16425,1.0,0.10394337714863498
16426,1.0,0.22807017543859648
16427,1.0,0.10725871857258719
16428,0.9999802,0.11401296829971182
16429,1.0,0.10390135435617547
16430,1.0,0.10579446799919241
16431,1.0,0.10390135435617547
16432,1.0,0.10394337714863498
16433,1.0,0.10390135435617547
16434,1.0,0.10470992520719628
16435,1.0,0.10263157894736842
16436,1.0,0.10390135435617547
16437,1.0,0.28137150936726757
16438,1.0,0.10394337714863498
16439,1.0,0.10394337714863498
16440,1.0,0.0913232104121475
16441,1.0,0.10390135435617547
16442,1.0,0.10390135435617547
16443,1.0,0.10390135435617547
16444,1.0,0.18666903031377416
16445,1.0,0.10394337714863498
16446,0.35440454,0.2617097936455945
16447,0.981456,0.23779840848806366
16448,1.0,0.11672216056233814
16449,1.0,0.10390135435617547
16450,1.0,0.10390135435617547
16451,1.0,0.10390135435617547
16452,0.9790291,0.19563122389977514
16453,1.0,0.10390135435617547
16454,0.3249999,0.5219750406945198
16455,1.0,0.10377548960226125
16456,1.0,0.1742881794650561
16457,1.0,0.11108850457782299
16458,1.0,0.10390135435617547
16459,1.0,0.07677122175915771
16460,1.0,0.10374115267947422
16461,1.0,0.10490215856364737
16462,1.0,0.10446554859567589
16463,1.0,0.10394337714863498
16464,1.0,0.10579796772265392
16465,1.0,0.10414987912973409
16466,1.0,0.09524756412805727
16467,0.99989176,0.21726388703876381
16468,1.0,0.10390135435617547
16469,0.20643196,0.19321109258978633
16470,1.0,0.10390135435617547
16471,1.0,0.10390135435617547
16472,1.0,0.10390135435617547
16473,0.99999994,0.1449044585987261
16474,0.18713294,0.7329297340214371
16475,1.0,0.10978706778667709
16476,1.0,0.18739789964994166
16477,1.0,0.18377088305489261
16478,1.0,0.12155591572123177
16479,1.0,0.10776035383996783
16480,1.0,0.10410349706893067
16481,1.0,0.31264790954509597
16482,1.0,0.10390135435617547
16483,1.0,0.10390135435617547
16484,1.0,0.1048
16485,1.0,0.10390135435617547
16486,1.0,0.1122462175093754
16487,1.0,0.10390135435617547
16488,0.9999999,0.20330119300539304
16489,1.0,0.10390135435617547
16490,1.0,0.10390135435617547
16491,1.0,0.10390135435617547
16492,1.0,0.10394337714863498
16493,1.0,0.10394337714863498
16494,1.0,0.10390135435617547
16495,1.0,0.10392236150424586
16496,0.24792713,0.40486056669279874
16497,1.0,0.10390135435617547
16498,1.0,0.11160623860644116
16499,1.0,0.31602271153579836
16500,1.0,0.10394337714863498
16501,1.0,0.10390135435617547
16502,1.0,0.10383838383838384
16503,1.0,0.10394337714863498
16504,1.0,0.15095879232966136
16505,1.0,0.3395392868412748
16506,1.0,0.10333670374115268
16507,1.0,0.10394337714863498
16508,1.0,0.10394337714863498
16509,1.0,0.26602747567258156
16510,0.98669773,0.14283484233531066
16511,1.0,0.10829135993800852
16512,1.0,0.10390135435617547
16513,1.0,0.10390135435617547
16514,1.0,0.1088871096877502
16515,1.0,0.1970306217135787
16516,1.0,0.08513621794871795
16517,1.0,0.10390135435617547
16518,0.8440901,0.5926806575002584
16519,1.0,0.10390135435617547
16520,1.0,0.10390135435617547
16521,1.0,0.10394337714863498
16522,1.0,0.10390135435617547
16523,1.0,0.10390135435617547
16524,1.0,0.10390135435617547
16525,1.0,0.10441527446300716
16526,1.0,0.10394337714863498
16527,1.0,0.298454383805225
16528,1.0,0.10488390712570056
16529,1.0,0.10486291775065039
16530,0.84640765,0.3691906005221932
16531,1.0,0.33390980444326196
16532,1.0,0.1018462162710489
16533,1.0,0.16737967914438504
16534,1.0,0.11124283738391622
16535,1.0,0.10390135435617547
16536,1.0,0.10388035569927244
16537,1.0,0.3098145635459068
16538,1.0,0.10361543122601495
16539,1.0,0.10448963156835112
16540,1.0,0.10390135435617547
16541,1.0,0.10394337714863498
16542,1.0,0.10390135435617547
16543,1.0,0.13080827801639985
16544,1.0,0.10394337714863498
16545,1.0,0.10390135435617547
16546,1.0,0.3150167785234899
16547,1.0,0.10410349706893067
16548,1.0,0.10394337714863498
16549,0.8948143,0.502387448840382
16550,1.0,0.10987679256715815
16551,1.0,0.10390135435617547
16552,0.88693756,0.264685931352598
16553,1.0,0.10390135435617547
16554,1.0,0.10390135435617547
16555,1.0,0.10394337714863498
16556,1.0,0.3231108659680088
16557,1.0,0.10361543122601495
16558,1.0,0.10390135435617547
16559,1.0,0.14964610717896865
16560,1.0,0.10462532821652192
16561,1.0,0.10390135435617547
16562,1.0,0.22499687851167435
16563,1.0,0.10394337714863498
16564,1.0,0.1643631436314363
16565,1.0,0.10390135435617547
16566,1.0,0.11407129455909944
16567,1.0,0.10390135435617547
16568,1.0,0.11233922829581994
16569,1.0,0.12705082032813125
16570,1.0,0.10394337714863498
16571,1.0,0.27941176470588236
16572,1.0,0.10392236150424586
16573,1.0,0.10390135435617547
16574,1.0,0.10390135435617547
16575,1.0,0.10390135435617547
16576,1.0,0.10390135435617547
16577,1.0,0.10390135435617547
16578,1.0,0.10394337714863498
16579,1.0,0.10390135435617547
16580,1.0,0.10394337714863498
16581,1.0,0.1104772770488686
16582,1.0,0.10390135435617547
16583,1.0,0.10390135435617547
16584,1.0,0.10394337714863498
16585,1.0,0.10390135435617547
16586,1.0,0.10394337714863498
16587,1.0,0.10394337714863498
16588,1.0,0.10388035569927244
16589,0.9994842,0.288879235447437
16590,1.0,0.10390135435617547
16591,1.0,0.11491053677932406
16592,1.0,0.12223626026531902
16593,1.0,0.10394337714863498
16594,0.93975806,0.21080494095289806
16595,1.0,0.10390135435617547
16596,1.0,0.10390135435617547
16597,1.0,0.10390135435617547
16598,1.0,0.19052987598647125
16599,1.0,0.10390135435617547
16600,1.0,0.10390135435617547
16601,0.22401358,0.2332962700899626
16602,1.0,0.10595238095238095
16603,1.0,0.10753945061367622
16604,1.0,0.10390135435617547
16605,1.0,0.11074243052675238
16606,1.0,0.10394337714863498
16607,1.0,0.10394337714863498
16608,1.0,0.10686274509803921
16609,1.0,0.10369921164342026
16610,1.0,0.10715721753116204
16611,1.0,0.14018879293030728
16612,1.0,0.10390135435617547
16613,1.0,0.0958
16614,1.0,0.10390135435617547
16615,1.0,0.10390135435617547
16616,1.0,0.10440226171243942
16617,1.0,0.1269166820617033
16618,1.0,0.10390135435617547
16619,0.15796438,0.31111844275816564
16620,1.0,0.3373157659669495
16621,1.0,0.11911525974025974
16622,1.0,0.10390135435617547
16623,1.0,0.10390135435617547
16624,1.0,0.10390135435617547
16625,1.0,0.10390135435617547
16626,1.0,0.10390135435617547
16627,1.0,0.10394337714863498
16628,1.0,0.10390135435617547
16629,1.0,0.1279414328046017
16630,1.0,0.10519975908452119
16631,1.0,0.10394337714863498
16632,1.0,0.10390135435617547
16633,0.94282705,0.17594064652888183
16634,1.0,0.10390135435617547
16635,1.0,0.10394337714863498
16636,1.0,0.10390135435617547
16637,1.0,0.10551368504561681
16638,1.0,0.10507391130643227
16639,1.0,0.22062457874634914
16640,1.0,0.10390135435617547
16641,1.0,0.10390135435617547
16642,1.0,0.10390135435617547
16643,1.0,0.10390135435617547
16644,1.0,0.10410349706893067
16645,1.0,0.10394337714863498
16646,1.0,0.10401939002221773
16647,1.0,0.10390135435617547
16648,1.0,0.251411735821262
16649,1.0,0.10390135435617547
16650,1.0,0.10390135435617547
16651,1.0,0.2551569962402195
16652,0.6555717,0.09660068846815835
16653,1.0,0.19162200590615772
16654,1.0,0.10390135435617547
16655,1.0,0.10390135435617547
16656,1.0,0.10390135435617547
16657,1.0,0.17821919711070983
16658,1.0,0.16858135185679937
16659,1.0,0.10488390712570056
16660,1.0,0.32708089097303633
16661,1.0,0.10390135435617547
16662,1.0,0.10390135435617547
16663,1.0,0.08416474801739575
16664,1.0,0.10390135435617547
16665,1.0,0.10390135435617547
16666,1.0,0.09770708531295187
16667,1.0,0.1036573045059608
16668,1.0,0.10406142655081835
16669,0.99999666,0.14974312481112118
16670,1.0,0.08335142174951161
16671,1.0,0.10394337714863498
16672,1.0,0.10394337714863498
16673,1.0,0.10390135435617547
16674,1.0,0.10390135435617547
16675,1.0,0.14298964291235122
16676,0.7445129,0.09412061569518042
16677,1.0,0.10390135435617547
16678,1.0,0.11541353383458647
16679,1.0,0.10394337714863498
16680,1.0,0.10390135435617547
16681,1.0,0.10543067435846429
16682,1.0,0.03679876479670612
16683,1.0,0.10385936552838958
16684,1.0,0.10394337714863498
16685,1.0,0.10608764624231608
16686,1.0,0.10436698717948718
16687,1.0,0.10377548960226125
16688,1.0,0.10420438543552606
16689,0.99999994,0.16201604464597139
16690,1.0,0.10390135435617547
16691,0.99664205,0.08656103286384977
16692,1.0,0.10390135435617547
16693,1.0,0.2763877381938691
16694,1.0,0.17224409448818898
16695,1.0,0.1133800077790743
16696,1.0,0.10394337714863498
16697,1.0,0.10390135435617547
16698,1.0,0.10629286002420331
16699,1.0,0.10390135435617547
16700,1.0,0.10390135435617547
16701,0.7401092,0.37596457938013916
16702,1.0,0.10390135435617547
16703,1.0,0.10394337714863498
16704,1.0,0.10390135435617547
16705,1.0,0.10381741062411634
16706,1.0,0.10390135435617547
16707,1.0,0.10390135435617547
16708,1.0,0.10580411124546554
16709,1.0,0.10394337714863498
16710,1.0,0.10390135435617547
16711,1.0,0.10640822784810126
16712,1.0,0.10390135435617547
16713,1.0,0.10390135435617547
16714,1.0,0.10390135435617547
16715,1.0,0.324455205811138
16716,1.0,0.10372017792155278
16717,1.0,0.10390925663358315
16718,1.0,0.10374115267947422
16719,0.9730193,0.1570235828328695
16720,1.0,0.10393541876892028
16721,1.0,0.10390135435617547
16722,1.0,0.10390135435617547
16723,1.0,0.10390135435617547
16724,1.0,0.10336441021483583
16725,1.0,0.10426348757324712
16726,1.0,0.10349706893066504
16727,1.0,0.10390135435617547
16728,1.0,0.330463368816531
16729,1.0,0.3291363368089711
16730,1.0,0.1036573045059608
16731,1.0,0.056457564575645755
16732,0.9999823,0.17167677881963597
16733,0.4985493,0.35912951167728235
16734,0.9980827,0.1568010936431989
16735,1.0,0.10940272028385571
16736,1.0,0.10390135435617547
16737,1.0,0.10390135435617547
16738,1.0,0.10394337714863498
16739,1.0,0.10469096033823233
16740,1.0,0.10372017792155278
16741,1.0,0.10345524348353202
16742,1.0,0.10390135435617547
16743,1.0,0.10627631842791257
16744,1.0,0.10526315789473684
16745,1.0,0.10504032258064516
16746,1.0,0.10394337714863498
16747,1.0,0.10394337714863498
16748,1.0,0.11
16749,1.0,0.10390135435617547
16750,0.49140623,0.37470295960250594
16751,1.0,0.12197514715500327
16752,1.0,0.10390135435617547
16753,1.0,0.10394337714863498
16754,1.0,0.15671306690615178
16755,1.0,0.10394337714863498
16756,1.0,0.10390135435617547
16757,1.0,0.10394337714863498
16758,1.0,0.10499105189898589
16759,1.0,0.10390135435617547
16760,1.0,0.10390135435617547
16761,1.0,0.21709753231492362
16762,1.0,0.10433905146316852
16763,1.0,0.20897138437741686
16764,1.0,0.12380759082606048
16765,1.0,0.10561842366487989
16766,1.0,0.10390135435617547
16767,1.0,0.2503247136615893
16768,1.0,0.12510105092966856
16769,1.0,0.10394337714863498
16770,1.0,0.16737967914438504
16771,1.0,0.10390135435617547
16772,1.0,0.10390135435617547
16773,1.0,0.12883020145589977
16774,1.0,0.10390135435617547
16775,1.0,0.10389348396207383
16776,1.0,0.10377548960226125
16777,1.0,0.10374115267947422
16778,1.0,0.08114357788522178
16779,1.0,0.10394337714863498
16780,1.0,0.09412216673069534
16781,1.0,0.3174942922374429
16782,1.0,0.1267406659939455
16783,1.0,0.10390135435617547
16784,1.0,0.20812590332423317
16785,1.0,0.10804784107034258
16786,1.0,0.10390135435617547
16787,1.0,0.16886113750509027
16788,1.0,0.10390135435617547
16789,1.0,0.10550367574011524
16790,1.0,0.10367825383993533
16791,0.9999753,0.17259668508287293
16792,1.0,0.1374900079936051
16793,1.0,0.10390135435617547
16794,1.0,0.1590739357729649
16795,1.0,0.10478680611423974
16796,1.0,0.10390135435617547
16797,1.0,0.10390135435617547
16798,1.0,0.10389348396207383
16799,1.0,0.1041372351160444
16800,1.0,0.3054249340520702
16801,1.0,0.10390135435617547
16802,1.0,0.10478680611423974
16803,1.0,0.10390135435617547
16804,0.9981075,0.15081272084805653
16805,1.0,0.12044534412955465
16806,1.0,0.10456464910516791
16807,1.0,0.10390135435617547
16808,1.0,0.13175737584753527
16809,1.0,0.10390135435617547
16810,1.0,0.1003783663476519
16811,1.0,0.10654582074521651
16812,1.0,0.11474192350538433
16813,1.0,0.10390135435617547
16814,1.0,0.10390135435617547
16815,1.0,0.08161974058842139
16816,1.0,0.10369921164342026
16817,1.0,0.10613397901533494
16818,1.0,0.10390135435617547
16819,1.0,0.10394337714863498
16820,1.0,0.10478680611423974
16821,1.0,0.1070058550373511
16822,1.0,0.10390135435617547
16823,1.0,0.10390135435617547
16824,1.0,0.10617185949593173
16825,1.0,0.10390135435617547
16826,0.99999917,0.14156626506024098
16827,1.0,0.12184196380576957
16828,1.0,0.10177514792899409
16829,1.0,0.1036573045059608
16830,1.0,0.10530514559234144
16831,1.0,0.10390135435617547
16832,1.0,0.10394337714863498
16833,1.0,0.1037697608431293
16834,1.0,0.10390135435617547
16835,0.9619587,0.1613372093023256
16836,1.0,0.10394337714863498
16837,1.0,0.10442974543996793
16838,1.0,0.10464646464646464
16839,1.0,0.10394337714863498
16840,1.0,0.09706591639871383
16841,1.0,0.10390135435617547
16842,0.7286385,0.4437206322084579
16843,0.9876247,0.14700881125367135
16844,1.0,0.10390135435617547
16845,1.0,0.10390135435617547
16846,1.0,0.10390135435617547
16847,1.0,0.10349706893066504
16848,1.0,0.10394337714863498
16849,1.0,0.12329090051862329
16850,1.0,0.10507391130643227
16851,1.0,0.10390135435617547
16852,1.0,0.10390135435617547
16853,1.0,0.10440226171243942
16854,1.0,0.10399032648125756
16855,1.0,0.10390135435617547
16856,1.0,0.1036573045059608
16857,1.0,0.10390135435617547
16858,1.0,0.10390135435617547
16859,1.0,0.10390135435617547
16860,1.0,0.10394337714863498
16861,1.0,0.10758136815435587
16862,1.0,0.10390135435617547
16863,1.0,0.10602171767028627
16864,1.0,0.1075875486381323
16865,1.0,0.10394337714863498
16866,1.0,0.10390135435617547
16867,1.0,0.10230956239870341
16868,1.0,0.10390135435617547
16869,1.0,0.10390135435617547
16870,1.0,0.10394337714863498
16871,1.0,0.10390135435617547
16872,1.0,0.10390135435617547
16873,1.0,0.10391959798994975
16874,1.0,0.10390135435617547
16875,1.0,0.10394337714863498
16876,0.74185103,0.08972237543666114
16877,1.0,0.24353256021409456
16878,1.0,0.10390135435617547
16879,1.0,0.1479446864936541
16880,1.0,0.09620535714285715
16881,1.0,0.10390135435617547
16882,1.0,0.10390135435617547
16883,1.0,0.10390135435617547
16884,1.0,0.10390135435617547
16885,1.0,0.10374115267947422
16886,1.0,0.10394337714863498
16887,1.0,0.12582648767782006
16888,1.0,0.10390135435617547
16889,1.0,0.10390135435617547
16890,1.0,0.1092335546167773
16891,1.0,0.10541026152924736
16892,1.0,0.10091370558375634
16893,1.0,0.10390135435617547
16894,0.6806402,0.31229792839180937
16895,1.0,0.10390135435617547
16896,1.0,0.10391444713478612
16897,1.0,0.10394337714863498
16898,1.0,0.10390135435617547
16899,1.0,0.10543067435846429
16900,1.0,0.10394337714863498
16901,1.0,0.10390135435617547
16902,1.0,0.10394337714863498
16903,1.0,0.10390135435617547
16904,1.0,0.10390135435617547
16905,1.0,0.10390135435617547
16906,1.0,0.10390135435617547
16907,1.0,0.10390135435617547
16908,1.0,0.10390135435617547
16909,1.0,0.18920495988329686
16910,1.0,0.3182475718123579
16911,1.0,0.10673394139336309
16912,1.0,0.10148209139563606
16913,0.3936945,0.14671693371033617
16914,1.0,0.10390135435617547
16915,0.42171234,0.20266836086404066
16916,0.8070052,0.7054953952029147
16917,1.0,0.2224830824471758
16918,1.0,0.10369174904175912
16919,1.0,0.10390135435617547
16920,1.0,0.13290374546919048
16921,1.0,0.10390135435617547
16922,1.0,0.3539235627877101
16923,1.0,0.10390135435617547
16924,1.0,0.10394337714863498
16925,1.0,0.1739068508759436
16926,1.0,0.10390135435617547
16927,1.0,0.15187186414511772
16928,1.0,0.10758620689655173
16929,1.0,0.10369921164342026
16930,1.0,0.10390135435617547
16931,1.0,0.13862668887655005
16932,1.0,0.08060344827586206
16933,1.0,0.10466300142537162
16934,1.0,0.10385936552838958
16935,1.0,0.10390135435617547
16936,1.0,0.10390135435617547
16937,1.0,0.10390135435617547
16938,1.0,0.10950173812282735
16939,1.0,0.10440226171243942
16940,1.0,0.10405323653962492
16941,1.0,0.10385936552838958
16942,1.0,0.10390135435617547
16943,1.0,0.10390135435617547
16944,1.0,0.15965766563376124
16945,1.0,0.10417928528164748
16946,1.0,0.10394337714863498
16947,1.0,0.10390135435617547
16948,1.0,0.10394337714863498
16949,1.0,0.10390135435617547
16950,1.0,0.1039983844911147
16951,1.0,0.10423387096774193
16952,1.0,0.10369318181818182
16953,0.83930653,0.5966879781993502
16954,1.0,0.10390135435617547
16955,1.0,0.10390135435617547
16956,1.0,0.1036573045059608
16957,1.0,0.10394337714863498
16958,1.0,0.1197398622800306
16959,1.0,0.10390135435617547
16960,1.0,0.10394337714863498
16961,0.8871025,0.4599098626978304
16962,1.0,0.10394337714863498
16963,1.0,0.10390135435617547
16964,1.0,0.10390135435617547
16965,1.0,0.10390135435617547
16966,1.0,0.10530514559234144
16967,0.9999999,0.08100113765642776
16968,0.9999989,0.13088057901085645
16969,1.0,0.10394337714863498
16970,1.0,0.10369921164342026
16971,1.0,0.10390135435617547
16972,1.0,0.10394337714863498
16973,1.0,0.10390135435617547
16974,1.0,0.10394337714863498
16975,1.0,0.1041372351160444
16976,1.0,0.10394337714863498
16977,1.0,0.10390135435617547
16978,1.0,0.10704960835509138
16979,1.0,0.1151603498542274
16980,0.99999756,0.15884652981427175
16981,1.0,0.10394337714863498
16982,0.99987984,0.14759825327510917
16983,1.0,0.10390135435617547
16984,1.0,0.10394337714863498
16985,1.0,0.09872217642209398
16986,1.0,0.1034412955465587
16987,1.0,0.10390135435617547
16988,1.0,0.12105451936872309
16989,1.0,0.10390135435617547
16990,1.0,0.10369921164342026
16991,1.0,0.10369921164342026
16992,1.0,0.10394337714863498
16993,1.0,0.10390135435617547
16994,1.0,0.10390135435617547
16995,1.0,0.10390135435617547
16996,1.0,0.10394337714863498
16997,1.0,0.10390135435617547
16998,1.0,0.10395639886960033
16999,1.0,0.10390135435617547
17000,1.0,0.13324360699865412
17001,1.0,0.10394337714863498
17002,1.0,0.10390135435617547
17003,1.0,0.1217006200177148
17004,1.0,0.10379644588045234
17005,1.0,0.1398264223722276
17006,1.0,0.12404925751539297
17007,1.0,0.10605755685248541
17008,1.0,0.10390135435617547
17009,0.9999944,0.18482576091751213
17010,1.0,0.10428455941794665
17011,1.0,0.10390135435617547
17012,1.0,0.10991800078094495
17013,1.0,0.10390135435617547
17014,1.0,0.10390135435617547
17015,1.0,0.1043811831213406
17016,1.0,0.10390135435617547
17017,1.0,0.12148382559774965
17018,1.0,0.10390135435617547
17019,1.0,0.10640822784810126
17020,1.0,0.10390135435617547
17021,1.0,0.10390135435617547
17022,1.0,0.10381741062411634
17023,1.0,0.10390135435617547
17024,1.0,0.104317998385795
17025,1.0,0.17117804041174228
17026,1.0,0.10390135435617547
17027,1.0,0.097361423604009
17028,1.0,0.10394337714863498
17029,1.0,0.10390135435617547
17030,1.0,0.10390135435617547
17031,1.0,0.10598428369937538
17032,1.0,0.10390135435617547
17033,1.0,0.10390135435617547
17034,1.0,0.10394337714863498
17035,1.0,0.10390135435617547
17036,1.0,0.10394337714863498
17037,1.0,0.10929177352535016
17038,1.0,0.10390135435617547
17039,1.0,0.10390135435617547
17040,1.0,0.10457384646383236
17041,1.0,0.10383838383838384
17042,1.0,0.1045135406218656
17043,1.0,0.10552268244575937
17044,1.0,0.10390135435617547
17045,1.0,0.10390135435617547
17046,1.0,0.12105451936872309
17047,1.0,0.05960111317254174
17048,1.0,0.12574430823117339
17049,1.0,0.10390135435617547
17050,1.0,0.10390135435617547
17051,1.0,0.10390135435617547
17052,1.0,0.19833960306135687
17053,1.0,0.2047740081776992
17054,1.0,0.10390135435617547
17055,1.0,0.1037697608431293
17056,1.0,0.10390135435617547
17057,1.0,0.10390135435617547
17058,1.0,0.31538565082783687
17059,1.0,0.10394337714863498
17060,1.0,0.10390135435617547
17061,1.0,0.10390135435617547
17062,1.0,0.10390135435617547
17063,1.0,0.10131712259371833
17064,1.0,0.18355271102523849
17065,1.0,0.10375454178441663
17066,1.0,0.10394337714863498
17067,1.0,0.10390135435617547
17068,1.0,0.10554561717352415
17069,1.0,0.10390135435617547
17070,1.0,0.29631920816579027
17071,1.0,0.31595963554423434
17072,1.0,0.11395743077792428
17073,1.0,0.28615384615384615
17074,1.0,0.10390135435617547
17075,1.0,0.10010427528675704
17076,1.0,0.1977979524821325
17077,1.0,0.29155073949333726
17078,1.0,0.10390135435617547
17079,0.48564887,0.17901525876986
17080,0.9288012,0.15859449192782527
17081,1.0,0.10390135435617547
17082,1.0,0.27026243294185875
17083,1.0,0.10394337714863498
17084,1.0,0.10349706893066504
17085,1.0,0.10390135435617547
17086,1.0,0.10394337714863498
17087,1.0,0.2579203899268887
17088,1.0,0.10394337714863498
17089,1.0,0.10390135435617547
17090,1.0,0.10394337714863498
17091,1.0,0.10463468933414288
17092,1.0,0.2928530588907947
17093,1.0,0.34667709147771697
17094,1.0,0.10394337714863498
17095,1.0,0.10390135435617547
17096,1.0,0.10390135435617547
17097,1.0,0.11156383391540552
17098,1.0,0.10390135435617547
17099,1.0,0.10390135435617547
17100,1.0,0.0840064620355412
17101,1.0,0.10390135435617547
17102,1.0,0.13343799058084774
17103,0.99999934,0.16141323172843783
17104,1.0,0.11423974255832663
17105,1.0,0.10390135435617547
17106,1.0,0.10134387351778656
17107,1.0,0.14379423442085276
17108,1.0,0.12472339569503119
17109,1.0,0.10394337714863498
17110,1.0,0.10753729897306724
17111,1.0,0.057523675903191865
17112,1.0,0.10390135435617547
17113,1.0,0.10194174757281553
17114,1.0,0.10390135435617547
17115,1.0,0.10390135435617547
17116,1.0,0.10383838383838384
17117,0.99999446,0.14855739717618172
17118,1.0,0.08754623921085081
17119,1.0,0.10390135435617547
17120,1.0,0.10390135435617547
17121,1.0,0.10390135435617547
17122,1.0,0.16100783530496235
17123,1.0,0.10390135435617547
17124,1.0,0.10388035569927244
17125,1.0,0.10390135435617547
17126,1.0,0.2425330085886425
17127,1.0,0.11189747513389442
17128,1.0,0.10390135435617547
17129,1.0,0.10390135435617547
17130,0.997362,0.1485884101040119
17131,0.76649827,0.5119254785546116
17132,1.0,0.10390135435617547
17133,1.0,0.10390135435617547
17134,1.0,0.10392236150424586
17135,1.0,0.10390135435617547
17136,1.0,0.10390135435617547
17137,0.99463123,0.0430241233523999
17138,1.0,0.10394337714863498
17139,1.0,0.10394337714863498
17140,1.0,0.10394337714863498
17141,1.0,0.10390135435617547
17142,1.0,0.11504601840736295
17143,0.9987342,0.1483459427384661
17144,1.0,0.10390135435617547
17145,1.0,0.09654580562111136
17146,1.0,0.10390135435617547
17147,1.0,0.10390135435617547
17148,0.99992293,0.11312007417709782
17149,1.0,0.10390135435617547
17150,1.0,0.10390135435617547
17151,1.0,0.1055888609553278
17152,0.99999905,0.15070447654717317
17153,1.0,0.10390135435617547
17154,1.0,0.10379644588045234
17155,1.0,0.10390135435617547
17156,1.0,0.10394337714863498
17157,1.0,0.10390135435617547
17158,1.0,0.10390135435617547
17159,1.0,0.10390135435617547
17160,1.0,0.10508269463493344
17161,1.0,0.10390135435617547
17162,1.0,0.10390135435617547
17163,1.0,0.11174785100286533
17164,1.0,0.10394337714863498
17165,1.0,0.10401939002221773
17166,1.0,0.10564516129032259
17167,1.0,0.10394337714863498
17168,0.3721062,0.2528007793472966
17169,1.0,0.10422136942031912
17170,0.73891604,0.273134519390759
17171,1.0,0.30854214123006835
17172,1.0,0.10394337714863498
17173,1.0,0.10388035569927244
17174,1.0,0.10390135435617547
17175,1.0,0.10390135435617547
17176,1.0,0.07998725302740599
17177,1.0,0.10518934081346423
17178,1.0,0.1048158640226629
17179,1.0,0.10390135435617547
17180,1.0,0.10390135435617547
17181,1.0,0.15141712877387553
17182,1.0,0.10394337714863498
17183,0.89666605,0.42642271859916936
17184,1.0,0.1273912129493378
17185,0.9999992,0.18633437861033172
17186,1.0,0.1044144325740778
17187,1.0,0.10390135435617547
17188,1.0,0.08679101636848116
17189,1.0,0.10390135435617547
17190,1.0,0.05926786751888437
17191,1.0,0.17828685258964144
17192,1.0,0.10390135435617547
17193,1.0,0.10689170182841069
17194,1.0,0.05792466240227434
17195,1.0,0.2707641196013289
17196,1.0,0.10394337714863498
17197,1.0,0.27403846153846156
17198,1.0,0.15200268141444612
17199,1.0,0.10394337714863498
17200,1.0,0.10390135435617547
17201,1.0,0.090263916611222
17202,1.0,0.23818059601165137
17203,1.0,0.09935831090871455
17204,1.0,0.10394337714863498
17205,0.3409184,0.26804950721980286
17206,1.0,0.10390135435617547
17207,1.0,0.10390135435617547
17208,1.0,0.12015118360851403
17209,1.0,0.10394337714863498
17210,1.0,0.10390135435617547
17211,1.0,0.10362274843149161
17212,1.0,0.10390135435617547
17213,1.0,0.14354644149577805
17214,1.0,0.10394337714863498
17215,1.0,0.10390135435617547
17216,1.0,0.10390135435617547
17217,1.0,0.10394337714863498
17218,1.0,0.10390135435617547
17219,1.0,0.14804021564913303
17220,1.0,0.10537848605577689
17221,1.0,0.19282511210762332
17222,1.0,0.10390135435617547
17223,1.0,0.10927419354838709
17224,0.99999994,0.10201178622231254
17225,1.0,0.10390135435617547
17226,1.0,0.10390135435617547
17227,1.0,0.1046815350612819
17228,1.0,0.10390135435617547
17229,1.0,0.10614300100704935
17230,1.0,0.12909992372234935
17231,1.0,0.10394337714863498
17232,1.0,0.10390135435617547
17233,1.0,0.10394337714863498
17234,1.0,0.10390135435617547
17235,1.0,0.1433942915740899
17236,1.0,0.10390135435617547
17237,1.0,0.10390135435617547
17238,1.0,0.10394337714863498
17239,1.0,0.10390135435617547
17240,1.0,0.10394337714863498
17241,1.0,0.10390135435617547
17242,1.0,0.10522120366679952
17243,0.1733364,0.3698173883082577
17244,1.0,0.10390135435617547
17245,1.0,0.10394337714863498
17246,1.0,0.17732709308372335
17247,1.0,0.10390135435617547
17248,1.0,0.10392236150424586
17249,1.0,0.17596834652228238
17250,1.0,0.10394337714863498
17251,1.0,0.10390135435617547
17252,1.0,0.10390135435617547
17253,1.0,0.10390135435617547
17254,1.0,0.10390135435617547
17255,1.0,0.10390135435617547
17256,1.0,0.2821254292427255
17257,1.0,0.10390135435617547
17258,1.0,0.10390135435617547
17259,1.0,0.10390135435617547
17260,1.0,0.10390135435617547
17261,1.0,0.10390135435617547
17262,1.0,0.10301662220398113
17263,1.0,0.18663328197226503
17264,1.0,0.11193042162979769
17265,0.17900914,0.10491071428571429
17266,1.0,0.10394337714863498
17267,1.0,0.10390135435617547
17268,1.0,0.10394337714863498
17269,1.0,0.10390135435617547
17270,1.0,0.10390135435617547
17271,1.0,0.10390135435617547
17272,1.0,0.19461771520228124
17273,0.3644384,0.5284355393645012
17274,1.0,0.1084850833010461
17275,1.0,0.10390135435617547
17276,1.0,0.10379644588045234
17277,1.0,0.10394337714863498
17278,1.0,0.10390135435617547
17279,1.0,0.11217889484383663
17280,1.0,0.10390135435617547
17281,1.0,0.10390135435617547
17282,1.0,0.19788067265607004
17283,1.0,0.10390135435617547
17284,1.0,0.3035019455252918
17285,1.0,0.10394337714863498
17286,0.9999998,0.17739003998545982
17287,1.0,0.10408619638137832
17288,1.0,0.1298352435530086
17289,1.0,0.10390135435617547
17290,0.99999994,0.10543324580892749
17291,1.0,0.057523675903191865
17292,1.0,0.34448160535117056
17293,1.0,0.09963325183374083
17294,1.0,0.10394337714863498
17295,1.0,0.2222375690607735
17296,1.0,0.10394337714863498
17297,1.0,0.10395639886960033
17298,1.0,0.13750688452359097
17299,1.0,0.10394337714863498
17300,1.0,0.11117836965294592
17301,1.0,0.11437776882803061
17302,1.0,0.10390135435617547
17303,1.0,0.17328150572831424
17304,1.0,0.10394337714863498
17305,1.0,0.10390135435617547
17306,1.0,0.11968880909634949
17307,1.0,0.31721194879089615
17308,1.0,0.27641357027463653
17309,1.0,0.10390135435617547
17310,1.0,0.10390135435617547
17311,1.0,0.10390135435617547
17312,1.0,0.10374115267947422
17313,1.0,0.10767996791658312
17314,1.0,0.2566758173196905
17315,1.0,0.10390135435617547
17316,1.0,0.1157684630738523
17317,1.0,0.10390135435617547
17318,1.0,0.10390135435617547
17319,1.0,0.10390135435617547
17320,1.0,0.32374722290792396
17321,1.0,0.10390135435617547
17322,1.0,0.10048919690175295
17323,1.0,0.10390135435617547
17324,1.0,0.10390135435617547
17325,0.99996984,0.15220293724966621
17326,1.0,0.10390135435617547
17327,1.0,0.3089349376114082
17328,1.0,0.1153921761352467
17329,0.6622163,0.3343772584919297
17330,1.0,0.10390135435617547
17331,1.0,0.10390135435617547
17332,1.0,0.18279438682123245
17333,1.0,0.019478737997256516
17334,1.0,0.10369921164342026
17335,1.0,0.10390135435617547
17336,1.0,0.10390135435617547
17337,1.0,0.10390135435617547
17338,1.0,0.10390135435617547
17339,1.0,0.10868281157708211
17340,1.0,0.11202290076335877
17341,1.0,0.10394337714863498
17342,1.0,0.23430098384549983
17343,1.0,0.10369921164342026
17344,1.0,0.09598167811784301
17345,1.0,0.10390135435617547
17346,1.0,0.2638046116504854
17347,1.0,0.1060965954077593
17348,1.0,0.10504032258064516
17349,1.0,0.10417511147142278
17350,1.0,0.1996742671009772
17351,1.0,0.11086474501108648
17352,1.0,0.258703481392557
17353,1.0,0.10390135435617547
17354,1.0,0.10390135435617547
17355,1.0,0.10390135435617547
17356,1.0,0.10390135435617547
17357,1.0,0.10390135435617547
17358,1.0,0.11871813546977422
17359,1.0,0.10390135435617547
17360,1.0,0.11611750694720127
17361,1.0,0.10692682926829268
17362,1.0,0.10390135435617547
17363,1.0,0.31755542240862794
17364,1.0,0.10394337714863498
17365,1.0,0.10286405808793868
17366,1.0,0.10956452575064625
17367,1.0,0.10390135435617547
17368,1.0,0.1045500505561173
17369,1.0,0.10351799433885968
17370,1.0,0.10563939634630659
17371,1.0,0.10390135435617547
17372,0.9926813,0.09648273636656986
17373,1.0,0.10390135435617547
17374,1.0,0.13238111827207805
17375,1.0,0.10446554859567589
17376,1.0,0.10375454178441663
17377,1.0,0.10394337714863498
17378,1.0,0.10394337714863498
17379,1.0,0.10390135435617547
17380,1.0,0.10390135435617547
17381,0.9998111,0.1067467652495379
17382,1.0,0.10390135435617547
17383,0.19026665,0.04416635995583364
17384,1.0,0.10390135435617547
17385,1.0,0.10394337714863498
17386,0.55211407,0.1041750301083902
17387,1.0,0.10639581657280772
17388,1.0,0.07752506725360724
17389,1.0,0.3150584026097022
17390,0.9144318,0.4700219351693882
17391,1.0,0.10394337714863498
17392,1.0,0.20231942518593218
17393,1.0,0.2569925228468568
17394,1.0,0.10383838383838384
17395,1.0,0.10390135435617547
17396,1.0,0.10394337714863498
17397,0.9521465,0.3692690439521384
17398,1.0,0.10390135435617547
17399,1.0,0.15218508997429306
17400,0.9999999,0.18992248062015504
17401,1.0,0.10390135435617547
17402,1.0,0.24305631792732463
17403,0.9999907,0.1772015955814667
17404,1.0,0.10390135435617547
17405,0.99999994,0.10364372469635627
17406,1.0,0.10390135435617547
17407,1.0,0.10390135435617547
17408,1.0,0.10394337714863498
17409,1.0,0.10394337714863498
17410,1.0,0.056457564575645755
17411,1.0,0.10394337714863498
17412,1.0,0.33343437405274323
17413,1.0,0.10390135435617547
17414,1.0,0.10394337714863498
17415,1.0,0.10390135435617547
17416,1.0,0.3136332179930796
17417,1.0,0.10394337714863498
17418,1.0,0.10394337714863498
17419,1.0,0.10390135435617547
17420,0.8396247,0.06314187904146062
17421,1.0,0.10381741062411634
17422,1.0,0.10390135435617547
17423,1.0,0.10390135435617547
17424,1.0,0.2958358298382265
17425,1.0,0.23859277873297183
17426,0.99946404,0.1567101972770214
17427,1.0,0.10390135435617547
17428,1.0,0.10390135435617547
17429,1.0,0.10394337714863498
17430,0.7692891,0.32950239959585753
17431,1.0,0.07822410147991543
17432,1.0,0.10394337714863498
17433,1.0,0.14185574617229293
17434,1.0,0.10752471252773856
17435,1.0,0.1033434650455927
17436,1.0,0.13627254509018036
17437,1.0,0.10390135435617547
17438,1.0,0.10369921164342026
17439,1.0,0.08921074727120067
17440,1.0,0.10390135435617547
17441,1.0,0.10394337714863498
17442,1.0,0.12186607426213901
17443,1.0,0.11202290076335877
17444,1.0,0.2872935039125574
17445,1.0,0.10390135435617547
17446,1.0,0.10396440129449838
17447,1.0,0.10390135435617547
17448,1.0,0.10390135435617547
17449,1.0,0.10390135435617547
17450,1.0,0.15302013422818792
17451,1.0,0.10390135435617547
17452,1.0,0.10390135435617547
17453,1.0,0.10390135435617547
17454,1.0,0.2197382769901854
17455,1.0,0.12491141034727143
17456,1.0,0.10408619638137832
17457,1.0,0.10380971578310824
17458,1.0,0.11153552330022919
17459,1.0,0.10390135435617547
17460,1.0,0.10390135435617547
17461,1.0,0.10390135435617547
17462,1.0,0.10390135435617547
17463,1.0,0.10390135435617547
17464,1.0,0.32151755379388447
17465,1.0,0.10390135435617547
17466,0.9992255,0.149568271623006
17467,1.0,0.18512366186784793
17468,1.0,0.322844968862668
17469,1.0,0.19335548172757475
17470,1.0,0.10388035569927244
17471,1.0,0.10394337714863498
17472,1.0,0.10390135435617547
17473,1.0,0.10390135435617547
17474,1.0,0.10369921164342026
17475,1.0,0.10394337714863498
17476,1.0,0.10390135435617547
17477,1.0,0.05020181634712412
17478,1.0,0.3322182730503868
17479,0.9998489,0.16518016410988226
17480,1.0,0.24036115178135675
17481,1.0,0.10390135435617547
17482,1.0,0.10390135435617547
17483,1.0,0.10390135435617547
17484,0.9024641,0.19693396226415094
17485,1.0,0.10615627466456196
17486,1.0,0.10366470945535533
17487,1.0,0.10390135435617547
17488,1.0,0.10741206030150753
17489,1.0,0.10390135435617547
17490,1.0,0.10390135435617547
17491,1.0,0.10390135435617547
17492,1.0,0.10390135435617547
17493,1.0,0.10394337714863498
17494,1.0,0.10379644588045234
17495,1.0,0.11594202898550725
17496,1.0,0.10390135435617547
17497,1.0,0.05404227500544781
17498,1.0,0.10390135435617547
17499,1.0,0.10390135435617547
17500,0.820311,0.2906617192331478
17501,1.0,0.12579169598874032
17502,1.0,0.10414987912973409
17503,1.0,0.10394337714863498
17504,1.0,0.10390135435617547
17505,1.0,0.10394337714863498
17506,1.0,0.10305729904839037
17507,1.0,0.10507391130643227
17508,1.0,0.18996776792908945
17509,1.0,0.10390135435617547
17510,1.0,0.15167984189723321
17511,1.0,0.10390135435617547
17512,1.0,0.10377548960226125
17513,1.0,0.10180125480671928
17514,1.0,0.26227436823104694
17515,1.0,0.10390135435617547
17516,1.0,0.10390135435617547
17517,1.0,0.10390135435617547
17518,1.0,0.10390135435617547
17519,1.0,0.2095679012345679
17520,1.0,0.10390135435617547
17521,1.0,0.10390135435617547
17522,1.0,0.2627947688188652
17523,1.0,0.12699044585987262
17524,1.0,0.10522120366679952
17525,0.3565283,0.15017145559891215
17526,1.0,0.08060801473975127
17527,1.0,0.09423750397962433
17528,1.0,0.08930844293593551
17529,1.0,0.10390135435617547
17530,1.0,0.10394337714863498
17531,1.0,0.10432672866963202
17532,1.0,0.2735174811666989
17533,1.0,0.1044144325740778
17534,1.0,0.10394337714863498
17535,0.92990416,0.12268297343779859
17536,1.0,0.10379644588045234
17537,1.0,0.10790364324109099
17538,1.0,0.10390135435617547
17539,1.0,0.10394337714863498
17540,1.0,0.01983602221634488
17541,1.0,0.10390135435617547
17542,1.0,0.10390135435617547
17543,1.0,0.10390135435617547
17544,1.0,0.32719723183391003
17545,1.0,0.10394337714863498
17546,1.0,0.13041314086610253
17547,1.0,0.10390135435617547
17548,1.0,0.11631205673758865
17549,1.0,0.10618577473302437
17550,1.0,0.312296858071506
17551,1.0,0.10394337714863498
17552,1.0,0.27530562347188264
17553,1.0,0.10775162337662338
17554,1.0,0.10394337714863498
17555,1.0,0.10349706893066504
17556,1.0,0.10527363184079602
17557,1.0,0.10390135435617547
17558,1.0,0.10734463276836158
17559,1.0,0.10390135435617547
17560,1.0,0.10390135435617547
17561,1.0,0.10390135435617547
17562,1.0,0.32362086836346887
17563,1.0,0.10394337714863498
17564,1.0,0.10422136942031912
17565,1.0,0.10390135435617547
17566,1.0,0.10394337714863498
17567,0.9999998,0.16072092159048681
17568,1.0,0.1767362192463407
17569,1.0,0.20100058858151854
17570,1.0,0.30360999691453255
17571,1.0,0.10390135435617547
17572,1.0,0.10360814351945172
17573,1.0,0.10390135435617547
17574,1.0,0.11185410334346504
17575,1.0,0.10554561717352415
17576,0.9999969,0.18410114305507447
17577,1.0,0.10394337714863498
17578,1.0,0.10394337714863498
17579,1.0,0.10390135435617547
17580,1.0,0.10394337714863498
17581,1.0,0.10390135435617547
17582,0.24586198,0.32584930057599626
17583,1.0,0.10390135435617547
17584,1.0,0.10390135435617547
17585,1.0,0.10390135435617547
17586,1.0,0.1621656050955414
17587,1.0,0.10390135435617547
17588,1.0,0.22181712119002478
17589,1.0,0.1036573045059608
17590,1.0,0.10394337714863498
17591,1.0,0.20376301040832667
17592,1.0,0.10390135435617547
17593,1.0,0.1368566018247547
17594,1.0,0.1171960569550931
17595,1.0,0.10390135435617547
17596,1.0,0.11868787276341948
17597,0.931012,0.20170493606489756
17598,1.0,0.1051792828685259
17599,1.0,0.10394337714863498
17600,1.0,0.25874580309758477
17601,0.9989501,0.19961213464468763
17602,1.0,0.10394337714863498
17603,1.0,0.10390135435617547
17604,1.0,0.1482078131292791
17605,1.0,0.10394337714863498
17606,1.0,0.10390135435617547
17607,1.0,0.23514094871504584
17608,0.99304485,0.21591142095550545
17609,1.0,0.10414129110840438
17610,1.0,0.10377548960226125
17611,1.0,0.17263230005137867
17612,1.0,0.31212484993997597
17613,1.0,0.10608455156064797
17614,1.0,0.10610868702895676
17615,1.0,0.10390135435617547
17616,1.0,0.1036573045059608
17617,1.0,0.10390135435617547
17618,1.0,0.11234817813765183
17619,1.0,0.10451977401129943
17620,0.9999845,0.13975297346752058
17621,1.0,0.2164750957854406
17622,1.0,0.12334880399857194
17623,1.0,0.10394337714863498
17624,1.0,0.10224489795918368
17625,1.0,0.09395973154362416
17626,1.0,0.12187276626161545
17627,1.0,0.1179167430772052
17628,1.0,0.10130638402760661
17629,1.0,0.10394337714863498
17630,1.0,0.10394337714863498
17631,1.0,0.11149162861491628
17632,1.0,0.10390135435617547
17633,1.0,0.21091529277998863
17634,1.0,0.10390135435617547
17635,1.0,0.1066853482786229
17636,1.0,0.1045289122523251
17637,1.0,0.10390135435617547
17638,1.0,0.3482506102522376
17639,1.0,0.10390135435617547
17640,1.0,0.10390135435617547
17641,1.0,0.10394337714863498
17642,1.0,0.10390135435617547
17643,1.0,0.10390135435617547
17644,1.0,0.10394337714863498
17645,1.0,0.33778785347810525
17646,1.0,0.19622714896927265
17647,1.0,0.16279954355268164
17648,1.0,0.3166051660516605
17649,1.0,0.10394337714863498
17650,1.0,0.10373360242179616
17651,1.0,0.10390135435617547
17652,1.0,0.1533041325461817
17653,1.0,0.10390135435617547
17654,1.0,0.3032091479158982
17655,0.23060025,0.20003718163227366
17656,1.0,0.10858178887993554
17657,1.0,0.06732919254658386
17658,1.0,0.10390135435617547
17659,1.0,0.10390135435617547
17660,1.0,0.10488390712570056
17661,1.0,0.10390135435617547
17662,1.0,0.10390135435617547
17663,1.0,0.12288477034649477
17664,1.0,0.10390135435617547
17665,1.0,0.10524193548387097
17666,1.0,0.10390135435617547
17667,1.0,0.10390135435617547
17668,1.0,0.10390135435617547
17669,1.0,0.10467439073112265
17670,1.0,0.10394337714863498
17671,1.0,0.10394337714863498
17672,1.0,0.10390135435617547
17673,1.0,0.28552923760177645
17674,1.0,0.09480812641083522
17675,0.7989808,0.20626363753048388
17676,1.0,0.10394337714863498
17677,1.0,0.10446554859567589
17678,0.19536303,0.22682268226822683
17679,1.0,0.17093425605536333
17680,1.0,0.10377548960226125
17681,1.0,0.10394337714863498
17682,1.0,0.10443548387096774
17683,1.0,0.10394337714863498
17684,1.0,0.10390135435617547
17685,0.30237654,0.4499437570303712
17686,1.0,0.10394337714863498
17687,1.0,0.10374115267947422
17688,1.0,0.10390135435617547
17689,1.0,0.2582131167414232
17690,1.0,0.10390135435617547
17691,1.0,0.11817188638018937
17692,1.0,0.10869979059584998
17693,1.0,0.10390135435617547
17694,1.0,0.1033158107561666
17695,1.0,0.10390135435617547
17696,1.0,0.12066996574038828
17697,1.0,0.10658875680032238
17698,1.0,0.10390135435617547
17699,1.0,0.10390135435617547
17700,1.0,0.18748119169425218
17701,1.0,0.10394337714863498
17702,1.0,0.10381741062411634
17703,1.0,0.10390135435617547
17704,1.0,0.1078074433656958
17705,1.0,0.1362776025236593
17706,1.0,0.10317936412717456
17707,1.0,0.10390135435617547
17708,1.0,0.10369921164342026
17709,1.0,0.10883944678292243
17710,1.0,0.12092941383559233
17711,1.0,0.10390135435617547
17712,1.0,0.10560990217608306
17713,1.0,0.10390135435617547
17714,1.0,0.3321549966009517
17715,1.0,0.10557125555106985
17716,1.0,0.10390135435617547
17717,1.0,0.19861218195836547
17718,1.0,0.10390135435617547
17719,1.0,0.10390135435617547
17720,1.0,0.10394337714863498
17721,1.0,0.10390135435617547
17722,1.0,0.10390135435617547
17723,1.0,0.10401939002221773
17724,1.0,0.10390135435617547
17725,1.0,0.10390135435617547
17726,1.0,0.18108338060124787
17727,1.0,0.10390135435617547
17728,1.0,0.10458567980691874
17729,1.0,0.23863341127565602
17730,1.0,0.10394337714863498
17731,1.0,0.10390135435617547
17732,1.0,0.10390135435617547
17733,1.0,0.10394337714863498
17734,0.47539064,0.29343549389107476
17735,1.0,0.11386039026352847
17736,1.0,0.10355987055016182
17737,1.0,0.1703830760434534
17738,1.0,0.10388035569927244
17739,1.0,0.10745571345143079
17740,1.0,0.10390135435617547
17741,1.0,0.10394337714863498
17742,0.9999654,0.14386082301773168
17743,1.0,0.22922588195953855
17744,1.0,0.10394337714863498
17745,1.0,0.29197177473039543
17746,1.0,0.3282505105513955
17747,1.0,0.10394337714863498
17748,1.0,0.10394337714863498
17749,1.0,0.11325301204819277
17750,1.0,0.10390135435617547
17751,1.0,0.10286062081558126
17752,1.0,0.10390135435617547
17753,1.0,0.10394337714863498
17754,1.0,0.10390135435617547
17755,1.0,0.10408245755860954
17756,1.0,0.1036573045059608
17757,1.0,0.1171960569550931
17758,1.0,0.10295307443365696
17759,1.0,0.10390135435617547
17760,1.0,0.17835130970724192
17761,1.0,0.10390135435617547
17762,1.0,0.10390135435617547
17763,1.0,0.10390135435617547
17764,1.0,0.10390135435617547
17765,1.0,0.10390135435617547
17766,1.0,0.11158106747230614
17767,1.0,0.11416941267687536
17768,1.0,0.10390135435617547
17769,1.0,0.10390135435617547
17770,0.99999946,0.17290122392690915
17771,1.0,0.10390135435617547
17772,1.0,0.3284132841328413
17773,1.0,0.10394337714863498
17774,1.0,0.10390135435617547
17775,1.0,0.10390135435617547
17776,1.0,0.10390135435617547
17777,1.0,0.10369921164342026
17778,1.0,0.10394337714863498
17779,1.0,0.10394337714863498
17780,1.0,0.10394337714863498
17781,1.0,0.10390135435617547
17782,1.0,0.10474268415741675
17783,1.0,0.22323821535551
17784,1.0,0.10394337714863498
17785,1.0,0.1085122699386503
17786,1.0,0.10394337714863498
17787,1.0,0.08281874318924809
17788,1.0,0.11606960081883316
17789,0.99990463,0.22755622755622756
17790,1.0,0.270406410990269
17791,1.0,0.10390135435617547
17792,0.89248186,0.5202986467568829
17793,1.0,0.10390135435617547
17794,1.0,0.10691188358932902
17795,1.0,0.10394337714863498
17796,1.0,0.252233676975945
17797,1.0,0.10390135435617547
17798,1.0,0.10390135435617547
17799,1.0,0.11115319068358266
17800,0.98073274,0.1483605352154095
17801,1.0,0.10390135435617547
17802,0.57308304,0.09377254147631642
17803,1.0,0.10394337714863498
17804,1.0,0.1755738880918221
17805,1.0,0.10394337714863498
17806,1.0,0.10364258402092977
17807,1.0,0.10394337714863498
17808,1.0,0.10394337714863498
17809,1.0,0.06352087114337568
17810,1.0,0.10390135435617547
17811,1.0,0.10394337714863498
17812,1.0,0.19377200704225353
17813,1.0,0.10390135435617547
17814,1.0,0.14484732824427482
17815,1.0,0.10375454178441663
17816,1.0,0.10390135435617547
17817,1.0,0.10394337714863498
17818,1.0,0.10390135435617547
17819,1.0,0.10390135435617547
17820,1.0,0.10448666127728375
17821,1.0,0.10390135435617547
17822,1.0,0.10394337714863498
17823,1.0,0.10319708619991906
17824,1.0,0.10390135435617547
17825,1.0,0.10390135435617547
17826,1.0,0.10743639921722113
17827,0.99999994,0.10393541876892028
17828,1.0,0.10409521888238854
17829,1.0,0.10394337714863498
17830,1.0,0.10390135435617547
17831,1.0,0.10390135435617547
17832,1.0,0.10390135435617547
17833,1.0,0.32618855761482674
17834,1.0,0.10390135435617547
17835,1.0,0.11062031880161322
17836,1.0,0.10952288970446204
17837,1.0,0.10745571345143079
17838,1.0,0.10390135435617547
17839,1.0,0.1028814935064935
17840,1.0,0.10390135435617547
17841,1.0,0.10394337714863498
17842,1.0,0.1062487679873842
17843,1.0,0.05545536519386835
17844,1.0,0.10390135435617547
17845,1.0,0.10369921164342026
17846,1.0,0.10390135435617547
17847,1.0,0.10390135435617547
17848,1.0,0.10390135435617547
17849,1.0,0.10394337714863498
17850,1.0,0.10390135435617547
17851,1.0,0.10390135435617547
17852,1.0,0.2554397098821396
17853,1.0,0.25551277563878194
17854,1.0,0.283364109451066
17855,1.0,0.10390135435617547
17856,1.0,0.10691188358932902
17857,1.0,0.10390135435617547
17858,1.0,0.10460166227447801
17859,1.0,0.3220827924419443
17860,1.0,0.10485007043670759
17861,0.4256485,0.038976148923792905
17862,0.8579734,0.43630108423686403
17863,1.0,0.10394337714863498
17864,1.0,0.10377548960226125
17865,1.0,0.10390135435617547
17866,1.0,0.10474268415741675
17867,1.0,0.1067472306143001
17868,1.0,0.10390135435617547
17869,1.0,0.10469096033823233
17870,1.0,0.10390135435617547
17871,1.0,0.10394337714863498
17872,1.0,0.10394337714863498
17873,1.0,0.31355369706624187
17874,1.0,0.10390135435617547
17875,1.0,0.11474192350538433
17876,1.0,0.11482965931863727
17877,1.0,0.10394337714863498
17878,1.0,0.10372017792155278
17879,0.9999999,0.14520757604744594
17880,1.0,0.10390135435617547
17881,1.0,0.10394337714863498
17882,1.0,0.10394337714863498
17883,1.0,0.10394337714863498
17884,1.0,0.10394337714863498
17885,1.0,0.10369921164342026
17886,1.0,0.10390135435617547
17887,1.0,0.10394337714863498
17888,1.0,0.10390135435617547
17889,1.0,0.10390135435617547
17890,1.0,0.10390135435617547
17891,1.0,0.10390135435617547
17892,1.0,0.10394337714863498
17893,1.0,0.10390135435617547
17894,1.0,0.10390135435617547
17895,1.0,0.14095127610208816
17896,1.0,0.10390135435617547
17897,0.99998885,0.15220417633410674
17898,1.0,0.10394337714863498
17899,1.0,0.10374115267947422
17900,1.0,0.10468876313662086
17901,1.0,0.10608455156064797
17902,1.0,0.10390135435617547
17903,1.0,0.210989010989011
17904,1.0,0.10283400809716599
17905,1.0,0.09797917942437231
17906,0.9759261,0.46880286595681164
17907,1.0,0.19155405405405404
17908,1.0,0.10394337714863498
17909,1.0,0.10390135435617547
17910,1.0,0.10376213592233009
17911,1.0,0.10390135435617547
17912,1.0,0.10392236150424586
17913,1.0,0.10390135435617547
17914,1.0,0.11195880221247377
17915,1.0,0.10369921164342026
17916,1.0,0.10394337714863498
17917,1.0,0.10390135435617547
17918,1.0,0.10390135435617547
17919,1.0,0.10390135435617547
17920,1.0,0.10630159049728206
17921,1.0,0.10394337714863498
17922,1.0,0.10390135435617547
17923,1.0,0.10390135435617547
17924,1.0,0.10369921164342026
17925,1.0,0.10379644588045234
17926,1.0,0.10390135435617547
17927,0.99999994,0.10390135435617547
17928,1.0,0.10390135435617547
17929,1.0,0.10390135435617547
17930,1.0,0.30868562644119907
17931,1.0,0.10390135435617547
17932,0.9998428,0.16573556797020483
17933,1.0,0.10394337714863498
17934,1.0,0.10390135435617547
17935,1.0,0.10390135435617547
17936,1.0,0.0925503216434945
17937,1.0,0.12334801762114538
17938,1.0,0.1020698051948052
17939,1.0,0.10390135435617547
17940,1.0,0.10390135435617547
17941,0.99999946,0.16094584286803967
17942,1.0,0.05090909090909091
17943,1.0,0.3442796610169492
17944,1.0,0.11330337956632154
17945,1.0,0.11195880221247377
17946,1.0,0.10394337714863498
17947,1.0,0.10390135435617547
17948,1.0,0.10390135435617547
17949,1.0,0.10390135435617547
17950,1.0,0.10390135435617547
17951,1.0,0.10390135435617547
17952,1.0,0.10394337714863498
17953,1.0,0.10286062081558126
17954,1.0,0.10629067245119306
17955,1.0,0.105168986083499
17956,1.0,0.10390135435617547
17957,1.0,0.10560990217608306
17958,1.0,0.10390135435617547
17959,0.9999951,0.1867816091954023
17960,1.0,0.22150349650349652
17961,1.0,0.10421286031042129
17962,1.0,0.10390135435617547
17963,1.0,0.10390135435617547
17964,1.0,0.10390135435617547
17965,1.0,0.10394337714863498
17966,1.0,0.10390135435617547
17967,1.0,0.10465116279069768
17968,1.0,0.10390135435617547
17969,1.0,0.23212487411883181
17970,1.0,0.44345410348419956
17971,1.0,0.16964124752118262
17972,1.0,0.10390135435617547
17973,0.9997713,0.09053172563747776
17974,1.0,0.19377200704225353
17975,1.0,0.10390135435617547
17976,0.4386796,0.23176025766699343
17977,0.9985142,0.15593173685659234
17978,1.0,0.10396440129449838
17979,1.0,0.10394337714863498
17980,1.0,0.10119167844879823
17981,1.0,0.13206066945606695
17982,1.0,0.10394337714863498
17983,1.0,0.1047047047047047
17984,1.0,0.10363636363636364
17985,1.0,0.13324360699865412
17986,1.0,0.10394337714863498
17987,1.0,0.10390135435617547
17988,1.0,0.11647783740806997
17989,1.0,0.10394337714863498
17990,1.0,0.10394337714863498
17991,1.0,0.10379644588045234
17992,1.0,0.10394337714863498
17993,1.0,0.10390135435617547
17994,1.0,0.31193908077236876
17995,1.0,0.10390135435617547
17996,1.0,0.10377548960226125
17997,1.0,0.10394337714863498
17998,1.0,0.10390135435617547
17999,0.8474158,0.37053236690827296
18000,1.0,0.10390135435617547
18001,1.0,0.10583067092651757
18002,1.0,0.12096012096012096
18003,1.0,0.2988696307460437
18004,0.82325864,0.4269985090033261
18005,1.0,0.11944912872400225
18006,1.0,0.10381741062411634
18007,0.98380345,0.2871342573148537
18008,1.0,0.10394337714863498
18009,0.99999475,0.17476465229274218
18010,1.0,0.10404040404040404
18011,1.0,0.10390135435617547
18012,0.99993074,0.14562669071235348
18013,1.0,0.10390135435617547
18014,1.0,0.10390135435617547
18015,1.0,0.300063371356147
18016,1.0,0.16840083239955178
18017,1.0,0.18690176322418137
18018,1.0,0.10429695380270325
18019,1.0,0.10394337714863498
18020,1.0,0.2799274486094317
18021,1.0,0.10394337714863498
18022,1.0,0.10394337714863498
18023,1.0,0.10390135435617547
18024,1.0,0.10337851507181874
18025,1.0,0.10566646501310747
18026,1.0,0.21517005834637826
18027,1.0,0.10390135435617547
18028,1.0,0.17277788443079287
18029,1.0,0.10369921164342026
18030,1.0,0.10446554859567589
18031,0.9999931,0.14007155635062613
18032,1.0,0.10390135435617547
18033,1.0,0.10390135435617547
18034,1.0,0.10394337714863498
18035,1.0,0.10390135435617547
18036,1.0,0.31934942558409707
18037,1.0,0.10394337714863498
18038,1.0,0.10390135435617547
18039,1.0,0.10390135435617547
18040,1.0,0.10394337714863498
18041,1.0,0.10390135435617547
18042,1.0,0.303050223507757
18043,1.0,0.10390135435617547
18044,1.0,0.10390135435617547
18045,1.0,0.10918614020950847
18046,1.0,0.10390135435617547
18047,1.0,0.1085122699386503
18048,1.0,0.10337851507181874
18049,1.0,0.10390135435617547
18050,1.0,0.1835334476843911
18051,1.0,0.11267885532591415
18052,1.0,0.10390135435617547
18053,0.99853593,0.15083168875105724
18054,1.0,0.10392236150424586
18055,1.0,0.10072090628218332
18056,1.0,0.10390135435617547
18057,1.0,0.10394337714863498
18058,1.0,0.10390135435617547
18059,1.0,0.10390135435617547
18060,1.0,0.10390135435617547
18061,1.0,0.10394337714863498
18062,1.0,0.13238111827207805
18063,1.0,0.10390135435617547
18064,1.0,0.10355268469923294
18065,1.0,0.10390135435617547
18066,1.0,0.10394337714863498
18067,1.0,0.10390135435617547
18068,1.0,0.10627631842791257
18069,1.0,0.10390135435617547
18070,1.0,0.10351799433885968
18071,1.0,0.10390135435617547
18072,1.0,0.10390135435617547
18073,1.0,0.3124419684308264
18074,1.0,0.10390135435617547
18075,1.0,0.10390135435617547
18076,1.0,0.10394337714863498
18077,1.0,0.1250732851280047
18078,1.0,0.1099006116207951
18079,1.0,0.10390135435617547
18080,1.0,0.106353591160221
18081,1.0,0.1036573045059608
18082,1.0,0.10398717691845322
18083,1.0,0.1042540443379269
18084,1.0,0.32799817080141763
18085,1.0,0.10394337714863498
18086,1.0,0.10394337714863498
18087,1.0,0.1036708350141186
18088,1.0,0.10400647511129098
18089,1.0,0.1045135406218656
18090,1.0,0.10372017792155278
18091,1.0,0.10390135435617547
18092,1.0,0.10390135435617547
18093,0.9987629,0.09980897803247374
18094,1.0,0.2624564591852188
18095,1.0,0.12096924510717615
18096,1.0,0.16337162703713598
18097,1.0,0.10390135435617547
18098,1.0,0.10390135435617547
18099,1.0,0.10390135435617547
18100,1.0,0.10394337714863498
18101,1.0,0.10390135435617547
18102,1.0,0.14430577223088922
18103,1.0,0.1036573045059608
18104,1.0,0.10394337714863498
18105,1.0,0.10390135435617547
18106,1.0,0.10486967064053344
18107,1.0,0.10390135435617547
18108,1.0,0.10362274843149161
18109,1.0,0.10390135435617547
18110,1.0,0.10377548960226125
18111,1.0,0.154100915643873
18112,1.0,0.10390135435617547
18113,1.0,0.10392236150424586
18114,1.0,0.10390135435617547
18115,1.0,0.10260586319218241
18116,1.0,0.10390135435617547
18117,0.32728574,0.2180681213411389
18118,0.99999994,0.10488626790227464
18119,1.0,0.10390135435617547
18120,1.0,0.10394337714863498
18121,1.0,0.10390135435617547
18122,1.0,0.10531535105117017
18123,1.0,0.212243022855174
18124,1.0,0.10390135435617547
18125,1.0,0.10394337714863498
18126,1.0,0.10362274843149161
18127,1.0,0.10390135435617547
18128,1.0,0.26963092760924323
18129,1.0,0.1541767391888262
18130,1.0,0.10394337714863498
18131,1.0,0.10390135435617547
18132,1.0,0.10390135435617547
18133,1.0,0.10367825383993533
18134,1.0,0.10390135435617547
18135,1.0,0.08082064034815045
18136,1.0,0.10390135435617547
18137,1.0,0.1048
18138,1.0,0.11426957831325302
18139,1.0,0.10374115267947422
18140,1.0,0.10390135435617547
18141,1.0,0.10390135435617547
18142,1.0,0.310847541388683
18143,1.0,0.1069198101423932
18144,1.0,0.19662107803700724
18145,1.0,0.10390135435617547
18146,1.0,0.10390135435617547
18147,1.0,0.10372017792155278
18148,1.0,0.10394337714863498
18149,1.0,0.10385936552838958
18150,1.0,0.1062611100138258
18151,1.0,0.111303012857417
18152,1.0,0.10552464228934817
18153,1.0,0.10390135435617547
18154,1.0,0.10390135435617547
18155,1.0,0.10394337714863498
18156,1.0,0.29425749817117774
18157,0.37443814,0.2168141592920354
18158,1.0,0.10390135435617547
18159,1.0,0.10390135435617547
18160,1.0,0.10390135435617547
18161,1.0,0.10897173289635395
18162,1.0,0.10390135435617547
18163,1.0,0.35296580600139565
18164,1.0,0.10390135435617547
18165,1.0,0.10390135435617547
18166,1.0,0.10388035569927244
18167,1.0,0.10743639921722113
18168,1.0,0.10390135435617547
18169,1.0,0.2182756079587325
18170,1.0,0.10390135435617547
18171,1.0,0.1145083932853717
18172,1.0,0.10894079742247281
18173,1.0,0.10390135435617547
18174,1.0,0.10390135435617547
18175,1.0,0.10383838383838384
18176,1.0,0.10390135435617547
18177,1.0,0.28593429158110883
18178,1.0,0.10593805484316433
18179,1.0,0.10390135435617547
18180,1.0,0.10390135435617547
18181,1.0,0.10364258402092977
18182,1.0,0.10398543394699575
18183,0.7534067,0.17543648404575557
18184,1.0,0.10896273917421953
18185,1.0,0.3532036409066571
18186,1.0,0.10394337714863498
18187,1.0,0.12685113016367888
18188,1.0,0.10390135435617547
18189,1.0,0.32375838926174494
18190,1.0,0.10496568429551877
18191,1.0,0.10390135435617547
18192,1.0,0.10390135435617547
18193,1.0,0.10810288145426417
18194,1.0,0.10390135435617547
18195,0.24745625,0.2751833740831296
18196,1.0,0.10390135435617547
18197,1.0,0.10390135435617547
18198,1.0,0.12008032128514057
18199,1.0,0.10390135435617547
18200,1.0,0.10394337714863498
18201,1.0,0.12323809523809524
18202,1.0,0.10390135435617547
18203,1.0,0.10394337714863498
18204,1.0,0.10390135435617547
18205,1.0,0.17003548835056317
18206,1.0,0.12657856093979442
18207,1.0,0.11414486158513462
18208,1.0,0.10390135435617547
18209,1.0,0.10390135435617547
18210,1.0,0.22166585246702492
18211,1.0,0.10640732265446225
18212,1.0,0.10390135435617547
18213,0.45367065,0.08524096385542168
18214,1.0,0.1111748947569843
18215,1.0,0.10394337714863498
18216,1.0,0.10390135435617547
18217,1.0,0.10419622947496453
18218,1.0,0.10390135435617547
18219,1.0,0.30386306532663315
18220,1.0,0.18088279152997316
18221,1.0,0.2638733705772812
18222,1.0,0.10392236150424586
18223,1.0,0.10390135435617547
18224,1.0,0.10390135435617547
18225,0.9999998,0.1860951385258756
18226,0.9997954,0.33803912850155626
18227,1.0,0.10390135435617547
18228,1.0,0.1211556383970177
18229,0.99990636,0.1493205913095416
18230,1.0,0.11273911273911275
18231,1.0,0.10394337714863498
18232,1.0,0.3022334293948127
18233,1.0,0.10390135435617547
18234,1.0,0.1463720813457193
18235,1.0,0.10390135435617547
18236,1.0,0.08730741012472487
18237,1.0,0.10390135435617547
18238,1.0,0.10390135435617547
18239,1.0,0.10383838383838384
18240,1.0,0.10390135435617547
18241,1.0,0.07660311958405545
18242,1.0,0.10390135435617547
18243,1.0,0.10470992520719628
18244,1.0,0.10394337714863498
18245,1.0,0.33240740740740743
18246,0.5792266,0.5417536534446764
18247,1.0,0.10394337714863498
18248,1.0,0.10190824198132359
18249,0.9998646,0.21310165767924905
18250,1.0,0.10394337714863498
18251,1.0,0.10390135435617547
18252,1.0,0.10521081941129674
18253,1.0,0.10678239806217198
18254,1.0,0.10390135435617547
18255,1.0,0.10390135435617547
18256,1.0,0.10394337714863498
18257,0.88018364,0.5610564370355493
18258,1.0,0.10390135435617547
18259,1.0,0.10369921164342026
18260,0.22821234,0.09506359129122656
18261,1.0,0.11262175324675325
18262,1.0,0.14844926227040048
18263,1.0,0.10390135435617547
18264,1.0,0.17726614071808083
18265,1.0,0.1045106725734998
18266,1.0,0.3097862169698579
18267,1.0,0.1835334476843911
18268,0.7436791,0.27822765469824295
18269,1.0,0.10394337714863498
18270,1.0,0.10390135435617547
18271,1.0,0.10553983016579054
18272,1.0,0.10583067092651757
18273,1.0,0.10390135435617547
18274,1.0,0.10390135435617547
18275,1.0,0.10417086439653435
18276,1.0,0.34321531424699303
18277,1.0,0.10390135435617547
18278,1.0,0.10390135435617547
18279,1.0,0.12021857923497267
18280,1.0,0.10390135435617547
18281,1.0,0.10390135435617547
18282,1.0,0.10390135435617547
18283,1.0,0.058157602663706995
18284,1.0,0.10390135435617547
18285,1.0,0.10394337714863498
18286,1.0,0.10390135435617547
18287,1.0,0.11242153319383678
18288,1.0,0.10390135435617547
18289,1.0,0.10612162706403544
18290,1.0,0.29638482222886164
18291,1.0,0.10390135435617547
18292,1.0,0.10390135435617547
18293,1.0,0.10390135435617547
18294,1.0,0.10390135435617547
18295,1.0,0.10390135435617547
18296,1.0,0.10394337714863498
18297,1.0,0.10329492621790984
18298,1.0,0.1026369168356998
18299,1.0,0.10390135435617547
18300,1.0,0.2625172890733057
18301,0.929946,0.20219746680909506
18302,1.0,0.17463343108504398
18303,1.0,0.10248573757131214
18304,1.0,0.10390135435617547
18305,1.0,0.10717054263565891
18306,1.0,0.060686653771760156
18307,1.0,0.17732709308372335
18308,1.0,0.24890753364796364
18309,1.0,0.10390135435617547
18310,1.0,0.10390135435617547
18311,1.0,0.10390135435617547
18312,1.0,0.10339943342776203
18313,1.0,0.11034761519805983
18314,1.0,0.10390135435617547
18315,1.0,0.10409521888238854
18316,1.0,0.10390135435617547
18317,1.0,0.18319894993437089
18318,1.0,0.10394337714863498
18319,1.0,0.10394337714863498
18320,1.0,0.10377548960226125
18321,1.0,0.10610026172740085
18322,1.0,0.10390135435617547
18323,1.0,0.10369921164342026
18324,1.0,0.10390135435617547
18325,1.0,0.10507246376811594
18326,1.0,0.10827899624580123
18327,1.0,0.10390135435617547
18328,1.0,0.10390135435617547
18329,1.0,0.29296498554449085
18330,1.0,0.10407422347720856
18331,1.0,0.10967130214917825
18332,1.0,0.10369921164342026
18333,1.0,0.1174363807728558
18334,1.0,0.10355987055016182
18335,1.0,0.10757848430313938
18336,1.0,0.16957917261055636
18337,1.0,0.10390135435617547
18338,1.0,0.10394337714863498
18339,1.0,0.20595263958288074
18340,1.0,0.1827335754374381
18341,1.0,0.10390135435617547
18342,1.0,0.10390135435617547
18343,1.0,0.11541353383458647
18344,1.0,0.13335895465026903
18345,1.0,0.10394337714863498
18346,1.0,0.10650291926716328
18347,1.0,0.10390135435617547
18348,1.0,0.10390135435617547
18349,1.0,0.10390135435617547
18350,1.0,0.10390135435617547
18351,1.0,0.1156034132466477
18352,1.0,0.10397738744195437
18353,1.0,0.24836186852673853
18354,1.0,0.056878612716763005
18355,1.0,0.10394337714863498
18356,1.0,0.10390135435617547
18357,0.6868778,0.12869806685891275
18358,1.0,0.10390135435617547
18359,1.0,0.10390135435617547
18360,1.0,0.22707059477487493
18361,1.0,0.1060483870967742
18362,0.8654579,0.044398706262863866
18363,1.0,0.10390135435617547
18364,1.0,0.13944773175542408
18365,1.0,0.2754573696927856
18366,1.0,0.10390135435617547
18367,1.0,0.1048078857372762
18368,1.0,0.10390135435617547
18369,1.0,0.10390135435617547
18370,0.99989194,0.15899280575539568
18371,1.0,0.10390135435617547
18372,1.0,0.17117804041174228
18373,1.0,0.10321007720438846
18374,1.0,0.10390135435617547
18375,1.0,0.10394337714863498
18376,1.0,0.10381741062411634
18377,1.0,0.10528438886647842
18378,1.0,0.10379644588045234
18379,1.0,0.10463948584053023
18380,1.0,0.1066987565182511
18381,1.0,0.10401939002221773
18382,1.0,0.1044144325740778
18383,1.0,0.10390135435617547
18384,1.0,0.10630159049728206
18385,1.0,0.10390135435617547
18386,1.0,0.10394337714863498
18387,1.0,0.10448366808683303
18388,1.0,0.139342033713975
18389,1.0,0.10390135435617547
18390,1.0,0.1060483870967742
18391,1.0,0.10390135435617547
18392,1.0,0.10390135435617547
18393,1.0,0.10394337714863498
18394,1.0,0.14335378323108383
18395,0.16409573,0.6899889101723964
18396,1.0,0.10242313174506211
18397,0.9999917,0.19631995133819952
18398,1.0,0.10390135435617547
18399,1.0,0.10374115267947422
18400,1.0,0.10390135435617547
18401,1.0,0.10460420032310178
18402,1.0,0.10352379056340832
18403,1.0,0.10394337714863498
18404,1.0,0.10390135435617547
18405,1.0,0.1900898652021967
18406,1.0,0.10390135435617547
18407,1.0,0.14668967681204895
18408,1.0,0.10379644588045234
18409,1.0,0.10390135435617547
18410,1.0,0.10390135435617547
18411,1.0,0.10390135435617547
18412,0.99999994,0.23899556868537666
18413,1.0,0.10390135435617547
18414,1.0,0.10390135435617547
18415,1.0,0.10374115267947422
18416,1.0,0.10390135435617547
18417,1.0,0.10369921164342026
18418,1.0,0.16181789589558107
18419,1.0,0.1747839209768144
18420,1.0,0.10390135435617547
18421,1.0,0.10390135435617547
18422,1.0,0.10869565217391304
18423,1.0,0.10390135435617547
18424,1.0,0.17110492845786962
18425,1.0,0.30748878407914415
18426,1.0,0.10390135435617547
18427,1.0,0.29081833705503746
18428,1.0,0.11290975313638203
18429,1.0,0.10390135435617547
18430,1.0,0.10394337714863498
18431,1.0,0.10385936552838958
