BaseFeatureIdx,GeometricSim,FunctionalJaccard
0,1.0,0.13784836679652382
1,0.92103064,0.4241954245831718
2,1.0,0.15322812051649928
3,0.89986485,0.4468525375735134
4,1.0,0.13821138211382114
5,1.0,0.13821138211382114
6,1.0,0.13821138211382114
7,0.9674626,0.3385939741750359
8,1.0,0.13821138211382114
9,1.0,0.10261854210898796
10,1.0,0.13953488372093023
11,1.0,0.13871066300030552
12,1.0,0.13725490196078433
13,1.0,0.11420959147424511
14,1.0,0.13825301204819276
15,1.0,0.13821138211382114
16,1.0,0.19567504383401518
17,1.0,0.13821138211382114
18,1.0,0.13821138211382114
19,0.9972888,0.12650287506534239
20,1.0,0.4948588930212207
21,1.0,0.13821138211382114
22,1.0,0.13821138211382114
23,0.9342855,0.1793675479523069
24,1.0,0.14820228003507746
25,1.0,0.12391608391608391
26,1.0,0.13821138211382114
27,1.0,0.13821138211382114
28,1.0,0.13821138211382114
29,1.0,0.13722584469472437
30,0.70697165,0.5815529991783073
31,1.0,0.13821138211382114
32,1.0,0.13821138211382114
33,1.0,0.14018691588785046
34,1.0,0.18540035362465268
35,0.76958454,0.26255741591346865
36,1.0,0.13821138211382114
37,1.0,0.13825301204819276
38,0.89318866,0.4402369613195493
39,0.7684075,0.12406417112299466
40,1.0,0.07839562443026436
41,1.0,0.13821138211382114
42,1.0,0.13821138211382114
43,1.0,0.13821138211382114
44,1.0,0.18540035362465268
45,1.0,0.18540035362465268
46,1.0,0.13821138211382114
47,0.9542343,0.33824860949424396
48,1.0,0.1949610077984403
49,0.9793392,0.3034041224234853
50,1.0,0.13825301204819276
51,1.0,0.15294787809740815
52,1.0,0.13821138211382114
53,0.9419927,0.20455974842767297
54,0.9989801,0.07288807563281488
55,1.0,0.17403519148306965
56,1.0,0.13821138211382114
57,1.0,0.13821138211382114
58,1.0,0.13821138211382114
59,0.9096399,0.16741621935296677
60,1.0,0.11969654397302613
61,0.8462719,0.4516774573278399
62,1.0,0.13821138211382114
63,1.0,0.13821138211382114
64,1.0,0.13821138211382114
65,0.99984205,0.14397496087636932
66,1.0,0.13821138211382114
67,1.0,0.13821138211382114
68,1.0,0.13780598368087035
69,1.0,0.13821138211382114
70,1.0,0.13821138211382114
71,1.0,0.13821138211382114
72,1.0,0.13821138211382114
73,1.0,0.13821138211382114
74,1.0,0.13824328403259886
75,1.0,0.09167303284950344
76,1.0,0.13821138211382114
77,1.0,0.13399503722084366
78,0.6806853,0.4362756136005404
79,1.0,0.1399819765695404
80,1.0,0.13821138211382114
81,1.0,0.13821138211382114
82,1.0,0.22706145636081942
83,1.0,0.4503056373103917
84,0.96986747,0.29487643158529236
85,0.99996364,0.15630582350839586
86,0.978142,0.8008611410118407
87,1.0,0.04591350733473042
88,0.7191553,0.18462261196367052
89,1.0,0.13821138211382114
90,1.0,0.07919966652771988
91,1.0,0.13821138211382114
92,0.92797685,0.2892951114804044
93,1.0,0.1380451127819549
94,1.0,0.13821138211382114
95,1.0,0.13821138211382114
96,1.0,0.13821138211382114
97,1.0,0.12634730538922156
98,1.0,0.13821138211382114
99,1.0,0.13821138211382114
100,1.0,0.13821138211382114
101,1.0,0.13821138211382114
102,1.0,0.13821138211382114
103,1.0,0.13821138211382114
104,1.0,0.13821138211382114
105,1.0,0.13821138211382114
106,0.95809054,0.15496609493418428
107,1.0,0.1622303166152984
108,1.0,0.18540035362465268
109,1.0,0.1618594231307757
110,1.0,0.13821138211382114
111,1.0,0.18540035362465268
112,1.0,0.13378336913163547
113,1.0,0.13821138211382114
114,1.0,0.13471050334594123
115,1.0,0.13821138211382114
116,1.0,0.1357646337726019
117,1.0,0.1335133513351335
118,1.0,0.13336650908186115
119,1.0,0.1377335744424352
120,0.9999827,0.14690496948561466
121,0.9999525,0.15366684597453828
122,0.9806108,0.24623858140784524
123,1.0,0.13821138211382114
124,1.0,0.13821138211382114
125,1.0,0.13821138211382114
126,1.0,0.18540035362465268
127,0.9183469,0.377728654324399
128,0.9433983,0.2424423467558848
129,1.0,0.13821138211382114
130,1.0,0.13821138211382114
131,1.0,0.13821138211382114
132,1.0,0.13821138211382114
133,0.41028246,0.4278069025775448
134,0.84665793,0.3546666666666667
135,1.0,0.18540035362465268
136,1.0,0.14956521739130435
137,1.0,0.13825301204819276
138,1.0,0.13226707286113226
139,1.0,0.1462194763165637
140,0.99999774,0.15808534089119824
141,0.45041135,0.23226922472086806
142,0.94745314,0.14982896237172177
143,1.0,0.13995758860951227
144,0.9999996,0.12800641368252272
145,0.99999994,0.13311275133621786
146,1.0,0.13821138211382114
147,1.0,0.1387308533916849
148,1.0,0.13821138211382114
149,1.0,0.13821138211382114
150,1.0,0.13821138211382114
151,1.0,0.1380451127819549
152,1.0,0.13821138211382114
153,1.0,0.18245699055003634
154,1.0,0.13821138211382114
155,1.0,0.14024572969733293
156,1.0,0.13821138211382114
157,1.0,0.13821138211382114
158,1.0,0.13821138211382114
159,1.0,0.16112822175393093
160,1.0,0.13821138211382114
161,0.88576216,0.7236475735879078
162,0.950862,0.3889818509460677
163,1.0,0.13821138211382114
164,1.0,0.07019363762102351
165,1.0,0.18540035362465268
166,1.0,0.18540035362465268
167,0.92099893,0.13421363815530155
168,1.0,0.13776579814315662
169,1.0,0.13762019230769232
170,0.873672,0.4518154829869833
171,0.99971426,0.08267090620031796
172,1.0,0.13821138211382114
173,1.0,0.13821138211382114
174,0.99802387,0.15439691573343126
175,1.0,0.14019813869708797
176,1.0,0.13672922252010725
177,1.0,0.13821138211382114
178,1.0,0.13670581150255948
179,1.0,0.13546342751518353
180,1.0,0.13821138211382114
181,1.0,0.14310364661221672
182,0.9997329,0.1627752939228349
183,0.94053286,0.3287451250286763
184,0.7876834,0.19401503332860587
185,1.0,0.13779645752026418
186,1.0,0.13821138211382114
187,1.0,0.13821138211382114
188,1.0,0.13821138211382114
189,1.0,0.1382946670683941
190,0.946165,0.2670085985819882
191,1.0,0.13812819741197713
192,1.0,0.1328855140186916
193,0.9625241,0.12264922322158626
194,1.0,0.13821138211382114
195,1.0,0.1545138888888889
196,1.0,0.13821138211382114
197,1.0,0.13830426939266385
198,1.0,0.13821138211382114
199,1.0,0.14285714285714285
200,0.9853224,0.17476499404210247
201,1.0,0.1419200954084675
202,1.0,0.12370433305012744
203,0.72767067,0.4252989160800089
204,1.0,0.13821138211382114
205,0.99966425,0.07222451506397029
206,0.86584944,0.26306141154903756
207,0.8826156,0.2294072363356428
208,0.9268107,0.5445941775537496
209,1.0,0.13821138211382114
210,1.0,0.13821138211382114
211,1.0,0.13821138211382114
212,1.0,0.13528077141236527
213,1.0,0.18540035362465268
214,1.0,0.6088334526122073
215,1.0,0.13825301204819276
216,0.8237727,0.2235379061371841
217,1.0,0.13825301204819276
218,1.0,0.1407140714071407
219,1.0,0.18509615384615385
220,0.751072,0.19920063948840927
221,0.89835703,0.17682926829268292
222,0.99887466,0.30881173370001147
223,1.0,0.12119205298013246
224,1.0,0.13812819741197713
225,0.94259083,0.12054951345163137
226,1.0,0.13821138211382114
227,1.0,0.13821138211382114
228,0.9999492,0.285946505098271
229,0.7084387,0.20998091082628853
230,1.0,0.13821138211382114
231,1.0,0.13821138211382114
232,0.8193863,0.13375486381322957
233,0.9999991,0.14436248682824027
234,1.0,0.13821138211382114
235,1.0,0.13821138211382114
236,1.0,0.16941722537390408
237,0.99999654,0.09320074005550416
238,1.0,0.13821138211382114
239,0.7798062,0.2619148038802193
240,0.8934827,0.35383937747760974
241,0.99997646,0.14945193929173692
242,1.0,0.13822115384615385
243,0.9478354,0.18485454825303987
244,1.0,0.13997591812161347
245,0.8863525,0.2853612443669138
246,1.0,0.13702801461632155
247,0.99966305,0.06772289530910221
248,0.99807554,0.0848825831702544
249,0.9757239,0.19002375296912113
250,1.0,0.13821138211382114
251,1.0,0.13855421686746988
252,0.7282951,0.671868666396433
253,1.0,0.13821138211382114
254,1.0,0.18540035362465268
255,1.0,0.13821138211382114
256,0.8034831,0.5202499163226598
257,1.0,0.13821138211382114
258,0.82197404,0.37564916330063475
259,1.0,0.16365597196009707
260,1.0,0.14057796508127635
261,1.0,0.13821138211382114
262,1.0,0.13810818978543365
263,1.0,0.13599537037037038
264,1.0,0.13821138211382114
265,1.0,0.13821138211382114
266,0.9999979,0.13489246189183546
267,1.0,0.1377551020408163
268,1.0,0.13821138211382114
269,1.0,0.13821138211382114
270,1.0,0.13821138211382114
271,1.0,0.18540035362465268
272,1.0,0.13821138211382114
273,1.0,0.13821138211382114
274,0.9822332,0.16851719197707737
275,1.0,0.13821138211382114
276,0.99455464,0.14790332575914067
277,1.0,0.13821138211382114
278,1.0,0.13857228554289142
279,1.0,0.1381697772426249
280,1.0,0.14306828258941767
281,0.8153928,0.3004796163069544
282,1.0,0.1382946670683941
283,1.0,0.1383363471971067
284,1.0,0.18761039616452183
285,1.0,0.13841978287092882
286,1.0,0.13821138211382114
287,1.0,0.13821138211382114
288,1.0,0.1375
289,1.0,0.13821138211382114
290,0.8382751,0.4180543382997371
291,1.0,0.06757297081167533
292,1.0,0.13821138211382114
293,1.0,0.13821138211382114
294,1.0,0.13821138211382114
295,1.0,0.19161676646706588
296,0.9999926,0.08377896613190731
297,1.0,0.13821138211382114
298,1.0,0.14377893112638518
299,1.0,0.13821138211382114
300,1.0,0.1589310829817159
301,1.0,0.13821138211382114
302,1.0,0.13826269912834385
303,1.0,0.1100861008610086
304,1.0,0.13842913030394222
305,1.0,0.13967489464178207
306,0.9617074,0.4778913285439644
307,1.0,0.13815987933634993
308,1.0,0.17809452363090772
309,0.76448613,0.23426635763950793
310,1.0,0.13821138211382114
311,1.0,0.18540035362465268
312,1.0,0.15879707700955592
313,0.8734247,0.4154495664080329
314,1.0,0.13821138211382114
315,0.3879998,0.2667778775824458
316,1.0,0.13389830508474576
317,1.0,0.1382946670683941
318,1.0,0.13821138211382114
319,1.0,0.13821138211382114
320,1.0,0.13821138211382114
321,1.0,0.18573232323232322
322,1.0,0.12051498522583369
323,1.0,0.13821138211382114
324,1.0,0.1382946670683941
325,1.0,0.10930473884469041
326,1.0,0.1679804294645284
327,1.0,0.1457345971563981
328,1.0,0.13821138211382114
329,1.0,0.13821138211382114
330,0.8284274,0.6090927338418306
331,0.99932754,0.25922050745487835
332,0.74397063,0.2785248302489682
333,1.0,0.1852740591058348
334,1.0,0.13821138211382114
335,0.98300695,0.16764459346186086
336,1.0,0.13821138211382114
337,1.0,0.13821138211382114
338,1.0,0.1419098143236074
339,1.0,0.13821138211382114
340,1.0,0.1338133813381338
341,1.0,0.16152136329958014
342,1.0,0.13821138211382114
343,0.99999994,0.18540035362465268
344,0.9841066,0.37643921948854686
345,1.0,0.13777644949193066
346,1.0,0.13863773357444242
347,1.0,0.1382946670683941
348,1.0,0.26300932744231714
349,1.0,0.13821138211382114
350,1.0,0.13821138211382114
351,1.0,0.18540035362465268
352,1.0,0.11757972199509403
353,1.0,0.13857228554289142
354,1.0,0.13821138211382114
355,1.0,0.13821138211382114
356,1.0,0.18540035362465268
357,1.0,0.10012239902080783
358,0.5836214,0.3734128999492128
359,0.5892389,0.07728150926241618
360,1.0,0.13821138211382114
361,1.0,0.18484477124183007
362,0.80618954,0.27929963287207005
363,1.0,0.13825301204819276
364,1.0,0.13821138211382114
365,1.0,0.16923742251693816
366,1.0,0.13755656108597286
367,0.95133674,0.6761312330691281
368,0.99984723,0.15746638358103326
369,1.0,0.09457900807381776
370,0.62454385,0.5501643917505231
371,0.99999,0.08312689237544729
372,1.0,0.13821138211382114
373,0.9999996,0.11546707503828484
374,0.9999212,0.15775495750708216
375,1.0,0.13821138211382114
376,0.99999994,0.13821138211382114
377,1.0,0.13821138211382114
378,0.99915767,0.19796814936847887
379,1.0,0.13825301204819276
380,1.0,0.14315169366715758
381,1.0,0.13821138211382114
382,0.9999963,0.1294838145231846
383,1.0,0.13821138211382114
384,0.9467089,0.1183922607393758
385,0.9999981,0.12982723577235772
386,1.0,0.1679804294645284
387,1.0,0.13812819741197713
388,0.65063184,0.5507765830346476
389,1.0,0.14075187969924813
390,1.0,0.13751507840772015
391,1.0,0.13821138211382114
392,1.0,0.1385216346153846
393,0.7574161,0.21466060181945418
394,1.0,0.13821138211382114
395,1.0,0.13825301204819276
396,1.0,0.13821138211382114
397,1.0,0.13782726452001204
398,1.0,0.13821138211382114
399,0.87902987,0.29700242450958786
400,1.0,0.18540035362465268
401,0.964515,0.548242557004879
402,1.0,0.141298833079655
403,0.9654611,0.3091221046611381
404,1.0,0.13821138211382114
405,0.92512286,0.33987915407854985
406,1.0,0.13792076258564195
407,1.0,0.13821138211382114
408,1.0,0.13821138211382114
409,1.0,0.13821138211382114
410,1.0,0.13821138211382114
411,1.0,0.13821138211382114
412,1.0,0.13821138211382114
413,1.0,0.13980114492316964
414,1.0,0.18540035362465268
415,1.0,0.13821138211382114
416,1.0,0.14380358534684334
417,1.0,0.13821138211382114
418,1.0,0.15145192140497304
419,1.0,0.13821138211382114
420,1.0,0.13821138211382114
421,0.8862821,0.5175042955326461
422,1.0,0.13821138211382114
423,1.0,0.13821138211382114
424,1.0,0.13821138211382114
425,0.4968478,0.18505942275042445
426,1.0,0.10347222222222222
427,1.0,0.1402620607504467
428,1.0,0.1446683269187231
429,1.0,0.138076575218571
430,1.0,0.13828502415458938
431,1.0,0.13228699551569506
432,1.0,0.13821138211382114
433,1.0,0.13821138211382114
434,1.0,0.1378582202111614
435,1.0,0.13739078035552876
436,1.0,0.12734192037470726
437,0.8531418,0.5453525150494848
438,0.9741933,0.11780104712041885
439,1.0,0.08602788490062296
440,1.0,0.13821138211382114
441,0.83868414,0.544173878043872
442,1.0,0.13821138211382114
443,0.8847552,0.3439044481054366
444,1.0,0.13821138211382114
445,0.9554063,0.11541205850874063
446,1.0,0.14555513162914918
447,1.0,0.1844526218951242
448,1.0,0.13821138211382114
449,0.9238961,0.21992145662263476
450,1.0,0.13821138211382114
451,1.0,0.13821138211382114
452,1.0,0.13821138211382114
453,0.99999285,0.19069640914036998
454,1.0,0.1399337947637677
455,1.0,0.12805061765592046
456,1.0,0.14054054054054055
457,1.0,0.13821138211382114
458,0.3829663,0.0990266060999351
459,1.0,0.1802076970067196
460,1.0,0.13821138211382114
461,1.0,0.13821138211382114
462,1.0,0.13821138211382114
463,1.0,0.18165650406504066
464,1.0,0.12560975609756098
465,1.0,0.18540035362465268
466,1.0,0.13821138211382114
467,1.0,0.17809452363090772
468,0.9099491,0.19108375863104174
469,1.0,0.12654867256637167
470,1.0,0.13821138211382114
471,1.0,0.13767246550689863
472,1.0,0.13821138211382114
473,1.0,0.1420936812323169
474,1.0,0.13825301204819276
475,1.0,0.13821138211382114
476,1.0,0.08146705615060046
477,0.710166,0.39185905224787365
478,1.0,0.13821138211382114
479,1.0,0.13914880772713553
480,1.0,0.13821138211382114
481,1.0,0.13980114492316964
482,1.0,0.13821138211382114
483,1.0,0.13821138211382114
484,0.509491,0.2818893313195112
485,1.0,0.13821138211382114
486,1.0,0.1399337947637677
487,1.0,0.13821138211382114
488,1.0,0.18540035362465268
489,1.0,0.13757885250826074
490,1.0,0.15503246753246752
491,0.7077293,0.29865424430641824
492,1.0,0.11821933962264151
493,0.90074146,0.11612459917544664
494,1.0,0.1417910447761194
495,1.0,0.18540035362465268
496,0.9555645,0.29834803130045956
497,1.0,0.13821138211382114
498,1.0,0.13821138211382114
499,0.614653,0.591450160438878
500,1.0,0.13821138211382114
501,1.0,0.1276391554702495
502,0.6783933,0.4491219909291778
503,1.0,0.39270411117544873
504,0.99933136,0.06518675123326285
505,0.74334574,0.31854110207768743
506,1.0,0.13821138211382114
507,1.0,0.5034220532319391
508,1.0,0.1161061946902655
509,1.0,0.18540035362465268
510,1.0,0.1381697772426249
511,1.0,0.13808664259927797
512,0.99999994,0.18540035362465268
513,0.925841,0.04963768115942029
514,1.0,0.13821138211382114
515,1.0,0.13354700854700854
516,1.0,0.13904877309906089
517,1.0,0.18540035362465268
518,1.0,0.13821138211382114
519,1.0,0.14212893553223388
520,0.91188395,0.4439257409618934
521,1.0,0.13821138211382114
522,1.0,0.13821138211382114
523,1.0,0.09438202247191012
524,1.0,0.13821138211382114
525,0.9896356,0.4526984918359716
526,1.0,0.1389303854197789
527,1.0,0.13821138211382114
528,1.0,0.13821138211382114
529,0.9330559,0.5473156465427199
530,0.5981002,0.15044583570479986
531,1.0,0.12594113620807665
532,1.0,0.10039492828933694
533,1.0,0.13760915386931646
534,1.0,0.13821138211382114
535,0.8980924,0.5790268963433062
536,0.95954347,0.1569747317410869
537,1.0,0.08407811982787157
538,1.0,0.16231430805316654
539,1.0,0.13821138211382114
540,0.99998885,0.14876376480365677
541,1.0,0.13821138211382114
542,1.0,0.13821138211382114
543,0.92819667,0.33791208791208793
544,1.0,0.13821138211382114
545,1.0,0.13821138211382114
546,1.0,0.12844036697247707
547,1.0,0.13685800604229606
548,0.93387514,0.09993930811248229
549,1.0,0.13448894202032277
550,1.0,0.13821138211382114
551,0.988146,0.26372349695033404
552,1.0,0.13821138211382114
553,1.0,0.18234610917537747
554,1.0,0.1851010101010101
555,1.0,0.12929623567921442
556,1.0,0.47314606741573034
557,1.0,0.4402027027027027
558,1.0,0.2408967585320577
559,1.0,0.13886410942610763
560,1.0,0.10358283079106066
561,1.0,0.16068210176070982
562,1.0,0.13782816229116945
563,1.0,0.15316058755570225
564,0.98239064,0.4859862506610259
565,1.0,0.18540035362465268
566,1.0,0.13821138211382114
567,1.0,0.18540035362465268
568,0.83026785,0.48339929639401935
569,1.0,0.12095507382972039
570,1.0,0.13821138211382114
571,1.0,0.13821138211382114
572,1.0,0.13924812030075187
573,1.0,0.13821138211382114
574,1.0,0.13821138211382114
575,1.0,0.13821138211382114
576,1.0,0.13821138211382114
577,1.0,0.13821138211382114
578,1.0,0.2119945567651633
579,0.96158266,0.32703507182606445
580,1.0,0.13973013493253372
581,1.0,0.1379950495049505
582,1.0,0.13825301204819276
583,1.0,0.1127659574468085
584,1.0,0.13821138211382114
585,1.0,0.13821138211382114
586,0.9314842,0.2563870967741935
587,1.0,0.14820228003507746
588,1.0,0.13821138211382114
589,1.0,0.13821138211382114
590,0.9496818,0.2296469975250749
591,1.0,0.18540035362465268
592,1.0,0.13821138211382114
593,1.0,0.18540035362465268
594,0.9682318,0.3127048642978891
595,0.9996031,0.09078741913896944
596,1.0,0.18540035362465268
597,1.0,0.13821138211382114
598,1.0,0.1382946670683941
599,1.0,0.12924774905605577
600,1.0,0.16365597196009707
601,1.0,0.1373593842510361
602,0.8750403,0.20626265773484967
603,1.0,0.2481089258698941
604,1.0,0.11087223587223587
605,1.0,0.11881750994883457
606,0.7095344,0.26403162055335966
607,1.0,0.13821138211382114
608,0.9719578,0.3162804399057345
609,0.9698544,0.25787615426398697
610,0.9281029,0.5345113197128658
611,1.0,0.18540035362465268
612,1.0,0.18540035362465268
613,1.0,0.13821138211382114
614,1.0,0.13806413301662707
615,0.9823243,0.3328333958255218
616,1.0,0.13821138211382114
617,1.0,0.13535173642030277
618,1.0,0.13851249623607348
619,1.0,0.13821138211382114
620,0.9530869,0.32893289328932895
621,1.0,0.1523702031602709
622,1.0,0.13821138211382114
623,1.0,0.13821138211382114
624,1.0,0.1399337947637677
625,1.0,0.13821138211382114
626,0.9999498,0.17846538521644006
627,1.0,0.14678362573099416
628,0.9433075,0.32481280660986317
629,1.0,0.13821138211382114
630,1.0,0.5467139175257731
631,1.0,0.13821138211382114
632,1.0,0.13821138211382114
633,0.99993443,0.33501664179960977
634,1.0,0.14057796508127635
635,1.0,0.13821138211382114
636,1.0,0.13821138211382114
637,0.97115326,0.3118768143380033
638,1.0,0.13821138211382114
639,1.0,0.1956521739130435
640,1.0,0.13821138211382114
641,1.0,0.13645990922844176
642,0.93182904,0.6930455635491607
643,1.0,0.161217587373168
644,0.8801059,0.6468438210016794
645,1.0,0.1375980687990344
646,0.9300542,0.075
647,1.0,0.13825301204819276
648,0.86613786,0.3518037892551259
649,1.0,0.13821138211382114
650,1.0,0.13821138211382114
651,0.7212842,0.367827868852459
652,0.9175607,0.3962536023054755
653,0.9999985,0.15091391970004686
654,0.9107081,0.22031473533619456
655,1.0,0.13821138211382114
656,0.9083326,0.40101056499770327
657,1.0,0.13507109004739337
658,0.95536655,0.27993858751279427
659,1.0,0.1381697772426249
660,1.0,0.13821138211382114
661,1.0,0.06848884699968583
662,1.0,0.18509615384615385
663,1.0,0.15144441202217684
664,0.99986106,0.15933580639462994
665,0.9774421,0.45243750706933605
666,1.0,0.1383780524570395
667,1.0,0.13821138211382114
668,1.0,0.14374445430346053
669,1.0,0.13821138211382114
670,1.0,0.13817748659916618
671,1.0,0.13821138211382114
672,1.0,0.13821138211382114
673,1.0,0.14054054054054055
674,1.0,0.13821138211382114
675,1.0,0.13603014078921277
676,1.0,0.13821138211382114
677,1.0,0.11253196930946291
678,1.0,0.13821138211382114
679,0.99999994,0.08598531211750306
680,1.0,0.13821138211382114
681,1.0,0.14029850746268657
682,1.0,0.13825301204819276
683,1.0,0.1268321866586898
684,0.92533076,0.21443055086177762
685,1.0,0.13821138211382114
686,1.0,0.13821138211382114
687,0.99996644,0.10393785159389231
688,1.0,0.11960461285008238
689,1.0,0.13821138211382114
690,1.0,0.13806528900868523
691,1.0,0.18540035362465268
692,1.0,0.13821138211382114
693,0.4151565,0.2553134962805526
694,1.0,0.13887257780387552
695,0.28175107,0.5565191086013915
696,0.5622159,0.44358595614134755
697,1.0,0.13821138211382114
698,1.0,0.18540035362465268
699,1.0,0.13770294648226097
700,1.0,0.15518324607329842
701,1.0,0.13821138211382114
702,0.9999831,0.07429281939695369
703,1.0,0.1382946670683941
704,0.92590356,0.44873563218390805
705,0.86147606,0.1858987090367428
706,1.0,0.1380036079374624
707,1.0,0.13821138211382114
708,1.0,0.13825301204819276
709,1.0,0.13967489464178207
710,1.0,0.13825301204819276
711,1.0,0.13821138211382114
712,0.8851224,0.5952999896017469
713,0.690699,0.3408413776665475
714,1.0,0.14023472765573278
715,1.0,0.13821138211382114
716,1.0,0.14015037593984964
717,1.0,0.13821138211382114
718,1.0,0.13821138211382114
719,0.7939623,0.311409056412851
720,1.0,0.13821138211382114
721,0.99997526,0.13383423338811928
722,1.0,0.13821138211382114
723,1.0,0.11969339622641509
724,1.0,0.21555775414296316
725,1.0,0.13815987933634993
726,0.99999976,0.25727744896726656
727,0.9695461,0.0901030433740714
728,0.97995466,0.10078563411896745
729,1.0,0.13348271446862997
730,1.0,0.1852740591058348
731,1.0,0.15557359307359309
732,1.0,0.13821138211382114
733,1.0,0.13825301204819276
734,0.9221645,0.32603861907548276
735,0.39531386,0.1383246600637905
736,0.9203502,0.6707582656899623
737,0.95233357,0.4275377299979326
738,1.0,0.14601769911504425
739,1.0,0.1365021328458257
740,1.0,0.13821138211382114
741,1.0,0.13821138211382114
742,1.0,0.13821138211382114
743,1.0,0.1380036079374624
744,1.0,0.18540035362465268
745,1.0,0.13841978287092882
746,0.99999774,0.12993834208723454
747,1.0,0.18540035362465268
748,1.0,0.1421758569299553
749,1.0,0.13821138211382114
750,1.0,0.13821138211382114
751,0.8914229,0.1907666941467436
752,0.9999996,0.134869272586073
753,1.0,0.13666267942583732
754,1.0,0.13954869358669833
755,0.7885274,0.20161290322580644
756,1.0,0.18808264046359285
757,0.92796814,0.23713728358936845
758,1.0,0.13821138211382114
759,1.0,0.18397776092999749
760,1.0,0.4691344342236507
761,1.0,0.13821138211382114
762,0.742695,0.24586321014892443
763,1.0,0.16337196091797318
764,0.76667243,0.4762118996738275
765,0.9415218,0.2947421006619208
766,1.0,0.13821138211382114
767,1.0,0.13821138211382114
768,0.92872053,0.46907332433648224
769,1.0,0.14795474325500435
770,1.0,0.5635458589281932
771,1.0,0.17037861915367483
772,1.0,0.13821138211382114
773,1.0,0.13691713691713692
774,1.0,0.1757373595505618
775,1.0,0.13755656108597286
776,1.0,0.13821138211382114
777,0.9884023,0.35811360204437215
778,1.0,0.17531938026637672
779,1.0,0.14052953156822812
780,0.99957186,0.12483169840353914
781,1.0,0.12550607287449392
782,1.0,0.16746953811277981
783,1.0,0.13821138211382114
784,1.0,0.13821138211382114
785,1.0,0.13810665068903535
786,1.0,0.15870786516853932
787,0.9549287,0.5259235600979453
788,1.0,0.13825301204819276
789,1.0,0.13737252549490103
790,1.0,0.13755656108597286
791,1.0,0.1431980906921241
792,1.0,0.13821138211382114
793,1.0,0.13821138211382114
794,0.99770683,0.15719873346991992
795,1.0,0.18789407313997478
796,0.99984574,0.16212361331220285
797,1.0,0.13821138211382114
798,1.0,0.13796212804328223
799,0.837209,0.37026116259477676
800,1.0,0.13821138211382114
801,1.0,0.13821138211382114
802,1.0,0.18573232323232322
803,0.93332654,0.34694351003363877
804,0.5547949,0.17092541436464087
805,1.0,0.13821138211382114
806,0.3866462,0.25726435152374205
807,0.7814563,0.37354236848924594
808,1.0,0.1448377581120944
809,1.0,0.13821138211382114
810,0.947741,0.3053321786465421
811,1.0,0.13821138211382114
812,0.9478075,0.4353096759973551
813,0.9389218,0.1355646520587527
814,1.0,0.13821138211382114
815,0.9260998,0.28631826189078097
816,1.0,0.185835121828052
817,1.0,0.13841978287092882
818,1.0,0.06982362889586857
819,1.0,0.15699000175407823
820,1.0,0.13765060240963856
821,1.0,0.13821138211382114
822,1.0,0.13821138211382114
823,1.0,0.14867617107942974
824,1.0,0.13821138211382114
825,0.7918621,0.2333453366942744
826,0.6487131,0.21553884711779447
827,1.0,0.13821138211382114
828,1.0,0.13821138211382114
829,1.0,0.132890365448505
830,1.0,0.13821138211382114
831,0.90715295,0.24310344827586206
832,1.0,0.13821138211382114
833,1.0,0.14410719168717528
834,1.0,0.13821138211382114
835,0.9275757,0.15804913824715805
836,1.0,0.13821138211382114
837,0.9548615,0.26959954878736603
838,1.0,0.10528260066494274
839,1.0,0.1469208211143695
840,1.0,0.18540035362465268
841,1.0,0.1382946670683941
842,1.0,0.1399337947637677
843,0.7886496,0.5278207907504904
844,1.0,0.13821138211382114
845,1.0,0.13821138211382114
846,1.0,0.13821138211382114
847,0.9999868,0.18255451713395637
848,1.0,0.13821138211382114
849,1.0,0.13821138211382114
850,1.0,0.13825301204819276
851,0.693332,0.2844976549000247
852,1.0,0.13821138211382114
853,0.7458185,0.6404693817177793
854,1.0,0.13821138211382114
855,1.0,0.13986013986013987
856,1.0,0.13821138211382114
857,1.0,0.13821138211382114
858,1.0,0.13821138211382114
859,1.0,0.13821138211382114
860,1.0,0.13821138211382114
861,1.0,0.13821138211382114
862,0.9584662,0.250808256652574
863,1.0,0.13821138211382114
864,1.0,0.13821138211382114
865,1.0,0.13821138211382114
866,0.7623476,0.10920152091254753
867,0.8706798,0.2613480055020633
868,1.0,0.13888066331063073
869,1.0,0.11600353669319187
870,1.0,0.13639088729016788
871,1.0,0.13821138211382114
872,1.0,0.16303647377239336
873,1.0,0.13821138211382114
874,1.0,0.13791044776119402
875,1.0,0.1254681647940075
876,1.0,0.13821138211382114
877,1.0,0.13825301204819276
878,1.0,0.10931647940074907
879,0.6496086,0.21156971075723108
880,1.0,0.13821138211382114
881,1.0,0.1679804294645284
882,1.0,0.13821138211382114
883,1.0,0.13821138211382114
884,0.9360585,0.14228675136116153
885,0.99999976,0.09907021481243988
886,1.0,0.13821138211382114
887,1.0,0.1354198013842913
888,1.0,0.13821138211382114
889,1.0,0.13821138211382114
890,0.9172803,0.6893476300230484
891,1.0,0.13821138211382114
892,1.0,0.18161036322072643
893,1.0,0.13997591812161347
894,1.0,0.13821138211382114
895,0.9362088,0.39637462235649545
896,1.0,0.13821138211382114
897,0.8194054,0.13676954410151967
898,0.9895643,0.1406926406926407
899,1.0,0.1390229191797346
900,1.0,0.13691194209891436
901,0.704587,0.29405940594059404
902,0.78431934,0.08672467022172327
903,1.0,0.13695652173913042
904,0.5105962,0.33200531208499334
905,1.0,0.18540035362465268
906,1.0,0.13821138211382114
907,0.9138493,0.24931183641368462
908,0.999019,0.16105941302791696
909,1.0,0.13821138211382114
910,1.0,0.18540035362465268
911,1.0,0.18424156640717151
912,1.0,0.13821138211382114
913,1.0,0.13821138211382114
914,1.0,0.14003537735849056
915,0.96813846,0.3096024303262449
916,1.0,0.13821138211382114
917,1.0,0.13821138211382114
918,0.99986243,0.15628691983122364
919,0.43425712,0.3612004287245445
920,1.0,0.13821138211382114
921,1.0,0.18540035362465268
922,0.5761242,0.1658626234780611
923,1.0,0.12894659191501917
924,0.98398507,0.4311152764761012
925,0.5767132,0.09691269679002248
926,1.0,0.13821138211382114
927,1.0,0.13821138211382114
928,1.0,0.13821138211382114
929,1.0,0.13821138211382114
930,0.68120015,0.5533036076205918
931,1.0,0.15906508683655252
932,1.0,0.13821138211382114
933,1.0,0.19034920634920635
934,1.0,0.13821138211382114
935,1.0,0.13821138211382114
936,1.0,0.14088314809252028
937,1.0,0.13188518231186966
938,1.0,0.18540035362465268
939,0.9257955,0.34632503308071694
940,1.0,0.18540035362465268
941,0.976386,0.033169533169533166
942,0.933681,0.1519341308062762
943,1.0,0.13821138211382114
944,1.0,0.13821138211382114
945,1.0,0.18545638176997853
946,1.0,0.13821138211382114
947,0.97421134,0.3334990059642147
948,1.0,0.17809452363090772
949,1.0,0.1802076970067196
950,1.0,0.1377245508982036
951,1.0,0.129601613716591
952,1.0,0.13821138211382114
953,1.0,0.13821138211382114
954,0.90081227,0.5531624290817398
955,1.0,0.18540035362465268
956,0.9999996,0.13554434030281182
957,1.0,0.15136436597110756
958,1.0,0.13824328403259886
959,1.0,0.13821138211382114
960,1.0,0.13821138211382114
961,1.0,0.13821138211382114
962,1.0,0.13821138211382114
963,1.0,0.13821138211382114
964,1.0,0.13821138211382114
965,1.0,0.12770682953914492
966,1.0,0.13825301204819276
967,0.84124243,0.3424773413897281
968,0.79506844,0.32588868101029
969,1.0,0.13821138211382114
970,1.0,0.18542377163066817
971,1.0,0.13821138211382114
972,1.0,0.13821138211382114
973,1.0,0.13821138211382114
974,1.0,0.13821138211382114
975,1.0,0.13821138211382114
976,0.95901453,0.051610399689561506
977,1.0,0.13821138211382114
978,0.64770967,0.3245382585751979
979,1.0,0.141632170313424
980,1.0,0.13825301204819276
981,0.616184,0.35659287776708376
982,1.0,0.13821138211382114
983,1.0,0.13821138211382114
984,0.99997556,0.10493827160493827
985,1.0,0.13821138211382114
986,0.99998534,0.126617120836774
987,1.0,0.13821138211382114
988,1.0,0.1399337947637677
989,0.914987,0.2596126047990749
990,1.0,0.13821138211382114
991,1.0,0.13821138211382114
992,1.0,0.13825301204819276
993,1.0,0.13821138211382114
994,1.0,0.13250883392226148
995,1.0,0.13821138211382114
996,1.0,0.1383780524570395
997,1.0,0.13821138211382114
998,1.0,0.13821138211382114
999,0.97287124,0.16018974639664293
1000,1.0,0.13821138211382114
1001,1.0,0.13821138211382114
1002,1.0,0.13821138211382114
1003,1.0,0.13821138211382114
1004,1.0,0.18540035362465268
1005,0.93950593,0.2784745589884776
1006,1.0,0.13868832731648617
1007,1.0,0.13821138211382114
1008,1.0,0.1385959626393492
1009,0.99982226,0.14804123711340206
1010,0.9511517,0.22772277227722773
1011,0.9343501,0.11093990755007704
1012,1.0,0.1319782421986831
1013,0.7334995,0.2401977305920683
1014,1.0,0.13726652831307443
1015,1.0,0.13821138211382114
1016,1.0,0.14986655717511804
1017,1.0,0.13821138211382114
1018,1.0,0.1413237924865832
1019,1.0,0.13821138211382114
1020,1.0,0.13812819741197713
1021,1.0,0.1383780524570395
1022,1.0,0.13821138211382114
1023,1.0,0.1482456140350877
1024,0.8486148,0.3046158060539652
1025,1.0,0.1490162037037037
1026,0.7165243,0.47322889876081364
1027,0.9999766,0.14816443174324026
1028,1.0,0.13821138211382114
1029,1.0,0.1381697772426249
1030,1.0,0.1618181818181818
1031,1.0,0.18570887514202752
1032,0.8596981,0.5199955932576843
1033,1.0,0.18540035362465268
1034,1.0,0.13821138211382114
1035,1.0,0.13821138211382114
1036,1.0,0.13795180722891567
1037,1.0,0.1385959626393492
1038,0.97260904,0.36913597535359194
1039,1.0,0.14014380681047348
1040,1.0,0.13821138211382114
1041,1.0,0.1961973638166336
1042,1.0,0.11727304839279407
1043,1.0,0.13821138211382114
1044,0.9052748,0.13029661016949154
1045,1.0,0.13821138211382114
1046,0.864054,0.5388725329844074
1047,1.0,0.15286049449557843
1048,1.0,0.14040373606507983
1049,0.93775034,0.1011526699600094
1050,0.9999502,0.16257158692037688
1051,1.0,0.13821138211382114
1052,1.0,0.13821138211382114
1053,1.0,0.15393354160749786
1054,1.0,0.185044840217254
1055,0.61954176,0.7516200891049007
1056,1.0,0.13821138211382114
1057,1.0,0.13685800604229606
1058,1.0,0.13825301204819276
1059,0.99965346,0.13802950975725845
1060,0.9827032,0.2147714907508161
1061,0.9998133,0.16896037141435916
1062,1.0,0.14200298953662183
1063,0.75402874,0.24103367267032105
1064,0.977955,0.27107061503416857
1065,1.0,0.1412247289774392
1066,1.0,0.13821138211382114
1067,1.0,0.15179466613194306
1068,1.0,0.24138770541692026
1069,0.9999934,0.1455090943183949
1070,0.75344557,0.34330082135523615
1071,1.0,0.1488560671879525
1072,1.0,0.1373792270531401
1073,1.0,0.13821138211382114
1074,1.0,0.13821138211382114
1075,1.0,0.1311622348371676
1076,0.9999995,0.12852283770651118
1077,1.0,0.13493169779760245
1078,1.0,0.13821138211382114
1079,1.0,0.13730723606168446
1080,0.9999998,0.12700841622035194
1081,1.0,0.13645990922844176
1082,1.0,0.13821138211382114
1083,0.9294421,0.20242042440318303
1084,1.0,0.13830426939266385
1085,0.87487566,0.18560197317712349
1086,1.0,0.13825301204819276
1087,1.0,0.1385216346153846
1088,1.0,0.14997137950772754
1089,1.0,0.182444733420026
1090,0.96720517,0.4904306220095694
1091,1.0,0.1378582202111614
1092,1.0,0.13381995133819952
1093,1.0,0.13821138211382114
1094,0.99999994,0.1522077922077922
1095,0.8771445,0.6089030206677265
1096,1.0,0.13821138211382114
1097,1.0,0.1381697772426249
1098,0.9886475,0.10785562632696391
1099,1.0,0.13821138211382114
1100,1.0,0.13821138211382114
1101,1.0,0.13825301204819276
1102,1.0,0.14445425125036776
1103,1.0,0.11906092789267747
1104,1.0,0.13780598368087035
1105,1.0,0.13821138211382114
1106,1.0,0.13743218806509946
1107,1.0,0.374469062105384
1108,1.0,0.2657265481299816
1109,1.0,0.13825301204819276
1110,1.0,0.13821138211382114
1111,1.0,0.13821138211382114
1112,1.0,0.16199551569506726
1113,1.0,0.13821138211382114
1114,1.0,0.13847080072245635
1115,1.0,0.15349238286864042
1116,1.0,0.13573573573573575
1117,1.0,0.13763960156957442
1118,1.0,0.17568873852102465
1119,1.0,0.18540035362465268
1120,1.0,0.13825301204819276
1121,1.0,0.13773696682464456
1122,1.0,0.06091148115687993
1123,1.0,0.13755656108597286
1124,1.0,0.13821138211382114
1125,1.0,0.13821138211382114
1126,1.0,0.13801380138013802
1127,1.0,0.13821138211382114
1128,1.0,0.13880685174246898
1129,1.0,0.13821138211382114
1130,0.9999994,0.1082942097026604
1131,1.0,0.12760340275740686
1132,1.0,0.1377335744424352
1133,0.9999792,0.07919463087248323
1134,1.0,0.130546955624355
1135,1.0,0.33919387633058246
1136,1.0,0.1380239520958084
1137,0.6462223,0.6293662413720978
1138,0.7080112,0.5353246478127317
1139,1.0,0.13821138211382114
1140,1.0,0.13821138211382114
1141,1.0,0.13821138211382114
1142,1.0,0.18540035362465268
1143,1.0,0.13821138211382114
1144,1.0,0.13821138211382114
1145,1.0,0.13846153846153847
1146,1.0,0.14427672955974843
1147,1.0,0.1382946670683941
1148,1.0,0.14200298953662183
1149,1.0,0.13812819741197713
1150,1.0,0.13796212804328223
1151,1.0,0.13867791842475385
1152,1.0,0.13821138211382114
1153,1.0,0.13824328403259886
1154,0.96996504,0.7098534613441132
1155,1.0,0.13821138211382114
1156,1.0,0.20272251308900524
1157,1.0,0.13821138211382114
1158,1.0,0.1382946670683941
1159,1.0,0.13821138211382114
1160,0.99987286,0.15841242450388265
1161,1.0,0.13821138211382114
1162,1.0,0.14727325750947798
1163,1.0,0.18540035362465268
1164,1.0,0.13867952969550798
1165,1.0,0.2813522355507088
1166,1.0,0.13301435406698564
1167,1.0,0.15721102863202546
1168,1.0,0.13753408058164193
1169,1.0,0.13522388059701493
1170,1.0,0.13821138211382114
1171,0.81524634,0.5292342090553381
1172,0.99430597,0.18903263178219734
1173,1.0,0.18540035362465268
1174,1.0,0.13821138211382114
1175,1.0,0.13821138211382114
1176,1.0,0.18540035362465268
1177,1.0,0.13821138211382114
1178,0.9362291,0.32156464312928623
1179,0.600724,0.15217862562323867
1180,1.0,0.14174873172187408
1181,1.0,0.13821138211382114
1182,1.0,0.13821138211382114
1183,1.0,0.13821138211382114
1184,1.0,0.13635010419767787
1185,1.0,0.1383363471971067
1186,1.0,0.5728590800041723
1187,1.0,0.13842913030394222
1188,1.0,0.18540035362465268
1189,1.0,0.13821138211382114
1190,1.0,0.14127174565086983
1191,1.0,0.1375980687990344
1192,1.0,0.12095507382972039
1193,0.9599577,0.17537975932136515
1194,1.0,0.18333333333333332
1195,1.0,0.18540035362465268
1196,1.0,0.15
1197,1.0,0.13821138211382114
1198,1.0,0.13821138211382114
1199,1.0,0.13821138211382114
1200,0.86398673,0.5487228003784295
1201,1.0,0.08056222146040452
1202,0.9455941,0.04755799044177643
1203,1.0,0.13796212804328223
1204,1.0,0.13821138211382114
1205,1.0,0.13842913030394222
1206,0.99999654,0.0705521472392638
1207,1.0,0.13821138211382114
1208,1.0,0.18540035362465268
1209,0.9999898,0.3090267983074753
1210,1.0,0.13821138211382114
1211,1.0,0.13821138211382114
1212,0.6105522,0.28030759951749096
1213,1.0,0.13825983313468415
1214,0.9999898,0.1373929590865842
1215,1.0,0.13787969029184038
1216,1.0,0.13821138211382114
1217,1.0,0.13821138211382114
1218,0.9997429,0.15732993815933066
1219,0.99999964,0.1295484436650592
1220,0.8046341,0.23558433549182856
1221,1.0,0.13821138211382114
1222,1.0,0.13821138211382114
1223,1.0,0.13821138211382114
1224,1.0,0.13821138211382114
1225,1.0,0.18502147006819905
1226,1.0,0.18540035362465268
1227,0.70896715,0.2647891521382804
1228,1.0,0.13821138211382114
1229,1.0,0.13821138211382114
1230,0.93743765,0.354072771243267
1231,1.0,0.13821138211382114
1232,1.0,0.1375453446191052
1233,1.0,0.1383422778771616
1234,1.0,0.13825301204819276
1235,1.0,0.18540035362465268
1236,1.0,0.14277251184834122
1237,1.0,0.13821138211382114
1238,1.0,0.13821138211382114
1239,1.0,0.13171774768353528
1240,1.0,0.14472123368920523
1241,0.99999994,0.13821138211382114
1242,1.0,0.18540035362465268
1243,1.0,0.14205490848585692
1244,1.0,0.13821138211382114
1245,0.99917287,0.1583652618135377
1246,1.0,0.14323843416370108
1247,1.0,0.14556609035136642
1248,1.0,0.13821138211382114
1249,1.0,0.13821138211382114
1250,1.0,0.12230419977298525
1251,1.0,0.13821138211382114
1252,1.0,0.18540035362465268
1253,1.0,0.36945107398568017
1254,0.6459061,0.17884322678843226
1255,1.0,0.1382946670683941
1256,1.0,0.14625816172777498
1257,1.0,0.13719057560393677
1258,1.0,0.18540035362465268
1259,1.0,0.1530758226037196
1260,1.0,0.13821138211382114
1261,1.0,0.18484477124183007
1262,1.0,0.13821138211382114
1263,1.0,0.13821138211382114
1264,1.0,0.20773070523486498
1265,1.0,0.14393679148059085
1266,1.0,0.13821138211382114
1267,1.0,0.13821138211382114
1268,1.0,0.18540035362465268
1269,1.0,0.18540035362465268
1270,1.0,0.13821138211382114
1271,1.0,0.13821138211382114
1272,1.0,0.13821138211382114
1273,1.0,0.18540035362465268
1274,0.999648,0.2771173848439822
1275,0.91330117,0.18656462585034014
1276,1.0,0.19005037783375314
1277,1.0,0.13821138211382114
1278,1.0,0.14306828258941767
1279,1.0,0.09848156182212581
1280,0.99999946,0.13307519869574078
1281,1.0,0.13821138211382114
1282,1.0,0.13821138211382114
1283,0.9276022,0.22527472527472528
1284,1.0,0.1382946670683941
1285,1.0,0.13821138211382114
1286,1.0,0.13772274237390517
1287,1.0,0.18540035362465268
1288,1.0,0.1501736111111111
1289,1.0,0.06871437618746042
1290,0.97816885,0.0877814318239312
1291,1.0,0.1611935585727818
1292,1.0,0.13821138211382114
1293,1.0,0.13821138211382114
1294,1.0,0.18540035362465268
1295,1.0,0.13821138211382114
1296,1.0,0.1421758569299553
1297,1.0,0.13580963435867674
1298,1.0,0.13821138211382114
1299,1.0,0.13821138211382114
1300,1.0,0.13670581150255948
1301,0.77077043,0.41723955579058697
1302,1.0,0.13821138211382114
1303,1.0,0.13980114492316964
1304,1.0,0.18540035362465268
1305,1.0,0.14010244049412474
1306,0.96360135,0.17931521355453583
1307,0.99995786,0.1586765698852127
1308,1.0,0.13821138211382114
1309,1.0,0.13821138211382114
1310,1.0,0.13825301204819276
1311,0.77645576,0.436539108966446
1312,1.0,0.13821138211382114
1313,1.0,0.1386255924170616
1314,0.9056888,0.2692738682205289
1315,1.0,0.13821138211382114
1316,1.0,0.18540035362465268
1317,1.0,0.13821138211382114
1318,1.0,0.13825301204819276
1319,1.0,0.14027149321266968
1320,1.0,0.25286935286935286
1321,1.0,0.11884787472035795
1322,1.0,0.13821138211382114
1323,1.0,0.13821138211382114
1324,1.0,0.13821138211382114
1325,1.0,0.1506501744370441
1326,1.0,0.13821138211382114
1327,0.96945184,0.18544010589013898
1328,1.0,0.13821138211382114
1329,1.0,0.15294787809740815
1330,1.0,0.13821138211382114
1331,1.0,0.18540035362465268
1332,1.0,0.18690176322418137
1333,1.0,0.13821138211382114
1334,1.0,0.13820156910078454
1335,1.0,0.03904136064940085
1336,1.0,0.13821138211382114
1337,1.0,0.10572687224669604
1338,1.0,0.13830426939266385
1339,0.9170703,0.36682495143535504
1340,1.0,0.18540035362465268
1341,1.0,0.13821138211382114
1342,1.0,0.18746848209783157
1343,1.0,0.18540035362465268
1344,1.0,0.13821138211382114
1345,1.0,0.13821138211382114
1346,1.0,0.13757575757575757
1347,1.0,0.13821138211382114
1348,1.0,0.18624605678233438
1349,1.0,0.13821138211382114
1350,0.83404344,0.42464403066812706
1351,1.0,0.13821138211382114
1352,1.0,0.13821138211382114
1353,0.9999421,0.2622689611217336
1354,1.0,0.18540035362465268
1355,1.0,0.13755656108597286
1356,1.0,0.13821138211382114
1357,1.0,0.13821138211382114
1358,1.0,0.15393452039058012
1359,1.0,0.13821138211382114
1360,1.0,0.13752983293556087
1361,1.0,0.13825301204819276
1362,1.0,0.13821138211382114
1363,1.0,0.14040373606507983
1364,1.0,0.13821138211382114
1365,1.0,0.1375980687990344
1366,1.0,0.13821138211382114
1367,0.99991935,0.2683246073298429
1368,0.75040406,0.6263231475933693
1369,1.0,0.18540035362465268
1370,0.9999924,0.14645396886411685
1371,1.0,0.18540035362465268
1372,1.0,0.08407811982787157
1373,1.0,0.13333333333333333
1374,1.0,0.13825301204819276
1375,1.0,0.16750418760469013
1376,1.0,0.18540035362465268
1377,1.0,0.1356447688564477
1378,1.0,0.13821138211382114
1379,1.0,0.13821138211382114
1380,1.0,0.13821138211382114
1381,1.0,0.13821138211382114
1382,0.6423631,0.23088181485547019
1383,1.0,0.13821138211382114
1384,1.0,0.18540035362465268
1385,1.0,0.06668958404950155
1386,1.0,0.13821138211382114
1387,1.0,0.18540035362465268
1388,1.0,0.1636904761904762
1389,0.9999997,0.13610345558617765
1390,0.99999017,0.1547244094488189
1391,1.0,0.18540035362465268
1392,1.0,0.13821138211382114
1393,1.0,0.18540035362465268
1394,1.0,0.18540035362465268
1395,1.0,0.13821138211382114
1396,1.0,0.18502147006819905
1397,1.0,0.13821138211382114
1398,1.0,0.0705596107055961
1399,0.9120892,0.10845481049562682
1400,1.0,0.1320281124497992
1401,1.0,0.18547979797979797
1402,1.0,0.13821138211382114
1403,1.0,0.13821138211382114
1404,1.0,0.13841978287092882
1405,1.0,0.13821138211382114
1406,1.0,0.1385959626393492
1407,1.0,0.13821138211382114
1408,1.0,0.13821138211382114
1409,1.0,0.13744782349433513
1410,1.0,0.18540035362465268
1411,1.0,0.13821138211382114
1412,1.0,0.13821138211382114
1413,1.0,0.13821138211382114
1414,1.0,0.14878892733564014
1415,1.0,0.14371078577830892
1416,1.0,0.13821138211382114
1417,1.0,0.13821138211382114
1418,1.0,0.18738988170148502
1419,1.0,0.13821138211382114
1420,1.0,0.19531445752944124
1421,1.0,0.13825301204819276
1422,1.0,0.13826269912834385
1423,1.0,0.5152948943661971
1424,1.0,0.18540035362465268
1425,1.0,0.18540035362465268
1426,1.0,0.3986541362106973
1427,1.0,0.19343539180072652
1428,0.8274489,0.3468077517536559
1429,1.0,0.15322812051649928
1430,1.0,0.13821138211382114
1431,1.0,0.1382946670683941
1432,1.0,0.13821138211382114
1433,0.9999986,0.14743446112480393
1434,1.0,0.13821138211382114
1435,1.0,0.13821138211382114
1436,1.0,0.13821138211382114
1437,0.7264366,0.0541002277904328
1438,1.0,0.13821138211382114
1439,1.0,0.13821138211382114
1440,1.0,0.13821138211382114
1441,1.0,0.13821138211382114
1442,0.86216736,0.1397712833545108
1443,1.0,0.18540035362465268
1444,1.0,0.13821138211382114
1445,1.0,0.1440071556350626
1446,1.0,0.13821138211382114
1447,1.0,0.13356164383561644
1448,1.0,0.18562949867407502
1449,1.0,0.13821138211382114
1450,1.0,0.13796212804328223
1451,0.5818131,0.6095980560899058
1452,1.0,0.13821138211382114
1453,1.0,0.13821138211382114
1454,1.0,0.18540035362465268
1455,1.0,0.18540035362465268
1456,1.0,0.13821138211382114
1457,0.94909364,0.2587883320867614
1458,0.9200277,0.10557392536608408
1459,1.0,0.13821138211382114
1460,1.0,0.13821138211382114
1461,1.0,0.11036339165545088
1462,1.0,0.13821138211382114
1463,1.0,0.13821138211382114
1464,1.0,0.13821138211382114
1465,1.0,0.18540035362465268
1466,1.0,0.13821138211382114
1467,1.0,0.13827234553089382
1468,1.0,0.10235580828594638
1469,1.0,0.18540035362465268
1470,1.0,0.14165666266506602
1471,0.9999819,0.16226023846552617
1472,1.0,0.13505402160864347
1473,0.99999726,0.14176049129989765
1474,0.9116935,0.273850377487989
1475,0.9997712,0.1298155498482372
1476,1.0,0.13821138211382114
1477,0.7988238,0.35169342552443456
1478,1.0,0.13560371517027864
1479,1.0,0.13811821471652594
1480,1.0,0.1375980687990344
1481,1.0,0.13821138211382114
1482,1.0,0.13821138211382114
1483,1.0,0.13821138211382114
1484,1.0,0.13821138211382114
1485,1.0,0.13821138211382114
1486,1.0,0.18540035362465268
1487,1.0,0.0912566913076727
1488,1.0,0.193382891843786
1489,1.0,0.13821138211382114
1490,1.0,0.13953488372093023
1491,1.0,0.13821138211382114
1492,1.0,0.11848422496570644
1493,0.93180084,0.35472267347412395
1494,1.0,0.13821138211382114
1495,1.0,0.16453882230328296
1496,1.0,0.1377352853301464
1497,1.0,0.12740010378827193
1498,1.0,0.13821138211382114
1499,0.94883907,0.11344211344211344
1500,1.0,0.13821138211382114
1501,0.99999994,0.11604095563139932
1502,0.99995,0.15914332784184515
1503,1.0,0.1810057558315662
1504,1.0,0.13821138211382114
1505,1.0,0.1200328407224959
1506,1.0,0.13825301204819276
1507,1.0,0.18540035362465268
1508,1.0,0.13159454653230587
1509,1.0,0.20763838530335993
1510,1.0,0.13821138211382114
1511,1.0,0.13821138211382114
1512,1.0,0.1294351405052512
1513,0.99891984,0.16547114444082164
1514,1.0,0.18540035362465268
1515,1.0,0.13820156910078454
1516,1.0,0.13821138211382114
1517,1.0,0.13825301204819276
1518,1.0,0.13821138211382114
1519,1.0,0.18540035362465268
1520,1.0,0.5312565335563454
1521,1.0,0.13748881598568446
1522,0.6853283,0.15258855585831063
1523,1.0,0.14213046080191502
1524,1.0,0.18540035362465268
1525,1.0,0.1389267849022283
1526,1.0,0.1880352644836272
1527,1.0,0.13751507840772015
1528,0.92984414,0.2961223506743738
1529,1.0,0.13841978287092882
1530,1.0,0.13825301204819276
1531,1.0,0.4378384606521489
1532,1.0,0.18540035362465268
1533,1.0,0.13821138211382114
1534,1.0,0.16516634050880627
1535,0.9999988,0.14015364436949598
1536,1.0,0.13821138211382114
1537,1.0,0.13257459243309752
1538,1.0,0.13821138211382114
1539,1.0,0.13902652287962694
1540,1.0,0.13821138211382114
1541,1.0,0.13766155695822063
1542,1.0,0.13803496081977096
1543,1.0,0.13821138211382114
1544,0.99980956,0.1539835164835165
1545,0.89957047,0.06283883686545096
1546,1.0,0.13821138211382114
1547,1.0,0.13821138211382114
1548,1.0,0.13821138211382114
1549,1.0,0.13821138211382114
1550,1.0,0.1852740591058348
1551,1.0,0.13821138211382114
1552,1.0,0.13821138211382114
1553,1.0,0.1382946670683941
1554,0.99994475,0.15110004151100043
1555,1.0,0.13821138211382114
1556,1.0,0.18540035362465268
1557,1.0,0.1810057558315662
1558,1.0,0.13821138211382114
1559,0.9993587,0.16031447615792171
1560,1.0,0.13821138211382114
1561,1.0,0.18540035362465268
1562,0.8687361,0.018668545262416344
1563,0.7922377,0.24354401483806534
1564,1.0,0.13821138211382114
1565,1.0,0.09193494855625622
1566,1.0,0.13821138211382114
1567,1.0,0.14170161773517076
1568,0.9137723,0.41448254428675024
1569,1.0,0.13821138211382114
1570,1.0,0.13825301204819276
1571,0.9998989,0.17631296891747053
1572,0.9999999,0.2447118891320204
1573,1.0,0.13821138211382114
1574,0.91581655,0.3265228906545592
1575,1.0,0.1375980687990344
1576,1.0,0.13821138211382114
1577,1.0,0.13682331945270673
1578,1.0,0.13821138211382114
1579,1.0,0.13821138211382114
1580,0.79940873,0.10142838422225134
1581,1.0,0.18746057777217107
1582,1.0,0.13821138211382114
1583,1.0,0.08956796628029505
1584,1.0,0.13821138211382114
1585,1.0,0.13821138211382114
1586,1.0,0.13798309178743962
1587,1.0,0.13821138211382114
1588,1.0,0.13204873901955227
1589,1.0,0.13821138211382114
1590,1.0,0.18540035362465268
1591,1.0,0.13821138211382114
1592,0.94351345,0.4281641254493616
1593,1.0,0.18540035362465268
1594,1.0,0.13821138211382114
1595,1.0,0.1909350841893466
1596,1.0,0.13821138211382114
1597,1.0,0.08339828526890102
1598,1.0,0.14010244049412474
1599,1.0,0.13821138211382114
1600,1.0,0.13637766121567418
1601,1.0,0.13432383262583383
1602,1.0,0.1382946670683941
1603,0.9902951,0.16266025641025642
1604,0.999995,0.1443169968717414
1605,0.87411577,0.16334913112164298
1606,0.9228613,0.2725752508361204
1607,1.0,0.13821138211382114
1608,1.0,0.13821138211382114
1609,1.0,0.13851249623607348
1610,1.0,0.12638454984379438
1611,1.0,0.13821138211382114
1612,1.0,0.4852597619312493
1613,1.0,0.13821138211382114
1614,1.0,0.13821138211382114
1615,1.0,0.45205173951828725
1616,1.0,0.18540035362465268
1617,1.0,0.1382946670683941
1618,0.76260036,0.24606727202967132
1619,1.0,0.13435527502254282
1620,1.0,0.13236961451247165
1621,1.0,0.13821138211382114
1622,1.0,0.13821138211382114
1623,1.0,0.12544483985765126
1624,1.0,0.13821138211382114
1625,1.0,0.13825301204819276
1626,1.0,0.13821138211382114
1627,1.0,0.14222222222222222
1628,1.0,0.13821138211382114
1629,1.0,0.3323452691486839
1630,0.9180001,0.33945790982538443
1631,1.0,0.18540035362465268
1632,1.0,0.18540035362465268
1633,1.0,0.13825301204819276
1634,1.0,0.13821138211382114
1635,1.0,0.13821138211382114
1636,1.0,0.13821138211382114
1637,1.0,0.13821138211382114
1638,1.0,0.13821138211382114
1639,1.0,0.13821138211382114
1640,1.0,0.13868832731648617
1641,1.0,0.13821138211382114
1642,1.0,0.13821138211382114
1643,1.0,0.05979005020538567
1644,1.0,0.13821138211382114
1645,1.0,0.1856060606060606
1646,1.0,0.13821138211382114
1647,1.0,0.13924812030075187
1648,1.0,0.18540035362465268
1649,1.0,0.1468640436306973
1650,0.9987052,0.24614197530864199
1651,1.0,0.13743218806509946
1652,0.7997418,0.3291258084706864
1653,1.0,0.13825301204819276
1654,1.0,0.13821138211382114
1655,0.70837235,0.3891361405911218
1656,1.0,0.1382946670683941
1657,1.0,0.13821138211382114
1658,0.9999998,0.1871927391907223
1659,1.0,0.137125748502994
1660,1.0,0.13821138211382114
1661,0.98494625,0.15331853943917692
1662,1.0,0.13666072489601902
1663,1.0,0.13821138211382114
1664,1.0,0.18540035362465268
1665,1.0,0.1434074074074074
1666,1.0,0.13821138211382114
1667,0.49458045,0.21
1668,1.0,0.13821138211382114
1669,1.0,0.13821138211382114
1670,1.0,0.14678362573099416
1671,0.78014815,0.12065498419994254
1672,1.0,0.13825301204819276
1673,1.0,0.13821138211382114
1674,1.0,0.18529746115953014
1675,1.0,0.13821138211382114
1676,0.7012526,0.08478499208186137
1677,1.0,0.13821138211382114
1678,1.0,0.13821138211382114
1679,1.0,0.13825301204819276
1680,1.0,0.13821138211382114
1681,1.0,0.20335749713849677
1682,1.0,0.13821138211382114
1683,1.0,0.13821138211382114
1684,1.0,0.13825301204819276
1685,1.0,0.13821138211382114
1686,1.0,0.13821138211382114
1687,1.0,0.13888066331063073
1688,1.0,0.13812819741197713
1689,1.0,0.13821138211382114
1690,1.0,0.13821138211382114
1691,0.99999994,0.07052992756385817
1692,1.0,0.1397169527250828
1693,1.0,0.13603014078921277
1694,1.0,0.16652625666947488
1695,1.0,0.13821138211382114
1696,1.0,0.13821138211382114
1697,0.60760266,0.29834176503653737
1698,0.5876686,0.07459775719161385
1699,0.9999933,0.19947203431776933
1700,1.0,0.13821138211382114
1701,1.0,0.17400881057268722
1702,0.99825466,0.15049958368026645
1703,0.9999971,0.12324929971988796
1704,1.0,0.1383780524570395
1705,0.16510797,0.41126436781609194
1706,1.0,0.13997591812161347
1707,1.0,0.13821138211382114
1708,1.0,0.13821138211382114
1709,1.0,0.13821138211382114
1710,1.0,0.13821138211382114
1711,0.99999994,0.1757373595505618
1712,1.0,0.13821138211382114
1713,1.0,0.14580265095729014
1714,1.0,0.13821138211382114
1715,1.0,0.1434074074074074
1716,1.0,0.13821138211382114
1717,1.0,0.13821138211382114
1718,1.0,0.13821138211382114
1719,1.0,0.18540035362465268
1720,1.0,0.13821138211382114
1721,1.0,0.13821138211382114
1722,1.0,0.14170161773517076
1723,1.0,0.13821138211382114
1724,1.0,0.13821138211382114
1725,1.0,0.13821138211382114
1726,1.0,0.1593245227606461
1727,1.0,0.13821138211382114
1728,1.0,0.18540035362465268
1729,1.0,0.13821138211382114
1730,1.0,0.18540035362465268
1731,1.0,0.13821138211382114
1732,0.84616673,0.6543671653861707
1733,1.0,0.1371517027863777
1734,1.0,0.18522727272727274
1735,1.0,0.18540035362465268
1736,1.0,0.0834717607973422
1737,1.0,0.17584932230241154
1738,1.0,0.13821138211382114
1739,0.7200546,0.06178707224334601
1740,1.0,0.13821138211382114
1741,1.0,0.13821138211382114
1742,1.0,0.1381697772426249
1743,1.0,0.13821138211382114
1744,1.0,0.13825301204819276
1745,0.9999988,0.14306064306064306
1746,1.0,0.18540035362465268
1747,1.0,0.1392062537582682
1748,1.0,0.04945831370701837
1749,1.0,0.18540035362465268
1750,1.0,0.13820156910078454
1751,1.0,0.18540035362465268
1752,1.0,0.1382946670683941
1753,1.0,0.13821138211382114
1754,1.0,0.13842913030394222
1755,1.0,0.13821138211382114
1756,1.0,0.14847658026375626
1757,1.0,0.1822684497275879
1758,0.89306337,0.04683352294273796
1759,1.0,0.13821138211382114
1760,1.0,0.18540035362465268
1761,1.0,0.13760915386931646
1762,0.98659915,0.09570348515581781
1763,1.0,0.13821138211382114
1764,1.0,0.14391691394658754
1765,1.0,0.13751375137513752
1766,1.0,0.13821138211382114
1767,1.0,0.1852740591058348
1768,1.0,0.13821138211382114
1769,0.712777,0.8238220661398888
1770,1.0,0.13821138211382114
1771,1.0,0.13821138211382114
1772,1.0,0.13821138211382114
1773,1.0,0.13821138211382114
1774,1.0,0.13821138211382114
1775,1.0,0.18484477124183007
1776,1.0,0.13675724096745298
1777,1.0,0.13821138211382114
1778,1.0,0.1739011739011739
1779,1.0,0.1802076970067196
1780,1.0,0.13725490196078433
1781,1.0,0.13821138211382114
1782,1.0,0.2847994200096665
1783,1.0,0.1386651323360184
1784,1.0,0.13463687150837989
1785,0.99999505,0.2793902081501026
1786,1.0,0.11949828962371722
1787,1.0,0.13825301204819276
1788,1.0,0.18540035362465268
1789,1.0,0.1257332313185412
1790,1.0,0.13821138211382114
1791,1.0,0.13563427187405389
1792,0.9975698,0.2669748167038572
1793,1.0,0.1316265060240964
1794,0.9999932,0.12579449152542374
1795,1.0,0.12589285714285714
1796,1.0,0.13877182420228779
1797,1.0,0.12509408399819358
1798,0.9462571,0.2936708860759494
1799,1.0,0.1378582202111614
1800,1.0,0.13940856970428486
1801,1.0,0.13821138211382114
1802,1.0,0.34955230914231855
1803,1.0,0.13821138211382114
1804,1.0,0.09289617486338798
1805,1.0,0.11906092789267747
1806,0.9999999,0.13713226777854992
1807,1.0,0.13821138211382114
1808,1.0,0.13720157147174372
1809,1.0,0.13821138211382114
1810,0.8496993,0.23157758173326415
1811,1.0,0.17531938026637672
1812,1.0,0.18540035362465268
1813,1.0,0.18540035362465268
1814,0.9999946,0.11132016306052053
1815,1.0,0.13821138211382114
1816,1.0,0.13821138211382114
1817,1.0,0.13821138211382114
1818,1.0,0.15294787809740815
1819,1.0,0.18540035362465268
1820,1.0,0.13821138211382114
1821,0.99996054,0.35083242192246933
1822,1.0,0.13828502415458938
1823,1.0,0.13418903150525088
1824,1.0,0.101762554040572
1825,1.0,0.1391099322133805
1826,1.0,0.13821138211382114
1827,1.0,0.13821138211382114
1828,1.0,0.13708609271523178
1829,1.0,0.14269662921348314
1830,1.0,0.4835665473478685
1831,1.0,0.251984126984127
1832,1.0,0.13821138211382114
1833,1.0,0.16775599128540306
1834,1.0,0.18540035362465268
1835,1.0,0.13821138211382114
1836,1.0,0.154745113842434
1837,0.941508,0.4589158958915896
1838,0.5552398,0.3100642398286938
1839,1.0,0.13821138211382114
1840,0.95076734,0.753122848431199
1841,1.0,0.18540035362465268
1842,1.0,0.15195369030390737
1843,1.0,0.13821138211382114
1844,0.90722704,0.5321766561514195
1845,1.0,0.13133498145859085
1846,1.0,0.13821138211382114
1847,0.99927133,0.15886993212254633
1848,1.0,0.1356968215158924
1849,1.0,0.13821138211382114
1850,1.0,0.18540035362465268
1851,1.0,0.13821138211382114
1852,1.0,0.15060240963855423
1853,1.0,0.1375980687990344
1854,1.0,0.13825301204819276
1855,1.0,0.14776032577079698
1856,1.0,0.13821138211382114
1857,1.0,0.11361274679598199
1858,0.9999968,0.07962058062661684
1859,1.0,0.13821138211382114
1860,1.0,0.13821138211382114
1861,0.7176161,0.3774248144772816
1862,1.0,0.13766155695822063
1863,1.0,0.13821138211382114
1864,1.0,0.06502086230876217
1865,1.0,0.13790035587188612
1866,1.0,0.1374962473731612
1867,1.0,0.13977850942831488
1868,1.0,0.13821138211382114
1869,1.0,0.13821138211382114
1870,0.86721087,0.388348271446863
1871,0.52161795,0.3503881439661256
1872,1.0,0.13796212804328223
1873,1.0,0.13821138211382114
1874,1.0,0.13821138211382114
1875,1.0,0.13821138211382114
1876,1.0,0.13821138211382114
1877,1.0,0.07165326808808109
1878,0.8340128,0.36460176991150445
1879,1.0,0.13821138211382114
1880,1.0,0.12557147211216094
1881,0.99999,0.14462160341342914
1882,1.0,0.13845684659957305
1883,1.0,0.14858590122414522
1884,0.91511464,0.48762073942489176
1885,1.0,0.08267270668176671
1886,1.0,0.1852740591058348
1887,1.0,0.13821138211382114
1888,1.0,0.13766155695822063
1889,1.0,0.13821138211382114
1890,0.616187,0.518972866202308
1891,1.0,0.15569230769230769
1892,0.99999964,0.13628821995733587
1893,1.0,0.13821138211382114
1894,1.0,0.13812819741197713
1895,1.0,0.15149512638361143
1896,1.0,0.13821138211382114
1897,0.75036687,0.2055888223552894
1898,1.0,0.13821138211382114
1899,0.9403235,0.6571631493506493
1900,0.84395397,0.16191520467836257
1901,1.0,0.13426329555361813
1902,1.0,0.13821138211382114
1903,1.0,0.13821138211382114
1904,1.0,0.13821138211382114
1905,1.0,0.13825301204819276
1906,1.0,0.13821138211382114
1907,1.0,0.18540035362465268
1908,0.87427837,0.5292009276829012
1909,0.9526678,0.21030900372935535
1910,1.0,0.13803406035255453
1911,1.0,0.13821138211382114
1912,1.0,0.13821138211382114
1913,0.9265341,0.3651430791143338
1914,1.0,0.1382946670683941
1915,1.0,0.07804195804195804
1916,1.0,0.14008941877794337
1917,1.0,0.13821138211382114
1918,1.0,0.14882070548945942
1919,0.91647995,0.3008802347292611
1920,1.0,0.13825301204819276
1921,1.0,0.13821138211382114
1922,1.0,0.13675984370303576
1923,1.0,0.13821138211382114
1924,1.0,0.13755656108597286
1925,1.0,0.18540035362465268
1926,1.0,0.13821138211382114
1927,1.0,0.40125683696031655
1928,1.0,0.13821138211382114
1929,0.9999827,0.15538622441356642
1930,0.71073544,0.1412147921057674
1931,1.0,0.17028380634390652
1932,0.97087336,0.23303416784758305
1933,1.0,0.15660998354360944
1934,1.0,0.13821138211382114
1935,0.5627215,0.44009695290858725
1936,0.89938873,0.7980363279332352
1937,1.0,0.13821138211382114
1938,1.0,0.13821138211382114
1939,1.0,0.13764213046080193
1940,1.0,0.1350678106836424
1941,1.0,0.13821138211382114
1942,1.0,0.16348494554772583
1943,0.9990059,0.15177694875319064
1944,0.56430656,0.16981397970687712
1945,1.0,0.18540035362465268
1946,1.0,0.18540035362465268
1947,1.0,0.08936698386429458
1948,1.0,0.13820156910078454
1949,1.0,0.15675375208449138
1950,1.0,0.14023472765573278
1951,1.0,0.13825301204819276
1952,1.0,0.13821138211382114
1953,1.0,0.18540035362465268
1954,1.0,0.13821138211382114
1955,1.0,0.12505582849486377
1956,1.0,0.13751507840772015
1957,1.0,0.13821138211382114
1958,0.69677126,0.12305447470817121
1959,0.9999993,0.09641532756489493
1960,1.0,0.10957178841309824
1961,1.0,0.13789004457652304
1962,1.0,0.1382946670683941
1963,1.0,0.5482493595217762
1964,1.0,0.1397169527250828
1965,0.9998652,0.1540514775977121
1966,1.0,0.140012070006035
1967,1.0,0.13821138211382114
1968,1.0,0.18540035362465268
1969,1.0,0.13821138211382114
1970,0.8687074,0.3690433104113886
1971,1.0,0.1375980687990344
1972,0.9999057,0.24418100332514095
1973,1.0,0.13821138211382114
1974,1.0,0.14861313868613138
1975,1.0,0.05786471067644662
1976,1.0,0.13821138211382114
1977,1.0,0.13821138211382114
1978,1.0,0.13918305597579425
1979,1.0,0.18540035362465268
1980,0.99999994,0.13034518289541475
1981,1.0,0.35282929148834996
1982,1.0,0.18669174700211616
1983,1.0,0.13821138211382114
1984,0.99999994,0.18540035362465268
1985,1.0,0.13821138211382114
1986,1.0,0.13821138211382114
1987,1.0,0.13821138211382114
1988,1.0,0.18540035362465268
1989,1.0,0.39167828916782893
1990,1.0,0.13812819741197713
1991,0.9999996,0.16505776230416205
1992,1.0,0.13821138211382114
1993,1.0,0.13821138211382114
1994,1.0,0.13821138211382114
1995,1.0,0.1376311844077961
1996,1.0,0.14036669672377516
1997,0.67043597,0.24160984088781923
1998,1.0,0.13821138211382114
1999,1.0,0.13821138211382114
2000,1.0,0.14458542342874003
2001,1.0,0.13825301204819276
2002,1.0,0.14006612563871357
2003,1.0,0.18540035362465268
2004,1.0,0.13725490196078433
2005,1.0,0.13821138211382114
2006,0.99999994,0.13821138211382114
2007,1.0,0.13821138211382114
2008,1.0,0.18540035362465268
2009,0.51649106,0.4371456082165401
2010,1.0,0.13821138211382114
2011,1.0,0.13821138211382114
2012,1.0,0.13821138211382114
2013,1.0,0.14887393974846447
2014,1.0,0.13821138211382114
2015,1.0,0.13821138211382114
2016,1.0,0.17944535073409462
2017,1.0,0.5440386680988185
2018,1.0,0.1516431924882629
2019,1.0,0.140012070006035
2020,0.9999998,0.13370660694288913
2021,0.9811856,0.4640008622547963
2022,1.0,0.13821138211382114
2023,1.0,0.1383780524570395
2024,1.0,0.18540035362465268
2025,1.0,0.18540035362465268
2026,1.0,0.13821138211382114
2027,1.0,0.14040373606507983
2028,1.0,0.1382946670683941
2029,0.9731042,0.36848760748609005
2030,1.0,0.13821138211382114
2031,1.0,0.13821138211382114
2032,1.0,0.18540035362465268
2033,0.79677683,0.1540785498489426
2034,0.71780056,0.24921826141338335
2035,0.9560848,0.11574814599389269
2036,0.9460108,0.7123315027458812
2037,0.80229026,0.34041103667537187
2038,1.0,0.18540035362465268
2039,1.0,0.13763960156957442
2040,1.0,0.11201011378002529
2041,0.98020786,0.32107532335784933
2042,1.0,0.13821138211382114
2043,1.0,0.3654367558646705
2044,1.0,0.1382946670683941
2045,1.0,0.13821138211382114
2046,1.0,0.13821138211382114
2047,0.9639572,0.41249219237976265
2048,1.0,0.1617971334068357
2049,1.0,0.18540035362465268
2050,1.0,0.13821138211382114
2051,1.0,0.13821138211382114
2052,1.0,0.13821138211382114
2053,1.0,0.21668154572120904
2054,1.0,0.13821138211382114
2055,1.0,0.13821138211382114
2056,1.0,0.13973013493253372
2057,1.0,0.18540035362465268
2058,1.0,0.13821138211382114
2059,1.0,0.13821138211382114
2060,1.0,0.13782726452001204
2061,0.9578707,0.38398946990546845
2062,0.99999976,0.13086808287437712
2063,1.0,0.5426527821605133
2064,1.0,0.15275007124536905
2065,1.0,0.1399337947637677
2066,1.0,0.13645990922844176
2067,0.99999356,0.12844465203176086
2068,1.0,0.13821138211382114
2069,1.0,0.18540035362465268
2070,1.0,0.18540035362465268
2071,1.0,0.13821138211382114
2072,1.0,0.13817963352358065
2073,1.0,0.14930555555555555
2074,1.0,0.14820185614849188
2075,1.0,0.13821138211382114
2076,1.0,0.1382946670683941
2077,1.0,0.13825301204819276
2078,1.0,0.13821138211382114
2079,0.9998559,0.15584642233856894
2080,1.0,0.13821138211382114
2081,0.9999996,0.13196683555964994
2082,1.0,0.1934187390102989
2083,1.0,0.1533161068044789
2084,1.0,0.13754427390791027
2085,1.0,0.13976555455365194
2086,1.0,0.13821138211382114
2087,1.0,0.13772274237390517
2088,0.83347285,0.3299987174554316
2089,1.0,0.1399819765695404
2090,1.0,0.13663663663663664
2091,0.9441683,0.23241458512776342
2092,1.0,0.13821138211382114
2093,1.0,0.13821138211382114
2094,1.0,0.18540035362465268
2095,1.0,0.13988713988713988
2096,0.8188597,0.09638236070768419
2097,1.0,0.13821138211382114
2098,1.0,0.13821138211382114
2099,0.9998471,0.19880607814761217
2100,1.0,0.13821138211382114
2101,1.0,0.13821138211382114
2102,1.0,0.13821138211382114
2103,0.75254375,0.4131631080783623
2104,1.0,0.14015037593984964
2105,1.0,0.14642752131725964
2106,1.0,0.13821138211382114
2107,1.0,0.13821138211382114
2108,0.9998071,0.15197146819893007
2109,1.0,0.13821138211382114
2110,0.9984249,0.09410144594904751
2111,0.8825321,0.4029438822447102
2112,1.0,0.5353360708882645
2113,1.0,0.13869257950530034
2114,1.0,0.18540035362465268
2115,1.0,0.13821138211382114
2116,1.0,0.13821138211382114
2117,1.0,0.164578111946533
2118,1.0,0.13821138211382114
2119,1.0,0.13821138211382114
2120,1.0,0.13821138211382114
2121,1.0,0.11906092789267747
2122,1.0,0.13821138211382114
2123,1.0,0.13821138211382114
2124,1.0,0.13821138211382114
2125,0.63654196,0.32050440036779193
2126,1.0,0.13821138211382114
2127,1.0,0.1383363471971067
2128,1.0,0.18540035362465268
2129,1.0,0.18540035362465268
2130,1.0,0.13474710221285563
2131,1.0,0.18588205581512818
2132,1.0,0.13821138211382114
2133,1.0,0.13618792744573296
2134,0.9941911,0.1607361963190184
2135,0.9999985,0.13635522664199815
2136,0.8867867,0.20449318945692552
2137,1.0,0.13821138211382114
2138,0.6446597,0.25715720743345055
2139,1.0,0.1312403499742666
2140,1.0,0.13821138211382114
2141,1.0,0.17712578103776147
2142,1.0,0.18473591104372
2143,1.0,0.13821138211382114
2144,1.0,0.13821138211382114
2145,1.0,0.13821138211382114
2146,1.0,0.13789981894990946
2147,1.0,0.13796212804328223
2148,1.0,0.13821138211382114
2149,1.0,0.1407140714071407
2150,1.0,0.13821138211382114
2151,0.91742843,0.2726787620064034
2152,1.0,0.1383363471971067
2153,1.0,0.13821138211382114
2154,1.0,0.13796212804328223
2155,1.0,0.199763991908294
2156,1.0,0.13821138211382114
2157,1.0,0.18540035362465268
2158,1.0,0.13821138211382114
2159,1.0,0.18540035362465268
2160,1.0,0.13821138211382114
2161,1.0,0.14289809373656298
2162,1.0,0.1381697772426249
2163,1.0,0.13821138211382114
2164,1.0,0.13821138211382114
2165,1.0,0.09214925772368597
2166,1.0,0.18540035362465268
2167,1.0,0.1377566200535555
2168,0.9999964,0.15787796718177474
2169,1.0,0.13821138211382114
2170,0.9431361,0.2540038916329891
2171,1.0,0.13821138211382114
2172,1.0,0.13821138211382114
2173,0.91832733,0.14574314574314573
2174,1.0,0.13821138211382114
2175,1.0,0.16513026052104207
2176,1.0,0.18540035362465268
2177,0.9990532,0.16409746394828442
2178,1.0,0.13821138211382114
2179,1.0,0.18540035362465268
2180,1.0,0.13821138211382114
2181,1.0,0.1668520578420467
2182,1.0,0.6560150375939849
2183,1.0,0.14432989690721648
2184,1.0,0.135183527305282
2185,1.0,0.13821138211382114
2186,1.0,0.18540035362465268
2187,1.0,0.13778705636743216
2188,1.0,0.13821138211382114
2189,1.0,0.13847528290649197
2190,1.0,0.13825301204819276
2191,0.36798704,0.5649399805342273
2192,0.69645756,0.42702826936336474
2193,1.0,0.13821138211382114
2194,1.0,0.13980114492316964
2195,0.6382118,0.3572584997301673
2196,1.0,0.13821138211382114
2197,0.99999887,0.13741598207617625
2198,1.0,0.13821138211382114
2199,0.9990508,0.20583941605839415
2200,1.0,0.13694461351186854
2201,1.0,0.13821138211382114
2202,1.0,0.13812481514344868
2203,1.0,0.13821138211382114
2204,1.0,0.13841978287092882
2205,1.0,0.1383780524570395
2206,0.99999994,0.13821138211382114
2207,1.0,0.18540035362465268
2208,0.54180926,0.06962699822380107
2209,1.0,0.056232427366447985
2210,1.0,0.140012070006035
2211,1.0,0.1382946670683941
2212,0.73681235,0.3189360663738409
2213,1.0,0.13821138211382114
2214,0.9586733,0.24841081889567493
2215,0.6395446,0.21840506015130845
2216,1.0,0.6131729200652528
2217,1.0,0.13821138211382114
2218,1.0,0.13821138211382114
2219,1.0,0.13821138211382114
2220,0.5390611,0.34956988046028376
2221,0.96884334,0.25715829281469477
2222,1.0,0.1382946670683941
2223,0.64739716,0.16902624309392264
2224,1.0,0.24981122577397433
2225,1.0,0.13754869643392267
2226,1.0,0.1382946670683941
2227,1.0,0.1382946670683941
2228,1.0,0.13821138211382114
2229,1.0,0.1757373595505618
2230,1.0,0.13821138211382114
2231,0.9763957,0.29055963821368
2232,1.0,0.13821138211382114
2233,1.0,0.13825301204819276
2234,1.0,0.13821138211382114
2235,1.0,0.1853486319505737
2236,1.0,0.13821138211382114
2237,0.9813762,0.051258857229006485
2238,1.0,0.13825301204819276
2239,1.0,0.13812819741197713
2240,1.0,0.13821138211382114
2241,0.99999946,0.1739652069586083
2242,1.0,0.13802476593174268
2243,0.9897163,0.15670498084291187
2244,1.0,0.13984962406015036
2245,0.8619702,0.15962587685113017
2246,1.0,0.11889596602972399
2247,1.0,0.13645927261797416
2248,1.0,0.14547862277714718
2249,0.9749473,0.14417246799910172
2250,1.0,0.13812819741197713
2251,1.0,0.1862884160756501
2252,1.0,0.13821138211382114
2253,0.96210414,0.4514945505557354
2254,0.97168374,0.6037969459347916
2255,1.0,0.09508862629246677
2256,1.0,0.13821138211382114
2257,1.0,0.13821138211382114
2258,1.0,0.13821138211382114
2259,1.0,0.140012070006035
2260,1.0,0.13821138211382114
2261,1.0,0.13415366146458582
2262,1.0,0.1397497020262217
2263,1.0,0.13258636788048553
2264,1.0,0.13666267942583732
2265,1.0,0.13821138211382114
2266,1.0,0.13821138211382114
2267,1.0,0.1383108935128519
2268,0.99443066,0.14927160247455598
2269,1.0,0.13821138211382114
2270,0.999911,0.1393202790907045
2271,1.0,0.1382946670683941
2272,1.0,0.13830426939266385
2273,1.0,0.13755656108597286
2274,1.0,0.13825301204819276
2275,1.0,0.13821138211382114
2276,0.77048564,0.3121535181236674
2277,0.6298311,0.2832361723304422
2278,1.0,0.13914880772713553
2279,0.2893214,0.42211935443513077
2280,1.0,0.13821138211382114
2281,1.0,0.18540035362465268
2282,1.0,0.18540035362465268
2283,1.0,0.13821138211382114
2284,1.0,0.18540035362465268
2285,1.0,0.13386727688787187
2286,1.0,0.14800285306704708
2287,1.0,0.18804388951948545
2288,1.0,0.13821138211382114
2289,1.0,0.14015037593984964
2290,1.0,0.13821138211382114
2291,1.0,0.13821138211382114
2292,0.9995928,0.14865648559829886
2293,1.0,0.13821138211382114
2294,1.0,0.14580265095729014
2295,1.0,0.1375980687990344
2296,1.0,0.13821138211382114
2297,0.9281565,0.33232856066315
2298,0.9999998,0.09651844191658049
2299,1.0,0.17809452363090772
2300,1.0,0.13821138211382114
2301,0.9727801,0.25590720320779037
2302,1.0,0.1382946670683941
2303,1.0,0.13821138211382114
2304,0.6417192,0.46758371857030107
2305,1.0,0.13821138211382114
2306,1.0,0.13719057560393677
2307,1.0,0.14930555555555555
2308,1.0,0.13821138211382114
2309,1.0,0.13821138211382114
2310,1.0,0.3117462614568259
2311,0.2768823,0.6163236481033091
2312,1.0,0.13821138211382114
2313,1.0,0.13821138211382114
2314,1.0,0.1376920759264839
2315,1.0,0.12595870206489676
2316,0.9026585,0.21551463929972833
2317,1.0,0.14025286680388122
2318,0.9091693,0.1503644035289605
2319,1.0,0.1377335744424352
2320,1.0,0.1385959626393492
2321,1.0,0.13821138211382114
2322,0.9631241,0.5687401986408782
2323,1.0,0.13598673300165837
2324,1.0,0.13797204876598276
2325,1.0,0.13257459243309752
2326,1.0,0.13821138211382114
2327,1.0,0.13821138211382114
2328,1.0,0.13763960156957442
2329,1.0,0.13821138211382114
2330,1.0,0.18540035362465268
2331,0.99999976,0.12938064800528984
2332,1.0,0.13821138211382114
2333,1.0,0.15266742338251987
2334,1.0,0.18540035362465268
2335,1.0,0.13821138211382114
2336,1.0,0.13821138211382114
2337,1.0,0.13821138211382114
2338,1.0,0.14391911983348202
2339,0.96076304,0.541621386655075
2340,0.9999929,0.13189857234178565
2341,1.0,0.13685800604229606
2342,1.0,0.18540035362465268
2343,1.0,0.13821138211382114
2344,1.0,0.13806766229807985
2345,1.0,0.35353901996370235
2346,1.0,0.07059110893991206
2347,0.9313944,0.11476537773496628
2348,1.0,0.13821138211382114
2349,1.0,0.14036669672377516
2350,0.89857304,0.20703274302458913
2351,1.0,0.13867952969550798
2352,0.9535253,0.24881586737714623
2353,1.0,0.13821138211382114
2354,1.0,0.13821138211382114
2355,1.0,0.15458937198067632
2356,1.0,0.13821138211382114
2357,0.99995786,0.07471424588792863
2358,1.0,0.13821138211382114
2359,1.0,0.13821138211382114
2360,0.99999994,0.13821138211382114
2361,1.0,0.13825301204819276
2362,1.0,0.13821138211382114
2363,1.0,0.13821138211382114
2364,0.9527971,0.1785763648928818
2365,1.0,0.1382946670683941
2366,1.0,0.13821138211382114
2367,1.0,0.13821138211382114
2368,1.0,0.1852740591058348
2369,1.0,0.13821138211382114
2370,1.0,0.18540035362465268
2371,0.9999995,0.1278858625162127
2372,1.0,0.38351131013893675
2373,1.0,0.13863773357444242
2374,1.0,0.13821138211382114
2375,1.0,0.12039691289966924
2376,0.9999765,0.14564796905222438
2377,1.0,0.13821138211382114
2378,1.0,0.18514776458701693
2379,1.0,0.13821138211382114
2380,1.0,0.13821138211382114
2381,1.0,0.18540035362465268
2382,1.0,0.13821138211382114
2383,1.0,0.13821138211382114
2384,1.0,0.13821138211382114
2385,1.0,0.13215859030837004
2386,1.0,0.13825301204819276
2387,1.0,0.13821138211382114
2388,1.0,0.13821138211382114
2389,0.99343973,0.10363134423444469
2390,1.0,0.13672922252010725
2391,1.0,0.16068210176070982
2392,1.0,0.13821138211382114
2393,1.0,0.13317619328226282
2394,1.0,0.13821138211382114
2395,1.0,0.13841978287092882
2396,0.98982674,0.15082434357826174
2397,1.0,0.13821138211382114
2398,1.0,0.13821138211382114
2399,1.0,0.13841978287092882
2400,1.0,0.12201117318435754
2401,1.0,0.13821138211382114
2402,1.0,0.13812819741197713
2403,0.67431515,0.32501434308663224
2404,1.0,0.1622303166152984
2405,1.0,0.05629903091832026
2406,1.0,0.13821138211382114
2407,0.9999963,0.14267515923566879
2408,1.0,0.18540035362465268
2409,0.80087817,0.18062234794908064
2410,1.0,0.1887767969735183
2411,1.0,0.13620071684587814
2412,1.0,0.15052842045129963
2413,1.0,0.13821138211382114
2414,1.0,0.13821138211382114
2415,1.0,0.13821138211382114
2416,1.0,0.07165326808808109
2417,0.92565507,0.29096109839816936
2418,1.0,0.13821138211382114
2419,1.0,0.16657126502575845
2420,1.0,0.18540035362465268
2421,1.0,0.10532276330690826
2422,1.0,0.13821138211382114
2423,0.9999979,0.13376503237742832
2424,1.0,0.13821138211382114
2425,1.0,0.13821138211382114
2426,1.0,0.13821138211382114
2427,1.0,0.13453631795340337
2428,1.0,0.13821138211382114
2429,1.0,0.193382891843786
2430,1.0,0.138076575218571
2431,0.92720795,0.39231051793804333
2432,1.0,0.15297598329272538
2433,1.0,0.13821138211382114
2434,1.0,0.1488560671879525
2435,1.0,0.1323650315154837
2436,1.0,0.13975903614457832
2437,1.0,0.1309786607799853
2438,1.0,0.18540035362465268
2439,1.0,0.1761006289308176
2440,1.0,0.1397169527250828
2441,0.9411098,0.22307424189613106
2442,1.0,0.13825301204819276
2443,1.0,0.13590844062947066
2444,1.0,0.13821138211382114
2445,0.8587819,0.32290652385589097
2446,1.0,0.137393350985584
2447,1.0,0.1879490734904828
2448,1.0,0.3248638838475499
2449,1.0,0.13493253373313344
2450,1.0,0.13821138211382114
2451,1.0,0.06043956043956044
2452,1.0,0.14040373606507983
2453,1.0,0.13821138211382114
2454,1.0,0.1510137497086926
2455,1.0,0.14058275758486033
2456,1.0,0.13870776526378187
2457,0.99999994,0.06996086105675146
2458,1.0,0.13821138211382114
2459,1.0,0.3382179153864335
2460,1.0,0.1375980687990344
2461,0.9955188,0.1466242327801773
2462,1.0,0.1381697772426249
2463,1.0,0.1844526218951242
2464,1.0,0.13821138211382114
2465,1.0,0.05905511811023622
2466,1.0,0.18540035362465268
2467,1.0,0.13821138211382114
2468,1.0,0.1053639846743295
2469,1.0,0.18540035362465268
2470,1.0,0.13821138211382114
2471,1.0,0.1440435280641466
2472,1.0,0.13821138211382114
2473,1.0,0.13821138211382114
2474,1.0,0.14361938639395286
2475,0.72234833,0.276709251719781
2476,0.9995621,0.16120553705975119
2477,0.9999999,0.2563638557123899
2478,0.9460436,0.2010990898162459
2479,0.91901743,0.042265719729776545
2480,1.0,0.13821138211382114
2481,1.0,0.18756294058408862
2482,1.0,0.1382946670683941
2483,1.0,0.13655462184873948
2484,1.0,0.18514776458701693
2485,1.0,0.16317893251822244
2486,0.99999994,0.13821138211382114
2487,0.9999963,0.10668563300142248
2488,1.0,0.13821138211382114
2489,1.0,0.16614862955637186
2490,0.29063576,0.20283076923076923
2491,1.0,0.13821138211382114
2492,1.0,0.11805648507562576
2493,1.0,0.1431055900621118
2494,1.0,0.13821138211382114
2495,1.0,0.13821138211382114
2496,1.0,0.13934671860952952
2497,1.0,0.13836873193414603
2498,1.0,0.13825301204819276
2499,1.0,0.11036468330134357
2500,0.5252748,0.2022798390701833
2501,1.0,0.13821138211382114
2502,1.0,0.18540035362465268
2503,1.0,0.13437594898269056
2504,1.0,0.18540035362465268
2505,1.0,0.13821138211382114
2506,0.9997196,0.1488095238095238
2507,0.8959312,0.5523150932050511
2508,1.0,0.13858126309488178
2509,1.0,0.13821138211382114
2510,1.0,0.13821138211382114
2511,0.8650127,0.2551034022681788
2512,1.0,0.1382946670683941
2513,0.9277717,0.3383314543404735
2514,1.0,0.13723150357995226
2515,1.0,0.5626509820397018
2516,1.0,0.18288824199468423
2517,1.0,0.13821138211382114
2518,1.0,0.13478661344795825
2519,1.0,0.11415289256198347
2520,1.0,0.135832083958021
2521,1.0,0.13821138211382114
2522,1.0,0.18540035362465268
2523,1.0,0.1381697772426249
2524,1.0,0.19103951673798136
2525,1.0,0.13821138211382114
2526,1.0,0.13821138211382114
2527,1.0,0.18540035362465268
2528,1.0,0.13821138211382114
2529,0.9407337,0.4715793963954356
2530,1.0,0.13821138211382114
2531,1.0,0.1897920604914934
2532,1.0,0.18540035362465268
2533,1.0,0.13808664259927797
2534,0.9999986,0.2140198511166253
2535,1.0,0.13523238380809596
2536,1.0,0.13821138211382114
2537,1.0,0.13821138211382114
2538,1.0,0.13821138211382114
2539,1.0,0.13821138211382114
2540,1.0,0.1380036079374624
2541,1.0,0.13821138211382114
2542,1.0,0.08270042194092828
2543,0.71189743,0.28432835820895525
2544,1.0,0.13765060240963856
2545,0.9760756,0.19342000530644735
2546,1.0,0.13821138211382114
2547,0.9999953,0.1398233809924306
2548,1.0,0.13821138211382114
2549,1.0,0.13821138211382114
2550,1.0,0.13284582571602682
2551,1.0,0.18540035362465268
2552,1.0,0.13825301204819276
2553,0.9999998,0.13357875361556665
2554,1.0,0.13539325842696628
2555,1.0,0.13821138211382114
2556,1.0,0.13821138211382114
2557,0.97555184,0.461574562947319
2558,1.0,0.13821138211382114
2559,1.0,0.0928652321630804
2560,0.89580834,0.5412081984897519
2561,1.0,0.10526315789473684
2562,1.0,0.13821138211382114
2563,1.0,0.1382946670683941
2564,1.0,0.18540035362465268
2565,1.0,0.13757885250826074
2566,1.0,0.18540035362465268
2567,1.0,0.067317753749564
2568,0.98506373,0.21974965229485396
2569,0.90686125,0.14823053589484328
2570,1.0,0.19093769666456892
2571,1.0,0.1382946670683941
2572,1.0,0.13980114492316964
2573,1.0,0.13731971153846154
2574,1.0,0.13821138211382114
2575,1.0,0.13821138211382114
2576,1.0,0.13821138211382114
2577,1.0,0.13838748495788206
2578,0.80236405,0.2536692759295499
2579,1.0,0.13821138211382114
2580,0.7285186,0.40881974499941515
2581,1.0,0.13202317964222726
2582,0.8557242,0.28843126967471144
2583,0.999999,0.15078836331334666
2584,0.999482,0.11843711843711843
2585,1.0,0.10628961482203803
2586,1.0,0.18945115810674723
2587,1.0,0.13766155695822063
2588,1.0,0.1941747572815534
2589,0.8217224,0.06103619588360539
2590,0.91232085,0.6853139701370423
2591,1.0,0.18540035362465268
2592,1.0,0.15011547344110854
2593,1.0,0.08265856950067477
2594,0.99999446,0.1433264887063655
2595,0.44137117,0.44240382525537925
2596,1.0,0.29115947374892415
2597,1.0,0.13708690330477355
2598,1.0,0.13821138211382114
2599,1.0,0.13821138211382114
2600,1.0,0.0721836303231652
2601,1.0,0.18514776458701693
2602,1.0,0.13821138211382114
2603,1.0,0.18540035362465268
2604,1.0,0.13821138211382114
2605,1.0,0.13846153846153847
2606,1.0,0.13821138211382114
2607,1.0,0.13506737699780633
2608,1.0,0.1404460518384569
2609,1.0,0.13821138211382114
2610,1.0,0.13821138211382114
2611,1.0,0.13821138211382114
2612,1.0,0.1375980687990344
2613,1.0,0.151831429696731
2614,0.7045463,0.41343301293461493
2615,0.99052936,0.14893188230552196
2616,1.0,0.1383780524570395
2617,1.0,0.13821138211382114
2618,1.0,0.13821138211382114
2619,1.0,0.14395734597156398
2620,1.0,0.14212893553223388
2621,1.0,0.13821138211382114
2622,1.0,0.13821138211382114
2623,0.91866094,0.38700331125827814
2624,1.0,0.13821138211382114
2625,1.0,0.13838353713092752
2626,1.0,0.13821138211382114
2627,1.0,0.13751507840772015
2628,1.0,0.0787037037037037
2629,1.0,0.18540035362465268
2630,1.0,0.10425383542538354
2631,1.0,0.1457345971563981
2632,1.0,0.13821138211382114
2633,0.91807795,0.2624036771664188
2634,1.0,0.13821138211382114
2635,1.0,0.19468072361327424
2636,1.0,0.06504347826086956
2637,1.0,0.14277215942891136
2638,1.0,0.13821138211382114
2639,1.0,0.13821138211382114
2640,0.9250264,0.1612785388127854
2641,0.91381377,0.377557585896281
2642,1.0,0.1909350841893466
2643,1.0,0.13267813267813267
2644,0.5845361,0.5400066585284652
2645,1.0,0.1757373595505618
2646,1.0,0.13821138211382114
2647,1.0,0.30025725836089673
2648,1.0,0.13821138211382114
2649,1.0,0.14323843416370108
2650,1.0,0.14277215942891136
2651,1.0,0.18540035362465268
2652,1.0,0.13821138211382114
2653,0.782959,0.09123385545479527
2654,1.0,0.13821138211382114
2655,0.99999994,0.10215053763440861
2656,1.0,0.18540035362465268
2657,0.8462238,0.2599721059972106
2658,1.0,0.5439812346732061
2659,0.9530628,0.506458844880965
2660,1.0,0.14170161773517076
2661,0.9272651,0.17237816428448424
2662,1.0,0.13821138211382114
2663,1.0,0.13821138211382114
2664,1.0,0.13925535033714453
2665,1.0,0.13841978287092882
2666,0.5978974,0.3698863636363636
2667,1.0,0.13792076258564195
2668,1.0,0.11523259349346306
2669,1.0,0.18540035362465268
2670,1.0,0.13821138211382114
2671,1.0,0.13821138211382114
2672,1.0,0.13821138211382114
2673,1.0,0.1383363471971067
2674,1.0,0.13821138211382114
2675,1.0,0.13821138211382114
2676,1.0,0.13821138211382114
2677,1.0,0.18333333333333332
2678,1.0,0.13821138211382114
2679,1.0,0.13821138211382114
2680,1.0,0.13821138211382114
2681,1.0,0.33070866141732286
2682,1.0,0.13821138211382114
2683,1.0,0.13821138211382114
2684,1.0,0.13821138211382114
2685,1.0,0.1369268897149938
2686,1.0,0.13821138211382114
2687,1.0,0.08606658446362515
2688,1.0,0.13821138211382114
2689,1.0,0.13821138211382114
2690,1.0,0.13821138211382114
2691,1.0,0.13257459243309752
2692,1.0,0.13821138211382114
2693,1.0,0.13821138211382114
2694,1.0,0.13821138211382114
2695,0.99999994,0.13160422670509125
2696,1.0,0.11721419185282524
2697,0.9950565,0.06628033321260413
2698,1.0,0.13821138211382114
2699,1.0,0.16219572776949825
2700,1.0,0.13821138211382114
2701,1.0,0.18540035362465268
2702,1.0,0.18540035362465268
2703,1.0,0.12731048805815162
2704,1.0,0.09089690307011664
2705,0.99999976,0.11891891891891893
2706,1.0,0.13821138211382114
2707,1.0,0.13755656108597286
2708,1.0,0.13864661654135338
2709,1.0,0.13821138211382114
2710,0.8962458,0.16966618287373003
2711,0.99912435,0.0934656741108354
2712,1.0,0.18540035362465268
2713,0.2562042,0.5531510609099546
2714,1.0,0.13821138211382114
2715,0.97609806,0.4166199394415162
2716,1.0,0.13821138211382114
2717,1.0,0.13821138211382114
2718,1.0,0.13821138211382114
2719,1.0,0.1665711009174312
2720,1.0,0.13821138211382114
2721,0.8797172,0.3923482553573432
2722,1.0,0.13821138211382114
2723,1.0,0.13821138211382114
2724,1.0,0.07949449653485528
2725,1.0,0.1476421776968225
2726,0.99976856,0.15986227250368912
2727,1.0,0.13967489464178207
2728,1.0,0.18540035362465268
2729,1.0,0.286958655379708
2730,0.7792868,0.27983251919050944
2731,1.0,0.13821138211382114
2732,1.0,0.14727325750947798
2733,1.0,0.13821138211382114
2734,1.0,0.13821138211382114
2735,1.0,0.13820156910078454
2736,1.0,0.13821138211382114
2737,1.0,0.13821138211382114
2738,1.0,0.1859790694742151
2739,1.0,0.13821138211382114
2740,1.0,0.13821138211382114
2741,1.0,0.1382946670683941
2742,1.0,0.13821138211382114
2743,1.0,0.13821138211382114
2744,1.0,0.13809666766736717
2745,1.0,0.19097441068952478
2746,0.83304375,0.3286165508528111
2747,1.0,0.13821138211382114
2748,1.0,0.13825301204819276
2749,0.7433997,0.11391437308868502
2750,1.0,0.18540035362465268
2751,1.0,0.13569498649054337
2752,1.0,0.13821138211382114
2753,1.0,0.13755656108597286
2754,1.0,0.17567567567567569
2755,0.7912919,0.09070464767616192
2756,1.0,0.13702801461632155
2757,1.0,0.18540035362465268
2758,1.0,0.13841978287092882
2759,1.0,0.13821138211382114
2760,1.0,0.13821138211382114
2761,0.32062277,0.43887708310032436
2762,1.0,0.13825301204819276
2763,0.87989515,0.24089403973509935
2764,1.0,0.13821138211382114
2765,1.0,0.13821138211382114
2766,0.99999994,0.13821138211382114
2767,1.0,0.13821138211382114
2768,1.0,0.13821138211382114
2769,1.0,0.13821138211382114
2770,1.0,0.13821138211382114
2771,1.0,0.13821138211382114
2772,1.0,0.13821138211382114
2773,0.9997795,0.15066323500296971
2774,1.0,0.17510224948875255
2775,1.0,0.2088291746641075
2776,0.9993509,0.14356130622304375
2777,1.0,0.13821138211382114
2778,1.0,0.13821138211382114
2779,1.0,0.13821138211382114
2780,1.0,0.5930123739211812
2781,1.0,0.13821138211382114
2782,0.89775205,0.14510921177587843
2783,1.0,0.18540035362465268
2784,1.0,0.13821138211382114
2785,1.0,0.13821138211382114
2786,1.0,0.1383780524570395
2787,1.0,0.13821138211382114
2788,1.0,0.13825301204819276
2789,1.0,0.13783783783783785
2790,0.9987633,0.14025184541901867
2791,1.0,0.13821138211382114
2792,1.0,0.13821138211382114
2793,1.0,0.13821138211382114
2794,1.0,0.5399579390115667
2795,1.0,0.18540035362465268
2796,1.0,0.13821138211382114
2797,1.0,0.23475518173625715
2798,1.0,0.13821138211382114
2799,0.95511,0.38286905023031365
2800,0.8079901,0.4206851407375082
2801,1.0,0.20727368559757545
2802,1.0,0.13821138211382114
2803,1.0,0.13824328403259886
2804,1.0,0.1182378452408126
2805,1.0,0.13821138211382114
2806,1.0,0.13821138211382114
2807,1.0,0.1476842411884649
2808,1.0,0.13821138211382114
2809,1.0,0.13821138211382114
2810,0.9164497,0.4727332819213397
2811,0.99999756,0.09672435105067985
2812,1.0,0.13825301204819276
2813,1.0,0.13821138211382114
2814,1.0,0.13821138211382114
2815,1.0,0.13753753753753753
2816,1.0,0.13821138211382114
2817,1.0,0.24847523786289338
2818,1.0,0.14023472765573278
2819,1.0,0.13821138211382114
2820,1.0,0.13821138211382114
2821,1.0,0.13821138211382114
2822,1.0,0.15686828716789147
2823,0.99999994,0.05418250950570342
2824,0.9091073,0.5825
2825,1.0,0.13825301204819276
2826,1.0,0.13821138211382114
2827,1.0,0.13075140681893413
2828,1.0,0.5037333621902391
2829,1.0,0.13825301204819276
2830,0.9946721,0.16292616069898921
2831,1.0,0.13821138211382114
2832,1.0,0.13821138211382114
2833,0.95931625,0.21264669819583115
2834,1.0,0.14930555555555555
2835,1.0,0.13821138211382114
2836,1.0,0.13821138211382114
2837,1.0,0.10540915395284327
2838,1.0,0.13821138211382114
2839,1.0,0.18540035362465268
2840,1.0,0.13821138211382114
2841,1.0,0.1589310829817159
2842,1.0,0.13821138211382114
2843,0.999999,0.1386235133554299
2844,1.0,0.18540035362465268
2845,1.0,0.13821138211382114
2846,1.0,0.1382946670683941
2847,0.9993567,0.1849870896348211
2848,1.0,0.1721194879089616
2849,1.0,0.13821138211382114
2850,1.0,0.18540035362465268
2851,1.0,0.13821138211382114
2852,1.0,0.18540035362465268
2853,1.0,0.2292590246991767
2854,1.0,0.13821138211382114
2855,1.0,0.13821138211382114
2856,1.0,0.13821138211382114
2857,1.0,0.18540035362465268
2858,1.0,0.18540035362465268
2859,1.0,0.28060403515286547
2860,1.0,0.13821138211382114
2861,1.0,0.1391509433962264
2862,1.0,0.13821138211382114
2863,1.0,0.138076575218571
2864,1.0,0.13821138211382114
2865,1.0,0.14571499135589033
2866,1.0,0.13825301204819276
2867,1.0,0.13772274237390517
2868,1.0,0.1383780524570395
2869,0.95493096,0.32839033723989475
2870,1.0,0.13821138211382114
2871,0.9999999,0.1336394948335247
2872,1.0,0.1385216346153846
2873,1.0,0.13821138211382114
2874,1.0,0.13821138211382114
2875,0.9612919,0.08159856078129016
2876,1.0,0.13821138211382114
2877,1.0,0.13240931878501916
2878,1.0,0.14118705035971224
2879,1.0,0.13841978287092882
2880,1.0,0.1377352853301464
2881,1.0,0.19729594391587382
2882,1.0,0.13377067883628066
2883,1.0,0.18540035362465268
2884,1.0,0.18540035362465268
2885,1.0,0.13515954244431067
2886,1.0,0.13739078035552876
2887,1.0,0.13825301204819276
2888,1.0,0.1617971334068357
2889,0.8485953,0.12410071942446044
2890,1.0,0.13821138211382114
2891,0.8882929,0.4873424539480771
2892,1.0,0.13821138211382114
2893,1.0,0.13821138211382114
2894,1.0,0.06043956043956044
2895,0.916558,0.5764693148609157
2896,1.0,0.14776032577079698
2897,1.0,0.13757885250826074
2898,1.0,0.18540035362465268
2899,1.0,0.13821138211382114
2900,1.0,0.18540035362465268
2901,1.0,0.07032967032967033
2902,0.99997574,0.1452717158750535
2903,1.0,0.18540035362465268
2904,0.9999837,0.15083043646195443
2905,0.8747357,0.4608340688437776
2906,1.0,0.13821138211382114
2907,0.9999791,0.13586796345417035
2908,1.0,0.13821138211382114
2909,1.0,0.13821138211382114
2910,1.0,0.13821138211382114
2911,0.9999999,0.11498065229408513
2912,1.0,0.13825301204819276
2913,1.0,0.13821138211382114
2914,0.7530041,0.7964991198904753
2915,1.0,0.13821138211382114
2916,1.0,0.13830426939266385
2917,1.0,0.18540035362465268
2918,1.0,0.13825301204819276
2919,1.0,0.13821138211382114
2920,1.0,0.13821138211382114
2921,0.39790928,0.1998515494525886
2922,1.0,0.16652625666947488
2923,1.0,0.18540035362465268
2924,1.0,0.18449519230769232
2925,1.0,0.13821138211382114
2926,1.0,0.13910681955340978
2927,1.0,0.13821138211382114
2928,1.0,0.14072494669509594
2929,1.0,0.13257459243309752
2930,1.0,0.13821138211382114
2931,1.0,0.13821138211382114
2932,1.0,0.5189570885388376
2933,1.0,0.16094541361845807
2934,1.0,0.13821138211382114
2935,1.0,0.18540035362465268
2936,1.0,0.18540035362465268
2937,1.0,0.13821138211382114
2938,1.0,0.1383363471971067
2939,1.0,0.13821138211382114
2940,1.0,0.13827234553089382
2941,1.0,0.13714967203339296
2942,0.70006746,0.38593462246777166
2943,1.0,0.13821138211382114
2944,1.0,0.13821138211382114
2945,0.9171607,0.31370086650759765
2946,0.9543787,0.34632702946095456
2947,1.0,0.13821138211382114
2948,1.0,0.13821138211382114
2949,1.0,0.13821138211382114
2950,1.0,0.13825301204819276
2951,1.0,0.13821138211382114
2952,1.0,0.14088314809252028
2953,1.0,0.13825301204819276
2954,1.0,0.13821138211382114
2955,1.0,0.18540035362465268
2956,1.0,0.18540035362465268
2957,1.0,0.1343028229255774
2958,1.0,0.13768332834480695
2959,1.0,0.10329595650696569
2960,1.0,0.18540035362465268
2961,0.7161432,0.44369507459636215
2962,1.0,0.137360985873159
2963,0.95286083,0.2887323943661972
2964,1.0,0.13821138211382114
2965,1.0,0.18540035362465268
2966,0.8544781,0.20772602181225155
2967,0.9344384,0.5162398500936914
2968,1.0,0.13821138211382114
2969,1.0,0.14526129317980513
2970,0.9238389,0.46794938826728016
2971,1.0,0.13821138211382114
2972,1.0,0.13821138211382114
2973,1.0,0.4850286217525319
2974,1.0,0.18540035362465268
2975,1.0,0.14157973174366617
2976,1.0,0.13821138211382114
2977,1.0,0.13821138211382114
2978,1.0,0.31276364951187174
2979,1.0,0.12740010378827193
2980,1.0,0.1383780524570395
2981,0.93860257,0.40542897634361713
2982,1.0,0.13821138211382114
2983,0.99943,0.16236772486772486
2984,1.0,0.13743651030773826
2985,1.0,0.13821138211382114
2986,0.99999994,0.13707545251169412
2987,1.0,0.18540035362465268
2988,1.0,0.13856327021340548
2989,0.92264146,0.27602662313198545
2990,0.9999521,0.23919971671388102
2991,1.0,0.10329785377770023
2992,0.90567094,0.5766369047619048
2993,1.0,0.13821138211382114
2994,1.0,0.13313782991202347
2995,0.92704844,0.38584955286691214
2996,0.93306875,0.3726258309591643
2997,0.8146316,0.5714285714285714
2998,0.96900326,0.21294986641521296
2999,0.91912335,0.3946022418108608
3000,1.0,0.13825301204819276
3001,1.0,0.18540035362465268
3002,1.0,0.13821138211382114
3003,1.0,0.13461991056719227
3004,1.0,0.13821138211382114
3005,0.9993749,0.11130638547158758
3006,1.0,0.13821138211382114
3007,1.0,0.14302705917335712
3008,1.0,0.14157706093189965
3009,1.0,0.13821138211382114
3010,1.0,0.13821138211382114
3011,1.0,0.14054054054054055
3012,0.9998892,0.07340846786475784
3013,1.0,0.18540035362465268
3014,0.9990098,0.22067363530778164
3015,0.99928576,0.10071326676176891
3016,1.0,0.15048543689320387
3017,1.0,0.13846153846153847
3018,0.68701226,0.3767114684084914
3019,1.0,0.15826591993362374
3020,1.0,0.13825301204819276
3021,0.96868795,0.08927599346761024
3022,1.0,0.18540035362465268
3023,1.0,0.13821138211382114
3024,1.0,0.13940856970428486
3025,1.0,0.13821138211382114
3026,1.0,0.13755656108597286
3027,1.0,0.13821138211382114
3028,1.0,0.15299742552408974
3029,1.0,0.1354510038957147
3030,0.5514148,0.517497468211995
3031,0.9997881,0.1614678899082569
3032,1.0,0.13846153846153847
3033,1.0,0.17426880222841226
3034,1.0,0.13821138211382114
3035,1.0,0.1411242603550296
3036,1.0,0.13821138211382114
3037,1.0,0.13825301204819276
3038,1.0,0.13846153846153847
3039,1.0,0.13821138211382114
3040,1.0,0.13821138211382114
3041,1.0,0.1399819765695404
3042,1.0,0.13821138211382114
3043,1.0,0.1382946670683941
3044,1.0,0.2224084939927354
3045,1.0,0.13782726452001204
3046,1.0,0.12148760330578512
3047,1.0,0.13821138211382114
3048,1.0,0.13821138211382114
3049,1.0,0.1398432790837854
3050,0.9688161,0.15736449727987104
3051,0.99999905,0.13525179856115108
3052,0.8829308,0.2417373501023691
3053,0.9151221,0.5977848732787867
3054,1.0,0.13821138211382114
3055,1.0,0.07165326808808109
3056,0.8211783,0.19405743531418823
3057,1.0,0.13924050632911392
3058,1.0,0.18540035362465268
3059,0.9757968,0.05234410559854347
3060,1.0,0.13821138211382114
3061,1.0,0.14143546441495777
3062,1.0,0.13821138211382114
3063,1.0,0.12344949793266391
3064,1.0,0.13710231174181736
3065,1.0,0.13821138211382114
3066,1.0,0.13820156910078454
3067,1.0,0.13821138211382114
3068,1.0,0.1397169527250828
3069,1.0,0.13739545997610514
3070,1.0,0.19161676646706588
3071,1.0,0.18540035362465268
3072,0.8479791,0.16556291390728478
3073,1.0,0.18702770780856423
3074,1.0,0.13821138211382114
3075,1.0,0.13821138211382114
3076,1.0,0.13821138211382114
3077,1.0,0.1692389568919638
3078,1.0,0.13821138211382114
3079,1.0,0.13821138211382114
3080,1.0,0.13821138211382114
3081,1.0,0.13825301204819276
3082,1.0,0.13821138211382114
3083,1.0,0.13821138211382114
3084,1.0,0.18540035362465268
3085,1.0,0.13619744058500913
3086,1.0,0.13707998810585786
3087,1.0,0.13821138211382114
3088,0.9999981,0.14375
3089,1.0,0.13821138211382114
3090,0.99999934,0.1341837939995275
3091,1.0,0.14135968852949984
3092,0.8508875,0.3244274809160305
3093,1.0,0.13830426939266385
3094,0.93315274,0.3528794437885347
3095,1.0,0.13645990922844176
3096,1.0,0.13879846108316068
3097,0.99999994,0.13821138211382114
3098,1.0,0.13821138211382114
3099,1.0,0.13857228554289142
3100,1.0,0.18540035362465268
3101,1.0,0.13825301204819276
3102,1.0,0.13821138211382114
3103,1.0,0.18540035362465268
3104,1.0,0.16744427164333853
3105,1.0,0.13821138211382114
3106,0.9999997,0.12872954764196343
3107,1.0,0.13821138211382114
3108,1.0,0.13821138211382114
3109,1.0,0.13821138211382114
3110,1.0,0.18540035362465268
3111,1.0,0.2297160243407708
3112,0.6851081,0.6118954641033343
3113,0.97441167,0.16531241244045952
3114,1.0,0.13825301204819276
3115,1.0,0.11716019863895531
3116,1.0,0.13821138211382114
3117,1.0,0.14001806684733514
3118,1.0,0.18540035362465268
3119,1.0,0.13821138211382114
3120,1.0,0.1381697772426249
3121,1.0,0.18540035362465268
3122,1.0,0.13879941434846266
3123,1.0,0.13821138211382114
3124,1.0,0.13821138211382114
3125,1.0,0.13821138211382114
3126,1.0,0.13821138211382114
3127,0.99999017,0.1011040092969204
3128,0.918034,0.6382913650728922
3129,1.0,0.13821138211382114
3130,1.0,0.13821138211382114
3131,1.0,0.13257459243309752
3132,1.0,0.13821138211382114
3133,0.97627103,0.3292200232828871
3134,1.0,0.13755656108597286
3135,0.99252194,0.15550239234449761
3136,1.0,0.13821138211382114
3137,1.0,0.13825301204819276
3138,0.92192215,0.5078979343863913
3139,1.0,0.20435169868940067
3140,1.0,0.13178294573643412
3141,1.0,0.13821138211382114
3142,1.0,0.13821138211382114
3143,1.0,0.13821138211382114
3144,1.0,0.13821138211382114
3145,1.0,0.14609421586165772
3146,1.0,0.1371721435031655
3147,1.0,0.18540035362465268
3148,1.0,0.13867952969550798
3149,1.0,0.1653030303030303
3150,1.0,0.13913525498891352
3151,1.0,0.13300364393545028
3152,1.0,0.13821138211382114
3153,1.0,0.13821138211382114
3154,1.0,0.13519952352590828
3155,1.0,0.13821138211382114
3156,0.9623679,0.18533960995292537
3157,1.0,0.1399337947637677
3158,1.0,0.13503167898627244
3159,1.0,0.13821138211382114
3160,1.0,0.13729631864815933
3161,1.0,0.13821138211382114
3162,1.0,0.1377335744424352
3163,1.0,0.13821138211382114
3164,0.6795143,0.5551975051975052
3165,1.0,0.13821138211382114
3166,1.0,0.1386385426653883
3167,0.3760784,0.483881725211205
3168,1.0,0.13445378151260504
3169,1.0,0.13870967741935483
3170,0.9999914,0.14058252427184467
3171,1.0,0.14170403587443947
3172,1.0,0.12002706359945872
3173,1.0,0.1382946670683941
3174,1.0,0.37023656916443304
3175,1.0,0.13821138211382114
3176,1.0,0.13908080504656053
3177,1.0,0.13821138211382114
3178,1.0,0.13821138211382114
3179,1.0,0.18540035362465268
3180,0.642686,0.08205128205128205
3181,1.0,0.18540035362465268
3182,1.0,0.18540035362465268
3183,0.9997753,0.15732832251451997
3184,0.99999976,0.12618048268625393
3185,0.844521,0.3430493273542601
3186,1.0,0.18540035362465268
3187,1.0,0.26248447204968944
3188,1.0,0.13821138211382114
3189,1.0,0.13821138211382114
3190,1.0,0.13821138211382114
3191,1.0,0.13702801461632155
3192,1.0,0.023638092650455102
3193,1.0,0.13821138211382114
3194,1.0,0.14837576821773485
3195,1.0,0.13517572844698109
3196,1.0,0.13821138211382114
3197,1.0,0.186087615200101
3198,1.0,0.13864661654135338
3199,1.0,0.0798611111111111
3200,0.9468182,0.35750375529154715
3201,1.0,0.1501597444089457
3202,1.0,0.13825301204819276
3203,0.8379911,0.211340206185567
3204,1.0,0.21668154572120904
3205,1.0,0.14023472765573278
3206,1.0,0.13821138211382114
3207,0.9998279,0.31333609157357606
3208,1.0,0.13821138211382114
3209,1.0,0.21668154572120904
3210,1.0,0.13836858006042296
3211,0.5474839,0.33197702249880323
3212,1.0,0.13821138211382114
3213,1.0,0.13821138211382114
3214,1.0,0.14027149321266968
3215,1.0,0.13581730769230768
3216,1.0,0.13820156910078454
3217,1.0,0.17134722401967128
3218,1.0,0.14084507042253522
3219,1.0,0.1380036079374624
3220,1.0,0.1382946670683941
3221,1.0,0.13821138211382114
3222,1.0,0.13821138211382114
3223,1.0,0.19044015638794298
3224,0.9522807,0.23671933784800603
3225,1.0,0.13700692562481182
3226,0.9999568,0.1483497191011236
3227,1.0,0.13727245598328858
3228,0.9120225,0.3646925116807678
3229,1.0,0.1378792430159207
3230,1.0,0.18540035362465268
3231,1.0,0.13821138211382114
3232,0.94716525,0.4335279215772662
3233,1.0,0.13821138211382114
3234,1.0,0.13821138211382114
3235,1.0,0.13821138211382114
3236,1.0,0.13821138211382114
3237,1.0,0.1382946670683941
3238,1.0,0.13821138211382114
3239,0.9995917,0.15839243498817968
3240,1.0,0.14777032935004372
3241,1.0,0.14600811907983763
3242,1.0,0.18540035362465268
3243,0.8702208,0.3079198601586661
3244,1.0,0.18540035362465268
3245,1.0,0.13821138211382114
3246,1.0,0.13821138211382114
3247,1.0,0.1272371364653244
3248,1.0,0.13821138211382114
3249,1.0,0.13821138211382114
3250,1.0,0.11513963743263106
3251,0.878244,0.598579741591873
3252,0.99997014,0.0967741935483871
3253,1.0,0.18540035362465268
3254,1.0,0.13821138211382114
3255,0.8299523,0.526310534198702
3256,1.0,0.13821138211382114
3257,1.0,0.13821138211382114
3258,0.8960727,0.047244094488188976
3259,1.0,0.13821138211382114
3260,1.0,0.13821138211382114
3261,1.0,0.13821138211382114
3262,1.0,0.1383363471971067
3263,0.99999994,0.3144299636022074
3264,1.0,0.13821138211382114
3265,1.0,0.18540035362465268
3266,1.0,0.13817963352358065
3267,1.0,0.13821138211382114
3268,1.0,0.15309911453870323
3269,1.0,0.13821138211382114
3270,1.0,0.13821138211382114
3271,1.0,0.13821138211382114
3272,1.0,0.14127174565086983
3273,1.0,0.13821138211382114
3274,1.0,0.13821138211382114
3275,0.61718553,0.3004420176807072
3276,1.0,0.1377643504531722
3277,1.0,0.18540035362465268
3278,0.93307215,0.5512122183060985
3279,1.0,0.1399337947637677
3280,1.0,0.14226314226314227
3281,0.9869351,0.5124656558461382
3282,1.0,0.13808664259927797
3283,1.0,0.13821138211382114
3284,1.0,0.18540035362465268
3285,1.0,0.18540035362465268
3286,1.0,0.13821138211382114
3287,1.0,0.18570887514202752
3288,1.0,0.13814803715912496
3289,0.74705285,0.32068460758923545
3290,1.0,0.13821138211382114
3291,1.0,0.13821138211382114
3292,1.0,0.13821138211382114
3293,1.0,0.1692389568919638
3294,0.5123309,0.14153084382092015
3295,1.0,0.19281045751633988
3296,1.0,0.13821138211382114
3297,1.0,0.18540035362465268
3298,0.72009975,0.4937853107344633
3299,1.0,0.1514372892243456
3300,1.0,0.13821138211382114
3301,1.0,0.13383152173913043
3302,1.0,0.13821138211382114
3303,0.99993974,0.13564908722109534
3304,1.0,0.1469950738916256
3305,1.0,0.18540035362465268
3306,1.0,0.13821138211382114
3307,1.0,0.12366438956034331
3308,1.0,0.1382946670683941
3309,1.0,0.12781954887218044
3310,1.0,0.13821138211382114
3311,0.9999929,0.19069640914036998
3312,1.0,0.0687221396731055
3313,1.0,0.13821138211382114
3314,1.0,0.1622303166152984
3315,1.0,0.13821138211382114
3316,1.0,0.4706805695705797
3317,1.0,0.13821138211382114
3318,1.0,0.13911472448057813
3319,0.8467525,0.40446976336546886
3320,0.99052745,0.10254083484573502
3321,1.0,0.13821138211382114
3322,0.5907515,0.518727767315338
3323,0.99999845,0.1370548219287715
3324,0.92452043,0.11432829465616351
3325,1.0,0.13821138211382114
3326,1.0,0.18807512920710953
3327,1.0,0.18364509605662285
3328,1.0,0.13821138211382114
3329,1.0,0.18540035362465268
3330,1.0,0.13969938107869143
3331,1.0,0.13867952969550798
3332,1.0,0.12179868969624777
3333,0.9709645,0.34224266534062653
3334,0.84402233,0.27329289158500547
3335,1.0,0.13819922225545916
3336,1.0,0.13807407407407407
3337,0.587491,0.08629044864780366
3338,1.0,0.18540035362465268
3339,1.0,0.13821138211382114
3340,1.0,0.13825301204819276
3341,0.99999994,0.13821138211382114
3342,1.0,0.14930555555555555
3343,1.0,0.13821138211382114
3344,1.0,0.1469208211143695
3345,1.0,0.13726076555023922
3346,0.9043674,0.5153787631779154
3347,0.9756796,0.5057510534107733
3348,1.0,0.13821138211382114
3349,1.0,0.18540035362465268
3350,1.0,0.13821138211382114
3351,1.0,0.13821138211382114
3352,0.4758788,0.4625662012518055
3353,1.0,0.12754050073637702
3354,1.0,0.1382946670683941
3355,0.817265,0.7073363654340518
3356,0.9760077,0.33922914466737064
3357,1.0,0.13821138211382114
3358,1.0,0.13758992805755396
3359,1.0,0.13825301204819276
3360,1.0,0.13821138211382114
3361,1.0,0.13821138211382114
3362,1.0,0.12740010378827193
3363,1.0,0.13821138211382114
3364,1.0,0.12075198843094721
3365,1.0,0.22258652094717668
3366,1.0,0.17400881057268722
3367,1.0,0.13821138211382114
3368,1.0,0.20306136778542339
3369,1.0,0.1370697532744441
3370,1.0,0.13725490196078433
3371,0.8191796,0.22233576642335767
3372,1.0,0.5883493164660274
3373,1.0,0.1475237091675448
3374,1.0,0.13821138211382114
3375,1.0,0.13821138211382114
3376,1.0,0.13821138211382114
3377,1.0,0.13801308744794766
3378,1.0,0.19648584576767536
3379,1.0,0.18540035362465268
3380,1.0,0.13821138211382114
3381,0.9886867,0.153043135710065
3382,1.0,0.13821138211382114
3383,1.0,0.13821138211382114
3384,1.0,0.13868177751267521
3385,0.9414922,0.5209696449640674
3386,1.0,0.13821138211382114
3387,1.0,0.14024572969733293
3388,1.0,0.13821138211382114
3389,1.0,0.2017175572519084
3390,1.0,0.10482326310290789
3391,1.0,0.13821138211382114
3392,1.0,0.13821138211382114
3393,0.99207276,0.1490464344941957
3394,1.0,0.1387126019945603
3395,1.0,0.1457657125995869
3396,1.0,0.13821138211382114
3397,1.0,0.09958031285768791
3398,1.0,0.31866261398176293
3399,1.0,0.13821138211382114
3400,1.0,0.13821138211382114
3401,1.0,0.13670212765957446
3402,1.0,0.13821138211382114
3403,0.78149915,0.15059127864005914
3404,0.8679272,0.25077200205867217
3405,1.0,0.11786912751677853
3406,1.0,0.13821138211382114
3407,1.0,0.13471050334594123
3408,1.0,0.13821138211382114
3409,1.0,0.14061557030778515
3410,1.0,0.18540035362465268
3411,1.0,0.13855421686746988
3412,1.0,0.13821138211382114
3413,1.0,0.13825301204819276
3414,1.0,0.13821138211382114
3415,0.5585307,0.19748953974895397
3416,1.0,0.13821138211382114
3417,1.0,0.14366471734892788
3418,1.0,0.13821138211382114
3419,1.0,0.18540035362465268
3420,1.0,0.18339450702442728
3421,1.0,0.13821138211382114
3422,1.0,0.13821138211382114
3423,1.0,0.1634698462070157
3424,0.489584,0.523905652358691
3425,1.0,0.13980114492316964
3426,1.0,0.13821138211382114
3427,1.0,0.13824328403259886
3428,1.0,0.13821138211382114
3429,1.0,0.13821138211382114
3430,1.0,0.13821138211382114
3431,1.0,0.12149102623101703
3432,1.0,0.1386481802426343
3433,1.0,0.13821138211382114
3434,1.0,0.13768115942028986
3435,1.0,0.13846153846153847
3436,0.9617392,0.20672751859364435
3437,1.0,0.13821138211382114
3438,1.0,0.13783864245311103
3439,1.0,0.13821138211382114
3440,1.0,0.1861668559888931
3441,0.99974495,0.08201892744479496
3442,1.0,0.13821138211382114
3443,0.88826895,0.2955801104972376
3444,0.6904007,0.08899143045484509
3445,1.0,0.1402769416014449
3446,1.0,0.13821138211382114
3447,1.0,0.13821138211382114
3448,1.0,0.18540035362465268
3449,1.0,0.13821138211382114
3450,1.0,0.18540035362465268
3451,1.0,0.16907329555839884
3452,0.9999998,0.1328689370485036
3453,1.0,0.13821138211382114
3454,1.0,0.13821138211382114
3455,0.9339522,0.08061626657112146
3456,1.0,0.18540035362465268
3457,0.99999994,0.13821138211382114
3458,1.0,0.1459054209919262
3459,1.0,0.18587313621430376
3460,1.0,0.13821138211382114
3461,1.0,0.13821138211382114
3462,1.0,0.13821138211382114
3463,1.0,0.1640578561521696
3464,1.0,0.13821138211382114
3465,1.0,0.13528550512445095
3466,1.0,0.13821138211382114
3467,1.0,0.08470209339774556
3468,1.0,0.13821138211382114
3469,0.99059105,0.09369158878504673
3470,1.0,0.11282051282051282
3471,0.91597694,0.4193133599074193
3472,1.0,0.13821138211382114
3473,1.0,0.13821138211382114
3474,1.0,0.13774436090225564
3475,1.0,0.13821138211382114
3476,1.0,0.13821138211382114
3477,1.0,0.16751918158567775
3478,0.99999905,0.128821531225503
3479,1.0,0.13821138211382114
3480,1.0,0.13825301204819276
3481,1.0,0.13809666766736717
3482,1.0,0.13821138211382114
3483,1.0,0.13821138211382114
3484,1.0,0.13821138211382114
3485,1.0,0.5075071759770369
3486,1.0,0.18540035362465268
3487,1.0,0.13821138211382114
3488,1.0,0.13100208768267224
3489,1.0,0.14170403587443947
3490,0.8173295,0.31515330188679247
3491,1.0,0.13821138211382114
3492,1.0,0.1533161068044789
3493,1.0,0.13821138211382114
3494,1.0,0.13821138211382114
3495,1.0,0.13821138211382114
3496,1.0,0.13821138211382114
3497,1.0,0.1837947162179244
3498,1.0,0.13821138211382114
3499,1.0,0.1363365155131265
3500,1.0,0.5344385026737968
3501,1.0,0.13821138211382114
3502,0.9068019,0.1581599479843953
3503,1.0,0.12106072252113759
3504,1.0,0.13783943329397874
3505,0.9999755,0.15215716486902928
3506,1.0,0.13821138211382114
3507,0.958997,0.4277860497079372
3508,1.0,0.12723272068340669
3509,1.0,0.09943806498900562
3510,1.0,0.13821138211382114
3511,1.0,0.13783783783783785
3512,1.0,0.6388605268531754
3513,1.0,0.13854351687388988
3514,1.0,0.37725445146467546
3515,1.0,0.13821138211382114
3516,1.0,0.13874737788432723
3517,1.0,0.13644524236983843
3518,1.0,0.13821138211382114
3519,1.0,0.13821138211382114
3520,1.0,0.36679714483076215
3521,1.0,0.13821138211382114
3522,1.0,0.1815885844172244
3523,1.0,0.13821138211382114
3524,1.0,0.13760915386931646
3525,1.0,0.13821138211382114
3526,1.0,0.18540035362465268
3527,0.876071,0.272967706013363
3528,1.0,0.18540035362465268
3529,0.9999055,0.15108051252629565
3530,1.0,0.13821138211382114
3531,1.0,0.13850331925165962
3532,1.0,0.18540035362465268
3533,0.9423426,0.06738437001594896
3534,1.0,0.13821138211382114
3535,1.0,0.13821138211382114
3536,1.0,0.1164695177434031
3537,1.0,0.08604336043360433
3538,1.0,0.13821138211382114
3539,1.0,0.13821138211382114
3540,1.0,0.1202944269190326
3541,1.0,0.13821138211382114
3542,1.0,0.13821138211382114
3543,1.0,0.1893662592919239
3544,1.0,0.13821138211382114
3545,1.0,0.13821138211382114
3546,0.99999994,0.13878041453890058
3547,1.0,0.13821138211382114
3548,1.0,0.1471016603553743
3549,1.0,0.14213046080191502
3550,1.0,0.07804286291953093
3551,1.0,0.13821138211382114
3552,1.0,0.4274906890130354
3553,1.0,0.14243146603098927
3554,1.0,0.1383780524570395
3555,1.0,0.1383780524570395
3556,1.0,0.11675375571521882
3557,1.0,0.13821138211382114
3558,0.99999994,0.12266167824692678
3559,0.9936047,0.09826923076923078
3560,1.0,0.13821138211382114
3561,1.0,0.13821138211382114
3562,1.0,0.13976555455365194
3563,1.0,0.13821138211382114
3564,1.0,0.12117669978570036
3565,1.0,0.1371721435031655
3566,1.0,0.1482889733840304
3567,1.0,0.13821138211382114
3568,1.0,0.13821138211382114
3569,1.0,0.13821138211382114
3570,1.0,0.13685800604229606
3571,1.0,0.13821138211382114
3572,1.0,0.1380541505504314
3573,1.0,0.13821138211382114
3574,1.0,0.13976555455365194
3575,1.0,0.13821138211382114
3576,1.0,0.05905511811023622
3577,1.0,0.18540035362465268
3578,0.6101756,0.4691529035695258
3579,0.9999892,0.21872553624549868
3580,1.0,0.18540035362465268
3581,0.8550664,0.533854441745009
3582,1.0,0.10776766969909027
3583,1.0,0.13821138211382114
3584,1.0,0.18540035362465268
3585,1.0,0.13488783943329397
3586,1.0,0.13821138211382114
3587,1.0,0.13821138211382114
3588,0.8817444,0.5736434108527132
3589,1.0,0.18333333333333332
3590,1.0,0.13812819741197713
3591,1.0,0.1483375959079284
3592,1.0,0.1311662389506701
3593,1.0,0.18453959833270178
3594,1.0,0.13825301204819276
3595,1.0,0.13821138211382114
3596,1.0,0.13821138211382114
3597,1.0,0.13643659711075443
3598,1.0,0.3910666511573805
3599,1.0,0.13821138211382114
3600,1.0,0.18449575871819038
3601,1.0,0.13802315227070347
3602,1.0,0.1961973638166336
3603,0.575396,0.29634658109108863
3604,1.0,0.18540035362465268
3605,1.0,0.13821138211382114
3606,1.0,0.13825301204819276
3607,1.0,0.13821138211382114
3608,1.0,0.1376941457586619
3609,1.0,0.13821138211382114
3610,1.0,0.13821138211382114
3611,1.0,0.13821138211382114
3612,1.0,0.13821138211382114
3613,1.0,0.18540035362465268
3614,1.0,0.17041256157635468
3615,1.0,0.1446609508963367
3616,1.0,0.13821138211382114
3617,1.0,0.13821138211382114
3618,1.0,0.14116251482799524
3619,1.0,0.13821138211382114
3620,1.0,0.13821138211382114
3621,1.0,0.18685339389351502
3622,1.0,0.13588110403397027
3623,1.0,0.13821138211382114
3624,1.0,0.1334341906202723
3625,0.9999763,0.10401737242128122
3626,1.0,0.13821138211382114
3627,1.0,0.13821138211382114
3628,1.0,0.13821138211382114
3629,1.0,0.13821138211382114
3630,1.0,0.13821138211382114
3631,1.0,0.13740458015267176
3632,1.0,0.13821138211382114
3633,1.0,0.13821138211382114
3634,1.0,0.503056768558952
3635,1.0,0.18540035362465268
3636,1.0,0.13821138211382114
3637,0.9997453,0.23335488041370395
3638,1.0,0.4638787476490762
3639,0.8277136,0.4382688927943761
3640,1.0,0.13808664259927797
3641,1.0,0.18540035362465268
3642,1.0,0.20763838530335993
3643,1.0,0.13821138211382114
3644,1.0,0.13821138211382114
3645,1.0,0.1366646598434678
3646,1.0,0.13821138211382114
3647,1.0,0.13821138211382114
3648,1.0,0.18540035362465268
3649,0.6632624,0.38118530315094984
3650,1.0,0.14524271844660194
3651,0.79997456,0.47977288857345635
3652,1.0,0.13821138211382114
3653,1.0,0.13821138211382114
3654,1.0,0.13821138211382114
3655,1.0,0.13821138211382114
3656,1.0,0.13821138211382114
3657,1.0,0.13316342784326218
3658,1.0,0.18698060941828254
3659,1.0,0.16406729706496379
3660,1.0,0.13821138211382114
3661,1.0,0.1394862604540024
3662,1.0,0.13821138211382114
3663,1.0,0.13821138211382114
3664,1.0,0.13821138211382114
3665,1.0,0.14494447691408532
3666,1.0,0.13821138211382114
3667,1.0,0.13821138211382114
3668,1.0,0.13821138211382114
3669,1.0,0.18540035362465268
3670,1.0,0.09845201238390093
3671,1.0,0.18540035362465268
3672,1.0,0.13821138211382114
3673,1.0,0.13821138211382114
3674,1.0,0.13821138211382114
3675,1.0,0.13821138211382114
3676,1.0,0.13821138211382114
3677,1.0,0.136995991511436
3678,1.0,0.13914880772713553
3679,1.0,0.1135005973715651
3680,1.0,0.13716012084592144
3681,1.0,0.1476842411884649
3682,1.0,0.18540035362465268
3683,1.0,0.1375980687990344
3684,0.7117266,0.21003573093055772
3685,1.0,0.13337165852256397
3686,0.71885014,0.2323247017748036
3687,0.99999595,0.1147842056932966
3688,1.0,0.13821138211382114
3689,1.0,0.13821138211382114
3690,1.0,0.5562637133005955
3691,1.0,0.13821138211382114
3692,1.0,0.13825301204819276
3693,1.0,0.13821138211382114
3694,1.0,0.13825301204819276
3695,1.0,0.1360381861575179
3696,1.0,0.14521984671238403
3697,1.0,0.22598154514203003
3698,1.0,0.13821138211382114
3699,1.0,0.18540035362465268
3700,1.0,0.19246281825056719
3701,1.0,0.13821138211382114
3702,1.0,0.05024352730069213
3703,1.0,0.13821138211382114
3704,1.0,0.13821138211382114
3705,1.0,0.1385359951603146
3706,0.99999994,0.15477723409734742
3707,0.9953685,0.09393346379647749
3708,0.9995195,0.1482590789966305
3709,1.0,0.13821138211382114
3710,1.0,0.1844526218951242
3711,1.0,0.13724944320712695
3712,1.0,0.13826269912834385
3713,1.0,0.14580265095729014
3714,1.0,0.13821138211382114
3715,1.0,0.13821138211382114
3716,1.0,0.14680788467196235
3717,1.0,0.18540035362465268
3718,1.0,0.13821138211382114
3719,1.0,0.18522727272727274
3720,1.0,0.18540035362465268
3721,1.0,0.13825301204819276
3722,1.0,0.18488906656006396
3723,1.0,0.15208690680388792
3724,0.70078427,0.36423841059602646
3725,1.0,0.13919855378125942
3726,1.0,0.13785885167464115
3727,1.0,0.13821138211382114
3728,1.0,0.11939615736505033
3729,1.0,0.13821138211382114
3730,1.0,0.13821138211382114
3731,1.0,0.13821138211382114
3732,1.0,0.13821138211382114
3733,1.0,0.15015673981191222
3734,1.0,0.13821138211382114
3735,1.0,0.13760915386931646
3736,1.0,0.13821138211382114
3737,1.0,0.15358880778588807
3738,0.99999845,0.11028976936723832
3739,1.0,0.13821138211382114
3740,1.0,0.14217156568686262
3741,1.0,0.17438217890706578
3742,1.0,0.13821138211382114
3743,1.0,0.18540035362465268
3744,1.0,0.12011076497057806
3745,1.0,0.18540035362465268
3746,1.0,0.13821138211382114
3747,1.0,0.13821138211382114
3748,1.0,0.13821138211382114
3749,1.0,0.18540035362465268
3750,0.9977709,0.08359375
3751,0.88394004,0.031007751937984496
3752,1.0,0.1383363471971067
3753,1.0,0.13821138211382114
3754,1.0,0.15203299941072482
3755,1.0,0.14117419853225183
3756,1.0,0.13821138211382114
3757,1.0,0.13821138211382114
3758,1.0,0.18764186633039093
3759,1.0,0.12012288786482335
3760,1.0,0.16784356328082564
3761,0.818461,0.4598391299422227
3762,1.0,0.13821138211382114
3763,1.0,0.13828502415458938
3764,1.0,0.13821138211382114
3765,1.0,0.13133498145859085
3766,1.0,0.13821138211382114
3767,1.0,0.13727245598328858
3768,1.0,0.18540035362465268
3769,1.0,0.13825301204819276
3770,1.0,0.13821138211382114
3771,1.0,0.15033011681056374
3772,1.0,0.13842913030394222
3773,1.0,0.1383780524570395
3774,1.0,0.13821138211382114
3775,0.92487335,0.18024143194116832
3776,0.8447595,0.29099334600760457
3777,1.0,0.13821138211382114
3778,1.0,0.18540035362465268
3779,1.0,0.22107175295186193
3780,1.0,0.18540035362465268
3781,1.0,0.13825301204819276
3782,1.0,0.13821138211382114
3783,1.0,0.13784836679652382
3784,1.0,0.13821138211382114
3785,1.0,0.13821138211382114
3786,1.0,0.13821138211382114
3787,1.0,0.13825301204819276
3788,1.0,0.13821138211382114
3789,1.0,0.18540035362465268
3790,1.0,0.2075765438505449
3791,1.0,0.13821138211382114
3792,1.0,0.1856060606060606
3793,1.0,0.13781664656212303
3794,0.99896234,0.09530981067125645
3795,1.0,0.2561485489424496
3796,1.0,0.13654253708749622
3797,1.0,0.13739545997610514
3798,1.0,0.13838353713092752
3799,1.0,0.13821138211382114
3800,1.0,0.13825301204819276
3801,1.0,0.13821138211382114
3802,1.0,0.08806096528365792
3803,1.0,0.13821138211382114
3804,0.99999505,0.09596279856267174
3805,1.0,0.13795180722891567
3806,1.0,0.13762855414398065
3807,1.0,0.13821138211382114
3808,1.0,0.18540035362465268
3809,0.9997781,0.0716323296354992
3810,1.0,0.13821138211382114
3811,1.0,0.14255827854154213
3812,1.0,0.13821138211382114
3813,1.0,0.13821138211382114
3814,1.0,0.13762587732682333
3815,1.0,0.13821138211382114
3816,1.0,0.13821138211382114
3817,1.0,0.13825301204819276
3818,1.0,0.13821138211382114
3819,1.0,0.13821138211382114
3820,1.0,0.1380451127819549
3821,1.0,0.13825301204819276
3822,1.0,0.18540035362465268
3823,1.0,0.13821138211382114
3824,1.0,0.13821138211382114
3825,1.0,0.18540035362465268
3826,1.0,0.138250223947447
3827,1.0,0.13821138211382114
3828,1.0,0.09762000806776926
3829,0.99999964,0.13712076145151694
3830,1.0,0.13825301204819276
3831,1.0,0.1852740591058348
3832,1.0,0.13821138211382114
3833,1.0,0.13784764207980654
3834,1.0,0.13821138211382114
3835,1.0,0.13825301204819276
3836,1.0,0.29831881212418704
3837,1.0,0.13821138211382114
3838,1.0,0.13825301204819276
3839,1.0,0.13825301204819276
3840,1.0,0.13821138211382114
3841,1.0,0.15275772451631534
3842,1.0,0.13821138211382114
3843,1.0,0.13958396141091348
3844,1.0,0.13825301204819276
3845,1.0,0.5495184254606366
3846,1.0,0.13782726452001204
3847,1.0,0.13821138211382114
3848,1.0,0.13821138211382114
3849,1.0,0.13772274237390517
3850,0.9999922,0.2630291915023689
3851,1.0,0.13821138211382114
3852,1.0,0.13821138211382114
3853,1.0,0.13821138211382114
3854,0.4340996,0.5280304632959594
3855,1.0,0.1380036079374624
3856,1.0,0.13821138211382114
3857,1.0,0.11131782945736435
3858,0.9999264,0.155467720685112
3859,0.77483475,0.1690671031096563
3860,1.0,0.18552664814347058
3861,0.8942434,0.020031628887717447
3862,1.0,0.13739545997610514
3863,1.0,0.3081416575392479
3864,1.0,0.1375980687990344
3865,1.0,0.138076575218571
3866,1.0,0.14302705917335712
3867,1.0,0.13821138211382114
3868,1.0,0.19616204690831557
3869,1.0,0.13821138211382114
3870,1.0,0.09438202247191012
3871,1.0,0.05383895131086142
3872,0.5684255,0.41044957472661
3873,1.0,0.13821138211382114
3874,1.0,0.13821138211382114
3875,1.0,0.13821138211382114
3876,0.8362661,0.1977077363896848
3877,1.0,0.13466334164588528
3878,1.0,0.13821138211382114
3879,1.0,0.13821138211382114
3880,1.0,0.13825301204819276
3881,1.0,0.13821138211382114
3882,0.8778836,0.504343105320304
3883,1.0,0.138763197586727
3884,1.0,0.13821138211382114
3885,1.0,0.12087264150943396
3886,1.0,0.13821138211382114
3887,1.0,0.13821138211382114
3888,1.0,0.13444341658957756
3889,1.0,0.13821138211382114
3890,1.0,0.13778580024067388
3891,0.9562595,0.23564356435643563
3892,1.0,0.08424022571543732
3893,1.0,0.14622641509433962
3894,1.0,0.13821138211382114
3895,1.0,0.13806766229807985
3896,1.0,0.14391691394658754
3897,1.0,0.11415289256198347
3898,0.9999533,0.22778279375725527
3899,1.0,0.13821138211382114
3900,1.0,0.13821138211382114
3901,1.0,0.14007667354762607
3902,1.0,0.13411161731207288
3903,1.0,0.13821138211382114
3904,1.0,0.13562874251497006
3905,1.0,0.18644281747033578
3906,1.0,0.18540035362465268
3907,0.9999999,0.12190812720848057
3908,1.0,0.14777032935004372
3909,1.0,0.13821138211382114
3910,1.0,0.18540035362465268
3911,1.0,0.36009557945041815
3912,0.9610004,0.6189266110998171
3913,0.87096757,0.2841452384028944
3914,1.0,0.15467565290648694
3915,1.0,0.1383780524570395
3916,1.0,0.18540035362465268
3917,1.0,0.12230318616945278
3918,1.0,0.19088493766605355
3919,0.5886753,0.41609222724031375
3920,1.0,0.14067186562687461
3921,1.0,0.13821138211382114
3922,1.0,0.36988847583643125
3923,1.0,0.13821138211382114
3924,1.0,0.13980114492316964
3925,1.0,0.19224981188863807
3926,1.0,0.13821138211382114
3927,1.0,0.13821138211382114
3928,1.0,0.13739078035552876
3929,1.0,0.14323843416370108
3930,1.0,0.13935912938331319
3931,1.0,0.18540035362465268
3932,1.0,0.18540035362465268
3933,1.0,0.18540035362465268
3934,1.0,0.13821138211382114
3935,1.0,0.13821138211382114
3936,1.0,0.13821138211382114
3937,1.0,0.18540035362465268
3938,0.99961233,0.261214293472358
3939,1.0,0.13821138211382114
3940,1.0,0.13347267841146612
3941,1.0,0.13746223564954682
3942,1.0,0.18540035362465268
3943,0.93463045,0.45621805792163544
3944,1.0,0.18540035362465268
3945,1.0,0.13755656108597286
3946,1.0,0.13821138211382114
3947,1.0,0.13821138211382114
3948,1.0,0.13808664259927797
3949,1.0,0.13784836679652382
3950,1.0,0.08696951583980873
3951,1.0,0.18540035362465268
3952,1.0,0.13821138211382114
3953,0.9999992,0.1310968355936236
3954,1.0,0.13821138211382114
3955,1.0,0.13821138211382114
3956,0.99809843,0.06324850299401198
3957,0.90028787,0.21247002398081535
3958,1.0,0.13821138211382114
3959,1.0,0.13821138211382114
3960,1.0,0.1407985589912939
3961,1.0,0.13685800604229606
3962,1.0,0.13821138211382114
3963,1.0,0.18460474763770454
3964,1.0,0.13821138211382114
3965,1.0,0.13821138211382114
3966,1.0,0.13821138211382114
3967,1.0,0.1876765083440308
3968,0.8952118,0.15278575531303848
3969,1.0,0.18540035362465268
3970,0.8543694,0.1307443365695793
3971,1.0,0.13821138211382114
3972,1.0,0.13821138211382114
3973,1.0,0.11939615736505033
3974,1.0,0.14277215942891136
3975,1.0,0.14510894761242465
3976,1.0,0.13821138211382114
3977,1.0,0.13821138211382114
3978,1.0,0.18540035362465268
3979,1.0,0.13821138211382114
3980,1.0,0.18540035362465268
3981,1.0,0.1321056845476381
3982,1.0,0.13821138211382114
3983,1.0,0.13821138211382114
3984,1.0,0.13821138211382114
3985,0.80953705,0.21319295936831717
3986,1.0,0.13902947305745758
3987,1.0,0.13821138211382114
3988,1.0,0.18540035362465268
3989,1.0,0.1540216771249287
3990,1.0,0.13809245172615564
3991,1.0,0.13821138211382114
3992,0.5385752,0.2452018877818563
3993,0.6709866,0.38842345773038844
3994,0.87177235,0.10707185458676512
3995,1.0,0.14985250737463127
3996,1.0,0.1399164677804296
3997,1.0,0.13821138211382114
3998,1.0,0.13821138211382114
3999,1.0,0.13821138211382114
4000,1.0,0.09438202247191012
4001,1.0,0.19793072424651373
4002,1.0,0.1382946670683941
4003,1.0,0.1149063670411985
4004,1.0,0.18540035362465268
4005,1.0,0.13821138211382114
4006,1.0,0.18666329881283153
4007,1.0,0.13825301204819276
4008,1.0,0.13821138211382114
4009,1.0,0.13970382788488406
4010,1.0,0.13821138211382114
4011,1.0,0.13821138211382114
4012,1.0,0.18540035362465268
4013,1.0,0.13755656108597286
4014,0.9999957,0.08782394076511724
4015,1.0,0.13821138211382114
4016,1.0,0.13821138211382114
4017,1.0,0.13821138211382114
4018,1.0,0.6291570380789712
4019,1.0,0.18537694153302184
4020,1.0,0.13704686118479223
4021,1.0,0.13821138211382114
4022,1.0,0.1399337947637677
4023,1.0,0.13821138211382114
4024,0.99999994,0.11541038525963149
4025,0.99999994,0.13825301204819276
4026,1.0,0.13874034462269758
4027,1.0,0.13821138211382114
4028,1.0,0.18540035362465268
4029,1.0,0.12995807803934215
4030,1.0,0.13825301204819276
4031,1.0,0.13883823912477208
4032,1.0,0.13821138211382114
4033,1.0,0.13821138211382114
4034,1.0,0.13821138211382114
4035,0.99959534,0.08947528055808311
4036,1.0,0.13815987933634993
4037,1.0,0.12544802867383512
4038,0.98860073,0.13845813026140896
4039,1.0,0.1530758226037196
4040,1.0,0.13821138211382114
4041,1.0,0.13821138211382114
4042,1.0,0.18540035362465268
4043,0.99999994,0.12090225563909775
4044,1.0,0.1382946670683941
4045,1.0,0.13812819741197713
4046,0.9997951,0.16514657980456027
4047,0.95638394,0.0944231336677486
4048,1.0,0.14974182444061962
4049,1.0,0.11566037735849057
4050,1.0,0.13617276544691062
4051,1.0,0.13821138211382114
4052,1.0,0.19447583176396735
4053,1.0,0.13725490196078433
4054,1.0,0.13821138211382114
4055,1.0,0.13821138211382114
4056,1.0,0.14023472765573278
4057,1.0,0.13821138211382114
4058,1.0,0.18540035362465268
4059,1.0,0.13821138211382114
4060,0.9983101,0.16046966731898238
4061,1.0,0.1436932982148083
4062,1.0,0.3727389427004318
4063,1.0,0.1309688581314879
4064,1.0,0.13821138211382114
4065,1.0,0.5396386822529224
4066,1.0,0.13821138211382114
4067,1.0,0.1375980687990344
4068,1.0,0.18540035362465268
4069,1.0,0.13821138211382114
4070,1.0,0.5761889697353159
4071,1.0,0.14054054054054055
4072,1.0,0.13821138211382114
4073,1.0,0.1880352644836272
4074,1.0,0.4395404390854283
4075,1.0,0.13821138211382114
4076,1.0,0.10239495195755055
4077,1.0,0.13821138211382114
4078,1.0,0.1382946670683941
4079,1.0,0.1404460518384569
4080,0.99947447,0.11141304347826086
4081,1.0,0.24981421847906862
4082,0.4735034,0.23923865300146413
4083,1.0,0.17552144824872098
4084,1.0,0.04296981234702203
4085,1.0,0.18540035362465268
4086,1.0,0.13821138211382114
4087,1.0,0.18540035362465268
4088,1.0,0.601861321333606
4089,1.0,0.18540035362465268
4090,1.0,0.18540035362465268
4091,1.0,0.13821138211382114
4092,0.5903178,0.3511073663938373
4093,1.0,0.14445425125036776
4094,1.0,0.14602156805596037
4095,1.0,0.18540035362465268
4096,1.0,0.13821138211382114
4097,1.0,0.13825301204819276
4098,0.90697795,0.3552002014605893
4099,0.8744265,0.33777995349406437
4100,1.0,0.13821138211382114
4101,1.0,0.1377352853301464
4102,1.0,0.13821138211382114
4103,0.9999821,0.15932040391088315
4104,0.9331505,0.173850054328142
4105,1.0,0.13821138211382114
4106,1.0,0.14273772204806687
4107,1.0,0.18540035362465268
4108,1.0,0.13821138211382114
4109,1.0,0.13842913030394222
4110,0.99527055,0.08427571351642434
4111,1.0,0.18540035362465268
4112,1.0,0.13823791159893206
4113,1.0,0.07943731899048408
4114,1.0,0.18540035362465268
4115,1.0,0.13767246550689863
4116,1.0,0.13847967000589276
4117,0.810837,0.3697401701540584
4118,1.0,0.10504672897196261
4119,1.0,0.13821138211382114
4120,0.6509772,0.25551007556675065
4121,1.0,0.18540035362465268
4122,1.0,0.13821138211382114
4123,1.0,0.08666237113402062
4124,1.0,0.13821138211382114
4125,1.0,0.09438202247191012
4126,1.0,0.1382946670683941
4127,1.0,0.18540035362465268
4128,1.0,0.13821138211382114
4129,1.0,0.19010317157050058
4130,1.0,0.18540035362465268
4131,1.0,0.13821138211382114
4132,1.0,0.13712769094662342
4133,1.0,0.13674597452535447
4134,1.0,0.13821138211382114
4135,1.0,0.1424113475177305
4136,1.0,0.13841978287092882
4137,0.90761536,0.433551950293407
4138,1.0,0.1385959626393492
4139,1.0,0.13821138211382114
4140,1.0,0.14523314523314523
4141,1.0,0.13821138211382114
4142,1.0,0.1388221153846154
4143,1.0,0.13825301204819276
4144,1.0,0.13821138211382114
4145,1.0,0.13821138211382114
4146,1.0,0.18540035362465268
4147,1.0,0.12878079201746181
4148,1.0,0.13821138211382114
4149,1.0,0.13681521430598922
4150,0.92211825,0.6595679012345679
4151,1.0,0.5609601353494765
4152,1.0,0.14470531863919503
4153,0.84938794,0.07085561497326204
4154,1.0,0.13768115942028986
4155,1.0,0.35095812633073104
4156,1.0,0.13821138211382114
4157,1.0,0.13825301204819276
4158,1.0,0.1399337947637677
4159,1.0,0.13821138211382114
4160,1.0,0.13821138211382114
4161,1.0,0.13839687781447013
4162,1.0,0.13821138211382114
4163,1.0,0.13821138211382114
4164,1.0,0.14395734597156398
4165,1.0,0.137473620741634
4166,1.0,0.13825301204819276
4167,0.46140042,0.5432351043235104
4168,1.0,0.13821138211382114
4169,1.0,0.1383363471971067
4170,1.0,0.13821138211382114
4171,1.0,0.13821138211382114
4172,1.0,0.13821138211382114
4173,0.9438628,0.06819517930629042
4174,1.0,0.20763838530335993
4175,1.0,0.18540035362465268
4176,1.0,0.13821138211382114
4177,1.0,0.18994835621614814
4178,1.0,0.1377643504531722
4179,1.0,0.13821138211382114
4180,1.0,0.1384886798000588
4181,1.0,0.27922471229557844
4182,1.0,0.13821138211382114
4183,1.0,0.1392749244712991
4184,1.0,0.13821138211382114
4185,1.0,0.136977886977887
4186,1.0,0.1381697772426249
4187,1.0,0.18544763221569305
4188,1.0,0.18540035362465268
4189,1.0,0.13821138211382114
4190,1.0,0.13821138211382114
4191,1.0,0.1397169527250828
4192,1.0,0.13821138211382114
4193,1.0,0.13821138211382114
4194,1.0,0.19748729531338227
4195,1.0,0.12197686645636173
4196,1.0,0.18540035362465268
4197,1.0,0.18514776458701693
4198,1.0,0.1381697772426249
4199,1.0,0.13738368910782703
4200,1.0,0.13821138211382114
4201,1.0,0.13821138211382114
4202,1.0,0.13821138211382114
4203,1.0,0.13821138211382114
4204,1.0,0.1375980687990344
4205,1.0,0.13870581186339126
4206,1.0,0.13821138211382114
4207,1.0,0.13722539873608186
4208,1.0,0.13821138211382114
4209,1.0,0.2935968954644676
4210,1.0,0.13821138211382114
4211,1.0,0.18540035362465268
4212,1.0,0.13821138211382114
4213,1.0,0.18540035362465268
4214,0.99999994,0.13821138211382114
4215,1.0,0.13081316290454176
4216,1.0,0.13821138211382114
4217,1.0,0.16652625666947488
4218,1.0,0.18550322010354842
4219,1.0,0.18540035362465268
4220,1.0,0.13821138211382114
4221,1.0,0.13724322715093779
4222,1.0,0.13755656108597286
4223,1.0,0.13821138211382114
4224,1.0,0.09762381906670484
4225,1.0,0.16190848650762613
4226,1.0,0.13685524126455906
4227,1.0,0.13825301204819276
4228,0.9999306,0.1555436910482292
4229,1.0,0.13778580024067388
4230,1.0,0.1514476614699332
4231,1.0,0.13821138211382114
4232,1.0,0.13821138211382114
4233,1.0,0.13821138211382114
4234,1.0,0.18540035362465268
4235,0.96765023,0.08192281651997292
4236,1.0,0.18438013395678
4237,1.0,0.14568226763348716
4238,1.0,0.13821138211382114
4239,1.0,0.1874527588813303
4240,1.0,0.13480963480963482
4241,1.0,0.13825301204819276
4242,1.0,0.13825301204819276
4243,1.0,0.13821138211382114
4244,1.0,0.13367318040215237
4245,1.0,0.13290163428923835
4246,0.99999917,0.133015494636472
4247,1.0,0.18540035362465268
4248,1.0,0.1866095069978565
4249,1.0,0.39938292766540967
4250,1.0,0.38495887191539363
4251,1.0,0.18335648440459654
4252,1.0,0.16451820818562682
4253,0.62334687,0.32487118260651
4254,1.0,0.13821138211382114
4255,1.0,0.13821138211382114
4256,1.0,0.13821138211382114
4257,1.0,0.1852740591058348
4258,1.0,0.18540035362465268
4259,1.0,0.18540035362465268
4260,1.0,0.18590848171548918
4261,0.99999994,0.18364509605662285
4262,1.0,0.1388469664956233
4263,1.0,0.18540035362465268
4264,0.8553988,0.34834871296745995
4265,1.0,0.12199888330541597
4266,1.0,0.138855421686747
4267,1.0,0.13114209827357237
4268,1.0,0.18540035362465268
4269,1.0,0.18540035362465268
4270,1.0,0.13647058823529412
4271,1.0,0.13821138211382114
4272,0.95659614,0.21672487388436165
4273,1.0,0.137546468401487
4274,0.99997115,0.15504930295817748
4275,0.99876976,0.08959215511477601
4276,1.0,0.17527346731111676
4277,1.0,0.13821138211382114
4278,1.0,0.13821138211382114
4279,1.0,0.18540035362465268
4280,1.0,0.18540035362465268
4281,0.6871938,0.4675074818298418
4282,1.0,0.14626953700973164
4283,1.0,0.13821138211382114
4284,1.0,0.18540035362465268
4285,1.0,0.13821138211382114
4286,1.0,0.13821138211382114
4287,1.0,0.13825301204819276
4288,1.0,0.05291666666666667
4289,1.0,0.13821138211382114
4290,1.0,0.14643377001455604
4291,0.9999692,0.1589726372335068
4292,1.0,0.13821138211382114
4293,0.9995128,0.30634787472035796
4294,1.0,0.13821138211382114
4295,1.0,0.13821138211382114
4296,1.0,0.2542182227221597
4297,1.0,0.18540035362465268
4298,1.0,0.13821138211382114
4299,0.99989575,0.14849281812664375
4300,1.0,0.13821138211382114
4301,1.0,0.13815987933634993
4302,1.0,0.14205026828579498
4303,1.0,0.13821138211382114
4304,0.5989681,0.3027932960893855
4305,1.0,0.13821138211382114
4306,1.0,0.13632204940530648
4307,1.0,0.13821138211382114
4308,1.0,0.3668481408548593
4309,1.0,0.13821138211382114
4310,1.0,0.13984962406015036
4311,1.0,0.14084507042253522
4312,0.7109177,0.3997804610318331
4313,1.0,0.13825301204819276
4314,1.0,0.17712578103776147
4315,1.0,0.13821138211382114
4316,0.93142164,0.2695479101506966
4317,1.0,0.13910681955340978
4318,1.0,0.18479635719706552
4319,1.0,0.13821138211382114
4320,1.0,0.11906092789267747
4321,1.0,0.13821138211382114
4322,1.0,0.0705596107055961
4323,0.9997564,0.1569376250227314
4324,1.0,0.15729599649967185
4325,1.0,0.13821138211382114
4326,1.0,0.18540035362465268
4327,1.0,0.13825301204819276
4328,0.9184446,0.3066916823014384
4329,1.0,0.13821138211382114
4330,1.0,0.13851249623607348
4331,1.0,0.13821138211382114
4332,0.7175283,0.43094786200736857
4333,1.0,0.13821138211382114
4334,1.0,0.1517148419949079
4335,1.0,0.13821138211382114
4336,1.0,0.1381697772426249
4337,1.0,0.13825301204819276
4338,1.0,0.18540035362465268
4339,1.0,0.13821138211382114
4340,1.0,0.13821138211382114
4341,1.0,0.13821138211382114
4342,0.825444,0.30367703779892
4343,1.0,0.13821138211382114
4344,1.0,0.341470675796368
4345,1.0,0.18272969101698383
4346,0.69576967,0.5903465346534653
4347,1.0,0.13821138211382114
4348,1.0,0.18540035362465268
4349,0.9218642,0.1837837837837838
4350,1.0,0.14031918096958748
4351,1.0,0.18540035362465268
4352,1.0,0.14486673247778875
4353,1.0,0.13821138211382114
4354,1.0,0.13821138211382114
4355,1.0,0.28505242623750304
4356,1.0,0.13821138211382114
4357,1.0,0.13821138211382114
4358,1.0,0.13821138211382114
4359,1.0,0.14213046080191502
4360,1.0,0.13821138211382114
4361,1.0,0.13821138211382114
4362,1.0,0.1586946803755029
4363,1.0,0.13821138211382114
4364,1.0,0.13851249623607348
4365,1.0,0.0
4366,1.0,0.1890359168241966
4367,1.0,0.1382946670683941
4368,1.0,0.18540035362465268
4369,1.0,0.18540035362465268
4370,1.0,0.1488318430920104
4371,0.9995875,0.0901038485033598
4372,1.0,0.13821138211382114
4373,0.99972755,0.16128453534266235
4374,1.0,0.19575833682154317
4375,1.0,0.13821138211382114
4376,1.0,0.09322580645161291
4377,1.0,0.185835121828052
4378,1.0,0.13821138211382114
4379,1.0,0.12851278812756553
4380,0.9999666,0.08783783783783784
4381,0.86892754,0.3492384418385227
4382,1.0,0.18540035362465268
4383,1.0,0.13757885250826074
4384,1.0,0.13821138211382114
4385,1.0,0.13821138211382114
4386,0.9999999,0.13212221304706853
4387,1.0,0.13632313632313633
4388,1.0,0.17836812144212524
4389,1.0,0.13755656108597286
4390,1.0,0.13821138211382114
4391,1.0,0.18540035362465268
4392,1.0,0.18540035362465268
4393,0.99998033,0.1418610242846838
4394,1.0,0.13821138211382114
4395,0.8261504,0.506380043683182
4396,1.0,0.18540035362465268
4397,1.0,0.13821138211382114
4398,1.0,0.13821138211382114
4399,1.0,0.18540035362465268
4400,1.0,0.18540035362465268
4401,1.0,0.1364041604754829
4402,0.99999887,0.13100539020389032
4403,0.9999429,0.14266742553595144
4404,1.0,0.13536142897013675
4405,1.0,0.19649941656942824
4406,1.0,0.13821138211382114
4407,0.49873725,0.43232682060390765
4408,1.0,0.13821138211382114
4409,1.0,0.13821138211382114
4410,1.0,0.13821138211382114
4411,1.0,0.18540035362465268
4412,1.0,0.14526129317980513
4413,0.9556193,0.3211688661459736
4414,1.0,0.13821138211382114
4415,1.0,0.13778580024067388
4416,1.0,0.3841860465116279
4417,1.0,0.47280750137892996
4418,0.5480257,0.3051965535810447
4419,1.0,0.13821138211382114
4420,0.72718894,0.4288958581161458
4421,1.0,0.13821138211382114
4422,0.44122687,0.5170529298653982
4423,1.0,0.1561001598295152
4424,1.0,0.14006612563871357
4425,1.0,0.13674954517889631
4426,1.0,0.13821138211382114
4427,1.0,0.13752633162804695
4428,1.0,0.15160921418068943
4429,1.0,0.1382946670683941
4430,1.0,0.13821138211382114
4431,1.0,0.05871886120996441
4432,1.0,0.18502147006819905
4433,1.0,0.14302705917335712
4434,1.0,0.13821138211382114
4435,1.0,0.13825301204819276
4436,1.0,0.18540035362465268
4437,1.0,0.13821138211382114
4438,1.0,0.1671186878470877
4439,1.0,0.18540035362465268
4440,1.0,0.4829154648324828
4441,0.99997276,0.15765693077295465
4442,0.99998313,0.14009179804430252
4443,1.0,0.18540035362465268
4444,1.0,0.13838748495788206
4445,1.0,0.24075227301033753
4446,1.0,0.1351190476190476
4447,1.0,0.13770294648226097
4448,1.0,0.13812819741197713
4449,1.0,0.13825301204819276
4450,1.0,0.13821138211382114
4451,1.0,0.13821138211382114
4452,1.0,0.1385959626393492
4453,1.0,0.5587517248699714
4454,1.0,0.18540035362465268
4455,1.0,0.13821138211382114
4456,1.0,0.18540035362465268
4457,1.0,0.13821138211382114
4458,1.0,0.4484329851078017
4459,1.0,0.18540035362465268
4460,1.0,0.18540035362465268
4461,0.81695586,0.6416399876071466
4462,0.99999994,0.3228623408126137
4463,1.0,0.13821138211382114
4464,1.0,0.13556763285024154
4465,1.0,0.13821138211382114
4466,0.99999994,0.13821138211382114
4467,1.0,0.13821138211382114
4468,1.0,0.453821288386054
4469,1.0,0.13821138211382114
4470,1.0,0.2017175572519084
4471,1.0,0.13821138211382114
4472,1.0,0.13825301204819276
4473,1.0,0.18540035362465268
4474,0.73994696,0.18119831713332366
4475,1.0,0.13801380138013802
4476,1.0,0.18540035362465268
4477,1.0,0.1315712187958884
4478,1.0,0.13821138211382114
4479,1.0,0.18540035362465268
4480,1.0,0.13821138211382114
4481,0.99999917,0.12626801922050188
4482,1.0,0.13821138211382114
4483,1.0,0.13821138211382114
4484,1.0,0.13821138211382114
4485,1.0,0.13821138211382114
4486,1.0,0.18540035362465268
4487,1.0,0.1399819765695404
4488,1.0,0.18540035362465268
4489,1.0,0.13821138211382114
4490,1.0,0.13856327021340548
4491,1.0,0.18540035362465268
4492,0.463809,0.23913397362852026
4493,1.0,0.13825301204819276
4494,1.0,0.13821138211382114
4495,1.0,0.13611615245009073
4496,1.0,0.5146062658763759
4497,1.0,0.12371432710415761
4498,0.9998717,0.21775761503564484
4499,1.0,0.13821138211382114
4500,1.0,0.19575833682154317
4501,1.0,0.14054054054054055
4502,1.0,0.3484109034638733
4503,1.0,0.13825301204819276
4504,1.0,0.13821138211382114
4505,1.0,0.13835168104730736
4506,0.97229457,0.16398402517245553
4507,0.999828,0.16282051282051282
4508,1.0,0.13821138211382114
4509,1.0,0.13821138211382114
4510,1.0,0.13821138211382114
4511,0.9999986,0.12582417582417582
4512,1.0,0.15611935995387055
4513,1.0,0.12095507382972039
4514,1.0,0.13914880772713553
4515,1.0,0.13821138211382114
4516,1.0,0.16539866098600123
4517,1.0,0.13821138211382114
4518,1.0,0.17567567567567569
4519,1.0,0.13796212804328223
4520,0.63392824,0.23155087006223804
4521,1.0,0.16219572776949825
4522,0.9999959,0.13088057901085645
4523,1.0,0.13821138211382114
4524,1.0,0.13821138211382114
4525,1.0,0.12035112035112035
4526,1.0,0.13803406035255453
4527,1.0,0.14665895284929129
4528,1.0,0.18540035362465268
4529,1.0,0.18540035362465268
4530,1.0,0.3738136077758719
4531,1.0,0.13821138211382114
4532,1.0,0.13821138211382114
4533,1.0,0.18540035362465268
4534,1.0,0.18562949867407502
4535,1.0,0.13821138211382114
4536,1.0,0.13821138211382114
4537,1.0,0.18573232323232322
4538,0.9999814,0.17276119402985074
4539,1.0,0.13821138211382114
4540,1.0,0.13821138211382114
4541,1.0,0.48122299767364574
4542,1.0,0.13821138211382114
4543,1.0,0.13821138211382114
4544,1.0,0.14084507042253522
4545,1.0,0.18540035362465268
4546,1.0,0.13821138211382114
4547,1.0,0.13776861937003237
4548,1.0,0.18540035362465268
4549,1.0,0.1380036079374624
4550,1.0,0.13821138211382114
4551,1.0,0.1382946670683941
4552,1.0,0.13821138211382114
4553,1.0,0.13611974018638803
4554,0.99994254,0.20709491850431447
4555,1.0,0.2744066552483484
4556,1.0,0.21128558662070726
4557,0.9663623,0.2656313301823093
4558,1.0,0.32344142634916834
4559,1.0,0.13821138211382114
4560,1.0,0.13821138211382114
4561,1.0,0.13498152884342143
4562,1.0,0.13825301204819276
4563,1.0,0.18540035362465268
4564,1.0,0.1380451127819549
4565,1.0,0.30928807166430927
4566,1.0,0.13821138211382114
4567,1.0,0.13821138211382114
4568,1.0,0.13821138211382114
4569,1.0,0.13821138211382114
4570,0.99999994,0.1781665500349895
4571,1.0,0.18540035362465268
4572,1.0,0.17754952311078503
4573,0.9378107,0.017798594847775177
4574,1.0,0.18540035362465268
4575,1.0,0.14024572969733293
4576,1.0,0.13122171945701358
4577,1.0,0.1348747591522158
4578,1.0,0.1382946670683941
4579,1.0,0.49251061927118267
4580,1.0,0.19161676646706588
4581,0.7120638,0.2534265350877193
4582,1.0,0.14957654723127037
4583,1.0,0.14036669672377516
4584,1.0,0.13821138211382114
4585,1.0,0.13821138211382114
4586,1.0,0.13865546218487396
4587,1.0,0.13821138211382114
4588,0.9999995,0.13517406962785114
4589,1.0,0.18522727272727274
4590,1.0,0.12586168556815655
4591,0.8493813,0.06671619613670134
4592,1.0,0.13907674213466628
4593,1.0,0.5937890787828262
4594,1.0,0.13721413721413722
4595,1.0,0.13815987933634993
4596,1.0,0.1382946670683941
4597,1.0,0.13694461351186854
4598,1.0,0.1373544341594506
4599,1.0,0.18863407258064516
4600,0.99997455,0.1476628895184136
4601,1.0,0.13825301204819276
4602,1.0,0.1428951569984034
4603,1.0,0.1852740591058348
4604,1.0,0.1364719904648391
4605,1.0,0.13825301204819276
4606,1.0,0.1499273824153726
4607,1.0,0.18540035362465268
4608,1.0,0.3749854566608493
4609,1.0,0.13821138211382114
4610,1.0,0.18540035362465268
4611,1.0,0.18540035362465268
4612,1.0,0.3923566878980892
4613,0.8483592,0.07819772854217091
4614,1.0,0.1375186846038864
4615,1.0,0.13821138211382114
4616,1.0,0.14230077890952667
4617,1.0,0.13742950430394776
4618,1.0,0.13821138211382114
4619,1.0,0.2181080395637839
4620,1.0,0.1527777777777778
4621,1.0,0.06358490566037736
4622,1.0,0.14315169366715758
4623,1.0,0.15188224566888106
4624,1.0,0.13821138211382114
4625,0.83865386,0.4721052090825028
4626,1.0,0.14015037593984964
4627,1.0,0.13821138211382114
4628,1.0,0.13821138211382114
4629,1.0,0.13821138211382114
4630,0.99999994,0.138076575218571
4631,1.0,0.18540035362465268
4632,1.0,0.13821138211382114
4633,1.0,0.13821138211382114
4634,1.0,0.18540035362465268
4635,1.0,0.13825301204819276
4636,1.0,0.14243146603098927
4637,1.0,0.13821138211382114
4638,1.0,0.13821138211382114
4639,1.0,0.13685800604229606
4640,1.0,0.13821138211382114
4641,1.0,0.053909664885866924
4642,0.99865,0.21262458471760798
4643,1.0,0.12255466052934408
4644,1.0,0.13821138211382114
4645,0.99999666,0.1292593635595607
4646,1.0,0.4116313343158372
4647,1.0,0.18540035362465268
4648,1.0,0.13821138211382114
4649,1.0,0.13821138211382114
4650,1.0,0.13821138211382114
4651,1.0,0.13617525162818236
4652,1.0,0.18540035362465268
4653,1.0,0.13830104321907602
4654,1.0,0.14752051373528363
4655,1.0,0.13821138211382114
4656,1.0,0.18540035362465268
4657,1.0,0.13752633162804695
4658,0.8536361,0.19833285426846795
4659,1.0,0.13821138211382114
4660,1.0,0.13725490196078433
4661,1.0,0.13821138211382114
4662,1.0,0.18540035362465268
4663,1.0,0.13821138211382114
4664,1.0,0.2592734714760808
4665,1.0,0.13825301204819276
4666,0.9999999,0.13297217434129524
4667,1.0,0.13821138211382114
4668,1.0,0.1384843982169391
4669,1.0,0.18540035362465268
4670,1.0,0.5511187239053634
4671,1.0,0.14974182444061962
4672,1.0,0.13821138211382114
4673,1.0,0.13821138211382114
4674,1.0,0.13783783783783785
4675,1.0,0.13821138211382114
4676,1.0,0.21668154572120904
4677,0.9998884,0.0782552918537524
4678,1.0,0.13825301204819276
4679,0.1573091,0.1371142393069843
4680,1.0,0.1589310829817159
4681,1.0,0.1382946670683941
4682,1.0,0.3175280351048269
4683,1.0,0.13821138211382114
4684,1.0,0.13782726452001204
4685,1.0,0.18476015607069085
4686,1.0,0.12095282146160963
4687,1.0,0.3753795842092969
4688,1.0,0.13821138211382114
4689,0.8536726,0.3223350253807107
4690,0.9574532,0.3904009720534629
4691,1.0,0.28906153656431127
4692,1.0,0.13821138211382114
4693,1.0,0.13821138211382114
4694,1.0,0.13821138211382114
4695,1.0,0.18655046519844543
4696,1.0,0.10408340573414422
4697,1.0,0.1871927391907223
4698,1.0,0.13854715875805507
4699,1.0,0.14037157180772633
4700,1.0,0.13821138211382114
4701,1.0,0.1810057558315662
4702,0.99999887,0.10273972602739725
4703,1.0,0.1876969620572293
4704,0.96437865,0.34548790276344454
4705,1.0,0.13821138211382114
4706,1.0,0.12064752596212584
4707,1.0,0.18540035362465268
4708,1.0,0.13842482100238662
4709,1.0,0.13821138211382114
4710,1.0,0.16409673754260673
4711,1.0,0.13821138211382114
4712,1.0,0.13821138211382114
4713,1.0,0.1390728476821192
4714,1.0,0.1399337947637677
4715,1.0,0.13821138211382114
4716,1.0,0.13821138211382114
4717,1.0,0.13388203017832648
4718,1.0,0.13821138211382114
4719,1.0,0.13793103448275862
4720,1.0,0.1389810069339765
4721,1.0,0.39548641542506574
4722,1.0,0.13842913030394222
4723,1.0,0.13821138211382114
4724,1.0,0.18718466195761857
4725,1.0,0.1382946670683941
4726,0.95735365,0.2924979582312449
4727,1.0,0.1256023128814648
4728,1.0,0.07466121196624904
4729,0.88996136,0.6274591879447468
4730,1.0,0.13821138211382114
4731,1.0,0.1852740591058348
4732,1.0,0.275974025974026
4733,1.0,0.14020926756352764
4734,0.9999362,0.1613861386138614
4735,1.0,0.13821138211382114
4736,1.0,0.13821138211382114
4737,1.0,0.13725490196078433
4738,1.0,0.13825301204819276
4739,1.0,0.13821138211382114
4740,0.77263516,0.4917686787674124
4741,1.0,0.43399700771089883
4742,0.9709729,0.09729961423060438
4743,1.0,0.13603014078921277
4744,1.0,0.18540035362465268
4745,1.0,0.14072494669509594
4746,1.0,0.13821138211382114
4747,1.0,0.13821138211382114
4748,1.0,0.13821138211382114
4749,1.0,0.14542857142857143
4750,0.99999994,0.2416940489229646
4751,0.803297,0.3759593958900718
4752,1.0,0.12851868943239503
4753,0.9998057,0.16461489898989898
4754,1.0,0.13821138211382114
4755,1.0,0.10570762958648806
4756,1.0,0.13821138211382114
4757,1.0,0.14170161773517076
4758,1.0,0.13821138211382114
4759,1.0,0.18540035362465268
4760,1.0,0.13821138211382114
4761,0.77031654,0.2620340656627993
4762,1.0,0.13821138211382114
4763,1.0,0.13821138211382114
4764,1.0,0.13821138211382114
4765,1.0,0.14277215942891136
4766,1.0,0.617402755267423
4767,0.9078909,0.38802279324803784
4768,1.0,0.0807837744929529
4769,0.99999946,0.13560625480645988
4770,1.0,0.13457008244994112
4771,1.0,0.18434694651662661
4772,1.0,0.18540035362465268
4773,1.0,0.13821138211382114
4774,1.0,0.13821138211382114
4775,1.0,0.18540035362465268
4776,1.0,0.13851249623607348
4777,1.0,0.18540035362465268
4778,1.0,0.15840407470288626
4779,1.0,0.14170161773517076
4780,1.0,0.14445425125036776
4781,1.0,0.13821138211382114
4782,0.71614164,0.649290561381863
4783,0.5997381,0.603359967219832
4784,1.0,0.2871898373501128
4785,1.0,0.13821138211382114
4786,0.4434311,0.15196242871519625
4787,1.0,0.1377335744424352
4788,1.0,0.14067186562687461
4789,1.0,0.13821138211382114
4790,1.0,0.13821138211382114
4791,1.0,0.13863773357444242
4792,1.0,0.1397459165154265
4793,1.0,0.13821138211382114
4794,0.9999781,0.13876651982378854
4795,1.0,0.18453959833270178
4796,1.0,0.12740010378827193
4797,1.0,0.3927301914918014
4798,0.4259408,0.2919431279620853
4799,1.0,0.14547862277714718
4800,1.0,0.15589244851258582
4801,0.6923165,0.29316129032258065
4802,1.0,0.13821138211382114
4803,1.0,0.13821138211382114
4804,0.91475314,0.05384957721406319
4805,0.53973067,0.5388127853881278
4806,1.0,0.1383363471971067
4807,1.0,0.13821138211382114
4808,1.0,0.13825301204819276
4809,1.0,0.1382946670683941
4810,1.0,0.13825301204819276
4811,1.0,0.050888142102736435
4812,1.0,0.5895869992754373
4813,1.0,0.13821138211382114
4814,1.0,0.13685800604229606
4815,1.0,0.13825301204819276
4816,1.0,0.13821138211382114
4817,1.0,0.1721194879089616
4818,1.0,0.14463007159904534
4819,1.0,0.13821138211382114
4820,0.47455308,0.6126817447495961
4821,1.0,0.16208308952603862
4822,1.0,0.13821138211382114
4823,1.0,0.13821138211382114
4824,1.0,0.13821138211382114
4825,0.901995,0.3861969460141878
4826,1.0,0.13821138211382114
4827,1.0,0.13821138211382114
4828,1.0,0.13821138211382114
4829,0.7350098,0.5020425714900022
4830,1.0,0.20730100158144438
4831,1.0,0.18540035362465268
4832,1.0,0.13821138211382114
4833,1.0,0.4545761567038163
4834,1.0,0.13821138211382114
4835,1.0,0.13821138211382114
4836,1.0,0.13821138211382114
4837,1.0,0.13821138211382114
4838,1.0,0.13746223564954682
4839,1.0,0.13981673071238546
4840,0.9741298,0.7137161084529505
4841,1.0,0.18540035362465268
4842,1.0,0.13821138211382114
4843,1.0,0.11605553577785689
4844,1.0,0.13821138211382114
4845,1.0,0.13236459709379128
4846,1.0,0.13821138211382114
4847,1.0,0.14247709133904818
4848,1.0,0.13821138211382114
4849,1.0,0.18540035362465268
4850,1.0,0.13825301204819276
4851,1.0,0.13821138211382114
4852,1.0,0.13884741713944462
4853,1.0,0.13821138211382114
4854,1.0,0.13821138211382114
4855,0.9265461,0.1808275426405559
4856,1.0,0.187515762925599
4857,1.0,0.13821138211382114
4858,0.93346435,0.24016938898971568
4859,1.0,0.13821138211382114
4860,1.0,0.13821138211382114
4861,1.0,0.13821138211382114
4862,1.0,0.1381208856971873
4863,1.0,0.13821138211382114
4864,1.0,0.19048817312531455
4865,1.0,0.13279706463449054
4866,1.0,0.13821138211382114
4867,1.0,0.5234110169491526
4868,1.0,0.13821138211382114
4869,1.0,0.13821138211382114
4870,0.9335252,0.17437722419928825
4871,1.0,0.18540035362465268
4872,1.0,0.18540035362465268
4873,1.0,0.1382946670683941
4874,1.0,0.13748881598568446
4875,1.0,0.13821138211382114
4876,1.0,0.18540035362465268
4877,1.0,0.2489232328350646
4878,1.0,0.1961973638166336
4879,1.0,0.13821138211382114
4880,1.0,0.18540035362465268
4881,1.0,0.13821138211382114
4882,1.0,0.13821138211382114
4883,0.26549557,0.5627368421052632
4884,1.0,0.13821138211382114
4885,1.0,0.13821138211382114
4886,1.0,0.13821138211382114
4887,1.0,0.12861811391223155
4888,0.18388857,0.1271617497456765
4889,1.0,0.1382946670683941
4890,1.0,0.13821138211382114
4891,1.0,0.13821138211382114
4892,1.0,0.1031721589159224
4893,1.0,0.13796212804328223
4894,1.0,0.18540035362465268
4895,1.0,0.161217587373168
4896,1.0,0.22006389776357826
4897,1.0,0.13851249623607348
4898,1.0,0.13821138211382114
4899,1.0,0.13821138211382114
4900,1.0,0.1852740591058348
4901,1.0,0.13821138211382114
4902,0.9999998,0.15683605565638234
4903,0.9965711,0.15648710166919574
4904,1.0,0.5141990028181227
4905,1.0,0.13821138211382114
4906,1.0,0.05905511811023622
4907,1.0,0.13821138211382114
4908,0.9794516,0.2635606189423567
4909,1.0,0.13821138211382114
4910,0.99980134,0.1611563382621698
4911,1.0,0.1526426254531578
4912,1.0,0.13821138211382114
4913,1.0,0.48658376963350786
4914,1.0,0.11379310344827587
4915,1.0,0.1419098143236074
4916,1.0,0.13821138211382114
4917,1.0,0.13821138211382114
4918,1.0,0.15297598329272538
4919,1.0,0.13821138211382114
4920,1.0,0.13821138211382114
4921,1.0,0.14149139579349904
4922,1.0,0.13821138211382114
4923,1.0,0.13821138211382114
4924,1.0,0.13821138211382114
4925,0.8117471,0.274985754985755
4926,0.9999713,0.15481565086531227
4927,1.0,0.13821138211382114
4928,1.0,0.1382946670683941
4929,1.0,0.13695529145444255
4930,1.0,0.18540035362465268
4931,1.0,0.13821138211382114
4932,1.0,0.13823791159893206
4933,1.0,0.13755656108597286
4934,1.0,0.18522727272727274
4935,0.8367276,0.5464059196617336
4936,1.0,0.13821138211382114
4937,1.0,0.13821138211382114
4938,1.0,0.1376311844077961
4939,1.0,0.15691699604743084
4940,1.0,0.13821138211382114
4941,1.0,0.18540035362465268
4942,1.0,0.1818642350557244
4943,1.0,0.13821138211382114
4944,1.0,0.13821138211382114
4945,1.0,0.16208308952603862
4946,1.0,0.14054054054054055
4947,1.0,0.13821138211382114
4948,1.0,0.18540035362465268
4949,0.9997419,0.1704043793042557
4950,1.0,0.13821138211382114
4951,1.0,0.18540035362465268
4952,1.0,0.13821138211382114
4953,1.0,0.14422501496110113
4954,1.0,0.24279229542387437
4955,0.9310531,0.04534883720930233
4956,1.0,0.21250161770415427
4957,1.0,0.13821138211382114
4958,1.0,0.13821138211382114
4959,1.0,0.17438217890706578
4960,1.0,0.13821138211382114
4961,1.0,0.18540035362465268
4962,0.99999994,0.13856327021340548
4963,0.60680574,0.31474003028773345
4964,1.0,0.13821138211382114
4965,1.0,0.13821138211382114
4966,1.0,0.1381697772426249
4967,1.0,0.13751507840772015
4968,1.0,0.12751224455328491
4969,1.0,0.12341772151898735
4970,1.0,0.5624802942722018
4971,0.99999994,0.13821138211382114
4972,1.0,0.16652625666947488
4973,1.0,0.13821138211382114
4974,1.0,0.1383780524570395
4975,1.0,0.13825301204819276
4976,1.0,0.13821138211382114
4977,1.0,0.13796212804328223
4978,1.0,0.13821138211382114
4979,1.0,0.13854512526411109
4980,0.99999994,0.13821138211382114
4981,1.0,0.18540035362465268
4982,1.0,0.0912020625201418
4983,1.0,0.13821138211382114
4984,1.0,0.13683279268652315
4985,1.0,0.13821138211382114
4986,0.99999994,0.13313462493790362
4987,1.0,0.07298690995636652
4988,1.0,0.13821138211382114
4989,1.0,0.13734427225767243
4990,0.9999999,0.1306440522576209
4991,1.0,0.13821138211382114
4992,1.0,0.20004367765887748
4993,1.0,0.13821138211382114
4994,0.948607,0.4336273305794351
4995,1.0,0.18540035362465268
4996,1.0,0.1382946670683941
4997,1.0,0.13825301204819276
4998,1.0,0.1381697772426249
4999,1.0,0.13821138211382114
5000,0.99892163,0.15892420537897312
5001,1.0,0.13821138211382114
5002,1.0,0.13796212804328223
5003,1.0,0.13821138211382114
5004,0.99997216,0.30840571176210807
5005,1.0,0.06345733041575492
5006,1.0,0.08292079207920793
5007,1.0,0.13825301204819276
5008,1.0,0.13855970829535097
5009,1.0,0.13817963352358065
5010,1.0,0.18540035362465268
5011,1.0,0.13821138211382114
5012,1.0,0.13821138211382114
5013,1.0,0.1412849494348602
5014,1.0,0.1372840976771888
5015,1.0,0.13682941531042797
5016,1.0,0.13821138211382114
5017,1.0,0.18540035362465268
5018,1.0,0.18540035362465268
5019,1.0,0.13793103448275862
5020,1.0,0.13821138211382114
5021,0.630232,0.47695202257761055
5022,1.0,0.1357077064783543
5023,1.0,0.16831906264082921
5024,1.0,0.13821138211382114
5025,1.0,0.1383422778771616
5026,0.97616684,0.03240247282029418
5027,1.0,0.13821138211382114
5028,1.0,0.3114695765626853
5029,0.99977744,0.10068513553768245
5030,1.0,0.12395957193816885
5031,1.0,0.187515762925599
5032,1.0,0.13821138211382114
5033,1.0,0.18540035362465268
5034,1.0,0.13821138211382114
5035,1.0,0.13952793546459516
5036,1.0,0.14023472765573278
5037,1.0,0.18540035362465268
5038,1.0,0.13812819741197713
5039,1.0,0.14967140131439474
5040,1.0,0.13821138211382114
5041,1.0,0.13470873786407767
5042,1.0,0.1352002408912978
5043,1.0,0.18540035362465268
5044,0.48030347,0.42201729106628244
5045,1.0,0.13821138211382114
5046,1.0,0.26672270925903685
5047,1.0,0.13821138211382114
5048,1.0,0.18540035362465268
5049,0.9999999,0.12285150746689208
5050,1.0,0.15258758669749245
5051,1.0,0.18540035362465268
5052,1.0,0.13821138211382114
5053,1.0,0.13821138211382114
5054,0.99999964,0.12737692107319615
5055,1.0,0.18540035362465268
5056,0.8929387,0.20582344785087042
5057,0.8805708,0.2868501529051988
5058,1.0,0.13821138211382114
5059,1.0,0.14070503163603496
5060,1.0,0.1382946670683941
5061,1.0,0.14072494669509594
5062,1.0,0.13821138211382114
5063,0.9999999,0.13460546673543064
5064,1.0,0.14391911983348202
5065,1.0,0.5423657275509127
5066,1.0,0.2066718790721918
5067,1.0,0.13821138211382114
5068,1.0,0.13777644949193066
5069,0.8706232,0.2239574395057491
5070,1.0,0.13821138211382114
5071,1.0,0.13663366336633664
5072,1.0,0.13821138211382114
5073,1.0,0.13821138211382114
5074,1.0,0.13821138211382114
5075,0.57302773,0.2663000785545954
5076,1.0,0.13815987933634993
5077,1.0,0.14421364985163204
5078,1.0,0.13821138211382114
5079,1.0,0.14023472765573278
5080,1.0,0.13821138211382114
5081,1.0,0.18540035362465268
5082,1.0,0.1802076970067196
5083,1.0,0.1381697772426249
5084,1.0,0.1357429718875502
5085,1.0,0.13821138211382114
5086,1.0,0.13821138211382114
5087,1.0,0.13821138211382114
5088,1.0,0.18540035362465268
5089,0.9929212,0.09619194364957077
5090,1.0,0.13739078035552876
5091,1.0,0.13967489464178207
5092,1.0,0.13821138211382114
5093,1.0,0.13153206650831353
5094,1.0,0.13821138211382114
5095,1.0,0.13820156910078454
5096,1.0,0.18540035362465268
5097,0.6930818,0.4831472970015321
5098,1.0,0.13758992805755396
5099,0.93262863,0.27638258081752604
5100,1.0,0.13821138211382114
5101,1.0,0.13941884355738185
5102,1.0,0.13821138211382114
5103,1.0,0.13825301204819276
5104,1.0,0.14317120087936247
5105,0.9004956,0.373590396507821
5106,1.0,0.13825301204819276
5107,0.8229551,0.06950327300731614
5108,1.0,0.14568226763348716
5109,1.0,0.13288940359004053
5110,1.0,0.12878079201746181
5111,1.0,0.18540035362465268
5112,1.0,0.13821138211382114
5113,1.0,0.18540035362465268
5114,1.0,0.13580963435867674
5115,0.99999994,0.15874539926388223
5116,1.0,0.18540035362465268
5117,1.0,0.09631521342575702
5118,1.0,0.14475235849056603
5119,1.0,0.13772274237390517
5120,1.0,0.13820156910078454
5121,1.0,0.18540035362465268
5122,1.0,0.18753193663771078
5123,1.0,0.13821138211382114
5124,1.0,0.18540035362465268
5125,1.0,0.15849600709849157
5126,1.0,0.13821138211382114
5127,1.0,0.13821138211382114
5128,1.0,0.3668452935694315
5129,0.9891248,0.08648056923918993
5130,1.0,0.13825301204819276
5131,1.0,0.25116621654799903
5132,1.0,0.13779645752026418
5133,0.54222137,0.09940209267563528
5134,1.0,0.13821138211382114
5135,1.0,0.18540035362465268
5136,1.0,0.13821138211382114
5137,1.0,0.1391644123835287
5138,1.0,0.13821138211382114
5139,1.0,0.13682941531042797
5140,0.9350524,0.10076736672051696
5141,1.0,0.18540035362465268
5142,1.0,0.13821138211382114
5143,1.0,0.1377750979801025
5144,1.0,0.0705596107055961
5145,1.0,0.13821138211382114
5146,1.0,0.13877182420228779
5147,1.0,0.13821138211382114
5148,1.0,0.13821138211382114
5149,1.0,0.18540035362465268
5150,1.0,0.13821138211382114
5151,0.9869753,0.1476969927674153
5152,1.0,0.33989577301679214
5153,1.0,0.19171119509970025
5154,1.0,0.18540035362465268
5155,1.0,0.17567567567567569
5156,1.0,0.13821138211382114
5157,1.0,0.14425806451612902
5158,1.0,0.13821138211382114
5159,0.9999947,0.13380281690140844
5160,1.0,0.1371721435031655
5161,1.0,0.14118705035971224
5162,0.9655731,0.36506226053639845
5163,1.0,0.13739078035552876
5164,1.0,0.13825301204819276
5165,1.0,0.13717872086072924
5166,0.9812093,0.08705882352941176
5167,1.0,0.14997137950772754
5168,1.0,0.18540035362465268
5169,1.0,0.13821138211382114
5170,1.0,0.13821138211382114
5171,1.0,0.15144508670520232
5172,1.0,0.08473026516306004
5173,1.0,0.14273127753303966
5174,0.7976542,0.3291696238466998
5175,1.0,0.13821138211382114
5176,1.0,0.13821138211382114
5177,1.0,0.13846153846153847
5178,1.0,0.13821138211382114
5179,0.7543255,0.5933428338762216
5180,1.0,0.13821138211382114
5181,1.0,0.13549295774647888
5182,0.9999969,0.14644107351225205
5183,1.0,0.13821138211382114
5184,1.0,0.1284796573875803
5185,1.0,0.13821138211382114
5186,1.0,0.1853911285226842
5187,1.0,0.18540035362465268
5188,0.9999346,0.15665708002030113
5189,1.0,0.13821138211382114
5190,1.0,0.13645990922844176
5191,1.0,0.18540035362465268
5192,1.0,0.13821138211382114
5193,1.0,0.16143497757847533
5194,1.0,0.13821138211382114
5195,1.0,0.1879253844214772
5196,1.0,0.18540035362465268
5197,0.9998047,0.16050269299820466
5198,1.0,0.18540035362465268
5199,1.0,0.13821138211382114
5200,1.0,0.13821138211382114
5201,1.0,0.18540035362465268
5202,1.0,0.14300548879988131
5203,1.0,0.13821138211382114
5204,1.0,0.11686437960884899
5205,0.99998534,0.14853264124575763
5206,0.9958683,0.16390076988879385
5207,1.0,0.13685800604229606
5208,1.0,0.13821138211382114
5209,1.0,0.13953488372093023
5210,1.0,0.13821138211382114
5211,0.99999994,0.13821138211382114
5212,1.0,0.43046797212080984
5213,1.0,0.13825301204819276
5214,1.0,0.13821138211382114
5215,1.0,0.13826940231935772
5216,1.0,0.13821138211382114
5217,1.0,0.13821138211382114
5218,0.99999994,0.18540035362465268
5219,1.0,0.13812819741197713
5220,1.0,0.08407811982787157
5221,1.0,0.13847080072245635
5222,1.0,0.13821138211382114
5223,1.0,0.13747758517632994
5224,1.0,0.13851249623607348
5225,1.0,0.13821138211382114
5226,1.0,0.1375980687990344
5227,1.0,0.13821138211382114
5228,1.0,0.137409200968523
5229,1.0,0.13821138211382114
5230,1.0,0.13821138211382114
5231,1.0,0.13821138211382114
5232,1.0,0.23818092589563225
5233,1.0,0.1382335148215366
5234,1.0,0.17301750772399588
5235,0.9973424,0.1949728260869565
5236,1.0,0.1381697772426249
5237,1.0,0.13821138211382114
5238,0.9034726,0.06554185593770279
5239,1.0,0.13980114492316964
5240,1.0,0.13821138211382114
5241,1.0,0.13080827801639985
5242,1.0,0.13821138211382114
5243,1.0,0.13821138211382114
5244,1.0,0.13825301204819276
5245,1.0,0.13821138211382114
5246,1.0,0.18540035362465268
5247,0.8785428,0.46384895945076166
5248,1.0,0.10945485519591142
5249,1.0,0.18540035362465268
5250,1.0,0.13757087436586093
5251,1.0,0.13821138211382114
5252,1.0,0.13840096910963054
5253,1.0,0.1385959626393492
5254,1.0,0.3206842549090471
5255,1.0,0.13825301204819276
5256,1.0,0.1383780524570395
5257,1.0,0.13907103825136613
5258,1.0,0.14170403587443947
5259,1.0,0.18540035362465268
5260,1.0,0.13841978287092882
5261,1.0,0.1378582202111614
5262,0.9999846,0.12291350531107739
5263,0.9999995,0.13657733897508229
5264,1.0,0.18540035362465268
5265,1.0,0.13821138211382114
5266,1.0,0.37752757352941174
5267,1.0,0.12942101126539166
5268,1.0,0.13821138211382114
5269,1.0,0.13821138211382114
5270,1.0,0.40900058445353593
5271,1.0,0.1399337947637677
5272,1.0,0.1381697772426249
5273,0.82363576,0.2662479519388312
5274,1.0,0.13821138211382114
5275,1.0,0.13706793802145412
5276,1.0,0.13821138211382114
5277,1.0,0.1382946670683941
5278,1.0,0.13821138211382114
5279,1.0,0.14306828258941767
5280,1.0,0.18540035362465268
5281,1.0,0.13841978287092882
5282,1.0,0.1852740591058348
5283,1.0,0.2559079994945027
5284,1.0,0.1368038740920097
5285,1.0,0.1852740591058348
5286,0.8120587,0.10904667109046672
5287,1.0,0.13740685543964232
5288,0.9175904,0.140625
5289,1.0,0.1375980687990344
5290,1.0,0.13821138211382114
5291,1.0,0.13821138211382114
5292,1.0,0.13821138211382114
5293,1.0,0.15227409336806252
5294,1.0,0.18540035362465268
5295,1.0,0.13821138211382114
5296,1.0,0.13821138211382114
5297,0.9051767,0.619932259057785
5298,1.0,0.1382946670683941
5299,1.0,0.13237100737100738
5300,1.0,0.13821138211382114
5301,1.0,0.13859910581222057
5302,1.0,0.13821138211382114
5303,1.0,0.11882086167800454
5304,1.0,0.12995859489782288
5305,1.0,0.13821138211382114
5306,0.9676771,0.5280935020373151
5307,1.0,0.18540035362465268
5308,0.9999832,0.20366513952519782
5309,1.0,0.13821138211382114
5310,1.0,0.1350967007963595
5311,1.0,0.13841554559043348
5312,0.9490114,0.3006739890164753
5313,1.0,0.1382946670683941
5314,1.0,0.1384477075217261
5315,1.0,0.07187650747708635
5316,1.0,0.1488560671879525
5317,1.0,0.18540035362465268
5318,1.0,0.13821138211382114
5319,1.0,0.1379102679915688
5320,1.0,0.13821138211382114
5321,1.0,0.13650121065375304
5322,1.0,0.20189673340358272
5323,1.0,0.13821138211382114
5324,1.0,0.1409660107334526
5325,1.0,0.13821138211382114
5326,1.0,0.13821138211382114
5327,1.0,0.18540035362465268
5328,1.0,0.13825301204819276
5329,1.0,0.18540035362465268
5330,1.0,0.17034579558504528
5331,1.0,0.18540035362465268
5332,1.0,0.11939615736505033
5333,1.0,0.13846153846153847
5334,1.0,0.13821138211382114
5335,1.0,0.13821138211382114
5336,0.73273474,0.3151745865056445
5337,1.0,0.14887393974846447
5338,1.0,0.1852740591058348
5339,1.0,0.13821138211382114
5340,1.0,0.1375980687990344
5341,1.0,0.15203299941072482
5342,1.0,0.11164179104477612
5343,1.0,0.13821138211382114
5344,1.0,0.08662900188323917
5345,1.0,0.13821138211382114
5346,1.0,0.13821138211382114
5347,1.0,0.13821138211382114
5348,1.0,0.1852740591058348
5349,1.0,0.1653796653796654
5350,1.0,0.18540035362465268
5351,1.0,0.13821138211382114
5352,1.0,0.11831390707328757
5353,1.0,0.13821138211382114
5354,1.0,0.13821138211382114
5355,1.0,0.13821138211382114
5356,1.0,0.13821138211382114
5357,1.0,0.13821138211382114
5358,1.0,0.1852740591058348
5359,0.7654599,0.12573443008225618
5360,0.8372441,0.3192901652668653
5361,1.0,0.13821138211382114
5362,1.0,0.13821138211382114
5363,1.0,0.13821138211382114
5364,1.0,0.1382946670683941
5365,1.0,0.141014101410141
5366,0.6024061,0.18970476911430734
5367,1.0,0.1890359168241966
5368,1.0,0.14643377001455604
5369,0.9415498,0.251875312552092
5370,0.9999986,0.1328376703841388
5371,0.97591156,0.1107425833793993
5372,1.0,0.16006835659356308
5373,0.8740204,0.2668376449598573
5374,1.0,0.18540035362465268
5375,1.0,0.14643377001455604
5376,1.0,0.18540035362465268
5377,1.0,0.21180015552099535
5378,1.0,0.13821138211382114
5379,0.8457174,0.21947839233967495
5380,1.0,0.14306828258941767
5381,0.9999994,0.10567331670822942
5382,0.9996775,0.2888474770642202
5383,1.0,0.48847372446192505
5384,1.0,0.13821138211382114
5385,1.0,0.13980114492316964
5386,0.88375014,0.3135113800815682
5387,0.99983984,0.15153816938853018
5388,1.0,0.1419098143236074
5389,1.0,0.13821138211382114
5390,1.0,0.18540035362465268
5391,1.0,0.11734855692990802
5392,1.0,0.18540035362465268
5393,1.0,0.13821138211382114
5394,1.0,0.10128847530422333
5395,1.0,0.18540035362465268
5396,1.0,0.18540035362465268
5397,1.0,0.18540035362465268
5398,1.0,0.13821138211382114
5399,1.0,0.18705035971223022
5400,1.0,0.2812193927522037
5401,1.0,0.07394413709350965
5402,0.94765234,0.487012987012987
5403,1.0,0.18540035362465268
5404,0.9999765,0.15677207637231502
5405,1.0,0.11550976138828634
5406,1.0,0.14009661835748793
5407,1.0,0.13821138211382114
5408,1.0,0.13380489242558208
5409,1.0,0.18540035362465268
5410,1.0,0.13821138211382114
5411,1.0,0.13897280966767372
5412,1.0,0.13825301204819276
5413,1.0,0.13821138211382114
5414,1.0,0.138855421686747
5415,1.0,0.13725490196078433
5416,1.0,0.13821138211382114
5417,1.0,0.13821138211382114
5418,1.0,0.13760915386931646
5419,1.0,0.067317753749564
5420,1.0,0.07032967032967033
5421,1.0,0.13821138211382114
5422,1.0,0.13821138211382114
5423,1.0,0.15271018627286456
5424,1.0,0.13821138211382114
5425,1.0,0.18562949867407502
5426,1.0,0.13821138211382114
5427,1.0,0.18540035362465268
5428,1.0,0.13821138211382114
5429,1.0,0.13821138211382114
5430,1.0,0.5307031498568247
5431,1.0,0.14820228003507746
5432,1.0,0.13721351025331724
5433,1.0,0.13821138211382114
5434,1.0,0.13507038035339922
5435,1.0,0.5861484697659642
5436,1.0,0.18540035362465268
5437,1.0,0.22857142857142856
5438,1.0,0.15071521456436932
5439,1.0,0.13821138211382114
5440,1.0,0.04143947655398037
5441,0.6068966,0.4276837368759374
5442,1.0,0.13821138211382114
5443,1.0,0.18558262845600304
5444,1.0,0.18400566171266808
5445,1.0,0.13821138211382114
5446,0.8842971,0.3644747873996886
5447,0.99995595,0.15089268573622577
5448,1.0,0.13821138211382114
5449,1.0,0.14583945898265216
5450,1.0,0.13821138211382114
5451,1.0,0.13781763826606877
5452,1.0,0.13821138211382114
5453,1.0,0.13817963352358065
5454,1.0,0.13821138211382114
5455,0.1920137,0.32913130304543187
5456,1.0,0.18540035362465268
5457,1.0,0.09419407226958994
5458,1.0,0.13783783783783785
5459,1.0,0.0947527368818422
5460,1.0,0.11975162625665287
5461,1.0,0.18540035362465268
5462,1.0,0.1481156879929886
5463,1.0,0.13821138211382114
5464,1.0,0.3801326043968826
5465,1.0,0.13825301204819276
5466,1.0,0.1371721435031655
5467,0.91178906,0.5957645593273123
5468,0.9998505,0.13948588284871472
5469,1.0,0.13825301204819276
5470,1.0,0.13821138211382114
5471,1.0,0.13821138211382114
5472,0.9999158,0.15592694693314954
5473,1.0,0.13821138211382114
5474,1.0,0.45640013162224413
5475,1.0,0.13808664259927797
5476,1.0,0.13821138211382114
5477,1.0,0.13821138211382114
5478,1.0,0.13821138211382114
5479,1.0,0.13808664259927797
5480,1.0,0.09632059995312867
5481,1.0,0.13821138211382114
5482,1.0,0.13821138211382114
5483,1.0,0.13821138211382114
5484,0.99992096,0.15607244318181818
5485,1.0,0.3163554715197353
5486,1.0,0.15188018883281784
5487,1.0,0.18540035362465268
5488,1.0,0.13821138211382114
5489,1.0,0.18540035362465268
5490,1.0,0.13821138211382114
5491,1.0,0.3646435452793834
5492,0.7686793,0.213640610401744
5493,1.0,0.13821138211382114
5494,0.96099013,0.2418913074816203
5495,1.0,0.13821138211382114
5496,1.0,0.18540035362465268
5497,1.0,0.13821138211382114
5498,1.0,0.18540035362465268
5499,1.0,0.6084862150251101
5500,0.9999975,0.147318278052223
5501,1.0,0.1469208211143695
5502,1.0,0.14131736526946106
5503,1.0,0.18333333333333332
5504,1.0,0.13924812030075187
5505,1.0,0.13798263992816523
5506,1.0,0.1447405329593268
5507,1.0,0.13821138211382114
5508,1.0,0.09508862629246677
5509,1.0,0.13821138211382114
5510,1.0,0.18540035362465268
5511,0.90931976,0.07951131584217905
5512,1.0,0.13821138211382114
5513,0.8184643,0.4159573116503621
5514,1.0,0.13821138211382114
5515,1.0,0.13821138211382114
5516,0.7901551,0.5349863416684177
5517,1.0,0.13821138211382114
5518,1.0,0.13743218806509946
5519,1.0,0.13825301204819276
5520,1.0,0.13821138211382114
5521,0.51284516,0.31882337422503626
5522,1.0,0.13821138211382114
5523,0.9999941,0.14439738159414708
5524,1.0,0.13821138211382114
5525,1.0,0.13821138211382114
5526,1.0,0.13821138211382114
5527,0.8897846,0.21914860919010296
5528,1.0,0.18265705979016558
5529,1.0,0.13821138211382114
5530,1.0,0.18540035362465268
5531,1.0,0.13821138211382114
5532,1.0,0.13821138211382114
5533,1.0,0.14807242990654207
5534,1.0,0.6175750153092467
5535,0.9314866,0.05471289274106175
5536,1.0,0.11253196930946291
5537,1.0,0.13821138211382114
5538,1.0,0.1439988782950084
5539,1.0,0.14680788467196235
5540,1.0,0.13821138211382114
5541,1.0,0.13821138211382114
5542,1.0,0.13821138211382114
5543,1.0,0.1379106244451021
5544,1.0,0.18540035362465268
5545,1.0,0.15130099582396403
5546,1.0,0.18540035362465268
5547,1.0,0.13821138211382114
5548,0.8166199,0.3890333254549752
5549,1.0,0.13821138211382114
5550,1.0,0.13991291727140784
5551,1.0,0.1392145369284877
5552,1.0,0.14207400639561443
5553,1.0,0.1852740591058348
5554,1.0,0.13842913030394222
5555,1.0,0.586569495054659
5556,1.0,0.14767441860465116
5557,1.0,0.18540035362465268
5558,1.0,0.13856327021340548
5559,1.0,0.13821138211382114
5560,1.0,0.13821138211382114
5561,1.0,0.1381697772426249
5562,1.0,0.41210148181409967
5563,1.0,0.13821138211382114
5564,1.0,0.13821138211382114
5565,1.0,0.13821138211382114
5566,1.0,0.13821138211382114
5567,1.0,0.18540035362465268
5568,1.0,0.13825301204819276
5569,0.9999926,0.14981818181818182
5570,0.99999994,0.13082396144135874
5571,1.0,0.1380451127819549
5572,1.0,0.13821138211382114
5573,1.0,0.2950332699619772
5574,1.0,0.13841978287092882
5575,1.0,0.12945693911135492
5576,1.0,0.14669361825007218
5577,1.0,0.18540035362465268
5578,1.0,0.13818404157749922
5579,1.0,0.13762019230769232
5580,1.0,0.18540035362465268
5581,1.0,0.13825301204819276
5582,1.0,0.13821138211382114
5583,1.0,0.067317753749564
5584,1.0,0.13821138211382114
5585,1.0,0.1851945426983325
5586,1.0,0.13821138211382114
5587,1.0,0.18540035362465268
5588,0.94886065,0.41655570350643584
5589,1.0,0.13821138211382114
5590,1.0,0.13821138211382114
5591,1.0,0.18540035362465268
5592,1.0,0.13821138211382114
5593,1.0,0.13821138211382114
5594,1.0,0.1392749244712991
5595,1.0,0.13821138211382114
5596,1.0,0.0903954802259887
5597,1.0,0.13919855378125942
5598,0.99975866,0.11177136389360498
5599,1.0,0.43137697516930024
5600,0.8412761,0.16532145839131646
5601,1.0,0.13821138211382114
5602,1.0,0.1561525129982669
5603,0.65070206,0.3343155310006139
5604,1.0,0.18540035362465268
5605,1.0,0.13821138211382114
5606,1.0,0.13821138211382114
5607,0.7643451,0.663662143001823
5608,1.0,0.13821138211382114
5609,1.0,0.18540035362465268
5610,1.0,0.13821138211382114
5611,1.0,0.13825301204819276
5612,1.0,0.13826269912834385
5613,1.0,0.11275220888830279
5614,1.0,0.21855695576970596
5615,1.0,0.13821138211382114
5616,1.0,0.13821138211382114
5617,1.0,0.18540035362465268
5618,1.0,0.13821138211382114
5619,0.99999994,0.08035410282601294
5620,1.0,0.1399337947637677
5621,1.0,0.13821138211382114
5622,0.694527,0.3852420856610801
5623,1.0,0.13821138211382114
5624,1.0,0.13825301204819276
5625,1.0,0.18540035362465268
5626,1.0,0.13821138211382114
5627,1.0,0.1382946670683941
5628,1.0,0.13821138211382114
5629,1.0,0.13825301204819276
5630,1.0,0.5740340030911901
5631,1.0,0.14445425125036776
5632,1.0,0.13854512526411109
5633,1.0,0.13821138211382114
5634,1.0,0.06511001347103727
5635,0.9364462,0.28273082559843676
5636,1.0,0.13821138211382114
5637,1.0,0.13307564881281062
5638,1.0,0.13821138211382114
5639,1.0,0.18782301777385604
5640,1.0,0.14054054054054055
5641,1.0,0.13821138211382114
5642,1.0,0.13821138211382114
5643,1.0,0.35894724474209844
5644,1.0,0.1375980687990344
5645,1.0,0.18540035362465268
5646,1.0,0.13821138211382114
5647,1.0,0.18540035362465268
5648,1.0,0.13825301204819276
5649,1.0,0.13822115384615385
5650,1.0,0.13821138211382114
5651,1.0,0.13825301204819276
5652,1.0,0.13821138211382114
5653,1.0,0.38030127462340674
5654,0.9483199,0.32407006920415227
5655,1.0,0.13825301204819276
5656,1.0,0.14602156805596037
5657,0.561349,0.230495401957876
5658,0.9999983,0.13642823306489815
5659,1.0,0.1382946670683941
5660,0.76772046,0.315642769539525
5661,0.57667327,0.2577849588719154
5662,1.0,0.18540035362465268
5663,1.0,0.18540035362465268
5664,1.0,0.13821138211382114
5665,1.0,0.11587825449211588
5666,1.0,0.13757885250826074
5667,1.0,0.13825301204819276
5668,1.0,0.1399276236429433
5669,0.9871054,0.09375714612394237
5670,1.0,0.1467018469656992
5671,1.0,0.13821138211382114
5672,1.0,0.14806178956572427
5673,1.0,0.0787037037037037
5674,1.0,0.18540035362465268
5675,0.99999994,0.13475965545984997
5676,1.0,0.13821138211382114
5677,1.0,0.14128166915052162
5678,1.0,0.13821138211382114
5679,1.0,0.13821138211382114
5680,1.0,0.13851249623607348
5681,1.0,0.19567504383401518
5682,1.0,0.13825301204819276
5683,1.0,0.13821138211382114
5684,1.0,0.18540035362465268
5685,0.86476547,0.17818057455540356
5686,1.0,0.13821138211382114
5687,1.0,0.13812819741197713
5688,1.0,0.1412849494348602
5689,0.99992007,0.14959983583008413
5690,1.0,0.13821138211382114
5691,1.0,0.13824328403259886
5692,1.0,0.13821138211382114
5693,0.21443899,0.12363330529857022
5694,1.0,0.13755656108597286
5695,1.0,0.13821138211382114
5696,1.0,0.18540035362465268
5697,1.0,0.18540035362465268
5698,1.0,0.13825301204819276
5699,1.0,0.1375980687990344
5700,1.0,0.20206489675516223
5701,1.0,0.13821138211382114
5702,1.0,0.13821138211382114
5703,1.0,0.13821138211382114
5704,1.0,0.13821138211382114
5705,0.9999781,0.12138728323699421
5706,1.0,0.13821138211382114
5707,1.0,0.13821138211382114
5708,1.0,0.18540035362465268
5709,1.0,0.1467744770609949
5710,1.0,0.18540035362465268
5711,0.37725046,0.3454060236370568
5712,1.0,0.13787878787878788
5713,1.0,0.13825301204819276
5714,1.0,0.13821138211382114
5715,1.0,0.13821138211382114
5716,1.0,0.13821138211382114
5717,1.0,0.18540035362465268
5718,1.0,0.14585301341394294
5719,1.0,0.18540035362465268
5720,1.0,0.13821138211382114
5721,1.0,0.1402291917973462
5722,1.0,0.13783783783783785
5723,1.0,0.13821138211382114
5724,1.0,0.18611111111111112
5725,1.0,0.10621605310802655
5726,1.0,0.13821138211382114
5727,1.0,0.13821138211382114
5728,0.90845805,0.4236827195467422
5729,1.0,0.13821138211382114
5730,1.0,0.13821138211382114
5731,1.0,0.12279511533242876
5732,1.0,0.1396681749622926
5733,1.0,0.13937191798598494
5734,1.0,0.18540035362465268
5735,1.0,0.16199551569506726
5736,1.0,0.1370820668693009
5737,1.0,0.130849478390462
5738,1.0,0.13821138211382114
5739,1.0,0.13821138211382114
5740,1.0,0.13825301204819276
5741,1.0,0.18540035362465268
5742,1.0,0.13820156910078454
5743,1.0,0.13959085439229843
5744,1.0,0.18540035362465268
5745,1.0,0.1390229191797346
5746,1.0,0.18540035362465268
5747,1.0,0.13687066626469702
5748,1.0,0.13720238095238096
5749,1.0,0.13781664656212303
5750,1.0,0.13821138211382114
5751,1.0,0.07226636398032539
5752,0.99989647,0.1603125
5753,1.0,0.16527798818360853
5754,0.9383673,0.11671445437679204
5755,1.0,0.13821138211382114
5756,1.0,0.13821138211382114
5757,0.8593407,0.1581774081774082
5758,1.0,0.13821138211382114
5759,1.0,0.3922265671288067
5760,1.0,0.13821138211382114
5761,1.0,0.1383780524570395
5762,1.0,0.13212048911422605
5763,1.0,0.1381697772426249
5764,1.0,0.20179286667938204
5765,1.0,0.13821138211382114
5766,1.0,0.21067839195979898
5767,1.0,0.13719692489651095
5768,1.0,0.11058150619637751
5769,1.0,0.13825301204819276
5770,0.8170171,0.1809220985691574
5771,1.0,0.13821138211382114
5772,1.0,0.18631658672052512
5773,0.99999577,0.0829990743597655
5774,1.0,0.13821138211382114
5775,1.0,0.18540035362465268
5776,1.0,0.18540035362465268
5777,1.0,0.10274869109947644
5778,1.0,0.13821138211382114
5779,1.0,0.13821138211382114
5780,0.9469086,0.43361421088590296
5781,1.0,0.13821138211382114
5782,1.0,0.13821138211382114
5783,1.0,0.12467191601049869
5784,1.0,0.18779165090175307
5785,1.0,0.13755656108597286
5786,1.0,0.13821138211382114
5787,1.0,0.13821138211382114
5788,0.89082897,0.12548741580999645
5789,1.0,0.18540035362465268
5790,1.0,0.13821138211382114
5791,1.0,0.13821138211382114
5792,1.0,0.518522472509875
5793,1.0,0.18540035362465268
5794,1.0,0.18550322010354842
5795,1.0,0.1454014598540146
5796,1.0,0.13821138211382114
5797,1.0,0.1039568345323741
5798,1.0,0.13819922225545916
5799,1.0,0.13821138211382114
5800,1.0,0.13821138211382114
5801,1.0,0.18540035362465268
5802,1.0,0.139218009478673
5803,1.0,0.1373313343328336
5804,1.0,0.18540035362465268
5805,1.0,0.18540035362465268
5806,1.0,0.13825301204819276
5807,1.0,0.1383363471971067
5808,0.9448221,0.31346546196444186
5809,1.0,0.13821138211382114
5810,1.0,0.13825301204819276
5811,1.0,0.13821138211382114
5812,0.9999986,0.15783040488922842
5813,1.0,0.44524723413863176
5814,1.0,0.17400881057268722
5815,0.6097034,0.5334106239460371
5816,1.0,0.13821138211382114
5817,1.0,0.13467718375693835
5818,1.0,0.13821138211382114
5819,1.0,0.18540035362465268
5820,1.0,0.13821138211382114
5821,1.0,0.13821138211382114
5822,1.0,0.1383363471971067
5823,1.0,0.1327168887680174
5824,0.9998167,0.2970631424375918
5825,1.0,0.14106395696353854
5826,1.0,0.13837037037037037
5827,1.0,0.13821138211382114
5828,1.0,0.1839859437751004
5829,1.0,0.18540035362465268
5830,1.0,0.1382946670683941
5831,1.0,0.13821138211382114
5832,1.0,0.1383267894895802
5833,1.0,0.13821138211382114
5834,1.0,0.18540035362465268
5835,0.55620223,0.6597729115977291
5836,1.0,0.13821138211382114
5837,0.99922025,0.2812789620018536
5838,1.0,0.1838949892717405
5839,0.90433687,0.5770831218918095
5840,0.9999353,0.14213305174234425
5841,1.0,0.14127174565086983
5842,1.0,0.18514776458701693
5843,1.0,0.13821138211382114
5844,0.9624924,0.5105925368319174
5845,0.99999994,0.1381697772426249
5846,1.0,0.13821138211382114
5847,1.0,0.13821138211382114
5848,1.0,0.13821138211382114
5849,1.0,0.13821138211382114
5850,1.0,0.13821138211382114
5851,1.0,0.13821138211382114
5852,1.0,0.1258365043957486
5853,1.0,0.1382946670683941
5854,1.0,0.1245049504950495
5855,1.0,0.1383363471971067
5856,1.0,0.13821138211382114
5857,1.0,0.08751696065128901
5858,1.0,0.13821138211382114
5859,1.0,0.18540035362465268
5860,1.0,0.18540035362465268
5861,1.0,0.1382946670683941
5862,1.0,0.13379227776114935
5863,1.0,0.1739011739011739
5864,1.0,0.13821138211382114
5865,1.0,0.13726076555023922
5866,1.0,0.13821138211382114
5867,1.0,0.17028380634390652
5868,0.9999243,0.16161444141689374
5869,1.0,0.13821138211382114
5870,0.1205622,0.2720306513409962
5871,1.0,0.1098026734563972
5872,1.0,0.1383780524570395
5873,1.0,0.13821138211382114
5874,1.0,0.13821138211382114
5875,1.0,0.18540035362465268
5876,1.0,0.07524384579656293
5877,1.0,0.18540035362465268
5878,1.0,0.13821138211382114
5879,0.9977924,0.23223808704627558
5880,1.0,0.18540035362465268
5881,1.0,0.13886410942610763
5882,1.0,0.15577546493772393
5883,1.0,0.13841978287092882
5884,1.0,0.13821138211382114
5885,1.0,0.1653030303030303
5886,1.0,0.13710879284649777
5887,1.0,0.13683585633719206
5888,1.0,0.15275772451631534
5889,1.0,0.11701142327878974
5890,1.0,0.13821138211382114
5891,1.0,0.18540035362465268
5892,1.0,0.13821138211382114
5893,1.0,0.18537694153302184
5894,1.0,0.13585017835909632
5895,0.94207263,0.23008734193716596
5896,1.0,0.13821138211382114
5897,0.9246663,0.03165015704276395
5898,1.0,0.13821138211382114
5899,1.0,0.17301750772399588
5900,0.8211333,0.7079988105857865
5901,1.0,0.35993958405948645
5902,1.0,0.13768755516328332
5903,1.0,0.1954858934169279
5904,1.0,0.13825301204819276
5905,1.0,0.15833160406723387
5906,0.99974495,0.0766338924233661
5907,0.99999964,0.13498556304138595
5908,1.0,0.1945753482040004
5909,1.0,0.1436821436821437
5910,1.0,0.13846153846153847
5911,1.0,0.11350327247674818
5912,1.0,0.13821138211382114
5913,1.0,0.153125
5914,1.0,0.13700692562481182
5915,1.0,0.18540035362465268
5916,1.0,0.22929550139444646
5917,1.0,0.13821138211382114
5918,0.9471689,0.12262854000549904
5919,1.0,0.13821138211382114
5920,1.0,0.13821138211382114
5921,1.0,0.13821138211382114
5922,0.7088701,0.23478260869565218
5923,1.0,0.13821138211382114
5924,0.49920756,0.43316074370440105
5925,1.0,0.13821138211382114
5926,1.0,0.11976498945465501
5927,1.0,0.13961813842482101
5928,1.0,0.06115107913669065
5929,1.0,0.13821138211382114
5930,0.8075589,0.7599568373553071
5931,1.0,0.1852740591058348
5932,1.0,0.13777777777777778
5933,1.0,0.13821138211382114
5934,1.0,0.14374456454217915
5935,1.0,0.14194746617139825
5936,1.0,0.18540035362465268
5937,0.9704769,0.24259628663495472
5938,1.0,0.13821138211382114
5939,0.41341862,0.4311654011224827
5940,1.0,0.1490162037037037
5941,1.0,0.13821138211382114
5942,1.0,0.1237234220659635
5943,1.0,0.14714452214452214
5944,1.0,0.12659470068694798
5945,0.92674524,0.19646516393442623
5946,1.0,0.13821138211382114
5947,1.0,0.13821138211382114
5948,1.0,0.13821138211382114
5949,1.0,0.13821138211382114
5950,0.8336018,0.27358359883640393
5951,1.0,0.13771377137713772
5952,0.60412776,0.10638297872340426
5953,1.0,0.18540035362465268
5954,1.0,0.13821138211382114
5955,1.0,0.13821138211382114
5956,1.0,0.13821138211382114
5957,1.0,0.13821138211382114
5958,1.0,0.154532419945834
5959,1.0,0.19544910179640718
5960,0.9999999,0.13422377928618348
5961,1.0,0.13821138211382114
5962,1.0,0.18656904822014642
5963,1.0,0.683695652173913
5964,1.0,0.18540035362465268
5965,0.99999994,0.18540035362465268
5966,0.99999994,0.13821138211382114
5967,1.0,0.13821138211382114
5968,0.8419151,0.4001736111111111
5969,0.19382694,0.4018849685838569
5970,1.0,0.13774436090225564
5971,1.0,0.13821138211382114
5972,1.0,0.13821138211382114
5973,1.0,0.13821138211382114
5974,1.0,0.13857228554289142
5975,0.9669451,0.06039107111957086
5976,1.0,0.14943527367506515
5977,1.0,0.18664815749621402
5978,1.0,0.15413323381227842
5979,1.0,0.13821138211382114
5980,1.0,0.18540035362465268
5981,1.0,0.13821138211382114
5982,0.9999968,0.13820785419830767
5983,1.0,0.13821138211382114
5984,1.0,0.138076575218571
5985,1.0,0.13821138211382114
5986,1.0,0.13821138211382114
5987,1.0,0.17743376004763323
5988,1.0,0.18540035362465268
5989,1.0,0.15203299941072482
5990,1.0,0.15390853065196236
5991,1.0,0.16654163540885222
5992,1.0,0.13821138211382114
5993,1.0,0.18540035362465268
5994,1.0,0.13842913030394222
5995,1.0,0.13821138211382114
5996,1.0,0.13821138211382114
5997,0.999998,0.15019676432006995
5998,1.0,0.1706467019491416
5999,0.39732853,0.4069919407536484
6000,0.6573641,0.3907144635299975
6001,0.832664,0.3027644230769231
6002,1.0,0.41913809082483783
6003,1.0,0.06504347826086956
6004,1.0,0.14642107717416647
6005,1.0,0.13821138211382114
6006,1.0,0.13821138211382114
6007,1.0,0.13821138211382114
6008,1.0,0.13821138211382114
6009,1.0,0.13729335948444943
6010,1.0,0.13821138211382114
6011,1.0,0.13821138211382114
6012,1.0,0.1381697772426249
6013,1.0,0.13821138211382114
6014,1.0,0.1378582202111614
6015,1.0,0.10246847806783875
6016,1.0,0.18540035362465268
6017,1.0,0.13821138211382114
6018,0.828402,0.2699541837472872
6019,1.0,0.13698215905654673
6020,1.0,0.13606459330143542
6021,1.0,0.30625440865271575
6022,1.0,0.12567640692640691
6023,1.0,0.13821138211382114
6024,1.0,0.13821138211382114
6025,1.0,0.13821138211382114
6026,1.0,0.13969488483398146
6027,1.0,0.13825301204819276
6028,1.0,0.2017175572519084
6029,1.0,0.13868832731648617
6030,1.0,0.19941123768078842
6031,1.0,0.18540035362465268
6032,1.0,0.08451848841934173
6033,1.0,0.1381697772426249
6034,1.0,0.13825301204819276
6035,1.0,0.13821138211382114
6036,1.0,0.13801380138013802
6037,1.0,0.1382946670683941
6038,1.0,0.13821138211382114
6039,1.0,0.42333754450442174
6040,1.0,0.1389810069339765
6041,0.9999977,0.10195721438324988
6042,1.0,0.13821138211382114
6043,0.99999994,0.13510470614726414
6044,1.0,0.13821138211382114
6045,1.0,0.14002403846153846
6046,1.0,0.14036669672377516
6047,1.0,0.1362810417928528
6048,1.0,0.11415289256198347
6049,1.0,0.18540035362465268
6050,0.48193663,0.2454589294325671
6051,1.0,0.13821138211382114
6052,1.0,0.10666666666666667
6053,1.0,0.12095282146160963
6054,1.0,0.138076575218571
6055,1.0,0.18502147006819905
6056,1.0,0.18540035362465268
6057,1.0,0.20661803022407504
6058,1.0,0.18540035362465268
6059,1.0,0.42441659960915046
6060,1.0,0.1380451127819549
6061,0.8054192,0.27341504009683765
6062,1.0,0.13858695652173914
6063,1.0,0.13821138211382114
6064,1.0,0.13821138211382114
6065,1.0,0.13789981894990946
6066,1.0,0.18540035362465268
6067,1.0,0.09193494855625622
6068,1.0,0.18441328786156372
6069,1.0,0.13046701260192736
6070,1.0,0.13914761501552356
6071,0.75094885,0.29395328042919416
6072,0.20568815,0.41002134873791285
6073,0.9995176,0.06645457758925416
6074,1.0,0.13821138211382114
6075,0.99999326,0.13020709354915497
6076,1.0,0.24811098724142203
6077,1.0,0.18540035362465268
6078,0.9879764,0.205637707948244
6079,1.0,0.13821138211382114
6080,1.0,0.13825301204819276
6081,1.0,0.1378582202111614
6082,0.2814065,0.34817526869020904
6083,1.0,0.18540035362465268
6084,0.9691018,0.14962476547842402
6085,1.0,0.18540035362465268
6086,1.0,0.18540035362465268
6087,1.0,0.14043439452543885
6088,1.0,0.13762019230769232
6089,1.0,0.13821138211382114
6090,1.0,0.18540035362465268
6091,1.0,0.13821138211382114
6092,1.0,0.13821138211382114
6093,1.0,0.13821138211382114
6094,1.0,0.13821138211382114
6095,1.0,0.47051718458328756
6096,1.0,0.09730140630938806
6097,1.0,0.13929001203369434
6098,1.0,0.13821138211382114
6099,1.0,0.13815987933634993
6100,1.0,0.14780200761509174
6101,1.0,0.13821138211382114
6102,1.0,0.00013877324451845685
6103,0.9949488,0.15727109515260324
6104,1.0,0.13821138211382114
6105,1.0,0.13821138211382114
6106,1.0,0.14422501496110113
6107,1.0,0.18540035362465268
6108,1.0,0.13806766229807985
6109,1.0,0.13821138211382114
6110,1.0,0.14777032935004372
6111,1.0,0.13469748270278228
6112,1.0,0.10315907184791726
6113,1.0,0.061517736865738665
6114,0.9503953,0.37996162003837997
6115,1.0,0.13821138211382114
6116,1.0,0.18540035362465268
6117,0.99999714,0.12827294366569691
6118,1.0,0.18540035362465268
6119,1.0,0.13821138211382114
6120,1.0,0.11618141097424411
6121,1.0,0.1130890052356021
6122,1.0,0.13658388855239248
6123,1.0,0.15195369030390737
6124,1.0,0.18540035362465268
6125,1.0,0.18540035362465268
6126,1.0,0.13821138211382114
6127,0.8967619,0.22052684612062762
6128,1.0,0.13821138211382114
6129,1.0,0.13821138211382114
6130,1.0,0.18540035362465268
6131,1.0,0.18540035362465268
6132,1.0,0.13987473903966596
6133,1.0,0.13150330554757114
6134,1.0,0.13813813813813813
6135,1.0,0.13821138211382114
6136,0.80438745,0.2763431285247848
6137,1.0,0.14084507042253522
6138,0.8250881,0.27410617551462624
6139,1.0,0.18540035362465268
6140,0.76061964,0.21018938383568952
6141,1.0,0.14612005856515373
6142,0.9999887,0.14399496960804864
6143,1.0,0.13821138211382114
6144,1.0,0.18540035362465268
6145,1.0,0.13821138211382114
6146,0.99986094,0.08110657026092424
6147,1.0,0.13821138211382114
6148,1.0,0.18540035362465268
6149,1.0,0.13821138211382114
6150,1.0,0.1380036079374624
6151,1.0,0.14315291333924873
6152,1.0,0.13821138211382114
6153,1.0,0.13842551946151596
6154,1.0,0.13729335948444943
6155,1.0,0.14395734597156398
6156,1.0,0.13821138211382114
6157,1.0,0.13821138211382114
6158,1.0,0.13821138211382114
6159,1.0,0.18540035362465268
6160,1.0,0.1774600504625736
6161,1.0,0.1375980687990344
6162,1.0,0.13821138211382114
6163,1.0,0.15275772451631534
6164,1.0,0.13821138211382114
6165,1.0,0.18540035362465268
6166,1.0,0.14380358534684334
6167,1.0,0.13044079038275527
6168,0.99435323,0.15279878971255673
6169,0.9999998,0.13624733475479744
6170,1.0,0.13821138211382114
6171,0.92171425,0.3882488479262673
6172,1.0,0.13821138211382114
6173,1.0,0.14583945898265216
6174,1.0,0.13751507840772015
6175,1.0,0.13815987933634993
6176,0.99999976,0.1318217769575534
6177,1.0,0.13821138211382114
6178,1.0,0.13821138211382114
6179,1.0,0.1379023307436182
6180,1.0,0.18540035362465268
6181,1.0,0.13821138211382114
6182,1.0,0.13821138211382114
6183,1.0,0.13825301204819276
6184,1.0,0.13821138211382114
6185,1.0,0.15826591993362374
6186,1.0,0.13821138211382114
6187,1.0,0.13821138211382114
6188,1.0,0.13821138211382114
6189,1.0,0.13540113331345063
6190,1.0,0.1420863309352518
6191,1.0,0.13821138211382114
6192,1.0,0.1494121020934901
6193,0.88577825,0.19420739591414532
6194,1.0,0.1872318950290184
6195,1.0,0.14032983508245878
6196,1.0,0.13821138211382114
6197,1.0,0.13725490196078433
6198,0.9695591,0.4263949147411967
6199,1.0,0.13743218806509946
6200,1.0,0.13564386017328953
6201,1.0,0.18540035362465268
6202,1.0,0.13821138211382114
6203,1.0,0.13821138211382114
6204,1.0,0.14380358534684334
6205,1.0,0.12366498032602585
6206,1.0,0.1540216771249287
6207,0.9996574,0.15617305663032008
6208,1.0,0.13825301204819276
6209,1.0,0.13821138211382114
6210,1.0,0.1382946670683941
6211,1.0,0.13821138211382114
6212,1.0,0.13821138211382114
6213,1.0,0.13821138211382114
6214,1.0,0.14353782013103036
6215,1.0,0.1761006289308176
6216,0.8428016,0.22231283640515415
6217,1.0,0.13677536231884058
6218,1.0,0.18552664814347058
6219,1.0,0.1295750216825672
6220,1.0,0.13825301204819276
6221,1.0,0.18540035362465268
6222,1.0,0.17438217890706578
6223,1.0,0.14001806684733514
6224,1.0,0.17754952311078503
6225,0.9997429,0.1995068830901993
6226,1.0,0.14019253910950663
6227,1.0,0.18540035362465268
6228,1.0,0.11800356506238859
6229,1.0,0.13821138211382114
6230,1.0,0.1389810069339765
6231,1.0,0.13821138211382114
6232,1.0,0.13821138211382114
6233,1.0,0.13821138211382114
6234,1.0,0.14626953700973164
6235,0.99998176,0.20853951647108723
6236,1.0,0.13863773357444242
6237,0.92186904,0.5909920876445527
6238,1.0,0.13821138211382114
6239,1.0,0.13821138211382114
6240,1.0,0.13726076555023922
6241,1.0,0.13821138211382114
6242,0.87373245,0.15171351559491722
6243,1.0,0.13821138211382114
6244,1.0,0.18540035362465268
6245,1.0,0.13825301204819276
6246,0.7116922,0.42393271585223036
6247,1.0,0.13821138211382114
6248,0.8167209,0.31516255605381166
6249,1.0,0.18540035362465268
6250,1.0,0.18593789447109316
6251,1.0,0.13821138211382114
6252,1.0,0.12286547271970012
6253,0.94535804,0.502615470228158
6254,1.0,0.13821138211382114
6255,1.0,0.18540035362465268
6256,1.0,0.13821138211382114
6257,1.0,0.18540035362465268
6258,1.0,0.13821138211382114
6259,1.0,0.13821138211382114
6260,1.0,0.17809452363090772
6261,1.0,0.10137741046831956
6262,1.0,0.18323216995447647
6263,0.8964372,0.2622571692876966
6264,1.0,0.1360749924402782
6265,0.9999835,0.10857563489142437
6266,1.0,0.12213479302086896
6267,1.0,0.09876093294460642
6268,1.0,0.18540035362465268
6269,1.0,0.13825301204819276
6270,1.0,0.13511162655842274
6271,1.0,0.1458632858449876
6272,1.0,0.10451935816281466
6273,1.0,0.13821138211382114
6274,1.0,0.13821138211382114
6275,1.0,0.13821138211382114
6276,1.0,0.13821138211382114
6277,1.0,0.13821138211382114
6278,1.0,0.15364953138312978
6279,1.0,0.1383363471971067
6280,1.0,0.13821138211382114
6281,1.0,0.13825301204819276
6282,1.0,0.12647223780145822
6283,1.0,0.1382946670683941
6284,1.0,0.18540035362465268
6285,1.0,0.13821138211382114
6286,1.0,0.13825301204819276
6287,1.0,0.14391691394658754
6288,1.0,0.12218552987090964
6289,1.0,0.1634669678147939
6290,0.99999994,0.05260663507109005
6291,1.0,0.13846153846153847
6292,0.71067643,0.5263914561511605
6293,1.0,0.4431830829159711
6294,1.0,0.13210187517492303
6295,1.0,0.13821138211382114
6296,1.0,0.13821138211382114
6297,1.0,0.13821138211382114
6298,1.0,0.13825301204819276
6299,1.0,0.1909730952979633
6300,1.0,0.13821138211382114
6301,1.0,0.1096551724137931
6302,1.0,0.13821138211382114
6303,1.0,0.18540035362465268
6304,1.0,0.20206489675516223
6305,1.0,0.13821138211382114
6306,1.0,0.13821138211382114
6307,0.4770612,0.36102642276422764
6308,1.0,0.10418375717801477
6309,1.0,0.1635587508425073
6310,1.0,0.13821138211382114
6311,0.7423822,0.339055204614117
6312,1.0,0.13821138211382114
6313,0.7172376,0.410055583628095
6314,1.0,0.18540035362465268
6315,1.0,0.13765060240963856
6316,1.0,0.13821138211382114
6317,1.0,0.14062029509183982
6318,1.0,0.14075187969924813
6319,1.0,0.13753753753753753
6320,1.0,0.1457345971563981
6321,1.0,0.13821138211382114
6322,1.0,0.13841978287092882
6323,1.0,0.1399276236429433
6324,1.0,0.1383363471971067
6325,0.6210298,0.526016713091922
6326,1.0,0.17438217890706578
6327,1.0,0.13796212804328223
6328,1.0,0.1529501623066641
6329,0.5749825,0.6921754953497776
6330,1.0,0.13821138211382114
6331,1.0,0.13821138211382114
6332,1.0,0.13821138211382114
6333,1.0,0.13821138211382114
6334,1.0,0.13803587716631194
6335,1.0,0.13337338540102134
6336,1.0,0.08265856950067477
6337,1.0,0.138076575218571
6338,1.0,0.13821138211382114
6339,0.7628602,0.174496644295302
6340,1.0,0.13821138211382114
6341,0.87483156,0.5499417434593793
6342,1.0,0.13821138211382114
6343,1.0,0.11180237877401647
6344,0.9997291,0.16269515201314708
6345,0.45696208,0.0437070938215103
6346,1.0,0.12193444877377951
6347,1.0,0.18540035362465268
6348,1.0,0.13821138211382114
6349,0.9683346,0.6838198911429986
6350,1.0,0.13796212804328223
6351,1.0,0.18540035362465268
6352,1.0,0.1402485417195029
6353,1.0,0.15873468224565404
6354,1.0,0.13821138211382114
6355,0.7289465,0.31237478810294345
6356,1.0,0.18540035362465268
6357,0.7640748,0.248227936066713
6358,1.0,0.13821138211382114
6359,1.0,0.1375980687990344
6360,1.0,0.18570887514202752
6361,1.0,0.13821138211382114
6362,1.0,0.13821138211382114
6363,1.0,0.13739078035552876
6364,1.0,0.13821138211382114
6365,0.9999984,0.07894736842105263
6366,1.0,0.04903758020164986
6367,1.0,0.13821138211382114
6368,1.0,0.13821138211382114
6369,1.0,0.13821138211382114
6370,1.0,0.14601769911504425
6371,1.0,0.13821138211382114
6372,1.0,0.18540035362465268
6373,1.0,0.14642752131725964
6374,1.0,0.3890990777961693
6375,1.0,0.18540035362465268
6376,1.0,0.0967741935483871
6377,1.0,0.1386288130474177
6378,1.0,0.13868832731648617
6379,1.0,0.18540035362465268
6380,1.0,0.2708512467755804
6381,0.99999976,0.19588122605363983
6382,1.0,0.1382946670683941
6383,1.0,0.19723791588198367
6384,1.0,0.13757885250826074
6385,1.0,0.1399276236429433
6386,1.0,0.13821138211382114
6387,0.99617934,0.07304869913275518
6388,1.0,0.14776032577079698
6389,1.0,0.1382946670683941
6390,1.0,0.13821138211382114
6391,1.0,0.18540035362465268
6392,1.0,0.18598484848484848
6393,1.0,0.13796212804328223
6394,0.5768414,0.21411483253588517
6395,1.0,0.140012070006035
6396,1.0,0.13645990922844176
6397,0.99994004,0.10847535697835099
6398,1.0,0.1679804294645284
6399,1.0,0.12504736642667677
6400,0.822662,0.11525704809286899
6401,1.0,0.13821138211382114
6402,1.0,0.13496218731820825
6403,1.0,0.13824328403259886
6404,1.0,0.13815987933634993
6405,0.92845786,0.6614454248042034
6406,0.87901753,0.2655105396920317
6407,1.0,0.13754093480202442
6408,1.0,0.19268016601685323
6409,1.0,0.18540035362465268
6410,1.0,0.18540035362465268
6411,1.0,0.13825301204819276
6412,1.0,0.11303652359370835
6413,1.0,0.13910681955340978
6414,0.77427983,0.10778443113772455
6415,1.0,0.18540035362465268
6416,1.0,0.5469882123932086
6417,1.0,0.13821138211382114
6418,0.86084765,0.2240241891148983
6419,1.0,0.13821138211382114
6420,1.0,0.08956796628029505
6421,1.0,0.13821138211382114
6422,1.0,0.13821138211382114
6423,1.0,0.1401140114011401
6424,1.0,0.13615774047428725
6425,0.9989801,0.29296875
6426,0.40601766,0.3106910809214412
6427,1.0,0.1455223880597015
6428,1.0,0.13821138211382114
6429,1.0,0.13821138211382114
6430,0.9995553,0.10111918319261731
6431,1.0,0.13828842167604383
6432,0.9426193,0.14600363306085376
6433,1.0,0.13821138211382114
6434,1.0,0.1852740591058348
6435,1.0,0.13628266033254158
6436,1.0,0.13838748495788206
6437,0.9984113,0.17031089853091902
6438,1.0,0.13821138211382114
6439,1.0,0.13821138211382114
6440,1.0,0.13821138211382114
6441,1.0,0.14176570458404075
6442,1.0,0.32275449101796405
6443,0.14737861,0.4612794612794613
6444,1.0,0.15552497050727487
6445,0.99996036,0.15643529822113708
6446,0.61608136,0.13892365456821026
6447,0.16783376,0.7084821884250281
6448,1.0,0.13821138211382114
6449,1.0,0.13821138211382114
6450,1.0,0.13821138211382114
6451,1.0,0.13711869525823014
6452,1.0,0.13821138211382114
6453,1.0,0.13821138211382114
6454,1.0,0.13821138211382114
6455,1.0,0.13821138211382114
6456,1.0,0.13825301204819276
6457,1.0,0.18855558356440635
6458,1.0,0.13821138211382114
6459,1.0,0.13224217844727695
6460,1.0,0.11965155008967461
6461,1.0,0.13821138211382114
6462,1.0,0.138076575218571
6463,1.0,0.13821138211382114
6464,1.0,0.13760915386931646
6465,1.0,0.14315169366715758
6466,1.0,0.14583945898265216
6467,1.0,0.13821138211382114
6468,1.0,0.13821138211382114
6469,1.0,0.3655635378636203
6470,1.0,0.18514776458701693
6471,1.0,0.1522422165095687
6472,1.0,0.18540035362465268
6473,1.0,0.13821138211382114
6474,1.0,0.13821138211382114
6475,1.0,0.13821138211382114
6476,1.0,0.1400543314216722
6477,0.94229156,0.3784722222222222
6478,1.0,0.13821138211382114
6479,1.0,0.13654618473895583
6480,1.0,0.18540035362465268
6481,1.0,0.06504347826086956
6482,1.0,0.13821138211382114
6483,1.0,0.16337196091797318
6484,1.0,0.13821138211382114
6485,1.0,0.1385959626393492
6486,1.0,0.18540035362465268
6487,1.0,0.13821138211382114
6488,1.0,0.15294528928509002
6489,1.0,0.12218552987090964
6490,1.0,0.13821138211382114
6491,1.0,0.20661803022407504
6492,0.994637,0.3547180667433832
6493,1.0,0.18540035362465268
6494,1.0,0.13821138211382114
6495,0.99999994,0.09336609336609336
6496,0.9548257,0.28846153846153844
6497,1.0,0.13768115942028986
6498,1.0,0.13825301204819276
6499,1.0,0.13821138211382114
6500,1.0,0.18540035362465268
6501,0.99997,0.15644429507645774
6502,1.0,0.13023872679045093
6503,1.0,0.13821138211382114
6504,1.0,0.257419745608722
6505,1.0,0.13821138211382114
6506,1.0,0.18540035362465268
6507,1.0,0.14193746167995094
6508,1.0,0.13821138211382114
6509,1.0,0.13821138211382114
6510,1.0,0.13821138211382114
6511,1.0,0.13821138211382114
6512,1.0,0.13637652395803798
6513,1.0,0.1376920759264839
6514,1.0,0.138076575218571
6515,1.0,0.18540035362465268
6516,1.0,0.13821138211382114
6517,1.0,0.13821138211382114
6518,1.0,0.1427063542326367
6519,1.0,0.13821138211382114
6520,1.0,0.13821138211382114
6521,1.0,0.13821138211382114
6522,0.9994529,0.13215130023640662
6523,0.99999994,0.13825301204819276
6524,1.0,0.1634698462070157
6525,1.0,0.1396681749622926
6526,1.0,0.14707490431930018
6527,0.9999997,0.13637416068534383
6528,1.0,0.05078310393925012
6529,1.0,0.13825301204819276
6530,1.0,0.13821138211382114
6531,1.0,0.18540035362465268
6532,0.9999967,0.13352981183405124
6533,1.0,0.05277874868926949
6534,1.0,0.13821138211382114
6535,0.7166178,0.3689727463312369
6536,1.0,0.13821138211382114
6537,1.0,0.18540035362465268
6538,1.0,0.13821138211382114
6539,0.99999994,0.13821138211382114
6540,1.0,0.13821138211382114
6541,1.0,0.1384800240312406
6542,1.0,0.13821138211382114
6543,0.9999969,0.15460961623290692
6544,1.0,0.20268691588785046
6545,1.0,0.13821138211382114
6546,1.0,0.15144441202217684
6547,1.0,0.5464379370629371
6548,1.0,0.13804412641621944
6549,1.0,0.14062029509183982
6550,1.0,0.13821138211382114
6551,1.0,0.1382946670683941
6552,1.0,0.13821138211382114
6553,0.82274747,0.447100063734863
6554,1.0,0.13855421686746988
6555,1.0,0.13821138211382114
6556,1.0,0.13821138211382114
6557,1.0,0.09310419839025451
6558,1.0,0.13808664259927797
6559,0.6509263,0.29384634057531256
6560,1.0,0.18540035362465268
6561,1.0,0.18540035362465268
6562,1.0,0.13821138211382114
6563,1.0,0.19462244000502577
6564,1.0,0.13821138211382114
6565,1.0,0.13821138211382114
6566,1.0,0.18540035362465268
6567,1.0,0.2814483016050765
6568,1.0,0.13867952969550798
6569,1.0,0.15275772451631534
6570,0.9450369,0.22132218447870394
6571,1.0,0.13821138211382114
6572,1.0,0.13821138211382114
6573,1.0,0.1526434558349452
6574,1.0,0.13821138211382114
6575,1.0,0.18540035362465268
6576,1.0,0.11253196930946291
6577,1.0,0.05548074333423108
6578,1.0,0.14092996555683124
6579,1.0,0.18540035362465268
6580,1.0,0.138076575218571
6581,1.0,0.18744485062397578
6582,1.0,0.13821138211382114
6583,1.0,0.14678362573099416
6584,1.0,0.18540035362465268
6585,1.0,0.13821138211382114
6586,1.0,0.18540035362465268
6587,1.0,0.13821138211382114
6588,1.0,0.09532611565883285
6589,1.0,0.14243146603098927
6590,1.0,0.13702801461632155
6591,1.0,0.13821138211382114
6592,1.0,0.18540035362465268
6593,1.0,0.13821138211382114
6594,1.0,0.05658627087198516
6595,1.0,0.13821138211382114
6596,0.8956955,0.43221348582320707
6597,1.0,0.13821138211382114
6598,1.0,0.1381697772426249
6599,0.66691273,0.5142570281124498
6600,1.0,0.18540035362465268
6601,1.0,0.1381697772426249
6602,1.0,0.13821138211382114
6603,1.0,0.18540035362465268
6604,1.0,0.06361209964412812
6605,1.0,0.13825301204819276
6606,1.0,0.13821138211382114
6607,1.0,0.18540035362465268
6608,1.0,0.18540035362465268
6609,1.0,0.13821138211382114
6610,1.0,0.13493026076409945
6611,1.0,0.13821138211382114
6612,1.0,0.13821138211382114
6613,0.99984217,0.18792056458230758
6614,1.0,0.13821138211382114
6615,1.0,0.13821138211382114
6616,1.0,0.46963562753036436
6617,1.0,0.13821138211382114
6618,0.87584203,0.08145814581458145
6619,1.0,0.13821138211382114
6620,0.99904156,0.1471606648199446
6621,1.0,0.5180175420057065
6622,1.0,0.1876765083440308
6623,1.0,0.18540035362465268
6624,0.99999976,0.1328760162601626
6625,1.0,0.09312890403180012
6626,1.0,0.13821138211382114
6627,1.0,0.18568543297147186
6628,1.0,0.13821138211382114
6629,0.55232614,0.21167116711671166
6630,1.0,0.13772632828732562
6631,1.0,0.13825301204819276
6632,1.0,0.1588986863415512
6633,0.9999983,0.13299180327868854
6634,1.0,0.06473489519112208
6635,1.0,0.13825301204819276
6636,1.0,0.13821138211382114
6637,1.0,0.13821138211382114
6638,1.0,0.13834586466165413
6639,1.0,0.08586057502953919
6640,0.8391964,0.13479883865615927
6641,1.0,0.14837576821773485
6642,0.8158032,0.4517140936589738
6643,1.0,0.13825301204819276
6644,1.0,0.13821138211382114
6645,1.0,0.14185616076150184
6646,1.0,0.25127334465195245
6647,1.0,0.13820156910078454
6648,1.0,0.15850551938862156
6649,1.0,0.13821138211382114
6650,1.0,0.13017925359976493
6651,0.9999495,0.15253940455341505
6652,1.0,0.13821138211382114
6653,1.0,0.13865175154548132
6654,1.0,0.13821138211382114
6655,1.0,0.14891774891774892
6656,1.0,0.13821138211382114
6657,1.0,0.13821138211382114
6658,1.0,0.13821138211382114
6659,0.4719173,0.3672105366620798
6660,0.99999875,0.13439849624060152
6661,1.0,0.13821138211382114
6662,0.9999979,0.13462922966162708
6663,1.0,0.13821138211382114
6664,1.0,0.18540035362465268
6665,1.0,0.13821138211382114
6666,1.0,0.13821138211382114
6667,1.0,0.18540035362465268
6668,1.0,0.13821138211382114
6669,1.0,0.18034209221616262
6670,1.0,0.13821138211382114
6671,0.9997283,0.08050280823749666
6672,1.0,0.14024572969733293
6673,1.0,0.11865139399178734
6674,1.0,0.18540035362465268
6675,1.0,0.14194746617139825
6676,1.0,0.1396681749622926
6677,1.0,0.41290842153704554
6678,1.0,0.13825301204819276
6679,1.0,0.15928503638089211
6680,0.9214146,0.5843005497861943
6681,1.0,0.13867069486404834
6682,1.0,0.13821138211382114
6683,1.0,0.2058513997053252
6684,0.42419213,0.08882472826086957
6685,0.8552754,0.3347481607243916
6686,1.0,0.13821138211382114
6687,1.0,0.15908448714326082
6688,1.0,0.13821138211382114
6689,1.0,0.14161676646706586
6690,1.0,0.13841978287092882
6691,1.0,0.18606412522090382
6692,1.0,0.13821138211382114
6693,0.60267,0.22241657696447795
6694,1.0,0.13821138211382114
6695,0.9999981,0.08495145631067962
6696,1.0,0.13821138211382114
6697,1.0,0.10740992522093813
6698,1.0,0.15864978902953586
6699,0.9953851,0.3234277816171389
6700,1.0,0.13821138211382114
6701,1.0,0.48863636363636365
6702,1.0,0.13821138211382114
6703,0.35687187,0.3204301075268817
6704,1.0,0.13825301204819276
6705,1.0,0.19010317157050058
6706,0.99997807,0.07369323050556983
6707,1.0,0.1703240622607808
6708,1.0,0.13777644949193066
6709,1.0,0.13821138211382114
6710,1.0,0.13821138211382114
6711,1.0,0.13825301204819276
6712,1.0,0.13821138211382114
6713,1.0,0.12187127532777116
6714,1.0,0.13821138211382114
6715,1.0,0.13778580024067388
6716,0.8117266,0.34757590597453475
6717,1.0,0.1380451127819549
6718,1.0,0.42995280303902383
6719,1.0,0.1371721435031655
6720,1.0,0.14100632720699005
6721,1.0,0.13755656108597286
6722,1.0,0.11652542372881355
6723,1.0,0.13841978287092882
6724,1.0,0.14467887781126826
6725,1.0,0.14208294062205468
6726,0.82618165,0.15517241379310345
6727,1.0,0.27195924959622314
6728,1.0,0.13821138211382114
6729,1.0,0.13619854721549637
6730,1.0,0.231169820906897
6731,1.0,0.13821138211382114
6732,1.0,0.13722584469472437
6733,0.9464583,0.29608680595636616
6734,1.0,0.18540035362465268
6735,0.8927851,0.11412201920099102
6736,1.0,0.14445425125036776
6737,0.76910496,0.3815028901734104
6738,1.0,0.09233278955954323
6739,1.0,0.13825301204819276
6740,1.0,0.13821138211382114
6741,1.0,0.13821138211382114
6742,1.0,0.13821138211382114
6743,1.0,0.07724425887265135
6744,1.0,0.13821138211382114
6745,1.0,0.13649025069637882
6746,1.0,0.14040373606507983
6747,1.0,0.18540035362465268
6748,1.0,0.139862148190695
6749,1.0,0.135013501350135
6750,1.0,0.13821138211382114
6751,1.0,0.14806178956572427
6752,1.0,0.18540035362465268
6753,1.0,0.5329862955487092
6754,0.9999884,0.15311094452773613
6755,1.0,0.13982380844815903
6756,1.0,0.13752983293556087
6757,1.0,0.13821138211382114
6758,1.0,0.13821138211382114
6759,1.0,0.1375980687990344
6760,1.0,0.14146821061830894
6761,1.0,0.1852740591058348
6762,1.0,0.13821138211382114
6763,1.0,0.13812819741197713
6764,1.0,0.19475085583872195
6765,1.0,0.18540035362465268
6766,1.0,0.13821138211382114
6767,1.0,0.13799283154121864
6768,1.0,0.1865304578130912
6769,0.99999994,0.13821138211382114
6770,1.0,0.1358981455853861
6771,1.0,0.13821138211382114
6772,1.0,0.1398870056497175
6773,1.0,0.13821138211382114
6774,1.0,0.20556317824622677
6775,1.0,0.31629392971246006
6776,1.0,0.13821138211382114
6777,1.0,0.14062029509183982
6778,1.0,0.13821138211382114
6779,1.0,0.14166168559474
6780,1.0,0.1488318430920104
6781,1.0,0.13821138211382114
6782,1.0,0.13821138211382114
6783,1.0,0.3763440860215054
6784,1.0,0.4409106126548376
6785,1.0,0.13825301204819276
6786,0.91202664,0.09275647328744674
6787,0.99999994,0.13821138211382114
6788,1.0,0.12095282146160963
6789,1.0,0.0657705232837254
6790,1.0,0.13821138211382114
6791,1.0,0.5964064305978775
6792,1.0,0.13826269912834385
6793,1.0,0.13821138211382114
6794,1.0,0.16870207327463788
6795,1.0,0.13821138211382114
6796,1.0,0.13821138211382114
6797,1.0,0.13821138211382114
6798,1.0,0.13821138211382114
6799,1.0,0.13821138211382114
6800,1.0,0.13821138211382114
6801,1.0,0.13821138211382114
6802,1.0,0.1381697772426249
6803,0.32546157,0.48858017424064043
6804,1.0,0.13821138211382114
6805,1.0,0.18540035362465268
6806,0.91163677,0.6379881537998193
6807,1.0,0.10425383542538354
6808,1.0,0.18540035362465268
6809,1.0,0.13821138211382114
6810,1.0,0.20550504421472163
6811,1.0,0.13821138211382114
6812,1.0,0.15275772451631534
6813,1.0,0.18540035362465268
6814,1.0,0.13821138211382114
6815,1.0,0.13955582232893157
6816,1.0,0.18540035362465268
6817,1.0,0.18540035362465268
6818,1.0,0.13821138211382114
6819,1.0,0.13821138211382114
6820,1.0,0.13821138211382114
6821,1.0,0.13821138211382114
6822,1.0,0.13821138211382114
6823,1.0,0.18540035362465268
6824,1.0,0.18540035362465268
6825,1.0,0.13821138211382114
6826,1.0,0.13821138211382114
6827,0.9948974,0.0792520035618878
6828,1.0,0.1761006289308176
6829,1.0,0.18540035362465268
6830,1.0,0.13821138211382114
6831,1.0,0.18540035362465268
6832,1.0,0.13821138211382114
6833,1.0,0.13799337149743898
6834,1.0,0.13821138211382114
6835,1.0,0.13721973094170403
6836,1.0,0.13821138211382114
6837,1.0,0.14032983508245878
6838,1.0,0.13821138211382114
6839,1.0,0.13821138211382114
6840,1.0,0.5125868055555556
6841,1.0,0.13821138211382114
6842,1.0,0.1369179600886918
6843,1.0,0.4044596912521441
6844,1.0,0.13821138211382114
6845,1.0,0.13861386138613863
6846,1.0,0.13821138211382114
6847,1.0,0.20661803022407504
6848,0.966364,0.25717321997874604
6849,1.0,0.11868256672345258
6850,1.0,0.18540035362465268
6851,1.0,0.13821138211382114
6852,1.0,0.13821138211382114
6853,1.0,0.1383780524570395
6854,1.0,0.18540035362465268
6855,1.0,0.13821138211382114
6856,1.0,0.09816849816849817
6857,1.0,0.13821138211382114
6858,1.0,0.1357207342762564
6859,0.86161494,0.255251905558654
6860,1.0,0.1375453446191052
6861,1.0,0.1457345971563981
6862,1.0,0.13338157260009648
6863,0.96608704,0.4802199115573085
6864,1.0,0.18514776458701693
6865,1.0,0.18540035362465268
6866,1.0,0.1237234220659635
6867,1.0,0.05060240963855422
6868,1.0,0.13821138211382114
6869,1.0,0.1892538064678495
6870,1.0,0.13821138211382114
6871,1.0,0.13780598368087035
6872,1.0,0.13985005767012687
6873,1.0,0.13821138211382114
6874,1.0,0.13714967203339296
6875,1.0,0.13821138211382114
6876,0.91621894,0.41728478309732525
6877,1.0,0.13821138211382114
6878,1.0,0.13821138211382114
6879,1.0,0.13821138211382114
6880,1.0,0.13821138211382114
6881,1.0,0.13821138211382114
6882,1.0,0.1383780524570395
6883,0.7651845,0.31992031872509963
6884,1.0,0.3747672253258845
6885,1.0,0.13821138211382114
6886,1.0,0.13825301204819276
6887,1.0,0.1382946670683941
6888,0.9993961,0.15348221044663135
6889,1.0,0.14102945551919072
6890,1.0,0.2875136248031973
6891,1.0,0.1254410726887791
6892,1.0,0.1852740591058348
6893,1.0,0.18585858585858586
6894,1.0,0.18540035362465268
6895,1.0,0.13333333333333333
6896,1.0,0.18540035362465268
6897,1.0,0.13821138211382114
6898,1.0,0.13821138211382114
6899,1.0,0.16519590540063536
6900,1.0,0.08407811982787157
6901,1.0,0.1374703087885986
6902,1.0,0.13808664259927797
6903,0.9632775,0.1582050442188012
6904,1.0,0.17301750772399588
6905,0.8747042,0.3972680705748435
6906,1.0,0.138076575218571
6907,1.0,0.13111356728378004
6908,1.0,0.13821138211382114
6909,1.0,0.1216454025516938
6910,1.0,0.13821138211382114
6911,1.0,0.13821138211382114
6912,1.0,0.18540035362465268
6913,1.0,0.1381697772426249
6914,1.0,0.13821138211382114
6915,1.0,0.14393353941267387
6916,1.0,0.1421758569299553
6917,0.96424973,0.1647242998782397
6918,1.0,0.13821138211382114
6919,1.0,0.11356466876971609
6920,1.0,0.13821138211382114
6921,1.0,0.18540035362465268
6922,1.0,0.1376920759264839
6923,0.99999565,0.1369996113486203
6924,1.0,0.18540035362465268
6925,1.0,0.2058513997053252
6926,1.0,0.3596897429960639
6927,1.0,0.13821138211382114
6928,0.9992376,0.08203677510608204
6929,1.0,0.13821138211382114
6930,1.0,0.13821138211382114
6931,1.0,0.13847080072245635
6932,1.0,0.13821138211382114
6933,1.0,0.13821138211382114
6934,1.0,0.13821138211382114
6935,0.9645735,0.5576158940397351
6936,1.0,0.18517115068839207
6937,1.0,0.1401140114011401
6938,0.99999624,0.14093959731543623
6939,1.0,0.18540035362465268
6940,1.0,0.13821138211382114
6941,1.0,0.13821138211382114
6942,0.854691,0.31895006402048653
6943,1.0,0.13821138211382114
6944,1.0,0.34430998370956484
6945,1.0,0.16143497757847533
6946,1.0,0.13821138211382114
6947,1.0,0.18540035362465268
6948,1.0,0.13777644949193066
6949,1.0,0.13821138211382114
6950,1.0,0.067317753749564
6951,1.0,0.18540035362465268
6952,1.0,0.14131736526946106
6953,1.0,0.13825301204819276
6954,1.0,0.13371559633027522
6955,1.0,0.3625162895391541
6956,0.905545,0.36860264519838987
6957,1.0,0.13812819741197713
6958,1.0,0.13821138211382114
6959,1.0,0.13821138211382114
6960,1.0,0.13821138211382114
6961,1.0,0.11100138257949832
6962,1.0,0.13821138211382114
6963,0.99999994,0.13821138211382114
6964,1.0,0.13821138211382114
6965,1.0,0.13825301204819276
6966,1.0,0.13821138211382114
6967,0.74156654,0.34775888717156106
6968,1.0,0.13726670680313063
6969,1.0,0.13821138211382114
6970,1.0,0.153125
6971,1.0,0.1445069588392064
6972,1.0,0.08005473828258639
6973,1.0,0.13821138211382114
6974,0.99703693,0.09681727131092811
6975,1.0,0.13821138211382114
6976,0.99999994,0.18540035362465268
6977,1.0,0.13821138211382114
6978,1.0,0.13821138211382114
6979,1.0,0.1304945054945055
6980,1.0,0.13747296879827
6981,1.0,0.20002498750624687
6982,1.0,0.09446130500758726
6983,1.0,0.4351819956366977
6984,0.99999905,0.1362571854375133
6985,1.0,0.14867617107942974
6986,1.0,0.13815987933634993
6987,0.9739113,0.5782081293892317
6988,1.0,0.13821138211382114
6989,1.0,0.3600870162583009
6990,0.84669673,0.4539570795957761
6991,1.0,0.14034040011943863
6992,1.0,0.13821138211382114
6993,1.0,0.13766155695822063
6994,1.0,0.13242375601926162
6995,1.0,0.18540035362465268
6996,1.0,0.13825301204819276
6997,1.0,0.13821138211382114
6998,1.0,0.1399337947637677
6999,1.0,0.18540035362465268
7000,1.0,0.18540035362465268
7001,1.0,0.18540035362465268
7002,1.0,0.13821138211382114
7003,0.9236526,0.08347927612375948
7004,1.0,0.18424787133396406
7005,1.0,0.13821138211382114
7006,1.0,0.13821138211382114
7007,1.0,0.18540035362465268
7008,1.0,0.13825301204819276
7009,1.0,0.13821138211382114
7010,1.0,0.13808664259927797
7011,1.0,0.18540035362465268
7012,1.0,0.13801308744794766
7013,1.0,0.13821138211382114
7014,1.0,0.13821138211382114
7015,1.0,0.13808529674917983
7016,1.0,0.18540035362465268
7017,1.0,0.13272780544975096
7018,1.0,0.6356382978723404
7019,0.93672484,0.8638139898397812
7020,1.0,0.13821138211382114
7021,1.0,0.13821138211382114
7022,1.0,0.1380541505504314
7023,1.0,0.14192614047791455
7024,1.0,0.13820156910078454
7025,1.0,0.13821138211382114
7026,1.0,0.11105207226354942
7027,1.0,0.13702710753649092
7028,1.0,0.13821138211382114
7029,1.0,0.13821138211382114
7030,1.0,0.13825301204819276
7031,1.0,0.13821138211382114
7032,1.0,0.1377245508982036
7033,1.0,0.13738401676144868
7034,1.0,0.13821138211382114
7035,1.0,0.13980114492316964
7036,0.7270824,0.4960620801482511
7037,1.0,0.13792067307692307
7038,1.0,0.13825301204819276
7039,1.0,0.18601716304896518
7040,1.0,0.18540035362465268
7041,0.85907274,0.5341434562856221
7042,1.0,0.13821138211382114
7043,1.0,0.13821138211382114
7044,1.0,0.19582987797654305
7045,1.0,0.13821138211382114
7046,1.0,0.13719692489651095
7047,1.0,0.1397169527250828
7048,1.0,0.18540035362465268
7049,1.0,0.07165326808808109
7050,1.0,0.13285358427899252
7051,1.0,0.18540035362465268
7052,1.0,0.1407140714071407
7053,1.0,0.09289617486338798
7054,1.0,0.18540035362465268
7055,1.0,0.13821138211382114
7056,1.0,0.18320900240232646
7057,1.0,0.13821138211382114
7058,1.0,0.13774104683195593
7059,1.0,0.18540035362465268
7060,1.0,0.14867617107942974
7061,1.0,0.13781664656212303
7062,1.0,0.11170439982913286
7063,1.0,0.13821138211382114
7064,1.0,0.13821138211382114
7065,1.0,0.13821138211382114
7066,1.0,0.18540035362465268
7067,1.0,0.18540035362465268
7068,1.0,0.14795474325500435
7069,0.99831116,0.14768104149715217
7070,1.0,0.13821138211382114
7071,1.0,0.18540035362465268
7072,1.0,0.13661037394451145
7073,1.0,0.13825301204819276
7074,1.0,0.13821138211382114
7075,1.0,0.13821138211382114
7076,1.0,0.18540035362465268
7077,1.0,0.13821138211382114
7078,1.0,0.14350028137310072
7079,0.9132747,0.217488201363398
7080,1.0,0.15870786516853932
7081,1.0,0.13821138211382114
7082,1.0,0.13821138211382114
7083,1.0,0.13821138211382114
7084,1.0,0.13855345112495232
7085,1.0,0.13643363104404066
7086,1.0,0.13821138211382114
7087,1.0,0.13821138211382114
7088,1.0,0.13821138211382114
7089,1.0,0.13821138211382114
7090,1.0,0.07885159725030327
7091,1.0,0.1378582202111614
7092,1.0,0.13827234553089382
7093,1.0,0.13821138211382114
7094,1.0,0.18540035362465268
7095,1.0,0.13821138211382114
7096,0.8307366,0.24342732597738728
7097,1.0,0.13821138211382114
7098,1.0,0.1420617244670697
7099,1.0,0.13821138211382114
7100,1.0,0.6078907435508346
7101,1.0,0.1375866851595007
7102,1.0,0.18540035362465268
7103,1.0,0.13821138211382114
7104,1.0,0.13821138211382114
7105,1.0,0.47593342330184435
7106,1.0,0.13821138211382114
7107,1.0,0.18570887514202752
7108,0.8971938,0.4635036496350365
7109,1.0,0.13821138211382114
7110,1.0,0.13801452784503632
7111,1.0,0.15316079762409843
7112,1.0,0.1852740591058348
7113,1.0,0.13821138211382114
7114,1.0,0.42289184234647115
7115,1.0,0.13821138211382114
7116,0.93033814,0.1643622805654808
7117,1.0,0.14006612563871357
7118,1.0,0.11513963743263106
7119,1.0,0.13227674489484914
7120,1.0,0.3488264001859168
7121,1.0,0.13825301204819276
7122,1.0,0.13821138211382114
7123,1.0,0.13821138211382114
7124,1.0,0.13821138211382114
7125,1.0,0.1407140714071407
7126,1.0,0.18514776458701693
7127,1.0,0.13821138211382114
7128,0.6592213,0.310464712017615
7129,0.9214641,0.40960360941024815
7130,1.0,0.13588110403397027
7131,1.0,0.15275772451631534
7132,1.0,0.21784624327859323
7133,1.0,0.13821138211382114
7134,1.0,0.13821138211382114
7135,1.0,0.13821138211382114
7136,1.0,0.2224436417984805
7137,1.0,0.13821138211382114
7138,1.0,0.13821138211382114
7139,1.0,0.13825301204819276
7140,1.0,0.13820156910078454
7141,1.0,0.18540035362465268
7142,0.99999946,0.06264185201997277
7143,1.0,0.13821138211382114
7144,1.0,0.12578616352201258
7145,1.0,0.14100632720699005
7146,1.0,0.1593245227606461
7147,1.0,0.3789509459612552
7148,1.0,0.18540035362465268
7149,1.0,0.11646803900325027
7150,1.0,0.13821138211382114
7151,0.7609342,0.08546659867414584
7152,1.0,0.1376920759264839
7153,1.0,0.18540035362465268
7154,1.0,0.13821138211382114
7155,1.0,0.13821138211382114
7156,1.0,0.1459054209919262
7157,1.0,0.17518019429645879
7158,0.9999996,0.13169189067088322
7159,1.0,0.1549221430456585
7160,1.0,0.13765303075544938
7161,1.0,0.1466389826109525
7162,1.0,0.30308157099697886
7163,0.99999994,0.1382946670683941
7164,1.0,0.13624220837043632
7165,1.0,0.13792067307692307
7166,1.0,0.13821138211382114
7167,0.9945685,0.16198172874209416
7168,1.0,0.13821138211382114
7169,1.0,0.13821138211382114
7170,1.0,0.13761745983631404
7171,1.0,0.13801380138013802
7172,0.89990455,0.3270830582331969
7173,0.97744155,0.31627767803710355
7174,1.0,0.13821138211382114
7175,1.0,0.13752983293556087
7176,1.0,0.13988543864938197
7177,1.0,0.13821138211382114
7178,1.0,0.18710652228657768
7179,1.0,0.13821138211382114
7180,1.0,0.40093896713615024
7181,1.0,0.17627718765806777
7182,1.0,0.5981848184818482
7183,1.0,0.14570507182644385
7184,1.0,0.13821138211382114
7185,1.0,0.09513274336283185
7186,1.0,0.13821138211382114
7187,1.0,0.1352409638554217
7188,0.7768218,0.22577379230546718
7189,0.99984413,0.15031921067904816
7190,1.0,0.13253373313343328
7191,1.0,0.13821138211382114
7192,1.0,0.18540035362465268
7193,1.0,0.13821138211382114
7194,1.0,0.18375
7195,0.92996556,0.18943798449612403
7196,1.0,0.13821138211382114
7197,1.0,0.14642752131725964
7198,1.0,0.18540035362465268
7199,1.0,0.13931701420368692
7200,1.0,0.11001882451370006
7201,1.0,0.1394517282479142
7202,0.56631786,0.38199780461031835
7203,1.0,0.18540035362465268
7204,1.0,0.39294739260280265
7205,1.0,0.1404460518384569
7206,1.0,0.18540035362465268
7207,1.0,0.13821138211382114
7208,1.0,0.07426985595348222
7209,0.86709994,0.2393947232281428
7210,1.0,0.18540035362465268
7211,1.0,0.13821138211382114
7212,1.0,0.2655700652938222
7213,1.0,0.13821138211382114
7214,1.0,0.23808329152032112
7215,1.0,0.13821138211382114
7216,1.0,0.13821138211382114
7217,1.0,0.13821138211382114
7218,1.0,0.1665711009174312
7219,1.0,0.1383363471971067
7220,1.0,0.13821138211382114
7221,1.0,0.13821138211382114
7222,1.0,0.18534428300694883
7223,1.0,0.13821138211382114
7224,1.0,0.13821138211382114
7225,1.0,0.13821138211382114
7226,1.0,0.13821138211382114
7227,1.0,0.13821138211382114
7228,1.0,0.4242041144696012
7229,1.0,0.13771377137713772
7230,1.0,0.18540035362465268
7231,1.0,0.13821138211382114
7232,1.0,0.1402332361516035
7233,1.0,0.13821138211382114
7234,1.0,0.14776032577079698
7235,1.0,0.13821138211382114
7236,1.0,0.13821138211382114
7237,1.0,0.1592999110056363
7238,1.0,0.18655046519844543
7239,1.0,0.13710879284649777
7240,1.0,0.18540035362465268
7241,1.0,0.14067186562687461
7242,1.0,0.2611886429258903
7243,1.0,0.18540035362465268
7244,1.0,0.14285714285714285
7245,1.0,0.18540035362465268
7246,1.0,0.13755656108597286
7247,1.0,0.2060189165950129
7248,1.0,0.18540035362465268
7249,1.0,0.18540035362465268
7250,1.0,0.1429372197309417
7251,0.488442,0.1267632850241546
7252,1.0,0.13821138211382114
7253,1.0,0.14302635475273912
7254,0.999972,0.1653306613226453
7255,1.0,0.17584932230241154
7256,1.0,0.17604865117729612
7257,1.0,0.11935110081112399
7258,1.0,0.1447562776957164
7259,1.0,0.1488318430920104
7260,1.0,0.39253231211105793
7261,1.0,0.18540035362465268
7262,1.0,0.13821138211382114
7263,1.0,0.18670367099785543
7264,1.0,0.13842913030394222
7265,1.0,0.13821138211382114
7266,0.72366476,0.27804808242701773
7267,0.91207135,0.5276106007813325
7268,1.0,0.3104732164304588
7269,0.8332346,0.13402517111945242
7270,1.0,0.13821138211382114
7271,1.0,0.13821138211382114
7272,1.0,0.18540035362465268
7273,1.0,0.1360479797979798
7274,1.0,0.14997104806022005
7275,1.0,0.18540035362465268
7276,0.99999994,0.2265615375138598
7277,1.0,0.42580351037155234
7278,1.0,0.14243146603098927
7279,1.0,0.13821138211382114
7280,1.0,0.13821138211382114
7281,1.0,0.08956796628029505
7282,1.0,0.13821138211382114
7283,0.807237,0.2713329615170106
7284,1.0,0.13821138211382114
7285,0.9999813,0.4548648073238237
7286,1.0,0.13821138211382114
7287,0.93012017,0.5304878048780488
7288,0.89777106,0.3434625684014437
7289,1.0,0.18540035362465268
7290,1.0,0.13821138211382114
7291,1.0,0.13821138211382114
7292,0.9215638,0.2947106572401152
7293,1.0,0.13938692886061307
7294,0.8530717,0.2422360248447205
7295,1.0,0.13872832369942195
7296,1.0,0.13821138211382114
7297,0.99999684,0.13761467889908258
7298,1.0,0.1375980687990344
7299,1.0,0.14010244049412474
7300,1.0,0.13821138211382114
7301,1.0,0.15502940732921128
7302,1.0,0.13821138211382114
7303,1.0,0.043137254901960784
7304,1.0,0.13821138211382114
7305,1.0,0.18540035362465268
7306,1.0,0.16409673754260673
7307,1.0,0.09700111069974084
7308,0.7331479,0.24483430799220274
7309,1.0,0.13821138211382114
7310,1.0,0.13821138211382114
7311,0.78076744,0.3861860347869927
7312,0.9904854,0.16200091785222578
7313,1.0,0.18382073680212685
7314,0.9890924,0.14878397711015737
7315,0.9973466,0.1608726498758425
7316,0.99909127,0.08563672260612043
7317,1.0,0.13821138211382114
7318,1.0,0.18540035362465268
7319,1.0,0.13846153846153847
7320,1.0,0.1329185520361991
7321,1.0,0.327336860670194
7322,1.0,0.13701211305518168
7323,1.0,0.13821138211382114
7324,0.91436493,0.6871923656454043
7325,1.0,0.13821138211382114
7326,1.0,0.18540035362465268
7327,1.0,0.13821138211382114
7328,1.0,0.13897280966767372
7329,1.0,0.18540035362465268
7330,1.0,0.13821138211382114
7331,1.0,0.13821138211382114
7332,1.0,0.13821138211382114
7333,1.0,0.13821138211382114
7334,1.0,0.13821138211382114
7335,1.0,0.13821138211382114
7336,1.0,0.13821138211382114
7337,1.0,0.13821138211382114
7338,1.0,0.13643133750372358
7339,1.0,0.13821138211382114
7340,1.0,0.13885578069129917
7341,1.0,0.18509615384615385
7342,1.0,0.3937118723603942
7343,0.92749393,0.3042930882538084
7344,0.25775412,0.32418799212598426
7345,1.0,0.13821138211382114
7346,0.99645495,0.08951667801225323
7347,1.0,0.15116476789661623
7348,0.9242714,0.47472828954310436
7349,0.8906849,0.3034253578732106
7350,1.0,0.18540035362465268
7351,1.0,0.13821138211382114
7352,1.0,0.13821138211382114
7353,1.0,0.13821138211382114
7354,1.0,0.13821138211382114
7355,1.0,0.18570887514202752
7356,1.0,0.13825301204819276
7357,1.0,0.13821138211382114
7358,1.0,0.13821138211382114
7359,1.0,0.13333333333333333
7360,1.0,0.13821138211382114
7361,0.97999924,0.09467849223946785
7362,1.0,0.14260511614231108
7363,1.0,0.13337199188170484
7364,1.0,0.18540035362465268
7365,1.0,0.13821138211382114
7366,1.0,0.13821138211382114
7367,1.0,0.4124874343795376
7368,1.0,0.13821138211382114
7369,1.0,0.13821138211382114
7370,1.0,0.13821138211382114
7371,0.99999887,0.14133708090744831
7372,1.0,0.13821138211382114
7373,1.0,0.13821138211382114
7374,1.0,0.18540035362465268
7375,0.21002896,0.12421824455466897
7376,1.0,0.13821138211382114
7377,1.0,0.13821138211382114
7378,1.0,0.18540035362465268
7379,1.0,0.18540035362465268
7380,1.0,0.32642366367765224
7381,1.0,0.13848975848364414
7382,1.0,0.18540035362465268
7383,1.0,0.13821138211382114
7384,1.0,0.21127633209417596
7385,1.0,0.13821138211382114
7386,1.0,0.13846153846153847
7387,1.0,0.08218181818181818
7388,1.0,0.13825301204819276
7389,1.0,0.13745498199279713
7390,1.0,0.1852740591058348
7391,1.0,0.13821138211382114
7392,1.0,0.13821138211382114
7393,1.0,0.13815987933634993
7394,1.0,0.13821138211382114
7395,1.0,0.13821138211382114
7396,1.0,0.13821138211382114
7397,1.0,0.13755656108597286
7398,0.87554795,0.13363340058978737
7399,1.0,0.13821138211382114
7400,1.0,0.13821138211382114
7401,1.0,0.12189830508474576
7402,1.0,0.43826322930800543
7403,1.0,0.13210161662817552
7404,1.0,0.16451820818562682
7405,1.0,0.567029357421474
7406,1.0,0.1653030303030303
7407,1.0,0.1375980687990344
7408,1.0,0.09762381906670484
7409,1.0,0.13817748659916618
7410,1.0,0.13821138211382114
7411,1.0,0.13821138211382114
7412,1.0,0.2540933152776068
7413,1.0,0.1909730952979633
7414,1.0,0.13821138211382114
7415,1.0,0.13821138211382114
7416,1.0,0.13821138211382114
7417,1.0,0.1421758569299553
7418,1.0,0.13821138211382114
7419,1.0,0.06902035623409669
7420,1.0,0.13825301204819276
7421,0.9999971,0.13998482549317148
7422,1.0,0.13821138211382114
7423,1.0,0.18540035362465268
7424,1.0,0.13821138211382114
7425,1.0,0.18535353535353535
7426,1.0,0.18540035362465268
7427,1.0,0.18552664814347058
7428,0.74353904,0.2558342420937841
7429,0.9999999,0.21149897330595482
7430,1.0,0.17611595690097487
7431,1.0,0.13821138211382114
7432,1.0,0.1571086374524447
7433,1.0,0.13821138211382114
7434,1.0,0.18676748582230623
7435,1.0,0.21373762376237623
7436,1.0,0.14157973174366617
7437,1.0,0.14678362573099416
7438,1.0,0.13821138211382114
7439,1.0,0.13821138211382114
7440,1.0,0.13821138211382114
7441,0.99954784,0.1860633484162896
7442,1.0,0.12302345786272806
7443,1.0,0.13821138211382114
7444,1.0,0.155776123518059
7445,1.0,0.16271855611957134
7446,1.0,0.1381697772426249
7447,1.0,0.13821138211382114
7448,1.0,0.15870786516853932
7449,0.7953199,0.09041591320072333
7450,1.0,0.16810249613430528
7451,1.0,0.15397874174087905
7452,1.0,0.13818404157749922
7453,1.0,0.16419510452027872
7454,1.0,0.17149419420696696
7455,1.0,0.13821138211382114
7456,1.0,0.18540035362465268
7457,1.0,0.35111835973904937
7458,1.0,0.13821138211382114
7459,1.0,0.1368811881188119
7460,0.9999638,0.13786635404454864
7461,1.0,0.13821138211382114
7462,1.0,0.15723519324627358
7463,1.0,0.13825301204819276
7464,1.0,0.33879910345641145
7465,1.0,0.054285714285714284
7466,1.0,0.12775073028237585
7467,1.0,0.1365956169318523
7468,1.0,0.13821138211382114
7469,1.0,0.11297312915342386
7470,1.0,0.13821138211382114
7471,1.0,0.13821138211382114
7472,1.0,0.18540035362465268
7473,1.0,0.15297598329272538
7474,0.8434383,0.05334675390035229
7475,0.93739104,0.37657700547488693
7476,1.0,0.13564298297122723
7477,0.98685414,0.14968604415637027
7478,0.9309764,0.4505619253036667
7479,1.0,0.13821138211382114
7480,0.99998826,0.1593851132686084
7481,1.0,0.13996983408748115
7482,0.78658575,0.26373626373626374
7483,1.0,0.14032983508245878
7484,1.0,0.1382946670683941
7485,1.0,0.13821138211382114
7486,1.0,0.15284974093264247
7487,1.0,0.13706041478809738
7488,1.0,0.13821138211382114
7489,0.99999875,0.15484775641025642
7490,1.0,0.13550913838120104
7491,1.0,0.13821138211382114
7492,1.0,0.13800298062593144
7493,1.0,0.13821138211382114
7494,0.9572819,0.20964326437530542
7495,1.0,0.18540035362465268
7496,1.0,0.13821138211382114
7497,1.0,0.12009419152276295
7498,1.0,0.1381697772426249
7499,1.0,0.13846153846153847
7500,1.0,0.13846153846153847
7501,1.0,0.1375980687990344
7502,1.0,0.12196483393804075
7503,1.0,0.1802076970067196
7504,1.0,0.18540035362465268
7505,0.9999998,0.3016509433962264
7506,0.65522903,0.5719476744186046
7507,1.0,0.13821138211382114
7508,1.0,0.1715923566878981
7509,1.0,0.1383363471971067
7510,1.0,0.18547979797979797
7511,1.0,0.13821138211382114
7512,0.81549764,0.1187900641025641
7513,1.0,0.18540035362465268
7514,1.0,0.13847080072245635
7515,1.0,0.13821138211382114
7516,1.0,0.13801380138013802
7517,1.0,0.13796212804328223
7518,0.8818765,0.23570998796630566
7519,1.0,0.11613929644687997
7520,1.0,0.13821138211382114
7521,1.0,0.18540035362465268
7522,1.0,0.14404514404514404
7523,1.0,0.13821138211382114
7524,1.0,0.13366977225672877
7525,1.0,0.09611567904734902
7526,1.0,0.10419828022255943
7527,1.0,0.13821138211382114
7528,1.0,0.14031971580817051
7529,1.0,0.18540035362465268
7530,1.0,0.13821138211382114
7531,0.97216797,0.11414790996784566
7532,1.0,0.13799337149743898
7533,0.9558418,0.2636835797043548
7534,1.0,0.13344887348353554
7535,0.9999591,0.1537630536550234
7536,0.9974377,0.3067158671586716
7537,1.0,0.06502086230876217
7538,1.0,0.13739545997610514
7539,1.0,0.13821138211382114
7540,1.0,0.14315169366715758
7541,1.0,0.18540035362465268
7542,1.0,0.13821138211382114
7543,1.0,0.14547862277714718
7544,1.0,0.14472123368920523
7545,1.0,0.13821138211382114
7546,1.0,0.4463367241970511
7547,1.0,0.14212893553223388
7548,1.0,0.13755656108597286
7549,0.75227183,0.46946158757182377
7550,1.0,0.4024362215582625
7551,0.9999999,0.151357220412595
7552,0.7357335,0.09857706154637408
7553,1.0,0.13821138211382114
7554,1.0,0.1511528608027327
7555,1.0,0.13821138211382114
7556,1.0,0.13821138211382114
7557,1.0,0.18540035362465268
7558,1.0,0.13821138211382114
7559,0.9712014,0.06469079509831861
7560,1.0,0.13821138211382114
7561,1.0,0.1216454025516938
7562,1.0,0.13821138211382114
7563,1.0,0.13821138211382114
7564,1.0,0.13755656108597286
7565,1.0,0.13821138211382114
7566,1.0,0.18540035362465268
7567,1.0,0.13821138211382114
7568,1.0,0.18540035362465268
7569,1.0,0.13851249623607348
7570,1.0,0.14157973174366617
7571,1.0,0.18540035362465268
7572,1.0,0.13821138211382114
7573,0.9996845,0.15988372093023256
7574,0.9268215,0.48011599005799505
7575,1.0,0.18540035362465268
7576,1.0,0.13821138211382114
7577,0.9372438,0.686034761519806
7578,1.0,0.13821138211382114
7579,1.0,0.13821138211382114
7580,1.0,0.13821138211382114
7581,0.9999976,0.1349721706864564
7582,1.0,0.13821138211382114
7583,1.0,0.13626834381551362
7584,1.0,0.18540035362465268
7585,1.0,0.13821138211382114
7586,1.0,0.13821138211382114
7587,1.0,0.13777644949193066
7588,1.0,0.13821138211382114
7589,1.0,0.18540035362465268
7590,1.0,0.18540035362465268
7591,0.5814394,0.19223590892123926
7592,1.0,0.325142926651259
7593,1.0,0.13821138211382114
7594,1.0,0.13821138211382114
7595,1.0,0.2625444730707889
7596,1.0,0.13821138211382114
7597,0.9263496,0.11619173845814004
7598,1.0,0.18540035362465268
7599,1.0,0.26263763763763764
7600,1.0,0.13821138211382114
7601,1.0,0.18540035362465268
7602,1.0,0.13988543864938197
7603,1.0,0.13821138211382114
7604,0.8859836,0.5192997716646732
7605,1.0,0.13821138211382114
7606,1.0,0.13821138211382114
7607,1.0,0.13821138211382114
7608,0.9999459,0.07852062588904694
7609,1.0,0.13821138211382114
7610,1.0,0.1634669678147939
7611,1.0,0.1457345971563981
7612,0.8730272,0.06969292389853138
7613,1.0,0.2222222222222222
7614,1.0,0.13821138211382114
7615,1.0,0.13824328403259886
7616,1.0,0.13778580024067388
7617,1.0,0.13821138211382114
7618,0.38172862,0.40630200821036283
7619,1.0,0.138076575218571
7620,1.0,0.18540035362465268
7621,1.0,0.13821138211382114
7622,1.0,0.17264069264069265
7623,1.0,0.13400477978832365
7624,1.0,0.1380451127819549
7625,1.0,0.15371410736579275
7626,1.0,0.16926182237600923
7627,1.0,0.13820156910078454
7628,1.0,0.1852740591058348
7629,1.0,0.1381697772426249
7630,1.0,0.13821138211382114
7631,1.0,0.13821138211382114
7632,1.0,0.18540035362465268
7633,1.0,0.18540035362465268
7634,0.9996455,0.15294117647058825
7635,1.0,0.13821138211382114
7636,1.0,0.1862138618861255
7637,1.0,0.13756773028296207
7638,0.8963986,0.10900473933649289
7639,0.8597707,0.3072036956835571
7640,1.0,0.13821138211382114
7641,0.97251934,0.21399099774943736
7642,1.0,0.13821138211382114
7643,1.0,0.13821138211382114
7644,1.0,0.13675724096745298
7645,1.0,0.08949686992812428
7646,1.0,0.13821138211382114
7647,1.0,0.13825301204819276
7648,1.0,0.18540035362465268
7649,1.0,0.20291114490549642
7650,1.0,0.13824328403259886
7651,0.27985457,0.4149906583141004
7652,0.9999986,0.1413934426229508
7653,1.0,0.18540035362465268
7654,1.0,0.17584932230241154
7655,1.0,0.1375598086124402
7656,1.0,0.13784764207980654
7657,0.94933975,0.27339201083276915
7658,1.0,0.13821138211382114
7659,0.9831995,0.14193260432939075
7660,1.0,0.13821138211382114
7661,1.0,0.13821138211382114
7662,0.99998736,0.1485285403910725
7663,1.0,0.13146233382570163
7664,1.0,0.14020926756352764
7665,1.0,0.13821138211382114
7666,1.0,0.18540035362465268
7667,1.0,0.18540035362465268
7668,1.0,0.13792067307692307
7669,0.9999886,0.1589958158995816
7670,1.0,0.13821138211382114
7671,1.0,0.13821138211382114
7672,1.0,0.13745498199279713
7673,1.0,0.18624605678233438
7674,1.0,0.13821138211382114
7675,1.0,0.12237093690248566
7676,1.0,0.14054054054054055
7677,1.0,0.12287034363268842
7678,1.0,0.13821138211382114
7679,1.0,0.13850331925165962
7680,1.0,0.13821138211382114
7681,1.0,0.13821138211382114
7682,1.0,0.1382946670683941
7683,1.0,0.13821138211382114
7684,1.0,0.13821138211382114
7685,1.0,0.13821138211382114
7686,1.0,0.13821138211382114
7687,1.0,0.13123037006691246
7688,1.0,0.13821138211382114
7689,1.0,0.12831299957930165
7690,0.9145641,0.0670045045045045
7691,1.0,0.13825301204819276
7692,0.80951667,0.3500822680673332
7693,1.0,0.14863813229571984
7694,0.99999994,0.1378070701018574
7695,1.0,0.18258212375859434
7696,1.0,0.13821138211382114
7697,1.0,0.18540035362465268
7698,1.0,0.13924812030075187
7699,1.0,0.13821138211382114
7700,1.0,0.13821138211382114
7701,1.0,0.13821138211382114
7702,1.0,0.13841978287092882
7703,0.75109446,0.3661591355599214
7704,1.0,0.13821138211382114
7705,1.0,0.13821138211382114
7706,1.0,0.13778580024067388
7707,1.0,0.2119945567651633
7708,1.0,0.1496833621185953
7709,0.76287436,0.5168803418803419
7710,0.99999803,0.1368444248567651
7711,1.0,0.14277958740499458
7712,1.0,0.13212838890620132
7713,1.0,0.13821138211382114
7714,1.0,0.13437582825337926
7715,0.769985,0.49541790879982334
7716,1.0,0.18540035362465268
7717,1.0,0.18540035362465268
7718,1.0,0.13821138211382114
7719,1.0,0.13821138211382114
7720,1.0,0.1577593598170906
7721,1.0,0.13821138211382114
7722,1.0,0.13821138211382114
7723,0.9910591,0.09456384323640961
7724,1.0,0.13821138211382114
7725,1.0,0.1541749786263893
7726,0.883964,0.2920245398773006
7727,1.0,0.13849410341699425
7728,1.0,0.14366471734892788
7729,0.94526696,0.5608574667628569
7730,1.0,0.18540035362465268
7731,1.0,0.13821138211382114
7732,1.0,0.13821138211382114
7733,1.0,0.13821138211382114
7734,1.0,0.1390229191797346
7735,0.7203518,0.13159698423577793
7736,1.0,0.13782726452001204
7737,1.0,0.13821138211382114
7738,1.0,0.13821138211382114
7739,0.92847574,0.4718041127835489
7740,1.0,0.16539866098600123
7741,1.0,0.14936562860438293
7742,1.0,0.13825301204819276
7743,1.0,0.17028380634390652
7744,1.0,0.14009661835748793
7745,1.0,0.13821138211382114
7746,0.99391365,0.10020265705922089
7747,1.0,0.13821138211382114
7748,1.0,0.13821138211382114
7749,0.8492067,0.33787010506208215
7750,1.0,0.1373134328358209
7751,1.0,0.13821138211382114
7752,1.0,0.10583742498636116
7753,1.0,0.1380451127819549
7754,1.0,0.13825301204819276
7755,1.0,0.13821138211382114
7756,1.0,0.4247541931752458
7757,1.0,0.1528528132823824
7758,1.0,0.13821138211382114
7759,1.0,0.13821138211382114
7760,1.0,0.18540035362465268
7761,0.9978306,0.16379915730337077
7762,1.0,0.13821138211382114
7763,1.0,0.13821138211382114
7764,1.0,0.4893640350877193
7765,1.0,0.13821138211382114
7766,1.0,0.13884107860011474
7767,1.0,0.37534246575342467
7768,1.0,0.13821138211382114
7769,1.0,0.1825670498084291
7770,1.0,0.13821138211382114
7771,1.0,0.13821138211382114
7772,0.41604742,0.41034937376400793
7773,0.99999696,0.13916993599008878
7774,1.0,0.13821138211382114
7775,1.0,0.13821138211382114
7776,1.0,0.13821138211382114
7777,1.0,0.1397169527250828
7778,1.0,0.13821138211382114
7779,1.0,0.29571133519620946
7780,1.0,0.18540035362465268
7781,1.0,0.13821138211382114
7782,1.0,0.13821138211382114
7783,1.0,0.14311163895486936
7784,1.0,0.1417910447761194
7785,1.0,0.13751507840772015
7786,1.0,0.1861117605798457
7787,1.0,0.4290300389818849
7788,0.9624233,0.3987425545996029
7789,1.0,0.11836734693877551
7790,0.99976736,0.15762450795824062
7791,1.0,0.132054489852655
7792,1.0,0.18540035362465268
7793,1.0,0.18535353535353535
7794,1.0,0.11841930778411351
7795,1.0,0.13333333333333333
7796,1.0,0.12203972498090145
7797,1.0,0.1370919881305638
7798,1.0,0.13821138211382114
7799,0.868242,0.550376277659216
7800,1.0,0.18540035362465268
7801,1.0,0.13821138211382114
7802,1.0,0.13821138211382114
7803,1.0,0.06027890238416554
7804,1.0,0.6082991803278689
7805,1.0,0.13821138211382114
7806,0.89258194,0.1153184165232358
7807,1.0,0.13821138211382114
7808,1.0,0.1412849494348602
7809,1.0,0.13821138211382114
7810,1.0,0.11513963743263106
7811,1.0,0.13694074969770254
7812,1.0,0.13821138211382114
7813,1.0,0.13825301204819276
7814,1.0,0.1078092605390463
7815,1.0,0.1371721435031655
7816,1.0,0.19567504383401518
7817,1.0,0.3649435531788473
7818,1.0,0.13821138211382114
7819,1.0,0.18540035362465268
7820,1.0,0.15744797371303396
7821,1.0,0.15322812051649928
7822,1.0,0.18540035362465268
7823,1.0,0.13821138211382114
7824,0.8669933,0.3668077465691933
7825,1.0,0.1382946670683941
7826,1.0,0.18540035362465268
7827,1.0,0.13821138211382114
7828,1.0,0.14054054054054055
7829,1.0,0.13821138211382114
7830,1.0,0.1379000897397547
7831,1.0,0.13821138211382114
7832,1.0,0.12830528846153846
7833,1.0,0.18540035362465268
7834,1.0,0.18540035362465268
7835,1.0,0.13840096910963054
7836,1.0,0.13821138211382114
7837,1.0,0.13821138211382114
7838,1.0,0.13821138211382114
7839,1.0,0.18540035362465268
7840,0.5078262,0.21268395234758233
7841,1.0,0.182373328932167
7842,1.0,0.13825301204819276
7843,1.0,0.13821138211382114
7844,0.94982624,0.16900808854831845
7845,1.0,0.11337030191004313
7846,0.9992101,0.2898283607879277
7847,1.0,0.13821138211382114
7848,1.0,0.13821138211382114
7849,1.0,0.14432737074246507
7850,1.0,0.13821138211382114
7851,1.0,0.13821138211382114
7852,1.0,0.13821138211382114
7853,1.0,0.13821138211382114
7854,1.0,0.11420413990007137
7855,1.0,0.15826591993362374
7856,1.0,0.13794144280108664
7857,0.87518245,0.22418642024909602
7858,1.0,0.11786183730100774
7859,1.0,0.13821138211382114
7860,1.0,0.18540035362465268
7861,1.0,0.3392731535756155
7862,1.0,0.13821138211382114
7863,1.0,0.13606789250353607
7864,1.0,0.13984962406015036
7865,1.0,0.1376920759264839
7866,1.0,0.1366478118487645
7867,1.0,0.13821138211382114
7868,1.0,0.13847080072245635
7869,1.0,0.10299116247450714
7870,1.0,0.13821138211382114
7871,0.9943678,0.11343541082596506
7872,0.9543837,0.6673669467787114
7873,1.0,0.18540035362465268
7874,1.0,0.13821138211382114
7875,1.0,0.13318428617055253
7876,1.0,0.13865795724465557
7877,1.0,0.13821138211382114
7878,1.0,0.488525620873939
7879,0.70579714,0.18979694579627454
7880,1.0,0.13821138211382114
7881,1.0,0.14122938530734633
7882,1.0,0.18540035362465268
7883,1.0,0.13821138211382114
7884,1.0,0.13841978287092882
7885,1.0,0.13821138211382114
7886,1.0,0.08346709470304976
7887,1.0,0.3687442075996293
7888,1.0,0.13821138211382114
7889,0.999999,0.12026032823995472
7890,1.0,0.13821138211382114
7891,0.79799527,0.26195028680688337
7892,1.0,0.13821138211382114
7893,1.0,0.597698766455893
7894,1.0,0.18540035362465268
7895,1.0,0.13821138211382114
7896,1.0,0.13821138211382114
7897,1.0,0.13825301204819276
7898,1.0,0.13808664259927797
7899,1.0,0.13821138211382114
7900,1.0,0.3106123910707891
7901,1.0,0.13897280966767372
7902,1.0,0.13821138211382114
7903,1.0,0.13821138211382114
7904,0.96847945,0.08520179372197309
7905,1.0,0.13821138211382114
7906,1.0,0.13821138211382114
7907,1.0,0.13821138211382114
7908,1.0,0.18540035362465268
7909,1.0,0.13821138211382114
7910,1.0,0.14889918887601392
7911,1.0,0.13980114492316964
7912,0.9212019,0.1878233187425388
7913,1.0,0.1380515508955876
7914,1.0,0.18540035362465268
7915,1.0,0.0787037037037037
7916,1.0,0.153125
7917,1.0,0.06734124214933705
7918,1.0,0.12041018855441614
7919,1.0,0.18540035362465268
7920,1.0,0.13824328403259886
7921,1.0,0.05547785547785548
7922,1.0,0.13821138211382114
7923,1.0,0.13821138211382114
7924,1.0,0.13821138211382114
7925,1.0,0.14183673469387756
7926,1.0,0.18924704104759507
7927,1.0,0.11939615736505033
7928,1.0,0.13821138211382114
7929,1.0,0.1317668054729328
7930,1.0,0.13812819741197713
7931,1.0,0.1375980687990344
7932,1.0,0.13821138211382114
7933,1.0,0.13798309178743962
7934,1.0,0.3544018058690745
7935,1.0,0.13821138211382114
7936,1.0,0.13821138211382114
7937,1.0,0.13821138211382114
7938,1.0,0.18540035362465268
7939,0.99999994,0.13821138211382114
7940,1.0,0.13821138211382114
7941,1.0,0.0984368398817068
7942,1.0,0.10969546302050963
7943,1.0,0.13821138211382114
7944,0.93612915,0.19486899563318777
7945,1.0,0.17809452363090772
7946,1.0,0.18540035362465268
7947,1.0,0.18540035362465268
7948,1.0,0.13821138211382114
7949,1.0,0.13986013986013987
7950,1.0,0.1546218487394958
7951,1.0,0.13777644949193066
7952,1.0,0.18540035362465268
7953,1.0,0.13682941531042797
7954,1.0,0.1410987691383969
7955,1.0,0.18540035362465268
7956,1.0,0.14508534432018835
7957,1.0,0.13821138211382114
7958,0.6690288,0.3540528233151184
7959,1.0,0.14727325750947798
7960,1.0,0.13821138211382114
7961,0.9999999,0.09047127622979016
7962,1.0,0.1459054209919262
7963,1.0,0.13577881193539557
7964,1.0,0.1377551020408163
7965,1.0,0.1375980687990344
7966,1.0,0.29491899852724596
7967,1.0,0.13821138211382114
7968,1.0,0.1382946670683941
7969,1.0,0.13821138211382114
7970,0.9671361,0.277021524141943
7971,1.0,0.14366038796738825
7972,1.0,0.18540035362465268
7973,1.0,0.13821138211382114
7974,1.0,0.12877263581488935
7975,1.0,0.13821138211382114
7976,1.0,0.17438217890706578
7977,1.0,0.13821138211382114
7978,1.0,0.13821138211382114
7979,1.0,0.13821138211382114
7980,1.0,0.19567504383401518
7981,1.0,0.18540035362465268
7982,1.0,0.1307259576747924
7983,1.0,0.13821138211382114
7984,1.0,0.1382946670683941
7985,1.0,0.13821138211382114
7986,1.0,0.13821138211382114
7987,1.0,0.13821138211382114
7988,1.0,0.09197422378441711
7989,1.0,0.13821138211382114
7990,0.4595125,0.5028161236885699
7991,1.0,0.13821138211382114
7992,1.0,0.13821138211382114
7993,1.0,0.13788932567281523
7994,1.0,0.1237234220659635
7995,1.0,0.13821138211382114
7996,1.0,0.13821138211382114
7997,1.0,0.13821138211382114
7998,1.0,0.13821138211382114
7999,1.0,0.18540035362465268
8000,0.8488854,0.3831967213114754
8001,1.0,0.13821138211382114
8002,0.92867804,0.18843404808317088
8003,1.0,0.13821138211382114
8004,1.0,0.15826591993362374
8005,1.0,0.14666926373198286
8006,1.0,0.13825301204819276
8007,1.0,0.13821138211382114
8008,0.99339676,0.15740045078888054
8009,1.0,0.13821138211382114
8010,1.0,0.1482889733840304
8011,0.7104392,0.49751125859208345
8012,1.0,0.13821138211382114
8013,1.0,0.13821138211382114
8014,1.0,0.13821138211382114
8015,1.0,0.13821138211382114
8016,0.6705066,0.49280445035675413
8017,1.0,0.13825301204819276
8018,1.0,0.13821138211382114
8019,0.8417159,0.21960399279986909
8020,0.83521646,0.4051865630812999
8021,1.0,0.13821138211382114
8022,1.0,0.13821138211382114
8023,1.0,0.13821138211382114
8024,0.92500585,0.46609111712086543
8025,1.0,0.18460474763770454
8026,1.0,0.13835534213685474
8027,1.0,0.13821138211382114
8028,0.9999999,0.1389247311827957
8029,1.0,0.13821138211382114
8030,1.0,0.13821138211382114
8031,1.0,0.12357247437774524
8032,0.95955545,0.18343854437430376
8033,1.0,0.13821138211382114
8034,1.0,0.13821138211382114
8035,1.0,0.13821138211382114
8036,1.0,0.13821138211382114
8037,0.31951877,0.37736061151079137
8038,1.0,0.13698224852071006
8039,0.7342229,0.3481290875951539
8040,1.0,0.13821138211382114
8041,1.0,0.13821138211382114
8042,1.0,0.13821138211382114
8043,1.0,0.13821138211382114
8044,1.0,0.39473684210526316
8045,1.0,0.18540035362465268
8046,1.0,0.13821138211382114
8047,1.0,0.14321951219512194
8048,1.0,0.13821138211382114
8049,1.0,0.13821138211382114
8050,1.0,0.1364719904648391
8051,1.0,0.13821138211382114
8052,1.0,0.13821376281112738
8053,1.0,0.13755656108597286
8054,1.0,0.1380239520958084
8055,1.0,0.19230283911671925
8056,1.0,0.13821138211382114
8057,1.0,0.13821138211382114
8058,1.0,0.13821138211382114
8059,1.0,0.13825301204819276
8060,1.0,0.13821138211382114
8061,1.0,0.13758992805755396
8062,1.0,0.13821138211382114
8063,1.0,0.5823480605683469
8064,1.0,0.16539866098600123
8065,1.0,0.13821138211382114
8066,1.0,0.13821138211382114
8067,0.99999565,0.07332660612176253
8068,1.0,0.13821138211382114
8069,1.0,0.09990108803165183
8070,1.0,0.13526315789473684
8071,1.0,0.18540035362465268
8072,1.0,0.13821138211382114
8073,1.0,0.13821138211382114
8074,1.0,0.16365597196009707
8075,1.0,0.13421606981643094
8076,1.0,0.13821138211382114
8077,1.0,0.13825301204819276
8078,1.0,0.1383363471971067
8079,1.0,0.18540035362465268
8080,0.98902273,0.07050197405527354
8081,1.0,0.1383363471971067
8082,1.0,0.13821138211382114
8083,1.0,0.13821138211382114
8084,1.0,0.21808108788718206
8085,0.9761875,0.15298040850354314
8086,1.0,0.18540035362465268
8087,1.0,0.1852740591058348
8088,1.0,0.16143497757847533
8089,1.0,0.4329102447869447
8090,1.0,0.13472101763515468
8091,1.0,0.3856942496493689
8092,0.8571307,0.5718475073313783
8093,1.0,0.13821138211382114
8094,1.0,0.13821138211382114
8095,1.0,0.14072494669509594
8096,1.0,0.13708948478457367
8097,1.0,0.18545638176997853
8098,1.0,0.18781533804238143
8099,1.0,0.13821138211382114
8100,1.0,0.13742071881606766
8101,1.0,0.14058752997601917
8102,0.59560037,0.07675507020280811
8103,1.0,0.13213703099510604
8104,1.0,0.14547862277714718
8105,1.0,0.13755656108597286
8106,1.0,0.14602156805596037
8107,1.0,0.1387862796833773
8108,1.0,0.1417464114832536
8109,1.0,0.13821138211382114
8110,1.0,0.1377245508982036
8111,0.5501331,0.16897720271102895
8112,1.0,0.13821138211382114
8113,1.0,0.14031918096958748
8114,1.0,0.18004394468140106
8115,1.0,0.09984678243105209
8116,1.0,0.10976583288983502
8117,1.0,0.13821138211382114
8118,1.0,0.13821138211382114
8119,0.99975485,0.07557811618725324
8120,1.0,0.13721351025331724
8121,1.0,0.13821138211382114
8122,1.0,0.13821138211382114
8123,1.0,0.13661558526247147
8124,1.0,0.13821138211382114
8125,1.0,0.13825301204819276
8126,1.0,0.18540035362465268
8127,1.0,0.13821138211382114
8128,1.0,0.14626953700973164
8129,1.0,0.14019253910950663
8130,1.0,0.1363080684596577
8131,1.0,0.13784764207980654
8132,1.0,0.13821138211382114
8133,0.93750596,0.2826086956521739
8134,1.0,0.13781763826606877
8135,1.0,0.11370399373531714
8136,1.0,0.18540035362465268
8137,1.0,0.18453959833270178
8138,0.78548884,0.5191008747646993
8139,1.0,0.09193494855625622
8140,1.0,0.13821138211382114
8141,1.0,0.14413341274568195
8142,1.0,0.03904136064940085
8143,1.0,0.13821138211382114
8144,1.0,0.1349255583126551
8145,1.0,0.13821138211382114
8146,1.0,0.13821138211382114
8147,1.0,0.13821138211382114
8148,1.0,0.18540035362465268
8149,1.0,0.18540035362465268
8150,1.0,0.13821138211382114
8151,1.0,0.13821138211382114
8152,1.0,0.20206489675516223
8153,0.99999994,0.14936562860438293
8154,1.0,0.14119402985074628
8155,0.9999967,0.10055539315989477
8156,1.0,0.18540035362465268
8157,0.3558854,0.3658380317785751
8158,1.0,0.13661037394451145
8159,0.9999991,0.11885361056476539
8160,1.0,0.13968158606188044
8161,1.0,0.18540035362465268
8162,1.0,0.13821138211382114
8163,1.0,0.13821138211382114
8164,1.0,0.18540035362465268
8165,1.0,0.1452692867540029
8166,1.0,0.6527423143703401
8167,1.0,0.18540035362465268
8168,1.0,0.13821138211382114
8169,1.0,0.5765784982935154
8170,1.0,0.13821138211382114
8171,1.0,0.1420863309352518
8172,1.0,0.13821138211382114
8173,1.0,0.13980114492316964
8174,1.0,0.14002403846153846
8175,1.0,0.18540035362465268
8176,1.0,0.149723036819811
8177,1.0,0.13841978287092882
8178,1.0,0.18540035362465268
8179,1.0,0.12175076452599388
8180,1.0,0.16418689637170453
8181,1.0,0.1432408236347359
8182,1.0,0.13725490196078433
8183,1.0,0.18540035362465268
8184,1.0,0.13821138211382114
8185,1.0,0.13774597495527727
8186,1.0,0.13821138211382114
8187,1.0,0.13821138211382114
8188,1.0,0.18540035362465268
8189,1.0,0.14067186562687461
8190,1.0,0.18540035362465268
8191,1.0,0.18753941228402068
8192,1.0,0.13284457478005865
8193,1.0,0.13821138211382114
8194,1.0,0.14119402985074628
8195,1.0,0.13825301204819276
8196,1.0,0.13821138211382114
8197,1.0,0.11187904967602592
8198,1.0,0.18540035362465268
8199,1.0,0.1810057558315662
8200,0.9999725,0.15760400483341963
8201,1.0,0.13821138211382114
8202,1.0,0.13821138211382114
8203,1.0,0.18919939577039274
8204,1.0,0.13757885250826074
8205,0.8261617,0.416732796735064
8206,1.0,0.13821138211382114
8207,1.0,0.1212854941668501
8208,1.0,0.13821138211382114
8209,0.9243647,0.24791872442500354
8210,1.0,0.18540035362465268
8211,1.0,0.10611979166666667
8212,1.0,0.13821138211382114
8213,1.0,0.13847080072245635
8214,1.0,0.13821138211382114
8215,1.0,0.13873873873873874
8216,1.0,0.13821138211382114
8217,1.0,0.18540035362465268
8218,1.0,0.13821138211382114
8219,1.0,0.13766155695822063
8220,1.0,0.13821138211382114
8221,1.0,0.12197672898418094
8222,1.0,0.13821138211382114
8223,1.0,0.537632066223723
8224,1.0,0.18540035362465268
8225,1.0,0.1379000897397547
8226,0.9999997,0.13681738109219024
8227,1.0,0.11513963743263106
8228,0.72008985,0.5967493056269931
8229,1.0,0.13821138211382114
8230,1.0,0.043538355217691775
8231,1.0,0.18512438439196868
8232,1.0,0.1551283976573059
8233,1.0,0.18540035362465268
8234,0.99999994,0.13908080504656053
8235,1.0,0.1375980687990344
8236,1.0,0.13821138211382114
8237,1.0,0.13821138211382114
8238,1.0,0.30255664606809646
8239,1.0,0.13821138211382114
8240,1.0,0.13821138211382114
8241,1.0,0.18540035362465268
8242,1.0,0.13347718865598027
8243,0.99999994,0.13232161874334397
8244,1.0,0.18540035362465268
8245,1.0,0.13825301204819276
8246,1.0,0.1392749244712991
8247,1.0,0.11965363421674101
8248,1.0,0.0657705232837254
8249,1.0,0.42935860700903683
8250,1.0,0.18540035362465268
8251,1.0,0.13821138211382114
8252,0.89340156,0.6306743504195733
8253,1.0,0.18540035362465268
8254,1.0,0.13821138211382114
8255,1.0,0.14597266647281187
8256,1.0,0.14171913144031864
8257,1.0,0.13821138211382114
8258,1.0,0.13821138211382114
8259,1.0,0.14112334180073385
8260,1.0,0.13821138211382114
8261,1.0,0.13821138211382114
8262,0.9120443,0.2011225444340505
8263,1.0,0.18540035362465268
8264,1.0,0.14204851752021563
8265,1.0,0.13182261208576998
8266,1.0,0.13821138211382114
8267,1.0,0.13821138211382114
8268,1.0,0.13539343740044602
8269,1.0,0.18753154972236244
8270,1.0,0.13821138211382114
8271,1.0,0.13821138211382114
8272,1.0,0.13821138211382114
8273,1.0,0.13784836679652382
8274,1.0,0.13821138211382114
8275,1.0,0.13821138211382114
8276,1.0,0.13821138211382114
8277,1.0,0.13821138211382114
8278,1.0,0.13821138211382114
8279,1.0,0.13821138211382114
8280,1.0,0.1373544341594506
8281,1.0,0.13825301204819276
8282,0.92391473,0.24984569806196766
8283,1.0,0.13821138211382114
8284,1.0,0.13821138211382114
8285,1.0,0.13821138211382114
8286,1.0,0.13825301204819276
8287,1.0,0.13821138211382114
8288,1.0,0.13821138211382114
8289,1.0,0.37674200726080337
8290,1.0,0.14824871029052403
8291,1.0,0.18540035362465268
8292,1.0,0.1210762331838565
8293,1.0,0.13821138211382114
8294,1.0,0.13821138211382114
8295,1.0,0.39193181818181816
8296,1.0,0.30273889227023737
8297,1.0,0.1365453397853987
8298,1.0,0.13538461538461538
8299,0.99999994,0.12752633077142045
8300,1.0,0.18540035362465268
8301,1.0,0.48311745820879
8302,1.0,0.13821138211382114
8303,1.0,0.1391044776119403
8304,1.0,0.1397169527250828
8305,1.0,0.20375704445835943
8306,1.0,0.2878438977093686
8307,1.0,0.13821138211382114
8308,1.0,0.13910681955340978
8309,1.0,0.14122938530734633
8310,0.9126944,0.3922361946418808
8311,1.0,0.13821138211382114
8312,1.0,0.13821138211382114
8313,1.0,0.13821138211382114
8314,1.0,0.13821138211382114
8315,1.0,0.3842068806280305
8316,1.0,0.18540035362465268
8317,1.0,0.1381697772426249
8318,1.0,0.5150421179302046
8319,1.0,0.18540035362465268
8320,1.0,0.5227520139342478
8321,1.0,0.13821138211382114
8322,1.0,0.13821138211382114
8323,1.0,0.13821138211382114
8324,1.0,0.14391911983348202
8325,1.0,0.1382946670683941
8326,1.0,0.13821138211382114
8327,1.0,0.12321095208462975
8328,1.0,0.13578756789378393
8329,1.0,0.1961973638166336
8330,1.0,0.18540035362465268
8331,1.0,0.06734124214933705
8332,1.0,0.5520744225834047
8333,1.0,0.13825301204819276
8334,1.0,0.18540035362465268
8335,1.0,0.18540035362465268
8336,0.999708,0.07386563489271895
8337,1.0,0.1262135922330097
8338,1.0,0.24898580121703853
8339,1.0,0.20661803022407504
8340,0.9999792,0.1538319141058867
8341,1.0,0.13821138211382114
8342,1.0,0.13821138211382114
8343,1.0,0.15144441202217684
8344,1.0,0.18540035362465268
8345,1.0,0.14776032577079698
8346,1.0,0.13821138211382114
8347,1.0,0.13821138211382114
8348,1.0,0.13821138211382114
8349,1.0,0.15227409336806252
8350,1.0,0.14731621936989497
8351,1.0,0.6670266025326397
8352,1.0,0.13727245598328858
8353,1.0,0.13821138211382114
8354,1.0,0.44842696629213485
8355,1.0,0.13821138211382114
8356,0.7517782,0.04003493958363663
8357,1.0,0.1417910447761194
8358,1.0,0.18540035362465268
8359,1.0,0.13821138211382114
8360,1.0,0.13821138211382114
8361,1.0,0.13821138211382114
8362,1.0,0.13821138211382114
8363,1.0,0.16657126502575845
8364,1.0,0.13821138211382114
8365,1.0,0.158072696534235
8366,1.0,0.13812819741197713
8367,1.0,0.20516775935210183
8368,1.0,0.13821138211382114
8369,1.0,0.18540035362465268
8370,1.0,0.13811821471652594
8371,1.0,0.13333333333333333
8372,0.7639701,0.28463024282560706
8373,1.0,0.13821138211382114
8374,1.0,0.18540035362465268
8375,1.0,0.13821138211382114
8376,1.0,0.13821138211382114
8377,1.0,0.18540035362465268
8378,1.0,0.067317753749564
8379,1.0,0.13821138211382114
8380,1.0,0.13821138211382114
8381,1.0,0.13821138211382114
8382,1.0,0.13821138211382114
8383,1.0,0.18540035362465268
8384,1.0,0.16143497757847533
8385,1.0,0.13821138211382114
8386,0.99999875,0.0790333115610712
8387,1.0,0.1462373243195161
8388,1.0,0.1406896551724138
8389,1.0,0.11631620974181528
8390,1.0,0.18161036322072643
8391,1.0,0.16451820818562682
8392,1.0,0.18540035362465268
8393,1.0,0.1367756110958528
8394,1.0,0.13795180722891567
8395,1.0,0.13821138211382114
8396,1.0,0.13821138211382114
8397,0.8828065,0.1628491207329688
8398,1.0,0.18577025148489826
8399,1.0,0.18540035362465268
8400,1.0,0.18540035362465268
8401,1.0,0.06902035623409669
8402,1.0,0.13825301204819276
8403,1.0,0.13821138211382114
8404,1.0,0.18540035362465268
8405,1.0,0.10143329658213891
8406,1.0,0.18540035362465268
8407,1.0,0.13822829964328182
8408,1.0,0.13825301204819276
8409,1.0,0.13825301204819276
8410,0.41825283,0.44563741824015796
8411,1.0,0.14088314809252028
8412,0.9244714,0.1242274412855377
8413,1.0,0.36655579768322055
8414,0.30852413,0.15840947111053919
8415,1.0,0.13821138211382114
8416,1.0,0.13821138211382114
8417,1.0,0.13821138211382114
8418,1.0,0.13768115942028986
8419,1.0,0.13821138211382114
8420,1.0,0.14795474325500435
8421,1.0,0.13821138211382114
8422,1.0,0.08995403808273145
8423,1.0,0.1351048951048951
8424,1.0,0.13821138211382114
8425,1.0,0.13821138211382114
8426,1.0,0.13821138211382114
8427,1.0,0.13821138211382114
8428,1.0,0.13821138211382114
8429,1.0,0.13821138211382114
8430,1.0,0.13820656999112163
8431,1.0,0.13825301204819276
8432,0.9957246,0.15314793356508305
8433,1.0,0.16303085065186523
8434,1.0,0.13821138211382114
8435,1.0,0.18540035362465268
8436,1.0,0.13739545997610514
8437,1.0,0.18540035362465268
8438,1.0,0.13821138211382114
8439,1.0,0.15024278777492145
8440,0.99999976,0.1584378472773456
8441,1.0,0.13821138211382114
8442,1.0,0.13821138211382114
8443,1.0,0.13868832731648617
8444,1.0,0.1091400574421355
8445,1.0,0.18540035362465268
8446,1.0,0.25118601747815233
8447,1.0,0.13821138211382114
8448,1.0,0.13821138211382114
8449,1.0,0.12759833706427887
8450,1.0,0.16367878192534382
8451,1.0,0.13821138211382114
8452,1.0,0.13821138211382114
8453,1.0,0.13825301204819276
8454,1.0,0.07573311810599946
8455,1.0,0.14669361825007218
8456,1.0,0.13821138211382114
8457,1.0,0.1399337947637677
8458,1.0,0.1377845220030349
8459,1.0,0.13821138211382114
8460,1.0,0.13821138211382114
8461,1.0,0.046328240512567766
8462,1.0,0.18540035362465268
8463,1.0,0.13821138211382114
8464,1.0,0.5445790954338887
8465,1.0,0.13821138211382114
8466,1.0,0.13717421124828533
8467,1.0,0.18540035362465268
8468,1.0,0.13821138211382114
8469,1.0,0.13821138211382114
8470,1.0,0.13821138211382114
8471,1.0,0.1380451127819549
8472,1.0,0.1390229191797346
8473,1.0,0.13821138211382114
8474,1.0,0.13458528951486698
8475,0.9999859,0.08929068150208623
8476,1.0,0.13450292397660818
8477,1.0,0.10327828444663545
8478,1.0,0.13953488372093023
8479,1.0,0.39186345569324293
8480,1.0,0.13821138211382114
8481,1.0,0.0721836303231652
8482,1.0,0.18767330476430552
8483,1.0,0.18630171543895055
8484,0.9981982,0.4282916213275299
8485,1.0,0.13821138211382114
8486,1.0,0.13821138211382114
8487,1.0,0.13806646525679758
8488,1.0,0.18540035362465268
8489,1.0,0.13821138211382114
8490,1.0,0.13825301204819276
8491,1.0,0.13821138211382114
8492,1.0,0.1383780524570395
8493,1.0,0.13821138211382114
8494,0.1017916,0.11680715637364528
8495,0.8339602,0.1314735123905624
8496,1.0,0.16024590163934427
8497,1.0,0.13821138211382114
8498,1.0,0.13821138211382114
8499,1.0,0.1373377603380622
8500,1.0,0.18540035362465268
8501,1.0,0.1561001598295152
8502,1.0,0.41306306306306306
8503,1.0,0.1382946670683941
8504,1.0,0.1857557772446016
8505,1.0,0.18540035362465268
8506,1.0,0.13821138211382114
8507,1.0,0.13619744058500913
8508,1.0,0.22107175295186193
8509,1.0,0.18540035362465268
8510,0.9089873,0.41323267274824366
8511,1.0,0.3044856167723062
8512,0.99999994,0.4023580586080586
8513,0.32335293,0.04136690647482014
8514,1.0,0.13821138211382114
8515,1.0,0.13854512526411109
8516,1.0,0.18648989898989898
8517,1.0,0.1383780524570395
8518,1.0,0.18540035362465268
8519,1.0,0.13821138211382114
8520,1.0,0.13997591812161347
8521,1.0,0.1392749244712991
8522,1.0,0.1552956465237167
8523,1.0,0.13821138211382114
8524,1.0,0.13821138211382114
8525,1.0,0.13821138211382114
8526,1.0,0.13821138211382114
8527,1.0,0.1356176216527498
8528,1.0,0.21645129224652088
8529,1.0,0.13940856970428486
8530,1.0,0.14002403846153846
8531,1.0,0.13821138211382114
8532,1.0,0.14820228003507746
8533,1.0,0.3911858246251704
8534,1.0,0.18540035362465268
8535,1.0,0.14119402985074628
8536,1.0,0.13821138211382114
8537,1.0,0.13794144280108664
8538,1.0,0.13821138211382114
8539,1.0,0.18540035362465268
8540,1.0,0.067317753749564
8541,1.0,0.2968129885748647
8542,1.0,0.14041221935958778
8543,1.0,0.13821138211382114
8544,1.0,0.11357034167934707
8545,1.0,0.13796212804328223
8546,1.0,0.18540035362465268
8547,1.0,0.13566676308938386
8548,1.0,0.18540035362465268
8549,1.0,0.19102822580645162
8550,0.99994373,0.07395862850665912
8551,0.9123197,0.4172489082969432
8552,1.0,0.13821138211382114
8553,1.0,0.14526129317980513
8554,1.0,0.18540035362465268
8555,1.0,0.13156205878577845
8556,1.0,0.18540035362465268
8557,1.0,0.13821138211382114
8558,1.0,0.1385359951603146
8559,1.0,0.13639070875521145
8560,1.0,0.1653030303030303
8561,0.9280938,0.1799826939717335
8562,0.9999999,0.11519756838905774
8563,1.0,0.04557203101618827
8564,1.0,0.1390229191797346
8565,1.0,0.1381697772426249
8566,1.0,0.13821138211382114
8567,1.0,0.6108410054825696
8568,1.0,0.13552311435523115
8569,1.0,0.13821138211382114
8570,1.0,0.13821138211382114
8571,1.0,0.13821138211382114
8572,1.0,0.13821138211382114
8573,1.0,0.10483417650365374
8574,1.0,0.13333333333333333
8575,1.0,0.1382946670683941
8576,1.0,0.13821138211382114
8577,1.0,0.13765432098765432
8578,1.0,0.1379412637199644
8579,1.0,0.22258652094717668
8580,1.0,0.13821138211382114
8581,1.0,0.13821138211382114
8582,1.0,0.13821138211382114
8583,1.0,0.13821138211382114
8584,1.0,0.1206811855248076
8585,1.0,0.13821138211382114
8586,1.0,0.18999119828995348
8587,1.0,0.13821138211382114
8588,1.0,0.18504036326942483
8589,1.0,0.13825301204819276
8590,1.0,0.13821138211382114
8591,1.0,0.18540035362465268
8592,1.0,0.13821138211382114
8593,1.0,0.13935144609991235
8594,1.0,0.06288751107174491
8595,1.0,0.18540035362465268
8596,1.0,0.13821138211382114
8597,1.0,0.13821138211382114
8598,0.8159768,0.08600508905852418
8599,1.0,0.14956521739130435
8600,1.0,0.13821138211382114
8601,1.0,0.14526129317980513
8602,1.0,0.13821138211382114
8603,1.0,0.1540916634750415
8604,1.0,0.13821138211382114
8605,1.0,0.13821138211382114
8606,1.0,0.13821138211382114
8607,1.0,0.13821138211382114
8608,1.0,0.44313725490196076
8609,1.0,0.13849410341699425
8610,0.9199594,0.15349574173103586
8611,1.0,0.18540035362465268
8612,0.9999089,0.15439727744939996
8613,0.99999994,0.13826561552456035
8614,1.0,0.13825301204819276
8615,1.0,0.13821138211382114
8616,1.0,0.18540035362465268
8617,1.0,0.13821138211382114
8618,1.0,0.13821138211382114
8619,1.0,0.17400881057268722
8620,1.0,0.13821138211382114
8621,1.0,0.13821138211382114
8622,1.0,0.29049881235154396
8623,1.0,0.13821138211382114
8624,1.0,0.1861668559888931
8625,0.8142811,0.35046847303114714
8626,1.0,0.13821138211382114
8627,1.0,0.13821138211382114
8628,1.0,0.13440702781844802
8629,1.0,0.13821138211382114
8630,1.0,0.13821138211382114
8631,1.0,0.13821138211382114
8632,1.0,0.18540035362465268
8633,1.0,0.13821138211382114
8634,1.0,0.13821138211382114
8635,1.0,0.13821138211382114
8636,1.0,0.1373377603380622
8637,0.9999992,0.1636544519980103
8638,1.0,0.18540035362465268
8639,1.0,0.3715217138200023
8640,1.0,0.13821138211382114
8641,1.0,0.252363184079602
8642,1.0,0.49387380028588934
8643,1.0,0.13821138211382114
8644,1.0,0.13821138211382114
8645,0.9999997,0.185146982980918
8646,1.0,0.13821138211382114
8647,1.0,0.14488730987010104
8648,1.0,0.18540035362465268
8649,1.0,0.15607101947308133
8650,1.0,0.43332953119653245
8651,1.0,0.13821138211382114
8652,1.0,0.13821138211382114
8653,1.0,0.24321002826594568
8654,0.9999998,0.1373249925528746
8655,1.0,0.18761039616452183
8656,1.0,0.18540035362465268
8657,1.0,0.13984962406015036
8658,1.0,0.13825301204819276
8659,1.0,0.1399337947637677
8660,1.0,0.13772632828732562
8661,0.9999969,0.14322868289058147
8662,1.0,0.13821138211382114
8663,1.0,0.11915734035549704
8664,1.0,0.13821138211382114
8665,1.0,0.13821138211382114
8666,1.0,0.13821138211382114
8667,1.0,0.10840879689521346
8668,0.99999774,0.1417873190214678
8669,1.0,0.18540035362465268
8670,1.0,0.13821138211382114
8671,0.9117067,0.15183936684742783
8672,1.0,0.13821138211382114
8673,1.0,0.26317094334944835
8674,1.0,0.4108581436077058
8675,1.0,0.1363095238095238
8676,1.0,0.13821138211382114
8677,1.0,0.13320672816060772
8678,1.0,0.18540035362465268
8679,1.0,0.13821138211382114
8680,1.0,0.13821138211382114
8681,1.0,0.13825301204819276
8682,1.0,0.18540035362465268
8683,1.0,0.18540035362465268
8684,1.0,0.11581850087741288
8685,1.0,0.18540035362465268
8686,1.0,0.13821138211382114
8687,1.0,0.1376920759264839
8688,1.0,0.13821138211382114
8689,0.35458082,0.4509425391778333
8690,1.0,0.138076575218571
8691,1.0,0.14144441114773748
8692,1.0,0.43162441741502783
8693,1.0,0.13821138211382114
8694,1.0,0.1397169527250828
8695,1.0,0.12539964476021315
8696,1.0,0.06504347826086956
8697,1.0,0.33487466536870286
8698,1.0,0.11523259349346306
8699,1.0,0.13821138211382114
8700,1.0,0.13845223700120918
8701,1.0,0.574108623548922
8702,1.0,0.13821138211382114
8703,1.0,0.14370982552800735
8704,1.0,0.48953475761847953
8705,1.0,0.13755656108597286
8706,1.0,0.13658388855239248
8707,1.0,0.13825301204819276
8708,1.0,0.2950920245398773
8709,0.9999467,0.10115996762881035
8710,1.0,0.13821138211382114
8711,1.0,0.13821138211382114
8712,1.0,0.13821138211382114
8713,1.0,0.13821138211382114
8714,1.0,0.13740005922416346
8715,1.0,0.1382946670683941
8716,1.0,0.13821138211382114
8717,1.0,0.1731713621090721
8718,1.0,0.13821138211382114
8719,1.0,0.1457345971563981
8720,1.0,0.18540035362465268
8721,1.0,0.13802476593174268
8722,1.0,0.11007299270072993
8723,1.0,0.13821138211382114
8724,1.0,0.13821138211382114
8725,1.0,0.481751019958099
8726,0.99999857,0.13405362144857944
8727,1.0,0.1739011739011739
8728,1.0,0.13821138211382114
8729,1.0,0.13765303075544938
8730,1.0,0.13674446439257928
8731,0.98591125,0.16482047364400307
8732,1.0,0.13821138211382114
8733,1.0,0.13821138211382114
8734,1.0,0.11680846171533686
8735,1.0,0.18525066296249526
8736,1.0,0.1349640287769784
8737,1.0,0.16307452609711764
8738,1.0,0.13821138211382114
8739,1.0,0.13821138211382114
8740,1.0,0.13821138211382114
8741,1.0,0.13593346716375107
8742,1.0,0.1366201366201366
8743,1.0,0.18540035362465268
8744,0.9994371,0.09831824062095731
8745,1.0,0.16870207327463788
8746,1.0,0.13821138211382114
8747,1.0,0.18540035362465268
8748,1.0,0.46185226019845643
8749,1.0,0.4302260204655347
8750,1.0,0.13821138211382114
8751,1.0,0.18540035362465268
8752,1.0,0.13821138211382114
8753,1.0,0.1488560671879525
8754,1.0,0.14096916299559473
8755,1.0,0.15023597273203984
8756,1.0,0.13821138211382114
8757,1.0,0.13821138211382114
8758,1.0,0.18540035362465268
8759,0.99584866,0.15428911834789516
8760,1.0,0.13821138211382114
8761,1.0,0.13821138211382114
8762,1.0,0.13821138211382114
8763,1.0,0.18540035362465268
8764,0.8948798,0.6239548705550518
8765,1.0,0.13821138211382114
8766,1.0,0.14006024096385541
8767,1.0,0.13821138211382114
8768,1.0,0.1386904761904762
8769,1.0,0.1303972366148532
8770,1.0,0.1375980687990344
8771,1.0,0.18540035362465268
8772,1.0,0.1254681647940075
8773,1.0,0.18562949867407502
8774,1.0,0.13821138211382114
8775,1.0,0.1401140114011401
8776,1.0,0.24030427734131438
8777,0.90901554,0.1817356336749254
8778,1.0,0.13821138211382114
8779,1.0,0.18540035362465268
8780,1.0,0.13821138211382114
8781,1.0,0.18540035362465268
8782,1.0,0.13821138211382114
8783,1.0,0.4743633276740238
8784,1.0,0.13679808841099164
8785,1.0,0.18540035362465268
8786,1.0,0.37766567301077736
8787,1.0,0.21252853157494295
8788,1.0,0.13821138211382114
8789,1.0,0.13834586466165413
8790,1.0,0.13821138211382114
8791,1.0,0.2485148514851485
8792,1.0,0.11704881656804733
8793,1.0,0.13788968824940048
8794,1.0,0.13821138211382114
8795,1.0,0.13821138211382114
8796,1.0,0.18540035362465268
8797,1.0,0.5673648015004689
8798,1.0,0.18540035362465268
8799,1.0,0.1383780524570395
8800,1.0,0.1362949531580538
8801,0.98148906,0.14699792960662525
8802,0.99999994,0.2164705882352941
8803,1.0,0.18540035362465268
8804,1.0,0.13821138211382114
8805,1.0,0.13802476593174268
8806,1.0,0.13821138211382114
8807,0.99995136,0.12121212121212122
8808,1.0,0.13992142641281355
8809,1.0,0.13808664259927797
8810,1.0,0.5712486883525708
8811,1.0,0.13821138211382114
8812,0.9999984,0.11869639794168096
8813,1.0,0.13821138211382114
8814,1.0,0.18540035362465268
8815,1.0,0.13821138211382114
8816,0.7684822,0.17492239168578755
8817,0.2638694,0.4945582211819778
8818,1.0,0.11100138257949832
8819,1.0,0.13821138211382114
8820,1.0,0.13757885250826074
8821,1.0,0.18540035362465268
8822,0.9999819,0.1001669449081803
8823,1.0,0.13821138211382114
8824,1.0,0.18540035362465268
8825,1.0,0.1530758226037196
8826,1.0,0.13821138211382114
8827,1.0,0.13821138211382114
8828,1.0,0.13821138211382114
8829,1.0,0.13821138211382114
8830,1.0,0.13609299688120216
8831,1.0,0.13825301204819276
8832,0.99999994,0.1457345971563981
8833,1.0,0.13821138211382114
8834,1.0,0.13821138211382114
8835,1.0,0.40152193375111905
8836,1.0,0.18540035362465268
8837,1.0,0.18540035362465268
8838,1.0,0.13821138211382114
8839,1.0,0.13821138211382114
8840,1.0,0.18540035362465268
8841,1.0,0.14119402985074628
8842,1.0,0.13821138211382114
8843,1.0,0.13980114492316964
8844,1.0,0.13825301204819276
8845,1.0,0.43964524303155955
8846,1.0,0.13821138211382114
8847,1.0,0.48473707664884136
8848,1.0,0.13673906393392474
8849,1.0,0.1849981058214421
8850,1.0,0.13815594426326713
8851,1.0,0.13821138211382114
8852,1.0,0.13821138211382114
8853,0.59369767,0.16895104895104895
8854,1.0,0.13821138211382114
8855,1.0,0.1383363471971067
8856,1.0,0.13821138211382114
8857,1.0,0.13821138211382114
8858,1.0,0.1692389568919638
8859,1.0,0.38071303331385153
8860,1.0,0.12095507382972039
8861,1.0,0.13721351025331724
8862,1.0,0.13821138211382114
8863,0.99609077,0.09952283571915474
8864,1.0,0.18540035362465268
8865,1.0,0.18540035362465268
8866,0.7854763,0.3740184757505774
8867,1.0,0.1543403063745676
8868,1.0,0.13821138211382114
8869,1.0,0.22740130365268724
8870,1.0,0.1874369323915237
8871,1.0,0.13821138211382114
8872,1.0,0.13825301204819276
8873,0.9997122,0.1493519441674975
8874,1.0,0.13825301204819276
8875,1.0,0.13967489464178207
8876,1.0,0.1370777690494894
8877,1.0,0.10886967659301953
8878,1.0,0.18540035362465268
8879,1.0,0.18460474763770454
8880,1.0,0.14255827854154213
8881,1.0,0.13821138211382114
8882,1.0,0.13821138211382114
8883,1.0,0.13821138211382114
8884,1.0,0.13817963352358065
8885,1.0,0.6490384615384616
8886,1.0,0.13821138211382114
8887,1.0,0.18540035362465268
8888,1.0,0.13821138211382114
8889,1.0,0.13842913030394222
8890,1.0,0.13821138211382114
8891,1.0,0.13821138211382114
8892,1.0,0.14914089347079038
8893,1.0,0.1380036079374624
8894,1.0,0.1382946670683941
8895,1.0,0.18540035362465268
8896,1.0,0.13867069486404834
8897,1.0,0.5327613941018767
8898,1.0,0.14396423248882265
8899,1.0,0.38901472253680636
8900,1.0,0.13821138211382114
8901,1.0,0.09956192751891677
8902,1.0,0.12826768909027536
8903,1.0,0.13744782349433513
8904,1.0,0.3211009174311927
8905,1.0,0.13821138211382114
8906,1.0,0.13821138211382114
8907,1.0,0.13821138211382114
8908,1.0,0.13821138211382114
8909,1.0,0.19042883778744563
8910,1.0,0.13821138211382114
8911,1.0,0.18554095045500504
8912,1.0,0.13821138211382114
8913,1.0,0.18369152970922883
8914,1.0,0.13821138211382114
8915,1.0,0.12975071516142214
8916,1.0,0.44982118909253466
8917,1.0,0.13821138211382114
8918,1.0,0.13821138211382114
8919,1.0,0.13990413421210304
8920,1.0,0.1434968847352025
8921,1.0,0.13825301204819276
8922,1.0,0.13821138211382114
8923,1.0,0.13821138211382114
8924,1.0,0.13821138211382114
8925,1.0,0.1381697772426249
8926,1.0,0.13821138211382114
8927,1.0,0.13674698795180723
8928,1.0,0.14731446400713172
8929,1.0,0.13821138211382114
8930,1.0,0.1376920759264839
8931,1.0,0.1382946670683941
8932,1.0,0.18540035362465268
8933,1.0,0.13821138211382114
8934,1.0,0.26979799231627216
8935,1.0,0.1530758226037196
8936,1.0,0.13821138211382114
8937,1.0,0.13679102214134062
8938,1.0,0.13705583756345177
8939,1.0,0.13699851411589897
8940,1.0,0.13821138211382114
8941,1.0,0.13821138211382114
8942,1.0,0.18540035362465268
8943,1.0,0.14468211527035058
8944,1.0,0.13821138211382114
8945,1.0,0.13692820357467433
8946,1.0,0.13898809523809524
8947,1.0,0.16539866098600123
8948,0.7676513,0.47967394712091127
8949,0.5558903,0.4377474703035636
8950,1.0,0.18540035362465268
8951,0.9570144,0.3149964123415451
8952,1.0,0.13825301204819276
8953,1.0,0.18488253319713993
8954,1.0,0.08283433133732535
8955,1.0,0.06043956043956044
8956,1.0,0.6191201869348776
8957,1.0,0.13821138211382114
8958,1.0,0.13821138211382114
8959,1.0,0.13821138211382114
8960,0.9985357,0.1576457229371688
8961,1.0,0.18540035362465268
8962,0.9999443,0.13920285544318858
8963,1.0,0.1388888888888889
8964,1.0,0.13821138211382114
8965,1.0,0.13821138211382114
8966,1.0,0.14084507042253522
8967,1.0,0.13821138211382114
8968,1.0,0.12682760965657938
8969,1.0,0.11697370774458953
8970,1.0,0.13910681955340978
8971,1.0,0.13821138211382114
8972,1.0,0.13821138211382114
8973,1.0,0.19628881595556677
8974,0.9904959,0.19778362133734034
8975,1.0,0.13712168004941322
8976,1.0,0.13755656108597286
8977,1.0,0.18540035362465268
8978,1.0,0.13821138211382114
8979,1.0,0.13821138211382114
8980,1.0,0.13821138211382114
8981,1.0,0.13821138211382114
8982,1.0,0.18540035362465268
8983,1.0,0.13821138211382114
8984,1.0,0.14204204204204204
8985,1.0,0.16091091091091092
8986,1.0,0.13784836679652382
8987,0.91319215,0.35014910536779326
8988,1.0,0.13821138211382114
8989,1.0,0.14907192575406034
8990,1.0,0.13821138211382114
8991,1.0,0.18540035362465268
8992,0.9999997,0.10451106752591763
8993,1.0,0.14002403846153846
8994,1.0,0.13821138211382114
8995,1.0,0.18540035362465268
8996,1.0,0.13821138211382114
8997,1.0,0.1258625448523323
8998,1.0,0.13821138211382114
8999,1.0,0.13821138211382114
9000,1.0,0.18540035362465268
9001,1.0,0.18540035362465268
9002,1.0,0.06504347826086956
9003,1.0,0.18540035362465268
9004,1.0,0.18522727272727274
9005,1.0,0.450874985702848
9006,1.0,0.13821138211382114
9007,1.0,0.13821138211382114
9008,1.0,0.13445378151260504
9009,1.0,0.13821138211382114
9010,1.0,0.18540035362465268
9011,0.9795857,0.15271885846509833
9012,1.0,0.1909350841893466
9013,1.0,0.18537694153302184
9014,1.0,0.13821138211382114
9015,1.0,0.12578125
9016,1.0,0.13821138211382114
9017,1.0,0.13821138211382114
9018,1.0,0.1852740591058348
9019,1.0,0.14820228003507746
9020,1.0,0.18540035362465268
9021,1.0,0.13810818978543365
9022,1.0,0.13821138211382114
9023,1.0,0.17663707706162357
9024,1.0,0.18860744440480437
9025,1.0,0.1380451127819549
9026,1.0,0.13825301204819276
9027,0.99999994,0.13821138211382114
9028,1.0,0.14883108330589398
9029,1.0,0.14023472765573278
9030,1.0,0.400947306098283
9031,1.0,0.13825301204819276
9032,1.0,0.5042790596901744
9033,1.0,0.14084507042253522
9034,1.0,0.13821138211382114
9035,1.0,0.13821138211382114
9036,1.0,0.13821138211382114
9037,0.07091542,0.15631183221210923
9038,1.0,0.18540035362465268
9039,1.0,0.5268619608690952
9040,1.0,0.2677891114661423
9041,1.0,0.18540035362465268
9042,1.0,0.15978198508318991
9043,1.0,0.2572827724761426
9044,1.0,0.18540035362465268
9045,1.0,0.13821138211382114
9046,1.0,0.13821138211382114
9047,1.0,0.13821138211382114
9048,0.85505456,0.3055003313452618
9049,1.0,0.13825301204819276
9050,1.0,0.14418388669607615
9051,1.0,0.13821138211382114
9052,1.0,0.11513963743263106
9053,1.0,0.3255316621123916
9054,1.0,0.1935118823085628
9055,1.0,0.14054054054054055
9056,1.0,0.13821138211382114
9057,1.0,0.13821138211382114
9058,1.0,0.14213947990543735
9059,1.0,0.13821138211382114
9060,1.0,0.17301750772399588
9061,1.0,0.15336177127767622
9062,1.0,0.13781664656212303
9063,1.0,0.13821138211382114
9064,1.0,0.5355373680809822
9065,1.0,0.22258652094717668
9066,1.0,0.13851249623607348
9067,1.0,0.13821138211382114
9068,1.0,0.18364518364518365
9069,1.0,0.13825301204819276
9070,1.0,0.13825301204819276
9071,1.0,0.5118825977439492
9072,1.0,0.18540035362465268
9073,1.0,0.13903903903903903
9074,1.0,0.13821138211382114
9075,1.0,0.13758693680072573
9076,1.0,0.609481965873097
9077,1.0,0.1382946670683941
9078,1.0,0.4679982343853454
9079,1.0,0.18540035362465268
9080,0.99996,0.21052631578947367
9081,0.9079258,0.39303923741964086
9082,1.0,0.13821138211382114
9083,1.0,0.3821279554937413
9084,1.0,0.07357408032399596
9085,1.0,0.13821138211382114
9086,1.0,0.13821138211382114
9087,1.0,0.3694731890874882
9088,1.0,0.1379102679915688
9089,1.0,0.14212893553223388
9090,1.0,0.396455223880597
9091,1.0,0.13821138211382114
9092,1.0,0.14620811287477953
9093,1.0,0.13821138211382114
9094,1.0,0.18540035362465268
9095,1.0,0.13821138211382114
9096,0.9996186,0.1487977926685061
9097,1.0,0.1916988416988417
9098,1.0,0.13821138211382114
9099,1.0,0.13821138211382114
9100,1.0,0.13821138211382114
9101,1.0,0.18540035362465268
9102,0.7666429,0.8146989835809226
9103,1.0,0.13821138211382114
9104,1.0,0.13432835820895522
9105,0.9774298,0.17660924750679963
9106,1.0,0.13821138211382114
9107,0.7514316,0.6459898477157361
9108,1.0,0.5171587318880052
9109,1.0,0.18540035362465268
9110,1.0,0.13821138211382114
9111,1.0,0.18540035362465268
9112,1.0,0.13821138211382114
9113,1.0,0.1417910447761194
9114,1.0,0.13821138211382114
9115,1.0,0.13825301204819276
9116,1.0,0.18540035362465268
9117,1.0,0.13821138211382114
9118,1.0,0.13821138211382114
9119,1.0,0.13825301204819276
9120,1.0,0.07707588398887565
9121,1.0,0.13821138211382114
9122,1.0,0.18540035362465268
9123,1.0,0.3104935313847628
9124,1.0,0.13725490196078433
9125,1.0,0.1385959626393492
9126,1.0,0.13825301204819276
9127,1.0,0.1438136826783115
9128,1.0,0.16707198443579765
9129,1.0,0.18540035362465268
9130,1.0,0.14806178956572427
9131,1.0,0.13821138211382114
9132,1.0,0.13821138211382114
9133,1.0,0.18585858585858586
9134,1.0,0.1373544341594506
9135,1.0,0.13931240657698057
9136,1.0,0.4305317324185249
9137,1.0,0.13821138211382114
9138,1.0,0.13875453446191052
9139,1.0,0.17264069264069265
9140,1.0,0.0995777621393385
9141,1.0,0.13821138211382114
9142,1.0,0.13821138211382114
9143,1.0,0.13821138211382114
9144,1.0,0.13852048334806955
9145,1.0,0.5675096442348907
9146,1.0,0.13821138211382114
9147,1.0,0.13821138211382114
9148,1.0,0.13825301204819276
9149,0.99999994,0.14306828258941767
9150,1.0,0.38009264758284833
9151,1.0,0.18540035362465268
9152,1.0,0.13821138211382114
9153,1.0,0.13821138211382114
9154,0.7179468,0.6784613855481563
9155,1.0,0.18540035362465268
9156,1.0,0.5312432432432432
9157,1.0,0.13821138211382114
9158,1.0,0.13821138211382114
9159,1.0,0.1368515205724508
9160,1.0,0.13821138211382114
9161,1.0,0.13821138211382114
9162,1.0,0.13821138211382114
9163,1.0,0.3332942967560604
9164,1.0,0.13821138211382114
9165,1.0,0.13821138211382114
9166,1.0,0.18540035362465268
9167,1.0,0.1382946670683941
9168,1.0,0.06043956043956044
9169,1.0,0.13821138211382114
9170,1.0,0.18540035362465268
9171,1.0,0.13808664259927797
9172,1.0,0.13821138211382114
9173,1.0,0.14580265095729014
9174,1.0,0.14793577981651376
9175,1.0,0.18540035362465268
9176,0.81948817,0.3699825479930192
9177,1.0,0.18540035362465268
9178,1.0,0.13981042654028436
9179,1.0,0.13701923076923078
9180,1.0,0.13758693680072573
9181,1.0,0.10577673692427791
9182,1.0,0.13821138211382114
9183,1.0,0.13821138211382114
9184,1.0,0.5077646544181977
9185,1.0,0.18540035362465268
9186,1.0,0.13821138211382114
9187,1.0,0.13699511191149988
9188,1.0,0.13821138211382114
9189,1.0,0.1232064878353088
9190,1.0,0.1399276236429433
9191,1.0,0.13821138211382114
9192,1.0,0.18540035362465268
9193,1.0,0.13821138211382114
9194,1.0,0.13825301204819276
9195,1.0,0.1469208211143695
9196,1.0,0.1375980687990344
9197,1.0,0.18540035362465268
9198,0.9586757,0.11990008326394672
9199,1.0,0.13821138211382114
9200,1.0,0.13821138211382114
9201,1.0,0.1325982471020639
9202,1.0,0.13821138211382114
9203,1.0,0.18540035362465268
9204,1.0,0.13208667260314633
9205,1.0,0.13821138211382114
9206,1.0,0.13821138211382114
9207,1.0,0.13821138211382114
9208,1.0,0.13622754491017963
9209,1.0,0.13239689181111775
9210,1.0,0.13821138211382114
9211,1.0,0.13868832731648617
9212,1.0,0.13821138211382114
9213,1.0,0.1382946670683941
9214,1.0,0.1379000897397547
9215,1.0,0.16797642436149313
9216,1.0,0.09017713365539452
9217,1.0,0.1392749244712991
9218,1.0,0.13821138211382114
9219,0.7364742,0.4848798674399337
9220,1.0,0.12902681733850566
9221,0.99999845,0.13291272344900104
9222,0.6291179,0.3868357162125708
9223,1.0,0.1355492079979226
9224,1.0,0.13821138211382114
9225,1.0,0.2119945567651633
9226,1.0,0.14234161988773056
9227,1.0,0.13803680981595093
9228,0.6211634,0.3459345562716906
9229,1.0,0.14119402985074628
9230,1.0,0.1382946670683941
9231,1.0,0.18540035362465268
9232,1.0,0.13821138211382114
9233,1.0,0.13821138211382114
9234,0.9999988,0.13599331522874453
9235,1.0,0.13133498145859085
9236,1.0,0.1386168910648715
9237,1.0,0.13821138211382114
9238,1.0,0.10885258358662614
9239,0.9272418,0.17052603399812608
9240,1.0,0.16128303591597018
9241,1.0,0.10919540229885058
9242,1.0,0.13821138211382114
9243,1.0,0.18540035362465268
9244,1.0,0.10245736538203304
9245,1.0,0.1852740591058348
9246,1.0,0.13821138211382114
9247,1.0,0.13825301204819276
9248,1.0,0.01764947325215488
9249,1.0,0.18540035362465268
9250,0.79850614,0.18509360649947015
9251,1.0,0.13821138211382114
9252,1.0,0.05635524171645845
9253,0.6369246,0.20341671751067725
9254,1.0,0.318401352330355
9255,1.0,0.13821138211382114
9256,1.0,0.13821138211382114
9257,1.0,0.13821138211382114
9258,1.0,0.13821138211382114
9259,1.0,0.491969196919692
9260,1.0,0.13821138211382114
9261,1.0,0.13821138211382114
9262,1.0,0.35526315789473684
9263,1.0,0.13821138211382114
9264,1.0,0.13821138211382114
9265,1.0,0.21698349174587295
9266,1.0,0.18540035362465268
9267,1.0,0.14243146603098927
9268,1.0,0.13821138211382114
9269,1.0,0.13821138211382114
9270,1.0,0.13821138211382114
9271,1.0,0.19695561236346734
9272,1.0,0.13821138211382114
9273,1.0,0.13821138211382114
9274,1.0,0.13784286378428637
9275,1.0,0.13821138211382114
9276,1.0,0.1330567081604426
9277,1.0,0.14277215942891136
9278,0.8721195,0.14304352983038784
9279,1.0,0.185274801244383
9280,1.0,0.13821138211382114
9281,1.0,0.13821138211382114
9282,1.0,0.13821138211382114
9283,1.0,0.19123505976095617
9284,1.0,0.13846153846153847
9285,0.997433,0.16451882845188284
9286,1.0,0.15826591993362374
9287,1.0,0.13821138211382114
9288,1.0,0.13821138211382114
9289,1.0,0.13821138211382114
9290,1.0,0.13719057560393677
9291,1.0,0.19229781771501925
9292,1.0,0.13821138211382114
9293,1.0,0.18540035362465268
9294,1.0,0.13821138211382114
9295,1.0,0.137473620741634
9296,1.0,0.13821138211382114
9297,1.0,0.18540035362465268
9298,1.0,0.13758992805755396
9299,0.99999994,0.1446099912357581
9300,1.0,0.13781664656212303
9301,1.0,0.08602788490062296
9302,1.0,0.13687985654512852
9303,1.0,0.13840096910963054
9304,1.0,0.18234610917537747
9305,1.0,0.13821138211382114
9306,1.0,0.0705596107055961
9307,1.0,0.16833890746934224
9308,1.0,0.13821138211382114
9309,1.0,0.18540035362465268
9310,1.0,0.13821138211382114
9311,1.0,0.12061975094121054
9312,1.0,0.13821138211382114
9313,1.0,0.18540035362465268
9314,1.0,0.13821138211382114
9315,1.0,0.13821138211382114
9316,1.0,0.13825301204819276
9317,1.0,0.1417910447761194
9318,1.0,0.13276167947959788
9319,0.9999971,0.13509450171821305
9320,1.0,0.13821138211382114
9321,1.0,0.18540035362465268
9322,1.0,0.13825301204819276
9323,1.0,0.13821138211382114
9324,1.0,0.6377230585185923
9325,1.0,0.14395734597156398
9326,1.0,0.13821138211382114
9327,1.0,0.13740685543964232
9328,1.0,0.13821138211382114
9329,1.0,0.19475085583872195
9330,1.0,0.3982280251806948
9331,1.0,0.13821138211382114
9332,1.0,0.13821138211382114
9333,1.0,0.1383363471971067
9334,1.0,0.13821138211382114
9335,1.0,0.13821138211382114
9336,1.0,0.14391691394658754
9337,0.81752604,0.19895901106050748
9338,1.0,0.13821138211382114
9339,1.0,0.13821138211382114
9340,1.0,0.13821138211382114
9341,1.0,0.186087615200101
9342,1.0,0.13821138211382114
9343,1.0,0.18540035362465268
9344,1.0,0.2372923076923077
9345,1.0,0.13821138211382114
9346,1.0,0.13821138211382114
9347,1.0,0.18540035362465268
9348,1.0,0.18540035362465268
9349,1.0,0.13821138211382114
9350,1.0,0.43860619469026546
9351,1.0,0.13821138211382114
9352,1.0,0.13821138211382114
9353,1.0,0.5384364820846905
9354,1.0,0.13821138211382114
9355,1.0,0.14224507283633248
9356,1.0,0.13821138211382114
9357,1.0,0.13821138211382114
9358,1.0,0.13821138211382114
9359,1.0,0.13821138211382114
9360,1.0,0.18540035362465268
9361,1.0,0.13821138211382114
9362,1.0,0.15296803652968036
9363,1.0,0.13821138211382114
9364,1.0,0.13768332834480695
9365,1.0,0.13821138211382114
9366,0.978325,0.38266033254156767
9367,1.0,0.13825301204819276
9368,0.7380646,0.6511532125205931
9369,1.0,0.1852740591058348
9370,1.0,0.13825301204819276
9371,1.0,0.13821138211382114
9372,1.0,0.13821138211382114
9373,1.0,0.1383780524570395
9374,1.0,0.1375980687990344
9375,1.0,0.1380952380952381
9376,1.0,0.13821138211382114
9377,1.0,0.27995506739890164
9378,0.79624957,0.04361873990306947
9379,1.0,0.16400969264124474
9380,1.0,0.2457896021479131
9381,0.99867105,0.09130199891950297
9382,1.0,0.19021875785768166
9383,1.0,0.13949275362318841
9384,1.0,0.13821138211382114
9385,1.0,0.12097812097812098
9386,1.0,0.13821138211382114
9387,1.0,0.13821138211382114
9388,1.0,0.13690476190476192
9389,1.0,0.13821138211382114
9390,1.0,0.13821138211382114
9391,1.0,0.13821138211382114
9392,1.0,0.13984962406015036
9393,1.0,0.13821138211382114
9394,1.0,0.13821138211382114
9395,1.0,0.13821138211382114
9396,1.0,0.13821138211382114
9397,1.0,0.4068392083382129
9398,1.0,0.1346153846153846
9399,1.0,0.13821138211382114
9400,1.0,0.1237234220659635
9401,1.0,0.13825301204819276
9402,1.0,0.13821138211382114
9403,1.0,0.18540035362465268
9404,1.0,0.13821138211382114
9405,1.0,0.1381697772426249
9406,1.0,0.1383422778771616
9407,0.9999288,0.3179997237187457
9408,0.5871384,0.6801873629659159
9409,1.0,0.13821138211382114
9410,1.0,0.14497041420118342
9411,1.0,0.12647157753111335
9412,0.9954147,0.17854821235102925
9413,1.0,0.1857557772446016
9414,1.0,0.18540035362465268
9415,1.0,0.14449676280164803
9416,1.0,0.13821138211382114
9417,1.0,0.1514502627992992
9418,1.0,0.13757885250826074
9419,1.0,0.13821138211382114
9420,1.0,0.18540035362465268
9421,1.0,0.14174873172187408
9422,1.0,0.1068488895791272
9423,1.0,0.13821138211382114
9424,1.0,0.13821138211382114
9425,0.88130367,0.11052852348993289
9426,1.0,0.13821138211382114
9427,1.0,0.18540035362465268
9428,1.0,0.4031544987453698
9429,1.0,0.1382946670683941
9430,1.0,0.10425383542538354
9431,1.0,0.13821138211382114
9432,1.0,0.09314186015299959
9433,1.0,0.12057537723875335
9434,1.0,0.5803114223011809
9435,1.0,0.6770408670577707
9436,1.0,0.13821138211382114
9437,1.0,0.13821138211382114
9438,1.0,0.09604645968282331
9439,1.0,0.26217364905889495
9440,1.0,0.14930555555555555
9441,0.8747187,0.2717347351395067
9442,1.0,0.18514776458701693
9443,1.0,0.18552664814347058
9444,1.0,0.06132404181184669
9445,1.0,0.14037713259503143
9446,0.99999976,0.13875724065297526
9447,1.0,0.18540035362465268
9448,1.0,0.14122562674094707
9449,1.0,0.16606358232101318
9450,1.0,0.18540035362465268
9451,1.0,0.13825301204819276
9452,1.0,0.1382946670683941
9453,1.0,0.13825301204819276
9454,1.0,0.4273513753327418
9455,1.0,0.13821138211382114
9456,1.0,0.18540035362465268
9457,1.0,0.1381697772426249
9458,1.0,0.14002403846153846
9459,1.0,0.3000240789790513
9460,1.0,0.13821138211382114
9461,1.0,0.13182897862232779
9462,1.0,0.13821138211382114
9463,1.0,0.13821138211382114
9464,1.0,0.13726076555023922
9465,1.0,0.1388268156424581
9466,1.0,0.419046548234765
9467,1.0,0.13821138211382114
9468,1.0,0.13821138211382114
9469,1.0,0.18540035362465268
9470,1.0,0.13821138211382114
9471,0.96725786,0.3604244271362456
9472,1.0,0.18540035362465268
9473,1.0,0.0705596107055961
9474,1.0,0.044444444444444446
9475,1.0,0.13835534213685474
9476,1.0,0.13810818978543365
9477,1.0,0.13821138211382114
9478,1.0,0.14251497005988023
9479,1.0,0.18540035362465268
9480,1.0,0.5382336807460231
9481,1.0,0.13821138211382114
9482,1.0,0.13766155695822063
9483,1.0,0.18513323983169705
9484,1.0,0.13821138211382114
9485,1.0,0.13821138211382114
9486,1.0,0.18375
9487,1.0,0.12689237544728874
9488,0.8923657,0.6112010359339592
9489,1.0,0.37818311026886176
9490,1.0,0.5002714735584755
9491,1.0,0.13821138211382114
9492,1.0,0.13778580024067388
9493,0.1757908,0.3743093922651934
9494,0.9999945,0.1409292461924041
9495,1.0,0.18540035362465268
9496,0.42866138,0.3763128491620112
9497,1.0,0.4291845493562232
9498,1.0,0.13878429263044648
9499,1.0,0.13825301204819276
9500,1.0,0.18540035362465268
9501,1.0,0.4220615243342516
9502,1.0,0.1448904070594933
9503,1.0,0.13783783783783785
9504,1.0,0.18540035362465268
9505,1.0,0.13821138211382114
9506,1.0,0.18540035362465268
9507,1.0,0.18540035362465268
9508,1.0,0.18935284470796013
9509,1.0,0.13821138211382114
9510,0.9999988,0.13326964413661332
9511,1.0,0.13821138211382114
9512,1.0,0.14213046080191502
9513,1.0,0.13797276853252646
9514,1.0,0.1382946670683941
9515,0.7923999,0.5062690613351406
9516,1.0,0.13821138211382114
9517,1.0,0.15609670637701473
9518,1.0,0.18540035362465268
9519,1.0,0.13821138211382114
9520,1.0,0.13821138211382114
9521,1.0,0.13821138211382114
9522,1.0,0.13821138211382114
9523,1.0,0.13821138211382114
9524,1.0,0.06043956043956044
9525,1.0,0.13650121065375304
9526,1.0,0.13821138211382114
9527,1.0,0.6175073284140301
9528,1.0,0.13821138211382114
9529,1.0,0.18540035362465268
9530,1.0,0.04971781779091642
9531,1.0,0.18540035362465268
9532,1.0,0.13782519731072787
9533,1.0,0.11400462962962964
9534,1.0,0.13825301204819276
9535,1.0,0.12857591952216285
9536,1.0,0.26274821286735506
9537,1.0,0.13821138211382114
9538,0.9999965,0.06914693724163848
9539,1.0,0.18540035362465268
9540,1.0,0.13821138211382114
9541,1.0,0.13821138211382114
9542,1.0,0.34181519699812385
9543,1.0,0.13821138211382114
9544,1.0,0.13821138211382114
9545,1.0,0.13821138211382114
9546,1.0,0.13821138211382114
9547,1.0,0.13821138211382114
9548,1.0,0.13821138211382114
9549,1.0,0.16869095816464239
9550,1.0,0.08473026516306004
9551,1.0,0.18540035362465268
9552,0.9549347,0.15845959595959597
9553,1.0,0.13821138211382114
9554,1.0,0.13766155695822063
9555,1.0,0.13821138211382114
9556,1.0,0.13821138211382114
9557,1.0,0.13515032312447317
9558,1.0,0.13821138211382114
9559,1.0,0.18540035362465268
9560,1.0,0.1381697772426249
9561,0.72258073,0.19548237280979522
9562,1.0,0.13821138211382114
9563,1.0,0.13821138211382114
9564,1.0,0.13821138211382114
9565,1.0,0.18540035362465268
9566,1.0,0.21754838709677418
9567,1.0,0.18540035362465268
9568,1.0,0.13153009811721028
9569,1.0,0.18540035362465268
9570,1.0,0.18540035362465268
9571,0.9999999,0.13163335630599587
9572,1.0,0.4551795106334324
9573,1.0,0.1399819765695404
9574,1.0,0.13821138211382114
9575,1.0,0.13821138211382114
9576,1.0,0.18540035362465268
9577,1.0,0.1852740591058348
9578,1.0,0.13004895960832313
9579,1.0,0.1340962441314554
9580,1.0,0.0769495018893851
9581,1.0,0.6559096812868418
9582,0.6405598,0.15268130036121144
9583,1.0,0.13821138211382114
9584,1.0,0.18540035362465268
9585,1.0,0.18540035362465268
9586,1.0,0.13821138211382114
9587,1.0,0.13821138211382114
9588,1.0,0.13821138211382114
9589,1.0,0.18540035362465268
9590,1.0,0.18540035362465268
9591,0.98293257,0.15869805075395366
9592,1.0,0.13821138211382114
9593,1.0,0.13820156910078454
9594,0.9999992,0.12655719139297847
9595,1.0,0.18540035362465268
9596,1.0,0.13746223564954682
9597,1.0,0.13821138211382114
9598,1.0,0.13825301204819276
9599,1.0,0.13821138211382114
9600,0.5948024,0.5880157799338949
9601,1.0,0.13825301204819276
9602,1.0,0.13821138211382114
9603,1.0,0.18509615384615385
9604,1.0,0.13821138211382114
9605,0.9999995,0.13578877301974707
9606,1.0,0.4596125523960575
9607,1.0,0.14428064428064427
9608,1.0,0.19042883778744563
9609,1.0,0.13825301204819276
9610,1.0,0.14936562860438293
9611,1.0,0.1410987691383969
9612,1.0,0.1567262217551235
9613,1.0,0.13747758517632994
9614,1.0,0.138763197586727
9615,0.9999989,0.13589961718417695
9616,0.9999998,0.0756221309495047
9617,1.0,0.13821138211382114
9618,1.0,0.13821138211382114
9619,1.0,0.13788968824940048
9620,1.0,0.06683375104427736
9621,0.98197603,0.09917713295799047
9622,1.0,0.13821138211382114
9623,1.0,0.6114333057166529
9624,1.0,0.6245582146824195
9625,0.9999094,0.07825015403573629
9626,1.0,0.15459882583170254
9627,1.0,0.18540035362465268
9628,1.0,0.13821138211382114
9629,1.0,0.18540035362465268
9630,1.0,0.13825301204819276
9631,1.0,0.13821138211382114
9632,1.0,0.18540035362465268
9633,1.0,0.13821138211382114
9634,1.0,0.13838748495788206
9635,1.0,0.1374886613969159
9636,1.0,0.14936562860438293
9637,1.0,0.13783783783783785
9638,1.0,0.13821138211382114
9639,1.0,0.1462194763165637
9640,1.0,0.18540035362465268
9641,1.0,0.14396423248882265
9642,1.0,0.18540035362465268
9643,1.0,0.1289123024480942
9644,1.0,0.13825301204819276
9645,1.0,0.13821138211382114
9646,0.6597461,0.07189339944220638
9647,1.0,0.16923742251693816
9648,1.0,0.13821138211382114
9649,1.0,0.22261218350463777
9650,1.0,0.11851585014409222
9651,1.0,0.13821138211382114
9652,1.0,0.13820156910078454
9653,1.0,0.13553223388305846
9654,1.0,0.13766155695822063
9655,1.0,0.1852740591058348
9656,1.0,0.13821138211382114
9657,1.0,0.18617090671885192
9658,1.0,0.13821138211382114
9659,0.847954,0.38828353837141183
9660,1.0,0.18540035362465268
9661,1.0,0.18540035362465268
9662,0.9993192,0.16440474145335854
9663,1.0,0.33965683905268246
9664,1.0,0.13825301204819276
9665,0.98372483,0.23752672843905917
9666,1.0,0.18540035362465268
9667,1.0,0.18540035362465268
9668,1.0,0.18701134930643126
9669,1.0,0.18540035362465268
9670,1.0,0.13825301204819276
9671,1.0,0.13821138211382114
9672,1.0,0.18540035362465268
9673,1.0,0.16069350709797534
9674,0.99999994,0.14015037593984964
9675,1.0,0.18540035362465268
9676,1.0,0.136310223266745
9677,0.81093407,0.1423139598044541
9678,1.0,0.18540035362465268
9679,1.0,0.19010317157050058
9680,1.0,0.132064247471743
9681,1.0,0.13821138211382114
9682,1.0,0.13821138211382114
9683,1.0,0.24811664641555287
9684,1.0,0.1634698462070157
9685,1.0,0.13924050632911392
9686,1.0,0.13821138211382114
9687,1.0,0.39289410141428077
9688,1.0,0.13821138211382114
9689,1.0,0.18540035362465268
9690,1.0,0.13821138211382114
9691,1.0,0.13838748495788206
9692,1.0,0.6525483128066486
9693,1.0,0.18540035362465268
9694,1.0,0.13825301204819276
9695,1.0,0.6106084243369735
9696,1.0,0.18585858585858586
9697,1.0,0.12649766679278598
9698,1.0,0.11004874390701162
9699,1.0,0.13821138211382114
9700,1.0,0.6925955100433241
9701,1.0,0.13821138211382114
9702,1.0,0.15044687189672293
9703,1.0,0.13821138211382114
9704,1.0,0.13273711461520357
9705,1.0,0.13821138211382114
9706,1.0,0.14013485781295806
9707,1.0,0.13821138211382114
9708,1.0,0.4437923250564334
9709,1.0,0.13825301204819276
9710,0.99999994,0.13821138211382114
9711,1.0,0.13821138211382114
9712,1.0,0.13821138211382114
9713,1.0,0.12183037015447391
9714,1.0,0.1382946670683941
9715,1.0,0.13821138211382114
9716,1.0,0.13821138211382114
9717,1.0,0.1526470588235294
9718,1.0,0.13821138211382114
9719,1.0,0.13821138211382114
9720,1.0,0.13821138211382114
9721,1.0,0.13821138211382114
9722,1.0,0.13821138211382114
9723,1.0,0.13821138211382114
9724,1.0,0.1852740591058348
9725,1.0,0.13821138211382114
9726,1.0,0.13289236319903788
9727,1.0,0.43216367584866844
9728,1.0,0.18540035362465268
9729,1.0,0.171078114912847
9730,1.0,0.5683197321615401
9731,1.0,0.13821138211382114
9732,1.0,0.13821138211382114
9733,0.83773905,0.4832253586302638
9734,1.0,0.13821138211382114
9735,1.0,0.18540035362465268
9736,1.0,0.13821138211382114
9737,1.0,0.1961644522436701
9738,1.0,0.13953488372093023
9739,1.0,0.13821138211382114
9740,1.0,0.13821138211382114
9741,1.0,0.1407985589912939
9742,1.0,0.18540035362465268
9743,1.0,0.13821138211382114
9744,0.9998015,0.15972101133391456
9745,1.0,0.14157706093189965
9746,1.0,0.18540035362465268
9747,0.6092877,0.15698587127158556
9748,1.0,0.13821138211382114
9749,1.0,0.1852740591058348
9750,1.0,0.29308847251520037
9751,1.0,0.13821138211382114
9752,1.0,0.13727245598328858
9753,1.0,0.13821138211382114
9754,1.0,0.14247391952309985
9755,1.0,0.13825301204819276
9756,1.0,0.13821138211382114
9757,1.0,0.13755656108597286
9758,1.0,0.13825301204819276
9759,1.0,0.3488695652173913
9760,1.0,0.13821138211382114
9761,1.0,0.14082874529121994
9762,1.0,0.1371326803205699
9763,1.0,0.13821138211382114
9764,0.31400573,0.3420439209912894
9765,1.0,0.13821138211382114
9766,1.0,0.1373676248108926
9767,1.0,0.13821138211382114
9768,1.0,0.18540035362465268
9769,1.0,0.18466590880383985
9770,1.0,0.13821138211382114
9771,1.0,0.13821138211382114
9772,1.0,0.13821138211382114
9773,1.0,0.13821138211382114
9774,1.0,0.13821138211382114
9775,1.0,0.13821138211382114
9776,1.0,0.46141785194310675
9777,1.0,0.13821138211382114
9778,1.0,0.1411764705882353
9779,1.0,0.1421758569299553
9780,1.0,0.13821138211382114
9781,1.0,0.13821138211382114
9782,1.0,0.13821138211382114
9783,1.0,0.13781664656212303
9784,1.0,0.13821138211382114
9785,1.0,0.18540035362465268
9786,1.0,0.13821138211382114
9787,1.0,0.19567504383401518
9788,1.0,0.07165326808808109
9789,0.8293045,0.2243390931915522
9790,1.0,0.13821138211382114
9791,1.0,0.13821138211382114
9792,1.0,0.1382946670683941
9793,1.0,0.13821138211382114
9794,1.0,0.15873468224565404
9795,1.0,0.13821138211382114
9796,1.0,0.13821138211382114
9797,0.9999879,0.15673289183222958
9798,1.0,0.18514776458701693
9799,1.0,0.14264354066985646
9800,1.0,0.1402291917973462
9801,1.0,0.26965875370919884
9802,1.0,0.1254681647940075
9803,1.0,0.18540035362465268
9804,1.0,0.16090971272229823
9805,1.0,0.13821138211382114
9806,1.0,0.15275772451631534
9807,1.0,0.6976767080133884
9808,1.0,0.18540035362465268
9809,1.0,0.16688602263753619
9810,1.0,0.13821138211382114
9811,1.0,0.13821138211382114
9812,1.0,0.13821138211382114
9813,1.0,0.13765284255640994
9814,0.37294114,0.49768950938944057
9815,1.0,0.14053566054769787
9816,1.0,0.13821138211382114
9817,1.0,0.13821138211382114
9818,1.0,0.13821138211382114
9819,0.40880314,0.33848840109753053
9820,1.0,0.18540035362465268
9821,0.99999976,0.13294668748605845
9822,1.0,0.18540035362465268
9823,1.0,0.19768983147131225
9824,1.0,0.19575833682154317
9825,1.0,0.6031403940886699
9826,1.0,0.13821138211382114
9827,1.0,0.1379000897397547
9828,1.0,0.14806178956572427
9829,1.0,0.13821138211382114
9830,0.82736367,0.7257392339749951
9831,0.9996393,0.0810652619256658
9832,1.0,0.5075807514831905
9833,1.0,0.13821138211382114
9834,1.0,0.11902113459399333
9835,1.0,0.18540035362465268
9836,1.0,0.10852950168144299
9837,1.0,0.18540035362465268
9838,1.0,0.13850331925165962
9839,1.0,0.13777644949193066
9840,1.0,0.18540035362465268
9841,0.8834907,0.14712230215827338
9842,1.0,0.2779761171980795
9843,1.0,0.13821138211382114
9844,1.0,0.13653903235381418
9845,1.0,0.13821138211382114
9846,1.0,0.1385959626393492
9847,1.0,0.1376920759264839
9848,1.0,0.13825301204819276
9849,1.0,0.13812819741197713
9850,1.0,0.13682539682539682
9851,1.0,0.13825301204819276
9852,1.0,0.18540035362465268
9853,1.0,0.13825301204819276
9854,1.0,0.13821138211382114
9855,1.0,0.11646803900325027
9856,1.0,0.1364052487030821
9857,1.0,0.13821138211382114
9858,1.0,0.13821138211382114
9859,1.0,0.15371539582321514
9860,1.0,0.18540035362465268
9861,1.0,0.1382946670683941
9862,1.0,0.18540035362465268
9863,1.0,0.11732605729877217
9864,1.0,0.18540035362465268
9865,1.0,0.13821138211382114
9866,1.0,0.13543543543543543
9867,1.0,0.15154455765809477
9868,1.0,0.18540035362465268
9869,1.0,0.13821138211382114
9870,1.0,0.13825301204819276
9871,1.0,0.13842913030394222
9872,1.0,0.18540035362465268
9873,1.0,0.13812819741197713
9874,1.0,0.13016027197668772
9875,1.0,0.14577777777777778
9876,1.0,0.13821138211382114
9877,1.0,0.16409673754260673
9878,1.0,0.13861094761624485
9879,1.0,0.13821138211382114
9880,1.0,0.15991116046640755
9881,1.0,0.1402291917973462
9882,1.0,0.13825301204819276
9883,1.0,0.13825301204819276
9884,1.0,0.13821138211382114
9885,1.0,0.13821138211382114
9886,1.0,0.13940856970428486
9887,1.0,0.13757885250826074
9888,1.0,0.13821138211382114
9889,1.0,0.1342473578977435
9890,1.0,0.15013017066820944
9891,0.8075512,0.25929677326002026
9892,1.0,0.1383363471971067
9893,1.0,0.14157706093189965
9894,1.0,0.13821138211382114
9895,1.0,0.137473620741634
9896,1.0,0.1382946670683941
9897,1.0,0.13846153846153847
9898,1.0,0.13821138211382114
9899,0.99999994,0.512910284463895
9900,1.0,0.18562949867407502
9901,1.0,0.13825301204819276
9902,1.0,0.18540035362465268
9903,1.0,0.13821138211382114
9904,1.0,0.13821138211382114
9905,1.0,0.185835121828052
9906,1.0,0.13821138211382114
9907,1.0,0.13821138211382114
9908,1.0,0.13821138211382114
9909,0.9999976,0.15596603604945627
9910,1.0,0.13821138211382114
9911,1.0,0.13862275449101796
9912,1.0,0.13821138211382114
9913,1.0,0.14031918096958748
9914,1.0,0.13832335329341316
9915,1.0,0.6003876759844929
9916,1.0,0.13821138211382114
9917,1.0,0.13844289609209331
9918,1.0,0.13751507840772015
9919,1.0,0.14395734597156398
9920,1.0,0.13761194029850746
9921,0.78069204,0.10285355910943869
9922,1.0,0.13825301204819276
9923,1.0,0.18540035362465268
9924,1.0,0.1380036079374624
9925,1.0,0.13821138211382114
9926,1.0,0.13821138211382114
9927,1.0,0.13821138211382114
9928,1.0,0.12221944513871533
9929,1.0,0.1566579634464752
9930,1.0,0.14396423248882265
9931,1.0,0.13821138211382114
9932,1.0,0.13821138211382114
9933,1.0,0.13821138211382114
9934,1.0,0.13821138211382114
9935,1.0,0.19375550799446054
9936,0.9999987,0.13704970819078285
9937,1.0,0.6443600533716515
9938,1.0,0.18540035362465268
9939,1.0,0.14213046080191502
9940,1.0,0.18540035362465268
9941,1.0,0.140625
9942,1.0,0.13821138211382114
9943,1.0,0.13821138211382114
9944,1.0,0.13821138211382114
9945,1.0,0.13821138211382114
9946,1.0,0.15326550705612077
9947,0.99999917,0.1338758901322482
9948,1.0,0.18540035362465268
9949,1.0,0.13821138211382114
9950,1.0,0.13821138211382114
9951,1.0,0.13825301204819276
9952,1.0,0.14255827854154213
9953,1.0,0.13821138211382114
9954,1.0,0.13821138211382114
9955,1.0,0.21751588389186496
9956,1.0,0.18540035362465268
9957,1.0,0.13821138211382114
9958,1.0,0.1549221430456585
9959,1.0,0.1376920759264839
9960,0.997697,0.16435341909275558
9961,1.0,0.13821138211382114
9962,0.99946874,0.21738416036805783
9963,1.0,0.18540035362465268
9964,1.0,0.13821138211382114
9965,1.0,0.12908496732026145
9966,1.0,0.18540035362465268
9967,1.0,0.13821138211382114
9968,1.0,0.14807242990654207
9969,1.0,0.18540035362465268
9970,1.0,0.18637223974763406
9971,1.0,0.18540035362465268
9972,1.0,0.13825301204819276
9973,1.0,0.1788718456209797
9974,1.0,0.14454277286135694
9975,1.0,0.13821138211382114
9976,0.99999994,0.13788968824940048
9977,1.0,0.13821138211382114
9978,1.0,0.12609713282621415
9979,1.0,0.13796212804328223
9980,1.0,0.13201235203293876
9981,1.0,0.18540035362465268
9982,1.0,0.13821138211382114
9983,1.0,0.18540035362465268
9984,1.0,0.08265856950067477
9985,1.0,0.17264069264069265
9986,1.0,0.13821138211382114
9987,1.0,0.13643459256946613
9988,1.0,0.14057796508127635
9989,1.0,0.13821138211382114
9990,1.0,0.13821138211382114
9991,1.0,0.13796212804328223
9992,1.0,0.13976555455365194
9993,1.0,0.1385959626393492
9994,1.0,0.13842913030394222
9995,1.0,0.1539303016096265
9996,1.0,0.13821138211382114
9997,1.0,0.14526627218934912
9998,1.0,0.1458896179081436
9999,1.0,0.13812819741197713
10000,1.0,0.13821138211382114
10001,1.0,0.13821138211382114
10002,1.0,0.18540035362465268
10003,1.0,0.13821138211382114
10004,1.0,0.13821138211382114
10005,1.0,0.13755656108597286
10006,1.0,0.13569648296870673
10007,0.9999938,0.14908959798089058
10008,1.0,0.13867952969550798
10009,1.0,0.13821138211382114
10010,1.0,0.13821138211382114
10011,1.0,0.1383780524570395
10012,1.0,0.08248527048741296
10013,1.0,0.1783143371325735
10014,1.0,0.14468211527035058
10015,1.0,0.18540035362465268
10016,1.0,0.13825301204819276
10017,1.0,0.13821138211382114
10018,1.0,0.1488318430920104
10019,1.0,0.1232064878353088
10020,1.0,0.18540035362465268
10021,1.0,0.13821138211382114
10022,1.0,0.287426614481409
10023,1.0,0.18540035362465268
10024,1.0,0.1121461841633823
10025,1.0,0.07346773102421865
10026,0.99759656,0.0990282276723739
10027,1.0,0.14366471734892788
10028,1.0,0.2837057494350992
10029,1.0,0.1381697772426249
10030,1.0,0.14080287597363692
10031,1.0,0.13821138211382114
10032,1.0,0.5830577189800491
10033,1.0,0.13792067307692307
10034,1.0,0.6282904844822288
10035,0.9254315,0.2600272851296044
10036,0.9299992,0.2868651488616462
10037,1.0,0.13821138211382114
10038,1.0,0.13657957244655583
10039,1.0,0.49018550474547024
10040,1.0,0.13821138211382114
10041,1.0,0.13821138211382114
10042,1.0,0.13821138211382114
10043,1.0,0.13821138211382114
10044,1.0,0.13821138211382114
10045,1.0,0.13821138211382114
10046,1.0,0.25767790262172285
10047,1.0,0.13821138211382114
10048,1.0,0.13821138211382114
10049,1.0,0.13821138211382114
10050,1.0,0.13821138211382114
10051,1.0,0.13821138211382114
10052,1.0,0.13743218806509946
10053,1.0,0.13821138211382114
10054,0.62831974,0.26369168356997974
10055,1.0,0.13821138211382114
10056,1.0,0.13825301204819276
10057,1.0,0.13821138211382114
10058,1.0,0.15048543689320387
10059,1.0,0.13821138211382114
10060,1.0,0.15967056323060574
10061,1.0,0.18540035362465268
10062,1.0,0.13821138211382114
10063,1.0,0.13821138211382114
10064,1.0,0.13825301204819276
10065,1.0,0.13821138211382114
10066,1.0,0.13988543864938197
10067,1.0,0.11552837240910635
10068,1.0,0.13821138211382114
10069,1.0,0.13727882855399634
10070,0.99999833,0.1346318493150685
10071,1.0,0.13825301204819276
10072,1.0,0.13821138211382114
10073,1.0,0.534975474514822
10074,1.0,0.13821138211382114
10075,1.0,0.13821138211382114
10076,1.0,0.13821138211382114
10077,1.0,0.1524226929632335
10078,1.0,0.13821138211382114
10079,1.0,0.1376941457586619
10080,1.0,0.18550322010354842
10081,1.0,0.13821138211382114
10082,1.0,0.1382946670683941
10083,0.48933768,0.2072020577307802
10084,1.0,0.13821138211382114
10085,1.0,0.13821138211382114
10086,1.0,0.14125678277612463
10087,1.0,0.13821138211382114
10088,1.0,0.14582164890633764
10089,1.0,0.10974742084667378
10090,1.0,0.13776579814315662
10091,1.0,0.4950626872295573
10092,1.0,0.29215296746958036
10093,1.0,0.13828502415458938
10094,1.0,0.13821138211382114
10095,1.0,0.13821138211382114
10096,1.0,0.13821138211382114
10097,1.0,0.13821138211382114
10098,1.0,0.13806766229807985
10099,0.9280674,0.03477218225419664
10100,1.0,0.13821138211382114
10101,1.0,0.11997545259281989
10102,0.9960141,0.23116263211728605
10103,1.0,0.13821138211382114
10104,0.9999965,0.13566739606126915
10105,1.0,0.13940127003326278
10106,1.0,0.13821138211382114
10107,1.0,0.13821138211382114
10108,1.0,0.13821138211382114
10109,1.0,0.13821138211382114
10110,0.99996054,0.09267493564240581
10111,1.0,0.13933192897983748
10112,1.0,0.13821138211382114
10113,1.0,0.13825301204819276
10114,1.0,0.13730803974706413
10115,0.9999997,0.13740798572384563
10116,1.0,0.18540035362465268
10117,1.0,0.14364801864801865
10118,1.0,0.18540035362465268
10119,1.0,0.13825301204819276
10120,1.0,0.33970199471280943
10121,0.99999994,0.13821138211382114
10122,1.0,0.13821138211382114
10123,1.0,0.18540035362465268
10124,0.9994641,0.13273694390715668
10125,1.0,0.5196024898984384
10126,1.0,0.14178657074340528
10127,0.8276252,0.2129068620543892
10128,1.0,0.35426990895470784
10129,1.0,0.18540035362465268
10130,1.0,0.3976660682226212
10131,1.0,0.13821138211382114
10132,1.0,0.13825301204819276
10133,1.0,0.19042883778744563
10134,1.0,0.13821138211382114
10135,1.0,0.13821138211382114
10136,1.0,0.13821138211382114
10137,0.8427123,0.33701948393891523
10138,1.0,0.13821138211382114
10139,0.77241427,0.5817034700315458
10140,1.0,0.418412348401323
10141,1.0,0.13821138211382114
10142,1.0,0.18726355611601514
10143,1.0,0.14467887781126826
10144,1.0,0.13806766229807985
10145,1.0,0.13821138211382114
10146,1.0,0.13821138211382114
10147,1.0,0.13821138211382114
10148,1.0,0.13700269219264133
10149,1.0,0.13738207547169812
10150,1.0,0.13781664656212303
10151,1.0,0.11834319526627218
10152,1.0,0.5883205632636157
10153,1.0,0.13821138211382114
10154,1.0,0.20727368559757545
10155,1.0,0.13821138211382114
10156,1.0,0.13825301204819276
10157,1.0,0.15827678712324444
10158,1.0,0.13821138211382114
10159,1.0,0.1382946670683941
10160,0.99999994,0.18540035362465268
10161,1.0,0.13824057450628366
10162,1.0,0.13821138211382114
10163,1.0,0.1373792270531401
10164,1.0,0.1101227539583704
10165,0.99999994,0.13821138211382114
10166,1.0,0.13821138211382114
10167,1.0,0.18397476340694005
10168,1.0,0.18537694153302184
10169,1.0,0.14146060954571593
10170,1.0,0.13796212804328223
10171,1.0,0.520922102043046
10172,1.0,0.12736951441184108
10173,1.0,0.13821138211382114
10174,1.0,0.13821138211382114
10175,1.0,0.18540035362465268
10176,1.0,0.13821138211382114
10177,1.0,0.1262135922330097
10178,1.0,0.13405797101449277
10179,1.0,0.13551544814928113
10180,1.0,0.13821138211382114
10181,1.0,0.13333333333333333
10182,1.0,0.18514776458701693
10183,1.0,0.13821138211382114
10184,0.9998463,0.3790626471973622
10185,1.0,0.19904916802201927
10186,1.0,0.3151391554702495
10187,1.0,0.3549180327868853
10188,1.0,0.37333960268014577
10189,1.0,0.13054745707806933
10190,1.0,0.13805522208883553
10191,1.0,0.18540035362465268
10192,1.0,0.13723150357995226
10193,1.0,0.13821138211382114
10194,1.0,0.1757373595505618
10195,1.0,0.13771377137713772
10196,1.0,0.42139737991266374
10197,1.0,0.13996983408748115
10198,1.0,0.18540035362465268
10199,1.0,0.13652482269503546
10200,1.0,0.13842913030394222
10201,1.0,0.13821138211382114
10202,1.0,0.13821138211382114
10203,1.0,0.13821138211382114
10204,1.0,0.13821138211382114
10205,1.0,0.12851007598282127
10206,1.0,0.34894780644394247
10207,1.0,0.13821138211382114
10208,1.0,0.13821138211382114
10209,1.0,0.18540035362465268
10210,1.0,0.18540035362465268
10211,1.0,0.11049601417183348
10212,1.0,0.13821138211382114
10213,1.0,0.1381697772426249
10214,1.0,0.13821138211382114
10215,1.0,0.13821138211382114
10216,1.0,0.18540035362465268
10217,1.0,0.13821138211382114
10218,1.0,0.13821138211382114
10219,1.0,0.18515713744793638
10220,1.0,0.13821138211382114
10221,1.0,0.16018241413709564
10222,1.0,0.25027549895922613
10223,1.0,0.13729631864815933
10224,1.0,0.13821138211382114
10225,1.0,0.13821138211382114
10226,1.0,0.1338235294117647
10227,1.0,0.11636187085288882
10228,1.0,0.18540035362465268
10229,1.0,0.18638083228247163
10230,1.0,0.12593033640964574
10231,1.0,0.13436768149882905
10232,1.0,0.36744685932648674
10233,1.0,0.2986630688090274
10234,1.0,0.18540035362465268
10235,1.0,0.13821138211382114
10236,1.0,0.1371308016877637
10237,1.0,0.15676892766676048
10238,1.0,0.14118705035971224
10239,1.0,0.5164032697547684
10240,1.0,0.13821138211382114
10241,1.0,0.13019169329073482
10242,0.9999999,0.1248548199767712
10243,1.0,0.3055622441608476
10244,1.0,0.1386049308478653
10245,0.99999994,0.1342925659472422
10246,1.0,0.1382946670683941
10247,1.0,0.13821138211382114
10248,1.0,0.4359119782214156
10249,1.0,0.13821138211382114
10250,1.0,0.13821138211382114
10251,1.0,0.276823500124471
10252,1.0,0.13796212804328223
10253,1.0,0.13821138211382114
10254,1.0,0.18540035362465268
10255,1.0,0.13825301204819276
10256,1.0,0.14161676646706586
10257,1.0,0.07408975444538526
10258,1.0,0.18540035362465268
10259,1.0,0.13825301204819276
10260,1.0,0.13241167434715823
10261,1.0,0.13801380138013802
10262,1.0,0.18540035362465268
10263,1.0,0.13821138211382114
10264,1.0,0.13821138211382114
10265,1.0,0.15297598329272538
10266,1.0,0.13825301204819276
10267,1.0,0.13821138211382114
10268,1.0,0.13821138211382114
10269,1.0,0.13821138211382114
10270,1.0,0.4638406764574989
10271,1.0,0.13821138211382114
10272,1.0,0.15057142857142858
10273,1.0,0.13855421686746988
10274,1.0,0.13821138211382114
10275,1.0,0.14012468121280816
10276,1.0,0.1862138618861255
10277,0.5711335,0.16976370727231016
10278,1.0,0.09481808158765159
10279,1.0,0.13372747747747749
10280,1.0,0.13825301204819276
10281,1.0,0.5340285990753683
10282,1.0,0.14777032935004372
10283,1.0,0.33233281306279266
10284,1.0,0.5880855397148677
10285,1.0,0.17050553395154053
10286,1.0,0.14249768242616873
10287,1.0,0.13815987933634993
10288,1.0,0.13821138211382114
10289,0.999848,0.16243395261632862
10290,1.0,0.13821138211382114
10291,1.0,0.1810057558315662
10292,1.0,0.14255827854154213
10293,1.0,0.13821138211382114
10294,1.0,0.13825301204819276
10295,1.0,0.13821138211382114
10296,1.0,0.13821138211382114
10297,1.0,0.13821138211382114
10298,1.0,0.18540035362465268
10299,1.0,0.1381697772426249
10300,1.0,0.13770294648226097
10301,1.0,0.2799851466765689
10302,1.0,0.19103951673798136
10303,1.0,0.1373544341594506
10304,1.0,0.18540035362465268
10305,1.0,0.14062029509183982
10306,1.0,0.14249000571102227
10307,1.0,0.13821138211382114
10308,1.0,0.14315169366715758
10309,1.0,0.14776032577079698
10310,1.0,0.1664283671718616
10311,1.0,0.13821138211382114
10312,1.0,0.13821138211382114
10313,0.7065043,0.3624328221260978
10314,1.0,0.13821138211382114
10315,1.0,0.13821138211382114
10316,1.0,0.18540035362465268
10317,1.0,0.5377417998317914
10318,1.0,0.27721007604562736
10319,1.0,0.30635419183377627
10320,0.9999998,0.08145645645645645
10321,1.0,0.1381697772426249
10322,1.0,0.26687578419071517
10323,1.0,0.13821138211382114
10324,1.0,0.11974299065420561
10325,0.99943495,0.061855670103092786
10326,1.0,0.14806178956572427
10327,1.0,0.13776579814315662
10328,1.0,0.13821138211382114
10329,1.0,0.11646803900325027
10330,1.0,0.1378792430159207
10331,1.0,0.13821138211382114
10332,1.0,0.18540035362465268
10333,1.0,0.13825301204819276
10334,1.0,0.1383363471971067
10335,1.0,0.42613572630398205
10336,1.0,0.11864913329348475
10337,1.0,0.20206489675516223
10338,1.0,0.13821138211382114
10339,1.0,0.12110605530276514
10340,0.2407498,0.35571639190457044
10341,1.0,0.13821138211382114
10342,1.0,0.13821138211382114
10343,1.0,0.10767204478103391
10344,1.0,0.13821138211382114
10345,1.0,0.13821138211382114
10346,1.0,0.1400543314216722
10347,1.0,0.13806766229807985
10348,0.99999875,0.10322922181048173
10349,1.0,0.18540035362465268
10350,1.0,0.13821138211382114
10351,1.0,0.13821138211382114
10352,1.0,0.1852740591058348
10353,1.0,0.11415289256198347
10354,1.0,0.13825301204819276
10355,1.0,0.13821138211382114
10356,1.0,0.19247648902821315
10357,1.0,0.15870786516853932
10358,1.0,0.1377079482439926
10359,1.0,0.13821138211382114
10360,1.0,0.18540035362465268
10361,1.0,0.13821138211382114
10362,1.0,0.18502147006819905
10363,0.9999942,0.15086813702487095
10364,1.0,0.1822684497275879
10365,1.0,0.13821138211382114
10366,1.0,0.43049526989426823
10367,1.0,0.13821138211382114
10368,1.0,0.18540035362465268
10369,1.0,0.15789473684210525
10370,1.0,0.13821138211382114
10371,1.0,0.13821138211382114
10372,1.0,0.13910761154855644
10373,1.0,0.13154718802799903
10374,1.0,0.13755656108597286
10375,1.0,0.13821138211382114
10376,1.0,0.15285806037251123
10377,1.0,0.13821138211382114
10378,1.0,0.13784836679652382
10379,1.0,0.14040889957907396
10380,0.8281681,0.3707262290990766
10381,1.0,0.13821138211382114
10382,1.0,0.13821138211382114
10383,1.0,0.13821138211382114
10384,1.0,0.2626939788950962
10385,1.0,0.2642226581657675
10386,1.0,0.13851249623607348
10387,1.0,0.13821138211382114
10388,1.0,0.13768115942028986
10389,1.0,0.18453959833270178
10390,1.0,0.13682941531042797
10391,1.0,0.1390229191797346
10392,1.0,0.13821138211382114
10393,1.0,0.13821138211382114
10394,1.0,0.13821138211382114
10395,0.99215394,0.0897892143443745
10396,1.0,0.13821138211382114
10397,1.0,0.13821138211382114
10398,1.0,0.13619744058500913
10399,1.0,0.14036669672377516
10400,1.0,0.3982527664531159
10401,0.91097224,0.1648508662261118
10402,1.0,0.17754952311078503
10403,1.0,0.13821138211382114
10404,1.0,0.30472727272727274
10405,1.0,0.13244289102484083
10406,1.0,0.18540035362465268
10407,1.0,0.1382946670683941
10408,1.0,0.16367878192534382
10409,1.0,0.13821138211382114
10410,1.0,0.18540035362465268
10411,1.0,0.13682941531042797
10412,1.0,0.1547939930689257
10413,1.0,0.1404460518384569
10414,1.0,0.13821138211382114
10415,1.0,0.5627617309137765
10416,1.0,0.13821138211382114
10417,0.99996114,0.14250700280112044
10418,1.0,0.13825301204819276
10419,1.0,0.13825301204819276
10420,1.0,0.13821138211382114
10421,1.0,0.18540035362465268
10422,1.0,0.13821138211382114
10423,0.8977505,0.28942705256940343
10424,1.0,0.13821138211382114
10425,1.0,0.10635155096011817
10426,1.0,0.13871532116970758
10427,1.0,0.14396423248882265
10428,1.0,0.10481852315394243
10429,1.0,0.13821138211382114
10430,0.99999994,0.13821138211382114
10431,1.0,0.13821138211382114
10432,1.0,0.17219387755102042
10433,1.0,0.13821138211382114
10434,1.0,0.13821138211382114
10435,1.0,0.13821138211382114
10436,1.0,0.13803496081977096
10437,1.0,0.13825301204819276
10438,1.0,0.13821138211382114
10439,1.0,0.1375980687990344
10440,1.0,0.13821138211382114
10441,1.0,0.13821138211382114
10442,0.99999994,0.19288577154308617
10443,1.0,0.13825301204819276
10444,1.0,0.18540035362465268
10445,1.0,0.0721836303231652
10446,1.0,0.1383422778771616
10447,1.0,0.1605389358300982
10448,1.0,0.13867952969550798
10449,1.0,0.13821138211382114
10450,1.0,0.13821138211382114
10451,1.0,0.09481808158765159
10452,1.0,0.19525014599961066
10453,1.0,0.12984317343173432
10454,1.0,0.13803496081977096
10455,0.8608178,0.6079757698132257
10456,1.0,0.13821138211382114
10457,1.0,0.29991544872569154
10458,1.0,0.3410495697491213
10459,1.0,0.13821138211382114
10460,1.0,0.18453959833270178
10461,1.0,0.13821138211382114
10462,0.99999994,0.18540035362465268
10463,1.0,0.18540035362465268
10464,1.0,0.2960098219766728
10465,1.0,0.31565656565656564
10466,1.0,0.13821138211382114
10467,1.0,0.14213046080191502
10468,1.0,0.18540035362465268
10469,1.0,0.13818404157749922
10470,1.0,0.13821138211382114
10471,0.99999267,0.1642204827136334
10472,1.0,0.1383363471971067
10473,1.0,0.1452892561983471
10474,1.0,0.13821138211382114
10475,1.0,0.13821138211382114
10476,1.0,0.1617044523354275
10477,1.0,0.13821138211382114
10478,1.0,0.13607689996996095
10479,1.0,0.1373377603380622
10480,1.0,0.13821138211382114
10481,0.9999931,0.07107341327873647
10482,1.0,0.13821138211382114
10483,1.0,0.18540035362465268
10484,1.0,0.13821138211382114
10485,1.0,0.136218799787573
10486,1.0,0.47238372093023256
10487,1.0,0.13815987933634993
10488,0.6069752,0.3397668393782383
10489,1.0,0.1382127659574468
10490,1.0,0.13821138211382114
10491,1.0,0.18540035362465268
10492,0.999827,0.19776776972782456
10493,1.0,0.13821138211382114
10494,1.0,0.32846628679962014
10495,1.0,0.13821138211382114
10496,1.0,0.13729696598222493
10497,1.0,0.13821138211382114
10498,1.0,0.16774695359087374
10499,1.0,0.18540035362465268
10500,1.0,0.11474458204334366
10501,1.0,0.4593990841058863
10502,1.0,0.13821138211382114
10503,1.0,0.13821138211382114
10504,1.0,0.13821138211382114
10505,1.0,0.1340962441314554
10506,1.0,0.18540035362465268
10507,1.0,0.13821138211382114
10508,1.0,0.13821138211382114
10509,1.0,0.13821138211382114
10510,1.0,0.18540035362465268
10511,1.0,0.13821138211382114
10512,1.0,0.13768115942028986
10513,1.0,0.23732151649433778
10514,1.0,0.18540035362465268
10515,1.0,0.13821138211382114
10516,1.0,0.18693353474320243
10517,1.0,0.18540035362465268
10518,1.0,0.13821138211382114
10519,1.0,0.13262599469496023
10520,1.0,0.13821138211382114
10521,1.0,0.13821138211382114
10522,1.0,0.13821138211382114
10523,1.0,0.07737617135207496
10524,0.99999964,0.09415262636273539
10525,1.0,0.13828502415458938
10526,1.0,0.13821138211382114
10527,0.18697152,0.19602628285356696
10528,1.0,0.09193494855625622
10529,1.0,0.13825301204819276
10530,1.0,0.11253196930946291
10531,0.8467035,0.5283588768318603
10532,0.62834424,0.5404858299595142
10533,1.0,0.13821138211382114
10534,1.0,0.13821138211382114
10535,1.0,0.1399819765695404
10536,1.0,0.13821138211382114
10537,1.0,0.18540035362465268
10538,1.0,0.13825301204819276
10539,1.0,0.18540035362465268
10540,1.0,0.13821138211382114
10541,1.0,0.13855421686746988
10542,0.99937594,0.16213133452827114
10543,1.0,0.13821138211382114
10544,1.0,0.13781664656212303
10545,1.0,0.12001399580125963
10546,1.0,0.13821138211382114
10547,1.0,0.1343895110625512
10548,0.6160021,0.20774174263936632
10549,1.0,0.18540035362465268
10550,1.0,0.13821138211382114
10551,1.0,0.13821138211382114
10552,1.0,0.18787038204513934
10553,1.0,0.13821138211382114
10554,1.0,0.13821138211382114
10555,1.0,0.13967489464178207
10556,1.0,0.13821138211382114
10557,1.0,0.13821138211382114
10558,1.0,0.13821138211382114
10559,1.0,0.18540035362465268
10560,1.0,0.13821138211382114
10561,0.99999875,0.14732437789033254
10562,1.0,0.3791878773529064
10563,1.0,0.20246352547237503
10564,1.0,0.1679804294645284
10565,1.0,0.13996983408748115
10566,1.0,0.13821138211382114
10567,0.7462154,0.2072336265884653
10568,1.0,0.13821138211382114
10569,1.0,0.1381697772426249
10570,1.0,0.13820156910078454
10571,1.0,0.13135135135135134
10572,1.0,0.13821138211382114
10573,1.0,0.13821138211382114
10574,1.0,0.13821138211382114
10575,0.17419103,0.1103086014445174
10576,1.0,0.12148506151142355
10577,1.0,0.13821138211382114
10578,1.0,0.13821138211382114
10579,1.0,0.1382946670683941
10580,1.0,0.1379102679915688
10581,0.99999994,0.133817985998923
10582,1.0,0.18886229053798664
10583,1.0,0.13821138211382114
10584,1.0,0.11523259349346306
10585,1.0,0.2222222222222222
10586,1.0,0.13821138211382114
10587,1.0,0.13821138211382114
10588,1.0,0.13821138211382114
10589,1.0,0.13825301204819276
10590,1.0,0.16746953811277981
10591,1.0,0.1381697772426249
10592,1.0,0.13821138211382114
10593,1.0,0.18540035362465268
10594,1.0,0.41509009009009007
10595,1.0,0.1436932982148083
10596,1.0,0.13821138211382114
10597,1.0,0.13821138211382114
10598,1.0,0.13729335948444943
10599,1.0,0.18540035362465268
10600,1.0,0.13821138211382114
10601,1.0,0.13821138211382114
10602,1.0,0.18540035362465268
10603,1.0,0.11936966513460276
10604,1.0,0.18540035362465268
10605,1.0,0.13529411764705881
10606,0.99998426,0.14310180780209325
10607,1.0,0.13447432762836187
10608,1.0,0.13825301204819276
10609,1.0,0.18540035362465268
10610,1.0,0.13821138211382114
10611,1.0,0.16741071428571427
10612,1.0,0.13778580024067388
10613,0.99999994,0.13821138211382114
10614,1.0,0.13821138211382114
10615,1.0,0.14820228003507746
10616,1.0,0.13821138211382114
10617,1.0,0.13821138211382114
10618,1.0,0.13851249623607348
10619,1.0,0.1375980687990344
10620,1.0,0.13821138211382114
10621,1.0,0.13821138211382114
10622,1.0,0.13821138211382114
10623,1.0,0.3248369171297415
10624,0.41522822,0.6648648648648648
10625,1.0,0.4036856745479833
10626,1.0,0.38651527566428656
10627,1.0,0.5889601792443222
10628,0.99998623,0.15608048993875764
10629,1.0,0.13821138211382114
10630,1.0,0.14019236374234917
10631,1.0,0.13821138211382114
10632,1.0,0.421064450931956
10633,1.0,0.15870786516853932
10634,1.0,0.13821138211382114
10635,1.0,0.13821138211382114
10636,1.0,0.13821138211382114
10637,1.0,0.1797112462006079
10638,1.0,0.13975903614457832
10639,0.9999769,0.11291068949560389
10640,1.0,0.13821138211382114
10641,1.0,0.13821138211382114
10642,1.0,0.08473026516306004
10643,1.0,0.13821138211382114
10644,1.0,0.13819636811326563
10645,1.0,0.13821138211382114
10646,0.81497097,0.4586837089359794
10647,1.0,0.13821138211382114
10648,1.0,0.12568639414276997
10649,1.0,0.14015037593984964
10650,1.0,0.3940653504214294
10651,0.3801831,0.3143530579332589
10652,1.0,0.13821138211382114
10653,1.0,0.18540035362465268
10654,1.0,0.13821138211382114
10655,1.0,0.13821138211382114
10656,1.0,0.18540035362465268
10657,1.0,0.13821138211382114
10658,1.0,0.18540035362465268
10659,1.0,0.13821138211382114
10660,1.0,0.13824328403259886
10661,1.0,0.13821138211382114
10662,1.0,0.13821138211382114
10663,1.0,0.13444613050075874
10664,1.0,0.13821138211382114
10665,1.0,0.13821138211382114
10666,1.0,0.359371250299976
10667,1.0,0.14058752997601917
10668,1.0,0.13821138211382114
10669,1.0,0.13821138211382114
10670,1.0,0.13821138211382114
10671,1.0,0.1383363471971067
10672,0.9989114,0.31365211365211365
10673,1.0,0.13821138211382114
10674,1.0,0.13821138211382114
10675,1.0,0.13727245598328858
10676,1.0,0.13821138211382114
10677,1.0,0.15392456676860347
10678,1.0,0.13825301204819276
10679,1.0,0.18540035362465268
10680,1.0,0.09776970954356846
10681,1.0,0.14031918096958748
10682,1.0,0.13780598368087035
10683,1.0,0.18401015228426396
10684,1.0,0.4803010181496237
10685,1.0,0.13821138211382114
10686,1.0,0.43745743473325766
10687,1.0,0.18540035362465268
10688,1.0,0.13821138211382114
10689,1.0,0.14936562860438293
10690,1.0,0.13821138211382114
10691,1.0,0.13821138211382114
10692,1.0,0.13821138211382114
10693,1.0,0.13821138211382114
10694,1.0,0.13821138211382114
10695,1.0,0.14867617107942974
10696,1.0,0.13821138211382114
10697,1.0,0.6054254007398274
10698,1.0,0.13821138211382114
10699,1.0,0.13821138211382114
10700,1.0,0.23506269977870667
10701,1.0,0.13821138211382114
10702,1.0,0.1356390977443609
10703,1.0,0.1875945537065053
10704,1.0,0.13821138211382114
10705,1.0,0.1679804294645284
10706,1.0,0.13825301204819276
10707,1.0,0.13821138211382114
10708,1.0,0.18540035362465268
10709,1.0,0.13821138211382114
10710,1.0,0.18540035362465268
10711,0.98387563,0.14597938144329897
10712,1.0,0.1399337947637677
10713,1.0,0.18637223974763406
10714,1.0,0.16374269005847952
10715,1.0,0.12004103967168263
10716,1.0,0.1376941457586619
10717,1.0,0.13821138211382114
10718,1.0,0.13821138211382114
10719,1.0,0.13821138211382114
10720,1.0,0.18540035362465268
10721,1.0,0.18562949867407502
10722,1.0,0.13932853717026378
10723,1.0,0.13300186451211932
10724,1.0,0.1377245508982036
10725,1.0,0.1852740591058348
10726,1.0,0.6340844498578969
10727,0.9999978,0.12103112228858849
10728,1.0,0.13821138211382114
10729,1.0,0.13821138211382114
10730,1.0,0.18540035362465268
10731,1.0,0.13846153846153847
10732,0.99999774,0.14095583787053842
10733,1.0,0.13821138211382114
10734,1.0,0.1533161068044789
10735,1.0,0.13851249623607348
10736,1.0,0.18540035362465268
10737,1.0,0.13877182420228779
10738,1.0,0.13821138211382114
10739,1.0,0.13821138211382114
10740,1.0,0.18540035362465268
10741,0.99999946,0.13574261789334507
10742,1.0,0.13821138211382114
10743,1.0,0.13821138211382114
10744,0.902816,0.17141416687673305
10745,0.99999976,0.13174095050480178
10746,1.0,0.18540035362465268
10747,1.0,0.18540035362465268
10748,1.0,0.13821138211382114
10749,1.0,0.13821138211382114
10750,1.0,0.13821138211382114
10751,1.0,0.13821138211382114
10752,1.0,0.18730318679934502
10753,1.0,0.13821138211382114
10754,1.0,0.14669361825007218
10755,1.0,0.13821138211382114
10756,1.0,0.13821138211382114
10757,1.0,0.18540035362465268
10758,1.0,0.07558369608231104
10759,1.0,0.13821138211382114
10760,1.0,0.13821138211382114
10761,1.0,0.13821138211382114
10762,1.0,0.13794144280108664
10763,1.0,0.16005330174711282
10764,1.0,0.13170791472678264
10765,1.0,0.18540035362465268
10766,1.0,0.13821138211382114
10767,1.0,0.18540035362465268
10768,1.0,0.13821138211382114
10769,1.0,0.13821138211382114
10770,1.0,0.18639575971731448
10771,0.9186842,0.4216573816155989
10772,1.0,0.13821138211382114
10773,1.0,0.13821138211382114
10774,1.0,0.13821138211382114
10775,1.0,0.16263645156832943
10776,1.0,0.13821138211382114
10777,1.0,0.13821138211382114
10778,1.0,0.13821138211382114
10779,1.0,0.1383267894895802
10780,1.0,0.3540828402366864
10781,1.0,0.1358649789029536
10782,1.0,0.13771377137713772
10783,1.0,0.13821138211382114
10784,1.0,0.13821138211382114
10785,1.0,0.18540035362465268
10786,1.0,0.1593245227606461
10787,1.0,0.13821138211382114
10788,1.0,0.13729335948444943
10789,1.0,0.1378687537627935
10790,1.0,0.40060920577617326
10791,1.0,0.18540035362465268
10792,1.0,0.18540035362465268
10793,1.0,0.13821138211382114
10794,1.0,0.13010007698229406
10795,1.0,0.18540035362465268
10796,1.0,0.1852740591058348
10797,1.0,0.18540035362465268
10798,1.0,0.13812819741197713
10799,1.0,0.5731796752226297
10800,1.0,0.13821138211382114
10801,1.0,0.11771779796900053
10802,1.0,0.13919855378125942
10803,1.0,0.1384297520661157
10804,1.0,0.1382946670683941
10805,1.0,0.1359608208955224
10806,1.0,0.13810818978543365
10807,1.0,0.13821138211382114
10808,1.0,0.14426468799416128
10809,1.0,0.18558786346396966
10810,1.0,0.481714033928178
10811,1.0,0.4968469963491537
10812,0.9935922,0.08929395477618828
10813,1.0,0.13841978287092882
10814,1.0,0.13821138211382114
10815,1.0,0.13911472448057813
10816,1.0,0.13821138211382114
10817,1.0,0.1376920759264839
10818,1.0,0.08943389267932879
10819,1.0,0.13821138211382114
10820,0.99997836,0.0787288863441168
10821,1.0,0.1283851554663992
10822,1.0,0.13821138211382114
10823,1.0,0.13821138211382114
10824,1.0,0.13729335948444943
10825,0.61847633,0.23820834747200542
10826,1.0,0.18540035362465268
10827,1.0,0.15900527505651846
10828,1.0,0.33928999760134326
10829,1.0,0.13845223700120918
10830,1.0,0.164578111946533
10831,1.0,0.18540035362465268
10832,1.0,0.1326419213973799
10833,1.0,0.13825301204819276
10834,1.0,0.16409673754260673
10835,1.0,0.18540035362465268
10836,1.0,0.06967710609371207
10837,1.0,0.13821138211382114
10838,1.0,0.4313837050523441
10839,1.0,0.486098852603707
10840,1.0,0.31951538187433187
10841,1.0,0.13821138211382114
10842,1.0,0.13821138211382114
10843,1.0,0.13821138211382114
10844,1.0,0.14777032935004372
10845,1.0,0.13821138211382114
10846,1.0,0.13821138211382114
10847,1.0,0.18540035362465268
10848,1.0,0.13821138211382114
10849,1.0,0.13821138211382114
10850,1.0,0.1347695390781563
10851,1.0,0.09808179515019906
10852,1.0,0.14728473251583343
10853,1.0,0.1444923076923077
10854,1.0,0.13821138211382114
10855,1.0,0.19582987797654305
10856,1.0,0.16271855611957134
10857,1.0,0.13821138211382114
10858,1.0,0.13821138211382114
10859,0.8689183,0.07202133965619442
10860,1.0,0.13861985472154964
10861,1.0,0.13274536408864768
10862,1.0,0.13821138211382114
10863,1.0,0.1325642141924249
10864,1.0,0.18540035362465268
10865,1.0,0.4958138523431554
10866,1.0,0.13821138211382114
10867,1.0,0.03937592867756315
10868,1.0,0.13821138211382114
10869,1.0,0.18540035362465268
10870,1.0,0.13821138211382114
10871,1.0,0.13821138211382114
10872,1.0,0.13821138211382114
10873,1.0,0.13821138211382114
10874,1.0,0.14277180406212664
10875,0.9999243,0.08716645489199491
10876,1.0,0.3952515545505936
10877,1.0,0.13825301204819276
10878,0.9994993,0.11937672782106057
10879,1.0,0.13821138211382114
10880,1.0,0.18540035362465268
10881,1.0,0.13821138211382114
10882,1.0,0.19169087005935093
10883,1.0,0.13821138211382114
10884,1.0,0.1843335439039798
10885,1.0,0.13278171788810086
10886,1.0,0.37186920222634506
10887,1.0,0.14016172506738545
10888,1.0,0.13821138211382114
10889,1.0,0.18540035362465268
10890,1.0,0.16746953811277981
10891,1.0,0.13821138211382114
10892,1.0,0.16802610114192496
10893,1.0,0.13821138211382114
10894,1.0,0.13813286508633305
10895,1.0,0.13821138211382114
10896,1.0,0.13967489464178207
10897,1.0,0.12148736871984105
10898,1.0,0.13821138211382114
10899,0.9999996,0.13883431565160445
10900,1.0,0.13821138211382114
10901,0.9999986,0.14133673903788846
10902,1.0,0.1383780524570395
10903,1.0,0.1862138618861255
10904,1.0,0.13821138211382114
10905,0.9961024,0.16136919315403422
10906,1.0,0.15157448197095774
10907,1.0,0.13842913030394222
10908,1.0,0.13824328403259886
10909,0.33269528,0.0750223280738315
10910,1.0,0.18488906656006396
10911,1.0,0.13821138211382114
10912,1.0,0.14020926756352764
10913,1.0,0.18540035362465268
10914,1.0,0.13821138211382114
10915,1.0,0.08662900188323917
10916,1.0,0.13821138211382114
10917,1.0,0.13825301204819276
10918,1.0,0.3721795766457316
10919,1.0,0.1399337947637677
10920,1.0,0.13821138211382114
10921,1.0,0.1381697772426249
10922,1.0,0.13830426939266385
10923,1.0,0.13433302093095909
10924,1.0,0.13825301204819276
10925,1.0,0.18540035362465268
10926,1.0,0.13821138211382114
10927,1.0,0.18540035362465268
10928,1.0,0.13821138211382114
10929,1.0,0.2126229304120503
10930,1.0,0.18540035362465268
10931,1.0,0.13685800604229606
10932,0.42064685,0.6031714568880079
10933,1.0,0.18540035362465268
10934,1.0,0.4341524176197486
10935,1.0,0.18540035362465268
10936,1.0,0.19533123028391167
10937,1.0,0.18540035362465268
10938,1.0,0.17248037070408032
10939,1.0,0.13821138211382114
10940,1.0,0.1407985589912939
10941,0.90725625,0.1528064875178884
10942,1.0,0.14264792032806092
10943,1.0,0.14418079096045197
10944,1.0,0.13821138211382114
10945,1.0,0.1721194879089616
10946,1.0,0.19475085583872195
10947,1.0,0.14715622750179985
10948,1.0,0.5015002143163309
10949,1.0,0.13821138211382114
10950,1.0,0.13821138211382114
10951,1.0,0.13821138211382114
10952,1.0,0.09636307118433322
10953,1.0,0.13636363636363635
10954,0.7604381,0.23243087557603687
10955,1.0,0.13420041383387527
10956,1.0,0.13821138211382114
10957,1.0,0.13821138211382114
10958,1.0,0.12518740629685157
10959,1.0,0.1397169527250828
10960,1.0,0.13821138211382114
10961,1.0,0.13821138211382114
10962,1.0,0.1375186846038864
10963,1.0,0.1377643504531722
10964,1.0,0.18540035362465268
10965,1.0,0.1254681647940075
10966,1.0,0.09005979073243647
10967,1.0,0.13821138211382114
10968,1.0,0.13825301204819276
10969,1.0,0.13821138211382114
10970,1.0,0.1383780524570395
10971,1.0,0.15622365833099186
10972,0.96628433,0.12280405405405405
10973,1.0,0.18540035362465268
10974,1.0,0.13821138211382114
10975,1.0,0.13821138211382114
10976,1.0,0.1528202618377585
10977,0.98565865,0.20739419490838332
10978,1.0,0.13821138211382114
10979,1.0,0.13821138211382114
10980,1.0,0.13821138211382114
10981,0.5798233,0.019845971563981043
10982,1.0,0.11788617886178862
10983,1.0,0.14771341463414633
10984,1.0,0.13821138211382114
10985,1.0,0.14122938530734633
10986,1.0,0.13821138211382114
10987,1.0,0.20089955022488756
10988,1.0,0.13821138211382114
10989,1.0,0.13821138211382114
10990,1.0,0.4250534127965816
10991,1.0,0.49058247142079475
10992,1.0,0.14074948362348774
10993,0.9971413,0.25443495400788435
10994,1.0,0.47875069715560514
10995,1.0,0.33401162790697675
10996,1.0,0.18540035362465268
10997,1.0,0.13858695652173914
10998,1.0,0.1852740591058348
10999,1.0,0.13753753753753753
11000,1.0,0.18540035362465268
11001,0.9999995,0.134852602968848
11002,1.0,0.13682941531042797
11003,1.0,0.13821138211382114
11004,1.0,0.13841978287092882
11005,1.0,0.13116502266062383
11006,1.0,0.5042716319824754
11007,1.0,0.13782726452001204
11008,1.0,0.4491555037856727
11009,1.0,0.18540035362465268
11010,1.0,0.13867952969550798
11011,1.0,0.13752983293556087
11012,1.0,0.13821138211382114
11013,1.0,0.13821138211382114
11014,1.0,0.18540035362465268
11015,1.0,0.13821138211382114
11016,1.0,0.18540035362465268
11017,1.0,0.13821138211382114
11018,0.62904936,0.6502373497626502
11019,0.88027513,0.3057491289198606
11020,1.0,0.13821138211382114
11021,0.91384506,0.10980783628649862
11022,1.0,0.13821138211382114
11023,1.0,0.18540035362465268
11024,1.0,0.13825301204819276
11025,1.0,0.1310500990659496
11026,1.0,0.18540035362465268
11027,1.0,0.13767246550689863
11028,1.0,0.13821138211382114
11029,1.0,0.13821138211382114
11030,1.0,0.13821138211382114
11031,1.0,0.18540035362465268
11032,1.0,0.13821138211382114
11033,1.0,0.18540035362465268
11034,1.0,0.13877054169202677
11035,1.0,0.13821138211382114
11036,1.0,0.11622233838647848
11037,1.0,0.13821138211382114
11038,1.0,0.13821138211382114
11039,1.0,0.13841978287092882
11040,1.0,0.18540035362465268
11041,1.0,0.13626771178776004
11042,0.21588564,0.4725374489332728
11043,1.0,0.14391691394658754
11044,0.54097885,0.2349337195054027
11045,1.0,0.13825301204819276
11046,0.9960556,0.10097431355181577
11047,1.0,0.18540035362465268
11048,1.0,0.1383363471971067
11049,1.0,0.1377551020408163
11050,1.0,0.13821138211382114
11051,1.0,0.13828502415458938
11052,1.0,0.2685678859268444
11053,1.0,0.13812993321190042
11054,1.0,0.13821138211382114
11055,1.0,0.13821138211382114
11056,0.999997,0.13178294573643412
11057,1.0,0.14157973174366617
11058,1.0,0.1382946670683941
11059,1.0,0.24815232368783666
11060,1.0,0.13856327021340548
11061,1.0,0.1852740591058348
11062,1.0,0.24190569986458205
11063,1.0,0.16724177593742812
11064,1.0,0.13821138211382114
11065,1.0,0.13821138211382114
11066,1.0,0.13821138211382114
11067,1.0,0.13821138211382114
11068,0.9999955,0.20944853601580743
11069,1.0,0.13846153846153847
11070,1.0,0.13820156910078454
11071,1.0,0.13662871424604275
11072,0.6186967,0.6505227855592819
11073,1.0,0.13821138211382114
11074,1.0,0.13821138211382114
11075,1.0,0.13821138211382114
11076,1.0,0.18540035362465268
11077,1.0,0.14837712519319937
11078,1.0,0.16707549741073863
11079,0.99999976,0.13233119763430262
11080,1.0,0.13821138211382114
11081,1.0,0.18540035362465268
11082,1.0,0.15082956259426847
11083,1.0,0.09289617486338798
11084,1.0,0.13658388855239248
11085,1.0,0.11788617886178862
11086,1.0,0.13821138211382114
11087,1.0,0.13817537643932684
11088,1.0,0.1452891106545348
11089,1.0,0.13821138211382114
11090,1.0,0.11812749003984063
11091,1.0,0.13821138211382114
11092,1.0,0.617014773306164
11093,1.0,0.13841554559043348
11094,0.99999994,0.13821138211382114
11095,1.0,0.13821138211382114
11096,1.0,0.06037414965986394
11097,1.0,0.18540035362465268
11098,1.0,0.13494132985658408
11099,0.81912035,0.3468223431073371
11100,1.0,0.18161036322072643
11101,1.0,0.13755656108597286
11102,1.0,0.18540035362465268
11103,1.0,0.6157700961341788
11104,1.0,0.13821138211382114
11105,0.9999992,0.16390454093470336
11106,1.0,0.40396881644223953
11107,1.0,0.13821138211382114
11108,1.0,0.1364052487030821
11109,1.0,0.18540035362465268
11110,1.0,0.13821138211382114
11111,1.0,0.13821138211382114
11112,0.80904937,0.2824503311258278
11113,1.0,0.13825301204819276
11114,1.0,0.13821138211382114
11115,1.0,0.13821138211382114
11116,1.0,0.15211754537597233
11117,1.0,0.18446108924717533
11118,1.0,0.1383363471971067
11119,1.0,0.13821138211382114
11120,1.0,0.18540035362465268
11121,1.0,0.13821138211382114
11122,1.0,0.18540035362465268
11123,1.0,0.15834790797793624
11124,1.0,0.13821138211382114
11125,1.0,0.13821138211382114
11126,1.0,0.13821138211382114
11127,1.0,0.1381697772426249
11128,1.0,0.13821138211382114
11129,1.0,0.13821138211382114
11130,1.0,0.13821138211382114
11131,1.0,0.13821138211382114
11132,1.0,0.13821138211382114
11133,1.0,0.13895263926559567
11134,1.0,0.13821138211382114
11135,1.0,0.13821138211382114
11136,1.0,0.13821138211382114
11137,1.0,0.13821138211382114
11138,1.0,0.13821138211382114
11139,1.0,0.13825301204819276
11140,1.0,0.14475235849056603
11141,1.0,0.13374370453273643
11142,1.0,0.1399337947637677
11143,1.0,0.13821138211382114
11144,1.0,0.09862142099681867
11145,1.0,0.18180643493991472
11146,1.0,0.13821138211382114
11147,1.0,0.2736275828340873
11148,0.9996506,0.08344155844155844
11149,1.0,0.13821138211382114
11150,1.0,0.13821138211382114
11151,1.0,0.1216454025516938
11152,1.0,0.13772807533843437
11153,1.0,0.18540035362465268
11154,0.8342411,0.058485139022051776
11155,1.0,0.18540035362465268
11156,1.0,0.13821138211382114
11157,0.99888504,0.14765625
11158,1.0,0.10798916723087339
11159,1.0,0.14027149321266968
11160,1.0,0.16451820818562682
11161,1.0,0.13821138211382114
11162,1.0,0.13820156910078454
11163,1.0,0.40098199672667756
11164,1.0,0.13821138211382114
11165,1.0,0.13825301204819276
11166,1.0,0.18540035362465268
11167,1.0,0.37407450934304853
11168,1.0,0.16952177016416844
11169,1.0,0.1382946670683941
11170,1.0,0.1377245508982036
11171,1.0,0.13821138211382114
11172,1.0,0.13821138211382114
11173,1.0,0.140012070006035
11174,1.0,0.14306828258941767
11175,1.0,0.13821138211382114
11176,1.0,0.13821138211382114
11177,1.0,0.14128658445996137
11178,0.99999994,0.19088493766605355
11179,1.0,0.13821138211382114
11180,1.0,0.13821138211382114
11181,1.0,0.16451820818562682
11182,1.0,0.18540035362465268
11183,1.0,0.1906122448979592
11184,1.0,0.1422606620936475
11185,1.0,0.15291607396870555
11186,1.0,0.12713771377137714
11187,0.7215817,0.15706028075970271
11188,1.0,0.13821138211382114
11189,1.0,0.13821138211382114
11190,1.0,0.12753549695740365
11191,1.0,0.13821138211382114
11192,1.0,0.13897280966767372
11193,1.0,0.19388909845341382
11194,1.0,0.15686828716789147
11195,1.0,0.08602788490062296
11196,1.0,0.13821138211382114
11197,1.0,0.13821138211382114
11198,1.0,0.2002752064048036
11199,1.0,0.13821138211382114
11200,1.0,0.13821138211382114
11201,1.0,0.14997104806022005
11202,1.0,0.14018691588785046
11203,1.0,0.13821138211382114
11204,1.0,0.13821138211382114
11205,1.0,0.1390229191797346
11206,1.0,0.13821138211382114
11207,1.0,0.3672473867595819
11208,1.0,0.14057796508127635
11209,1.0,0.1872008062484253
11210,1.0,0.18540035362465268
11211,1.0,0.13821138211382114
11212,1.0,0.13821138211382114
11213,1.0,0.13821138211382114
11214,0.5400172,0.22048486587290203
11215,1.0,0.13821138211382114
11216,1.0,0.13940856970428486
11217,1.0,0.13821138211382114
11218,1.0,0.13821138211382114
11219,1.0,0.13821138211382114
11220,1.0,0.4759982054733064
11221,1.0,0.17264069264069265
11222,1.0,0.13270938324934006
11223,1.0,0.16455696202531644
11224,1.0,0.14642752131725964
11225,1.0,0.2065991751031121
11226,1.0,0.13821138211382114
11227,1.0,0.13812819741197713
11228,1.0,0.18540035362465268
11229,1.0,0.13825301204819276
11230,1.0,0.4898611417236059
11231,1.0,0.13825301204819276
11232,1.0,0.4406456675260621
11233,1.0,0.13867952969550798
11234,1.0,0.5272687609075044
11235,1.0,0.10533245556287031
11236,1.0,0.13821138211382114
11237,1.0,0.14084507042253522
11238,1.0,0.11521139038210083
11239,1.0,0.13821138211382114
11240,1.0,0.18540035362465268
11241,1.0,0.13821138211382114
11242,1.0,0.13821138211382114
11243,1.0,0.1382946670683941
11244,1.0,0.13821138211382114
11245,1.0,0.13763960156957442
11246,1.0,0.1380036079374624
11247,1.0,0.1554213704384353
11248,0.9999997,0.1319910514541387
11249,1.0,0.13821138211382114
11250,1.0,0.13821138211382114
11251,1.0,0.12765514369012912
11252,1.0,0.18540035362465268
11253,1.0,0.138189448441247
11254,0.9984171,0.09036283799399122
11255,1.0,0.13821138211382114
11256,1.0,0.13755656108597286
11257,1.0,0.1383780524570395
11258,1.0,0.14887393974846447
11259,1.0,0.12566988210075028
11260,1.0,0.13821138211382114
11261,1.0,0.13757885250826074
11262,0.8282728,0.2758571833380561
11263,1.0,0.18540035362465268
11264,1.0,0.13821138211382114
11265,1.0,0.13825301204819276
11266,1.0,0.13821138211382114
11267,1.0,0.14273023393544565
11268,1.0,0.3131559677813034
11269,1.0,0.13821138211382114
11270,1.0,0.13821138211382114
11271,1.0,0.402516462841016
11272,1.0,0.13821138211382114
11273,1.0,0.25291876613002334
11274,1.0,0.13821138211382114
11275,1.0,0.13821138211382114
11276,1.0,0.13821138211382114
11277,1.0,0.18540035362465268
11278,1.0,0.13821138211382114
11279,1.0,0.13821138211382114
11280,1.0,0.27853767719472766
11281,1.0,0.13821138211382114
11282,1.0,0.13821138211382114
11283,1.0,0.13821138211382114
11284,1.0,0.13821138211382114
11285,1.0,0.13821138211382114
11286,1.0,0.1381697772426249
11287,1.0,0.13924812030075187
11288,1.0,0.1382946670683941
11289,1.0,0.13821138211382114
11290,1.0,0.1641337386018237
11291,1.0,0.13821138211382114
11292,1.0,0.1467136150234742
11293,1.0,0.15982783357245336
11294,1.0,0.13821138211382114
11295,1.0,0.13820656999112163
11296,1.0,0.13825301204819276
11297,1.0,0.12636453853787627
11298,1.0,0.13821138211382114
11299,1.0,0.30101535413571073
11300,0.7644785,0.0879102193504506
11301,1.0,0.11860540892798957
11302,1.0,0.1389461289372976
11303,1.0,0.13825301204819276
11304,1.0,0.14624724061810154
11305,1.0,0.13765303075544938
11306,1.0,0.18540035362465268
11307,1.0,0.11906092789267747
11308,1.0,0.13821138211382114
11309,1.0,0.11913357400722022
11310,1.0,0.13795180722891567
11311,1.0,0.13825301204819276
11312,1.0,0.13821138211382114
11313,1.0,0.13872832369942195
11314,1.0,0.13821138211382114
11315,1.0,0.14526129317980513
11316,1.0,0.1343133306484092
11317,1.0,0.14869565217391303
11318,1.0,0.13821138211382114
11319,1.0,0.13821138211382114
11320,1.0,0.10857066452734322
11321,1.0,0.13821138211382114
11322,1.0,0.13821138211382114
11323,1.0,0.13821138211382114
11324,1.0,0.185835121828052
11325,1.0,0.15393452039058012
11326,1.0,0.1224981914637087
11327,1.0,0.18540035362465268
11328,1.0,0.13821138211382114
11329,1.0,0.13821138211382114
11330,1.0,0.13821138211382114
11331,1.0,0.13821138211382114
11332,1.0,0.13821138211382114
11333,1.0,0.5160362280234416
11334,1.0,0.14936562860438293
11335,1.0,0.13821138211382114
11336,1.0,0.13821138211382114
11337,1.0,0.07969215491559087
11338,1.0,0.18540035362465268
11339,1.0,0.13821138211382114
11340,1.0,0.18540035362465268
11341,1.0,0.14010244049412474
11342,0.99996316,0.14150943396226415
11343,1.0,0.13934426229508196
11344,1.0,0.14831938023241284
11345,1.0,0.13821138211382114
11346,1.0,0.1420863309352518
11347,1.0,0.14131736526946106
11348,0.44382298,0.36927906034831914
11349,1.0,0.13821138211382114
11350,1.0,0.13821138211382114
11351,1.0,0.13821138211382114
11352,1.0,0.18540035362465268
11353,1.0,0.1206581352833638
11354,1.0,0.13821138211382114
11355,1.0,0.13821138211382114
11356,1.0,0.18540035362465268
11357,1.0,0.13821138211382114
11358,1.0,0.14277180406212664
11359,1.0,0.18540035362465268
11360,1.0,0.15336177127767622
11361,1.0,0.13821138211382114
11362,1.0,0.13821138211382114
11363,1.0,0.13821138211382114
11364,1.0,0.13821138211382114
11365,0.99999994,0.13821138211382114
11366,1.0,0.18540035362465268
11367,1.0,0.13821138211382114
11368,1.0,0.13821138211382114
11369,0.8616279,0.42735042735042733
11370,1.0,0.18540035362465268
11371,1.0,0.13821138211382114
11372,1.0,0.46069917613003786
11373,1.0,0.13821138211382114
11374,1.0,0.12740010378827193
11375,1.0,0.13821138211382114
11376,1.0,0.17781734927499365
11377,1.0,0.1324739440482721
11378,1.0,0.18540035362465268
11379,1.0,0.13821138211382114
11380,1.0,0.18540035362465268
11381,1.0,0.13821138211382114
11382,1.0,0.13821138211382114
11383,1.0,0.18540035362465268
11384,1.0,0.18540035362465268
11385,1.0,0.18540035362465268
11386,1.0,0.13799283154121864
11387,1.0,0.13763960156957442
11388,1.0,0.6801539524326458
11389,1.0,0.1545138888888889
11390,1.0,0.33495677584317546
11391,1.0,0.13795180722891567
11392,1.0,0.13825301204819276
11393,1.0,0.13341493268053856
11394,1.0,0.13821138211382114
11395,1.0,0.18540035362465268
11396,1.0,0.13821138211382114
11397,1.0,0.18540035362465268
11398,1.0,0.1377245508982036
11399,1.0,0.13821138211382114
11400,1.0,0.05891870028313334
11401,1.0,0.18886229053798664
11402,1.0,0.13821138211382114
11403,1.0,0.18540035362465268
11404,1.0,0.08286189683860233
11405,1.0,0.13821138211382114
11406,1.0,0.1141725503702428
11407,1.0,0.13821138211382114
11408,1.0,0.18540035362465268
11409,1.0,0.13825301204819276
11410,1.0,0.13755656108597286
11411,1.0,0.18537694153302184
11412,1.0,0.11371588523442967
11413,0.99998707,0.2541824827780121
11414,1.0,0.13851249623607348
11415,1.0,0.13821138211382114
11416,1.0,0.15306122448979592
11417,1.0,0.11825227151256013
11418,1.0,0.13821138211382114
11419,1.0,0.13821138211382114
11420,1.0,0.13821138211382114
11421,1.0,0.13821138211382114
11422,1.0,0.13821138211382114
11423,1.0,0.1384051329055912
11424,1.0,0.13821138211382114
11425,1.0,0.18540035362465268
11426,1.0,0.5299322700458816
11427,1.0,0.18540035362465268
11428,1.0,0.13821138211382114
11429,1.0,0.14547862277714718
11430,1.0,0.13821138211382114
11431,1.0,0.13821138211382114
11432,1.0,0.13821138211382114
11433,1.0,0.13821138211382114
11434,1.0,0.1373544341594506
11435,1.0,0.13821138211382114
11436,1.0,0.13821138211382114
11437,1.0,0.18540035362465268
11438,1.0,0.13821138211382114
11439,1.0,0.13821138211382114
11440,1.0,0.13821138211382114
11441,1.0,0.18540035362465268
11442,1.0,0.13770094024871096
11443,1.0,0.13821138211382114
11444,1.0,0.13751507840772015
11445,1.0,0.13821138211382114
11446,1.0,0.18540035362465268
11447,1.0,0.13821138211382114
11448,1.0,0.13821138211382114
11449,1.0,0.13821138211382114
11450,1.0,0.18540035362465268
11451,0.9999995,0.09525116662091683
11452,1.0,0.13821138211382114
11453,1.0,0.13821138211382114
11454,1.0,0.2017175572519084
11455,1.0,0.1650782845473111
11456,1.0,0.15870786516853932
11457,1.0,0.13610698365527488
11458,1.0,0.13765060240963856
11459,1.0,0.13821138211382114
11460,1.0,0.13821138211382114
11461,1.0,0.45369955156950675
11462,1.0,0.1383780524570395
11463,1.0,0.13821138211382114
11464,1.0,0.15595654575584608
11465,1.0,0.18540035362465268
11466,1.0,0.13821138211382114
11467,1.0,0.13821138211382114
11468,1.0,0.06791790440183634
11469,1.0,0.18552664814347058
11470,1.0,0.13777644949193066
11471,1.0,0.13821138211382114
11472,1.0,0.18540035362465268
11473,1.0,0.18540035362465268
11474,1.0,0.18540035362465268
11475,1.0,0.13821138211382114
11476,1.0,0.18540035362465268
11477,1.0,0.13821138211382114
11478,1.0,0.13825301204819276
11479,1.0,0.13821138211382114
11480,1.0,0.13821138211382114
11481,1.0,0.13821138211382114
11482,1.0,0.15296435608096007
11483,1.0,0.16652360515021458
11484,1.0,0.15017064846416384
11485,1.0,0.1364719904648391
11486,1.0,0.13813635010419767
11487,1.0,0.13821138211382114
11488,1.0,0.14547862277714718
11489,1.0,0.13821138211382114
11490,1.0,0.13821138211382114
11491,1.0,0.14131736526946106
11492,1.0,0.13821138211382114
11493,1.0,0.26005556226597415
11494,1.0,0.18540035362465268
11495,1.0,0.14860848419346123
11496,1.0,0.11402423942616868
11497,1.0,0.13821138211382114
11498,1.0,0.13821138211382114
11499,1.0,0.13821138211382114
11500,1.0,0.14876795361707734
11501,0.9999998,0.06867469879518072
11502,1.0,0.1383363471971067
11503,1.0,0.18540035362465268
11504,1.0,0.13821138211382114
11505,1.0,0.14396423248882265
11506,0.999999,0.1159974506054812
11507,1.0,0.18540035362465268
11508,1.0,0.1447198969735995
11509,1.0,0.13253891050583658
11510,1.0,0.16633346661335466
11511,1.0,0.14472123368920523
11512,1.0,0.07656316461080391
11513,1.0,0.13820156910078454
11514,1.0,0.13821138211382114
11515,1.0,0.13821138211382114
11516,1.0,0.5101885147651738
11517,1.0,0.05905511811023622
11518,1.0,0.1322843045739432
11519,1.0,0.13821138211382114
11520,1.0,0.13821138211382114
11521,1.0,0.13934671860952952
11522,1.0,0.06059245960502693
11523,0.9999997,0.11365719523373052
11524,1.0,0.13821138211382114
11525,1.0,0.13821138211382114
11526,1.0,0.19189631307411603
11527,1.0,0.1216454025516938
11528,1.0,0.13821138211382114
11529,1.0,0.18540035362465268
11530,1.0,0.13821138211382114
11531,1.0,0.10472034906783023
11532,1.0,0.13802476593174268
11533,1.0,0.13821138211382114
11534,1.0,0.13821138211382114
11535,1.0,0.05157164240032658
11536,1.0,0.13821138211382114
11537,1.0,0.13821138211382114
11538,1.0,0.13821138211382114
11539,1.0,0.13821138211382114
11540,1.0,0.13821138211382114
11541,1.0,0.13821138211382114
11542,1.0,0.13821138211382114
11543,1.0,0.13821138211382114
11544,1.0,0.14523314523314523
11545,1.0,0.14057796508127635
11546,1.0,0.18890989287964713
11547,1.0,0.13867952969550798
11548,1.0,0.14547862277714718
11549,1.0,0.13742258920672368
11550,1.0,0.08439646712463199
11551,1.0,0.13531047265987026
11552,1.0,0.13821138211382114
11553,1.0,0.14186851211072665
11554,1.0,0.13821138211382114
11555,1.0,0.18540035362465268
11556,1.0,0.13673163418290854
11557,1.0,0.35843200367858374
11558,1.0,0.1483302836230558
11559,1.0,0.13842913030394222
11560,1.0,0.13808664259927797
11561,1.0,0.13825301204819276
11562,0.99997747,0.27813429331663797
11563,1.0,0.13821138211382114
11564,1.0,0.13821138211382114
11565,1.0,0.18540035362465268
11566,1.0,0.13821138211382114
11567,1.0,0.13821138211382114
11568,1.0,0.12095282146160963
11569,1.0,0.18540035362465268
11570,1.0,0.153125
11571,0.3745096,0.6295029180921715
11572,1.0,0.18738965952080705
11573,1.0,0.13947421232189444
11574,1.0,0.13821138211382114
11575,1.0,0.13927077106993424
11576,1.0,0.13751507840772015
11577,0.99998254,0.1574307304785894
11578,0.71857285,0.5084345116578919
11579,1.0,0.13821138211382114
11580,1.0,0.08500590318772137
11581,1.0,0.13821138211382114
11582,1.0,0.13821138211382114
11583,1.0,0.18540035362465268
11584,1.0,0.1293499671700591
11585,1.0,0.10781563126252505
11586,1.0,0.18544763221569305
11587,1.0,0.18540035362465268
11588,1.0,0.1375980687990344
11589,1.0,0.14347826086956522
11590,1.0,0.13821138211382114
11591,1.0,0.18540035362465268
11592,1.0,0.15203299941072482
11593,1.0,0.1402291917973462
11594,1.0,0.13821138211382114
11595,1.0,0.13763960156957442
11596,0.99208605,0.15146740200906048
11597,1.0,0.15271786022433131
11598,1.0,0.16636609558160506
11599,1.0,0.17712578103776147
11600,1.0,0.13768115942028986
11601,1.0,0.13825301204819276
11602,1.0,0.16209239130434783
11603,1.0,0.13821138211382114
11604,1.0,0.18540035362465268
11605,0.9998352,0.09460243760882182
11606,1.0,0.14057796508127635
11607,1.0,0.13821138211382114
11608,1.0,0.18540035362465268
11609,1.0,0.14040373606507983
11610,1.0,0.13821138211382114
11611,1.0,0.13821138211382114
11612,1.0,0.18817746407864885
11613,1.0,0.1297416162726773
11614,1.0,0.13685800604229606
11615,1.0,0.14583945898265216
11616,1.0,0.3201883460859329
11617,1.0,0.13821138211382114
11618,1.0,0.13825301204819276
11619,1.0,0.14411441144114412
11620,0.61943936,0.5269492412349556
11621,1.0,0.13821138211382114
11622,1.0,0.13821138211382114
11623,1.0,0.1382946670683941
11624,1.0,0.13821138211382114
11625,1.0,0.13812819741197713
11626,1.0,0.1444198623402163
11627,1.0,0.1383780524570395
11628,0.76889855,0.5824974411463665
11629,1.0,0.13789981894990946
11630,0.36510882,0.34837064952338725
11631,1.0,0.18540035362465268
11632,1.0,0.14165917939502845
11633,1.0,0.13821138211382114
11634,1.0,0.13830426939266385
11635,1.0,0.18540035362465268
11636,1.0,0.13821138211382114
11637,1.0,0.1383422778771616
11638,1.0,0.13801380138013802
11639,1.0,0.18585858585858586
11640,0.9928516,0.10400154649139765
11641,1.0,0.14632743998850078
11642,1.0,0.13821138211382114
11643,1.0,0.18540035362465268
11644,1.0,0.1371308016877637
11645,1.0,0.1380451127819549
11646,1.0,0.5018669009444322
11647,1.0,0.13812819741197713
11648,1.0,0.1365809922295278
11649,1.0,0.13821138211382114
11650,1.0,0.13821138211382114
11651,1.0,0.13821138211382114
11652,1.0,0.13923286016309272
11653,1.0,0.13821138211382114
11654,1.0,0.13821138211382114
11655,1.0,0.1363080684596577
11656,1.0,0.10142630744849446
11657,1.0,0.1367624810892587
11658,1.0,0.13967489464178207
11659,1.0,0.18540035362465268
11660,1.0,0.13821138211382114
11661,1.0,0.1375980687990344
11662,0.7713619,0.4518079160488194
11663,1.0,0.18540035362465268
11664,1.0,0.34671976988604936
11665,1.0,0.13825301204819276
11666,1.0,0.13821138211382114
11667,1.0,0.09289617486338798
11668,1.0,0.13821138211382114
11669,1.0,0.15826591993362374
11670,0.9999992,0.15237467018469658
11671,1.0,0.10425383542538354
11672,1.0,0.13172842845550448
11673,1.0,0.13821138211382114
11674,1.0,0.13821138211382114
11675,1.0,0.13821138211382114
11676,1.0,0.18540035362465268
11677,1.0,0.15978198508318991
11678,1.0,0.13867069486404834
11679,1.0,0.31452480573819486
11680,1.0,0.18540035362465268
11681,1.0,0.6154004106776181
11682,1.0,0.18540035362465268
11683,0.9999689,0.15488527017024425
11684,1.0,0.13821138211382114
11685,1.0,0.1381697772426249
11686,1.0,0.15322812051649928
11687,1.0,0.17028380634390652
11688,1.0,0.5418326693227091
11689,1.0,0.139395752318277
11690,1.0,0.14157706093189965
11691,1.0,0.1424059718633362
11692,1.0,0.13821138211382114
11693,1.0,0.13821138211382114
11694,1.0,0.3669724770642202
11695,1.0,0.3204308712121212
11696,1.0,0.18540035362465268
11697,0.9999981,0.14146845915201656
11698,1.0,0.18540035362465268
11699,1.0,0.13825301204819276
11700,1.0,0.1362664222425909
11701,1.0,0.18540035362465268
11702,0.99773335,0.16038394415357765
11703,1.0,0.18540035362465268
11704,1.0,0.13825301204819276
11705,1.0,0.11608822020858266
11706,1.0,0.13821138211382114
11707,1.0,0.18540035362465268
11708,1.0,0.13821138211382114
11709,1.0,0.14551357733175915
11710,1.0,0.11939615736505033
11711,1.0,0.1389810069339765
11712,1.0,0.18540035362465268
11713,1.0,0.6026672096100988
11714,1.0,0.5114345114345115
11715,1.0,0.13825301204819276
11716,1.0,0.13821138211382114
11717,1.0,0.1385959626393492
11718,1.0,0.13821138211382114
11719,1.0,0.18540035362465268
11720,1.0,0.13821138211382114
11721,1.0,0.13821138211382114
11722,1.0,0.13821138211382114
11723,1.0,0.1385959626393492
11724,1.0,0.12070454152996028
11725,1.0,0.1375980687990344
11726,1.0,0.13797276853252646
11727,1.0,0.13821138211382114
11728,1.0,0.13821138211382114
11729,1.0,0.18540035362465268
11730,1.0,0.13661037394451145
11731,1.0,0.13821138211382114
11732,1.0,0.13821138211382114
11733,1.0,0.13825301204819276
11734,1.0,0.13821138211382114
11735,1.0,0.13821138211382114
11736,1.0,0.13821138211382114
11737,1.0,0.13821138211382114
11738,1.0,0.13821138211382114
11739,1.0,0.39912883998165977
11740,1.0,0.13821138211382114
11741,0.8594082,0.324090355741918
11742,1.0,0.34151624548736464
11743,1.0,0.13821138211382114
11744,1.0,0.13821138211382114
11745,1.0,0.13821138211382114
11746,1.0,0.18540035362465268
11747,1.0,0.1545138888888889
11748,1.0,0.13821138211382114
11749,1.0,0.13821138211382114
11750,1.0,0.13821138211382114
11751,1.0,0.13847080072245635
11752,0.9999961,0.13552249637155298
11753,1.0,0.13821138211382114
11754,1.0,0.16256851996867658
11755,1.0,0.11993829541072117
11756,1.0,0.13821138211382114
11757,0.8339339,0.3158444270425476
11758,1.0,0.13821138211382114
11759,1.0,0.1383780524570395
11760,1.0,0.22725607522285993
11761,1.0,0.13821138211382114
11762,1.0,0.16833890746934224
11763,1.0,0.19475085583872195
11764,1.0,0.13821138211382114
11765,1.0,0.13821138211382114
11766,1.0,0.13772274237390517
11767,1.0,0.13821138211382114
11768,1.0,0.13821138211382114
11769,1.0,0.18540035362465268
11770,1.0,0.13821138211382114
11771,1.0,0.13967489464178207
11772,1.0,0.1237234220659635
11773,1.0,0.13821138211382114
11774,1.0,0.13821138211382114
11775,1.0,0.1363343221978589
11776,1.0,0.13530965658937483
11777,1.0,0.1843236409608091
11778,1.0,0.13821138211382114
11779,1.0,0.13821138211382114
11780,1.0,0.13931701420368692
11781,1.0,0.18540035362465268
11782,0.9997586,0.17752846065005776
11783,1.0,0.13821138211382114
11784,1.0,0.13821138211382114
11785,1.0,0.13721351025331724
11786,1.0,0.18540035362465268
11787,1.0,0.13821138211382114
11788,1.0,0.1164079822616408
11789,1.0,0.13825301204819276
11790,1.0,0.11975254087494476
11791,1.0,0.13821138211382114
11792,1.0,0.13821138211382114
11793,1.0,0.13825301204819276
11794,1.0,0.13821138211382114
11795,1.0,0.13821138211382114
11796,1.0,0.3102992428794616
11797,1.0,0.11544878211544878
11798,1.0,0.13821138211382114
11799,0.99999994,0.13419257012888552
11800,1.0,0.23587132033287792
11801,1.0,0.14010244049412474
11802,1.0,0.035278154681139755
11803,0.9999999,0.06621315192743764
11804,1.0,0.13706505295007565
11805,1.0,0.13821138211382114
11806,1.0,0.13821138211382114
11807,1.0,0.20727368559757545
11808,1.0,0.13875739644970414
11809,1.0,0.1632582322357019
11810,1.0,0.1494121020934901
11811,1.0,0.13821138211382114
11812,1.0,0.13821138211382114
11813,0.8896349,0.5546131568059578
11814,1.0,0.16833890746934224
11815,1.0,0.12485101311084625
11816,1.0,0.18540035362465268
11817,0.6443402,0.1062308478038815
11818,0.8269081,0.5137549487361689
11819,0.9970468,0.24316939890710382
11820,0.9202413,0.3347373963406608
11821,1.0,0.13855421686746988
11822,1.0,0.5274606935171225
11823,1.0,0.47257383966244726
11824,0.6754416,0.14305628158215716
11825,1.0,0.4077804793331018
11826,1.0,0.13821138211382114
11827,1.0,0.29795412275263483
11828,1.0,0.13585135546756016
11829,1.0,0.13821138211382114
11830,1.0,0.13821138211382114
11831,1.0,0.13821138211382114
11832,1.0,0.1356768424298489
11833,1.0,0.13821138211382114
11834,1.0,0.20866444501409895
11835,0.6641297,0.18741239136529297
11836,1.0,0.13820156910078454
11837,0.93890655,0.16568939520857764
11838,1.0,0.1810057558315662
11839,1.0,0.13821138211382114
11840,1.0,0.07988759534323565
11841,0.6736762,0.2251677303223695
11842,1.0,0.13821138211382114
11843,1.0,0.18540035362465268
11844,1.0,0.4816079295154185
11845,1.0,0.18540035362465268
11846,1.0,0.13821138211382114
11847,1.0,0.13821138211382114
11848,1.0,0.18540035362465268
11849,0.97321814,0.12577088394692582
11850,1.0,0.13712886440159167
11851,1.0,0.13821138211382114
11852,1.0,0.13821138211382114
11853,1.0,0.13782816229116945
11854,1.0,0.1390229191797346
11855,1.0,0.22985150399796928
11856,1.0,0.3508997429305913
11857,1.0,0.4789010989010989
11858,1.0,0.13821138211382114
11859,1.0,0.13762551683402244
11860,1.0,0.13821138211382114
11861,1.0,0.13757885250826074
11862,1.0,0.13914880772713553
11863,1.0,0.11385637913596301
11864,1.0,0.13779645752026418
11865,1.0,0.18540035362465268
11866,1.0,0.13821138211382114
11867,1.0,0.18540035362465268
11868,1.0,0.1593245227606461
11869,1.0,0.13821138211382114
11870,1.0,0.13760915386931646
11871,1.0,0.13821138211382114
11872,1.0,0.18540035362465268
11873,1.0,0.13821138211382114
11874,0.69057196,0.29497756549428283
11875,1.0,0.13821138211382114
11876,1.0,0.18585858585858586
11877,1.0,0.18540035362465268
11878,1.0,0.19161676646706588
11879,1.0,0.13269560951680157
11880,1.0,0.13235724743777452
11881,1.0,0.13821138211382114
11882,1.0,0.3690561529271207
11883,1.0,0.18540035362465268
11884,1.0,0.13821138211382114
11885,1.0,0.11646803900325027
11886,1.0,0.18488906656006396
11887,1.0,0.13755656108597286
11888,1.0,0.13821138211382114
11889,1.0,0.14054054054054055
11890,1.0,0.13821138211382114
11891,1.0,0.14468211527035058
11892,1.0,0.18540035362465268
11893,0.99999595,0.0992721979621543
11894,0.27299207,0.3466710758377425
11895,1.0,0.1653030303030303
11896,1.0,0.08639760837070254
11897,1.0,0.18420720151610864
11898,1.0,0.18540035362465268
11899,1.0,0.13821138211382114
11900,1.0,0.13821138211382114
11901,1.0,0.13821138211382114
11902,1.0,0.13998224326723882
11903,1.0,0.13821138211382114
11904,1.0,0.13821138211382114
11905,1.0,0.13821138211382114
11906,1.0,0.13821138211382114
11907,1.0,0.13778580024067388
11908,1.0,0.48240584598088815
11909,0.72537065,0.36966762627584404
11910,1.0,0.18540035362465268
11911,0.999982,0.1531628532974428
11912,1.0,0.12539643815564772
11913,1.0,0.1382946670683941
11914,1.0,0.18540035362465268
11915,1.0,0.40015938069216755
11916,1.0,0.13812472994382832
11917,1.0,0.13821138211382114
11918,1.0,0.18540035362465268
11919,1.0,0.13821138211382114
11920,1.0,0.14806178956572427
11921,1.0,0.18540035362465268
11922,1.0,0.14084507042253522
11923,1.0,0.13821138211382114
11924,1.0,0.18634010857214997
11925,1.0,0.13821138211382114
11926,1.0,0.13789981894990946
11927,1.0,0.18623737373737373
11928,1.0,0.13821138211382114
11929,1.0,0.48143738499837646
11930,1.0,0.13716012084592144
11931,1.0,0.24057608015028178
11932,1.0,0.13821138211382114
11933,1.0,0.1341883015326869
11934,1.0,0.13795180722891567
11935,1.0,0.13702801461632155
11936,1.0,0.13821138211382114
11937,1.0,0.18540035362465268
11938,1.0,0.13821138211382114
11939,1.0,0.13891285591026747
11940,1.0,0.13821138211382114
11941,1.0,0.5106268205847448
11942,1.0,0.13821138211382114
11943,1.0,0.0548072457036693
11944,1.0,0.13821138211382114
11945,1.0,0.13821138211382114
11946,1.0,0.17929469273743018
11947,1.0,0.39171828401009406
11948,1.0,0.14170644391408116
11949,1.0,0.18540035362465268
11950,1.0,0.13821138211382114
11951,1.0,0.12878079201746181
11952,1.0,0.13821138211382114
11953,1.0,0.13980114492316964
11954,1.0,0.13821138211382114
11955,1.0,0.13821138211382114
11956,1.0,0.13923286016309272
11957,1.0,0.511006461504764
11958,1.0,0.13821138211382114
11959,1.0,0.13821138211382114
11960,1.0,0.13803496081977096
11961,0.99999994,0.15889370932754882
11962,1.0,0.1333714939896966
11963,1.0,0.1496833621185953
11964,1.0,0.15676892766676048
11965,1.0,0.17150600077429345
11966,1.0,0.13821138211382114
11967,1.0,0.13821138211382114
11968,0.9989472,0.2688737623762376
11969,1.0,0.13821138211382114
11970,1.0,0.1386991386991387
11971,1.0,0.44416901408450704
11972,1.0,0.07458563535911603
11973,1.0,0.1375980687990344
11974,1.0,0.1622303166152984
11975,1.0,0.13757087436586093
11976,0.9999037,0.15205479452054796
11977,1.0,0.1852740591058348
11978,0.9999999,0.12069988137603796
11979,1.0,0.13919082125603865
11980,1.0,0.13821138211382114
11981,1.0,0.18562949867407502
11982,1.0,0.5123450134770889
11983,1.0,0.26628613971956816
11984,1.0,0.13821138211382114
11985,0.9999998,0.13418822990611404
11986,1.0,0.1702885643035269
11987,1.0,0.13821138211382114
11988,1.0,0.13777644949193066
11989,1.0,0.155695067264574
11990,1.0,0.13821138211382114
11991,1.0,0.5174855648763482
11992,1.0,0.13821138211382114
11993,1.0,0.13821138211382114
11994,1.0,0.18540035362465268
11995,1.0,0.14550329027540823
11996,1.0,0.13821138211382114
11997,1.0,0.06707317073170732
11998,1.0,0.13821138211382114
11999,1.0,0.18540035362465268
12000,1.0,0.13821138211382114
12001,1.0,0.1378582202111614
12002,1.0,0.13821138211382114
12003,1.0,0.13821138211382114
12004,1.0,0.2017175572519084
12005,1.0,0.13821138211382114
12006,1.0,0.18540035362465268
12007,1.0,0.13821138211382114
12008,1.0,0.13864042933810375
12009,1.0,0.13821138211382114
12010,1.0,0.18540035362465268
12011,1.0,0.13821138211382114
12012,0.68937784,0.2632908195479227
12013,1.0,0.13821138211382114
12014,1.0,0.18540035362465268
12015,1.0,0.14153754469606675
12016,1.0,0.13821138211382114
12017,1.0,0.13821138211382114
12018,1.0,0.13821138211382114
12019,1.0,0.13821138211382114
12020,1.0,0.1839859437751004
12021,1.0,0.13815987933634993
12022,1.0,0.1399819765695404
12023,1.0,0.13821138211382114
12024,1.0,0.4670166628623602
12025,1.0,0.13821138211382114
12026,1.0,0.13055038553576176
12027,1.0,0.13825301204819276
12028,1.0,0.11546685673556664
12029,1.0,0.18540035362465268
12030,1.0,0.14405260011954574
12031,1.0,0.13821138211382114
12032,1.0,0.1476842411884649
12033,1.0,0.11422872340425531
12034,1.0,0.1602297484650426
12035,1.0,0.13821138211382114
12036,1.0,0.13821138211382114
12037,1.0,0.1393643031784841
12038,1.0,0.17955521859994947
12039,1.0,0.25510204081632654
12040,1.0,0.13929001203369434
12041,1.0,0.14412764844363066
12042,1.0,0.13821138211382114
12043,1.0,0.13524590163934427
12044,0.9999923,0.13682864450127877
12045,0.7736078,0.19962779156327543
12046,1.0,0.13315290933694182
12047,0.9985386,0.3227024758707511
12048,1.0,0.13907603464870066
12049,1.0,0.13821138211382114
12050,1.0,0.13821138211382114
12051,1.0,0.1593245227606461
12052,1.0,0.13821138211382114
12053,1.0,0.14845720939258683
12054,1.0,0.13821138211382114
12055,1.0,0.18540035362465268
12056,1.0,0.21903691212291548
12057,1.0,0.18547979797979797
12058,1.0,0.13821138211382114
12059,1.0,0.13821138211382114
12060,1.0,0.13821138211382114
12061,1.0,0.13793103448275862
12062,1.0,0.13782726452001204
12063,1.0,0.13821138211382114
12064,1.0,0.14220032840722496
12065,1.0,0.13820156910078454
12066,1.0,0.12943871706758306
12067,1.0,0.13821138211382114
12068,1.0,0.13821138211382114
12069,1.0,0.09438202247191012
12070,1.0,0.1859290135152204
12071,1.0,0.14974182444061962
12072,0.999999,0.07553956834532374
12073,1.0,0.18540035362465268
12074,1.0,0.13821138211382114
12075,1.0,0.13821138211382114
12076,1.0,0.0686641697877653
12077,1.0,0.2966914409014625
12078,1.0,0.13821138211382114
12079,1.0,0.1405741343592779
12080,1.0,0.13821138211382114
12081,1.0,0.13821138211382114
12082,1.0,0.13821138211382114
12083,1.0,0.13821138211382114
12084,1.0,0.13821138211382114
12085,1.0,0.18540035362465268
12086,1.0,0.13825301204819276
12087,1.0,0.13821138211382114
12088,1.0,0.13821138211382114
12089,1.0,0.18540035362465268
12090,1.0,0.13739545997610514
12091,1.0,0.1392749244712991
12092,1.0,0.1864364048909618
12093,1.0,0.18817746407864885
12094,1.0,0.1375980687990344
12095,1.0,0.11291807302853636
12096,1.0,0.30500610500610503
12097,1.0,0.13821138211382114
12098,1.0,0.13821138211382114
12099,1.0,0.13821138211382114
12100,1.0,0.13821138211382114
12101,1.0,0.13821138211382114
12102,1.0,0.13821138211382114
12103,1.0,0.45945337982229223
12104,1.0,0.13821138211382114
12105,1.0,0.1383780524570395
12106,1.0,0.13748148148148148
12107,1.0,0.13821138211382114
12108,1.0,0.18540035362465268
12109,0.9998208,0.10331339162448228
12110,1.0,0.44116990399642775
12111,1.0,0.13821138211382114
12112,1.0,0.18540035362465268
12113,1.0,0.1377952755905512
12114,1.0,0.1299461484429876
12115,1.0,0.18540035362465268
12116,1.0,0.13821138211382114
12117,1.0,0.4067351598173516
12118,1.0,0.13821138211382114
12119,1.0,0.13760095722405025
12120,1.0,0.13997591812161347
12121,1.0,0.13821138211382114
12122,1.0,0.1944479336766738
12123,1.0,0.15991116046640755
12124,1.0,0.13821138211382114
12125,1.0,0.13821138211382114
12126,1.0,0.14088314809252028
12127,1.0,0.5901056374856186
12128,1.0,0.13828502415458938
12129,1.0,0.07247535305089262
12130,1.0,0.28922052294030587
12131,1.0,0.15249145343416554
12132,1.0,0.13821138211382114
12133,1.0,0.16138440598872253
12134,1.0,0.18540035362465268
12135,1.0,0.32868620037807184
12136,0.9275161,0.867251461988304
12137,1.0,0.1478689475210206
12138,1.0,0.13821138211382114
12139,1.0,0.13821138211382114
12140,1.0,0.14251497005988023
12141,1.0,0.13821138211382114
12142,1.0,0.13821138211382114
12143,1.0,0.13821138211382114
12144,1.0,0.13821138211382114
12145,1.0,0.13821138211382114
12146,1.0,0.13821138211382114
12147,1.0,0.13824328403259886
12148,0.99999994,0.13190921228304406
12149,1.0,0.13825301204819276
12150,1.0,0.1375980687990344
12151,1.0,0.13821138211382114
12152,1.0,0.13825301204819276
12153,1.0,0.18540035362465268
12154,1.0,0.11788617886178862
12155,1.0,0.10014836795252226
12156,1.0,0.4925
12157,1.0,0.13825301204819276
12158,1.0,0.1399337947637677
12159,1.0,0.13821138211382114
12160,1.0,0.13821138211382114
12161,1.0,0.18540035362465268
12162,1.0,0.13821138211382114
12163,1.0,0.13847080072245635
12164,1.0,0.1852740591058348
12165,1.0,0.13935406698564592
12166,1.0,0.13821138211382114
12167,1.0,0.10901287553648069
12168,1.0,0.13821138211382114
12169,1.0,0.13821138211382114
12170,1.0,0.13821138211382114
12171,1.0,0.18540035362465268
12172,1.0,0.13821138211382114
12173,1.0,0.1381697772426249
12174,1.0,0.13940856970428486
12175,1.0,0.13821138211382114
12176,1.0,0.18540035362465268
12177,1.0,0.13821138211382114
12178,1.0,0.1373018247083458
12179,1.0,0.18540035362465268
12180,1.0,0.13821138211382114
12181,1.0,0.14157706093189965
12182,1.0,0.1262011531069827
12183,1.0,0.18540035362465268
12184,1.0,0.1531723990600299
12185,1.0,0.15358931552587646
12186,1.0,0.13821138211382114
12187,1.0,0.13825301204819276
12188,1.0,0.13821138211382114
12189,1.0,0.13821138211382114
12190,1.0,0.369498705577783
12191,1.0,0.18540035362465268
12192,1.0,0.13821138211382114
12193,0.99618304,0.1472037711592029
12194,1.0,0.13440860215053763
12195,1.0,0.13821138211382114
12196,0.14811946,0.16179198173776574
12197,1.0,0.18540035362465268
12198,1.0,0.13821138211382114
12199,1.0,0.13750748951467945
12200,1.0,0.17754952311078503
12201,1.0,0.13821138211382114
12202,1.0,0.13821138211382114
12203,1.0,0.1410987691383969
12204,1.0,0.13821138211382114
12205,1.0,0.13821138211382114
12206,1.0,0.13821138211382114
12207,0.46225056,0.5575374579553563
12208,1.0,0.1314769975786925
12209,1.0,0.3590968820929399
12210,1.0,0.13821138211382114
12211,0.28010765,0.19049164368002597
12212,1.0,0.22537295031438787
12213,1.0,0.19567504383401518
12214,1.0,0.1467438494934877
12215,1.0,0.13821138211382114
12216,1.0,0.13845693779904306
12217,1.0,0.13821138211382114
12218,1.0,0.13821138211382114
12219,1.0,0.13311965811965812
12220,1.0,0.18540035362465268
12221,1.0,0.13821138211382114
12222,1.0,0.13821138211382114
12223,1.0,0.13821138211382114
12224,1.0,0.18540035362465268
12225,1.0,0.12426556991774383
12226,1.0,0.18540035362465268
12227,1.0,0.18540035362465268
12228,1.0,0.13825301204819276
12229,1.0,0.1476842411884649
12230,1.0,0.13821138211382114
12231,1.0,0.13821138211382114
12232,1.0,0.1417910447761194
12233,0.8227565,0.27599653379549394
12234,0.99856174,0.14143730886850153
12235,1.0,0.1399337947637677
12236,1.0,0.1852740591058348
12237,1.0,0.1466327017990766
12238,1.0,0.1324076724878328
12239,1.0,0.13784836679652382
12240,1.0,0.13825301204819276
12241,1.0,0.13821138211382114
12242,1.0,0.13821138211382114
12243,1.0,0.13770294648226097
12244,1.0,0.18540035362465268
12245,1.0,0.13821138211382114
12246,1.0,0.14840903570561087
12247,1.0,0.13821138211382114
12248,1.0,0.18540035362465268
12249,1.0,0.13825301204819276
12250,1.0,0.18540035362465268
12251,0.77468663,0.31993647691180066
12252,1.0,0.18540035362465268
12253,1.0,0.14170403587443947
12254,1.0,0.13821138211382114
12255,1.0,0.1381697772426249
12256,1.0,0.13959085439229843
12257,1.0,0.18540035362465268
12258,1.0,0.13821138211382114
12259,1.0,0.0769495018893851
12260,1.0,0.13821138211382114
12261,1.0,0.13821138211382114
12262,1.0,0.13821138211382114
12263,1.0,0.13825301204819276
12264,1.0,0.13821138211382114
12265,1.0,0.1591596130592503
12266,1.0,0.13375156838143037
12267,1.0,0.18540035362465268
12268,1.0,0.13670809336162473
12269,1.0,0.14191157002912363
12270,1.0,0.18540035362465268
12271,1.0,0.1382946670683941
12272,1.0,0.18540035362465268
12273,1.0,0.13565162907268172
12274,1.0,0.15393452039058012
12275,1.0,0.13821138211382114
12276,1.0,0.13821138211382114
12277,1.0,0.13821138211382114
12278,1.0,0.13821138211382114
12279,1.0,0.13821138211382114
12280,1.0,0.13779645752026418
12281,1.0,0.13821138211382114
12282,1.0,0.13821138211382114
12283,1.0,0.13821138211382114
12284,1.0,0.1384800240312406
12285,1.0,0.13821138211382114
12286,1.0,0.13572166724078538
12287,1.0,0.18540035362465268
12288,1.0,0.13821138211382114
12289,1.0,0.13821138211382114
12290,1.0,0.13821138211382114
12291,1.0,0.18166461916461915
12292,1.0,0.41745012611786286
12293,1.0,0.13821138211382114
12294,1.0,0.13967489464178207
12295,1.0,0.13821138211382114
12296,1.0,0.13821138211382114
12297,1.0,0.13821138211382114
12298,1.0,0.13682941531042797
12299,0.9999994,0.1664495962490232
12300,0.9999922,0.16395256916996048
12301,1.0,0.13821138211382114
12302,1.0,0.13821138211382114
12303,1.0,0.13821138211382114
12304,1.0,0.18570887514202752
12305,1.0,0.08619668246445497
12306,1.0,0.13821138211382114
12307,1.0,0.18540035362465268
12308,1.0,0.13821138211382114
12309,1.0,0.13821138211382114
12310,1.0,0.14366471734892788
12311,1.0,0.13821138211382114
12312,1.0,0.13821138211382114
12313,1.0,0.13821138211382114
12314,1.0,0.1375980687990344
12315,1.0,0.13821138211382114
12316,1.0,0.13821138211382114
12317,1.0,0.13821138211382114
12318,1.0,0.32861560418648905
12319,1.0,0.1381697772426249
12320,1.0,0.13821138211382114
12321,1.0,0.11271028037383178
12322,1.0,0.13821138211382114
12323,1.0,0.1382753403933434
12324,1.0,0.13821138211382114
12325,1.0,0.19680181314530346
12326,1.0,0.3714019345064678
12327,1.0,0.2729601170874497
12328,1.0,0.14036669672377516
12329,1.0,0.1420863309352518
12330,1.0,0.18540035362465268
12331,1.0,0.13821138211382114
12332,1.0,0.18540035362465268
12333,1.0,0.1318380062305296
12334,1.0,0.13821138211382114
12335,1.0,0.18670367099785543
12336,1.0,0.13821138211382114
12337,1.0,0.13821138211382114
12338,1.0,0.13821138211382114
12339,1.0,0.18540035362465268
12340,1.0,0.23431967627718767
12341,1.0,0.13592233009708737
12342,1.0,0.4623183507941872
12343,1.0,0.13821138211382114
12344,1.0,0.13821138211382114
12345,1.0,0.13846153846153847
12346,1.0,0.4623318385650224
12347,1.0,0.38716687635822944
12348,1.0,0.1652490886998785
12349,1.0,0.13825301204819276
12350,1.0,0.16645144628099173
12351,1.0,0.1376920759264839
12352,1.0,0.49502872293415817
12353,1.0,0.13821138211382114
12354,1.0,0.13776579814315662
12355,1.0,0.13595166163141995
12356,1.0,0.17264069264069265
12357,1.0,0.13821138211382114
12358,1.0,0.18540035362465268
12359,1.0,0.1380239520958084
12360,1.0,0.13850331925165962
12361,0.32941216,0.2530846484935438
12362,1.0,0.13821138211382114
12363,1.0,0.13821138211382114
12364,0.8084096,0.3452554744525547
12365,1.0,0.14357757342035005
12366,1.0,0.18540035362465268
12367,1.0,0.14602156805596037
12368,1.0,0.09613869188337273
12369,1.0,0.13821138211382114
12370,1.0,0.13808664259927797
12371,1.0,0.11515899969126274
12372,1.0,0.20995394063459571
12373,1.0,0.40079140757490106
12374,1.0,0.18540035362465268
12375,1.0,0.13973013493253372
12376,1.0,0.46777616441416286
12377,1.0,0.13821138211382114
12378,1.0,0.1379615952732644
12379,1.0,0.13825301204819276
12380,1.0,0.46460420565892324
12381,1.0,0.13821138211382114
12382,1.0,0.18540035362465268
12383,1.0,0.13821138211382114
12384,1.0,0.13821138211382114
12385,1.0,0.15195369030390737
12386,1.0,0.19582987797654305
12387,1.0,0.13821138211382114
12388,1.0,0.1383780524570395
12389,1.0,0.13821138211382114
12390,1.0,0.13821138211382114
12391,1.0,0.13832169674614675
12392,1.0,0.13821138211382114
12393,1.0,0.15275772451631534
12394,1.0,0.20635747785304848
12395,1.0,0.13765303075544938
12396,1.0,0.1381697772426249
12397,1.0,0.18540035362465268
12398,1.0,0.13821138211382114
12399,1.0,0.18540035362465268
12400,1.0,0.13821138211382114
12401,1.0,0.18540035362465268
12402,1.0,0.18540035362465268
12403,1.0,0.1874921195309545
12404,1.0,0.13821138211382114
12405,1.0,0.13821138211382114
12406,1.0,0.1375980687990344
12407,1.0,0.13821138211382114
12408,1.0,0.13821138211382114
12409,1.0,0.18540035362465268
12410,1.0,0.18174914567776232
12411,1.0,0.06816220880069025
12412,1.0,0.13512696493349455
12413,1.0,0.13821138211382114
12414,1.0,0.13821138211382114
12415,1.0,0.13821138211382114
12416,1.0,0.18540035362465268
12417,1.0,0.13821138211382114
12418,1.0,0.13821138211382114
12419,0.99926716,0.33400267737617134
12420,1.0,0.18540035362465268
12421,1.0,0.12240576027107158
12422,1.0,0.13821138211382114
12423,1.0,0.13725490196078433
12424,0.9677203,0.09690140845070423
12425,1.0,0.1382946670683941
12426,1.0,0.18540035362465268
12427,1.0,0.13821138211382114
12428,1.0,0.4008424408014572
12429,1.0,0.105721864342554
12430,1.0,0.13080827801639985
12431,1.0,0.1382946670683941
12432,1.0,0.13821138211382114
12433,1.0,0.2926623219888969
12434,0.99999857,0.1105055440706634
12435,1.0,0.5851720171494301
12436,1.0,0.18540035362465268
12437,1.0,0.13821138211382114
12438,1.0,0.13280507131537242
12439,1.0,0.1381697772426249
12440,1.0,0.13821138211382114
12441,1.0,0.13821138211382114
12442,1.0,0.13821138211382114
12443,1.0,0.1389810069339765
12444,1.0,0.13821138211382114
12445,0.8737201,0.33980582524271846
12446,1.0,0.16042224204579245
12447,1.0,0.140864960282436
12448,1.0,0.18540035362465268
12449,1.0,0.18540035362465268
12450,1.0,0.13781664656212303
12451,1.0,0.13821138211382114
12452,1.0,0.138076575218571
12453,0.8344404,0.09332054969638862
12454,1.0,0.13635010419767787
12455,1.0,0.13821138211382114
12456,1.0,0.13827234553089382
12457,1.0,0.13821138211382114
12458,1.0,0.18588205581512818
12459,1.0,0.13781763826606877
12460,1.0,0.13766155695822063
12461,1.0,0.14568226763348716
12462,1.0,0.11607304284939432
12463,1.0,0.13821138211382114
12464,1.0,0.13821138211382114
12465,1.0,0.14678362573099416
12466,1.0,0.15473441108545036
12467,1.0,0.18540035362465268
12468,1.0,0.13707729468599034
12469,1.0,0.13821138211382114
12470,1.0,0.13657407407407407
12471,1.0,0.13821138211382114
12472,1.0,0.13751507840772015
12473,0.9997861,0.16142384105960264
12474,1.0,0.1382946670683941
12475,1.0,0.13821138211382114
12476,1.0,0.13821138211382114
12477,1.0,0.13821138211382114
12478,1.0,0.5753238612620142
12479,1.0,0.1496833621185953
12480,1.0,0.13821138211382114
12481,1.0,0.153577106518283
12482,1.0,0.2633379799771892
12483,1.0,0.13659409484044138
12484,1.0,0.13740228502705953
12485,1.0,0.13762886597938145
12486,1.0,0.13821138211382114
12487,1.0,0.1381697772426249
12488,1.0,0.18247813892097015
12489,1.0,0.13821138211382114
12490,1.0,0.13821138211382114
12491,1.0,0.13821138211382114
12492,1.0,0.14007782101167315
12493,1.0,0.18540035362465268
12494,1.0,0.13821138211382114
12495,1.0,0.14122938530734633
12496,1.0,0.13821138211382114
12497,1.0,0.13836858006042296
12498,1.0,0.13821138211382114
12499,1.0,0.1262011531069827
12500,1.0,0.22208245981830887
12501,0.9999994,0.13171487603305784
12502,1.0,0.13821138211382114
12503,1.0,0.12324492979719189
12504,1.0,0.13821138211382114
12505,1.0,0.23751373794114056
12506,1.0,0.13821138211382114
12507,0.52647173,0.43514085291170246
12508,1.0,0.18540035362465268
12509,1.0,0.1375980687990344
12510,0.99999946,0.07086851628468034
12511,1.0,0.13997591812161347
12512,1.0,0.13825301204819276
12513,1.0,0.14200298953662183
12514,1.0,0.18540035362465268
12515,1.0,0.13840096910963054
12516,1.0,0.16923742251693816
12517,1.0,0.11994238575356815
12518,1.0,0.18489090679783074
12519,1.0,0.18540035362465268
12520,1.0,0.49463995668651867
12521,1.0,0.14020926756352764
12522,1.0,0.13821138211382114
12523,0.9901657,0.1508792965627498
12524,0.94987833,0.195768105969379
12525,1.0,0.13821138211382114
12526,1.0,0.11796536796536797
12527,1.0,0.18540035362465268
12528,1.0,0.13821138211382114
12529,1.0,0.18540035362465268
12530,1.0,0.13821138211382114
12531,1.0,0.13841978287092882
12532,0.7015712,0.25551617697496287
12533,1.0,0.13784764207980654
12534,1.0,0.13857677902621723
12535,1.0,0.18540035362465268
12536,1.0,0.05905511811023622
12537,1.0,0.13821138211382114
12538,1.0,0.13821138211382114
12539,1.0,0.1851010101010101
12540,1.0,0.1434074074074074
12541,1.0,0.385016211208893
12542,1.0,0.13332528957528958
12543,1.0,0.18540035362465268
12544,1.0,0.13821138211382114
12545,1.0,0.13851249623607348
12546,1.0,0.13821138211382114
12547,1.0,0.18540035362465268
12548,0.9987238,0.16953182150694954
12549,1.0,0.18540035362465268
12550,1.0,0.13920301561658588
12551,0.99724567,0.13321412606168975
12552,1.0,0.4181983208531881
12553,1.0,0.1373134328358209
12554,1.0,0.13821138211382114
12555,1.0,0.13821138211382114
12556,0.90033096,0.3597567716970702
12557,1.0,0.18540035362465268
12558,1.0,0.13988543864938197
12559,1.0,0.13821138211382114
12560,1.0,0.13821138211382114
12561,1.0,0.1385959626393492
12562,1.0,0.13821138211382114
12563,0.99999905,0.18742878845423472
12564,0.42777294,0.14801016088060964
12565,1.0,0.185044840217254
12566,1.0,0.18535353535353535
12567,1.0,0.13821138211382114
12568,1.0,0.18540035362465268
12569,0.73508376,0.2770255271920089
12570,1.0,0.13821138211382114
12571,1.0,0.14183123877917414
12572,1.0,0.14526129317980513
12573,1.0,0.16271855611957134
12574,1.0,0.13718958207147183
12575,1.0,0.13821138211382114
12576,1.0,0.19452467662941103
12577,1.0,0.13821138211382114
12578,1.0,0.18698060941828254
12579,0.723692,0.24346816334430038
12580,1.0,0.12557147211216094
12581,1.0,0.18540035362465268
12582,1.0,0.2691786725772688
12583,1.0,0.13821138211382114
12584,1.0,0.13825301204819276
12585,1.0,0.18540035362465268
12586,1.0,0.161217587373168
12587,1.0,0.13821138211382114
12588,1.0,0.13821138211382114
12589,1.0,0.13821138211382114
12590,1.0,0.23345117639887847
12591,1.0,0.12025316455696203
12592,1.0,0.13821138211382114
12593,1.0,0.1373544341594506
12594,1.0,0.13821138211382114
12595,1.0,0.046247464503042596
12596,1.0,0.13821138211382114
12597,1.0,0.13821138211382114
12598,1.0,0.13821138211382114
12599,1.0,0.33735666867833436
12600,1.0,0.13821138211382114
12601,1.0,0.18540035362465268
12602,1.0,0.13825301204819276
12603,1.0,0.13821138211382114
12604,1.0,0.18540035362465268
12605,1.0,0.14472123368920523
12606,1.0,0.14213046080191502
12607,1.0,0.1372840976771888
12608,1.0,0.13821138211382114
12609,1.0,0.18540035362465268
12610,1.0,0.13821138211382114
12611,1.0,0.13821138211382114
12612,1.0,0.13821138211382114
12613,1.0,0.14027149321266968
12614,1.0,0.1375980687990344
12615,1.0,0.13038987864704363
12616,1.0,0.13825301204819276
12617,1.0,0.1376311844077961
12618,1.0,0.14422501496110113
12619,1.0,0.13702801461632155
12620,0.8488601,0.5571786765507467
12621,1.0,0.11304347826086956
12622,0.9999211,0.09682713347921225
12623,1.0,0.13821138211382114
12624,1.0,0.19637462235649547
12625,1.0,0.13821138211382114
12626,1.0,0.1445925925925926
12627,1.0,0.18730318679934502
12628,1.0,0.15702254822059222
12629,1.0,0.13812819741197713
12630,1.0,0.18540035362465268
12631,1.0,0.13897280966767372
12632,1.0,0.18540035362465268
12633,1.0,0.13821138211382114
12634,0.9999899,0.14969402165385218
12635,1.0,0.10667023125250635
12636,1.0,0.16923742251693816
12637,1.0,0.19042883778744563
12638,1.0,0.13821138211382114
12639,1.0,0.5896442768321272
12640,1.0,0.14380358534684334
12641,1.0,0.137836853605244
12642,1.0,0.13821138211382114
12643,1.0,0.13821138211382114
12644,1.0,0.18540035362465268
12645,1.0,0.13857566765578636
12646,1.0,0.1378582202111614
12647,1.0,0.18540035362465268
12648,1.0,0.13821138211382114
12649,1.0,0.13825301204819276
12650,1.0,0.13825301204819276
12651,1.0,0.18540035362465268
12652,1.0,0.18540035362465268
12653,1.0,0.14915299100052937
12654,1.0,0.13821138211382114
12655,1.0,0.13821138211382114
12656,1.0,0.18540035362465268
12657,1.0,0.16923742251693816
12658,1.0,0.13821138211382114
12659,1.0,0.1242955541640576
12660,1.0,0.18540035362465268
12661,1.0,0.13794144280108664
12662,1.0,0.13522388059701493
12663,1.0,0.13768115942028986
12664,1.0,0.13821138211382114
12665,1.0,0.49940688018979834
12666,1.0,0.13821138211382114
12667,0.24819377,0.15165386887182516
12668,1.0,0.13821138211382114
12669,1.0,0.13821138211382114
12670,1.0,0.13821138211382114
12671,1.0,0.18540035362465268
12672,1.0,0.13825301204819276
12673,1.0,0.13821138211382114
12674,1.0,0.15
12675,1.0,0.18540035362465268
12676,1.0,0.12095282146160963
12677,1.0,0.1665711009174312
12678,1.0,0.1528528132823824
12679,1.0,0.07847251363827108
12680,0.88651,0.514192849404117
12681,1.0,0.13821138211382114
12682,1.0,0.08999581414817916
12683,1.0,0.13821138211382114
12684,0.9933684,0.1584551524995488
12685,1.0,0.13821138211382114
12686,1.0,0.13821138211382114
12687,1.0,0.13821138211382114
12688,1.0,0.13821138211382114
12689,1.0,0.18540035362465268
12690,1.0,0.13821138211382114
12691,1.0,0.13727245598328858
12692,1.0,0.13821138211382114
12693,0.9999994,0.13922841864018334
12694,1.0,0.1381697772426249
12695,1.0,0.13821138211382114
12696,1.0,0.15294787809740815
12697,1.0,0.13821138211382114
12698,1.0,0.18540035362465268
12699,1.0,0.13821138211382114
12700,1.0,0.31385759089325127
12701,1.0,0.13747758517632994
12702,1.0,0.11759868421052631
12703,1.0,0.13821138211382114
12704,1.0,0.1872575045946498
12705,1.0,0.13888075007324935
12706,1.0,0.13821138211382114
12707,1.0,0.13967489464178207
12708,1.0,0.13843843843843845
12709,1.0,0.13825301204819276
12710,1.0,0.2166262909600918
12711,1.0,0.13821138211382114
12712,1.0,0.24157855913449716
12713,1.0,0.08007626310772165
12714,1.0,0.13821138211382114
12715,1.0,0.13821138211382114
12716,1.0,0.18540035362465268
12717,1.0,0.13492520138089759
12718,1.0,0.14036669672377516
12719,1.0,0.13821138211382114
12720,1.0,0.09527011880744228
12721,1.0,0.13821138211382114
12722,1.0,0.14277180406212664
12723,1.0,0.08384249830278344
12724,1.0,0.1339572974553963
12725,1.0,0.13821138211382114
12726,1.0,0.13821138211382114
12727,1.0,0.13301803133313628
12728,1.0,0.14366471734892788
12729,1.0,0.1417464114832536
12730,1.0,0.32515036209647724
12731,1.0,0.18540035362465268
12732,1.0,0.13751507840772015
12733,0.9999997,0.13686131386861314
12734,1.0,0.18540035362465268
12735,1.0,0.13821138211382114
12736,1.0,0.18540035362465268
12737,1.0,0.13821138211382114
12738,1.0,0.08059410762113464
12739,1.0,0.18540035362465268
12740,1.0,0.13821138211382114
12741,1.0,0.6080501829587036
12742,1.0,0.19371069182389938
12743,1.0,0.13821138211382114
12744,1.0,0.18540035362465268
12745,1.0,0.13821138211382114
12746,1.0,0.14132698601606664
12747,1.0,0.13821138211382114
12748,1.0,0.13795180722891567
12749,1.0,0.27679919476597886
12750,1.0,0.13821138211382114
12751,1.0,0.172782874617737
12752,1.0,0.13411636164982246
12753,1.0,0.14820228003507746
12754,1.0,0.13821138211382114
12755,1.0,0.13933192897983748
12756,1.0,0.13821138211382114
12757,1.0,0.13821138211382114
12758,0.9999952,0.19401065588829688
12759,1.0,0.13647270545890822
12760,1.0,0.17376115927028077
12761,1.0,0.24376081047689646
12762,1.0,0.1409713574097136
12763,1.0,0.18540035362465268
12764,1.0,0.17028380634390652
12765,1.0,0.31274733181436626
12766,1.0,0.1357032457496136
12767,1.0,0.13808664259927797
12768,1.0,0.14611461146114613
12769,0.15988995,0.22865554465161925
12770,1.0,0.18540035362465268
12771,1.0,0.13821138211382114
12772,1.0,0.13821138211382114
12773,1.0,0.13821138211382114
12774,1.0,0.18502147006819905
12775,1.0,0.13821138211382114
12776,1.0,0.11773142112125164
12777,1.0,0.08756476683937824
12778,0.9974417,0.1635893011216566
12779,1.0,0.13821138211382114
12780,1.0,0.13765918738629473
12781,1.0,0.18540035362465268
12782,1.0,0.13821138211382114
12783,1.0,0.13190317437309754
12784,1.0,0.13793103448275862
12785,1.0,0.4808877928483354
12786,0.62461156,0.2905231057940418
12787,0.9199435,0.3355312266733018
12788,1.0,0.13825301204819276
12789,1.0,0.13821138211382114
12790,1.0,0.12278876170655567
12791,1.0,0.14997137950772754
12792,1.0,0.1373134328358209
12793,1.0,0.13821138211382114
12794,1.0,0.13821138211382114
12795,1.0,0.13821138211382114
12796,1.0,0.13821138211382114
12797,1.0,0.14642752131725964
12798,1.0,0.13821138211382114
12799,1.0,0.13821138211382114
12800,1.0,0.13867069486404834
12801,1.0,0.13821138211382114
12802,1.0,0.15322812051649928
12803,1.0,0.37186781261348506
12804,1.0,0.18540035362465268
12805,1.0,0.13821138211382114
12806,1.0,0.13821138211382114
12807,1.0,0.18540035362465268
12808,1.0,0.13821138211382114
12809,1.0,0.1375957572186211
12810,1.0,0.0626865671641791
12811,1.0,0.18540035362465268
12812,0.99706244,0.15646004480955938
12813,1.0,0.13821138211382114
12814,1.0,0.18540035362465268
12815,1.0,0.18540035362465268
12816,1.0,0.13821138211382114
12817,1.0,0.13944171620573792
12818,1.0,0.13821138211382114
12819,1.0,0.13821138211382114
12820,1.0,0.1843899974741096
12821,1.0,0.14084507042253522
12822,1.0,0.13821138211382114
12823,1.0,0.18540035362465268
12824,0.88275105,0.5278058645096056
12825,1.0,0.13825301204819276
12826,1.0,0.4087092801970223
12827,1.0,0.11002829298962591
12828,1.0,0.13821138211382114
12829,1.0,0.13821138211382114
12830,1.0,0.13851249623607348
12831,1.0,0.18540035362465268
12832,1.0,0.13821138211382114
12833,1.0,0.18540035362465268
12834,1.0,0.1382753403933434
12835,1.0,0.13821138211382114
12836,1.0,0.48515728843597694
12837,1.0,0.18540035362465268
12838,1.0,0.13821138211382114
12839,1.0,0.18540035362465268
12840,1.0,0.13821138211382114
12841,1.0,0.13821138211382114
12842,1.0,0.1469208211143695
12843,1.0,0.13821138211382114
12844,1.0,0.14062029509183982
12845,1.0,0.13821138211382114
12846,1.0,0.13821138211382114
12847,1.0,0.1566579634464752
12848,1.0,0.18768920282542886
12849,1.0,0.13755199049316696
12850,1.0,0.5093330422442964
12851,1.0,0.18540035362465268
12852,1.0,0.13821138211382114
12853,1.0,0.13821138211382114
12854,1.0,0.13803496081977096
12855,1.0,0.13821138211382114
12856,1.0,0.13821138211382114
12857,1.0,0.13821138211382114
12858,1.0,0.13821138211382114
12859,1.0,0.13824328403259886
12860,0.99999994,0.13821138211382114
12861,1.0,0.13820156910078454
12862,1.0,0.22819534998154756
12863,1.0,0.13821138211382114
12864,1.0,0.13821138211382114
12865,1.0,0.13821138211382114
12866,1.0,0.12709772951628825
12867,1.0,0.13821138211382114
12868,1.0,0.29912451361867703
12869,1.0,0.13821138211382114
12870,1.0,0.13796212804328223
12871,1.0,0.13821138211382114
12872,1.0,0.13821138211382114
12873,1.0,0.2058513997053252
12874,1.0,0.1383363471971067
12875,1.0,0.13821138211382114
12876,1.0,0.11826109936575052
12877,1.0,0.13825301204819276
12878,1.0,0.13821138211382114
12879,1.0,0.23996465539005302
12880,1.0,0.13821138211382114
12881,1.0,0.13821138211382114
12882,1.0,0.13821138211382114
12883,1.0,0.1262011531069827
12884,1.0,0.18540035362465268
12885,1.0,0.13789981894990946
12886,1.0,0.14020926756352764
12887,0.9999993,0.45708850844802507
12888,1.0,0.0
12889,1.0,0.43271152564956694
12890,1.0,0.18540035362465268
12891,1.0,0.13825301204819276
12892,1.0,0.14057796508127635
12893,1.0,0.13821138211382114
12894,1.0,0.13821138211382114
12895,1.0,0.18540035362465268
12896,1.0,0.17155986724534084
12897,1.0,0.13821138211382114
12898,1.0,0.18540035362465268
12899,1.0,0.13821138211382114
12900,1.0,0.12484811664641556
12901,1.0,0.1350436989004793
12902,1.0,0.13279074748340117
12903,1.0,0.13821138211382114
12904,1.0,0.13821138211382114
12905,1.0,0.1338876146788991
12906,1.0,0.11116520610191497
12907,1.0,0.19525014599961066
12908,1.0,0.4397390535161433
12909,1.0,0.13846153846153847
12910,1.0,0.13825301204819276
12911,1.0,0.13821138211382114
12912,1.0,0.1397169527250828
12913,1.0,0.14100632720699005
12914,1.0,0.13821138211382114
12915,1.0,0.18540035362465268
12916,1.0,0.10634146341463414
12917,1.0,0.42463403476669714
12918,1.0,0.13821138211382114
12919,1.0,0.13821138211382114
12920,1.0,0.13821138211382114
12921,0.9975287,0.154863813229572
12922,1.0,0.14027149321266968
12923,1.0,0.18540035362465268
12924,1.0,0.2048238413941154
12925,1.0,0.13825301204819276
12926,1.0,0.18540035362465268
12927,1.0,0.30143771898030686
12928,1.0,0.1978971085242208
12929,1.0,0.13846153846153847
12930,1.0,0.22821376986037553
12931,1.0,0.03904136064940085
12932,1.0,0.4431483578708947
12933,1.0,0.3301517376407244
12934,1.0,0.13821138211382114
12935,1.0,0.13872832369942195
12936,1.0,0.13821138211382114
12937,1.0,0.13821138211382114
12938,1.0,0.13821138211382114
12939,1.0,0.18540035362465268
12940,1.0,0.14517726282432164
12941,1.0,0.13821138211382114
12942,1.0,0.13777372262773724
12943,1.0,0.18540035362465268
12944,1.0,0.1383363471971067
12945,1.0,0.18540035362465268
12946,1.0,0.13821138211382114
12947,1.0,0.5757199088460742
12948,1.0,0.13821138211382114
12949,1.0,0.13821138211382114
12950,1.0,0.13821138211382114
12951,1.0,0.18540035362465268
12952,0.91398495,0.22260148726075826
12953,1.0,0.13821138211382114
12954,1.0,0.13821138211382114
12955,1.0,0.21668154572120904
12956,1.0,0.14929872853585005
12957,1.0,0.13821138211382114
12958,1.0,0.13821138211382114
12959,0.99999994,0.18540035362465268
12960,1.0,0.18540035362465268
12961,1.0,0.1128442602973434
12962,1.0,0.2017175572519084
12963,1.0,0.14200298953662183
12964,1.0,0.13821138211382114
12965,1.0,0.2687367502182317
12966,1.0,0.13825301204819276
12967,1.0,0.13821138211382114
12968,1.0,0.13847080072245635
12969,1.0,0.18540035362465268
12970,0.59756094,0.3175343501827808
12971,1.0,0.13821138211382114
12972,1.0,0.31246967491508976
12973,1.0,0.13333333333333333
12974,1.0,0.14072494669509594
12975,1.0,0.05905511811023622
12976,1.0,0.13821138211382114
12977,1.0,0.1636904761904762
12978,1.0,0.13821138211382114
12979,1.0,0.18540035362465268
12980,1.0,0.18540035362465268
12981,1.0,0.08473026516306004
12982,1.0,0.13821138211382114
12983,1.0,0.18540035362465268
12984,1.0,0.14395734597156398
12985,1.0,0.18509615384615385
12986,1.0,0.18540035362465268
12987,1.0,0.13821138211382114
12988,0.999577,0.18740503123417188
12989,1.0,0.1381697772426249
12990,0.9997888,0.15361999264976112
12991,0.9999998,0.09738857255055959
12992,1.0,0.13821138211382114
12993,1.0,0.13996983408748115
12994,1.0,0.10630180239442179
12995,1.0,0.1867743563856638
12996,1.0,0.1433591004919185
12997,1.0,0.13825983313468415
12998,0.9999972,0.12389380530973451
12999,1.0,0.13782726452001204
13000,1.0,0.13808664259927797
13001,1.0,0.13719057560393677
13002,1.0,0.13821138211382114
13003,1.0,0.2807606263982103
13004,1.0,0.1383267894895802
13005,1.0,0.12036256323777403
13006,1.0,0.12689054088695206
13007,0.99998325,0.14007537688442212
13008,1.0,0.13721351025331724
13009,1.0,0.13841978287092882
13010,1.0,0.18385140257771038
13011,0.93565434,0.23747122365857978
13012,1.0,0.13821138211382114
13013,1.0,0.1381697772426249
13014,1.0,0.1397469844071786
13015,1.0,0.13821138211382114
13016,1.0,0.11439954467842914
13017,1.0,0.09082308420056764
13018,1.0,0.13821138211382114
13019,1.0,0.14057796508127635
13020,0.9955151,0.15336585365853658
13021,1.0,0.18540035362465268
13022,0.8410254,0.11616708799807392
13023,1.0,0.13821138211382114
13024,1.0,0.18540035362465268
13025,1.0,0.13821138211382114
13026,1.0,0.13851249623607348
13027,1.0,0.13821138211382114
13028,1.0,0.13821138211382114
13029,1.0,0.13821138211382114
13030,1.0,0.1381697772426249
13031,1.0,0.13821138211382114
13032,1.0,0.14277215942891136
13033,1.0,0.13821138211382114
13034,1.0,0.13821138211382114
13035,0.7896605,0.2554851843474327
13036,1.0,0.13821138211382114
13037,1.0,0.12832086664947123
13038,0.9994933,0.15279138099902057
13039,1.0,0.13392857142857142
13040,1.0,0.21691765459788528
13041,1.0,0.18540035362465268
13042,1.0,0.13821138211382114
13043,0.999997,0.13757562177907237
13044,1.0,0.13805522208883553
13045,1.0,0.18692530545408742
13046,1.0,0.13821138211382114
13047,1.0,0.14257064721969007
13048,1.0,0.13762551683402244
13049,0.79162776,0.3806038426349497
13050,1.0,0.1421758569299553
13051,1.0,0.1391767841279242
13052,0.99999994,0.18540035362465268
13053,1.0,0.1373313343328336
13054,1.0,0.13821138211382114
13055,1.0,0.14795474325500435
13056,1.0,0.13821138211382114
13057,1.0,0.13821138211382114
13058,1.0,0.13842913030394222
13059,1.0,0.1634669678147939
13060,1.0,0.1613200105180121
13061,1.0,0.13821138211382114
13062,1.0,0.09330265848670756
13063,1.0,0.1382946670683941
13064,1.0,0.1382946670683941
13065,1.0,0.08372762806006995
13066,1.0,0.13821138211382114
13067,1.0,0.18540035362465268
13068,1.0,0.13821138211382114
13069,1.0,0.13821138211382114
13070,1.0,0.41048966756513927
13071,1.0,0.13821138211382114
13072,1.0,0.13821138211382114
13073,1.0,0.13821138211382114
13074,1.0,0.1420863309352518
13075,1.0,0.13821138211382114
13076,1.0,0.24888613861386139
13077,1.0,0.13764654798089448
13078,1.0,0.13825301204819276
13079,1.0,0.13825301204819276
13080,1.0,0.13825301204819276
13081,1.0,0.6449974606399187
13082,1.0,0.09958419958419959
13083,1.0,0.13821138211382114
13084,1.0,0.13825301204819276
13085,1.0,0.18540035362465268
13086,1.0,0.13821138211382114
13087,1.0,0.18540035362465268
13088,1.0,0.13821138211382114
13089,1.0,0.13857566765578636
13090,1.0,0.13821138211382114
13091,1.0,0.6575052854122622
13092,1.0,0.14021479713603818
13093,0.6024571,0.1857310333277508
13094,1.0,0.18540035362465268
13095,1.0,0.13825301204819276
13096,1.0,0.13821138211382114
13097,0.7276058,0.17738646895273402
13098,1.0,0.13821138211382114
13099,1.0,0.13821138211382114
13100,1.0,0.13821138211382114
13101,1.0,0.13849410341699425
13102,1.0,0.18776796973518284
13103,1.0,0.1379412637199644
13104,1.0,0.13821138211382114
13105,1.0,0.13727245598328858
13106,1.0,0.1382946670683941
13107,1.0,0.13673951565268755
13108,1.0,0.2976046455359303
13109,0.48004335,0.2529270888770623
13110,1.0,0.14070503163603496
13111,1.0,0.18776796973518284
13112,1.0,0.11764705882352941
13113,1.0,0.24234853216739538
13114,1.0,0.1383780524570395
13115,1.0,0.1844526218951242
13116,1.0,0.13821138211382114
13117,1.0,0.14223002633889376
13118,1.0,0.13821138211382114
13119,1.0,0.1165237093380806
13120,1.0,0.13764461584099674
13121,1.0,0.13821138211382114
13122,1.0,0.13708948478457367
13123,1.0,0.13821138211382114
13124,1.0,0.18540035362465268
13125,1.0,0.1383363471971067
13126,1.0,0.14025974025974025
13127,1.0,0.18588205581512818
13128,1.0,0.18540035362465268
13129,1.0,0.11906092789267747
13130,1.0,0.2628642281463112
13131,1.0,0.18540035362465268
13132,1.0,0.13821138211382114
13133,1.0,0.13821138211382114
13134,1.0,0.13953488372093023
13135,1.0,0.16880841121495327
13136,1.0,0.1111111111111111
13137,1.0,0.23420954279307338
13138,1.0,0.18655046519844543
13139,1.0,0.13821138211382114
13140,1.0,0.17789598108747046
13141,1.0,0.010767531750414136
13142,1.0,0.13821138211382114
13143,1.0,0.13821138211382114
13144,1.0,0.18540035362465268
13145,1.0,0.1739011739011739
13146,1.0,0.13821138211382114
13147,0.90222937,0.17700134382799002
13148,0.998615,0.21817634667469155
13149,1.0,0.18540035362465268
13150,1.0,0.13870967741935483
13151,1.0,0.2899365801124806
13152,1.0,0.1391304347826087
13153,1.0,0.1335499845249149
13154,1.0,0.18540035362465268
13155,1.0,0.13821138211382114
13156,1.0,0.18540035362465268
13157,1.0,0.09481808158765159
13158,1.0,0.13602613602613603
13159,1.0,0.13821138211382114
13160,1.0,0.13821138211382114
13161,0.99998313,0.15608945300695073
13162,1.0,0.14504808942032754
13163,1.0,0.13959085439229843
13164,1.0,0.13748881598568446
13165,1.0,0.1482889733840304
13166,1.0,0.5818952154593365
13167,1.0,0.18540035362465268
13168,0.86485493,0.08795518207282914
13169,1.0,0.13821138211382114
13170,1.0,0.13821138211382114
13171,1.0,0.18540035362465268
13172,1.0,0.1340702947845805
13173,1.0,0.09298597194388777
13174,1.0,0.13821138211382114
13175,1.0,0.13821138211382114
13176,1.0,0.18540035362465268
13177,0.95089066,0.560459237413103
13178,1.0,0.1385216346153846
13179,1.0,0.13821138211382114
13180,1.0,0.1871610543574221
13181,1.0,0.13825301204819276
13182,1.0,0.13821138211382114
13183,1.0,0.13841978287092882
13184,1.0,0.18540035362465268
13185,1.0,0.20661803022407504
13186,1.0,0.19142711778173493
13187,1.0,0.0978805394990366
13188,1.0,0.13611821540210287
13189,1.0,0.13821138211382114
13190,1.0,0.13821138211382114
13191,1.0,0.13821138211382114
13192,0.66696477,0.6191608102521703
13193,1.0,0.26242274412855376
13194,1.0,0.18540035362465268
13195,1.0,0.13689936536718042
13196,0.9999858,0.15794527124339894
13197,1.0,0.13825301204819276
13198,1.0,0.13821138211382114
13199,1.0,0.13821138211382114
13200,1.0,0.0962962962962963
13201,1.0,0.13821138211382114
13202,1.0,0.13796212804328223
13203,1.0,0.13821138211382114
13204,1.0,0.18540035362465268
13205,1.0,0.13859020310633213
13206,1.0,0.11938296445338699
13207,1.0,0.14256970393791318
13208,1.0,0.18540035362465268
13209,1.0,0.13821138211382114
13210,1.0,0.13821138211382114
13211,1.0,0.0787037037037037
13212,1.0,0.18540035362465268
13213,1.0,0.1892164273116654
13214,1.0,0.18540035362465268
13215,1.0,0.13779645752026418
13216,1.0,0.13821138211382114
13217,1.0,0.17111959287531806
13218,1.0,0.1381697772426249
13219,1.0,0.16545626776128827
13220,1.0,0.13821138211382114
13221,1.0,0.067317753749564
13222,1.0,0.13821138211382114
13223,1.0,0.13821138211382114
13224,1.0,0.13821138211382114
13225,0.99996865,0.15875192868163895
13226,1.0,0.18540035362465268
13227,1.0,0.13821138211382114
13228,1.0,0.18514776458701693
13229,1.0,0.13825301204819276
13230,1.0,0.13821138211382114
13231,1.0,0.09222248976643391
13232,1.0,0.15607101947308133
13233,1.0,0.18540035362465268
13234,0.99626076,0.24966101694915255
13235,1.0,0.18540035362465268
13236,0.99999934,0.1157594485381507
13237,1.0,0.1386049308478653
13238,1.0,0.13821138211382114
13239,1.0,0.18540035362465268
13240,1.0,0.13635010419767787
13241,1.0,0.18540035362465268
13242,1.0,0.13821138211382114
13243,1.0,0.18540035362465268
13244,0.32411608,0.15999478419611424
13245,1.0,0.18540035362465268
13246,1.0,0.14062029509183982
13247,1.0,0.13821138211382114
13248,1.0,0.13821138211382114
13249,1.0,0.13821138211382114
13250,1.0,0.19526476578411406
13251,1.0,0.13821138211382114
13252,1.0,0.18540035362465268
13253,0.9995513,0.22731216380357452
13254,1.0,0.13821138211382114
13255,1.0,0.13821138211382114
13256,1.0,0.1383363471971067
13257,1.0,0.635901017760926
13258,1.0,0.15607101947308133
13259,1.0,0.13821138211382114
13260,1.0,0.13821138211382114
13261,1.0,0.1890796053520746
13262,1.0,0.13821138211382114
13263,1.0,0.1389810069339765
13264,1.0,0.13821138211382114
13265,1.0,0.13821138211382114
13266,1.0,0.13821138211382114
13267,1.0,0.18540035362465268
13268,1.0,0.1398264223722276
13269,1.0,0.13825301204819276
13270,1.0,0.14422501496110113
13271,0.8472991,0.25480706344015697
13272,1.0,0.16924984500929943
13273,1.0,0.13825301204819276
13274,1.0,0.13821138211382114
13275,1.0,0.18540035362465268
13276,1.0,0.13821138211382114
13277,0.99999994,0.13821138211382114
13278,1.0,0.12488928255093003
13279,1.0,0.13421908893709328
13280,1.0,0.18540035362465268
13281,1.0,0.13821138211382114
13282,0.79096663,0.21937814070351758
13283,1.0,0.13825301204819276
13284,1.0,0.10151073416379539
13285,1.0,0.1399337947637677
13286,1.0,0.1389800178944229
13287,1.0,0.13821138211382114
13288,1.0,0.1852740591058348
13289,1.0,0.18540035362465268
13290,1.0,0.3838476540094069
13291,1.0,0.13934671860952952
13292,1.0,0.41985083189902467
13293,0.99992925,0.1199889411114183
13294,1.0,0.1378687537627935
13295,0.9999973,0.14768404564779591
13296,1.0,0.18540035362465268
13297,1.0,0.13821138211382114
13298,1.0,0.13821138211382114
13299,1.0,0.13821138211382114
13300,1.0,0.13825301204819276
13301,1.0,0.13821138211382114
13302,1.0,0.18540035362465268
13303,1.0,0.13727245598328858
13304,1.0,0.18540035362465268
13305,1.0,0.13821138211382114
13306,1.0,0.20306136778542339
13307,1.0,0.06943135406848884
13308,1.0,0.13821138211382114
13309,1.0,0.3689651121813697
13310,1.0,0.144093567251462
13311,1.0,0.13821138211382114
13312,1.0,0.1593245227606461
13313,1.0,0.13821138211382114
13314,1.0,0.13821138211382114
13315,0.781144,0.13711016792766192
13316,1.0,0.14391691394658754
13317,1.0,0.18637223974763406
13318,1.0,0.09239653512993262
13319,1.0,0.13821138211382114
13320,1.0,0.1378792430159207
13321,1.0,0.13821138211382114
13322,1.0,0.13333333333333333
13323,1.0,0.13868832731648617
13324,1.0,0.13821138211382114
13325,1.0,0.10482326310290789
13326,1.0,0.13765303075544938
13327,1.0,0.1380036079374624
13328,1.0,0.13416075650118203
13329,1.0,0.13821138211382114
13330,1.0,0.6838220822672703
13331,1.0,0.06481096800997092
13332,1.0,0.13821138211382114
13333,0.459962,0.4209201190203708
13334,0.9999986,0.12193779245802368
13335,0.99999976,0.1344333243170138
13336,1.0,0.14006419608987453
13337,1.0,0.13821138211382114
13338,1.0,0.293835952848723
13339,1.0,0.0787037037037037
13340,1.0,0.13619402985074627
13341,1.0,0.15
13342,1.0,0.13821138211382114
13343,1.0,0.15336177127767622
13344,1.0,0.13821138211382114
13345,1.0,0.13295657346817372
13346,1.0,0.13821138211382114
13347,1.0,0.5328412494651262
13348,1.0,0.13821138211382114
13349,1.0,0.13796212804328223
13350,1.0,0.13821138211382114
13351,1.0,0.09223623092236231
13352,1.0,0.1908666582565914
13353,1.0,0.13821138211382114
13354,1.0,0.13821138211382114
13355,1.0,0.13821138211382114
13356,1.0,0.11371895820714718
13357,1.0,0.13821138211382114
13358,1.0,0.18540035362465268
13359,1.0,0.13821138211382114
13360,1.0,0.13821138211382114
13361,1.0,0.09289617486338798
13362,1.0,0.13821138211382114
13363,1.0,0.13821138211382114
13364,1.0,0.18540035362465268
13365,1.0,0.18540035362465268
13366,0.9487412,0.2796161482461946
13367,1.0,0.13821138211382114
13368,1.0,0.13821138211382114
13369,1.0,0.13821138211382114
13370,1.0,0.10192764721415368
13371,1.0,0.13821138211382114
13372,1.0,0.13821138211382114
13373,1.0,0.16062508005635967
13374,1.0,0.18540035362465268
13375,1.0,0.18540035362465268
13376,1.0,0.1262011531069827
13377,1.0,0.13821138211382114
13378,1.0,0.13821138211382114
13379,1.0,0.13821138211382114
13380,1.0,0.13821138211382114
13381,1.0,0.13821138211382114
13382,1.0,0.13821138211382114
13383,1.0,0.18540035362465268
13384,1.0,0.13772274237390517
13385,1.0,0.15052842045129963
13386,1.0,0.1504811898512686
13387,1.0,0.13821138211382114
13388,1.0,0.13825301204819276
13389,1.0,0.1389950044078754
13390,1.0,0.140012070006035
13391,1.0,0.22258652094717668
13392,1.0,0.1379102679915688
13393,1.0,0.11099214846538187
13394,0.75931215,0.3367376294591484
13395,1.0,0.13013698630136986
13396,1.0,0.13821138211382114
13397,1.0,0.13821138211382114
13398,1.0,0.15
13399,0.68624705,0.4016796640671866
13400,1.0,0.15336177127767622
13401,1.0,0.1757373595505618
13402,1.0,0.18520851707194155
13403,1.0,0.13796212804328223
13404,1.0,0.13821138211382114
13405,1.0,0.13399778516057587
13406,1.0,0.20669071011068274
13407,1.0,0.13868832731648617
13408,0.22355181,0.18100212175616126
13409,1.0,0.061160714285714284
13410,1.0,0.13836858006042296
13411,1.0,0.13821138211382114
13412,1.0,0.13821138211382114
13413,1.0,0.18540035362465268
13414,1.0,0.13821138211382114
13415,1.0,0.13821138211382114
13416,0.88861185,0.4594856865599224
13417,1.0,0.1907456305796555
13418,1.0,0.06506238859180036
13419,1.0,0.18540035362465268
13420,1.0,0.18544763221569305
13421,1.0,0.055510644031258424
13422,1.0,0.1876765083440308
13423,0.9999975,0.30936587954364553
13424,1.0,0.13773696682464456
13425,0.8509682,0.5706924315619968
13426,1.0,0.18540035362465268
13427,1.0,0.1965877259994907
13428,1.0,0.18540035362465268
13429,1.0,0.18540035362465268
13430,1.0,0.18540035362465268
13431,1.0,0.13825301204819276
13432,1.0,0.13890559230306676
13433,1.0,0.1843236409608091
13434,1.0,0.16870207327463788
13435,1.0,0.13821138211382114
13436,1.0,0.1370697532744441
13437,1.0,0.1893704209611325
13438,1.0,0.13821138211382114
13439,1.0,0.13821138211382114
13440,1.0,0.17171073590315386
13441,1.0,0.11158493248045487
13442,1.0,0.04157106222162235
13443,1.0,0.13821138211382114
13444,1.0,0.13821138211382114
13445,1.0,0.13920371984888114
13446,1.0,0.13821138211382114
13447,1.0,0.5171891891891892
13448,1.0,0.14057796508127635
13449,1.0,0.11038961038961038
13450,1.0,0.1861198738170347
13451,1.0,0.18540035362465268
13452,1.0,0.13821138211382114
13453,1.0,0.13327969965138106
13454,0.992389,0.0792838874680307
13455,1.0,0.12672268907563025
13456,1.0,0.13821138211382114
13457,1.0,0.6268206408655846
13458,1.0,0.13821138211382114
13459,1.0,0.19648584576767536
13460,1.0,0.1773687513072579
13461,1.0,0.14008941877794337
13462,1.0,0.13821138211382114
13463,0.24700303,0.17420718816067654
13464,1.0,0.10771041789287816
13465,1.0,0.13821138211382114
13466,1.0,0.18540035362465268
13467,0.9999996,0.09374072975378225
13468,1.0,0.18540035362465268
13469,1.0,0.18573232323232322
13470,0.65881604,0.08819638394825813
13471,1.0,0.6272004828488079
13472,1.0,0.13821138211382114
13473,1.0,0.35676625659050965
13474,1.0,0.6321217071676537
13475,1.0,0.1421758569299553
13476,1.0,0.13821138211382114
13477,1.0,0.10684039087947883
13478,1.0,0.13821138211382114
13479,0.9999787,0.10343915343915344
13480,1.0,0.18540035362465268
13481,1.0,0.1577593598170906
13482,1.0,0.18540035362465268
13483,1.0,0.13821138211382114
13484,1.0,0.13980114492316964
13485,1.0,0.13821138211382114
13486,0.99980676,0.13525763358778625
13487,1.0,0.5326027991754367
13488,0.4329369,0.23481209381181126
13489,1.0,0.2907171983689134
13490,1.0,0.13821138211382114
13491,1.0,0.24123913652929632
13492,1.0,0.18722439208769057
13493,1.0,0.18540035362465268
13494,1.0,0.41243131868131866
13495,1.0,0.13821138211382114
13496,1.0,0.18540035362465268
13497,1.0,0.18540035362465268
13498,1.0,0.11172305271439811
13499,1.0,0.13774436090225564
13500,1.0,0.13821138211382114
13501,1.0,0.13825301204819276
13502,1.0,0.13821138211382114
13503,0.9999748,0.3771224307417337
13504,1.0,0.13944575471698112
13505,1.0,0.13821138211382114
13506,1.0,0.13821138211382114
13507,1.0,0.13757087436586093
13508,1.0,0.14458542342874003
13509,1.0,0.18540035362465268
13510,1.0,0.16785227788708945
13511,1.0,0.18540035362465268
13512,1.0,0.10874334064556565
13513,1.0,0.13516068052930058
13514,1.0,0.18540035362465268
13515,1.0,0.0671286271113036
13516,1.0,0.23512244639005203
13517,1.0,0.13821138211382114
13518,1.0,0.18540035362465268
13519,1.0,0.13821138211382114
13520,1.0,0.1384432560903149
13521,1.0,0.13821138211382114
13522,0.9518631,0.11740381157856886
13523,1.0,0.13821138211382114
13524,1.0,0.14255827854154213
13525,1.0,0.13847080072245635
13526,1.0,0.08473026516306004
13527,1.0,0.18540035362465268
13528,1.0,0.13821138211382114
13529,0.9999971,0.04226618705035971
13530,1.0,0.08056222146040452
13531,1.0,0.1367141162514828
13532,1.0,0.18540035362465268
13533,1.0,0.43181049069373945
13534,1.0,0.18540035362465268
13535,1.0,0.13751507840772015
13536,1.0,0.13821138211382114
13537,1.0,0.13820156910078454
13538,1.0,0.1385216346153846
13539,1.0,0.13839687781447013
13540,1.0,0.13821138211382114
13541,1.0,0.13821138211382114
13542,0.5940104,0.3343996344110591
13543,1.0,0.1397169527250828
13544,1.0,0.138763197586727
13545,1.0,0.14131736526946106
13546,1.0,0.5557914852956789
13547,1.0,0.13821138211382114
13548,1.0,0.17712578103776147
13549,1.0,0.13821138211382114
13550,1.0,0.13821138211382114
13551,0.99991953,0.16265441875197972
13552,1.0,0.13813279063851439
13553,1.0,0.13821138211382114
13554,0.9106741,0.4145475372279496
13555,1.0,0.13821138211382114
13556,1.0,0.13821138211382114
13557,1.0,0.18540035362465268
13558,1.0,0.13821138211382114
13559,1.0,0.13573653760569648
13560,1.0,0.1349206349206349
13561,1.0,0.13821138211382114
13562,1.0,0.13821138211382114
13563,1.0,0.13458528951486698
13564,1.0,0.13821138211382114
13565,1.0,0.5248993430811613
13566,1.0,0.20613817097415507
13567,1.0,0.26005556226597415
13568,1.0,0.18540035362465268
13569,1.0,0.13821138211382114
13570,1.0,0.13821138211382114
13571,1.0,0.10108668182966894
13572,1.0,0.14642752131725964
13573,1.0,0.18348506218745994
13574,1.0,0.1400543314216722
13575,1.0,0.13821138211382114
13576,1.0,0.13872832369942195
13577,1.0,0.13821138211382114
13578,1.0,0.153125
13579,1.0,0.13821138211382114
13580,1.0,0.24419185610791905
13581,0.99999994,0.13821138211382114
13582,1.0,0.13821138211382114
13583,1.0,0.13821138211382114
13584,1.0,0.18540035362465268
13585,0.9999578,0.14820936639118457
13586,1.0,0.14472123368920523
13587,1.0,0.13588110403397027
13588,1.0,0.18731079717457114
13589,0.9999947,0.09241854636591479
13590,1.0,0.1497835497835498
13591,1.0,0.0769495018893851
13592,1.0,0.12945527908540685
13593,1.0,0.13821138211382114
13594,0.9134591,0.18779180356216496
13595,1.0,0.13821138211382114
13596,1.0,0.15845070422535212
13597,1.0,0.433264887063655
13598,1.0,0.1390229191797346
13599,1.0,0.13821138211382114
13600,1.0,0.13821138211382114
13601,1.0,0.1399337947637677
13602,1.0,0.49266925398878825
13603,0.99996245,0.15618955512572533
13604,1.0,0.06035535060355351
13605,1.0,0.13821138211382114
13606,0.99999994,0.13821138211382114
13607,1.0,0.13821138211382114
13608,1.0,0.18540035362465268
13609,1.0,0.13821138211382114
13610,1.0,0.13821138211382114
13611,1.0,0.13821138211382114
13612,1.0,0.15319148936170213
13613,1.0,0.1374253123302553
13614,1.0,0.13821138211382114
13615,1.0,0.13821138211382114
13616,1.0,0.13821138211382114
13617,0.7316969,0.7379016263387544
13618,0.99999994,0.19232629372884089
13619,1.0,0.18540035362465268
13620,1.0,0.13821138211382114
13621,1.0,0.13984962406015036
13622,1.0,0.13821138211382114
13623,1.0,0.18540035362465268
13624,1.0,0.4803565533179267
13625,1.0,0.18573232323232322
13626,1.0,0.13821138211382114
13627,1.0,0.13752983293556087
13628,1.0,0.2347621407333994
13629,1.0,0.13821138211382114
13630,1.0,0.13821138211382114
13631,1.0,0.13821138211382114
13632,1.0,0.18540035362465268
13633,1.0,0.13821138211382114
13634,1.0,0.13821138211382114
13635,1.0,0.13802476593174268
13636,1.0,0.1404631322364412
13637,1.0,0.13768115942028986
13638,1.0,0.13821138211382114
13639,1.0,0.13821138211382114
13640,1.0,0.13855421686746988
13641,0.8380815,0.13467233165958542
13642,1.0,0.18540035362465268
13643,1.0,0.19811557788944723
13644,1.0,0.13919855378125942
13645,1.0,0.13821138211382114
13646,1.0,0.18529746115953014
13647,1.0,0.15607101947308133
13648,1.0,0.13821138211382114
13649,1.0,0.3624675631045058
13650,1.0,0.13261602281565985
13651,1.0,0.1373593842510361
13652,1.0,0.13821138211382114
13653,0.6266797,0.4848584235268394
13654,1.0,0.15547768351161934
13655,1.0,0.13821138211382114
13656,1.0,0.13134549038935436
13657,1.0,0.13821138211382114
13658,1.0,0.13716012084592144
13659,1.0,0.13815987933634993
13660,1.0,0.13821138211382114
13661,1.0,0.13821138211382114
13662,1.0,0.13821138211382114
13663,0.9999999,0.08266836897542292
13664,1.0,0.1436932982148083
13665,1.0,0.18540035362465268
13666,1.0,0.13821138211382114
13667,1.0,0.14422501496110113
13668,1.0,0.18540035362465268
13669,1.0,0.13821138211382114
13670,1.0,0.13821138211382114
13671,1.0,0.18698060941828254
13672,1.0,0.13812819741197713
13673,1.0,0.14795474325500435
13674,1.0,0.13821138211382114
13675,1.0,0.13919082125603865
13676,1.0,0.13821138211382114
13677,0.15752603,0.33224431818181815
13678,1.0,0.13765060240963856
13679,1.0,0.1371721435031655
13680,1.0,0.11099691675231244
13681,1.0,0.1692389568919638
13682,1.0,0.13308573197152584
13683,1.0,0.13821138211382114
13684,1.0,0.18540035362465268
13685,1.0,0.13821138211382114
13686,1.0,0.1309913664781185
13687,1.0,0.13821138211382114
13688,0.5712492,0.38700361010830325
13689,1.0,0.18540035362465268
13690,1.0,0.13821138211382114
13691,1.0,0.13824328403259886
13692,1.0,0.13821138211382114
13693,1.0,0.13821138211382114
13694,0.99974144,0.1509066094755313
13695,1.0,0.13825301204819276
13696,1.0,0.18540035362465268
13697,1.0,0.13821138211382114
13698,0.992555,0.15775617658971244
13699,0.8140467,0.37153183799298395
13700,1.0,0.18540035362465268
13701,1.0,0.13924812030075187
13702,1.0,0.13821138211382114
13703,0.82973546,0.04863556338028169
13704,1.0,0.13821138211382114
13705,1.0,0.13825301204819276
13706,0.99999994,0.12680272108843538
13707,1.0,0.4435836982148872
13708,1.0,0.34151232747434235
13709,1.0,0.13821138211382114
13710,1.0,0.13821138211382114
13711,1.0,0.13821138211382114
13712,1.0,0.13821138211382114
13713,1.0,0.18540035362465268
13714,1.0,0.23767051416579224
13715,1.0,0.1396773229757992
13716,1.0,0.06903914590747331
13717,1.0,0.13821138211382114
13718,1.0,0.13821138211382114
13719,0.8025232,0.5548645514915147
13720,1.0,0.1381697772426249
13721,1.0,0.13821138211382114
13722,1.0,0.13821138211382114
13723,1.0,0.2658307210031348
13724,1.0,0.18540035362465268
13725,1.0,0.1488560671879525
13726,1.0,0.13821138211382114
13727,1.0,0.13821138211382114
13728,1.0,0.13821138211382114
13729,1.0,0.13825301204819276
13730,1.0,0.1383780524570395
13731,1.0,0.13821138211382114
13732,1.0,0.13821138211382114
13733,1.0,0.1381697772426249
13734,1.0,0.12967032967032968
13735,1.0,0.18540035362465268
13736,1.0,0.13821138211382114
13737,1.0,0.5295388270871585
13738,1.0,0.18540035362465268
13739,1.0,0.13821138211382114
13740,1.0,0.12130707251566697
13741,1.0,0.18540035362465268
13742,1.0,0.18540035362465268
13743,1.0,0.13821138211382114
13744,1.0,0.12740010378827193
13745,1.0,0.18078093306288032
13746,1.0,0.18540035362465268
13747,1.0,0.376804677246152
13748,1.0,0.13821138211382114
13749,1.0,0.1444805194805195
13750,1.0,0.4342375199452929
13751,0.9338867,0.31812880653103537
13752,1.0,0.18540035362465268
13753,1.0,0.13808801213960548
13754,1.0,0.13821138211382114
13755,1.0,0.1486318407960199
13756,1.0,0.13821138211382114
13757,1.0,0.18540035362465268
13758,0.78546536,0.1853895387331715
13759,1.0,0.14395734597156398
13760,1.0,0.13821138211382114
13761,1.0,0.18540035362465268
13762,1.0,0.18540035362465268
13763,1.0,0.13821138211382114
13764,1.0,0.13725490196078433
13765,1.0,0.19175672279467204
13766,1.0,0.13757885250826074
13767,1.0,0.18540035362465268
13768,1.0,0.14127174565086983
13769,1.0,0.13821138211382114
13770,1.0,0.18540035362465268
13771,1.0,0.13821138211382114
13772,1.0,0.2891725882211249
13773,1.0,0.13821138211382114
13774,1.0,0.18540035362465268
13775,1.0,0.13821138211382114
13776,1.0,0.13821138211382114
13777,1.0,0.18540035362465268
13778,1.0,0.14002403846153846
13779,1.0,0.18540035362465268
13780,1.0,0.3642012187836062
13781,1.0,0.13821138211382114
13782,1.0,0.18540035362465268
13783,1.0,0.13821138211382114
13784,0.99999994,0.18552664814347058
13785,1.0,0.18540035362465268
13786,1.0,0.13821138211382114
13787,0.99999994,0.13821138211382114
13788,1.0,0.13776579814315662
13789,1.0,0.18540035362465268
13790,1.0,0.3714013799666905
13791,1.0,0.13821138211382114
13792,1.0,0.13821138211382114
13793,0.99789685,0.30597123347377597
13794,1.0,0.06424185167690127
13795,0.9972435,0.08106396453451552
13796,1.0,0.18540035362465268
13797,1.0,0.15195369030390737
13798,0.8130962,0.25888787602552416
13799,0.894721,0.3593563118408177
13800,1.0,0.18540035362465268
13801,1.0,0.18540035362465268
13802,1.0,0.18540035362465268
13803,1.0,0.13821138211382114
13804,1.0,0.18540035362465268
13805,0.9999998,0.13748558246828144
13806,1.0,0.13821138211382114
13807,1.0,0.1381697772426249
13808,0.9981517,0.09510869565217392
13809,1.0,0.11933797909407666
13810,1.0,0.12503739156446306
13811,1.0,0.13821138211382114
13812,1.0,0.13428488202738129
13813,1.0,0.13639070875521145
13814,1.0,0.13795180722891567
13815,1.0,0.13821138211382114
13816,1.0,0.18540035362465268
13817,1.0,0.6025601321358521
13818,1.0,0.13777777777777778
13819,1.0,0.14678899082568808
13820,1.0,0.15321739130434783
13821,1.0,0.14068100358422939
13822,1.0,0.13821138211382114
13823,1.0,0.6957241647998441
13824,1.0,0.13821138211382114
13825,1.0,0.18540035362465268
13826,1.0,0.13821138211382114
13827,1.0,0.13188871054039594
13828,1.0,0.13821138211382114
13829,1.0,0.13919855378125942
13830,1.0,0.13821138211382114
13831,1.0,0.13801380138013802
13832,1.0,0.13754093480202442
13833,1.0,0.14084507042253522
13834,1.0,0.18540035362465268
13835,1.0,0.14027149321266968
13836,1.0,0.06902035623409669
13837,1.0,0.13996983408748115
13838,1.0,0.13821138211382114
13839,1.0,0.13821138211382114
13840,1.0,0.13821138211382114
13841,1.0,0.12520840280093365
13842,1.0,0.18540035362465268
13843,1.0,0.13815987933634993
13844,1.0,0.13825301204819276
13845,1.0,0.12590327959977765
13846,1.0,0.18540035362465268
13847,1.0,0.13821138211382114
13848,1.0,0.15930199831128625
13849,1.0,0.13821138211382114
13850,1.0,0.18540035362465268
13851,1.0,0.1426130389064143
13852,1.0,0.18540035362465268
13853,1.0,0.138076575218571
13854,1.0,0.4284251251706873
13855,0.9253577,0.10933028048082427
13856,1.0,0.18679934500566822
13857,1.0,0.13821138211382114
13858,1.0,0.13821138211382114
13859,1.0,0.10503067484662576
13860,1.0,0.5395449620801733
13861,1.0,0.18540035362465268
13862,1.0,0.13821138211382114
13863,1.0,0.3452697798209533
13864,1.0,0.13782726452001204
13865,1.0,0.1380036079374624
13866,0.8333599,0.33051665861902463
13867,1.0,0.13821138211382114
13868,1.0,0.13821138211382114
13869,1.0,0.13782726452001204
13870,1.0,0.13821138211382114
13871,1.0,0.14217012323414488
13872,1.0,0.14683082535339717
13873,1.0,0.18540035362465268
13874,1.0,0.13821138211382114
13875,1.0,0.13821138211382114
13876,1.0,0.18540035362465268
13877,1.0,0.36218705715635335
13878,1.0,0.13702801461632155
13879,1.0,0.18540035362465268
13880,1.0,0.13821138211382114
13881,1.0,0.13821138211382114
13882,1.0,0.13825301204819276
13883,1.0,0.13821138211382114
13884,0.9999998,0.13284518828451883
13885,1.0,0.13817187974491346
13886,1.0,0.18540035362465268
13887,1.0,0.18667171525937146
13888,1.0,0.22905236907730672
13889,1.0,0.18795666414714035
13890,1.0,0.1817079087821446
13891,1.0,0.13825301204819276
13892,1.0,0.13821138211382114
13893,1.0,0.13821138211382114
13894,1.0,0.18540035362465268
13895,1.0,0.13821138211382114
13896,1.0,0.13821138211382114
13897,1.0,0.20220016740404162
13898,1.0,0.15323720667232119
13899,1.0,0.1382946670683941
13900,1.0,0.13821138211382114
13901,1.0,0.13821138211382114
13902,1.0,0.13821138211382114
13903,1.0,0.13821138211382114
13904,1.0,0.13712886440159167
13905,1.0,0.13821138211382114
13906,1.0,0.13821138211382114
13907,1.0,0.13806766229807985
13908,1.0,0.15547768351161934
13909,1.0,0.13821138211382114
13910,1.0,0.18540035362465268
13911,1.0,0.18540035362465268
13912,1.0,0.18540035362465268
13913,1.0,0.13821138211382114
13914,1.0,0.13821138211382114
13915,1.0,0.13824328403259886
13916,1.0,0.18540035362465268
13917,1.0,0.13825301204819276
13918,1.0,0.13825301204819276
13919,1.0,0.13821138211382114
13920,0.99999994,0.13812819741197713
13921,1.0,0.1908666582565914
13922,1.0,0.1366478118487645
13923,1.0,0.18540035362465268
13924,1.0,0.5662714376455643
13925,1.0,0.13821138211382114
13926,1.0,0.13821138211382114
13927,1.0,0.13821138211382114
13928,1.0,0.1802076970067196
13929,1.0,0.18805142425006302
13930,1.0,0.13931701420368692
13931,1.0,0.13953488372093023
13932,1.0,0.13977239568135397
13933,1.0,0.13821138211382114
13934,1.0,0.1403985507246377
13935,1.0,0.13821138211382114
13936,1.0,0.13825301204819276
13937,1.0,0.13821138211382114
13938,1.0,0.13808664259927797
13939,1.0,0.2060189165950129
13940,1.0,0.13755341880341881
13941,1.0,0.13821138211382114
13942,1.0,0.1457345971563981
13943,1.0,0.13821138211382114
13944,1.0,0.1857557772446016
13945,1.0,0.18540035362465268
13946,1.0,0.13825301204819276
13947,1.0,0.31453234007331204
13948,1.0,0.13821138211382114
13949,1.0,0.16364474492931777
13950,1.0,0.13821138211382114
13951,1.0,0.18545638176997853
13952,0.9059745,0.29820770306342953
13953,1.0,0.13821138211382114
13954,1.0,0.18540035362465268
13955,1.0,0.13821138211382114
13956,1.0,0.13821138211382114
13957,1.0,0.18540035362465268
13958,1.0,0.18540035362465268
13959,1.0,0.13821138211382114
13960,1.0,0.13821138211382114
13961,1.0,0.13821138211382114
13962,1.0,0.097052575677111
13963,1.0,0.18540035362465268
13964,1.0,0.18540035362465268
13965,0.95628405,0.03938053097345133
13966,1.0,0.13821138211382114
13967,1.0,0.13821138211382114
13968,1.0,0.14230947955390336
13969,1.0,0.18540035362465268
13970,1.0,0.13824328403259886
13971,1.0,0.10617958347558894
13972,1.0,0.14799926913941167
13973,1.0,0.1471016603553743
13974,1.0,0.13821138211382114
13975,0.99999696,0.10244040862656073
13976,1.0,0.13821138211382114
13977,1.0,0.09807126511932004
13978,1.0,0.18540035362465268
13979,1.0,0.13821138211382114
13980,1.0,0.18540035362465268
13981,1.0,0.1383363471971067
13982,1.0,0.13821138211382114
13983,1.0,0.13473983950297697
13984,1.0,0.13821138211382114
13985,0.7452533,0.33396392987766427
13986,1.0,0.13897280966767372
13987,1.0,0.13821138211382114
13988,1.0,0.14119409866297833
13989,1.0,0.12219029913807673
13990,1.0,0.13824328403259886
13991,1.0,0.13821138211382114
13992,1.0,0.13821138211382114
13993,1.0,0.13821138211382114
13994,1.0,0.12152641878669276
13995,1.0,0.14602156805596037
13996,1.0,0.13821138211382114
13997,1.0,0.13758488337762032
13998,1.0,0.1390229191797346
13999,1.0,0.1375980687990344
14000,1.0,0.13821138211382114
14001,0.9705962,0.7568979109184075
14002,1.0,0.2017175572519084
14003,1.0,0.4101947308132875
14004,0.9999997,0.13162492719860222
14005,1.0,0.16034031413612565
14006,1.0,0.13821138211382114
14007,1.0,0.06298850574712643
14008,1.0,0.13821138211382114
14009,1.0,0.18540035362465268
14010,1.0,0.13821138211382114
14011,1.0,0.538262556585471
14012,1.0,0.13821138211382114
14013,1.0,0.13825301204819276
14014,1.0,0.13821138211382114
14015,1.0,0.11974865350089767
14016,1.0,0.3704745166959578
14017,1.0,0.13754869643392267
14018,1.0,0.14294060370009737
14019,0.999801,0.09195402298850575
14020,1.0,0.13825301204819276
14021,1.0,0.18540035362465268
14022,1.0,0.13821138211382114
14023,1.0,0.5705263157894737
14024,1.0,0.14230077890952667
14025,1.0,0.13821138211382114
14026,1.0,0.13821138211382114
14027,1.0,0.13821138211382114
14028,1.0,0.13821138211382114
14029,1.0,0.18540035362465268
14030,1.0,0.13822115384615385
14031,1.0,0.13821138211382114
14032,1.0,0.2467052592683828
14033,1.0,0.13821138211382114
14034,1.0,0.14497041420118342
14035,1.0,0.13821138211382114
14036,1.0,0.18552664814347058
14037,1.0,0.13821138211382114
14038,1.0,0.13821138211382114
14039,1.0,0.1396969696969697
14040,1.0,0.14277215942891136
14041,1.0,0.13821138211382114
14042,1.0,0.13821138211382114
14043,1.0,0.13821138211382114
14044,1.0,0.199719800747198
14045,1.0,0.13867069486404834
14046,1.0,0.13812819741197713
14047,1.0,0.13722539873608186
14048,1.0,0.37164930352335246
14049,1.0,0.13821138211382114
14050,1.0,0.3356968499360688
14051,0.8449596,0.3322199955466488
14052,1.0,0.18540035362465268
14053,1.0,0.18414063488048565
14054,1.0,0.1433556266356499
14055,1.0,0.13755656108597286
14056,0.9124324,0.32854921660088504
14057,1.0,0.13821138211382114
14058,1.0,0.13821138211382114
14059,1.0,0.13953488372093023
14060,1.0,0.13821138211382114
14061,1.0,0.14936562860438293
14062,1.0,0.1438316117715845
14063,1.0,0.21433530024297118
14064,1.0,0.13821138211382114
14065,1.0,0.13825301204819276
14066,1.0,0.12167013036085396
14067,1.0,0.3914868804664723
14068,1.0,0.18540035362465268
14069,1.0,0.13821138211382114
14070,0.99999887,0.13387912352516254
14071,1.0,0.1485697606538237
14072,1.0,0.13821138211382114
14073,1.0,0.14036669672377516
14074,1.0,0.18540035362465268
14075,1.0,0.15336177127767622
14076,1.0,0.13821138211382114
14077,0.76642257,0.15586350767396812
14078,1.0,0.19637462235649547
14079,1.0,0.13808664259927797
14080,1.0,0.13821138211382114
14081,1.0,0.14327571051860533
14082,1.0,0.18540035362465268
14083,1.0,0.08473026516306004
14084,1.0,0.14753623188405798
14085,1.0,0.14068100358422939
14086,1.0,0.13821138211382114
14087,1.0,0.18540035362465268
14088,1.0,0.13821138211382114
14089,1.0,0.4213673285198556
14090,1.0,0.18540035362465268
14091,1.0,0.13828502415458938
14092,1.0,0.18540035362465268
14093,1.0,0.18634010857214997
14094,1.0,0.18540035362465268
14095,1.0,0.18540035362465268
14096,1.0,0.0810359231411863
14097,1.0,0.13821138211382114
14098,1.0,0.13821138211382114
14099,1.0,0.13821138211382114
14100,1.0,0.13821138211382114
14101,1.0,0.13739078035552876
14102,1.0,0.11100138257949832
14103,1.0,0.18540035362465268
14104,1.0,0.18540035362465268
14105,0.9998865,0.15982456140350876
14106,1.0,0.13821138211382114
14107,1.0,0.13821138211382114
14108,1.0,0.13821138211382114
14109,1.0,0.40162696106914586
14110,1.0,0.14204715010444643
14111,1.0,0.1827020202020202
14112,1.0,0.13636363636363635
14113,0.9938556,0.1645306546588154
14114,1.0,0.18540035362465268
14115,1.0,0.13821138211382114
14116,1.0,0.14002911208151383
14117,1.0,0.18540035362465268
14118,1.0,0.1397169527250828
14119,1.0,0.13825301204819276
14120,1.0,0.1341400172860847
14121,1.0,0.13846153846153847
14122,1.0,0.13821138211382114
14123,0.9165555,0.5034626800043971
14124,1.0,0.13821138211382114
14125,0.9984407,0.0844354018311292
14126,1.0,0.13821138211382114
14127,1.0,0.13821138211382114
14128,1.0,0.14006612563871357
14129,1.0,0.16750418760469013
14130,1.0,0.1375980687990344
14131,1.0,0.13821138211382114
14132,1.0,0.13903213010710036
14133,1.0,0.13751507840772015
14134,1.0,0.137125748502994
14135,1.0,0.1545138888888889
14136,1.0,0.13821138211382114
14137,1.0,0.13821138211382114
14138,1.0,0.07032967032967033
14139,1.0,0.13821138211382114
14140,1.0,0.13821138211382114
14141,1.0,0.13821138211382114
14142,1.0,0.1849981058214421
14143,1.0,0.13821138211382114
14144,1.0,0.18540035362465268
14145,1.0,0.13821138211382114
14146,1.0,0.13821138211382114
14147,0.969678,0.12836647369745785
14148,1.0,0.13796212804328223
14149,1.0,0.18540035362465268
14150,1.0,0.13825301204819276
14151,1.0,0.13825301204819276
14152,1.0,0.1802076970067196
14153,1.0,0.14051801131289074
14154,1.0,0.13821138211382114
14155,1.0,0.14526627218934912
14156,1.0,0.13821138211382114
14157,1.0,0.13821138211382114
14158,1.0,0.11594202898550725
14159,1.0,0.13959085439229843
14160,1.0,0.13821138211382114
14161,1.0,0.13821138211382114
14162,1.0,0.13801308744794766
14163,1.0,0.13815987933634993
14164,0.9376863,0.44651213407334855
14165,1.0,0.13834586466165413
14166,1.0,0.122165820642978
14167,1.0,0.13821138211382114
14168,1.0,0.14273023393544565
14169,1.0,0.18540035362465268
14170,1.0,0.1721194879089616
14171,1.0,0.44488755954359144
14172,1.0,0.4417980543441798
14173,1.0,0.1380451127819549
14174,1.0,0.18540035362465268
14175,0.99999994,0.13821138211382114
14176,1.0,0.13821138211382114
14177,1.0,0.10370754472387866
14178,0.9999999,0.1342036553524804
14179,1.0,0.18644281747033578
14180,0.9040456,0.24716359643772112
14181,1.0,0.18592330978809282
14182,1.0,0.1414027149321267
14183,1.0,0.13877551020408163
14184,1.0,0.14213046080191502
14185,1.0,0.14327330508474576
14186,1.0,0.13821138211382114
14187,1.0,0.156208572691118
14188,1.0,0.07461442267611505
14189,1.0,0.13821138211382114
14190,1.0,0.13821138211382114
14191,1.0,0.15144441202217684
14192,1.0,0.13821138211382114
14193,1.0,0.14413341274568195
14194,1.0,0.13643133750372358
14195,1.0,0.13821138211382114
14196,1.0,0.13897904986721746
14197,1.0,0.1622695035460993
14198,1.0,0.18540035362465268
14199,1.0,0.13782726452001204
14200,1.0,0.18535353535353535
14201,1.0,0.13821138211382114
14202,1.0,0.13821138211382114
14203,1.0,0.1381697772426249
14204,1.0,0.13821138211382114
14205,1.0,0.16539866098600123
14206,1.0,0.13821138211382114
14207,1.0,0.13821138211382114
14208,1.0,0.13821138211382114
14209,1.0,0.13778580024067388
14210,1.0,0.13825301204819276
14211,1.0,0.14119402985074628
14212,1.0,0.13821138211382114
14213,1.0,0.13821138211382114
14214,1.0,0.13821138211382114
14215,1.0,0.13821138211382114
14216,1.0,0.08473026516306004
14217,0.77338564,0.2509736719115127
14218,1.0,0.18456291056088933
14219,1.0,0.15615671641791046
14220,1.0,0.1505235602094241
14221,1.0,0.47934246575342465
14222,1.0,0.13825301204819276
14223,1.0,0.1383399209486166
14224,1.0,0.13821138211382114
14225,1.0,0.13803496081977096
14226,1.0,0.18540035362465268
14227,1.0,0.571620921802175
14228,1.0,0.13821138211382114
14229,1.0,0.13821138211382114
14230,1.0,0.14100632720699005
14231,1.0,0.18537694153302184
14232,1.0,0.13821138211382114
14233,1.0,0.18540035362465268
14234,1.0,0.13821138211382114
14235,1.0,0.1378582202111614
14236,1.0,0.13840096910963054
14237,1.0,0.16286327286912425
14238,1.0,0.1852740591058348
14239,1.0,0.1373887240356083
14240,1.0,0.1378687537627935
14241,1.0,0.13825301204819276
14242,1.0,0.13739545997610514
14243,1.0,0.18540035362465268
14244,1.0,0.13821138211382114
14245,1.0,0.6274111675126903
14246,1.0,0.13825301204819276
14247,1.0,0.13821138211382114
14248,1.0,0.15710632078918524
14249,1.0,0.18484477124183007
14250,1.0,0.13821138211382114
14251,0.85044134,0.3037306870996106
14252,1.0,0.14380358534684334
14253,1.0,0.13391252246854404
14254,1.0,0.18555008210180624
14255,1.0,0.13821138211382114
14256,1.0,0.1376941457586619
14257,1.0,0.18540035362465268
14258,1.0,0.6130770795200325
14259,1.0,0.08473026516306004
14260,1.0,0.25284339457567806
14261,1.0,0.13818404157749922
14262,1.0,0.13825301204819276
14263,1.0,0.13821138211382114
14264,0.86647594,0.4635791366906475
14265,1.0,0.5765957446808511
14266,1.0,0.19026104417670683
14267,0.83619404,0.28253275109170306
14268,1.0,0.18540035362465268
14269,1.0,0.35728542914171657
14270,1.0,0.14150731158605173
14271,1.0,0.13821138211382114
14272,1.0,0.13821138211382114
14273,1.0,0.18540035362465268
14274,1.0,0.13821138211382114
14275,0.95903826,0.153918791312559
14276,1.0,0.5276219249028917
14277,1.0,0.13821138211382114
14278,1.0,0.12244369660885322
14279,1.0,0.18540035362465268
14280,1.0,0.194343180389692
14281,1.0,0.13821138211382114
14282,1.0,0.1488318430920104
14283,1.0,0.1417910447761194
14284,1.0,0.13821138211382114
14285,1.0,0.1367826345524829
14286,1.0,0.13825301204819276
14287,1.0,0.18445006321112517
14288,1.0,0.13821138211382114
14289,1.0,0.13821138211382114
14290,1.0,0.14251386321626616
14291,1.0,0.13825301204819276
14292,1.0,0.13986223420185684
14293,1.0,0.13825301204819276
14294,1.0,0.13821138211382114
14295,1.0,0.18540035362465268
14296,1.0,0.13825301204819276
14297,1.0,0.1382946670683941
14298,0.7424261,0.6504923358034718
14299,1.0,0.14551357733175915
14300,1.0,0.19161676646706588
14301,1.0,0.1374580920451082
14302,1.0,0.13821138211382114
14303,1.0,0.13821138211382114
14304,1.0,0.13821138211382114
14305,1.0,0.13830426939266385
14306,1.0,0.13821138211382114
14307,1.0,0.1390229191797346
14308,1.0,0.13821138211382114
14309,1.0,0.13821138211382114
14310,1.0,0.18540035362465268
14311,1.0,0.13821138211382114
14312,1.0,0.12970320168263613
14313,1.0,0.18540035362465268
14314,1.0,0.13821138211382114
14315,1.0,0.13841978287092882
14316,0.85351825,0.6190426091530773
14317,1.0,0.13821138211382114
14318,1.0,0.18540035362465268
14319,1.0,0.13739078035552876
14320,1.0,0.13821138211382114
14321,1.0,0.13205551883674818
14322,1.0,0.13840096910963054
14323,1.0,0.13821138211382114
14324,0.9819959,0.1521099116781158
14325,1.0,0.13821138211382114
14326,1.0,0.13821138211382114
14327,1.0,0.4336934038152149
14328,1.0,0.13825301204819276
14329,1.0,0.13821138211382114
14330,1.0,0.13821138211382114
14331,1.0,0.18540035362465268
14332,1.0,0.22111191860465115
14333,1.0,0.13846153846153847
14334,1.0,0.18540035362465268
14335,1.0,0.391118800461361
14336,1.0,0.13821138211382114
14337,0.9284501,0.5051805653354793
14338,1.0,0.1375980687990344
14339,1.0,0.13821138211382114
14340,1.0,0.18540035362465268
14341,1.0,0.13821138211382114
14342,1.0,0.13821138211382114
14343,0.86602145,0.2436841345459795
14344,1.0,0.13821138211382114
14345,0.9999992,0.12266213262084041
14346,1.0,0.4197759038928035
14347,1.0,0.13315696649029982
14348,1.0,0.18646635525817448
14349,1.0,0.13821138211382114
14350,0.9994249,0.16393979057591623
14351,1.0,0.0899496282082034
14352,1.0,0.18540035362465268
14353,1.0,0.13821138211382114
14354,1.0,0.13821138211382114
14355,1.0,0.19161676646706588
14356,1.0,0.14015037593984964
14357,1.0,0.13821138211382114
14358,1.0,0.1381697772426249
14359,1.0,0.6719351970759656
14360,1.0,0.13821138211382114
14361,1.0,0.13757885250826074
14362,1.0,0.13825301204819276
14363,0.7757001,0.2947710647520997
14364,1.0,0.13821138211382114
14365,1.0,0.13821138211382114
14366,1.0,0.4053469852104664
14367,1.0,0.18540035362465268
14368,1.0,0.13821138211382114
14369,0.7848477,0.37353801169590645
14370,1.0,0.1389810069339765
14371,1.0,0.12249134948096886
14372,1.0,0.18592330978809282
14373,1.0,0.18757873519778281
14374,1.0,0.13821138211382114
14375,1.0,0.13821138211382114
14376,1.0,0.18703493504855592
14377,1.0,0.13820164937483373
14378,1.0,0.13821138211382114
14379,1.0,0.13821138211382114
14380,1.0,0.13821138211382114
14381,1.0,0.13821138211382114
14382,1.0,0.18540035362465268
14383,1.0,0.18540035362465268
14384,1.0,0.14743998300403655
14385,1.0,0.14678362573099416
14386,1.0,0.13821138211382114
14387,1.0,0.13842913030394222
14388,1.0,0.18540035362465268
14389,1.0,0.37885863993621144
14390,1.0,0.18540035362465268
14391,1.0,0.18540035362465268
14392,1.0,0.13808664259927797
14393,1.0,0.13812819741197713
14394,1.0,0.1140495867768595
14395,1.0,0.1399337947637677
14396,1.0,0.13821138211382114
14397,1.0,0.13849410341699425
14398,1.0,0.1382238070979793
14399,1.0,0.13820156910078454
14400,1.0,0.13821138211382114
14401,1.0,0.13821138211382114
14402,1.0,0.14047252182845404
14403,1.0,0.13821138211382114
14404,1.0,0.11523259349346306
14405,1.0,0.13821138211382114
14406,1.0,0.18540035362465268
14407,1.0,0.38358419567262464
14408,0.9999999,0.13537906137184116
14409,1.0,0.1380036079374624
14410,1.0,0.07075962539021852
14411,1.0,0.13821138211382114
14412,1.0,0.13821138211382114
14413,1.0,0.13821138211382114
14414,1.0,0.14090520922288644
14415,1.0,0.1383363471971067
14416,1.0,0.13821138211382114
14417,1.0,0.13821138211382114
14418,1.0,0.13821138211382114
14419,1.0,0.21311475409836064
14420,1.0,0.1764554684487855
14421,1.0,0.13868177751267521
14422,1.0,0.18540035362465268
14423,1.0,0.13821138211382114
14424,1.0,0.13821138211382114
14425,1.0,0.13719057560393677
14426,1.0,0.3996782348885314
14427,1.0,0.18540035362465268
14428,1.0,0.13821138211382114
14429,1.0,0.13734427225767243
14430,1.0,0.13821138211382114
14431,0.9999989,0.14254062038404727
14432,1.0,0.1867910259642047
14433,1.0,0.13821138211382114
14434,1.0,0.46289909889865394
14435,1.0,0.13821138211382114
14436,1.0,0.18540035362465268
14437,0.9999604,0.1580690135935866
14438,1.0,0.13821138211382114
14439,1.0,0.17044435907286465
14440,1.0,0.06692803136376366
14441,0.64199287,0.5223367697594502
14442,1.0,0.18540035362465268
14443,1.0,0.13825301204819276
14444,0.99999815,0.11025570525158097
14445,1.0,0.18341549740867147
14446,1.0,0.13821138211382114
14447,0.8536294,0.19299145299145298
14448,1.0,0.13821138211382114
14449,1.0,0.2273029597605587
14450,1.0,0.14746155466610492
14451,1.0,0.13821138211382114
14452,1.0,0.13821138211382114
14453,1.0,0.18502147006819905
14454,1.0,0.14006612563871357
14455,0.9518813,0.22340587429614975
14456,1.0,0.13821138211382114
14457,1.0,0.13821138211382114
14458,1.0,0.13821138211382114
14459,1.0,0.13821138211382114
14460,1.0,0.13821138211382114
14461,1.0,0.08474106895596788
14462,0.9999997,0.15457897971727105
14463,1.0,0.5596330275229358
14464,1.0,0.13821138211382114
14465,1.0,0.12491867273910215
14466,1.0,0.13863773357444242
14467,1.0,0.18540035362465268
14468,1.0,0.1622695035460993
14469,1.0,0.1305832147937411
14470,1.0,0.13821138211382114
14471,1.0,0.2094327597195666
14472,0.9999697,0.15688847235238987
14473,1.0,0.14097180563887224
14474,1.0,0.20306136778542339
14475,1.0,0.06430536451169189
14476,1.0,0.13821138211382114
14477,1.0,0.13821138211382114
14478,1.0,0.14084507042253522
14479,1.0,0.1469208211143695
14480,1.0,0.138855421686747
14481,1.0,0.13821138211382114
14482,1.0,0.13821138211382114
14483,0.9773057,0.1820067898906073
14484,0.99999994,0.13821138211382114
14485,1.0,0.13821138211382114
14486,1.0,0.13852682631100333
14487,1.0,0.13821138211382114
14488,1.0,0.13821138211382114
14489,1.0,0.1617971334068357
14490,1.0,0.13821138211382114
14491,1.0,0.13743651030773826
14492,1.0,0.13282842994465482
14493,1.0,0.18540035362465268
14494,1.0,0.1831288731503731
14495,0.92791975,0.48425885439440314
14496,1.0,0.14445425125036776
14497,1.0,0.14523314523314523
14498,1.0,0.48997576558713374
14499,1.0,0.18540035362465268
14500,1.0,0.13825301204819276
14501,1.0,0.18540035362465268
14502,1.0,0.1370513200830614
14503,1.0,0.18540035362465268
14504,1.0,0.13821138211382114
14505,1.0,0.13821138211382114
14506,1.0,0.13821138211382114
14507,1.0,0.13821138211382114
14508,0.95415026,0.1627450980392157
14509,1.0,0.1382946670683941
14510,1.0,0.13821138211382114
14511,1.0,0.13734427225767243
14512,1.0,0.09875876956287102
14513,1.0,0.13821138211382114
14514,1.0,0.13821138211382114
14515,1.0,0.07165326808808109
14516,1.0,0.13821138211382114
14517,1.0,0.20089955022488756
14518,1.0,0.13821138211382114
14519,1.0,0.13821138211382114
14520,0.31643763,0.10431034482758621
14521,1.0,0.13821138211382114
14522,1.0,0.18540035362465268
14523,1.0,0.2326576860128415
14524,1.0,0.1346039309112567
14525,1.0,0.11301324060452053
14526,1.0,0.13825301204819276
14527,1.0,0.18823973810123396
14528,0.41001734,0.31980386815581585
14529,1.0,0.1528528132823824
14530,1.0,0.13821138211382114
14531,1.0,0.13498379015620396
14532,1.0,0.18540035362465268
14533,1.0,0.13821138211382114
14534,1.0,0.13821138211382114
14535,1.0,0.13914880772713553
14536,1.0,0.36167468042687934
14537,1.0,0.13931701420368692
14538,1.0,0.13821138211382114
14539,0.99999994,0.13825301204819276
14540,1.0,0.14075187969924813
14541,1.0,0.13821138211382114
14542,1.0,0.18540035362465268
14543,1.0,0.13857791225416036
14544,1.0,0.13821138211382114
14545,1.0,0.5031474323578133
14546,1.0,0.13821138211382114
14547,1.0,0.13755656108597286
14548,0.9999953,0.16538081107814046
14549,1.0,0.18540035362465268
14550,1.0,0.13821138211382114
14551,1.0,0.13821138211382114
14552,1.0,0.13957703927492446
14553,1.0,0.06517747858017135
14554,1.0,0.13821138211382114
14555,1.0,0.18540035362465268
14556,1.0,0.16923742251693816
14557,0.99164313,0.18146237324319517
14558,1.0,0.18540035362465268
14559,1.0,0.14772727272727273
14560,1.0,0.18540035362465268
14561,1.0,0.40444495890728094
14562,1.0,0.09568684305907937
14563,1.0,0.13864042933810375
14564,1.0,0.5795466415961559
14565,1.0,0.18540035362465268
14566,1.0,0.18540035362465268
14567,1.0,0.13821138211382114
14568,1.0,0.14255827854154213
14569,1.0,0.12737197816480375
14570,1.0,0.13821138211382114
14571,1.0,0.14099556945530362
14572,1.0,0.14442916093535077
14573,0.99572116,0.15149151881458375
14574,1.0,0.37247105601684016
14575,1.0,0.13821138211382114
14576,0.9919442,0.15823248991565822
14577,1.0,0.13821138211382114
14578,1.0,0.18540035362465268
14579,1.0,0.1377643504531722
14580,0.99999994,0.13797240551889622
14581,1.0,0.13821138211382114
14582,1.0,0.13691194209891436
14583,1.0,0.13712374581939799
14584,1.0,0.18540035362465268
14585,0.9999972,0.1414066826656821
14586,1.0,0.28553299492385786
14587,1.0,0.13825301204819276
14588,1.0,0.15480148640719735
14589,1.0,0.13165266106442577
14590,1.0,0.6531751570132589
14591,1.0,0.13821138211382114
14592,1.0,0.22966507177033493
14593,1.0,0.18540035362465268
14594,1.0,0.13611940298507463
14595,1.0,0.13821138211382114
14596,1.0,0.13821138211382114
14597,1.0,0.18540035362465268
14598,1.0,0.14468211527035058
14599,1.0,0.13821138211382114
14600,1.0,0.13821138211382114
14601,0.67647403,0.37300855826201446
14602,1.0,0.13883901855176542
14603,1.0,0.18540035362465268
14604,0.84801674,0.22721246271130263
14605,0.9976798,0.26278718765721953
14606,1.0,0.1382946670683941
14607,1.0,0.13841978287092882
14608,1.0,0.13821138211382114
14609,1.0,0.13238770685579196
14610,1.0,0.13821138211382114
14611,1.0,0.13821138211382114
14612,1.0,0.13821138211382114
14613,1.0,0.09601611459265891
14614,1.0,0.13914880772713553
14615,1.0,0.13821138211382114
14616,1.0,0.13821138211382114
14617,1.0,0.5806794055201698
14618,1.0,0.11943189154293092
14619,1.0,0.18565294266228846
14620,1.0,0.13821138211382114
14621,1.0,0.13825301204819276
14622,1.0,0.18540035362465268
14623,1.0,0.14458542342874003
14624,1.0,0.13821138211382114
14625,1.0,0.14731369150779897
14626,1.0,0.13825301204819276
14627,1.0,0.13821138211382114
14628,1.0,0.18540035362465268
14629,1.0,0.13984962406015036
14630,1.0,0.13825301204819276
14631,1.0,0.13914880772713553
14632,1.0,0.18540035362465268
14633,1.0,0.18540035362465268
14634,1.0,0.18540035362465268
14635,1.0,0.1896595208070618
14636,1.0,0.14006612563871357
14637,1.0,0.13725490196078433
14638,1.0,0.13825301204819276
14639,1.0,0.13821138211382114
14640,1.0,0.1382946670683941
14641,1.0,0.13874034462269758
14642,1.0,0.13825301204819276
14643,1.0,0.13821138211382114
14644,1.0,0.1189568706118355
14645,1.0,0.13821138211382114
14646,1.0,0.13821138211382114
14647,1.0,0.13821138211382114
14648,1.0,0.13821138211382114
14649,1.0,0.13821138211382114
14650,1.0,0.18091980235651844
14651,1.0,0.13821138211382114
14652,1.0,0.1292352371732817
14653,0.999984,0.1561278863232682
14654,1.0,0.13821138211382114
14655,1.0,0.13821138211382114
14656,1.0,0.13821138211382114
14657,1.0,0.13821138211382114
14658,0.99985737,0.1627665106604264
14659,1.0,0.13821138211382114
14660,1.0,0.13821138211382114
14661,1.0,0.13821138211382114
14662,1.0,0.13789981894990946
14663,1.0,0.13821138211382114
14664,1.0,0.13872135102533173
14665,1.0,0.13180786686838125
14666,1.0,0.13821138211382114
14667,1.0,0.13821138211382114
14668,1.0,0.13828502415458938
14669,1.0,0.13825301204819276
14670,0.99999905,0.15089514066496162
14671,1.0,0.13821138211382114
14672,1.0,0.11513963743263106
14673,1.0,0.13825301204819276
14674,1.0,0.140012070006035
14675,1.0,0.13825301204819276
14676,1.0,0.13821138211382114
14677,1.0,0.4447329795641865
14678,1.0,0.13498858447488585
14679,1.0,0.1402769416014449
14680,1.0,0.18540035362465268
14681,1.0,0.18540035362465268
14682,1.0,0.13821138211382114
14683,1.0,0.5382702702702703
14684,1.0,0.6057761732851985
14685,1.0,0.13821138211382114
14686,1.0,0.13821138211382114
14687,0.87707514,0.2542472173403632
14688,1.0,0.13821138211382114
14689,1.0,0.13821138211382114
14690,1.0,0.13821138211382114
14691,1.0,0.13685800604229606
14692,1.0,0.13821138211382114
14693,1.0,0.1382335148215366
14694,1.0,0.18540035362465268
14695,1.0,0.15336177127767622
14696,1.0,0.13821138211382114
14697,0.99999946,0.13293574451712198
14698,1.0,0.06878761822871883
14699,1.0,0.13821138211382114
14700,1.0,0.1398139813981398
14701,1.0,0.15294787809740815
14702,1.0,0.13821138211382114
14703,1.0,0.13821138211382114
14704,1.0,0.13863497867154173
14705,1.0,0.18540035362465268
14706,1.0,0.13821138211382114
14707,1.0,0.13821138211382114
14708,1.0,0.14583945898265216
14709,1.0,0.18540035362465268
14710,1.0,0.18540035362465268
14711,1.0,0.13821138211382114
14712,1.0,0.13820156910078454
14713,1.0,0.13821138211382114
14714,1.0,0.13821138211382114
14715,1.0,0.522591181273816
14716,1.0,0.14131736526946106
14717,0.8709444,0.4385267905078922
14718,1.0,0.12344139650872818
14719,1.0,0.13821138211382114
14720,1.0,0.13835168104730736
14721,1.0,0.13821138211382114
14722,1.0,0.13821138211382114
14723,1.0,0.44170843320984965
14724,1.0,0.13782816229116945
14725,0.8313584,0.10589700996677741
14726,1.0,0.1378391472868217
14727,1.0,0.13841978287092882
14728,1.0,0.13821138211382114
14729,1.0,0.13825301204819276
14730,1.0,0.18540035362465268
14731,1.0,0.09215203718895269
14732,1.0,0.13603014078921277
14733,1.0,0.6793086419753086
14734,1.0,0.18333333333333332
14735,1.0,0.18441328786156372
14736,1.0,0.18540035362465268
14737,1.0,0.1876765083440308
14738,1.0,0.13936138466129513
14739,1.0,0.13755656108597286
14740,1.0,0.18682287729906777
14741,1.0,0.13812819741197713
14742,1.0,0.13821138211382114
14743,1.0,0.13702801461632155
14744,1.0,0.18540035362465268
14745,1.0,0.13821138211382114
14746,1.0,0.37766567301077736
14747,1.0,0.07147719537100068
14748,1.0,0.13821138211382114
14749,1.0,0.16879575139945457
14750,1.0,0.1420863309352518
14751,1.0,0.18540035362465268
14752,1.0,0.13821138211382114
14753,1.0,0.13825301204819276
14754,0.99424046,0.16146100017067758
14755,1.0,0.14445425125036776
14756,1.0,0.6923152227116984
14757,1.0,0.18540035362465268
14758,1.0,0.13821138211382114
14759,1.0,0.13861680023745918
14760,1.0,0.13825301204819276
14761,1.0,0.13776861937003237
14762,1.0,0.13821138211382114
14763,1.0,0.1577593598170906
14764,1.0,0.14067186562687461
14765,1.0,0.13821138211382114
14766,1.0,0.13825301204819276
14767,0.99999994,0.1382946670683941
14768,1.0,0.25134156994883317
14769,1.0,0.13821138211382114
14770,1.0,0.13821138211382114
14771,1.0,0.13961218836565098
14772,1.0,0.13821138211382114
14773,1.0,0.13772274237390517
14774,1.0,0.13821138211382114
14775,1.0,0.12862781518458324
14776,1.0,0.17282691817486617
14777,1.0,0.13821138211382114
14778,1.0,0.13821138211382114
14779,1.0,0.13821138211382114
14780,0.9999918,0.07914110429447853
14781,1.0,0.18460281805186848
14782,1.0,0.14012291483757683
14783,1.0,0.2710084033613445
14784,1.0,0.4697493036211699
14785,1.0,0.20306136778542339
14786,1.0,0.18535353535353535
14787,1.0,0.13821138211382114
14788,1.0,0.13821138211382114
14789,1.0,0.13821138211382114
14790,0.92340446,0.5938705094377917
14791,1.0,0.18540035362465268
14792,1.0,0.14010244049412474
14793,1.0,0.13821138211382114
14794,1.0,0.18540035362465268
14795,1.0,0.13919855378125942
14796,1.0,0.08392077878482712
14797,0.9999883,0.14739985945186226
14798,1.0,0.13821138211382114
14799,1.0,0.13781664656212303
14800,1.0,0.13980114492316964
14801,1.0,0.13771186440677965
14802,0.5545214,0.04689655172413793
14803,1.0,0.563064498990543
14804,1.0,0.1382946670683941
14805,1.0,0.13821138211382114
14806,1.0,0.18540035362465268
14807,1.0,0.18540035362465268
14808,1.0,0.13821138211382114
14809,1.0,0.13724322715093779
14810,1.0,0.1876262626262626
14811,1.0,0.13821138211382114
14812,1.0,0.13821138211382114
14813,1.0,0.14691516709511568
14814,1.0,0.5564185997690774
14815,0.9759055,0.15758936926820138
14816,1.0,0.18585858585858586
14817,1.0,0.18540035362465268
14818,1.0,0.13821138211382114
14819,1.0,0.17028380634390652
14820,1.0,0.13821138211382114
14821,1.0,0.1852740591058348
14822,1.0,0.1380036079374624
14823,1.0,0.13821138211382114
14824,0.9422409,0.08979591836734693
14825,1.0,0.40751608170635367
14826,1.0,0.22746042670337233
14827,1.0,0.02616516762060507
14828,1.0,0.23770290211510084
14829,1.0,0.13821138211382114
14830,1.0,0.13851249623607348
14831,0.2551698,0.2518981141317659
14832,1.0,0.13821138211382114
14833,1.0,0.13821138211382114
14834,1.0,0.20661803022407504
14835,1.0,0.13821138211382114
14836,1.0,0.13821138211382114
14837,1.0,0.13470319634703196
14838,1.0,0.13821138211382114
14839,1.0,0.13821138211382114
14840,1.0,0.13666666666666666
14841,1.0,0.13760095722405025
14842,1.0,0.13821138211382114
14843,1.0,0.13821138211382114
14844,1.0,0.16596289187460012
14845,1.0,0.3221000354735722
14846,1.0,0.13821138211382114
14847,1.0,0.13821138211382114
14848,1.0,0.10632765096792834
14849,1.0,0.18540035362465268
14850,1.0,0.13821138211382114
14851,0.95154434,0.4055724197745013
14852,1.0,0.1402291917973462
14853,1.0,0.13821138211382114
14854,1.0,0.14906017776482589
14855,1.0,0.05895691609977324
14856,1.0,0.13740685543964232
14857,1.0,0.13937387116195063
14858,0.4450786,0.3866759841602609
14859,1.0,0.13821138211382114
14860,1.0,0.14408478945860784
14861,0.99999225,0.164058795637743
14862,1.0,0.13825301204819276
14863,1.0,0.13821138211382114
14864,1.0,0.12758335629650042
14865,1.0,0.18540035362465268
14866,1.0,0.13821138211382114
14867,1.0,0.13821138211382114
14868,1.0,0.13821138211382114
14869,1.0,0.13029249335242382
14870,1.0,0.13821138211382114
14871,1.0,0.3188457427858924
14872,1.0,0.13821138211382114
14873,1.0,0.13821138211382114
14874,1.0,0.13825301204819276
14875,1.0,0.18540035362465268
14876,0.8596417,0.5724774491294315
14877,1.0,0.18540035362465268
14878,1.0,0.13821138211382114
14879,1.0,0.11888111888111888
14880,1.0,0.0421382790126824
14881,1.0,0.19793072424651373
14882,1.0,0.13821138211382114
14883,0.9954024,0.1586452762923351
14884,1.0,0.13821138211382114
14885,1.0,0.1382946670683941
14886,1.0,0.1407140714071407
14887,1.0,0.12483660130718954
14888,1.0,0.13821138211382114
14889,1.0,0.3983421597973751
14890,1.0,0.15034777956126272
14891,1.0,0.13821138211382114
14892,1.0,0.05905511811023622
14893,1.0,0.13821138211382114
14894,1.0,0.13825301204819276
14895,1.0,0.14100632720699005
14896,1.0,0.319593859543092
14897,1.0,0.13821138211382114
14898,1.0,0.13821138211382114
14899,1.0,0.18540035362465268
14900,1.0,0.11445957693422197
14901,1.0,0.13821138211382114
14902,1.0,0.19637462235649547
14903,1.0,0.13821138211382114
14904,1.0,0.18540035362465268
14905,1.0,0.13361388742766964
14906,1.0,0.13821138211382114
14907,1.0,0.13696522006771314
14908,1.0,0.13821138211382114
14909,1.0,0.18540035362465268
14910,1.0,0.18540035362465268
14911,1.0,0.18657937806873978
14912,1.0,0.14618108244815378
14913,1.0,0.13825301204819276
14914,0.99999994,0.13366093366093365
14915,0.9999699,0.12851489273068112
14916,1.0,0.14012380416432188
14917,1.0,0.13825301204819276
14918,1.0,0.13821138211382114
14919,1.0,0.18540035362465268
14920,1.0,0.13821138211382114
14921,1.0,0.1821980248164092
14922,1.0,0.18540035362465268
14923,1.0,0.06314699792960662
14924,1.0,0.13821138211382114
14925,1.0,0.13821138211382114
14926,1.0,0.13821138211382114
14927,1.0,0.1382946670683941
14928,1.0,0.13821138211382114
14929,1.0,0.13821138211382114
14930,1.0,0.13821138211382114
14931,1.0,0.14010244049412474
14932,1.0,0.13821138211382114
14933,1.0,0.13821138211382114
14934,1.0,0.13821138211382114
14935,1.0,0.13821138211382114
14936,1.0,0.140012070006035
14937,1.0,0.10962028713269824
14938,1.0,0.1407140714071407
14939,1.0,0.14867617107942974
14940,1.0,0.13821138211382114
14941,1.0,0.17264069264069265
14942,0.99999994,0.13904185022026433
14943,1.0,0.13796212804328223
14944,1.0,0.18540035362465268
14945,1.0,0.4960869565217391
14946,1.0,0.13825301204819276
14947,1.0,0.13825301204819276
14948,1.0,0.13821138211382114
14949,1.0,0.13821138211382114
14950,1.0,0.13821138211382114
14951,1.0,0.13821138211382114
14952,1.0,0.13821138211382114
14953,1.0,0.13954180303481106
14954,1.0,0.13842913030394222
14955,0.74382204,0.3122287464896605
14956,0.8368375,0.10883116883116883
14957,1.0,0.1636904761904762
14958,1.0,0.13714967203339296
14959,1.0,0.13821138211382114
14960,1.0,0.13821138211382114
14961,1.0,0.20874751491053678
14962,1.0,0.18540035362465268
14963,1.0,0.14806178956572427
14964,1.0,0.14072494669509594
14965,1.0,0.13821138211382114
14966,1.0,0.18540035362465268
14967,1.0,0.13821138211382114
14968,1.0,0.13821138211382114
14969,1.0,0.11606232707150138
14970,1.0,0.13821138211382114
14971,1.0,0.1375980687990344
14972,1.0,0.18540035362465268
14973,1.0,0.13825301204819276
14974,1.0,0.13825301204819276
14975,1.0,0.18540035362465268
14976,1.0,0.13821138211382114
14977,1.0,0.13821138211382114
14978,1.0,0.13821138211382114
14979,1.0,0.13821138211382114
14980,1.0,0.14432730923694778
14981,1.0,0.13013013013013014
14982,1.0,0.13980114492316964
14983,1.0,0.13821138211382114
14984,1.0,0.18550322010354842
14985,1.0,0.18540035362465268
14986,0.9434638,0.17029654238956565
14987,1.0,0.13821138211382114
14988,1.0,0.13777644949193066
14989,1.0,0.18540035362465268
14990,1.0,0.13821138211382114
14991,0.9999904,0.1530791788856305
14992,1.0,0.14602156805596037
14993,1.0,0.13953488372093023
14994,1.0,0.20231511254019294
14995,1.0,0.13980114492316964
14996,1.0,0.11374849979997333
14997,1.0,0.18540035362465268
14998,1.0,0.13821138211382114
14999,1.0,0.13725490196078433
15000,1.0,0.13821138211382114
15001,1.0,0.13821138211382114
15002,1.0,0.4073651807091552
15003,1.0,0.18540035362465268
15004,1.0,0.07090464547677261
15005,1.0,0.13821138211382114
15006,1.0,0.3668335856527309
15007,1.0,0.13821138211382114
15008,0.6839798,0.18685903007126717
15009,1.0,0.13825301204819276
15010,1.0,0.1852740591058348
15011,1.0,0.14058752997601917
15012,1.0,0.13821138211382114
15013,1.0,0.13593346716375107
15014,1.0,0.18540035362465268
15015,1.0,0.14867617107942974
15016,1.0,0.13841978287092882
15017,1.0,0.13821138211382114
15018,1.0,0.1383780524570395
15019,1.0,0.13796212804328223
15020,1.0,0.1337329951579433
15021,1.0,0.18573232323232322
15022,1.0,0.13821138211382114
15023,1.0,0.13821138211382114
15024,1.0,0.1369493557087204
15025,1.0,0.14057796508127635
15026,1.0,0.13821138211382114
15027,1.0,0.1384848484848485
15028,0.7709128,0.5782390986855831
15029,1.0,0.17741116751269034
15030,1.0,0.13821138211382114
15031,1.0,0.13825301204819276
15032,1.0,0.14036669672377516
15033,1.0,0.13554306007694583
15034,1.0,0.13821138211382114
15035,1.0,0.13821138211382114
15036,1.0,0.13728454792863623
15037,0.99999815,0.1447562776957164
15038,1.0,0.13804412641621944
15039,1.0,0.1377245508982036
15040,1.0,0.13821138211382114
15041,1.0,0.13821138211382114
15042,1.0,0.13825301204819276
15043,1.0,0.13812819741197713
15044,1.0,0.13821138211382114
15045,1.0,0.13821138211382114
15046,1.0,0.07433348395842747
15047,1.0,0.14170161773517076
15048,1.0,0.1382946670683941
15049,1.0,0.13768115942028986
15050,1.0,0.13821138211382114
15051,1.0,0.3810302534750613
15052,0.99999654,0.13648455084919173
15053,1.0,0.13821138211382114
15054,1.0,0.13779645752026418
15055,1.0,0.13821138211382114
15056,1.0,0.18540035362465268
15057,1.0,0.13779645752026418
15058,1.0,0.13821138211382114
15059,1.0,0.13821138211382114
15060,1.0,0.13821138211382114
15061,1.0,0.18540035362465268
15062,1.0,0.13821138211382114
15063,1.0,0.16746009521142538
15064,1.0,0.13821138211382114
15065,1.0,0.456283542039356
15066,1.0,0.1383780524570395
15067,1.0,0.13821138211382114
15068,1.0,0.18540035362465268
15069,1.0,0.1397169527250828
15070,1.0,0.13821138211382114
15071,1.0,0.1376311844077961
15072,1.0,0.1447562776957164
15073,1.0,0.13821138211382114
15074,0.999915,0.1578860172299536
15075,0.99997836,0.15418421534517487
15076,1.0,0.13815187557182068
15077,1.0,0.13821138211382114
15078,1.0,0.13821138211382114
15079,1.0,0.41174438687392056
15080,1.0,0.13821138211382114
15081,1.0,0.18540035362465268
15082,1.0,0.13308573197152584
15083,1.0,0.13821138211382114
15084,1.0,0.18540035362465268
15085,1.0,0.13825301204819276
15086,1.0,0.15991116046640755
15087,1.0,0.14023472765573278
15088,1.0,0.13821138211382114
15089,1.0,0.13821138211382114
15090,1.0,0.27785923753665687
15091,1.0,0.13821138211382114
15092,1.0,0.18540035362465268
15093,1.0,0.4310325413804752
15094,0.8787793,0.638689866939611
15095,1.0,0.13821138211382114
15096,1.0,0.2979665071770335
15097,1.0,0.13821138211382114
15098,1.0,0.13745080230093853
15099,1.0,0.4335799658508822
15100,0.99999887,0.13892111368909513
15101,0.99999756,0.414106447425357
15102,1.0,0.13762287756925826
15103,1.0,0.13821138211382114
15104,1.0,0.18540035362465268
15105,0.9999989,0.3058973949176922
15106,1.0,0.13821138211382114
15107,1.0,0.1634669678147939
15108,1.0,0.14302705917335712
15109,1.0,0.11296296296296296
15110,1.0,0.13841978287092882
15111,0.99999994,0.13821138211382114
15112,1.0,0.13825301204819276
15113,1.0,0.13825301204819276
15114,1.0,0.13337468982630274
15115,1.0,0.13825301204819276
15116,1.0,0.16965763013872978
15117,1.0,0.13421130511985796
15118,1.0,0.13746223564954682
15119,1.0,0.13821138211382114
15120,1.0,0.16068210176070982
15121,1.0,0.14777032935004372
15122,1.0,0.13507109004739337
15123,1.0,0.18540035362465268
15124,1.0,0.13821138211382114
15125,0.9991593,0.09105728924080111
15126,1.0,0.13821138211382114
15127,1.0,0.13821138211382114
15128,1.0,0.13821138211382114
15129,1.0,0.13438617401668654
15130,1.0,0.1380451127819549
15131,1.0,0.13821138211382114
15132,1.0,0.13821138211382114
15133,1.0,0.14626953700973164
15134,1.0,0.13821138211382114
15135,1.0,0.13821138211382114
15136,1.0,0.14347912131407084
15137,1.0,0.08578263841421736
15138,1.0,0.13821138211382114
15139,1.0,0.13821138211382114
15140,1.0,0.13931240657698057
15141,1.0,0.14458542342874003
15142,1.0,0.6173786810452094
15143,1.0,0.13842913030394222
15144,1.0,0.2764517716535433
15145,1.0,0.13821138211382114
15146,1.0,0.19624635568513119
15147,1.0,0.12828100874935666
15148,1.0,0.13821138211382114
15149,1.0,0.526507054296708
15150,1.0,0.13821138211382114
15151,1.0,0.34652406417112297
15152,1.0,0.18540035362465268
15153,1.0,0.13821138211382114
15154,1.0,0.13821138211382114
15155,1.0,0.1528528132823824
15156,1.0,0.13821138211382114
15157,1.0,0.3635812939181003
15158,1.0,0.13821138211382114
15159,1.0,0.18540035362465268
15160,1.0,0.13853073463268367
15161,1.0,0.18540035362465268
15162,1.0,0.13821138211382114
15163,1.0,0.13716012084592144
15164,1.0,0.1321143445789338
15165,1.0,0.13952095808383233
15166,1.0,0.13989169675090252
15167,1.0,0.14268440145102781
15168,1.0,0.13747758517632994
15169,0.88749534,0.25051840331778125
15170,1.0,0.0874296435272045
15171,1.0,0.4296459152973849
15172,1.0,0.13821138211382114
15173,1.0,0.13821138211382114
15174,1.0,0.18540035362465268
15175,1.0,0.6360028492927648
15176,1.0,0.18540035362465268
15177,0.950069,0.2203728362183755
15178,1.0,0.13821138211382114
15179,1.0,0.13821138211382114
15180,1.0,0.13821138211382114
15181,1.0,0.14607728337236534
15182,1.0,0.1400543314216722
15183,1.0,0.13821138211382114
15184,1.0,0.13821138211382114
15185,1.0,0.14977334542157753
15186,1.0,0.3537076522151149
15187,1.0,0.13821138211382114
15188,1.0,0.13821138211382114
15189,1.0,0.12763138524952156
15190,1.0,0.13821138211382114
15191,1.0,0.18540035362465268
15192,1.0,0.13821138211382114
15193,1.0,0.13825301204819276
15194,1.0,0.13821138211382114
15195,1.0,0.1864364048909618
15196,1.0,0.13821138211382114
15197,1.0,0.1393939393939394
15198,1.0,0.149714527384225
15199,1.0,0.1593245227606461
15200,1.0,0.18573232323232322
15201,1.0,0.10030498136225008
15202,1.0,0.13821138211382114
15203,1.0,0.14023472765573278
15204,1.0,0.10839562967222542
15205,1.0,0.18540035362465268
15206,1.0,0.18540035362465268
15207,1.0,0.18540035362465268
15208,1.0,0.13821138211382114
15209,1.0,0.13821138211382114
15210,1.0,0.13821138211382114
15211,1.0,0.13821138211382114
15212,1.0,0.13603014078921277
15213,1.0,0.13712886440159167
15214,1.0,0.14080375476679377
15215,1.0,0.18540035362465268
15216,1.0,0.13825301204819276
15217,1.0,0.13821138211382114
15218,1.0,0.13821138211382114
15219,1.0,0.13821138211382114
15220,1.0,0.13821138211382114
15221,1.0,0.13821138211382114
15222,1.0,0.13821138211382114
15223,1.0,0.13821138211382114
15224,1.0,0.13190317437309754
15225,1.0,0.13796212804328223
15226,1.0,0.13821138211382114
15227,1.0,0.18540035362465268
15228,1.0,0.28458595581883256
15229,1.0,0.1381697772426249
15230,1.0,0.13821138211382114
15231,1.0,0.13952793546459516
15232,0.9999997,0.13319294551197683
15233,0.9994235,0.07606519874177867
15234,1.0,0.18540035362465268
15235,1.0,0.14972747675537032
15236,1.0,0.12548667265648397
15237,1.0,0.5720108695652174
15238,1.0,0.11668611435239207
15239,1.0,0.13821138211382114
15240,1.0,0.1469208211143695
15241,1.0,0.636206721494568
15242,1.0,0.14170403587443947
15243,1.0,0.20089955022488756
15244,1.0,0.18537694153302184
15245,1.0,0.13825301204819276
15246,1.0,0.1373134328358209
15247,1.0,0.13821138211382114
15248,1.0,0.1250564334085779
15249,1.0,0.11421499292786422
15250,1.0,0.13821138211382114
15251,1.0,0.18512438439196868
15252,1.0,0.1462194763165637
15253,1.0,0.13821138211382114
15254,0.55366665,0.43923359697003456
15255,1.0,0.13821138211382114
15256,1.0,0.13825301204819276
15257,1.0,0.18540035362465268
15258,1.0,0.13821138211382114
15259,0.87070864,0.37618125925082546
15260,1.0,0.13821138211382114
15261,1.0,0.16923742251693816
15262,1.0,0.1381697772426249
15263,1.0,0.13821138211382114
15264,1.0,0.18540035362465268
15265,1.0,0.4272488284375357
15266,1.0,0.13825301204819276
15267,1.0,0.3513482235852332
15268,1.0,0.13821138211382114
15269,1.0,0.29085475194261806
15270,1.0,0.1618594231307757
15271,1.0,0.14445425125036776
15272,1.0,0.13830426939266385
15273,1.0,0.48688649472195017
15274,1.0,0.13821138211382114
15275,1.0,0.5696645400288125
15276,1.0,0.18522727272727274
15277,1.0,0.2635508849557522
15278,1.0,0.13821138211382114
15279,1.0,0.13821138211382114
15280,0.15266801,0.1333199276090891
15281,1.0,0.13333333333333333
15282,1.0,0.13821138211382114
15283,1.0,0.14777032935004372
15284,1.0,0.13821138211382114
15285,0.99999994,0.13825301204819276
15286,1.0,0.13821138211382114
15287,1.0,0.18540035362465268
15288,1.0,0.13825301204819276
15289,1.0,0.14277215942891136
15290,1.0,0.13821138211382114
15291,1.0,0.13825301204819276
15292,1.0,0.13821138211382114
15293,1.0,0.1383480825958702
15294,1.0,0.5646131507985895
15295,1.0,0.13821138211382114
15296,1.0,0.18540035362465268
15297,1.0,0.13821138211382114
15298,1.0,0.13821138211382114
15299,1.0,0.1852740591058348
15300,1.0,0.13854512526411109
15301,1.0,0.13825301204819276
15302,1.0,0.13924812030075187
15303,1.0,0.17400881057268722
15304,1.0,0.13821138211382114
15305,1.0,0.13825301204819276
15306,1.0,0.13821138211382114
15307,1.0,0.18540035362465268
15308,1.0,0.13821138211382114
15309,1.0,0.13825301204819276
15310,1.0,0.13931701420368692
15311,1.0,0.1380036079374624
15312,1.0,0.13717085119412126
15313,1.0,0.1378582202111614
15314,1.0,0.13821138211382114
15315,1.0,0.13821138211382114
15316,1.0,0.13284023668639053
15317,1.0,0.18540035362465268
15318,1.0,0.13821138211382114
15319,1.0,0.18540035362465268
15320,0.9999998,0.08754542451271886
15321,1.0,0.13824328403259886
15322,1.0,0.18540035362465268
15323,1.0,0.13821138211382114
15324,1.0,0.18540035362465268
15325,0.5060542,0.39727242488080716
15326,1.0,0.14807242990654207
15327,0.9694114,0.41799244591965207
15328,1.0,0.13825301204819276
15329,1.0,0.13760095722405025
15330,1.0,0.13744782349433513
15331,0.99986565,0.2047046148321063
15332,1.0,0.13583724569640063
15333,1.0,0.14315169366715758
15334,1.0,0.1381697772426249
15335,1.0,0.13821138211382114
15336,1.0,0.18540035362465268
15337,0.9050607,0.3308270676691729
15338,1.0,0.13821138211382114
15339,1.0,0.13825301204819276
15340,1.0,0.13821138211382114
15341,1.0,0.15269804822043628
15342,0.9926901,0.32779436583149424
15343,1.0,0.13821138211382114
15344,1.0,0.12878079201746181
15345,1.0,0.13709861079480756
15346,1.0,0.13821138211382114
15347,1.0,0.13830426939266385
15348,1.0,0.13821138211382114
15349,1.0,0.18540035362465268
15350,1.0,0.3867603983596954
15351,1.0,0.14936562860438293
15352,1.0,0.0954253037884203
15353,1.0,0.18540035362465268
15354,1.0,0.13757087436586093
15355,1.0,0.18540035362465268
15356,1.0,0.18540035362465268
15357,1.0,0.11177744461102782
15358,1.0,0.10408340573414422
15359,1.0,0.19070996978851965
15360,1.0,0.18540035362465268
15361,1.0,0.12076433121019109
15362,1.0,0.13821138211382114
15363,1.0,0.13821138211382114
15364,1.0,0.13821138211382114
15365,1.0,0.13825301204819276
15366,1.0,0.13821138211382114
15367,1.0,0.14050303555941024
15368,0.7567135,0.17536534446764093
15369,1.0,0.18540035362465268
15370,1.0,0.18540035362465268
15371,0.9639614,0.14274534355924245
15372,1.0,0.1499276410998553
15373,1.0,0.13821138211382114
15374,1.0,0.13821138211382114
15375,1.0,0.18540035362465268
15376,1.0,0.13821138211382114
15377,1.0,0.13824328403259886
15378,1.0,0.18540035362465268
15379,1.0,0.18540035362465268
15380,1.0,0.13851249623607348
15381,1.0,0.13851249623607348
15382,1.0,0.13821138211382114
15383,1.0,0.13821138211382114
15384,1.0,0.18540035362465268
15385,1.0,0.13821138211382114
15386,1.0,0.1021566401816118
15387,1.0,0.13821138211382114
15388,1.0,0.13821138211382114
15389,1.0,0.13821138211382114
15390,1.0,0.18540035362465268
15391,0.9999926,0.13745296098237275
15392,1.0,0.05730129390018484
15393,0.8239599,0.5257678829107401
15394,1.0,0.03966155473294553
15395,1.0,0.138855421686747
15396,0.9999998,0.13582584003786086
15397,1.0,0.1540216771249287
15398,1.0,0.37245494968406273
15399,1.0,0.13821138211382114
15400,1.0,0.13821138211382114
15401,1.0,0.18757873519778281
15402,1.0,0.05215004574565416
15403,1.0,0.13454995360346428
15404,1.0,0.14857142857142858
15405,1.0,0.13821138211382114
15406,1.0,0.18540035362465268
15407,1.0,0.13825301204819276
15408,0.9848185,0.6219436386241194
15409,1.0,0.06140350877192982
15410,1.0,0.1237234220659635
15411,0.99999994,0.13772274237390517
15412,1.0,0.13820156910078454
15413,1.0,0.1852740591058348
15414,1.0,0.1326340945300053
15415,0.6904629,0.451985559566787
15416,1.0,0.18540035362465268
15417,1.0,0.18540035362465268
15418,1.0,0.07426994711427914
15419,1.0,0.4835574641202396
15420,1.0,0.13755656108597286
15421,1.0,0.13821138211382114
15422,1.0,0.1374224672639559
15423,1.0,0.13821138211382114
15424,1.0,0.14225816112608566
15425,1.0,0.13821138211382114
15426,1.0,0.13825301204819276
15427,1.0,0.1757373595505618
15428,1.0,0.13821138211382114
15429,1.0,0.1233942464266329
15430,1.0,0.13521634615384615
15431,1.0,0.14019813869708797
15432,1.0,0.09649122807017543
15433,0.9996919,0.14788024914607192
15434,0.9999999,0.13224150574431678
15435,1.0,0.1852740591058348
15436,1.0,0.35055965706120507
15437,1.0,0.13825301204819276
15438,1.0,0.13821138211382114
15439,0.8190163,0.8759380177370627
15440,1.0,0.13821138211382114
15441,1.0,0.13426065920774116
15442,1.0,0.13821138211382114
15443,1.0,0.13821138211382114
15444,1.0,0.13821138211382114
15445,1.0,0.18540035362465268
15446,1.0,0.13396069748131748
15447,1.0,0.13821138211382114
15448,0.999999,0.08745874587458746
15449,1.0,0.13821138211382114
15450,1.0,0.14946433237522863
15451,1.0,0.1417910447761194
15452,1.0,0.4916867206300591
15453,1.0,0.13982916798481493
15454,1.0,0.13766155695822063
15455,1.0,0.13821138211382114
15456,1.0,0.13821138211382114
15457,1.0,0.13821138211382114
15458,1.0,0.13821138211382114
15459,1.0,0.13821138211382114
15460,1.0,0.13821138211382114
15461,1.0,0.1692389568919638
15462,1.0,0.11690529357677656
15463,1.0,0.1405321622319814
15464,1.0,0.138076575218571
15465,1.0,0.13821138211382114
15466,1.0,0.13821138211382114
15467,1.0,0.13821138211382114
15468,1.0,0.13821138211382114
15469,1.0,0.13841978287092882
15470,1.0,0.12622629169391758
15471,1.0,0.13821138211382114
15472,1.0,0.18540035362465268
15473,1.0,0.13825301204819276
15474,1.0,0.13821138211382114
15475,1.0,0.13821138211382114
15476,1.0,0.1267970097757332
15477,1.0,0.13821138211382114
15478,1.0,0.13821138211382114
15479,1.0,0.13821138211382114
15480,1.0,0.13821138211382114
15481,1.0,0.13821138211382114
15482,1.0,0.13821138211382114
15483,1.0,0.13821138211382114
15484,1.0,0.13821138211382114
15485,1.0,0.13821138211382114
15486,1.0,0.13821138211382114
15487,0.5357267,0.10316494217894095
15488,1.0,0.13821138211382114
15489,1.0,0.10433629994319257
15490,1.0,0.18540035362465268
15491,1.0,0.13821138211382114
15492,1.0,0.13459119496855346
15493,1.0,0.14157973174366617
15494,1.0,0.13755656108597286
15495,1.0,0.13821138211382114
15496,1.0,0.1378582202111614
15497,1.0,0.13649851632047477
15498,1.0,0.18540035362465268
15499,0.99999994,0.13614330874604846
15500,0.8803688,0.6134292080210654
15501,1.0,0.1229322088874473
15502,0.9506973,0.447412684278223
15503,0.99847114,0.14934926392148495
15504,1.0,0.18540035362465268
15505,1.0,0.13821138211382114
15506,1.0,0.18540035362465268
15507,1.0,0.13821138211382114
15508,1.0,0.13821138211382114
15509,1.0,0.13821138211382114
15510,1.0,0.1341056351855488
15511,1.0,0.16045401779956145
15512,1.0,0.14225816112608566
15513,1.0,0.13846153846153847
15514,1.0,0.15041702617198735
15515,1.0,0.13821138211382114
15516,1.0,0.13821138211382114
15517,1.0,0.1366348448687351
15518,1.0,0.1467438494934877
15519,0.99991614,0.14780114722753346
15520,1.0,0.2002752064048036
15521,1.0,0.13821138211382114
15522,1.0,0.13821138211382114
15523,1.0,0.13796212804328223
15524,1.0,0.13743651030773826
15525,1.0,0.13821138211382114
15526,1.0,0.13821138211382114
15527,1.0,0.22277535780958307
15528,1.0,0.13821138211382114
15529,1.0,0.13739078035552876
15530,1.0,0.09130534526267492
15531,1.0,0.13976555455365194
15532,1.0,0.34577580154458226
15533,0.85570854,0.18349711962046764
15534,1.0,0.13821138211382114
15535,1.0,0.13744075829383887
15536,1.0,0.09623992837958818
15537,1.0,0.18540035362465268
15538,1.0,0.18540035362465268
15539,1.0,0.18540035362465268
15540,1.0,0.13821138211382114
15541,1.0,0.14806178956572427
15542,0.6670999,0.28717948717948716
15543,1.0,0.1382946670683941
15544,0.99999994,0.13821138211382114
15545,1.0,0.19637462235649547
15546,1.0,0.18540035362465268
15547,0.5417465,0.17485228951255538
15548,1.0,0.18540035362465268
15549,1.0,0.13821138211382114
15550,1.0,0.13825301204819276
15551,1.0,0.18540035362465268
15552,1.0,0.1961973638166336
15553,1.0,0.12095282146160963
15554,1.0,0.18540035362465268
15555,1.0,0.16079094575256928
15556,1.0,0.18540035362465268
15557,1.0,0.4250428816466552
15558,1.0,0.1407985589912939
15559,1.0,0.3401296405421332
15560,1.0,0.13821138211382114
15561,1.0,0.18540035362465268
15562,1.0,0.4960857908847185
15563,1.0,0.13821138211382114
15564,1.0,0.13821138211382114
15565,1.0,0.13739078035552876
15566,1.0,0.13821138211382114
15567,1.0,0.13821138211382114
15568,1.0,0.18540035362465268
15569,1.0,0.18384119357693768
15570,0.9999997,0.13265586377368854
15571,0.99999845,0.13443492452060385
15572,1.0,0.13867069486404834
15573,1.0,0.13821138211382114
15574,1.0,0.148159509202454
15575,1.0,0.1392749244712991
15576,1.0,0.1237234220659635
15577,1.0,0.18423047763457165
15578,1.0,0.13821138211382114
15579,1.0,0.18540035362465268
15580,1.0,0.13825301204819276
15581,1.0,0.13821138211382114
15582,1.0,0.13821138211382114
15583,1.0,0.18540035362465268
15584,1.0,0.13821138211382114
15585,1.0,0.1554042835796115
15586,1.0,0.1383780524570395
15587,0.81706846,0.2732732732732733
15588,1.0,0.19975015615240474
15589,1.0,0.19184290030211482
15590,1.0,0.13821138211382114
15591,1.0,0.13821138211382114
15592,1.0,0.13821138211382114
15593,1.0,0.1417910447761194
15594,1.0,0.1501701644923426
15595,1.0,0.1371308016877637
15596,1.0,0.5462933161677932
15597,1.0,0.13909661980257254
15598,1.0,0.13824328403259886
15599,1.0,0.16048957076366144
15600,1.0,0.13821138211382114
15601,1.0,0.13821138211382114
15602,0.9998912,0.14614905542869006
15603,1.0,0.18540035362465268
15604,1.0,0.13821138211382114
15605,1.0,0.19153303399615138
15606,0.99999994,0.1321553011448482
15607,0.999899,0.17978419549349414
15608,1.0,0.14127174565086983
15609,1.0,0.13821138211382114
15610,0.6932354,0.33626696002933626
15611,0.99999994,0.13281045751633988
15612,1.0,0.13929750825577905
15613,1.0,0.16614862955637186
15614,0.9880502,0.2671648762260626
15615,1.0,0.11239356669820245
15616,1.0,0.1344134413441344
15617,1.0,0.13821138211382114
15618,1.0,0.14466043928300934
15619,0.99996394,0.07681680022105554
15620,0.9766443,0.2668495969816498
15621,1.0,0.13821138211382114
15622,1.0,0.18540035362465268
15623,1.0,0.13682634730538923
15624,1.0,0.13825301204819276
15625,1.0,0.5123709122203098
15626,1.0,0.4803038524145415
15627,1.0,0.13821138211382114
15628,1.0,0.15057142857142858
15629,1.0,0.13821138211382114
15630,1.0,0.13821138211382114
15631,1.0,0.1366201366201366
15632,1.0,0.13821138211382114
15633,1.0,0.09289617486338798
15634,1.0,0.1377335744424352
15635,1.0,0.2284603232470531
15636,1.0,0.13821138211382114
15637,1.0,0.13825301204819276
15638,1.0,0.13821138211382114
15639,1.0,0.31038915507771414
15640,1.0,0.13825301204819276
15641,0.7187168,0.04131652661064426
15642,0.32666823,0.4585229261463073
15643,1.0,0.13821138211382114
15644,1.0,0.13821138211382114
15645,1.0,0.13821138211382114
15646,0.8722793,0.35916124691634893
15647,1.0,0.14467887781126826
15648,1.0,0.07033557046979866
15649,1.0,0.13821138211382114
15650,1.0,0.13940856970428486
15651,1.0,0.14191729323308272
15652,1.0,0.13825301204819276
15653,1.0,0.10290202342917998
15654,1.0,0.18540035362465268
15655,1.0,0.13825301204819276
15656,1.0,0.14161281258780556
15657,1.0,0.13821138211382114
15658,1.0,0.13821138211382114
15659,1.0,0.13821138211382114
15660,1.0,0.13821138211382114
15661,0.7647681,0.4201312910284464
15662,1.0,0.13821138211382114
15663,1.0,0.13821138211382114
15664,1.0,0.18540035362465268
15665,1.0,0.18540035362465268
15666,1.0,0.13821138211382114
15667,1.0,0.1399337947637677
15668,1.0,0.18540035362465268
15669,1.0,0.1852740591058348
15670,1.0,0.18655046519844543
15671,1.0,0.13821138211382114
15672,1.0,0.13821138211382114
15673,1.0,0.3702018434255046
15674,1.0,0.13821138211382114
15675,1.0,0.16219572776949825
15676,1.0,0.13847080072245635
15677,1.0,0.14497041420118342
15678,1.0,0.18540035362465268
15679,1.0,0.18540035362465268
15680,1.0,0.13133498145859085
15681,1.0,0.13821138211382114
15682,1.0,0.08400761542122799
15683,1.0,0.13821138211382114
15684,0.99999994,0.18540035362465268
15685,1.0,0.43367635417844624
15686,1.0,0.13821138211382114
15687,1.0,0.13821138211382114
15688,1.0,0.1373544341594506
15689,1.0,0.15710357470210815
15690,1.0,0.13802008608321378
15691,1.0,0.13821138211382114
15692,1.0,0.13821138211382114
15693,1.0,0.1382946670683941
15694,1.0,0.13824328403259886
15695,1.0,0.1375186846038864
15696,1.0,0.11513963743263106
15697,1.0,0.13841978287092882
15698,1.0,0.13821138211382114
15699,1.0,0.17264069264069265
15700,1.0,0.13821138211382114
15701,1.0,0.13821138211382114
15702,1.0,0.1867591424968474
15703,1.0,0.13821138211382114
15704,1.0,0.13821138211382114
15705,0.99902356,0.14605826033815442
15706,1.0,0.13821138211382114
15707,1.0,0.18540035362465268
15708,1.0,0.13821138211382114
15709,1.0,0.18540035362465268
15710,1.0,0.1583224967490247
15711,1.0,0.18540035362465268
15712,1.0,0.1378792430159207
15713,1.0,0.18540035362465268
15714,1.0,0.18540035362465268
15715,1.0,0.13754869643392267
15716,1.0,0.1461309523809524
15717,1.0,0.13841978287092882
15718,1.0,0.11939615736505033
15719,1.0,0.13821138211382114
15720,1.0,0.13821138211382114
15721,1.0,0.31963963963963965
15722,1.0,0.13821138211382114
15723,1.0,0.13821138211382114
15724,1.0,0.13821138211382114
15725,1.0,0.4750856258976909
15726,1.0,0.18540035362465268
15727,1.0,0.18540035362465268
15728,1.0,0.13821138211382114
15729,0.9962075,0.16210563012027193
15730,1.0,0.15227409336806252
15731,1.0,0.13919082125603865
15732,1.0,0.14031918096958748
15733,1.0,0.18673559450258478
15734,1.0,0.13821138211382114
15735,1.0,0.13821138211382114
15736,1.0,0.14200298953662183
15737,1.0,0.27956204379562044
15738,1.0,0.18540035362465268
15739,1.0,0.18333333333333332
15740,1.0,0.18798889730002524
15741,1.0,0.13854512526411109
15742,1.0,0.18477849299507762
15743,1.0,0.13821138211382114
15744,1.0,0.1381697772426249
15745,1.0,0.36601002447837744
15746,1.0,0.1852740591058348
15747,1.0,0.13821138211382114
15748,1.0,0.17301750772399588
15749,1.0,0.13821138211382114
15750,1.0,0.07032967032967033
15751,1.0,0.13821138211382114
15752,1.0,0.18540035362465268
15753,1.0,0.13821138211382114
15754,1.0,0.4940929667660373
15755,1.0,0.13821138211382114
15756,0.46055463,0.28704337118620876
15757,1.0,0.13821138211382114
15758,1.0,0.18540035362465268
15759,0.99995667,0.14616240266963293
15760,1.0,0.15
15761,1.0,0.08473026516306004
15762,1.0,0.14861165428236214
15763,1.0,0.1399276236429433
15764,1.0,0.13821138211382114
15765,1.0,0.14200298953662183
15766,1.0,0.10630580357142858
15767,1.0,0.13812858052196053
15768,1.0,0.13821138211382114
15769,1.0,0.1462194763165637
15770,1.0,0.13821138211382114
15771,1.0,0.18880766322157802
15772,1.0,0.3313457266456214
15773,0.91020113,0.21075158363293955
15774,1.0,0.13825301204819276
15775,1.0,0.13821138211382114
15776,1.0,0.1373301831069108
15777,1.0,0.18540035362465268
15778,1.0,0.18540035362465268
15779,1.0,0.13821138211382114
15780,1.0,0.13855421686746988
15781,1.0,0.18540035362465268
15782,1.0,0.13988543864938197
15783,1.0,0.13821138211382114
15784,1.0,0.13821138211382114
15785,1.0,0.13842913030394222
15786,1.0,0.1457345971563981
15787,1.0,0.14761012183692596
15788,0.99676317,0.15082434357826174
15789,1.0,0.13821138211382114
15790,1.0,0.14040373606507983
15791,1.0,0.14221824686940965
15792,1.0,0.13821138211382114
15793,1.0,0.14204706549475474
15794,1.0,0.19318704925579255
15795,1.0,0.13821138211382114
15796,1.0,0.14040373606507983
15797,1.0,0.4810852542185949
15798,1.0,0.13851249623607348
15799,1.0,0.13821138211382114
15800,1.0,0.13821138211382114
15801,1.0,0.10235666549419627
15802,1.0,0.13821138211382114
15803,0.50298357,0.3337585527078743
15804,1.0,0.13591936469150886
15805,1.0,0.13821138211382114
15806,1.0,0.13821138211382114
15807,1.0,0.14871861247734922
15808,1.0,0.13851519681116092
15809,1.0,0.1482889733840304
15810,1.0,0.13825301204819276
15811,1.0,0.13821138211382114
15812,1.0,0.13821138211382114
15813,1.0,0.13802660753880266
15814,1.0,0.13841978287092882
15815,1.0,0.13821138211382114
15816,1.0,0.18540035362465268
15817,1.0,0.18408085912823752
15818,1.0,0.13821138211382114
15819,1.0,0.13685800604229606
15820,0.99999726,0.13061344291165247
15821,1.0,0.11586051743532058
15822,1.0,0.13821138211382114
15823,1.0,0.1390229191797346
15824,1.0,0.18878600823045266
15825,1.0,0.14944260319373306
15826,1.0,0.13821138211382114
15827,1.0,0.13821138211382114
15828,1.0,0.16364474492931777
15829,1.0,0.46323929855135604
15830,1.0,0.1386049308478653
15831,1.0,0.12355997289360741
15832,0.9999926,0.07863651704353695
15833,1.0,0.13821138211382114
15834,1.0,0.18540035362465268
15835,1.0,0.13821138211382114
15836,1.0,0.5840624011805629
15837,1.0,0.15
15838,1.0,0.15345108355254916
15839,1.0,0.1392749244712991
15840,1.0,0.14936562860438293
15841,1.0,0.13855421686746988
15842,1.0,0.13795180722891567
15843,1.0,0.1852740591058348
15844,1.0,0.13821138211382114
15845,1.0,0.13861985472154964
15846,1.0,0.18540035362465268
15847,1.0,0.14170161773517076
15848,1.0,0.18540035362465268
15849,1.0,0.1383780524570395
15850,1.0,0.13821138211382114
15851,1.0,0.13825301204819276
15852,1.0,0.13821138211382114
15853,1.0,0.13821138211382114
15854,1.0,0.19088493766605355
15855,1.0,0.13821138211382114
15856,1.0,0.18540035362465268
15857,1.0,0.13821138211382114
15858,1.0,0.0928652321630804
15859,1.0,0.18540035362465268
15860,1.0,0.13821138211382114
15861,1.0,0.18565294266228846
15862,1.0,0.18452004552927787
15863,1.0,0.14568541780447844
15864,1.0,0.13821138211382114
15865,1.0,0.13774436090225564
15866,1.0,0.12881144990665838
15867,1.0,0.18540035362465268
15868,1.0,0.42182177782661245
15869,1.0,0.13821138211382114
15870,1.0,0.18540035362465268
15871,0.3001167,0.3775033377837116
15872,1.0,0.13821138211382114
15873,1.0,0.18540035362465268
15874,1.0,0.18540035362465268
15875,1.0,0.13821138211382114
15876,1.0,0.18540035362465268
15877,1.0,0.14157973174366617
15878,1.0,0.4839426602955884
15879,1.0,0.13821138211382114
15880,0.9999989,0.13841918993314983
15881,1.0,0.13821138211382114
15882,1.0,0.13821138211382114
15883,1.0,0.13821138211382114
15884,1.0,0.13333333333333333
15885,1.0,0.13738401676144868
15886,1.0,0.18540035362465268
15887,1.0,0.13821138211382114
15888,0.93398,0.12943291387481615
15889,1.0,0.13821138211382114
15890,1.0,0.13992537313432835
15891,0.9736205,0.16294555424990206
15892,1.0,0.13821138211382114
15893,1.0,0.13821138211382114
15894,1.0,0.13821138211382114
15895,1.0,0.14031918096958748
15896,1.0,0.1869323915237134
15897,1.0,0.18540035362465268
15898,1.0,0.13821138211382114
15899,1.0,0.13821138211382114
15900,1.0,0.1383363471971067
15901,1.0,0.13821138211382114
15902,1.0,0.18540035362465268
15903,1.0,0.13619744058500913
15904,1.0,0.13821138211382114
15905,1.0,0.18540035362465268
15906,1.0,0.10464703795672224
15907,1.0,0.13821138211382114
15908,1.0,0.13821138211382114
15909,1.0,0.13821138211382114
15910,1.0,0.13821138211382114
15911,1.0,0.1407140714071407
15912,1.0,0.11788617886178862
15913,1.0,0.13821138211382114
15914,1.0,0.13721351025331724
15915,1.0,0.13840096910963054
15916,1.0,0.18491852974611594
15917,1.0,0.13821138211382114
15918,1.0,0.18540035362465268
15919,1.0,0.18782301777385604
15920,1.0,0.1380451127819549
15921,1.0,0.13877182420228779
15922,1.0,0.13809666766736717
15923,1.0,0.11612124868044035
15924,1.0,0.18540035362465268
15925,1.0,0.18540035362465268
15926,1.0,0.17712578103776147
15927,1.0,0.18606412522090382
15928,1.0,0.18540035362465268
15929,0.99957126,0.298819255222525
15930,1.0,0.13914880772713553
15931,1.0,0.13821138211382114
15932,1.0,0.13821138211382114
15933,1.0,0.18540035362465268
15934,1.0,0.13821138211382114
15935,1.0,0.14230695166570384
15936,1.0,0.11644073687869308
15937,1.0,0.18540035362465268
15938,1.0,0.1867591424968474
15939,0.78337586,0.11475685680632677
15940,1.0,0.09481808158765159
15941,1.0,0.13967489464178207
15942,1.0,0.13821138211382114
15943,1.0,0.13821138211382114
15944,1.0,0.18540035362465268
15945,1.0,0.13821138211382114
15946,1.0,0.13821138211382114
15947,1.0,0.18540035362465268
15948,0.99998355,0.14928649835345773
15949,1.0,0.13821138211382114
15950,1.0,0.23972687771570453
15951,1.0,0.13821138211382114
15952,1.0,0.14106145251396648
15953,1.0,0.13879846108316068
15954,1.0,0.13821138211382114
15955,1.0,0.13821138211382114
15956,1.0,0.13825301204819276
15957,1.0,0.3798485196235942
15958,1.0,0.13825301204819276
15959,1.0,0.13851249623607348
15960,1.0,0.18540035362465268
15961,1.0,0.15229722064662507
15962,1.0,0.14036669672377516
15963,1.0,0.18540035362465268
15964,1.0,0.13821138211382114
15965,1.0,0.18540035362465268
15966,1.0,0.13821138211382114
15967,1.0,0.13821138211382114
15968,1.0,0.13821138211382114
15969,1.0,0.1692389568919638
15970,1.0,0.09740698985343856
15971,1.0,0.10609421897429205
15972,1.0,0.13821138211382114
15973,1.0,0.13825301204819276
15974,1.0,0.13821138211382114
15975,1.0,0.13821138211382114
15976,1.0,0.18540035362465268
15977,1.0,0.18540035362465268
15978,1.0,0.13821138211382114
15979,1.0,0.18655046519844543
15980,1.0,0.13753753753753753
15981,0.84838694,0.2719033232628399
15982,1.0,0.20758820686321894
15983,1.0,0.14081508515815086
15984,1.0,0.39581163947703346
15985,1.0,0.13821138211382114
15986,1.0,0.13821138211382114
15987,1.0,0.1381697772426249
15988,1.0,0.18540035362465268
15989,1.0,0.4439660327711996
15990,1.0,0.31805019305019305
15991,1.0,0.6604286145487474
15992,1.0,0.13859020310633213
15993,1.0,0.13821138211382114
15994,1.0,0.13821138211382114
15995,1.0,0.3224050326639245
15996,1.0,0.13854512526411109
15997,1.0,0.13821138211382114
15998,1.0,0.14795474325500435
15999,1.0,0.11301494713816988
16000,1.0,0.13841978287092882
16001,1.0,0.34570243034973325
16002,1.0,0.1410332541567696
16003,1.0,0.18540035362465268
16004,1.0,0.14057796508127635
16005,1.0,0.13727245598328858
16006,1.0,0.18540035362465268
16007,1.0,0.13821138211382114
16008,1.0,0.13821138211382114
16009,1.0,0.1363773813123677
16010,1.0,0.1856060606060606
16011,1.0,0.13821138211382114
16012,1.0,0.18540035362465268
16013,1.0,0.13821138211382114
16014,1.0,0.13821138211382114
16015,1.0,0.13765060240963856
16016,1.0,0.06912568306010929
16017,0.86406744,0.07449459983384105
16018,1.0,0.13821138211382114
16019,1.0,0.3312302839116719
16020,1.0,0.13821138211382114
16021,1.0,0.13821138211382114
16022,1.0,0.13821138211382114
16023,1.0,0.13821138211382114
16024,1.0,0.13821138211382114
16025,1.0,0.13821138211382114
16026,1.0,0.13821138211382114
16027,1.0,0.14413341274568195
16028,1.0,0.123
16029,1.0,0.13821138211382114
16030,1.0,0.18540035362465268
16031,1.0,0.08759124087591241
16032,0.9999092,0.2823944697749669
16033,1.0,0.6409215467370344
16034,1.0,0.1740142586934381
16035,1.0,0.13821138211382114
16036,1.0,0.13821138211382114
16037,1.0,0.13825301204819276
16038,1.0,0.18701134930643126
16039,1.0,0.13825301204819276
16040,1.0,0.13821138211382114
16041,1.0,0.18540035362465268
16042,1.0,0.1383363471971067
16043,1.0,0.11655716162943495
16044,1.0,0.13821138211382114
16045,1.0,0.1381697772426249
16046,1.0,0.13821138211382114
16047,1.0,0.18540035362465268
16048,1.0,0.5683903252710593
16049,1.0,0.13821138211382114
16050,1.0,0.13821138211382114
16051,1.0,0.12623413258110014
16052,1.0,0.13821138211382114
16053,1.0,0.13821138211382114
16054,1.0,0.09665941885748172
16055,1.0,0.143143429716576
16056,1.0,0.13797068123023856
16057,1.0,0.13835168104730736
16058,1.0,0.19977398292315418
16059,1.0,0.14054054054054055
16060,1.0,0.15897580191333707
16061,1.0,0.13821138211382114
16062,1.0,0.13821138211382114
16063,1.0,0.13821138211382114
16064,1.0,0.13821138211382114
16065,1.0,0.18540035362465268
16066,1.0,0.14391911983348202
16067,1.0,0.34303015910710044
16068,1.0,0.13851249623607348
16069,1.0,0.13821138211382114
16070,1.0,0.24173783884144076
16071,1.0,0.13685800604229606
16072,1.0,0.14724084579680247
16073,1.0,0.13821138211382114
16074,1.0,0.1382946670683941
16075,1.0,0.13821138211382114
16076,1.0,0.13821138211382114
16077,1.0,0.13821138211382114
16078,0.99999875,0.09129003292427416
16079,1.0,0.15627157652474108
16080,1.0,0.1362670713201821
16081,1.0,0.13821138211382114
16082,1.0,0.13806766229807985
16083,1.0,0.18540035362465268
16084,1.0,0.18540035362465268
16085,0.99999994,0.1328519855595668
16086,1.0,0.13846153846153847
16087,1.0,0.141831754234855
16088,0.99997914,0.14577424844015882
16089,1.0,0.13854512526411109
16090,1.0,0.1381697772426249
16091,1.0,0.18722439208769057
16092,1.0,0.13755656108597286
16093,1.0,0.1392749244712991
16094,1.0,0.13821138211382114
16095,1.0,0.1488560671879525
16096,1.0,0.13821138211382114
16097,1.0,0.3129145062100567
16098,1.0,0.13821138211382114
16099,1.0,0.1377245508982036
16100,1.0,0.31945467943994105
16101,1.0,0.13821138211382114
16102,1.0,0.18746057777217107
16103,1.0,0.21753086419753087
16104,0.99999994,0.13861680023745918
16105,1.0,0.14277180406212664
16106,1.0,0.13825301204819276
16107,1.0,0.14302530900529722
16108,1.0,0.13821138211382114
16109,1.0,0.2563489692261727
16110,1.0,0.20246352547237503
16111,0.80825144,0.40563943161634103
16112,1.0,0.13821138211382114
16113,1.0,0.13821138211382114
16114,1.0,0.18540035362465268
16115,1.0,0.15335335335335334
16116,1.0,0.13846153846153847
16117,1.0,0.13825301204819276
16118,1.0,0.13838748495788206
16119,1.0,0.19476124827672642
16120,1.0,0.13821138211382114
16121,1.0,0.13302120627926192
16122,1.0,0.18540035362465268
16123,1.0,0.0800392028748775
16124,0.88456064,0.24009829430471236
16125,1.0,0.18540035362465268
16126,1.0,0.31478770131771594
16127,1.0,0.13821138211382114
16128,1.0,0.13815594426326713
16129,1.0,0.13821138211382114
16130,1.0,0.11513963743263106
16131,1.0,0.13333333333333333
16132,1.0,0.13654373666565073
16133,1.0,0.18540035362465268
16134,1.0,0.11695421366954213
16135,1.0,0.41162310866574964
16136,0.99999994,0.1589310829817159
16137,1.0,0.13898809523809524
16138,1.0,0.18540035362465268
16139,1.0,0.23658200925810083
16140,1.0,0.13255535607420707
16141,1.0,0.1380036079374624
16142,1.0,0.13821138211382114
16143,1.0,0.13821138211382114
16144,0.9947283,0.1254255040586541
16145,1.0,0.15203299941072482
16146,1.0,0.13821138211382114
16147,1.0,0.1378687537627935
16148,1.0,0.14094159713945173
16149,1.0,0.1382946670683941
16150,1.0,0.10483417650365374
16151,1.0,0.13821138211382114
16152,1.0,0.13821138211382114
16153,1.0,0.13821138211382114
16154,1.0,0.15393452039058012
16155,1.0,0.13821138211382114
16156,1.0,0.13821138211382114
16157,1.0,0.13779645752026418
16158,1.0,0.18540035362465268
16159,1.0,0.14302705917335712
16160,1.0,0.1313626723223754
16161,0.9999954,0.14792154039949612
16162,0.62271816,0.22768166089965397
16163,1.0,0.13714967203339296
16164,1.0,0.1423746889441877
16165,1.0,0.13372093023255813
16166,1.0,0.11828130028966849
16167,1.0,0.13821138211382114
16168,1.0,0.1859290135152204
16169,1.0,0.1331615120274914
16170,1.0,0.13914880772713553
16171,1.0,0.18161036322072643
16172,1.0,0.18540035362465268
16173,1.0,0.13825301204819276
16174,1.0,0.13821138211382114
16175,1.0,0.08602620087336245
16176,1.0,0.14976156721226963
16177,1.0,0.38154642815111217
16178,1.0,0.13821138211382114
16179,1.0,0.13821138211382114
16180,1.0,0.13821138211382114
16181,1.0,0.15607101947308133
16182,1.0,0.13821138211382114
16183,1.0,0.18540035362465268
16184,0.8543573,0.06058056373580143
16185,1.0,0.13821138211382114
16186,1.0,0.11550577528876443
16187,1.0,0.14725967431272982
16188,1.0,0.13821138211382114
16189,1.0,0.1375980687990344
16190,1.0,0.18540035362465268
16191,1.0,0.14412532637075717
16192,0.99999994,0.09865470852017937
16193,0.9999999,0.1336621454993835
16194,1.0,0.13528194516295913
16195,1.0,0.24486215538847117
16196,1.0,0.13757885250826074
16197,1.0,0.13821138211382114
16198,1.0,0.14084507042253522
16199,1.0,0.4857518632178869
16200,0.9990143,0.16211484593837536
16201,1.0,0.13825301204819276
16202,1.0,0.13821138211382114
16203,1.0,0.18678269643082357
16204,1.0,0.13821138211382114
16205,1.0,0.13821138211382114
16206,1.0,0.12104787714543812
16207,1.0,0.13821138211382114
16208,1.0,0.10985155195681512
16209,1.0,0.13825301204819276
16210,1.0,0.1373792270531401
16211,0.9999844,0.1551067704022513
16212,1.0,0.13821138211382114
16213,1.0,0.13821138211382114
16214,1.0,0.13821138211382114
16215,1.0,0.12589832313015703
16216,0.9999959,0.07360537190082644
16217,1.0,0.13821138211382114
16218,1.0,0.13821138211382114
16219,1.0,0.33654532476802285
16220,1.0,0.18540035362465268
16221,1.0,0.13821138211382114
16222,1.0,0.13821138211382114
16223,1.0,0.1378582202111614
16224,1.0,0.18540035362465268
16225,1.0,0.18540035362465268
16226,1.0,0.16652625666947488
16227,1.0,0.13821138211382114
16228,1.0,0.14021804966686857
16229,1.0,0.30253795066413663
16230,1.0,0.13821138211382114
16231,1.0,0.13821138211382114
16232,1.0,0.13821138211382114
16233,1.0,0.13821138211382114
16234,0.8653567,0.4725449988607883
16235,1.0,0.13821138211382114
16236,1.0,0.14054054054054055
16237,1.0,0.14010244049412474
16238,1.0,0.18399089529590287
16239,1.0,0.18768920282542886
16240,1.0,0.18540035362465268
16241,1.0,0.13821138211382114
16242,1.0,0.13822115384615385
16243,1.0,0.18540035362465268
16244,1.0,0.12484355444305381
16245,1.0,0.4210283073367995
16246,1.0,0.13772274237390517
16247,1.0,0.13859020310633213
16248,1.0,0.13821138211382114
16249,0.83829474,0.5892508478059809
16250,1.0,0.13821138211382114
16251,1.0,0.1869316705637828
16252,1.0,0.13821138211382114
16253,1.0,0.18540035362465268
16254,1.0,0.13821138211382114
16255,1.0,0.5903387703889585
16256,1.0,0.18540035362465268
16257,1.0,0.13821138211382114
16258,1.0,0.14465962441314553
16259,1.0,0.19533123028391167
16260,1.0,0.07828316911863949
16261,1.0,0.1378792430159207
16262,1.0,0.13821138211382114
16263,1.0,0.18540035362465268
16264,1.0,0.13821138211382114
16265,1.0,0.13821138211382114
16266,1.0,0.18540035362465268
16267,1.0,0.14200298953662183
16268,1.0,0.13821138211382114
16269,1.0,0.13821138211382114
16270,1.0,0.13825301204819276
16271,1.0,0.14530892448512586
16272,1.0,0.13821138211382114
16273,1.0,0.274671669793621
16274,1.0,0.31847360912981454
16275,1.0,0.16898532227185706
16276,1.0,0.1383780524570395
16277,1.0,0.13796212804328223
16278,1.0,0.13821138211382114
16279,1.0,0.18540035362465268
16280,1.0,0.13821138211382114
16281,1.0,0.13821138211382114
16282,0.38830236,0.40228633641807293
16283,1.0,0.13821138211382114
16284,1.0,0.1371308016877637
16285,1.0,0.11788617886178862
16286,1.0,0.18540035362465268
16287,1.0,0.18540035362465268
16288,1.0,0.18540035362465268
16289,1.0,0.12883270575578268
16290,1.0,0.13821138211382114
16291,1.0,0.13846153846153847
16292,1.0,0.13821138211382114
16293,1.0,0.24460163812360386
16294,1.0,0.1381697772426249
16295,1.0,0.12009656004828002
16296,1.0,0.13821138211382114
16297,1.0,0.13821138211382114
16298,0.99999964,0.1344
16299,1.0,0.13821138211382114
16300,1.0,0.20992555831265508
16301,1.0,0.18540035362465268
16302,1.0,0.18540035362465268
16303,0.37342882,0.2241501920068269
16304,1.0,0.13821138211382114
16305,1.0,0.18540035362465268
16306,1.0,0.13877182420228779
16307,1.0,0.13825301204819276
16308,1.0,0.18540035362465268
16309,1.0,0.13821138211382114
16310,1.0,0.13847080072245635
16311,1.0,0.23553564762971257
16312,1.0,0.13821138211382114
16313,1.0,0.13821138211382114
16314,1.0,0.5187575194137591
16315,1.0,0.49211636686653343
16316,1.0,0.14157706093189965
16317,1.0,0.18540035362465268
16318,1.0,0.14023472765573278
16319,1.0,0.15203299941072482
16320,0.24430086,0.3912488963013833
16321,1.0,0.18540035362465268
16322,1.0,0.13821138211382114
16323,1.0,0.13980114492316964
16324,1.0,0.18540035362465268
16325,1.0,0.14404960648700216
16326,1.0,0.14040373606507983
16327,1.0,0.13148984198645597
16328,1.0,0.14820228003507746
16329,1.0,0.150902342250096
16330,1.0,0.13821138211382114
16331,1.0,0.18540035362465268
16332,1.0,0.13821138211382114
16333,1.0,0.13821138211382114
16334,1.0,0.13821138211382114
16335,1.0,0.13821138211382114
16336,1.0,0.12494327635758584
16337,1.0,0.13825301204819276
16338,1.0,0.1757373595505618
16339,1.0,0.13825301204819276
16340,1.0,0.14131736526946106
16341,1.0,0.13821138211382114
16342,1.0,0.13782726452001204
16343,1.0,0.13821138211382114
16344,1.0,0.18540035362465268
16345,1.0,0.13821138211382114
16346,1.0,0.18540035362465268
16347,1.0,0.18540035362465268
16348,1.0,0.13865546218487396
16349,1.0,0.1349231251961092
16350,1.0,0.12932428063368898
16351,1.0,0.13821138211382114
16352,1.0,0.0390715667311412
16353,1.0,0.12515566625155666
16354,1.0,0.13821138211382114
16355,1.0,0.1459054209919262
16356,1.0,0.13821138211382114
16357,1.0,0.1490162037037037
16358,1.0,0.13825301204819276
16359,1.0,0.13821138211382114
16360,1.0,0.13821138211382114
16361,1.0,0.3815478999528079
16362,0.9995914,0.09592760180995476
16363,1.0,0.18540035362465268
16364,1.0,0.13825301204819276
16365,1.0,0.1462194763165637
16366,1.0,0.13821138211382114
16367,1.0,0.13821138211382114
16368,1.0,0.13757885250826074
16369,1.0,0.1390229191797346
16370,1.0,0.36307325789160216
16371,1.0,0.18540035362465268
16372,1.0,0.13821138211382114
16373,1.0,0.25003065603923974
16374,1.0,0.13821138211382114
16375,1.0,0.13748913987836664
16376,1.0,0.08384249830278344
16377,1.0,0.10408340573414422
16378,1.0,0.13821138211382114
16379,1.0,0.13825301204819276
16380,1.0,0.13851249623607348
16381,1.0,0.12463256907701352
16382,1.0,0.3789449167345988
16383,1.0,0.0787037037037037
16384,1.0,0.5245757108221292
16385,1.0,0.18540035362465268
16386,1.0,0.13990370999716795
16387,1.0,0.1822684497275879
16388,1.0,0.1555939027897613
16389,1.0,0.13391252246854404
16390,1.0,0.13725490196078433
16391,1.0,0.13821138211382114
16392,1.0,0.18540035362465268
16393,1.0,0.13725490196078433
16394,1.0,0.13821138211382114
16395,1.0,0.13821138211382114
16396,0.8986898,0.16752096924510718
16397,1.0,0.13821138211382114
16398,1.0,0.13821138211382114
16399,1.0,0.08056222146040452
16400,1.0,0.1961973638166336
16401,1.0,0.15834795088502632
16402,1.0,0.16707549741073863
16403,1.0,0.13825301204819276
16404,1.0,0.13821138211382114
16405,1.0,0.12183037015447391
16406,1.0,0.1378839590443686
16407,1.0,0.15178418985828923
16408,1.0,0.13821138211382114
16409,1.0,0.15393452039058012
16410,1.0,0.13821138211382114
16411,1.0,0.13821138211382114
16412,0.825859,0.3365541327124563
16413,1.0,0.13821138211382114
16414,1.0,0.13711583924349882
16415,1.0,0.13821138211382114
16416,1.0,0.13821138211382114
16417,1.0,0.13842913030394222
16418,1.0,0.13948497854077252
16419,1.0,0.13821138211382114
16420,1.0,0.13821138211382114
16421,1.0,0.13821138211382114
16422,1.0,0.13821138211382114
16423,1.0,0.13821138211382114
16424,1.0,0.11218894981020666
16425,1.0,0.18540035362465268
16426,1.0,0.5574409780775716
16427,1.0,0.13752633162804695
16428,0.9999803,0.11914788209066138
16429,1.0,0.16409673754260673
16430,1.0,0.13861386138613863
16431,1.0,0.13821138211382114
16432,1.0,0.15371539582321514
16433,1.0,0.13919855378125942
16434,1.0,0.18585858585858586
16435,1.0,0.1368038740920097
16436,1.0,0.13825301204819276
16437,1.0,0.33249880782069624
16438,1.0,0.13821138211382114
16439,1.0,0.18540035362465268
16440,1.0,0.1531925849639547
16441,1.0,0.13988543864938197
16442,1.0,0.13821138211382114
16443,1.0,0.13821138211382114
16444,1.0,0.2920924574209246
16445,1.0,0.18540035362465268
16446,0.919629,0.2786588128681468
16447,0.9813382,0.29331283627978477
16448,1.0,0.13821138211382114
16449,1.0,0.13821138211382114
16450,1.0,0.13821138211382114
16451,1.0,0.13821138211382114
16452,0.97905594,0.17067217423957942
16453,1.0,0.13821138211382114
16454,0.68922573,0.26722454672245466
16455,1.0,0.13821138211382114
16456,1.0,0.14118705035971224
16457,1.0,0.18430679954585594
16458,1.0,0.13821138211382114
16459,1.0,0.11889081455805893
16460,1.0,0.1852740591058348
16461,1.0,0.13754869643392267
16462,1.0,0.185835121828052
16463,1.0,0.18540035362465268
16464,1.0,0.1384477075217261
16465,1.0,0.18712933753943217
16466,1.0,0.1958174904942966
16467,0.99989164,0.16040955631399317
16468,1.0,0.13835168104730736
16469,0.18771522,0.3084267330842673
16470,1.0,0.2058513997053252
16471,1.0,0.13821138211382114
16472,1.0,0.13821138211382114
16473,0.99999994,0.12614107883817427
16474,0.76795304,0.514428586311074
16475,1.0,0.14090131203650885
16476,1.0,0.5304395008138904
16477,1.0,0.5118462714270117
16478,1.0,0.12987393726180005
16479,1.0,0.13822829964328182
16480,1.0,0.18562949867407502
16481,1.0,0.5135458600805135
16482,1.0,0.13821138211382114
16483,1.0,0.13821138211382114
16484,1.0,0.13821138211382114
16485,1.0,0.13821138211382114
16486,1.0,0.13464923309026905
16487,1.0,0.13821138211382114
16488,0.99999994,0.2023945267958951
16489,1.0,0.13821138211382114
16490,1.0,0.20206489675516223
16491,1.0,0.13821138211382114
16492,1.0,0.18540035362465268
16493,1.0,0.18540035362465268
16494,1.0,0.13821138211382114
16495,1.0,0.13825301204819276
16496,0.9140043,0.5629117959617428
16497,1.0,0.0705596107055961
16498,1.0,0.1360787824529991
16499,1.0,0.4675991694896733
16500,1.0,0.18540035362465268
16501,1.0,0.13841978287092882
16502,1.0,0.1392749244712991
16503,1.0,0.18540035362465268
16504,1.0,0.13821138211382114
16505,1.0,0.11971715178424601
16506,1.0,0.138076575218571
16507,1.0,0.18540035362465268
16508,1.0,0.18540035362465268
16509,1.0,0.13190618605383284
16510,0.9867132,0.2375094625283876
16511,1.0,0.13821138211382114
16512,1.0,0.13821138211382114
16513,1.0,0.13725490196078433
16514,1.0,0.19096741728519312
16515,1.0,0.1404103143233578
16516,1.0,0.12496236073471846
16517,1.0,0.13821138211382114
16518,0.83135396,0.4928343949044586
16519,1.0,0.13821138211382114
16520,1.0,0.13821138211382114
16521,1.0,0.18540035362465268
16522,1.0,0.13821138211382114
16523,1.0,0.13821138211382114
16524,1.0,0.13821138211382114
16525,1.0,0.19500819362158073
16526,1.0,0.18540035362465268
16527,1.0,0.15571327182398864
16528,1.0,0.05905511811023622
16529,1.0,0.13825301204819276
16530,0.75058794,0.31729169333162677
16531,1.0,0.12345180398492192
16532,1.0,0.1377318333840073
16533,1.0,0.13821138211382114
16534,1.0,0.1415749855240301
16535,1.0,0.13795180722891567
16536,1.0,0.1381697772426249
16537,1.0,0.11843575418994413
16538,1.0,0.13957703927492446
16539,1.0,0.13821138211382114
16540,1.0,0.13821138211382114
16541,1.0,0.18540035362465268
16542,1.0,0.13821138211382114
16543,1.0,0.20883084577114427
16544,1.0,0.18540035362465268
16545,1.0,0.13821138211382114
16546,1.0,0.14800718892060472
16547,1.0,0.1381697772426249
16548,1.0,0.18540035362465268
16549,0.81476516,0.08417230566100016
16550,1.0,0.13613345248733988
16551,1.0,0.13825301204819276
16552,0.6007721,0.23993764172335602
16553,1.0,0.13821138211382114
16554,1.0,0.13821138211382114
16555,1.0,0.13821138211382114
16556,1.0,0.6206229641693811
16557,1.0,0.13957703927492446
16558,1.0,0.13821138211382114
16559,1.0,0.1412849494348602
16560,1.0,0.13719603722605825
16561,1.0,0.13821138211382114
16562,1.0,0.497003378010243
16563,1.0,0.18540035362465268
16564,1.0,0.1383363471971067
16565,1.0,0.13821138211382114
16566,1.0,0.13714285714285715
16567,1.0,0.13821138211382114
16568,1.0,0.19243856332703213
16569,1.0,0.12547977561263654
16570,1.0,0.18540035362465268
16571,1.0,0.08941527955612463
16572,1.0,0.13825301204819276
16573,1.0,0.13821138211382114
16574,1.0,0.14602156805596037
16575,1.0,0.13821138211382114
16576,1.0,0.13821138211382114
16577,1.0,0.13821138211382114
16578,1.0,0.18540035362465268
16579,1.0,0.13821138211382114
16580,1.0,0.13821138211382114
16581,1.0,0.1354081354081354
16582,1.0,0.13821138211382114
16583,1.0,0.13821138211382114
16584,1.0,0.18540035362465268
16585,1.0,0.13821138211382114
16586,1.0,0.15371539582321514
16587,1.0,0.18540035362465268
16588,1.0,0.13821138211382114
16589,0.9994838,0.1527704018410338
16590,1.0,0.2058513997053252
16591,1.0,0.15171242570053778
16592,1.0,0.13821138211382114
16593,1.0,0.18540035362465268
16594,0.8685982,0.2385143005047237
16595,1.0,0.13821138211382114
16596,1.0,0.13821138211382114
16597,1.0,0.13821138211382114
16598,1.0,0.10584084672677381
16599,1.0,0.13821138211382114
16600,1.0,0.13821138211382114
16601,0.95164126,0.322522159548751
16602,1.0,0.13851249623607348
16603,1.0,0.13825301204819276
16604,1.0,0.13821138211382114
16605,1.0,0.1321626617375231
16606,1.0,0.18540035362465268
16607,1.0,0.18540035362465268
16608,1.0,0.13821138211382114
16609,1.0,0.13825301204819276
16610,1.0,0.14051801131289074
16611,1.0,0.19975015615240474
16612,1.0,0.13821138211382114
16613,1.0,0.1954753431621759
16614,1.0,0.13821138211382114
16615,1.0,0.1397169527250828
16616,1.0,0.1862138618861255
16617,1.0,0.18594172424151398
16618,1.0,0.13821138211382114
16619,0.16714066,0.11930855270590894
16620,1.0,0.13560650597687635
16621,1.0,0.132309509746013
16622,1.0,0.13821138211382114
16623,1.0,0.13821138211382114
16624,1.0,0.14213046080191502
16625,1.0,0.13821138211382114
16626,1.0,0.13821138211382114
16627,1.0,0.13821138211382114
16628,1.0,0.13924812030075187
16629,1.0,0.13821138211382114
16630,1.0,0.13805522208883553
16631,1.0,0.18540035362465268
16632,1.0,0.13821138211382114
16633,0.9017928,0.3359060402684564
16634,1.0,0.13825301204819276
16635,1.0,0.18540035362465268
16636,1.0,0.1420863309352518
16637,1.0,0.13821138211382114
16638,1.0,0.13821138211382114
16639,1.0,0.2057194383614582
16640,1.0,0.13821138211382114
16641,1.0,0.13821138211382114
16642,1.0,0.13821138211382114
16643,1.0,0.13821138211382114
16644,1.0,0.1381697772426249
16645,1.0,0.18540035362465268
16646,1.0,0.13766155695822063
16647,1.0,0.13821138211382114
16648,1.0,0.5390735694822888
16649,1.0,0.13821138211382114
16650,1.0,0.13821138211382114
16651,1.0,0.6420213839015534
16652,0.9116019,0.15113583681038478
16653,1.0,0.13821138211382114
16654,1.0,0.13746223564954682
16655,1.0,0.13821138211382114
16656,1.0,0.13821138211382114
16657,1.0,0.41526003649635035
16658,1.0,0.14854542499593695
16659,1.0,0.05905511811023622
16660,1.0,0.5885601166909773
16661,1.0,0.13821138211382114
16662,1.0,0.1383267894895802
16663,1.0,0.08260408379740122
16664,1.0,0.13821138211382114
16665,1.0,0.13821138211382114
16666,1.0,0.13107098381070983
16667,1.0,0.1381697772426249
16668,1.0,0.13842913030394222
16669,0.99999666,0.15555555555555556
16670,1.0,0.15338851526125194
16671,1.0,0.18540035362465268
16672,1.0,0.18540035362465268
16673,1.0,0.13821138211382114
16674,1.0,0.13821138211382114
16675,1.0,0.13825301204819276
16676,0.43673134,0.2687622198826891
16677,1.0,0.13821138211382114
16678,1.0,0.1365558912386707
16679,1.0,0.18540035362465268
16680,1.0,0.13821138211382114
16681,1.0,0.13821138211382114
16682,1.0,0.058823529411764705
16683,1.0,0.13821138211382114
16684,1.0,0.13940856970428486
16685,1.0,0.13821138211382114
16686,1.0,0.13821138211382114
16687,1.0,0.13796212804328223
16688,1.0,0.13821138211382114
16689,0.99999994,0.13718329148596212
16690,1.0,0.1844526218951242
16691,0.9966413,0.11431973801726704
16692,1.0,0.14997104806022005
16693,1.0,0.10470242468772961
16694,1.0,0.13735691987513007
16695,1.0,0.14076163610719322
16696,1.0,0.18540035362465268
16697,1.0,0.09193494855625622
16698,1.0,0.18673559450258478
16699,1.0,0.13821138211382114
16700,1.0,0.13821138211382114
16701,0.71596587,0.30393788130892957
16702,1.0,0.13821138211382114
16703,1.0,0.18540035362465268
16704,1.0,0.13821138211382114
16705,1.0,0.18585858585858586
16706,1.0,0.13821138211382114
16707,1.0,0.13841978287092882
16708,1.0,0.13781763826606877
16709,1.0,0.13821138211382114
16710,1.0,0.13821138211382114
16711,1.0,0.14517726282432164
16712,1.0,0.13821138211382114
16713,1.0,0.13821138211382114
16714,1.0,0.13821138211382114
16715,1.0,0.41728146657724124
16716,1.0,0.18540035362465268
16717,1.0,0.13821138211382114
16718,1.0,0.1852740591058348
16719,0.9730193,0.1574832464631422
16720,1.0,0.1858909641595154
16721,1.0,0.14006612563871357
16722,1.0,0.13821138211382114
16723,1.0,0.1617971334068357
16724,1.0,0.18440343781597573
16725,1.0,0.18570887514202752
16726,1.0,0.1382946670683941
16727,1.0,0.13821138211382114
16728,1.0,0.41865509761388287
16729,1.0,0.29916089018606346
16730,1.0,0.137473620741634
16731,1.0,0.13821138211382114
16732,0.9999823,0.15349466914875615
16733,0.5588732,0.2366369710467706
16734,0.9980827,0.13808038808038808
16735,1.0,0.138800347725297
16736,1.0,0.13821138211382114
16737,1.0,0.13821138211382114
16738,1.0,0.13821138211382114
16739,1.0,0.13792067307692307
16740,1.0,0.1382946670683941
16741,1.0,0.13821138211382114
16742,1.0,0.13821138211382114
16743,1.0,0.13827893175074185
16744,1.0,0.14074074074074075
16745,1.0,0.13806528900868523
16746,1.0,0.18540035362465268
16747,1.0,0.18540035362465268
16748,1.0,0.13681667170039263
16749,1.0,0.13821138211382114
16750,0.94456226,0.42708211315450395
16751,1.0,0.1661039837947333
16752,1.0,0.13821138211382114
16753,1.0,0.18540035362465268
16754,1.0,0.13821138211382114
16755,1.0,0.18540035362465268
16756,1.0,0.13821138211382114
16757,1.0,0.18540035362465268
16758,1.0,0.13825301204819276
16759,1.0,0.13821138211382114
16760,1.0,0.13821138211382114
16761,1.0,0.14135130464834975
16762,1.0,0.1377551020408163
16763,1.0,0.1389141643918714
16764,1.0,0.11267314451106057
16765,1.0,0.13952793546459516
16766,1.0,0.1390229191797346
16767,1.0,0.1582369002730464
16768,1.0,0.1342673671920607
16769,1.0,0.1382946670683941
16770,1.0,0.13821138211382114
16771,1.0,0.13821138211382114
16772,1.0,0.13841978287092882
16773,1.0,0.3022369714847591
16774,1.0,0.13821138211382114
16775,1.0,0.14131736526946106
16776,1.0,0.13821138211382114
16777,1.0,0.1852740591058348
16778,1.0,0.13821138211382114
16779,1.0,0.18540035362465268
16780,1.0,0.21871833839918947
16781,1.0,0.45995118704237853
16782,1.0,0.20075757575757575
16783,1.0,0.13821138211382114
16784,1.0,0.11637683928912669
16785,1.0,0.13912259615384615
16786,1.0,0.1634698462070157
16787,1.0,0.42380195321371794
16788,1.0,0.13821138211382114
16789,1.0,0.13821138211382114
16790,1.0,0.13821138211382114
16791,0.9999754,0.07575757575757576
16792,1.0,0.1381697772426249
16793,1.0,0.14135968852949984
16794,1.0,0.14057599087539208
16795,1.0,0.13821138211382114
16796,1.0,0.1476842411884649
16797,1.0,0.13821138211382114
16798,1.0,0.13825301204819276
16799,1.0,0.13821138211382114
16800,1.0,0.5766220391349125
16801,1.0,0.1436932982148083
16802,1.0,0.13821138211382114
16803,1.0,0.13821138211382114
16804,0.9981075,0.16079770032339202
16805,1.0,0.1318649045521292
16806,1.0,0.13967489464178207
16807,1.0,0.13821138211382114
16808,1.0,0.14471337579617835
16809,1.0,0.1237234220659635
16810,1.0,0.10087719298245613
16811,1.0,0.0950238965420298
16812,1.0,0.13821138211382114
16813,1.0,0.13821138211382114
16814,1.0,0.13821138211382114
16815,1.0,0.13782726452001204
16816,1.0,0.13825301204819276
16817,1.0,0.1380239520958084
16818,1.0,0.18488906656006396
16819,1.0,0.18540035362465268
16820,1.0,0.13821138211382114
16821,1.0,0.15105827776167005
16822,1.0,0.13821138211382114
16823,1.0,0.13821138211382114
16824,1.0,0.13821138211382114
16825,1.0,0.14212893553223388
16826,1.0,0.1382946670683941
16827,1.0,0.13796240145542754
16828,1.0,0.1431918008784773
16829,1.0,0.1381697772426249
16830,1.0,0.13821138211382114
16831,1.0,0.13821138211382114
16832,1.0,0.18540035362465268
16833,1.0,0.13821138211382114
16834,1.0,0.13821138211382114
16835,0.9662173,0.2161874334398296
16836,1.0,0.18540035362465268
16837,1.0,0.1361018490451652
16838,1.0,0.13817963352358065
16839,1.0,0.18540035362465268
16840,1.0,0.18629929221435793
16841,1.0,0.13821138211382114
16842,0.5949579,0.2596166733681812
16843,0.9876251,0.2663291966035271
16844,1.0,0.14054054054054055
16845,1.0,0.15203299941072482
16846,1.0,0.13825301204819276
16847,1.0,0.1382946670683941
16848,1.0,0.18540035362465268
16849,1.0,0.12212754970307256
16850,1.0,0.1359882005899705
16851,1.0,0.10482326310290789
16852,1.0,0.13821138211382114
16853,1.0,0.17532855436081243
16854,1.0,0.13821138211382114
16855,1.0,0.13821138211382114
16856,1.0,0.19104098273853648
16857,1.0,0.13333333333333333
16858,1.0,0.13821138211382114
16859,1.0,0.1496833621185953
16860,1.0,0.18540035362465268
16861,1.0,0.13911472448057813
16862,1.0,0.1402769416014449
16863,1.0,0.1380451127819549
16864,1.0,0.13821138211382114
16865,1.0,0.18540035362465268
16866,1.0,0.19543237778042108
16867,1.0,0.20102564102564102
16868,1.0,0.13821138211382114
16869,1.0,0.153125
16870,1.0,0.18540035362465268
16871,1.0,0.13821138211382114
16872,1.0,0.13825301204819276
16873,1.0,0.13727245598328858
16874,1.0,0.13821138211382114
16875,1.0,0.18540035362465268
16876,0.9150141,0.2915552759867904
16877,1.0,0.14291778689684448
16878,1.0,0.13821138211382114
16879,1.0,0.241546494281452
16880,1.0,0.08436974789915966
16881,1.0,0.12544483985765126
16882,1.0,0.13821138211382114
16883,1.0,0.13821138211382114
16884,1.0,0.13821138211382114
16885,1.0,0.1852740591058348
16886,1.0,0.18540035362465268
16887,1.0,0.16245585438739474
16888,1.0,0.19088493766605355
16889,1.0,0.1382946670683941
16890,1.0,0.13748148148148148
16891,1.0,0.13821138211382114
16892,1.0,0.13811986613933677
16893,1.0,0.13821138211382114
16894,0.74048823,0.18206757146982386
16895,1.0,0.13821138211382114
16896,1.0,0.14161676646706586
16897,1.0,0.13841978287092882
16898,1.0,0.18509615384615385
16899,1.0,0.13821138211382114
16900,1.0,0.18540035362465268
16901,1.0,0.13821138211382114
16902,1.0,0.18540035362465268
16903,1.0,0.19468072361327424
16904,1.0,0.13821138211382114
16905,1.0,0.13795180722891567
16906,1.0,0.14174873172187408
16907,1.0,0.14088314809252028
16908,1.0,0.13825301204819276
16909,1.0,0.38727460663833696
16910,1.0,0.26952451342695244
16911,1.0,0.13821138211382114
16912,1.0,0.13821138211382114
16913,0.83833885,0.11182222222222223
16914,1.0,0.13821138211382114
16915,0.8300147,0.21000503609199261
16916,0.51288277,0.16843771196020801
16917,1.0,0.151228126505057
16918,1.0,0.1380451127819549
16919,1.0,0.13821138211382114
16920,1.0,0.1245216367382985
16921,1.0,0.13821138211382114
16922,1.0,0.119009900990099
16923,1.0,0.13821138211382114
16924,1.0,0.13821138211382114
16925,1.0,0.13971462544589774
16926,1.0,0.13821138211382114
16927,1.0,0.13421400264200792
16928,1.0,0.13821138211382114
16929,1.0,0.16777996070726917
16930,1.0,0.13821138211382114
16931,1.0,0.12308465209746294
16932,1.0,0.12720488466757124
16933,1.0,0.13821138211382114
16934,1.0,0.13821138211382114
16935,1.0,0.16143497757847533
16936,1.0,0.13821138211382114
16937,1.0,0.13821138211382114
16938,1.0,0.13821138211382114
16939,1.0,0.1378792430159207
16940,1.0,0.13825301204819276
16941,1.0,0.13821138211382114
16942,1.0,0.13821138211382114
16943,1.0,0.14277180406212664
16944,1.0,0.36776140188000467
16945,1.0,0.13822115384615385
16946,1.0,0.18540035362465268
16947,1.0,0.13868832731648617
16948,1.0,0.18540035362465268
16949,1.0,0.13821138211382114
16950,1.0,0.18611111111111112
16951,1.0,0.1396045536249251
16952,1.0,0.13821138211382114
16953,0.91947067,0.49475230898404704
16954,1.0,0.13825301204819276
16955,1.0,0.1383780524570395
16956,1.0,0.1381697772426249
16957,1.0,0.18540035362465268
16958,1.0,0.1417624521072797
16959,1.0,0.13821138211382114
16960,1.0,0.13821138211382114
16961,0.90304965,0.20646730576620403
16962,1.0,0.13725490196078433
16963,1.0,0.13914880772713553
16964,1.0,0.14015037593984964
16965,1.0,0.13821138211382114
16966,1.0,0.13821138211382114
16967,0.9999999,0.08711048158640226
16968,0.9999989,0.13073394495412843
16969,1.0,0.15371539582321514
16970,1.0,0.13825301204819276
16971,1.0,0.13821138211382114
16972,1.0,0.18540035362465268
16973,1.0,0.13821138211382114
16974,1.0,0.18540035362465268
16975,1.0,0.13821138211382114
16976,1.0,0.13821138211382114
16977,1.0,0.13821138211382114
16978,1.0,0.13882282996432818
16979,1.0,0.1311576354679803
16980,0.99999756,0.14747517430804985
16981,1.0,0.18540035362465268
16982,0.99990463,0.11187845303867404
16983,1.0,0.13821138211382114
16984,1.0,0.18540035362465268
16985,1.0,0.13821138211382114
16986,1.0,0.13821138211382114
16987,1.0,0.13821138211382114
16988,1.0,0.13872832369942195
16989,1.0,0.13821138211382114
16990,1.0,0.13825301204819276
16991,1.0,0.13825301204819276
16992,1.0,0.18540035362465268
16993,1.0,0.13821138211382114
16994,1.0,0.14643377001455604
16995,1.0,0.11253196930946291
16996,1.0,0.15826591993362374
16997,1.0,0.14157973174366617
16998,1.0,0.13821138211382114
16999,1.0,0.13821138211382114
17000,1.0,0.13821138211382114
17001,1.0,0.18540035362465268
17002,1.0,0.14680788467196235
17003,1.0,0.13825301204819276
17004,1.0,0.1380451127819549
17005,1.0,0.1331500392772977
17006,1.0,0.1295233341652109
17007,1.0,0.13748881598568446
17008,1.0,0.13821138211382114
17009,0.99999434,0.15374932566085237
17010,1.0,0.13808664259927797
17011,1.0,0.13821138211382114
17012,1.0,0.13836858006042296
17013,1.0,0.10483417650365374
17014,1.0,0.14795474325500435
17015,1.0,0.13783783783783785
17016,1.0,0.1434074074074074
17017,1.0,0.13423466924191213
17018,1.0,0.13821138211382114
17019,1.0,0.13821138211382114
17020,1.0,0.13821138211382114
17021,1.0,0.13821138211382114
17022,1.0,0.18585858585858586
17023,1.0,0.13825301204819276
17024,1.0,0.13841978287092882
17025,1.0,0.13821138211382114
17026,1.0,0.13821138211382114
17027,1.0,0.1969897016107737
17028,1.0,0.18540035362465268
17029,1.0,0.13821138211382114
17030,1.0,0.13825301204819276
17031,1.0,0.18798889730002524
17032,1.0,0.13821138211382114
17033,1.0,0.13821138211382114
17034,1.0,0.18540035362465268
17035,1.0,0.13821138211382114
17036,1.0,0.18540035362465268
17037,1.0,0.14095513748191027
17038,1.0,0.13821138211382114
17039,1.0,0.13821138211382114
17040,1.0,0.13821138211382114
17041,1.0,0.1392749244712991
17042,1.0,0.1362670713201821
17043,1.0,0.138076575218571
17044,1.0,0.13984962406015036
17045,1.0,0.13821138211382114
17046,1.0,0.13872832369942195
17047,1.0,0.09721692718261532
17048,1.0,0.13821138211382114
17049,1.0,0.13821138211382114
17050,1.0,0.13821138211382114
17051,1.0,0.13821138211382114
17052,1.0,0.4783829309376755
17053,1.0,0.13821138211382114
17054,1.0,0.13803496081977096
17055,1.0,0.13821138211382114
17056,1.0,0.1400543314216722
17057,1.0,0.13820156910078454
17058,1.0,0.4950343773873186
17059,1.0,0.18540035362465268
17060,1.0,0.13821138211382114
17061,1.0,0.18245699055003634
17062,1.0,0.13821138211382114
17063,1.0,0.18386444107233182
17064,1.0,0.13821138211382114
17065,1.0,0.13553223388305846
17066,1.0,0.18540035362465268
17067,1.0,0.13821138211382114
17068,1.0,0.13821138211382114
17069,1.0,0.19103951673798136
17070,1.0,0.11648058656890518
17071,1.0,0.6948838117555165
17072,1.0,0.13821138211382114
17073,1.0,0.12118374227383405
17074,1.0,0.13821138211382114
17075,1.0,0.1291234684260132
17076,1.0,0.24882860665844636
17077,1.0,0.4500056876350813
17078,1.0,0.16652625666947488
17079,0.8378544,0.15526896317665026
17080,0.86061937,0.13686231486560616
17081,1.0,0.13821138211382114
17082,1.0,0.4528798809114852
17083,1.0,0.18540035362465268
17084,1.0,0.18617522373999057
17085,1.0,0.13821138211382114
17086,1.0,0.18540035362465268
17087,1.0,0.6380522088353414
17088,1.0,0.18644924788269499
17089,1.0,0.13821138211382114
17090,1.0,0.18540035362465268
17091,1.0,0.18512438439196868
17092,1.0,0.14911652340019102
17093,1.0,0.1215210355987055
17094,1.0,0.18540035362465268
17095,1.0,0.13821138211382114
17096,1.0,0.13821138211382114
17097,1.0,0.17790380172232725
17098,1.0,0.13821138211382114
17099,1.0,0.13821138211382114
17100,1.0,0.13825301204819276
17101,1.0,0.14396423248882265
17102,1.0,0.09481808158765159
17103,0.9999994,0.14146230699364215
17104,1.0,0.1373593842510361
17105,1.0,0.13821138211382114
17106,1.0,0.3234114931357065
17107,1.0,0.18186397984886649
17108,1.0,0.13699825479930192
17109,1.0,0.18540035362465268
17110,1.0,0.13821138211382114
17111,1.0,0.13821138211382114
17112,1.0,0.13821138211382114
17113,1.0,0.13345231013285744
17114,1.0,0.14122938530734633
17115,1.0,0.13821138211382114
17116,1.0,0.18525179856115107
17117,0.99999446,0.16160819865983445
17118,1.0,0.10699048244174598
17119,1.0,0.13821138211382114
17120,1.0,0.13821138211382114
17121,1.0,0.13821138211382114
17122,1.0,0.16126482213438736
17123,1.0,0.13821138211382114
17124,1.0,0.13821138211382114
17125,1.0,0.13821138211382114
17126,1.0,0.14310172635183335
17127,1.0,0.13821138211382114
17128,1.0,0.13821138211382114
17129,1.0,0.13682941531042797
17130,0.9973635,0.2232872850296025
17131,0.9194824,0.2602784424624755
17132,1.0,0.13821138211382114
17133,1.0,0.14396423248882265
17134,1.0,0.13919082125603865
17135,1.0,0.13821138211382114
17136,1.0,0.15297598329272538
17137,0.99463123,0.056975282781734395
17138,1.0,0.18540035362465268
17139,1.0,0.18540035362465268
17140,1.0,0.18540035362465268
17141,1.0,0.13821138211382114
17142,1.0,0.1574279379157428
17143,0.99873406,0.15274871599771733
17144,1.0,0.13821138211382114
17145,1.0,0.12238219895287958
17146,1.0,0.13821138211382114
17147,1.0,0.13821138211382114
17148,0.9999229,0.07177197802197802
17149,1.0,0.13821138211382114
17150,1.0,0.13821138211382114
17151,1.0,0.20354424060901036
17152,0.9999991,0.13724088634739098
17153,1.0,0.13821138211382114
17154,1.0,0.1380036079374624
17155,1.0,0.19543237778042108
17156,1.0,0.18540035362465268
17157,1.0,0.13821138211382114
17158,1.0,0.13821138211382114
17159,1.0,0.13821138211382114
17160,1.0,0.1378070701018574
17161,1.0,0.13821138211382114
17162,1.0,0.13821138211382114
17163,1.0,0.13821138211382114
17164,1.0,0.14031918096958748
17165,1.0,0.13821138211382114
17166,1.0,0.18735806207418623
17167,1.0,0.18540035362465268
17168,0.8561016,0.16069325256604408
17169,1.0,0.13762019230769232
17170,0.36702007,0.38768948093706934
17171,1.0,0.6053316671873373
17172,1.0,0.18540035362465268
17173,1.0,0.13949984935221452
17174,1.0,0.20661803022407504
17175,1.0,0.1375980687990344
17176,1.0,0.13821138211382114
17177,1.0,0.1371841155234657
17178,1.0,0.13825301204819276
17179,1.0,0.13821138211382114
17180,1.0,0.16451820818562682
17181,1.0,0.14944388270980788
17182,1.0,0.18540035362465268
17183,0.8811401,0.42059396858158465
17184,1.0,0.186765457332652
17185,0.9999992,0.13543599257884972
17186,1.0,0.13821138211382114
17187,1.0,0.19637462235649547
17188,1.0,0.05282842449742871
17189,1.0,0.13821138211382114
17190,1.0,0.057091882247992866
17191,1.0,0.15748860049105576
17192,1.0,0.13821138211382114
17193,1.0,0.1389467420410592
17194,1.0,0.13821138211382114
17195,1.0,0.12344569288389513
17196,1.0,0.13821138211382114
17197,1.0,0.1418265958894787
17198,1.0,0.14914804160212436
17199,1.0,0.18540035362465268
17200,1.0,0.13821138211382114
17201,1.0,0.14531796399430125
17202,1.0,0.19100415774222
17203,1.0,0.11967921036397286
17204,1.0,0.13821138211382114
17205,0.6994497,0.6276234259444333
17206,1.0,0.18590848171548918
17207,1.0,0.14680788467196235
17208,1.0,0.20135746606334842
17209,1.0,0.18540035362465268
17210,1.0,0.13924812030075187
17211,1.0,0.1378582202111614
17212,1.0,0.13821138211382114
17213,1.0,0.19559810992290474
17214,1.0,0.18540035362465268
17215,1.0,0.13924812030075187
17216,1.0,0.14243146603098927
17217,1.0,0.18540035362465268
17218,1.0,0.14526627218934912
17219,1.0,0.3792056074766355
17220,1.0,0.13821138211382114
17221,1.0,0.3957332082991443
17222,1.0,0.1420863309352518
17223,1.0,0.1365258774538965
17224,0.99999994,0.13738601823708207
17225,1.0,0.13781664656212303
17226,1.0,0.13821138211382114
17227,1.0,0.14594910792629423
17228,1.0,0.13821138211382114
17229,1.0,0.1373134328358209
17230,1.0,0.13947863477559796
17231,1.0,0.18540035362465268
17232,1.0,0.13821138211382114
17233,1.0,0.13821138211382114
17234,1.0,0.13821138211382114
17235,1.0,0.2722588376273217
17236,1.0,0.13821138211382114
17237,1.0,0.13821138211382114
17238,1.0,0.18540035362465268
17239,1.0,0.13755656108597286
17240,1.0,0.18540035362465268
17241,1.0,0.13781664656212303
17242,1.0,0.1540216771249287
17243,0.94076735,0.29358770535241124
17244,1.0,0.13821138211382114
17245,1.0,0.18540035362465268
17246,1.0,0.2811043384725708
17247,1.0,0.13821138211382114
17248,1.0,0.18552664814347058
17249,1.0,0.1381697772426249
17250,1.0,0.18540035362465268
17251,1.0,0.13821138211382114
17252,1.0,0.13821138211382114
17253,1.0,0.13821138211382114
17254,1.0,0.13821138211382114
17255,1.0,0.13821138211382114
17256,1.0,0.3265527202696196
17257,1.0,0.13821138211382114
17258,1.0,0.13755656108597286
17259,1.0,0.13821138211382114
17260,1.0,0.17264069264069265
17261,1.0,0.13825301204819276
17262,1.0,0.13821138211382114
17263,1.0,0.13821138211382114
17264,1.0,0.13821138211382114
17265,0.16363706,0.3687425149700599
17266,1.0,0.13821138211382114
17267,1.0,0.13821138211382114
17268,1.0,0.18540035362465268
17269,1.0,0.13821138211382114
17270,1.0,0.138076575218571
17271,1.0,0.13821138211382114
17272,1.0,0.12088156723063223
17273,0.9275518,0.6761494540719223
17274,1.0,0.13821138211382114
17275,1.0,0.14807242990654207
17276,1.0,0.1380036079374624
17277,1.0,0.18540035362465268
17278,1.0,0.13821138211382114
17279,1.0,0.16211146838156484
17280,1.0,0.13821138211382114
17281,1.0,0.13821138211382114
17282,1.0,0.168179646440516
17283,1.0,0.13821138211382114
17284,1.0,0.14046341144128813
17285,1.0,0.18540035362465268
17286,0.9999998,0.13270365997638725
17287,1.0,0.13821138211382114
17288,1.0,0.13343239227340267
17289,1.0,0.13821138211382114
17290,0.99999994,0.1858206130944872
17291,1.0,0.13821138211382114
17292,1.0,0.5272437599575146
17293,1.0,0.13848039215686275
17294,1.0,0.18540035362465268
17295,1.0,0.15140336808340016
17296,1.0,0.18540035362465268
17297,1.0,0.13822115384615385
17298,1.0,0.1514919663351186
17299,1.0,0.18540035362465268
17300,1.0,0.18786199949634852
17301,1.0,0.14364963503649636
17302,1.0,0.13821138211382114
17303,1.0,0.09508862629246677
17304,1.0,0.18540035362465268
17305,1.0,0.1622695035460993
17306,1.0,0.13489312536106296
17307,1.0,0.39790217763082886
17308,1.0,0.10748080699875022
17309,1.0,0.1360749924402782
17310,1.0,0.13841978287092882
17311,1.0,0.13821138211382114
17312,1.0,0.14954075774971298
17313,1.0,0.19225432067617004
17314,1.0,0.15163990668313435
17315,1.0,0.13821138211382114
17316,1.0,0.14106674438939085
17317,1.0,0.13824328403259886
17318,1.0,0.19343539180072652
17319,1.0,0.13821138211382114
17320,1.0,0.5539293668469615
17321,1.0,0.13821138211382114
17322,1.0,0.1363080684596577
17323,1.0,0.13821138211382114
17324,1.0,0.13821138211382114
17325,0.99996984,0.14238845144356954
17326,1.0,0.13821138211382114
17327,1.0,0.6040110508543948
17328,1.0,0.2131665403083144
17329,0.77830356,0.26942038640906063
17330,1.0,0.14580265095729014
17331,1.0,0.13821138211382114
17332,1.0,0.13821138211382114
17333,1.0,0.03615071283095723
17334,1.0,0.17588028169014083
17335,1.0,0.13821138211382114
17336,1.0,0.13821138211382114
17337,1.0,0.13821138211382114
17338,1.0,0.14602156805596037
17339,1.0,0.1373134328358209
17340,1.0,0.13821138211382114
17341,1.0,0.18540035362465268
17342,1.0,0.5335800587787091
17343,1.0,0.18537694153302184
17344,1.0,0.1335020563112939
17345,1.0,0.13825301204819276
17346,1.0,0.12845749193958933
17347,1.0,0.13821138211382114
17348,1.0,0.1384062312762133
17349,1.0,0.13821138211382114
17350,1.0,0.3215915740198947
17351,1.0,0.13717339667458434
17352,1.0,0.2540500736377025
17353,1.0,0.13821138211382114
17354,1.0,0.13821138211382114
17355,1.0,0.13821138211382114
17356,1.0,0.13821138211382114
17357,1.0,0.13841978287092882
17358,1.0,0.13821138211382114
17359,1.0,0.13821138211382114
17360,1.0,0.13492537313432837
17361,1.0,0.13821138211382114
17362,1.0,0.13821138211382114
17363,1.0,0.10860081022125273
17364,1.0,0.18540035362465268
17365,1.0,0.13826269912834385
17366,1.0,0.13909994155464642
17367,1.0,0.13821138211382114
17368,1.0,0.13821138211382114
17369,1.0,0.13765060240963856
17370,1.0,0.13847080072245635
17371,1.0,0.16614862955637186
17372,0.9926818,0.0979808010592519
17373,1.0,0.08956796628029505
17374,1.0,0.13821138211382114
17375,1.0,0.1380036079374624
17376,1.0,0.13980114492316964
17377,1.0,0.18540035362465268
17378,1.0,0.18540035362465268
17379,1.0,0.13821138211382114
17380,1.0,0.13821138211382114
17381,0.99981135,0.07246376811594203
17382,1.0,0.13825301204819276
17383,0.21721472,0.2201
17384,1.0,0.13821138211382114
17385,1.0,0.18540035362465268
17386,0.44701168,0.14251497005988023
17387,1.0,0.18920282542885974
17388,1.0,0.0952944269190326
17389,1.0,0.6358565737051792
17390,0.95765233,0.29892443078642267
17391,1.0,0.18540035362465268
17392,1.0,0.4842372134038801
17393,1.0,0.13279951654328448
17394,1.0,0.14764123471170645
17395,1.0,0.13821138211382114
17396,1.0,0.18540035362465268
17397,0.9530869,0.40593725402001574
17398,1.0,0.13821138211382114
17399,1.0,0.4599093997734994
17400,0.9999999,0.12934105075690117
17401,1.0,0.13820156910078454
17402,1.0,0.5910276473656755
17403,0.9999907,0.14176829268292682
17404,1.0,0.17438217890706578
17405,0.99999994,0.1941747572815534
17406,1.0,0.1389810069339765
17407,1.0,0.13821138211382114
17408,1.0,0.18540035362465268
17409,1.0,0.18540035362465268
17410,1.0,0.13821138211382114
17411,1.0,0.18540035362465268
17412,1.0,0.4393168193643253
17413,1.0,0.13821138211382114
17414,1.0,0.18540035362465268
17415,1.0,0.13821138211382114
17416,1.0,0.47775330396475774
17417,1.0,0.18540035362465268
17418,1.0,0.18540035362465268
17419,1.0,0.13821138211382114
17420,0.9030924,0.11843168957154405
17421,1.0,0.18585858585858586
17422,1.0,0.13821138211382114
17423,1.0,0.13821138211382114
17424,1.0,0.12095866173395528
17425,1.0,0.16950164130110415
17426,0.9994642,0.1621196222455404
17427,1.0,0.13821138211382114
17428,1.0,0.13821138211382114
17429,1.0,0.1488318430920104
17430,0.83519167,0.31444790739091716
17431,1.0,0.13625377643504533
17432,1.0,0.18540035362465268
17433,1.0,0.24333292368194667
17434,1.0,0.1373544341594506
17435,1.0,0.19488855175633096
17436,1.0,0.22037131230925738
17437,1.0,0.13821138211382114
17438,1.0,0.18537694153302184
17439,1.0,0.13079896907216496
17440,1.0,0.14057796508127635
17441,1.0,0.18540035362465268
17442,1.0,0.13821138211382114
17443,1.0,0.13821138211382114
17444,1.0,0.5473148549155479
17445,1.0,0.13821138211382114
17446,1.0,0.1383363471971067
17447,1.0,0.14820228003507746
17448,1.0,0.13821138211382114
17449,1.0,0.13821138211382114
17450,1.0,0.22368583035824202
17451,1.0,0.14395734597156398
17452,1.0,0.14054054054054055
17453,1.0,0.13821138211382114
17454,1.0,0.2738594180337684
17455,1.0,0.13821138211382114
17456,1.0,0.13821138211382114
17457,1.0,0.13808664259927797
17458,1.0,0.13825301204819276
17459,1.0,0.13821138211382114
17460,1.0,0.13821138211382114
17461,1.0,0.13825301204819276
17462,1.0,0.15356230485381778
17463,1.0,0.13821138211382114
17464,1.0,0.6002462548737943
17465,1.0,0.13821138211382114
17466,0.999226,0.13919758899981163
17467,1.0,0.13806766229807985
17468,1.0,0.6178993038038543
17469,1.0,0.13821138211382114
17470,1.0,0.1504424778761062
17471,1.0,0.18540035362465268
17472,1.0,0.13821138211382114
17473,1.0,0.13821138211382114
17474,1.0,0.1382946670683941
17475,1.0,0.18540035362465268
17476,1.0,0.17264069264069265
17477,1.0,0.06290115532734275
17478,1.0,0.260896180215475
17479,0.9998468,0.08596679164434923
17480,1.0,0.15379690101165322
17481,1.0,0.13821138211382114
17482,1.0,0.13821138211382114
17483,1.0,0.13821138211382114
17484,0.7456879,0.24580524881686505
17485,1.0,0.13821138211382114
17486,1.0,0.13821138211382114
17487,1.0,0.13825301204819276
17488,1.0,0.12644395878863565
17489,1.0,0.13821138211382114
17490,1.0,0.19648584576767536
17491,1.0,0.13821138211382114
17492,1.0,0.14467887781126826
17493,1.0,0.18540035362465268
17494,1.0,0.1985007496251874
17495,1.0,0.14359712230215826
17496,1.0,0.13821138211382114
17497,1.0,0.1060377358490566
17498,1.0,0.13821138211382114
17499,1.0,0.13821138211382114
17500,0.22672123,0.30192620097470413
17501,1.0,0.08473026516306004
17502,1.0,0.13821138211382114
17503,1.0,0.18540035362465268
17504,1.0,0.13821138211382114
17505,1.0,0.18540035362465268
17506,1.0,0.13763960156957442
17507,1.0,0.13821138211382114
17508,1.0,0.13825301204819276
17509,1.0,0.13821138211382114
17510,1.0,0.3236363636363636
17511,1.0,0.13821138211382114
17512,1.0,0.13796212804328223
17513,1.0,0.1178072863466122
17514,1.0,0.19859431186662307
17515,1.0,0.13821138211382114
17516,1.0,0.11253196930946291
17517,1.0,0.13821138211382114
17518,1.0,0.16208308952603862
17519,1.0,0.1383363471971067
17520,1.0,0.13821138211382114
17521,1.0,0.14036669672377516
17522,1.0,0.6453252032520326
17523,1.0,0.13515825491873396
17524,1.0,0.1540216771249287
17525,0.9327302,0.12378048780487805
17526,1.0,0.101719721917307
17527,1.0,0.14945181765724178
17528,1.0,0.10070108349267048
17529,1.0,0.11646803900325027
17530,1.0,0.18540035362465268
17531,1.0,0.13782726452001204
17532,1.0,0.2726832809097508
17533,1.0,0.1232064878353088
17534,1.0,0.18540035362465268
17535,0.86659205,0.1452370781717215
17536,1.0,0.14019253910950663
17537,1.0,0.14230540701128935
17538,1.0,0.14475235849056603
17539,1.0,0.18540035362465268
17540,1.0,0.0446685878962536
17541,1.0,0.13821138211382114
17542,1.0,0.13821138211382114
17543,1.0,0.13821138211382114
17544,1.0,0.4851115262059114
17545,1.0,0.18540035362465268
17546,1.0,0.14057796508127635
17547,1.0,0.13825301204819276
17548,1.0,0.13821138211382114
17549,1.0,0.13825983313468415
17550,1.0,0.12123757524849503
17551,1.0,0.18540035362465268
17552,1.0,0.37873988032382966
17553,1.0,0.13760915386931646
17554,1.0,0.18540035362465268
17555,1.0,0.1382946670683941
17556,1.0,0.1254681647940075
17557,1.0,0.13821138211382114
17558,1.0,0.13811659192825113
17559,1.0,0.13821138211382114
17560,1.0,0.13821138211382114
17561,1.0,0.13821138211382114
17562,1.0,0.14225844004656577
17563,1.0,0.18540035362465268
17564,1.0,0.13864661654135338
17565,1.0,0.16143497757847533
17566,1.0,0.18540035362465268
17567,0.9999998,0.13300248138957815
17568,1.0,0.3553640977221763
17569,1.0,0.3852412054543371
17570,1.0,0.12060967528164347
17571,1.0,0.13821138211382114
17572,1.0,0.1380451127819549
17573,1.0,0.13821138211382114
17574,1.0,0.13578036407042673
17575,1.0,0.13821138211382114
17576,0.9999969,0.13974950560316415
17577,1.0,0.18540035362465268
17578,1.0,0.18540035362465268
17579,1.0,0.13821138211382114
17580,1.0,0.18540035362465268
17581,1.0,0.13821138211382114
17582,0.21660133,0.58998283998284
17583,1.0,0.13821138211382114
17584,1.0,0.13821138211382114
17585,1.0,0.13821138211382114
17586,1.0,0.4749095840867993
17587,1.0,0.23475518173625715
17588,1.0,0.41177145479577787
17589,1.0,0.1381697772426249
17590,1.0,0.18540035362465268
17591,1.0,0.13821138211382114
17592,1.0,0.1379102679915688
17593,1.0,0.13821138211382114
17594,1.0,0.13821138211382114
17595,1.0,0.13821138211382114
17596,1.0,0.13783160322952712
17597,0.911036,0.4234817813765182
17598,1.0,0.13825301204819276
17599,1.0,0.18540035362465268
17600,1.0,0.6033202722210765
17601,0.99947417,0.27330571174903817
17602,1.0,0.18540035362465268
17603,1.0,0.13821138211382114
17604,1.0,0.1232952964096855
17605,1.0,0.18540035362465268
17606,1.0,0.13821138211382114
17607,1.0,0.1596025657150044
17608,0.9930451,0.08401430030643514
17609,1.0,0.13824328403259886
17610,1.0,0.1216454025516938
17611,1.0,0.12928007023705004
17612,1.0,0.680935003452017
17613,1.0,0.13821138211382114
17614,1.0,0.13821138211382114
17615,1.0,0.1390229191797346
17616,1.0,0.1381697772426249
17617,1.0,0.13821138211382114
17618,1.0,0.12699350265800355
17619,1.0,0.13771377137713772
17620,0.9999845,0.07277452891487979
17621,1.0,0.3481611208406305
17622,1.0,0.13821138211382114
17623,1.0,0.18540035362465268
17624,1.0,0.1108038712225953
17625,1.0,0.1295913088463528
17626,1.0,0.13842913030394222
17627,1.0,0.13825301204819276
17628,1.0,0.11457780138077536
17629,1.0,0.13821138211382114
17630,1.0,0.14031918096958748
17631,1.0,0.16068210176070982
17632,1.0,0.16409673754260673
17633,1.0,0.42186429061000685
17634,1.0,0.13821138211382114
17635,1.0,0.13947290494521764
17636,1.0,0.1856060606060606
17637,1.0,0.13821138211382114
17638,1.0,0.10140093395597065
17639,1.0,0.13821138211382114
17640,1.0,0.13821138211382114
17641,1.0,0.18540035362465268
17642,1.0,0.13821138211382114
17643,1.0,0.14097180563887224
17644,1.0,0.18540035362465268
17645,1.0,0.5676711193952573
17646,1.0,0.25833437382944185
17647,1.0,0.13757115749525617
17648,1.0,0.43606080930024593
17649,1.0,0.18540035362465268
17650,1.0,0.1378792430159207
17651,1.0,0.13821138211382114
17652,1.0,0.22716656422864168
17653,1.0,0.13821138211382114
17654,1.0,0.1514525500322789
17655,0.9429285,0.2725036179450072
17656,1.0,0.18795666414714035
17657,1.0,0.08032536858159633
17658,1.0,0.13821138211382114
17659,1.0,0.13821138211382114
17660,1.0,0.05905511811023622
17661,1.0,0.13821138211382114
17662,1.0,0.13821138211382114
17663,1.0,0.194343180389692
17664,1.0,0.13996983408748115
17665,1.0,0.1365809922295278
17666,1.0,0.13821138211382114
17667,1.0,0.13821138211382114
17668,1.0,0.13821138211382114
17669,1.0,0.13798309178743962
17670,1.0,0.18540035362465268
17671,1.0,0.18540035362465268
17672,1.0,0.14024572969733293
17673,1.0,0.31012048192771086
17674,1.0,0.09063843863711545
17675,0.81692845,0.3279000594883998
17676,1.0,0.18540035362465268
17677,1.0,0.13893911995177818
17678,0.19536716,0.1940234486702888
17679,1.0,0.10952504541915391
17680,1.0,0.13796212804328223
17681,1.0,0.18540035362465268
17682,1.0,0.13784836679652382
17683,1.0,0.18540035362465268
17684,1.0,0.13821138211382114
17685,0.8595698,0.3327568667344863
17686,1.0,0.18540035362465268
17687,1.0,0.1852740591058348
17688,1.0,0.13821138211382114
17689,1.0,0.5157776530039304
17690,1.0,0.13821138211382114
17691,1.0,0.13821138211382114
17692,1.0,0.13821138211382114
17693,1.0,0.13821138211382114
17694,1.0,0.138076575218571
17695,1.0,0.13821138211382114
17696,1.0,0.12186666666666666
17697,1.0,0.13761194029850746
17698,1.0,0.1399337947637677
17699,1.0,0.1530758226037196
17700,1.0,0.3231310237040896
17701,1.0,0.18540035362465268
17702,1.0,0.12420488784733846
17703,1.0,0.13821138211382114
17704,1.0,0.13754869643392267
17705,1.0,0.11430281268701377
17706,1.0,0.12855377008652658
17707,1.0,0.13821138211382114
17708,1.0,0.13825301204819276
17709,1.0,0.1751336898395722
17710,1.0,0.14961981849399067
17711,1.0,0.13821138211382114
17712,1.0,0.13821138211382114
17713,1.0,0.13821138211382114
17714,1.0,0.5
17715,1.0,0.13857228554289142
17716,1.0,0.1383780524570395
17717,1.0,0.3872421152478065
17718,1.0,0.13959085439229843
17719,1.0,0.13821138211382114
17720,1.0,0.18540035362465268
17721,1.0,0.13821138211382114
17722,1.0,0.13821138211382114
17723,1.0,0.13766155695822063
17724,1.0,0.13821138211382114
17725,1.0,0.13821138211382114
17726,1.0,0.13586326767091542
17727,1.0,0.13645990922844176
17728,1.0,0.13999401734968592
17729,1.0,0.14306505603260078
17730,1.0,0.18540035362465268
17731,1.0,0.13821138211382114
17732,1.0,0.13825301204819276
17733,1.0,0.18540035362465268
17734,0.71888345,0.11617435158501441
17735,1.0,0.13645741231948127
17736,1.0,0.18517115068839207
17737,1.0,0.13821138211382114
17738,1.0,0.13949984935221452
17739,1.0,0.13821138211382114
17740,1.0,0.13821138211382114
17741,1.0,0.13821138211382114
17742,0.9999654,0.14107142857142857
17743,1.0,0.3540216086434574
17744,1.0,0.18540035362465268
17745,1.0,0.1343135868796833
17746,1.0,0.49557328669799977
17747,1.0,0.18540035362465268
17748,1.0,0.13821138211382114
17749,1.0,0.1393635827931644
17750,1.0,0.13821138211382114
17751,1.0,0.13821138211382114
17752,1.0,0.13821138211382114
17753,1.0,0.18540035362465268
17754,1.0,0.13802476593174268
17755,1.0,0.13812819741197713
17756,1.0,0.1381697772426249
17757,1.0,0.13821138211382114
17758,1.0,0.1386288130474177
17759,1.0,0.13967489464178207
17760,1.0,0.4708721517566506
17761,1.0,0.13821138211382114
17762,1.0,0.13821138211382114
17763,1.0,0.13821138211382114
17764,1.0,0.13821138211382114
17765,1.0,0.13821138211382114
17766,1.0,0.13785947227986955
17767,1.0,0.22174516984467735
17768,1.0,0.13821138211382114
17769,1.0,0.13841978287092882
17770,0.99999946,0.1311656713116567
17771,1.0,0.13821138211382114
17772,1.0,0.2771560236998025
17773,1.0,0.18540035362465268
17774,1.0,0.14054054054054055
17775,1.0,0.13821138211382114
17776,1.0,0.13821138211382114
17777,1.0,0.13825301204819276
17778,1.0,0.18540035362465268
17779,1.0,0.18540035362465268
17780,1.0,0.18540035362465268
17781,1.0,0.13821138211382114
17782,1.0,0.13767246550689863
17783,1.0,0.21774440698743489
17784,1.0,0.18540035362465268
17785,1.0,0.13821138211382114
17786,1.0,0.18540035362465268
17787,1.0,0.06504347826086956
17788,1.0,0.1831714393843825
17789,0.9999046,0.09284903518728717
17790,1.0,0.5580213626464793
17791,1.0,0.13821138211382114
17792,0.23120104,0.35221081971367035
17793,1.0,0.13821138211382114
17794,1.0,0.18632521761069762
17795,1.0,0.18540035362465268
17796,1.0,0.11859356376638856
17797,1.0,0.13821138211382114
17798,1.0,0.15607101947308133
17799,1.0,0.13821138211382114
17800,0.98073274,0.15685164212910532
17801,1.0,0.13821138211382114
17802,0.52781016,0.27306182531894013
17803,1.0,0.13821138211382114
17804,1.0,0.1337520353570598
17805,1.0,0.18540035362465268
17806,1.0,0.14027149321266968
17807,1.0,0.18540035362465268
17808,1.0,0.18540035362465268
17809,1.0,0.0854368932038835
17810,1.0,0.14212893553223388
17811,1.0,0.18540035362465268
17812,1.0,0.13821138211382114
17813,1.0,0.1382946670683941
17814,1.0,0.1342567927543953
17815,1.0,0.13821138211382114
17816,1.0,0.13821138211382114
17817,1.0,0.18540035362465268
17818,1.0,0.13821138211382114
17819,1.0,0.13821138211382114
17820,1.0,0.13838748495788206
17821,1.0,0.08956796628029505
17822,1.0,0.18540035362465268
17823,1.0,0.13687066626469702
17824,1.0,0.13821138211382114
17825,1.0,0.13821138211382114
17826,1.0,0.13821138211382114
17827,0.99999994,0.14058275758486033
17828,1.0,0.15991116046640755
17829,1.0,0.18540035362465268
17830,1.0,0.13821138211382114
17831,1.0,0.13821138211382114
17832,1.0,0.13821138211382114
17833,1.0,0.3748020809771545
17834,1.0,0.1488560671879525
17835,1.0,0.13821138211382114
17836,1.0,0.13821138211382114
17837,1.0,0.13821138211382114
17838,1.0,0.13821138211382114
17839,1.0,0.13821138211382114
17840,1.0,0.13821138211382114
17841,1.0,0.18540035362465268
17842,1.0,0.12557147211216094
17843,1.0,0.13127463863337713
17844,1.0,0.15978198508318991
17845,1.0,0.13825301204819276
17846,1.0,0.07032967032967033
17847,1.0,0.13821138211382114
17848,1.0,0.13841978287092882
17849,1.0,0.18540035362465268
17850,1.0,0.13821138211382114
17851,1.0,0.1561001598295152
17852,1.0,0.20986707566462168
17853,1.0,0.3191919191919192
17854,1.0,0.34903240848682676
17855,1.0,0.13821138211382114
17856,1.0,0.18632521761069762
17857,1.0,0.13821138211382114
17858,1.0,0.13813813813813813
17859,1.0,0.1310571045176681
17860,1.0,0.14047619047619048
17861,0.90702564,0.04548939432660363
17862,0.8462949,0.19663634440448488
17863,1.0,0.18540035362465268
17864,1.0,0.1702885643035269
17865,1.0,0.14795474325500435
17866,1.0,0.13801380138013802
17867,1.0,0.1876969620572293
17868,1.0,0.19161676646706588
17869,1.0,0.13849835477116362
17870,1.0,0.13821138211382114
17871,1.0,0.18540035362465268
17872,1.0,0.18540035362465268
17873,1.0,0.5154040127179037
17874,1.0,0.13821138211382114
17875,1.0,0.13821138211382114
17876,1.0,0.139337048987973
17877,1.0,0.18540035362465268
17878,1.0,0.1382946670683941
17879,0.9999999,0.2199113955205513
17880,1.0,0.1399337947637677
17881,1.0,0.13821138211382114
17882,1.0,0.18540035362465268
17883,1.0,0.18540035362465268
17884,1.0,0.18540035362465268
17885,1.0,0.13825301204819276
17886,1.0,0.13821138211382114
17887,1.0,0.13821138211382114
17888,1.0,0.13821138211382114
17889,1.0,0.13821138211382114
17890,1.0,0.13821138211382114
17891,1.0,0.1876765083440308
17892,1.0,0.18540035362465268
17893,1.0,0.13821138211382114
17894,1.0,0.13825301204819276
17895,1.0,0.13440860215053763
17896,1.0,0.13821138211382114
17897,0.9999889,0.0646103896103896
17898,1.0,0.18540035362465268
17899,1.0,0.1852740591058348
17900,1.0,0.13808664259927797
17901,1.0,0.13821138211382114
17902,1.0,0.13924812030075187
17903,1.0,0.13821138211382114
17904,1.0,0.13772274237390517
17905,1.0,0.13679680295112204
17906,0.97504985,0.5730661881977671
17907,1.0,0.10691946833463643
17908,1.0,0.18540035362465268
17909,1.0,0.13772274237390517
17910,1.0,0.13825301204819276
17911,1.0,0.16451820818562682
17912,1.0,0.1401140114011401
17913,1.0,0.13821138211382114
17914,1.0,0.13821138211382114
17915,1.0,0.13825301204819276
17916,1.0,0.18540035362465268
17917,1.0,0.13821138211382114
17918,1.0,0.13821138211382114
17919,1.0,0.13820156910078454
17920,1.0,0.14124962984897838
17921,1.0,0.18540035362465268
17922,1.0,0.13821138211382114
17923,1.0,0.13821138211382114
17924,1.0,0.1619047619047619
17925,1.0,0.14776032577079698
17926,1.0,0.15393452039058012
17927,0.99999994,0.1482889733840304
17928,1.0,0.1390229191797346
17929,1.0,0.13821138211382114
17930,1.0,0.11730013106159895
17931,1.0,0.13821138211382114
17932,0.99984306,0.16267235718975706
17933,1.0,0.18540035362465268
17934,1.0,0.13821138211382114
17935,1.0,0.13821138211382114
17936,1.0,0.1305993690851735
17937,1.0,0.13354763296317942
17938,1.0,0.16109475142906635
17939,1.0,0.13821138211382114
17940,1.0,0.1494121020934901
17941,0.99999946,0.12756784174486432
17942,1.0,0.12350545263434502
17943,1.0,0.11839295248264815
17944,1.0,0.13821138211382114
17945,1.0,0.13821138211382114
17946,1.0,0.18540035362465268
17947,1.0,0.13821138211382114
17948,1.0,0.13821138211382114
17949,1.0,0.13821138211382114
17950,1.0,0.13821138211382114
17951,1.0,0.13821138211382114
17952,1.0,0.18540035362465268
17953,1.0,0.13821138211382114
17954,1.0,0.13821138211382114
17955,1.0,0.13821138211382114
17956,1.0,0.13821138211382114
17957,1.0,0.13821138211382114
17958,1.0,0.13953488372093023
17959,0.9999952,0.15077151886967838
17960,1.0,0.33178767541183646
17961,1.0,0.13784836679652382
17962,1.0,0.13821138211382114
17963,1.0,0.1389810069339765
17964,1.0,0.13825301204819276
17965,1.0,0.18540035362465268
17966,1.0,0.13755656108597286
17967,1.0,0.1679804294645284
17968,1.0,0.13821138211382114
17969,1.0,0.1443954333160353
17970,1.0,0.12170639899623588
17971,1.0,0.2644166565497147
17972,1.0,0.13821138211382114
17973,0.99977124,0.10898550724637682
17974,1.0,0.13821138211382114
17975,1.0,0.2017175572519084
17976,0.2656392,0.1648455162019593
17977,0.9985142,0.16449991332986652
17978,1.0,0.1852740591058348
17979,1.0,0.18540035362465268
17980,1.0,0.13983050847457626
17981,1.0,0.09526525955504848
17982,1.0,0.18540035362465268
17983,1.0,0.13741820345032718
17984,1.0,0.1371016235718581
17985,1.0,0.13821138211382114
17986,1.0,0.18540035362465268
17987,1.0,0.14526627218934912
17988,1.0,0.14064737897450588
17989,1.0,0.18540035362465268
17990,1.0,0.18540035362465268
17991,1.0,0.18613461295618133
17992,1.0,0.18540035362465268
17993,1.0,0.13821138211382114
17994,1.0,0.12069208046138698
17995,1.0,0.13821138211382114
17996,1.0,0.13821138211382114
17997,1.0,0.18540035362465268
17998,1.0,0.13821138211382114
17999,0.8455836,0.17250167672702885
18000,1.0,0.14277180406212664
18001,1.0,0.13821138211382114
18002,1.0,0.13109452736318408
18003,1.0,0.4192781988912773
18004,0.9264044,0.38461538461538464
18005,1.0,0.18234610917537747
18006,1.0,0.13953488372093023
18007,0.9838034,0.1194059405940594
18008,1.0,0.18540035362465268
18009,0.99999475,0.1480568720379147
18010,1.0,0.18585858585858586
18011,1.0,0.13821138211382114
18012,0.99993074,0.061543579507651366
18013,1.0,0.13821138211382114
18014,1.0,0.13821138211382114
18015,1.0,0.1055574381565571
18016,1.0,0.15193766659831864
18017,1.0,0.34331093463653023
18018,1.0,0.13801380138013802
18019,1.0,0.18540035362465268
18020,1.0,0.4118920150358811
18021,1.0,0.18540035362465268
18022,1.0,0.18540035362465268
18023,1.0,0.13821138211382114
18024,1.0,0.137473620741634
18025,1.0,0.1373018247083458
18026,1.0,0.4399907589234146
18027,1.0,0.13821138211382114
18028,1.0,0.24454365079365079
18029,1.0,0.13825301204819276
18030,1.0,0.13834586466165413
18031,0.9999931,0.1265335578542218
18032,1.0,0.13821138211382114
18033,1.0,0.13821138211382114
18034,1.0,0.18540035362465268
18035,1.0,0.13821138211382114
18036,1.0,0.5118615088694165
18037,1.0,0.18540035362465268
18038,1.0,0.13821138211382114
18039,1.0,0.13821138211382114
18040,1.0,0.18540035362465268
18041,1.0,0.13751507840772015
18042,1.0,0.5016820401519262
18043,1.0,0.13821138211382114
18044,1.0,0.15393452039058012
18045,1.0,0.13771564544913742
18046,1.0,0.1371721435031655
18047,1.0,0.13821138211382114
18048,1.0,0.11608775137111517
18049,1.0,0.13721351025331724
18050,1.0,0.13821138211382114
18051,1.0,0.19778699861687413
18052,1.0,0.13821138211382114
18053,0.99890774,0.30526315789473685
18054,1.0,0.13825301204819276
18055,1.0,0.13821138211382114
18056,1.0,0.19575833682154317
18057,1.0,0.18540035362465268
18058,1.0,0.13821138211382114
18059,1.0,0.13821138211382114
18060,1.0,0.13821138211382114
18061,1.0,0.18540035362465268
18062,1.0,0.13821138211382114
18063,1.0,0.14777032935004372
18064,1.0,0.14281490242460082
18065,1.0,0.13821138211382114
18066,1.0,0.18540035362465268
18067,1.0,0.14023472765573278
18068,1.0,0.13895486935866982
18069,1.0,0.13821138211382114
18070,1.0,0.1383363471971067
18071,1.0,0.13821138211382114
18072,1.0,0.13821138211382114
18073,1.0,0.5951209297455764
18074,1.0,0.13821138211382114
18075,1.0,0.13821138211382114
18076,1.0,0.18540035362465268
18077,1.0,0.23368977532139854
18078,1.0,0.13821138211382114
18079,1.0,0.13821138211382114
18080,1.0,0.13821138211382114
18081,1.0,0.2268112200998107
18082,1.0,0.1382946670683941
18083,1.0,0.13772274237390517
18084,1.0,0.6051843436951359
18085,1.0,0.18540035362465268
18086,1.0,0.18540035362465268
18087,1.0,0.13796212804328223
18088,1.0,0.18502147006819905
18089,1.0,0.1375980687990344
18090,1.0,0.13863773357444242
18091,1.0,0.13821138211382114
18092,1.0,0.13821138211382114
18093,0.9987627,0.06479796141244995
18094,1.0,0.40164590238884446
18095,1.0,0.18333333333333332
18096,1.0,0.16828006895637185
18097,1.0,0.1622695035460993
18098,1.0,0.13746223564954682
18099,1.0,0.13820156910078454
18100,1.0,0.18540035362465268
18101,1.0,0.15978198508318991
18102,1.0,0.22498749374687343
18103,1.0,0.1381697772426249
18104,1.0,0.18540035362465268
18105,1.0,0.13821138211382114
18106,1.0,0.186087615200101
18107,1.0,0.13821138211382114
18108,1.0,0.1371721435031655
18109,1.0,0.13835168104730736
18110,1.0,0.13828502415458938
18111,1.0,0.12725823591923485
18112,1.0,0.13716012084592144
18113,1.0,0.1385959626393492
18114,1.0,0.13821138211382114
18115,1.0,0.13811821471652594
18116,1.0,0.13821138211382114
18117,0.50708205,0.28277858176555715
18118,0.99999994,0.10584958217270195
18119,1.0,0.13821138211382114
18120,1.0,0.18540035362465268
18121,1.0,0.22706145636081942
18122,1.0,0.13825301204819276
18123,1.0,0.5437586611235476
18124,1.0,0.13825301204819276
18125,1.0,0.18540035362465268
18126,1.0,0.1380036079374624
18127,1.0,0.1496833621185953
18128,1.0,0.6076237828879221
18129,1.0,0.4331006066155431
18130,1.0,0.18540035362465268
18131,1.0,0.13821138211382114
18132,1.0,0.13821138211382114
18133,1.0,0.13821138211382114
18134,1.0,0.13821138211382114
18135,1.0,0.13821138211382114
18136,1.0,0.13821138211382114
18137,1.0,0.13821138211382114
18138,1.0,0.13821138211382114
18139,1.0,0.1852740591058348
18140,1.0,0.14122938530734633
18141,1.0,0.14315169366715758
18142,1.0,0.13155893536121674
18143,1.0,0.12322160598022668
18144,1.0,0.3229336437718277
18145,1.0,0.1379102679915688
18146,1.0,0.13821138211382114
18147,1.0,0.14251639833035182
18148,1.0,0.18540035362465268
18149,1.0,0.13847080072245635
18150,1.0,0.13821138211382114
18151,1.0,0.17754952311078503
18152,1.0,0.13820156910078454
18153,1.0,0.13821138211382114
18154,1.0,0.13821138211382114
18155,1.0,0.13821138211382114
18156,1.0,0.32482542740187814
18157,0.8908515,0.2919423900350331
18158,1.0,0.13821138211382114
18159,1.0,0.13821138211382114
18160,1.0,0.13821138211382114
18161,1.0,0.12881765951013002
18162,1.0,0.13821138211382114
18163,1.0,0.48360745016882695
18164,1.0,0.13821138211382114
18165,1.0,0.17531938026637672
18166,1.0,0.13821138211382114
18167,1.0,0.13821138211382114
18168,1.0,0.1383780524570395
18169,1.0,0.3836813436223332
18170,1.0,0.1382946670683941
18171,1.0,0.13818288051416885
18172,1.0,0.13801308744794766
18173,1.0,0.13820156910078454
18174,1.0,0.13821138211382114
18175,1.0,0.13834586466165413
18176,1.0,0.13821138211382114
18177,1.0,0.1171964764458062
18178,1.0,0.1380036079374624
18179,1.0,0.14072494669509594
18180,1.0,0.13821138211382114
18181,1.0,0.13896376160527105
18182,1.0,0.15279361459521096
18183,0.86074835,0.08829174664107485
18184,1.0,0.13737734165923282
18185,1.0,0.36024110625221606
18186,1.0,0.18540035362465268
18187,1.0,0.1318009892347978
18188,1.0,0.13821138211382114
18189,1.0,0.5023970363913707
18190,1.0,0.13821138211382114
18191,1.0,0.13821138211382114
18192,1.0,0.13821138211382114
18193,1.0,0.13535911602209943
18194,1.0,0.13821138211382114
18195,0.8032342,0.33102635841555
18196,1.0,0.13821138211382114
18197,1.0,0.13820156910078454
18198,1.0,0.13350785340314136
18199,1.0,0.13821138211382114
18200,1.0,0.18540035362465268
18201,1.0,0.14100135317997295
18202,1.0,0.111351891981997
18203,1.0,0.18540035362465268
18204,1.0,0.13821138211382114
18205,1.0,0.15169855525185474
18206,1.0,0.13607305936073058
18207,1.0,0.1377352853301464
18208,1.0,0.1476842411884649
18209,1.0,0.13821138211382114
18210,1.0,0.4933533447684391
18211,1.0,0.13121054076310734
18212,1.0,0.13821138211382114
18213,0.92765623,0.05239229270404849
18214,1.0,0.13821138211382114
18215,1.0,0.18540035362465268
18216,1.0,0.13821138211382114
18217,1.0,0.13821138211382114
18218,1.0,0.13821138211382114
18219,1.0,0.4102859778597786
18220,1.0,0.15247964470762398
18221,1.0,0.28913488148237276
18222,1.0,0.1401140114011401
18223,1.0,0.13821138211382114
18224,1.0,0.13821138211382114
18225,0.9999998,0.1318171781850298
18226,0.999795,0.15839455294750046
18227,1.0,0.13821138211382114
18228,1.0,0.13821138211382114
18229,0.9999063,0.14984709480122324
18230,1.0,0.13908659549228944
18231,1.0,0.18540035362465268
18232,1.0,0.5658257366970532
18233,1.0,0.13821138211382114
18234,1.0,0.1364179104477612
18235,1.0,0.13821138211382114
18236,1.0,0.13821138211382114
18237,1.0,0.13821138211382114
18238,1.0,0.14062029509183982
18239,1.0,0.13877182420228779
18240,1.0,0.13821138211382114
18241,1.0,0.25126496359373074
18242,1.0,0.14323843416370108
18243,1.0,0.18585858585858586
18244,1.0,0.18540035362465268
18245,1.0,0.5813786745877292
18246,0.6306889,0.24653390471388958
18247,1.0,0.18540035362465268
18248,1.0,0.1336206896551724
18249,0.99986446,0.08737623762376237
18250,1.0,0.18540035362465268
18251,1.0,0.13821138211382114
18252,1.0,0.139282484172445
18253,1.0,0.15358264344847275
18254,1.0,0.13821138211382114
18255,1.0,0.13914880772713553
18256,1.0,0.18540035362465268
18257,0.62983835,0.6607633587786259
18258,1.0,0.13821138211382114
18259,1.0,0.13825301204819276
18260,0.771029,0.29285099052540914
18261,1.0,0.13774597495527727
18262,1.0,0.36487124970470114
18263,1.0,0.13821138211382114
18264,1.0,0.1436116189315458
18265,1.0,0.13721973094170403
18266,1.0,0.12372974457566603
18267,1.0,0.13821138211382114
18268,0.25524488,0.3535731530661516
18269,1.0,0.18540035362465268
18270,1.0,0.17264069264069265
18271,1.0,0.13910681955340978
18272,1.0,0.13821138211382114
18273,1.0,0.13821138211382114
18274,1.0,0.13821138211382114
18275,1.0,0.13824057450628366
18276,1.0,0.37812391026386144
18277,1.0,0.13821138211382114
18278,1.0,0.13821138211382114
18279,1.0,0.1318649045521292
18280,1.0,0.13821138211382114
18281,1.0,0.13821138211382114
18282,1.0,0.13821138211382114
18283,1.0,0.12282608695652174
18284,1.0,0.14806178956572427
18285,1.0,0.18540035362465268
18286,1.0,0.16750418760469013
18287,1.0,0.13821138211382114
18288,1.0,0.13821138211382114
18289,1.0,0.13723150357995226
18290,1.0,0.41964185155986033
18291,1.0,0.13821138211382114
18292,1.0,0.13821138211382114
18293,1.0,0.13821138211382114
18294,1.0,0.14213046080191502
18295,1.0,0.13821138211382114
18296,1.0,0.18540035362465268
18297,1.0,0.1383363471971067
18298,1.0,0.13753408058164193
18299,1.0,0.13821138211382114
18300,1.0,0.4484633307444802
18301,0.80811965,0.2704358724411642
18302,1.0,0.3750287952084773
18303,1.0,0.1365021328458257
18304,1.0,0.13821138211382114
18305,1.0,0.13821138211382114
18306,1.0,0.09452343338599263
18307,1.0,0.2811043384725708
18308,1.0,0.33719806763285026
18309,1.0,0.13821138211382114
18310,1.0,0.13821138211382114
18311,1.0,0.13821138211382114
18312,1.0,0.13820156910078454
18313,1.0,0.18652392947103275
18314,1.0,0.15275772451631534
18315,1.0,0.13821138211382114
18316,1.0,0.13821138211382114
18317,1.0,0.27278378714410045
18318,1.0,0.13821138211382114
18319,1.0,0.18540035362465268
18320,1.0,0.13796212804328223
18321,1.0,0.13719057560393677
18322,1.0,0.13821138211382114
18323,1.0,0.13825301204819276
18324,1.0,0.13841978287092882
18325,1.0,0.187515762925599
18326,1.0,0.13821138211382114
18327,1.0,0.1373792270531401
18328,1.0,0.13821138211382114
18329,1.0,0.11933216168717048
18330,1.0,0.14497041420118342
18331,1.0,0.34690613851642266
18332,1.0,0.14092548076923078
18333,1.0,0.14076246334310852
18334,1.0,0.13704819277108435
18335,1.0,0.17148262813897489
18336,1.0,0.12437574316290131
18337,1.0,0.1397169527250828
18338,1.0,0.18540035362465268
18339,1.0,0.13821138211382114
18340,1.0,0.3047876720385837
18341,1.0,0.1399337947637677
18342,1.0,0.13821138211382114
18343,1.0,0.1365558912386707
18344,1.0,0.14161927971838614
18345,1.0,0.18540035362465268
18346,1.0,0.18767330476430552
18347,1.0,0.13821138211382114
18348,1.0,0.13825301204819276
18349,1.0,0.13821138211382114
18350,1.0,0.13821138211382114
18351,1.0,0.18839116719242902
18352,1.0,0.13757885250826074
18353,1.0,0.22270579457846307
18354,1.0,0.100114198705748
18355,1.0,0.18540035362465268
18356,1.0,0.13821138211382114
18357,0.8155411,0.10383889238514789
18358,1.0,0.1802076970067196
18359,1.0,0.13821138211382114
18360,1.0,0.13475046210720887
18361,1.0,0.18761039616452183
18362,0.8826351,0.12510425354462051
18363,1.0,0.13821138211382114
18364,1.0,0.2077162414436839
18365,1.0,0.10746847720659554
18366,1.0,0.13821138211382114
18367,1.0,0.13821138211382114
18368,1.0,0.13821138211382114
18369,1.0,0.14458542342874003
18370,0.999892,0.35941108545034645
18371,1.0,0.13821138211382114
18372,1.0,0.13821138211382114
18373,1.0,0.13468523002421307
18374,1.0,0.14084507042253522
18375,1.0,0.18540035362465268
18376,1.0,0.13774436090225564
18377,1.0,0.13776579814315662
18378,1.0,0.13821138211382114
18379,1.0,0.13762287756925826
18380,1.0,0.1409455842997324
18381,1.0,0.13766155695822063
18382,1.0,0.13821138211382114
18383,1.0,0.19468072361327424
18384,1.0,0.18784669692385275
18385,1.0,0.13821138211382114
18386,1.0,0.18540035362465268
18387,1.0,0.1383780524570395
18388,1.0,0.42420735940754456
18389,1.0,0.13821138211382114
18390,1.0,0.18746057777217107
18391,1.0,0.14395734597156398
18392,1.0,0.13821138211382114
18393,1.0,0.18540035362465268
18394,1.0,0.1235632183908046
18395,0.20543186,0.41547092458733414
18396,1.0,0.1377643504531722
18397,0.9999917,0.1470424624513258
18398,1.0,0.13825301204819276
18399,1.0,0.1852740591058348
18400,1.0,0.13821138211382114
18401,1.0,0.13783783783783785
18402,1.0,0.13924812030075187
18403,1.0,0.18540035362465268
18404,1.0,0.14413341274568195
18405,1.0,0.49113867966326985
18406,1.0,0.13821138211382114
18407,1.0,0.3467577609972432
18408,1.0,0.13821138211382114
18409,1.0,0.10482326310290789
18410,1.0,0.13821138211382114
18411,1.0,0.13919855378125942
18412,0.99999994,0.15395118620925072
18413,1.0,0.13821138211382114
18414,1.0,0.13821138211382114
18415,1.0,0.1852740591058348
18416,1.0,0.13821138211382114
18417,1.0,0.13825301204819276
18418,1.0,0.16066707341875128
18419,1.0,0.13821138211382114
18420,1.0,0.13821138211382114
18421,1.0,0.15557359307359309
18422,1.0,0.13767469521260778
18423,1.0,0.13821138211382114
18424,1.0,0.1545138888888889
18425,1.0,0.5911975860992613
18426,1.0,0.13825301204819276
18427,1.0,0.5064622124863088
18428,1.0,0.1877283608416278
18429,1.0,0.13821138211382114
18430,1.0,0.18540035362465268
18431,1.0,0.13821138211382114
