layer,kl_mean,kl_std,method,model
0,18.3725,3.6692142,awq,google_gemma-3-12b-it
1,16.60445,4.8081794,awq,google_gemma-3-12b-it
2,17.077461,4.6643353,awq,google_gemma-3-12b-it
3,16.62471,5.0460367,awq,google_gemma-3-12b-it
4,16.871727,4.9190526,awq,google_gemma-3-12b-it
5,17.25819,4.2784796,awq,google_gemma-3-12b-it
6,17.624594,3.9866607,awq,google_gemma-3-12b-it
7,16.887577,4.4436965,awq,google_gemma-3-12b-it
8,17.347395,4.089355,awq,google_gemma-3-12b-it
9,17.500505,3.9914494,awq,google_gemma-3-12b-it
10,18.29018,3.3133368,awq,google_gemma-3-12b-it
11,18.652298,3.0158882,awq,google_gemma-3-12b-it
12,18.618153,3.0036461,awq,google_gemma-3-12b-it
13,18.575827,2.9810033,awq,google_gemma-3-12b-it
14,18.327314,3.2164564,awq,google_gemma-3-12b-it
15,18.199362,3.4149158,awq,google_gemma-3-12b-it
16,17.15738,4.2349405,awq,google_gemma-3-12b-it
17,16.122248,4.544901,awq,google_gemma-3-12b-it
18,15.9439745,4.586561,awq,google_gemma-3-12b-it
19,16.085201,4.173938,awq,google_gemma-3-12b-it
20,15.93574,4.2408524,awq,google_gemma-3-12b-it
21,15.710264,4.251091,awq,google_gemma-3-12b-it
22,15.676031,4.2550297,awq,google_gemma-3-12b-it
23,13.724118,4.879311,awq,google_gemma-3-12b-it
24,14.037669,4.7398944,awq,google_gemma-3-12b-it
25,13.807383,4.786329,awq,google_gemma-3-12b-it
26,13.36263,4.5907836,awq,google_gemma-3-12b-it
27,12.841624,4.6086764,awq,google_gemma-3-12b-it
28,13.442747,4.6131763,awq,google_gemma-3-12b-it
29,13.620648,4.778176,awq,google_gemma-3-12b-it
30,13.75187,4.689788,awq,google_gemma-3-12b-it
31,13.224759,4.807795,awq,google_gemma-3-12b-it
32,13.12225,4.461905,awq,google_gemma-3-12b-it
33,13.044182,4.4342203,awq,google_gemma-3-12b-it
34,13.163703,4.186631,awq,google_gemma-3-12b-it
35,12.728814,4.3527017,awq,google_gemma-3-12b-it
36,12.544924,4.3108006,awq,google_gemma-3-12b-it
37,12.607181,4.4112926,awq,google_gemma-3-12b-it
38,12.966022,4.15447,awq,google_gemma-3-12b-it
39,13.13132,4.2388473,awq,google_gemma-3-12b-it
40,13.006649,4.288555,awq,google_gemma-3-12b-it
41,13.686034,4.730129,awq,google_gemma-3-12b-it
42,14.368637,4.659663,awq,google_gemma-3-12b-it
43,15.07439,4.4711885,awq,google_gemma-3-12b-it
44,15.121426,3.9761927,awq,google_gemma-3-12b-it
45,14.27776,4.5058985,awq,google_gemma-3-12b-it
46,14.051748,4.8641095,awq,google_gemma-3-12b-it
47,14.599806,4.971164,awq,google_gemma-3-12b-it
0,18.872717,3.4693,hqq,google_gemma-3-12b-it
1,18.982138,3.377661,hqq,google_gemma-3-12b-it
2,18.841423,3.5328465,hqq,google_gemma-3-12b-it
3,18.38136,3.8684394,hqq,google_gemma-3-12b-it
4,18.099237,4.2734814,hqq,google_gemma-3-12b-it
5,17.928514,4.262278,hqq,google_gemma-3-12b-it
6,18.500803,3.7315161,hqq,google_gemma-3-12b-it
7,18.423492,3.7242875,hqq,google_gemma-3-12b-it
8,18.31641,3.8032668,hqq,google_gemma-3-12b-it
9,18.200184,3.8777287,hqq,google_gemma-3-12b-it
10,18.205032,3.9425144,hqq,google_gemma-3-12b-it
11,18.295086,3.79961,hqq,google_gemma-3-12b-it
12,18.261791,3.8511715,hqq,google_gemma-3-12b-it
13,18.468119,3.49329,hqq,google_gemma-3-12b-it
14,18.264503,3.8582478,hqq,google_gemma-3-12b-it
15,17.922037,4.2362766,hqq,google_gemma-3-12b-it
16,17.75934,4.3462386,hqq,google_gemma-3-12b-it
17,17.825283,4.2272797,hqq,google_gemma-3-12b-it
18,17.675898,4.195548,hqq,google_gemma-3-12b-it
19,17.501198,4.0618486,hqq,google_gemma-3-12b-it
20,17.277819,4.0540733,hqq,google_gemma-3-12b-it
21,16.861078,4.2414722,hqq,google_gemma-3-12b-it
22,16.319082,4.4923716,hqq,google_gemma-3-12b-it
23,15.102289,4.987501,hqq,google_gemma-3-12b-it
24,14.307125,4.7592106,hqq,google_gemma-3-12b-it
25,14.188211,4.6805367,hqq,google_gemma-3-12b-it
26,13.490506,4.586912,hqq,google_gemma-3-12b-it
27,12.903432,4.6217937,hqq,google_gemma-3-12b-it
28,12.57095,4.9036555,hqq,google_gemma-3-12b-it
29,12.297269,4.7864585,hqq,google_gemma-3-12b-it
30,11.3030815,4.82069,hqq,google_gemma-3-12b-it
31,11.270687,4.8096604,hqq,google_gemma-3-12b-it
32,11.007808,4.6844816,hqq,google_gemma-3-12b-it
33,10.711137,4.79594,hqq,google_gemma-3-12b-it
34,10.66302,4.654536,hqq,google_gemma-3-12b-it
35,10.23558,4.635082,hqq,google_gemma-3-12b-it
36,10.211362,4.594114,hqq,google_gemma-3-12b-it
37,10.161794,4.6037674,hqq,google_gemma-3-12b-it
38,10.317608,4.655808,hqq,google_gemma-3-12b-it
39,10.357765,4.699463,hqq,google_gemma-3-12b-it
40,10.280533,4.7253776,hqq,google_gemma-3-12b-it
41,10.342144,5.0021677,hqq,google_gemma-3-12b-it
42,9.788298,5.0601387,hqq,google_gemma-3-12b-it
43,9.903833,5.1461906,hqq,google_gemma-3-12b-it
44,10.04428,5.2817225,hqq,google_gemma-3-12b-it
45,10.55896,5.0941606,hqq,google_gemma-3-12b-it
46,10.631425,5.1460776,hqq,google_gemma-3-12b-it
47,10.524784,5.4636073,hqq,google_gemma-3-12b-it
0,19.30942,3.0780363,fp8,google_gemma-3-12b-it
1,18.528572,4.078857,fp8,google_gemma-3-12b-it
2,18.212385,4.385076,fp8,google_gemma-3-12b-it
3,17.790886,4.6564794,fp8,google_gemma-3-12b-it
4,17.616854,4.892786,fp8,google_gemma-3-12b-it
5,17.463375,4.997304,fp8,google_gemma-3-12b-it
6,17.831558,4.5402074,fp8,google_gemma-3-12b-it
7,17.93084,4.281394,fp8,google_gemma-3-12b-it
8,18.03966,4.16032,fp8,google_gemma-3-12b-it
9,18.216091,4.024933,fp8,google_gemma-3-12b-it
10,18.03254,4.185728,fp8,google_gemma-3-12b-it
11,18.051512,4.0592365,fp8,google_gemma-3-12b-it
12,18.074411,3.9967597,fp8,google_gemma-3-12b-it
13,18.243479,3.7046661,fp8,google_gemma-3-12b-it
14,17.914549,4.0075746,fp8,google_gemma-3-12b-it
15,17.6695,4.364958,fp8,google_gemma-3-12b-it
16,17.293562,4.6189647,fp8,google_gemma-3-12b-it
17,16.987665,4.755114,fp8,google_gemma-3-12b-it
18,16.618025,4.816596,fp8,google_gemma-3-12b-it
19,16.56663,4.636623,fp8,google_gemma-3-12b-it
20,16.226852,4.710898,fp8,google_gemma-3-12b-it
21,15.706807,4.718767,fp8,google_gemma-3-12b-it
22,14.8934555,5.0175886,fp8,google_gemma-3-12b-it
23,13.194671,5.4601927,fp8,google_gemma-3-12b-it
24,12.705952,5.185268,fp8,google_gemma-3-12b-it
25,12.248736,5.1195464,fp8,google_gemma-3-12b-it
26,11.59216,4.859468,fp8,google_gemma-3-12b-it
27,11.241286,4.882401,fp8,google_gemma-3-12b-it
28,11.152872,5.075074,fp8,google_gemma-3-12b-it
29,11.216774,4.86444,fp8,google_gemma-3-12b-it
30,11.414783,4.8239346,fp8,google_gemma-3-12b-it
31,11.2642975,4.735444,fp8,google_gemma-3-12b-it
32,10.698522,4.6841755,fp8,google_gemma-3-12b-it
33,10.422534,4.793482,fp8,google_gemma-3-12b-it
34,10.331696,4.814893,fp8,google_gemma-3-12b-it
35,10.038281,4.770378,fp8,google_gemma-3-12b-it
36,10.08604,4.7564535,fp8,google_gemma-3-12b-it
37,10.197063,4.8037376,fp8,google_gemma-3-12b-it
38,9.952786,4.7185755,fp8,google_gemma-3-12b-it
39,10.571893,4.7756,fp8,google_gemma-3-12b-it
40,10.143825,4.8035893,fp8,google_gemma-3-12b-it
41,10.371742,4.9918356,fp8,google_gemma-3-12b-it
42,10.248986,4.8911796,fp8,google_gemma-3-12b-it
43,10.101286,4.794676,fp8,google_gemma-3-12b-it
44,9.752738,4.9380927,fp8,google_gemma-3-12b-it
45,9.908779,4.9952807,fp8,google_gemma-3-12b-it
46,10.071744,5.066291,fp8,google_gemma-3-12b-it
47,10.516754,5.2490864,fp8,google_gemma-3-12b-it
0,20.166162,0.59195095,int4,google_gemma-3-12b-it
1,20.17908,0.6095415,int4,google_gemma-3-12b-it
2,20.14124,0.8091018,int4,google_gemma-3-12b-it
3,20.084806,0.8776723,int4,google_gemma-3-12b-it
4,20.09405,0.9304189,int4,google_gemma-3-12b-it
5,20.030933,0.95307386,int4,google_gemma-3-12b-it
6,20.038973,0.85410714,int4,google_gemma-3-12b-it
7,19.99483,0.8883785,int4,google_gemma-3-12b-it
8,19.992407,0.89769435,int4,google_gemma-3-12b-it
9,19.983576,0.76594,int4,google_gemma-3-12b-it
10,20.024076,0.8255488,int4,google_gemma-3-12b-it
11,20.012304,0.8377441,int4,google_gemma-3-12b-it
12,19.987001,0.8576415,int4,google_gemma-3-12b-it
13,19.984604,0.75090027,int4,google_gemma-3-12b-it
14,19.9839,0.9426968,int4,google_gemma-3-12b-it
15,20.001507,1.0501162,int4,google_gemma-3-12b-it
16,19.987097,1.1288517,int4,google_gemma-3-12b-it
17,19.953753,1.0539074,int4,google_gemma-3-12b-it
18,19.912731,1.140561,int4,google_gemma-3-12b-it
19,19.84639,1.078748,int4,google_gemma-3-12b-it
20,19.820856,1.0338893,int4,google_gemma-3-12b-it
21,19.801758,0.91602653,int4,google_gemma-3-12b-it
22,19.774372,1.0050986,int4,google_gemma-3-12b-it
23,19.838537,0.732042,int4,google_gemma-3-12b-it
24,19.709038,0.77962744,int4,google_gemma-3-12b-it
25,19.6876,0.86078507,int4,google_gemma-3-12b-it
26,19.584631,0.80203426,int4,google_gemma-3-12b-it
27,19.549524,0.81744945,int4,google_gemma-3-12b-it
28,19.601707,0.6980934,int4,google_gemma-3-12b-it
29,19.575352,0.650312,int4,google_gemma-3-12b-it
30,19.541245,0.64634293,int4,google_gemma-3-12b-it
31,19.533216,0.5923201,int4,google_gemma-3-12b-it
32,19.512987,0.5857467,int4,google_gemma-3-12b-it
33,19.514484,0.5941485,int4,google_gemma-3-12b-it
34,19.508287,0.5906671,int4,google_gemma-3-12b-it
35,19.521954,0.59804153,int4,google_gemma-3-12b-it
36,19.513306,0.5957459,int4,google_gemma-3-12b-it
37,19.517038,0.59435475,int4,google_gemma-3-12b-it
38,19.51557,0.5933843,int4,google_gemma-3-12b-it
39,19.517569,0.60261434,int4,google_gemma-3-12b-it
40,19.533129,0.60928667,int4,google_gemma-3-12b-it
41,19.57533,0.60441,int4,google_gemma-3-12b-it
42,19.593962,0.6113424,int4,google_gemma-3-12b-it
43,19.59094,0.6979489,int4,google_gemma-3-12b-it
44,19.62238,0.7583901,int4,google_gemma-3-12b-it
45,19.618988,0.85351485,int4,google_gemma-3-12b-it
46,19.65048,0.9305841,int4,google_gemma-3-12b-it
47,19.661366,1.2356184,int4,google_gemma-3-12b-it
0,19.057344,3.2657967,float16,google_gemma-3-12b-it
1,19.287455,3.092083,float16,google_gemma-3-12b-it
2,19.160582,3.211383,float16,google_gemma-3-12b-it
3,18.33746,3.888735,float16,google_gemma-3-12b-it
4,18.493334,3.8588676,float16,google_gemma-3-12b-it
5,18.74661,3.2511907,float16,google_gemma-3-12b-it
6,18.64157,3.4392893,float16,google_gemma-3-12b-it
7,18.28102,3.7736056,float16,google_gemma-3-12b-it
8,18.396692,3.606795,float16,google_gemma-3-12b-it
9,18.470915,3.540717,float16,google_gemma-3-12b-it
10,18.476652,3.6119606,float16,google_gemma-3-12b-it
11,18.409595,3.6070797,float16,google_gemma-3-12b-it
12,18.448648,3.573112,float16,google_gemma-3-12b-it
13,18.492907,3.3934908,float16,google_gemma-3-12b-it
14,18.59953,3.4022415,float16,google_gemma-3-12b-it
15,17.921259,4.2685113,float16,google_gemma-3-12b-it
16,18.094448,4.0693493,float16,google_gemma-3-12b-it
17,17.846544,4.2518277,float16,google_gemma-3-12b-it
18,17.483208,4.465454,float16,google_gemma-3-12b-it
19,17.432304,4.1806855,float16,google_gemma-3-12b-it
20,17.21551,4.1816616,float16,google_gemma-3-12b-it
21,16.869509,4.289348,float16,google_gemma-3-12b-it
22,16.147669,4.518581,float16,google_gemma-3-12b-it
23,14.00271,5.6235056,float16,google_gemma-3-12b-it
24,13.456182,5.248336,float16,google_gemma-3-12b-it
25,13.046369,5.2979565,float16,google_gemma-3-12b-it
26,12.561373,4.9344535,float16,google_gemma-3-12b-it
27,12.180333,4.826305,float16,google_gemma-3-12b-it
28,11.704745,5.16116,float16,google_gemma-3-12b-it
29,11.566256,4.9698243,float16,google_gemma-3-12b-it
30,11.219475,4.9006076,float16,google_gemma-3-12b-it
31,10.826278,4.7550893,float16,google_gemma-3-12b-it
32,10.164903,4.710278,float16,google_gemma-3-12b-it
33,10.3272915,4.752621,float16,google_gemma-3-12b-it
34,10.154115,4.746257,float16,google_gemma-3-12b-it
35,10.0106325,4.8738866,float16,google_gemma-3-12b-it
36,10.016316,4.907446,float16,google_gemma-3-12b-it
37,10.017644,4.847994,float16,google_gemma-3-12b-it
38,9.761691,4.732979,float16,google_gemma-3-12b-it
39,10.100573,4.805946,float16,google_gemma-3-12b-it
40,9.722789,4.856579,float16,google_gemma-3-12b-it
41,10.183353,5.0137634,float16,google_gemma-3-12b-it
42,10.1600895,5.089813,float16,google_gemma-3-12b-it
43,10.117957,5.0004,float16,google_gemma-3-12b-it
44,9.8713455,5.01838,float16,google_gemma-3-12b-it
45,10.04997,5.0215626,float16,google_gemma-3-12b-it
46,10.198336,5.095928,float16,google_gemma-3-12b-it
47,10.7454,5.293249,float16,google_gemma-3-12b-it
0,20.166162,0.59195095,int8,google_gemma-3-12b-it
1,20.17908,0.6095415,int8,google_gemma-3-12b-it
2,20.14124,0.8091018,int8,google_gemma-3-12b-it
3,20.084806,0.8776723,int8,google_gemma-3-12b-it
4,20.09405,0.9304189,int8,google_gemma-3-12b-it
5,20.030933,0.95307386,int8,google_gemma-3-12b-it
6,20.038973,0.85410714,int8,google_gemma-3-12b-it
7,19.99483,0.8883785,int8,google_gemma-3-12b-it
8,19.992407,0.89769435,int8,google_gemma-3-12b-it
9,19.983576,0.76594,int8,google_gemma-3-12b-it
10,20.024076,0.8255488,int8,google_gemma-3-12b-it
11,20.012304,0.8377441,int8,google_gemma-3-12b-it
12,19.987001,0.8576415,int8,google_gemma-3-12b-it
13,19.984604,0.75090027,int8,google_gemma-3-12b-it
14,19.9839,0.9426968,int8,google_gemma-3-12b-it
15,20.001507,1.0501162,int8,google_gemma-3-12b-it
16,19.987097,1.1288517,int8,google_gemma-3-12b-it
17,19.953753,1.0539074,int8,google_gemma-3-12b-it
18,19.912731,1.140561,int8,google_gemma-3-12b-it
19,19.84639,1.078748,int8,google_gemma-3-12b-it
20,19.820856,1.0338893,int8,google_gemma-3-12b-it
21,19.801758,0.91602653,int8,google_gemma-3-12b-it
22,19.774372,1.0050986,int8,google_gemma-3-12b-it
23,19.838537,0.732042,int8,google_gemma-3-12b-it
24,19.709038,0.77962744,int8,google_gemma-3-12b-it
25,19.6876,0.86078507,int8,google_gemma-3-12b-it
26,19.584631,0.80203426,int8,google_gemma-3-12b-it
27,19.549524,0.81744945,int8,google_gemma-3-12b-it
28,19.601707,0.6980934,int8,google_gemma-3-12b-it
29,19.575352,0.650312,int8,google_gemma-3-12b-it
30,19.541245,0.64634293,int8,google_gemma-3-12b-it
31,19.533216,0.5923201,int8,google_gemma-3-12b-it
32,19.512987,0.5857467,int8,google_gemma-3-12b-it
33,19.514484,0.5941485,int8,google_gemma-3-12b-it
34,19.508287,0.5906671,int8,google_gemma-3-12b-it
35,19.521954,0.59804153,int8,google_gemma-3-12b-it
36,19.513306,0.5957459,int8,google_gemma-3-12b-it
37,19.517038,0.59435475,int8,google_gemma-3-12b-it
38,19.51557,0.5933843,int8,google_gemma-3-12b-it
39,19.517569,0.60261434,int8,google_gemma-3-12b-it
40,19.533129,0.60928667,int8,google_gemma-3-12b-it
41,19.57533,0.60441,int8,google_gemma-3-12b-it
42,19.593962,0.6113424,int8,google_gemma-3-12b-it
43,19.59094,0.6979489,int8,google_gemma-3-12b-it
44,19.62238,0.7583901,int8,google_gemma-3-12b-it
45,19.618988,0.85351485,int8,google_gemma-3-12b-it
46,19.65048,0.9305841,int8,google_gemma-3-12b-it
47,19.661366,1.2356184,int8,google_gemma-3-12b-it
0,19.373436,2.6731055,gptq,google_gemma-3-12b-it
1,18.931541,3.3382308,gptq,google_gemma-3-12b-it
2,18.815662,3.3926246,gptq,google_gemma-3-12b-it
3,19.01864,2.9975593,gptq,google_gemma-3-12b-it
4,19.340248,2.5953248,gptq,google_gemma-3-12b-it
5,19.223188,2.6082103,gptq,google_gemma-3-12b-it
6,19.40909,2.1721935,gptq,google_gemma-3-12b-it
7,19.18029,2.5059319,gptq,google_gemma-3-12b-it
8,19.196636,2.4530072,gptq,google_gemma-3-12b-it
9,18.83448,2.9116101,gptq,google_gemma-3-12b-it
10,18.666245,3.257046,gptq,google_gemma-3-12b-it
11,18.668951,3.2175572,gptq,google_gemma-3-12b-it
12,18.560524,3.262759,gptq,google_gemma-3-12b-it
13,18.4224,3.3765187,gptq,google_gemma-3-12b-it
14,18.363026,3.5688784,gptq,google_gemma-3-12b-it
15,18.586266,3.2789123,gptq,google_gemma-3-12b-it
16,18.35753,3.5077465,gptq,google_gemma-3-12b-it
17,18.335457,3.4039907,gptq,google_gemma-3-12b-it
18,18.305492,3.299167,gptq,google_gemma-3-12b-it
19,17.826729,3.5674965,gptq,google_gemma-3-12b-it
20,17.821976,3.5081089,gptq,google_gemma-3-12b-it
21,17.422695,3.8161578,gptq,google_gemma-3-12b-it
22,17.677877,3.5145962,gptq,google_gemma-3-12b-it
23,16.543215,4.477195,gptq,google_gemma-3-12b-it
24,16.078182,4.347383,gptq,google_gemma-3-12b-it
25,16.035751,4.320498,gptq,google_gemma-3-12b-it
26,15.256928,4.382149,gptq,google_gemma-3-12b-it
27,14.497814,4.5581965,gptq,google_gemma-3-12b-it
28,14.147623,4.649688,gptq,google_gemma-3-12b-it
29,13.270305,4.7783217,gptq,google_gemma-3-12b-it
30,13.220257,4.7915316,gptq,google_gemma-3-12b-it
31,13.087306,4.7508926,gptq,google_gemma-3-12b-it
32,13.075632,4.6091027,gptq,google_gemma-3-12b-it
33,12.552515,4.5896435,gptq,google_gemma-3-12b-it
34,12.535121,4.371707,gptq,google_gemma-3-12b-it
35,12.22997,4.418107,gptq,google_gemma-3-12b-it
36,12.368387,4.2498283,gptq,google_gemma-3-12b-it
37,12.567442,4.379919,gptq,google_gemma-3-12b-it
38,12.841918,4.099815,gptq,google_gemma-3-12b-it
39,13.561738,4.0542746,gptq,google_gemma-3-12b-it
40,13.42812,4.1359997,gptq,google_gemma-3-12b-it
41,13.462031,4.642267,gptq,google_gemma-3-12b-it
42,13.319175,4.6522117,gptq,google_gemma-3-12b-it
43,13.965678,4.4305425,gptq,google_gemma-3-12b-it
44,13.487725,4.152526,gptq,google_gemma-3-12b-it
45,12.890547,4.666024,gptq,google_gemma-3-12b-it
46,12.881277,4.955709,gptq,google_gemma-3-12b-it
47,13.913976,5.006482,gptq,google_gemma-3-12b-it
0,14.676726,6.7637014,awq,google_gemma-3-4b-it
1,16.833265,5.0909204,awq,google_gemma-3-4b-it
2,18.13669,4.010309,awq,google_gemma-3-4b-it
3,18.35034,4.1047206,awq,google_gemma-3-4b-it
4,18.847195,3.4752328,awq,google_gemma-3-4b-it
5,18.803381,3.5123653,awq,google_gemma-3-4b-it
6,18.405346,3.7863445,awq,google_gemma-3-4b-it
7,16.895054,5.2570353,awq,google_gemma-3-4b-it
8,16.890451,5.104398,awq,google_gemma-3-4b-it
9,16.962217,4.980767,awq,google_gemma-3-4b-it
10,17.391066,4.8073072,awq,google_gemma-3-4b-it
11,16.837461,5.1784005,awq,google_gemma-3-4b-it
12,16.561592,5.0441275,awq,google_gemma-3-4b-it
13,16.09423,5.2463417,awq,google_gemma-3-4b-it
14,15.862426,5.3096523,awq,google_gemma-3-4b-it
15,16.345253,4.7963953,awq,google_gemma-3-4b-it
16,15.729552,5.008075,awq,google_gemma-3-4b-it
17,15.854506,4.8139396,awq,google_gemma-3-4b-it
18,15.879962,4.5973845,awq,google_gemma-3-4b-it
19,15.726975,4.397211,awq,google_gemma-3-4b-it
20,15.580273,4.4598165,awq,google_gemma-3-4b-it
21,14.224252,4.7001486,awq,google_gemma-3-4b-it
22,14.562833,4.5637145,awq,google_gemma-3-4b-it
23,14.530366,4.715963,awq,google_gemma-3-4b-it
24,14.61457,4.7156167,awq,google_gemma-3-4b-it
25,14.107153,4.5960965,awq,google_gemma-3-4b-it
26,14.37621,4.597632,awq,google_gemma-3-4b-it
27,13.502638,4.885317,awq,google_gemma-3-4b-it
28,14.44337,4.7382956,awq,google_gemma-3-4b-it
29,14.703114,5.2726073,awq,google_gemma-3-4b-it
30,15.500742,5.1928573,awq,google_gemma-3-4b-it
31,16.667006,5.0447035,awq,google_gemma-3-4b-it
32,16.01411,5.949514,awq,google_gemma-3-4b-it
33,15.259176,6.3186083,awq,google_gemma-3-4b-it
0,19.414734,3.1746738,hqq,google_gemma-3-4b-it
1,19.358582,2.4841475,hqq,google_gemma-3-4b-it
2,19.214111,2.7500587,hqq,google_gemma-3-4b-it
3,19.24818,2.9813554,hqq,google_gemma-3-4b-it
4,19.331537,2.929607,hqq,google_gemma-3-4b-it
5,19.374098,2.8000903,hqq,google_gemma-3-4b-it
6,19.559687,2.5266447,hqq,google_gemma-3-4b-it
7,19.632265,2.35546,hqq,google_gemma-3-4b-it
8,19.62383,2.393265,hqq,google_gemma-3-4b-it
9,19.65163,2.3583028,hqq,google_gemma-3-4b-it
10,19.555529,2.6724515,hqq,google_gemma-3-4b-it
11,19.482113,2.7486405,hqq,google_gemma-3-4b-it
12,19.093517,3.2030208,hqq,google_gemma-3-4b-it
13,18.895117,3.3482118,hqq,google_gemma-3-4b-it
14,18.508692,3.7753417,hqq,google_gemma-3-4b-it
15,18.344803,3.7822483,hqq,google_gemma-3-4b-it
16,17.73286,3.978423,hqq,google_gemma-3-4b-it
17,16.542707,4.470413,hqq,google_gemma-3-4b-it
18,15.67552,4.6936035,hqq,google_gemma-3-4b-it
19,15.289979,4.646791,hqq,google_gemma-3-4b-it
20,14.307989,4.941755,hqq,google_gemma-3-4b-it
21,13.226263,5.1982756,hqq,google_gemma-3-4b-it
22,12.677081,4.9812107,hqq,google_gemma-3-4b-it
23,11.674937,5.2796187,hqq,google_gemma-3-4b-it
24,11.457228,5.1728563,hqq,google_gemma-3-4b-it
25,11.37733,5.099377,hqq,google_gemma-3-4b-it
26,11.107359,5.2314434,hqq,google_gemma-3-4b-it
27,11.167792,5.5043335,hqq,google_gemma-3-4b-it
28,11.485142,5.500092,hqq,google_gemma-3-4b-it
29,11.661424,5.518166,hqq,google_gemma-3-4b-it
30,11.823899,5.716289,hqq,google_gemma-3-4b-it
31,12.336796,6.0555377,hqq,google_gemma-3-4b-it
32,12.210207,6.304398,hqq,google_gemma-3-4b-it
33,12.646881,6.4013734,hqq,google_gemma-3-4b-it
0,19.353804,3.5385592,fp8,google_gemma-3-4b-it
1,19.221708,2.584556,fp8,google_gemma-3-4b-it
2,19.416779,2.3502567,fp8,google_gemma-3-4b-it
3,19.406578,2.7269769,fp8,google_gemma-3-4b-it
4,19.584188,2.5019221,fp8,google_gemma-3-4b-it
5,19.436413,2.787498,fp8,google_gemma-3-4b-it
6,19.686989,2.2074823,fp8,google_gemma-3-4b-it
7,19.826014,1.9186519,fp8,google_gemma-3-4b-it
8,19.834408,1.8886298,fp8,google_gemma-3-4b-it
9,19.64986,2.3558323,fp8,google_gemma-3-4b-it
10,19.63249,2.5603447,fp8,google_gemma-3-4b-it
11,19.488857,2.7395911,fp8,google_gemma-3-4b-it
12,19.195406,3.0483463,fp8,google_gemma-3-4b-it
13,18.98256,3.2382386,fp8,google_gemma-3-4b-it
14,18.488857,3.7376807,fp8,google_gemma-3-4b-it
15,18.21274,3.9775689,fp8,google_gemma-3-4b-it
16,17.51904,4.088055,fp8,google_gemma-3-4b-it
17,16.412678,4.598699,fp8,google_gemma-3-4b-it
18,15.5805855,4.773141,fp8,google_gemma-3-4b-it
19,15.170254,4.8403115,fp8,google_gemma-3-4b-it
20,14.224047,4.9818807,fp8,google_gemma-3-4b-it
21,13.531782,4.9611726,fp8,google_gemma-3-4b-it
22,12.885381,4.9888873,fp8,google_gemma-3-4b-it
23,12.418497,5.05342,fp8,google_gemma-3-4b-it
24,12.114117,5.0836806,fp8,google_gemma-3-4b-it
25,12.072849,5.0494657,fp8,google_gemma-3-4b-it
26,11.629779,5.19347,fp8,google_gemma-3-4b-it
27,11.382532,5.514406,fp8,google_gemma-3-4b-it
28,11.487793,5.534691,fp8,google_gemma-3-4b-it
29,11.895644,5.5497465,fp8,google_gemma-3-4b-it
30,12.357194,5.8283854,fp8,google_gemma-3-4b-it
31,12.446346,6.0494328,fp8,google_gemma-3-4b-it
32,12.3061,6.168976,fp8,google_gemma-3-4b-it
33,12.576629,6.3938537,fp8,google_gemma-3-4b-it
0,20.349663,0.45645982,int4,google_gemma-3-4b-it
1,20.090893,0.5554231,int4,google_gemma-3-4b-it
2,20.088379,0.61763984,int4,google_gemma-3-4b-it
3,20.181782,0.54965603,int4,google_gemma-3-4b-it
4,20.218428,0.5522139,int4,google_gemma-3-4b-it
5,20.206171,0.5821407,int4,google_gemma-3-4b-it
6,20.210928,0.5738145,int4,google_gemma-3-4b-it
7,20.195217,0.5823792,int4,google_gemma-3-4b-it
8,20.215286,0.57060605,int4,google_gemma-3-4b-it
9,20.21754,0.5737629,int4,google_gemma-3-4b-it
10,20.245958,0.56552935,int4,google_gemma-3-4b-it
11,20.236563,0.5730364,int4,google_gemma-3-4b-it
12,20.192924,0.5886626,int4,google_gemma-3-4b-it
13,20.158432,0.5296723,int4,google_gemma-3-4b-it
14,20.134165,0.5969494,int4,google_gemma-3-4b-it
15,20.098988,0.63604635,int4,google_gemma-3-4b-it
16,19.98785,0.6647367,int4,google_gemma-3-4b-it
17,19.933767,0.58051306,int4,google_gemma-3-4b-it
18,19.886398,0.59172034,int4,google_gemma-3-4b-it
19,19.818663,0.6009581,int4,google_gemma-3-4b-it
20,19.773417,0.5843406,int4,google_gemma-3-4b-it
21,19.732,0.6329707,int4,google_gemma-3-4b-it
22,19.69234,0.5932966,int4,google_gemma-3-4b-it
23,19.740255,0.61137253,int4,google_gemma-3-4b-it
24,19.719194,0.60494655,int4,google_gemma-3-4b-it
25,19.688103,0.5909297,int4,google_gemma-3-4b-it
26,19.702085,0.59383136,int4,google_gemma-3-4b-it
27,19.738853,0.5984506,int4,google_gemma-3-4b-it
28,19.758802,0.5979078,int4,google_gemma-3-4b-it
29,19.804752,0.59747005,int4,google_gemma-3-4b-it
30,19.857365,0.5920243,int4,google_gemma-3-4b-it
31,19.927591,0.5874694,int4,google_gemma-3-4b-it
32,19.969732,0.5845306,int4,google_gemma-3-4b-it
33,20.007242,0.56917536,int4,google_gemma-3-4b-it
0,18.231688,5.051787,float16,google_gemma-3-4b-it
1,18.579643,3.5372162,float16,google_gemma-3-4b-it
2,18.804731,3.2716196,float16,google_gemma-3-4b-it
3,18.872877,3.604632,float16,google_gemma-3-4b-it
4,19.111042,3.3779194,float16,google_gemma-3-4b-it
5,19.222963,3.174318,float16,google_gemma-3-4b-it
6,19.502417,2.6798475,float16,google_gemma-3-4b-it
7,19.688303,2.3540506,float16,google_gemma-3-4b-it
8,19.663038,2.4503305,float16,google_gemma-3-4b-it
9,19.762928,2.2280457,float16,google_gemma-3-4b-it
10,19.81213,2.2254195,float16,google_gemma-3-4b-it
11,19.716284,2.4016495,float16,google_gemma-3-4b-it
12,19.501518,2.601648,float16,google_gemma-3-4b-it
13,19.430285,2.6319122,float16,google_gemma-3-4b-it
14,19.12423,2.9902456,float16,google_gemma-3-4b-it
15,19.02211,3.0444238,float16,google_gemma-3-4b-it
16,17.810472,3.955009,float16,google_gemma-3-4b-it
17,16.553032,4.5151873,float16,google_gemma-3-4b-it
18,15.862007,4.7551622,float16,google_gemma-3-4b-it
19,14.842886,4.9321218,float16,google_gemma-3-4b-it
20,14.213184,4.965522,float16,google_gemma-3-4b-it
21,13.351039,5.0838594,float16,google_gemma-3-4b-it
22,12.813528,4.9988136,float16,google_gemma-3-4b-it
23,12.072473,5.1436114,float16,google_gemma-3-4b-it
24,11.841837,5.1557317,float16,google_gemma-3-4b-it
25,11.922516,5.182275,float16,google_gemma-3-4b-it
26,11.722121,5.172764,float16,google_gemma-3-4b-it
27,11.407718,5.5793495,float16,google_gemma-3-4b-it
28,11.71519,5.6293073,float16,google_gemma-3-4b-it
29,12.088076,5.613103,float16,google_gemma-3-4b-it
30,12.07254,5.73741,float16,google_gemma-3-4b-it
31,12.192498,5.986309,float16,google_gemma-3-4b-it
32,11.874606,6.176938,float16,google_gemma-3-4b-it
33,12.544611,6.1565437,float16,google_gemma-3-4b-it
0,20.349663,0.45645982,int8,google_gemma-3-4b-it
1,20.090893,0.5554231,int8,google_gemma-3-4b-it
2,20.088379,0.61763984,int8,google_gemma-3-4b-it
3,20.181782,0.54965603,int8,google_gemma-3-4b-it
4,20.218428,0.5522139,int8,google_gemma-3-4b-it
5,20.206171,0.5821407,int8,google_gemma-3-4b-it
6,20.210928,0.5738145,int8,google_gemma-3-4b-it
7,20.195217,0.5823792,int8,google_gemma-3-4b-it
8,20.215286,0.57060605,int8,google_gemma-3-4b-it
9,20.21754,0.5737629,int8,google_gemma-3-4b-it
10,20.245958,0.56552935,int8,google_gemma-3-4b-it
11,20.236563,0.5730364,int8,google_gemma-3-4b-it
12,20.192924,0.5886626,int8,google_gemma-3-4b-it
13,20.158432,0.5296723,int8,google_gemma-3-4b-it
14,20.134165,0.5969494,int8,google_gemma-3-4b-it
15,20.098988,0.63604635,int8,google_gemma-3-4b-it
16,19.98785,0.6647367,int8,google_gemma-3-4b-it
17,19.933767,0.58051306,int8,google_gemma-3-4b-it
18,19.886398,0.59172034,int8,google_gemma-3-4b-it
19,19.818663,0.6009581,int8,google_gemma-3-4b-it
20,19.773417,0.5843406,int8,google_gemma-3-4b-it
21,19.732,0.6329707,int8,google_gemma-3-4b-it
22,19.69234,0.5932966,int8,google_gemma-3-4b-it
23,19.740255,0.61137253,int8,google_gemma-3-4b-it
24,19.719194,0.60494655,int8,google_gemma-3-4b-it
25,19.688103,0.5909297,int8,google_gemma-3-4b-it
26,19.702085,0.59383136,int8,google_gemma-3-4b-it
27,19.738853,0.5984506,int8,google_gemma-3-4b-it
28,19.758802,0.5979078,int8,google_gemma-3-4b-it
29,19.804752,0.59747005,int8,google_gemma-3-4b-it
30,19.857365,0.5920243,int8,google_gemma-3-4b-it
31,19.927591,0.5874694,int8,google_gemma-3-4b-it
32,19.969732,0.5845306,int8,google_gemma-3-4b-it
33,20.007242,0.56917536,int8,google_gemma-3-4b-it
0,19.128515,3.774516,gptq,google_gemma-3-4b-it
1,18.6145,3.6353483,gptq,google_gemma-3-4b-it
2,18.566378,3.7600846,gptq,google_gemma-3-4b-it
3,18.71075,3.9747798,gptq,google_gemma-3-4b-it
4,19.056433,3.5741765,gptq,google_gemma-3-4b-it
5,19.080748,3.460053,gptq,google_gemma-3-4b-it
6,19.34825,3.048042,gptq,google_gemma-3-4b-it
7,19.474281,2.738789,gptq,google_gemma-3-4b-it
8,19.432869,2.8466544,gptq,google_gemma-3-4b-it
9,19.39129,2.878706,gptq,google_gemma-3-4b-it
10,19.121237,3.4740613,gptq,google_gemma-3-4b-it
11,18.88622,3.7086694,gptq,google_gemma-3-4b-it
12,18.602589,3.862912,gptq,google_gemma-3-4b-it
13,18.443638,3.9626594,gptq,google_gemma-3-4b-it
14,18.105728,4.1387687,gptq,google_gemma-3-4b-it
15,18.187832,3.8277378,gptq,google_gemma-3-4b-it
16,17.060432,4.554725,gptq,google_gemma-3-4b-it
17,16.331936,4.7783155,gptq,google_gemma-3-4b-it
18,16.00224,4.6407824,gptq,google_gemma-3-4b-it
19,15.732366,4.5212145,gptq,google_gemma-3-4b-it
20,15.269049,4.6676645,gptq,google_gemma-3-4b-it
21,14.645273,4.7714925,gptq,google_gemma-3-4b-it
22,14.162611,4.7365303,gptq,google_gemma-3-4b-it
23,13.95809,4.7257066,gptq,google_gemma-3-4b-it
24,14.261733,4.6841993,gptq,google_gemma-3-4b-it
25,13.776776,4.7375045,gptq,google_gemma-3-4b-it
26,13.851429,4.79284,gptq,google_gemma-3-4b-it
27,13.305571,4.899372,gptq,google_gemma-3-4b-it
28,13.92997,4.865585,gptq,google_gemma-3-4b-it
29,14.148914,5.37601,gptq,google_gemma-3-4b-it
30,15.142542,5.147438,gptq,google_gemma-3-4b-it
31,15.831871,5.1855173,gptq,google_gemma-3-4b-it
32,15.379436,5.921416,gptq,google_gemma-3-4b-it
33,15.194673,6.0399675,gptq,google_gemma-3-4b-it
0,0.0012967234,0.0012793734,fp8,Qwen_Qwen3-14B
1,0.0015164812,0.0014332074,fp8,Qwen_Qwen3-14B
2,0.0016276543,0.0016927115,fp8,Qwen_Qwen3-14B
3,0.0018342928,0.0017791962,fp8,Qwen_Qwen3-14B
4,0.0020317023,0.002035842,fp8,Qwen_Qwen3-14B
5,0.0023146968,0.0022738867,fp8,Qwen_Qwen3-14B
6,0.0027915377,0.0026581078,fp8,Qwen_Qwen3-14B
7,0.003488299,0.0031302527,fp8,Qwen_Qwen3-14B
8,0.0040470464,0.0033548458,fp8,Qwen_Qwen3-14B
9,0.0040180255,0.0036130222,fp8,Qwen_Qwen3-14B
10,0.0046439995,0.00417004,fp8,Qwen_Qwen3-14B
11,0.005624193,0.005010382,fp8,Qwen_Qwen3-14B
12,0.0066916635,0.0058497945,fp8,Qwen_Qwen3-14B
13,0.006854589,0.0061447327,fp8,Qwen_Qwen3-14B
14,0.006802064,0.0063930945,fp8,Qwen_Qwen3-14B
15,0.0074521904,0.0081373295,fp8,Qwen_Qwen3-14B
16,0.007597119,0.018745795,fp8,Qwen_Qwen3-14B
17,0.0074174693,0.020592246,fp8,Qwen_Qwen3-14B
18,0.0074932654,0.010496983,fp8,Qwen_Qwen3-14B
19,0.007966122,0.009477022,fp8,Qwen_Qwen3-14B
20,0.0077656233,0.0129260495,fp8,Qwen_Qwen3-14B
21,0.008568941,0.02168843,fp8,Qwen_Qwen3-14B
22,0.008720826,0.024228442,fp8,Qwen_Qwen3-14B
23,0.009049408,0.03200114,fp8,Qwen_Qwen3-14B
24,0.009748372,0.05325773,fp8,Qwen_Qwen3-14B
25,0.009294096,0.038843904,fp8,Qwen_Qwen3-14B
26,0.009609766,0.038779482,fp8,Qwen_Qwen3-14B
27,0.010266988,0.036164645,fp8,Qwen_Qwen3-14B
28,0.011138143,0.03341918,fp8,Qwen_Qwen3-14B
29,0.011402048,0.03624331,fp8,Qwen_Qwen3-14B
30,0.012840611,0.041095696,fp8,Qwen_Qwen3-14B
31,0.013487637,0.039722946,fp8,Qwen_Qwen3-14B
32,0.01453684,0.060825154,fp8,Qwen_Qwen3-14B
33,0.017276049,0.094937995,fp8,Qwen_Qwen3-14B
34,0.017087186,0.1071173,fp8,Qwen_Qwen3-14B
35,0.015657093,0.074943185,fp8,Qwen_Qwen3-14B
36,0.015161839,0.07398382,fp8,Qwen_Qwen3-14B
37,0.0130337635,0.07542554,fp8,Qwen_Qwen3-14B
38,0.008403367,0.09631397,fp8,Qwen_Qwen3-14B
39,0.0054093227,0.018180266,fp8,Qwen_Qwen3-14B
0,0.008762271,0.00962091,int4,Qwen_Qwen3-14B
1,0.010869901,0.012283676,int4,Qwen_Qwen3-14B
2,0.012501424,0.014637254,int4,Qwen_Qwen3-14B
3,0.016994847,0.019591715,int4,Qwen_Qwen3-14B
4,0.019115217,0.021870775,int4,Qwen_Qwen3-14B
5,0.025456935,0.026733583,int4,Qwen_Qwen3-14B
6,0.032806966,0.030735523,int4,Qwen_Qwen3-14B
7,0.045701418,0.044103336,int4,Qwen_Qwen3-14B
8,0.05363991,0.046703525,int4,Qwen_Qwen3-14B
9,0.051026933,0.04483053,int4,Qwen_Qwen3-14B
10,0.058873426,0.053623714,int4,Qwen_Qwen3-14B
11,0.06792489,0.061744317,int4,Qwen_Qwen3-14B
12,0.07769364,0.072051495,int4,Qwen_Qwen3-14B
13,0.08083934,0.07699285,int4,Qwen_Qwen3-14B
14,0.07789235,0.07372902,int4,Qwen_Qwen3-14B
15,0.08147461,0.07493455,int4,Qwen_Qwen3-14B
16,0.07842215,0.0706052,int4,Qwen_Qwen3-14B
17,0.078745335,0.073583186,int4,Qwen_Qwen3-14B
18,0.07863376,0.069921955,int4,Qwen_Qwen3-14B
19,0.08705845,0.08467451,int4,Qwen_Qwen3-14B
20,0.0838781,0.09027651,int4,Qwen_Qwen3-14B
21,0.095943965,0.13982008,int4,Qwen_Qwen3-14B
22,0.08989577,0.1144544,int4,Qwen_Qwen3-14B
23,0.09457687,0.1347245,int4,Qwen_Qwen3-14B
24,0.09645226,0.14213441,int4,Qwen_Qwen3-14B
25,0.097969905,0.15113685,int4,Qwen_Qwen3-14B
26,0.10043617,0.15514104,int4,Qwen_Qwen3-14B
27,0.10378536,0.16249636,int4,Qwen_Qwen3-14B
28,0.105006635,0.14886913,int4,Qwen_Qwen3-14B
29,0.115035936,0.20768717,int4,Qwen_Qwen3-14B
30,0.12984209,0.25293428,int4,Qwen_Qwen3-14B
31,0.13773744,0.26633,int4,Qwen_Qwen3-14B
32,0.14313233,0.2732192,int4,Qwen_Qwen3-14B
33,0.1586306,0.53523815,int4,Qwen_Qwen3-14B
34,0.16779603,0.48326978,int4,Qwen_Qwen3-14B
35,0.16579996,0.40015772,int4,Qwen_Qwen3-14B
36,0.15618871,0.33050543,int4,Qwen_Qwen3-14B
37,0.14091954,0.36693397,int4,Qwen_Qwen3-14B
38,0.09023762,0.2371237,int4,Qwen_Qwen3-14B
39,0.06392436,0.16207169,int4,Qwen_Qwen3-14B
0,1.9876911e-06,2.4298162e-05,float16,Qwen_Qwen3-14B
1,0.00011175021,0.0003004439,float16,Qwen_Qwen3-14B
2,0.00023468601,0.00041807516,float16,Qwen_Qwen3-14B
3,0.00031591422,0.00044908418,float16,Qwen_Qwen3-14B
4,0.00037853853,0.0005032611,float16,Qwen_Qwen3-14B
5,0.00047525315,0.0005543762,float16,Qwen_Qwen3-14B
6,0.00049334625,0.0005300645,float16,Qwen_Qwen3-14B
7,0.00045922433,0.00046024713,float16,Qwen_Qwen3-14B
8,0.0004615209,0.00038323773,float16,Qwen_Qwen3-14B
9,0.00045497058,0.00036624537,float16,Qwen_Qwen3-14B
10,0.00050238083,0.00042139675,float16,Qwen_Qwen3-14B
11,0.0005879049,0.00049498247,float16,Qwen_Qwen3-14B
12,0.0006389585,0.00056458346,float16,Qwen_Qwen3-14B
13,0.0006571218,0.000521831,float16,Qwen_Qwen3-14B
14,0.0006486389,0.0004997728,float16,Qwen_Qwen3-14B
15,0.0007089733,0.0006032511,float16,Qwen_Qwen3-14B
16,0.0006898885,0.0005340607,float16,Qwen_Qwen3-14B
17,0.0007364382,0.0006270313,float16,Qwen_Qwen3-14B
18,0.00075815944,0.0006235981,float16,Qwen_Qwen3-14B
19,0.00084950426,0.0007208403,float16,Qwen_Qwen3-14B
20,0.0007889502,0.0006790754,float16,Qwen_Qwen3-14B
21,0.00087498827,0.0010126184,float16,Qwen_Qwen3-14B
22,0.00089939265,0.0010977706,float16,Qwen_Qwen3-14B
23,0.0008943976,0.0018452926,float16,Qwen_Qwen3-14B
24,0.00094821304,0.0021213675,float16,Qwen_Qwen3-14B
25,0.00093342405,0.0017733818,float16,Qwen_Qwen3-14B
26,0.0009943668,0.0034835178,float16,Qwen_Qwen3-14B
27,0.00096907356,0.002281137,float16,Qwen_Qwen3-14B
28,0.0010271943,0.0032333916,float16,Qwen_Qwen3-14B
29,0.0010312394,0.0035596446,float16,Qwen_Qwen3-14B
30,0.0011711918,0.004491622,float16,Qwen_Qwen3-14B
31,0.001290807,0.0082064485,float16,Qwen_Qwen3-14B
32,0.001368119,0.011498167,float16,Qwen_Qwen3-14B
33,0.001673779,0.018669067,float16,Qwen_Qwen3-14B
34,0.0018058228,0.022408633,float16,Qwen_Qwen3-14B
35,0.0017065686,0.020784806,float16,Qwen_Qwen3-14B
36,0.0016724569,0.024238843,float16,Qwen_Qwen3-14B
37,0.0019170776,0.036059946,float16,Qwen_Qwen3-14B
38,0.00088442606,0.008911658,float16,Qwen_Qwen3-14B
39,0.00072349503,0.0012247306,float16,Qwen_Qwen3-14B
0,0.0006946261,0.0006894762,int8,Qwen_Qwen3-14B
1,0.0008024485,0.00073314516,int8,Qwen_Qwen3-14B
2,0.00085440686,0.0008264171,int8,Qwen_Qwen3-14B
3,0.0009967405,0.00088920543,int8,Qwen_Qwen3-14B
4,0.00099366,0.00088971603,int8,Qwen_Qwen3-14B
5,0.0011682584,0.0010996367,int8,Qwen_Qwen3-14B
6,0.0013465431,0.0012404824,int8,Qwen_Qwen3-14B
7,0.0016725883,0.0013966308,int8,Qwen_Qwen3-14B
8,0.0017636224,0.0013666471,int8,Qwen_Qwen3-14B
9,0.0017579186,0.0015155227,int8,Qwen_Qwen3-14B
10,0.0019488668,0.0016502285,int8,Qwen_Qwen3-14B
11,0.0021854348,0.0017699213,int8,Qwen_Qwen3-14B
12,0.0025971315,0.0021897426,int8,Qwen_Qwen3-14B
13,0.002560088,0.0020263216,int8,Qwen_Qwen3-14B
14,0.0025591035,0.0021938423,int8,Qwen_Qwen3-14B
15,0.002713734,0.0022828877,int8,Qwen_Qwen3-14B
16,0.0026660205,0.0023821208,int8,Qwen_Qwen3-14B
17,0.0026758178,0.0029909187,int8,Qwen_Qwen3-14B
18,0.002734085,0.0024815486,int8,Qwen_Qwen3-14B
19,0.0029737502,0.0027642387,int8,Qwen_Qwen3-14B
20,0.0029677565,0.002870308,int8,Qwen_Qwen3-14B
21,0.0034196307,0.006767812,int8,Qwen_Qwen3-14B
22,0.0034074213,0.00687661,int8,Qwen_Qwen3-14B
23,0.0034858251,0.009648869,int8,Qwen_Qwen3-14B
24,0.0038514773,0.013323757,int8,Qwen_Qwen3-14B
25,0.003590055,0.010817287,int8,Qwen_Qwen3-14B
26,0.0038985398,0.013281276,int8,Qwen_Qwen3-14B
27,0.003864698,0.01129505,int8,Qwen_Qwen3-14B
28,0.0045797164,0.018943453,int8,Qwen_Qwen3-14B
29,0.0044822386,0.01690231,int8,Qwen_Qwen3-14B
30,0.0048806057,0.015839506,int8,Qwen_Qwen3-14B
31,0.0058764494,0.029795429,int8,Qwen_Qwen3-14B
32,0.0051696077,0.016963417,int8,Qwen_Qwen3-14B
33,0.0060391943,0.046496253,int8,Qwen_Qwen3-14B
34,0.009849541,0.18662648,int8,Qwen_Qwen3-14B
35,0.009221295,0.14444712,int8,Qwen_Qwen3-14B
36,0.007471113,0.07073099,int8,Qwen_Qwen3-14B
37,0.005768582,0.026449816,int8,Qwen_Qwen3-14B
38,0.003098325,0.010094698,int8,Qwen_Qwen3-14B
39,0.0024060532,0.005263064,int8,Qwen_Qwen3-14B
0,0.002485208,0.002184036,fp8,deepseek-ai_DeepSeek-R1-Distill-Qwen-7B
1,0.0024400598,0.0020793476,fp8,deepseek-ai_DeepSeek-R1-Distill-Qwen-7B
2,0.002626231,0.0022979716,fp8,deepseek-ai_DeepSeek-R1-Distill-Qwen-7B
3,0.0031230107,0.0026641965,fp8,deepseek-ai_DeepSeek-R1-Distill-Qwen-7B
4,0.0036395278,0.0037262172,fp8,deepseek-ai_DeepSeek-R1-Distill-Qwen-7B
5,0.003954483,0.006235458,fp8,deepseek-ai_DeepSeek-R1-Distill-Qwen-7B
6,0.0049008355,0.008361825,fp8,deepseek-ai_DeepSeek-R1-Distill-Qwen-7B
7,0.0053053335,0.005142422,fp8,deepseek-ai_DeepSeek-R1-Distill-Qwen-7B
8,0.0065415897,0.022884225,fp8,deepseek-ai_DeepSeek-R1-Distill-Qwen-7B
9,0.0074247033,0.042911626,fp8,deepseek-ai_DeepSeek-R1-Distill-Qwen-7B
10,0.0075045144,0.036276914,fp8,deepseek-ai_DeepSeek-R1-Distill-Qwen-7B
11,0.009650517,0.08181253,fp8,deepseek-ai_DeepSeek-R1-Distill-Qwen-7B
12,0.008870646,0.02709047,fp8,deepseek-ai_DeepSeek-R1-Distill-Qwen-7B
13,0.008712992,0.026614487,fp8,deepseek-ai_DeepSeek-R1-Distill-Qwen-7B
14,0.008877822,0.028353877,fp8,deepseek-ai_DeepSeek-R1-Distill-Qwen-7B
15,0.008861443,0.023309821,fp8,deepseek-ai_DeepSeek-R1-Distill-Qwen-7B
16,0.009646338,0.033086076,fp8,deepseek-ai_DeepSeek-R1-Distill-Qwen-7B
17,0.010235927,0.024525624,fp8,deepseek-ai_DeepSeek-R1-Distill-Qwen-7B
18,0.009797352,0.024174813,fp8,deepseek-ai_DeepSeek-R1-Distill-Qwen-7B
19,0.009538005,0.028946307,fp8,deepseek-ai_DeepSeek-R1-Distill-Qwen-7B
20,0.00878421,0.017244892,fp8,deepseek-ai_DeepSeek-R1-Distill-Qwen-7B
21,0.009324719,0.030642569,fp8,deepseek-ai_DeepSeek-R1-Distill-Qwen-7B
22,0.009418116,0.03174836,fp8,deepseek-ai_DeepSeek-R1-Distill-Qwen-7B
23,0.009183575,0.04815309,fp8,deepseek-ai_DeepSeek-R1-Distill-Qwen-7B
24,0.008158586,0.014675709,fp8,deepseek-ai_DeepSeek-R1-Distill-Qwen-7B
25,0.008863636,0.029773358,fp8,deepseek-ai_DeepSeek-R1-Distill-Qwen-7B
26,0.0064519327,0.009745464,fp8,deepseek-ai_DeepSeek-R1-Distill-Qwen-7B
27,0.01043438,0.06588921,fp8,deepseek-ai_DeepSeek-R1-Distill-Qwen-7B
0,0.02734946,0.022311987,int4,deepseek-ai_DeepSeek-R1-Distill-Qwen-7B
1,0.027358852,0.022779414,int4,deepseek-ai_DeepSeek-R1-Distill-Qwen-7B
2,0.030385552,0.025099043,int4,deepseek-ai_DeepSeek-R1-Distill-Qwen-7B
3,0.037551768,0.033837304,int4,deepseek-ai_DeepSeek-R1-Distill-Qwen-7B
4,0.045475613,0.044012334,int4,deepseek-ai_DeepSeek-R1-Distill-Qwen-7B
5,0.05106939,0.06378096,int4,deepseek-ai_DeepSeek-R1-Distill-Qwen-7B
6,0.05930046,0.07136291,int4,deepseek-ai_DeepSeek-R1-Distill-Qwen-7B
7,0.06606599,0.077327006,int4,deepseek-ai_DeepSeek-R1-Distill-Qwen-7B
8,0.076153696,0.08268718,int4,deepseek-ai_DeepSeek-R1-Distill-Qwen-7B
9,0.0772303,0.07490867,int4,deepseek-ai_DeepSeek-R1-Distill-Qwen-7B
10,0.077122286,0.08688071,int4,deepseek-ai_DeepSeek-R1-Distill-Qwen-7B
11,0.086253785,0.08747414,int4,deepseek-ai_DeepSeek-R1-Distill-Qwen-7B
12,0.09394176,0.10601484,int4,deepseek-ai_DeepSeek-R1-Distill-Qwen-7B
13,0.09104297,0.081829764,int4,deepseek-ai_DeepSeek-R1-Distill-Qwen-7B
14,0.097553246,0.09438406,int4,deepseek-ai_DeepSeek-R1-Distill-Qwen-7B
15,0.09672763,0.095940344,int4,deepseek-ai_DeepSeek-R1-Distill-Qwen-7B
16,0.10534764,0.10914037,int4,deepseek-ai_DeepSeek-R1-Distill-Qwen-7B
17,0.11083956,0.11353933,int4,deepseek-ai_DeepSeek-R1-Distill-Qwen-7B
18,0.10500803,0.12887926,int4,deepseek-ai_DeepSeek-R1-Distill-Qwen-7B
19,0.102822945,0.13032046,int4,deepseek-ai_DeepSeek-R1-Distill-Qwen-7B
20,0.099222034,0.13870075,int4,deepseek-ai_DeepSeek-R1-Distill-Qwen-7B
21,0.09901611,0.14241986,int4,deepseek-ai_DeepSeek-R1-Distill-Qwen-7B
22,0.102038756,0.13843222,int4,deepseek-ai_DeepSeek-R1-Distill-Qwen-7B
23,0.092184216,0.12925735,int4,deepseek-ai_DeepSeek-R1-Distill-Qwen-7B
24,0.09604878,0.16487542,int4,deepseek-ai_DeepSeek-R1-Distill-Qwen-7B
25,0.097816676,0.14493291,int4,deepseek-ai_DeepSeek-R1-Distill-Qwen-7B
26,0.077027895,0.1421071,int4,deepseek-ai_DeepSeek-R1-Distill-Qwen-7B
27,0.088321656,0.20075619,int4,deepseek-ai_DeepSeek-R1-Distill-Qwen-7B
0,4.36752e-06,6.258662e-05,float16,deepseek-ai_DeepSeek-R1-Distill-Qwen-7B
1,0.00012559292,0.00025727262,float16,deepseek-ai_DeepSeek-R1-Distill-Qwen-7B
2,0.00023771155,0.00032945749,float16,deepseek-ai_DeepSeek-R1-Distill-Qwen-7B
3,0.00034181488,0.00042763157,float16,deepseek-ai_DeepSeek-R1-Distill-Qwen-7B
4,0.00041280434,0.0004471908,float16,deepseek-ai_DeepSeek-R1-Distill-Qwen-7B
5,0.00045251267,0.0004717161,float16,deepseek-ai_DeepSeek-R1-Distill-Qwen-7B
6,0.0005359858,0.00056849275,float16,deepseek-ai_DeepSeek-R1-Distill-Qwen-7B
7,0.0005916636,0.0005845906,float16,deepseek-ai_DeepSeek-R1-Distill-Qwen-7B
8,0.0006342418,0.0006208532,float16,deepseek-ai_DeepSeek-R1-Distill-Qwen-7B
9,0.00066928484,0.00066741416,float16,deepseek-ai_DeepSeek-R1-Distill-Qwen-7B
10,0.00066664367,0.000654685,float16,deepseek-ai_DeepSeek-R1-Distill-Qwen-7B
11,0.0007450452,0.00071847904,float16,deepseek-ai_DeepSeek-R1-Distill-Qwen-7B
12,0.00076927926,0.00068847236,float16,deepseek-ai_DeepSeek-R1-Distill-Qwen-7B
13,0.0007662886,0.00071228977,float16,deepseek-ai_DeepSeek-R1-Distill-Qwen-7B
14,0.0007990822,0.00076934614,float16,deepseek-ai_DeepSeek-R1-Distill-Qwen-7B
15,0.00078834296,0.00069889537,float16,deepseek-ai_DeepSeek-R1-Distill-Qwen-7B
16,0.0008745765,0.00078528625,float16,deepseek-ai_DeepSeek-R1-Distill-Qwen-7B
17,0.0009053966,0.0008464898,float16,deepseek-ai_DeepSeek-R1-Distill-Qwen-7B
18,0.00085099746,0.00086997246,float16,deepseek-ai_DeepSeek-R1-Distill-Qwen-7B
19,0.0008519297,0.0008960036,float16,deepseek-ai_DeepSeek-R1-Distill-Qwen-7B
20,0.00079641625,0.00077640224,float16,deepseek-ai_DeepSeek-R1-Distill-Qwen-7B
21,0.0007855931,0.00078838685,float16,deepseek-ai_DeepSeek-R1-Distill-Qwen-7B
22,0.0007621493,0.0008916599,float16,deepseek-ai_DeepSeek-R1-Distill-Qwen-7B
23,0.0006753929,0.000780812,float16,deepseek-ai_DeepSeek-R1-Distill-Qwen-7B
24,0.0006362107,0.0011089552,float16,deepseek-ai_DeepSeek-R1-Distill-Qwen-7B
25,0.00063259347,0.0009390281,float16,deepseek-ai_DeepSeek-R1-Distill-Qwen-7B
26,0.0005215565,0.00071206974,float16,deepseek-ai_DeepSeek-R1-Distill-Qwen-7B
27,0.001354942,0.020250605,float16,deepseek-ai_DeepSeek-R1-Distill-Qwen-7B
0,0.0077557717,0.021636276,int8,deepseek-ai_DeepSeek-R1-Distill-Qwen-7B
1,0.005253687,0.012411274,int8,deepseek-ai_DeepSeek-R1-Distill-Qwen-7B
2,0.0050812387,0.012133207,int8,deepseek-ai_DeepSeek-R1-Distill-Qwen-7B
3,0.0051424233,0.01242253,int8,deepseek-ai_DeepSeek-R1-Distill-Qwen-7B
4,0.0053338916,0.026974933,int8,deepseek-ai_DeepSeek-R1-Distill-Qwen-7B
5,0.0054489844,0.029307596,int8,deepseek-ai_DeepSeek-R1-Distill-Qwen-7B
6,0.00548933,0.03849473,int8,deepseek-ai_DeepSeek-R1-Distill-Qwen-7B
7,0.005341855,0.034392744,int8,deepseek-ai_DeepSeek-R1-Distill-Qwen-7B
8,0.009028591,0.15019907,int8,deepseek-ai_DeepSeek-R1-Distill-Qwen-7B
9,0.008850847,0.16588426,int8,deepseek-ai_DeepSeek-R1-Distill-Qwen-7B
10,0.0078113717,0.107850544,int8,deepseek-ai_DeepSeek-R1-Distill-Qwen-7B
11,0.009535217,0.14047113,int8,deepseek-ai_DeepSeek-R1-Distill-Qwen-7B
12,0.007854574,0.055275865,int8,deepseek-ai_DeepSeek-R1-Distill-Qwen-7B
13,0.007768614,0.053027052,int8,deepseek-ai_DeepSeek-R1-Distill-Qwen-7B
14,0.008666032,0.054205038,int8,deepseek-ai_DeepSeek-R1-Distill-Qwen-7B
15,0.00861262,0.04506412,int8,deepseek-ai_DeepSeek-R1-Distill-Qwen-7B
16,0.010130898,0.067132905,int8,deepseek-ai_DeepSeek-R1-Distill-Qwen-7B
17,0.011110148,0.070885636,int8,deepseek-ai_DeepSeek-R1-Distill-Qwen-7B
18,0.0091151055,0.041604787,int8,deepseek-ai_DeepSeek-R1-Distill-Qwen-7B
19,0.009538766,0.044366427,int8,deepseek-ai_DeepSeek-R1-Distill-Qwen-7B
20,0.008772401,0.030751865,int8,deepseek-ai_DeepSeek-R1-Distill-Qwen-7B
21,0.00857615,0.03308121,int8,deepseek-ai_DeepSeek-R1-Distill-Qwen-7B
22,0.009898549,0.044060178,int8,deepseek-ai_DeepSeek-R1-Distill-Qwen-7B
23,0.010566472,0.08935293,int8,deepseek-ai_DeepSeek-R1-Distill-Qwen-7B
24,0.009947929,0.08409116,int8,deepseek-ai_DeepSeek-R1-Distill-Qwen-7B
25,0.011139383,0.10878286,int8,deepseek-ai_DeepSeek-R1-Distill-Qwen-7B
26,0.008503208,0.06493661,int8,deepseek-ai_DeepSeek-R1-Distill-Qwen-7B
27,0.043476317,0.2860538,int8,deepseek-ai_DeepSeek-R1-Distill-Qwen-7B
0,0.021883449,0.020364217,gptq,deepseek-ai_DeepSeek-R1-Distill-Qwen-7B
1,0.0202957,0.019453563,gptq,deepseek-ai_DeepSeek-R1-Distill-Qwen-7B
2,0.022933425,0.021017604,gptq,deepseek-ai_DeepSeek-R1-Distill-Qwen-7B
3,0.029784197,0.027135411,gptq,deepseek-ai_DeepSeek-R1-Distill-Qwen-7B
4,0.039472446,0.03961341,gptq,deepseek-ai_DeepSeek-R1-Distill-Qwen-7B
5,0.04554831,0.057923075,gptq,deepseek-ai_DeepSeek-R1-Distill-Qwen-7B
6,0.057749588,0.07635367,gptq,deepseek-ai_DeepSeek-R1-Distill-Qwen-7B
7,0.06887769,0.1031413,gptq,deepseek-ai_DeepSeek-R1-Distill-Qwen-7B
8,0.083535194,0.17645949,gptq,deepseek-ai_DeepSeek-R1-Distill-Qwen-7B
9,0.088187434,0.18970166,gptq,deepseek-ai_DeepSeek-R1-Distill-Qwen-7B
10,0.08954692,0.14102061,gptq,deepseek-ai_DeepSeek-R1-Distill-Qwen-7B
11,0.1049003,0.18307008,gptq,deepseek-ai_DeepSeek-R1-Distill-Qwen-7B
12,0.10765224,0.1238696,gptq,deepseek-ai_DeepSeek-R1-Distill-Qwen-7B
13,0.10697615,0.10657705,gptq,deepseek-ai_DeepSeek-R1-Distill-Qwen-7B
14,0.11379205,0.11812633,gptq,deepseek-ai_DeepSeek-R1-Distill-Qwen-7B
15,0.11051764,0.11296109,gptq,deepseek-ai_DeepSeek-R1-Distill-Qwen-7B
16,0.117758594,0.12308174,gptq,deepseek-ai_DeepSeek-R1-Distill-Qwen-7B
17,0.12533152,0.12934203,gptq,deepseek-ai_DeepSeek-R1-Distill-Qwen-7B
18,0.11316152,0.1175495,gptq,deepseek-ai_DeepSeek-R1-Distill-Qwen-7B
19,0.113712505,0.12511791,gptq,deepseek-ai_DeepSeek-R1-Distill-Qwen-7B
20,0.10688679,0.1287087,gptq,deepseek-ai_DeepSeek-R1-Distill-Qwen-7B
21,0.11017413,0.13110699,gptq,deepseek-ai_DeepSeek-R1-Distill-Qwen-7B
22,0.11665656,0.17427275,gptq,deepseek-ai_DeepSeek-R1-Distill-Qwen-7B
23,0.10150286,0.14898445,gptq,deepseek-ai_DeepSeek-R1-Distill-Qwen-7B
24,0.104014345,0.19521624,gptq,deepseek-ai_DeepSeek-R1-Distill-Qwen-7B
25,0.10662659,0.18526696,gptq,deepseek-ai_DeepSeek-R1-Distill-Qwen-7B
26,0.0827067,0.12976353,gptq,deepseek-ai_DeepSeek-R1-Distill-Qwen-7B
27,0.09699168,0.24929628,gptq,deepseek-ai_DeepSeek-R1-Distill-Qwen-7B
0,0.0283385068178176,0.0262828581035137,awq,deepseek-ai_DeepSeek-R1-Distill-Qwen-7B
1,0.0246943775564432,0.023765455931425,awq,deepseek-ai_DeepSeek-R1-Distill-Qwen-7B
2,0.0281667225062847,0.0255321990698575,awq,deepseek-ai_DeepSeek-R1-Distill-Qwen-7B
3,0.0369563177227973,0.0333744995296001,awq,deepseek-ai_DeepSeek-R1-Distill-Qwen-7B
4,0.0438008345663547,0.0473543368279933,awq,deepseek-ai_DeepSeek-R1-Distill-Qwen-7B
5,0.0470751225948333,0.0530792884528636,awq,deepseek-ai_DeepSeek-R1-Distill-Qwen-7B
6,0.0586750619113445,0.0578441768884658,awq,deepseek-ai_DeepSeek-R1-Distill-Qwen-7B
7,0.0663148015737533,0.0623153746128082,awq,deepseek-ai_DeepSeek-R1-Distill-Qwen-7B
8,0.0758404582738876,0.0744693279266357,awq,deepseek-ai_DeepSeek-R1-Distill-Qwen-7B
9,0.0794005915522575,0.0719435885548591,awq,deepseek-ai_DeepSeek-R1-Distill-Qwen-7B
10,0.085027240216732,0.0829786285758018,awq,deepseek-ai_DeepSeek-R1-Distill-Qwen-7B
11,0.0971560850739479,0.0944571048021316,awq,deepseek-ai_DeepSeek-R1-Distill-Qwen-7B
12,0.1022127121686935,0.1011543646454811,awq,deepseek-ai_DeepSeek-R1-Distill-Qwen-7B
13,0.1040549352765083,0.0981770753860473,awq,deepseek-ai_DeepSeek-R1-Distill-Qwen-7B
14,0.1115975305438041,0.106126494705677,awq,deepseek-ai_DeepSeek-R1-Distill-Qwen-7B
15,0.1122847869992256,0.1176227107644081,awq,deepseek-ai_DeepSeek-R1-Distill-Qwen-7B
16,0.1176496669650077,0.1132962554693222,awq,deepseek-ai_DeepSeek-R1-Distill-Qwen-7B
17,0.1258250474929809,0.1203587055206298,awq,deepseek-ai_DeepSeek-R1-Distill-Qwen-7B
18,0.1204020157456398,0.1480789631605148,awq,deepseek-ai_DeepSeek-R1-Distill-Qwen-7B
19,0.1172308698296547,0.152333915233612,awq,deepseek-ai_DeepSeek-R1-Distill-Qwen-7B
20,0.1094133108854293,0.123238481581211,awq,deepseek-ai_DeepSeek-R1-Distill-Qwen-7B
21,0.1133306995034217,0.1723934561014175,awq,deepseek-ai_DeepSeek-R1-Distill-Qwen-7B
22,0.1116073206067085,0.1711200326681137,awq,deepseek-ai_DeepSeek-R1-Distill-Qwen-7B
23,0.1027595251798629,0.1656721085309982,awq,deepseek-ai_DeepSeek-R1-Distill-Qwen-7B
24,0.1072444915771484,0.2432956248521804,awq,deepseek-ai_DeepSeek-R1-Distill-Qwen-7B
25,0.1057899892330169,0.1646091043949127,awq,deepseek-ai_DeepSeek-R1-Distill-Qwen-7B
26,0.0846035182476043,0.1360156238079071,awq,deepseek-ai_DeepSeek-R1-Distill-Qwen-7B
27,0.1110420376062393,0.2741159200668335,awq,deepseek-ai_DeepSeek-R1-Distill-Qwen-7B
0,0.0234628356993198,0.0193785335868597,hqq,deepseek-ai_DeepSeek-R1-Distill-Qwen-7B
1,0.0305710975080728,0.0271562207490205,hqq,deepseek-ai_DeepSeek-R1-Distill-Qwen-7B
2,0.0342709422111511,0.0286935735493898,hqq,deepseek-ai_DeepSeek-R1-Distill-Qwen-7B
3,0.0428334735333919,0.0364642888307571,hqq,deepseek-ai_DeepSeek-R1-Distill-Qwen-7B
4,0.0518424287438392,0.0506201721727848,hqq,deepseek-ai_DeepSeek-R1-Distill-Qwen-7B
5,0.0564911663532257,0.0731648504734039,hqq,deepseek-ai_DeepSeek-R1-Distill-Qwen-7B
6,0.0677935108542442,0.0904068276286125,hqq,deepseek-ai_DeepSeek-R1-Distill-Qwen-7B
7,0.0725248381495475,0.0820787250995636,hqq,deepseek-ai_DeepSeek-R1-Distill-Qwen-7B
8,0.0775607749819755,0.0818658545613288,hqq,deepseek-ai_DeepSeek-R1-Distill-Qwen-7B
9,0.0823397859930992,0.0783052295446395,hqq,deepseek-ai_DeepSeek-R1-Distill-Qwen-7B
10,0.0850396677851677,0.087010309100151,hqq,deepseek-ai_DeepSeek-R1-Distill-Qwen-7B
11,0.0940570160746574,0.1043705865740776,hqq,deepseek-ai_DeepSeek-R1-Distill-Qwen-7B
12,0.09743532538414,0.0979977846145629,hqq,deepseek-ai_DeepSeek-R1-Distill-Qwen-7B
13,0.0931304693222045,0.0827051699161529,hqq,deepseek-ai_DeepSeek-R1-Distill-Qwen-7B
14,0.0983499586582183,0.0925654172897338,hqq,deepseek-ai_DeepSeek-R1-Distill-Qwen-7B
15,0.0980574414134025,0.0904812067747116,hqq,deepseek-ai_DeepSeek-R1-Distill-Qwen-7B
16,0.1048820838332176,0.1200367510318756,hqq,deepseek-ai_DeepSeek-R1-Distill-Qwen-7B
17,0.1152838021516799,0.1256553530693054,hqq,deepseek-ai_DeepSeek-R1-Distill-Qwen-7B
18,0.1051326915621757,0.1388231813907623,hqq,deepseek-ai_DeepSeek-R1-Distill-Qwen-7B
19,0.1045611947774887,0.1421631574630737,hqq,deepseek-ai_DeepSeek-R1-Distill-Qwen-7B
20,0.1000929251313209,0.1356265097856521,hqq,deepseek-ai_DeepSeek-R1-Distill-Qwen-7B
21,0.0979576706886291,0.1313782930374145,hqq,deepseek-ai_DeepSeek-R1-Distill-Qwen-7B
22,0.102009542286396,0.1347680240869522,hqq,deepseek-ai_DeepSeek-R1-Distill-Qwen-7B
23,0.0886356011033058,0.1163227781653404,hqq,deepseek-ai_DeepSeek-R1-Distill-Qwen-7B
24,0.0918372571468353,0.1425507664680481,hqq,deepseek-ai_DeepSeek-R1-Distill-Qwen-7B
25,0.0921559855341911,0.1342735737562179,hqq,deepseek-ai_DeepSeek-R1-Distill-Qwen-7B
26,0.0733878314495086,0.1084540262818336,hqq,deepseek-ai_DeepSeek-R1-Distill-Qwen-7B
27,0.0845593959093093,0.1785682439804077,hqq,deepseek-ai_DeepSeek-R1-Distill-Qwen-7B
0,0.00091803266,0.0006597079,fp8,Qwen_Qwen3-32B
1,0.0010504707,0.0008188656,fp8,Qwen_Qwen3-32B
2,0.0011906177,0.0010579893,fp8,Qwen_Qwen3-32B
3,0.0013253778,0.0011609269,fp8,Qwen_Qwen3-32B
4,0.0014225935,0.0013018536,fp8,Qwen_Qwen3-32B
5,0.0015542862,0.0013888251,fp8,Qwen_Qwen3-32B
6,0.0017501387,0.0015248656,fp8,Qwen_Qwen3-32B
7,0.002108622,0.0020401874,fp8,Qwen_Qwen3-32B
8,0.0020299628,0.0020499094,fp8,Qwen_Qwen3-32B
9,0.0018809049,0.0019476647,fp8,Qwen_Qwen3-32B
10,0.002107346,0.0021541815,fp8,Qwen_Qwen3-32B
11,0.002492035,0.0024327182,fp8,Qwen_Qwen3-32B
12,0.0026796083,0.0026851727,fp8,Qwen_Qwen3-32B
13,0.0027731156,0.0027698993,fp8,Qwen_Qwen3-32B
14,0.0027497665,0.0025930423,fp8,Qwen_Qwen3-32B
15,0.0028150342,0.0026237904,fp8,Qwen_Qwen3-32B
16,0.002814941,0.0024668563,fp8,Qwen_Qwen3-32B
17,0.0029698948,0.0025222101,fp8,Qwen_Qwen3-32B
18,0.003095856,0.0026225587,fp8,Qwen_Qwen3-32B
19,0.0032256532,0.0026168907,fp8,Qwen_Qwen3-32B
20,0.0033866125,0.0027942273,fp8,Qwen_Qwen3-32B
21,0.0034442921,0.0027958264,fp8,Qwen_Qwen3-32B
22,0.0037496714,0.0030573274,fp8,Qwen_Qwen3-32B
23,0.003912452,0.0032385578,fp8,Qwen_Qwen3-32B
24,0.0042079347,0.003480736,fp8,Qwen_Qwen3-32B
25,0.0044097947,0.0035613861,fp8,Qwen_Qwen3-32B
26,0.004763521,0.00409297,fp8,Qwen_Qwen3-32B
27,0.0049697002,0.0042067138,fp8,Qwen_Qwen3-32B
28,0.005303566,0.0047442266,fp8,Qwen_Qwen3-32B
29,0.0058380235,0.0077440785,fp8,Qwen_Qwen3-32B
30,0.006144581,0.00820904,fp8,Qwen_Qwen3-32B
31,0.0064063724,0.009238349,fp8,Qwen_Qwen3-32B
32,0.006309211,0.013647462,fp8,Qwen_Qwen3-32B
33,0.0061491327,0.00930445,fp8,Qwen_Qwen3-32B
34,0.006794903,0.008857097,fp8,Qwen_Qwen3-32B
35,0.00763779,0.009079584,fp8,Qwen_Qwen3-32B
36,0.008026114,0.008924563,fp8,Qwen_Qwen3-32B
37,0.008244677,0.010517951,fp8,Qwen_Qwen3-32B
38,0.008073816,0.011225967,fp8,Qwen_Qwen3-32B
39,0.008266211,0.011218321,fp8,Qwen_Qwen3-32B
40,0.008522024,0.010057782,fp8,Qwen_Qwen3-32B
41,0.008693769,0.010273825,fp8,Qwen_Qwen3-32B
42,0.009210068,0.009556555,fp8,Qwen_Qwen3-32B
43,0.010342182,0.023055684,fp8,Qwen_Qwen3-32B
44,0.010489246,0.018278128,fp8,Qwen_Qwen3-32B
45,0.012412123,0.033731494,fp8,Qwen_Qwen3-32B
46,0.012749491,0.031074619,fp8,Qwen_Qwen3-32B
47,0.0135260215,0.034617152,fp8,Qwen_Qwen3-32B
48,0.015965613,0.058542315,fp8,Qwen_Qwen3-32B
49,0.018095538,0.079368025,fp8,Qwen_Qwen3-32B
50,0.019166226,0.065543234,fp8,Qwen_Qwen3-32B
51,0.020290969,0.06768888,fp8,Qwen_Qwen3-32B
52,0.02314038,0.1202519,fp8,Qwen_Qwen3-32B
53,0.024739524,0.09215144,fp8,Qwen_Qwen3-32B
54,0.026965635,0.10463712,fp8,Qwen_Qwen3-32B
55,0.028247833,0.100161925,fp8,Qwen_Qwen3-32B
56,0.027641417,0.08783346,fp8,Qwen_Qwen3-32B
57,0.030315027,0.104077764,fp8,Qwen_Qwen3-32B
58,0.02985933,0.109619826,fp8,Qwen_Qwen3-32B
59,0.028822605,0.08477342,fp8,Qwen_Qwen3-32B
60,0.027879067,0.07649629,fp8,Qwen_Qwen3-32B
61,0.02334833,0.06965816,fp8,Qwen_Qwen3-32B
62,0.015923012,0.1256154,fp8,Qwen_Qwen3-32B
63,0.010125068,0.030740758,fp8,Qwen_Qwen3-32B
0,0.007197084,0.0062833535,int4,Qwen_Qwen3-32B
1,0.0082940515,0.0077717085,int4,Qwen_Qwen3-32B
2,0.009645614,0.009360526,int4,Qwen_Qwen3-32B
3,0.011951192,0.0115913395,int4,Qwen_Qwen3-32B
4,0.013143228,0.014796873,int4,Qwen_Qwen3-32B
5,0.015987137,0.017448654,int4,Qwen_Qwen3-32B
6,0.01796619,0.017276729,int4,Qwen_Qwen3-32B
7,0.021994505,0.021065928,int4,Qwen_Qwen3-32B
8,0.022653867,0.022514263,int4,Qwen_Qwen3-32B
9,0.020984383,0.02181449,int4,Qwen_Qwen3-32B
10,0.023158846,0.024263835,int4,Qwen_Qwen3-32B
11,0.026772317,0.026053602,int4,Qwen_Qwen3-32B
12,0.029271217,0.028835079,int4,Qwen_Qwen3-32B
13,0.030344484,0.030023534,int4,Qwen_Qwen3-32B
14,0.03166255,0.031732224,int4,Qwen_Qwen3-32B
15,0.031151038,0.030409377,int4,Qwen_Qwen3-32B
16,0.03154079,0.030418627,int4,Qwen_Qwen3-32B
17,0.032297496,0.030344049,int4,Qwen_Qwen3-32B
18,0.033675432,0.032085314,int4,Qwen_Qwen3-32B
19,0.034434885,0.030307125,int4,Qwen_Qwen3-32B
20,0.035684023,0.029415956,int4,Qwen_Qwen3-32B
21,0.03743366,0.0316914,int4,Qwen_Qwen3-32B
22,0.04024205,0.033831667,int4,Qwen_Qwen3-32B
23,0.042062752,0.03524891,int4,Qwen_Qwen3-32B
24,0.04442811,0.03588884,int4,Qwen_Qwen3-32B
25,0.04682702,0.038761746,int4,Qwen_Qwen3-32B
26,0.048988376,0.041205782,int4,Qwen_Qwen3-32B
27,0.05184837,0.04526304,int4,Qwen_Qwen3-32B
28,0.05593382,0.047000963,int4,Qwen_Qwen3-32B
29,0.058883987,0.06154687,int4,Qwen_Qwen3-32B
30,0.062612355,0.07022445,int4,Qwen_Qwen3-32B
31,0.068414554,0.115015835,int4,Qwen_Qwen3-32B
32,0.065838225,0.06587086,int4,Qwen_Qwen3-32B
33,0.06649553,0.06685243,int4,Qwen_Qwen3-32B
34,0.07128354,0.07285719,int4,Qwen_Qwen3-32B
35,0.07906121,0.071682185,int4,Qwen_Qwen3-32B
36,0.08195005,0.08137536,int4,Qwen_Qwen3-32B
37,0.08284614,0.104866795,int4,Qwen_Qwen3-32B
38,0.08631907,0.13506067,int4,Qwen_Qwen3-32B
39,0.084851,0.092060894,int4,Qwen_Qwen3-32B
40,0.08593123,0.08663347,int4,Qwen_Qwen3-32B
41,0.08777393,0.08738401,int4,Qwen_Qwen3-32B
42,0.09244335,0.097062506,int4,Qwen_Qwen3-32B
43,0.10301523,0.102749854,int4,Qwen_Qwen3-32B
44,0.10777555,0.099842474,int4,Qwen_Qwen3-32B
45,0.12034867,0.12752919,int4,Qwen_Qwen3-32B
46,0.12662072,0.13319162,int4,Qwen_Qwen3-32B
47,0.1284982,0.13780953,int4,Qwen_Qwen3-32B
48,0.1463055,0.17833589,int4,Qwen_Qwen3-32B
49,0.15616104,0.19468993,int4,Qwen_Qwen3-32B
50,0.17146748,0.22782546,int4,Qwen_Qwen3-32B
51,0.184,0.31257325,int4,Qwen_Qwen3-32B
52,0.20077418,0.361055,int4,Qwen_Qwen3-32B
53,0.2079402,0.35966042,int4,Qwen_Qwen3-32B
54,0.23544884,0.46830952,int4,Qwen_Qwen3-32B
55,0.25426632,0.5267909,int4,Qwen_Qwen3-32B
56,0.255667,0.5726806,int4,Qwen_Qwen3-32B
57,0.26572943,0.5535051,int4,Qwen_Qwen3-32B
58,0.2617254,0.51586205,int4,Qwen_Qwen3-32B
59,0.2713199,0.61112183,int4,Qwen_Qwen3-32B
60,0.2679845,0.5612879,int4,Qwen_Qwen3-32B
61,0.22189726,0.4270233,int4,Qwen_Qwen3-32B
62,0.14162175,0.40185407,int4,Qwen_Qwen3-32B
63,0.12316795,0.25220463,int4,Qwen_Qwen3-32B
0,8.519223e-06,4.7274796e-05,float16,Qwen_Qwen3-32B
1,8.234298e-05,0.00017310133,float16,Qwen_Qwen3-32B
2,0.00015098293,0.00021097896,float16,Qwen_Qwen3-32B
3,0.00019771542,0.00021740586,float16,Qwen_Qwen3-32B
4,0.0002402931,0.00022513089,float16,Qwen_Qwen3-32B
5,0.00027367476,0.00024732234,float16,Qwen_Qwen3-32B
6,0.00029295852,0.00024625185,float16,Qwen_Qwen3-32B
7,0.00030992232,0.00026490493,float16,Qwen_Qwen3-32B
8,0.00028919338,0.00025051885,float16,Qwen_Qwen3-32B
9,0.00028976012,0.00026273957,float16,Qwen_Qwen3-32B
10,0.00032838614,0.0002923823,float16,Qwen_Qwen3-32B
11,0.0003600123,0.00029635575,float16,Qwen_Qwen3-32B
12,0.00040205906,0.0003289093,float16,Qwen_Qwen3-32B
13,0.0004146473,0.0003390643,float16,Qwen_Qwen3-32B
14,0.00040692373,0.0003091746,float16,Qwen_Qwen3-32B
15,0.00041353013,0.00031672374,float16,Qwen_Qwen3-32B
16,0.00044639813,0.00033530637,float16,Qwen_Qwen3-32B
17,0.0004715504,0.0003544452,float16,Qwen_Qwen3-32B
18,0.00049317617,0.00036210005,float16,Qwen_Qwen3-32B
19,0.00051663927,0.00036832594,float16,Qwen_Qwen3-32B
20,0.00052644586,0.00037773533,float16,Qwen_Qwen3-32B
21,0.0005456589,0.0004044264,float16,Qwen_Qwen3-32B
22,0.0005565413,0.00040611005,float16,Qwen_Qwen3-32B
23,0.00059922267,0.0004278311,float16,Qwen_Qwen3-32B
24,0.00062471407,0.00047050643,float16,Qwen_Qwen3-32B
25,0.0006272147,0.00045627786,float16,Qwen_Qwen3-32B
26,0.00065857545,0.00048701357,float16,Qwen_Qwen3-32B
27,0.0006758819,0.00052208774,float16,Qwen_Qwen3-32B
28,0.0007058024,0.00054598844,float16,Qwen_Qwen3-32B
29,0.00072810845,0.0005564194,float16,Qwen_Qwen3-32B
30,0.0007731468,0.00063868973,float16,Qwen_Qwen3-32B
31,0.0008283142,0.0006999118,float16,Qwen_Qwen3-32B
32,0.00080176647,0.0006495146,float16,Qwen_Qwen3-32B
33,0.0007966459,0.0006391114,float16,Qwen_Qwen3-32B
34,0.0008330602,0.00065597234,float16,Qwen_Qwen3-32B
35,0.0008842566,0.0007121759,float16,Qwen_Qwen3-32B
36,0.00095117925,0.0008267587,float16,Qwen_Qwen3-32B
37,0.0009298852,0.00082140364,float16,Qwen_Qwen3-32B
38,0.0009424821,0.00085425907,float16,Qwen_Qwen3-32B
39,0.0009520926,0.0008906015,float16,Qwen_Qwen3-32B
40,0.0010043604,0.00090366806,float16,Qwen_Qwen3-32B
41,0.001020678,0.0008725433,float16,Qwen_Qwen3-32B
42,0.0010516982,0.00087111833,float16,Qwen_Qwen3-32B
43,0.0010877824,0.0009758215,float16,Qwen_Qwen3-32B
44,0.0010969143,0.0009438665,float16,Qwen_Qwen3-32B
45,0.00119572,0.0010284141,float16,Qwen_Qwen3-32B
46,0.0012406692,0.001400561,float16,Qwen_Qwen3-32B
47,0.001322121,0.0016672723,float16,Qwen_Qwen3-32B
48,0.0014520052,0.0021260905,float16,Qwen_Qwen3-32B
49,0.0015682722,0.0029565513,float16,Qwen_Qwen3-32B
50,0.0015791638,0.0020963878,float16,Qwen_Qwen3-32B
51,0.0017469482,0.0029626396,float16,Qwen_Qwen3-32B
52,0.0019698027,0.0037440222,float16,Qwen_Qwen3-32B
53,0.0020337398,0.0041087824,float16,Qwen_Qwen3-32B
54,0.0022907923,0.0067635467,float16,Qwen_Qwen3-32B
55,0.0023846796,0.005939333,float16,Qwen_Qwen3-32B
56,0.0026218316,0.009370084,float16,Qwen_Qwen3-32B
57,0.0027298708,0.00712621,float16,Qwen_Qwen3-32B
58,0.002721366,0.0073236567,float16,Qwen_Qwen3-32B
59,0.0027456908,0.008275583,float16,Qwen_Qwen3-32B
60,0.0025173856,0.006180792,float16,Qwen_Qwen3-32B
61,0.0019240375,0.003872471,float16,Qwen_Qwen3-32B
62,0.0012418911,0.002899855,float16,Qwen_Qwen3-32B
63,0.0011963772,0.002340716,float16,Qwen_Qwen3-32B
0,0.0004308922,0.00032748526,int8,Qwen_Qwen3-32B
1,0.0005042014,0.00035188594,int8,Qwen_Qwen3-32B
2,0.0005668448,0.0004176963,int8,Qwen_Qwen3-32B
3,0.00060859387,0.0004255936,int8,Qwen_Qwen3-32B
4,0.000615691,0.00039441907,int8,Qwen_Qwen3-32B
5,0.00070097495,0.0004846193,int8,Qwen_Qwen3-32B
6,0.0007825713,0.0005914578,int8,Qwen_Qwen3-32B
7,0.0008689822,0.0007102208,int8,Qwen_Qwen3-32B
8,0.00085921603,0.00070891937,int8,Qwen_Qwen3-32B
9,0.00083763094,0.00077028375,int8,Qwen_Qwen3-32B
10,0.0009148552,0.0007751135,int8,Qwen_Qwen3-32B
11,0.0010378786,0.00081542437,int8,Qwen_Qwen3-32B
12,0.001096342,0.00089430885,int8,Qwen_Qwen3-32B
13,0.0011573717,0.0009880768,int8,Qwen_Qwen3-32B
14,0.0011295232,0.0008936145,int8,Qwen_Qwen3-32B
15,0.0011791099,0.0009215922,int8,Qwen_Qwen3-32B
16,0.0012033461,0.0009541265,int8,Qwen_Qwen3-32B
17,0.0012443512,0.00092710333,int8,Qwen_Qwen3-32B
18,0.0012785073,0.0009712387,int8,Qwen_Qwen3-32B
19,0.0013728087,0.001014878,int8,Qwen_Qwen3-32B
20,0.00140409,0.001059977,int8,Qwen_Qwen3-32B
21,0.0014339634,0.0010939599,int8,Qwen_Qwen3-32B
22,0.001551152,0.0011694243,int8,Qwen_Qwen3-32B
23,0.0016372632,0.001283297,int8,Qwen_Qwen3-32B
24,0.00171089,0.0014862005,int8,Qwen_Qwen3-32B
25,0.001762182,0.0015917491,int8,Qwen_Qwen3-32B
26,0.00186362,0.0015858026,int8,Qwen_Qwen3-32B
27,0.0018633978,0.0015174629,int8,Qwen_Qwen3-32B
28,0.0019843366,0.0017139775,int8,Qwen_Qwen3-32B
29,0.0020942544,0.0018180279,int8,Qwen_Qwen3-32B
30,0.0022753675,0.0024046504,int8,Qwen_Qwen3-32B
31,0.0024127525,0.0024777867,int8,Qwen_Qwen3-32B
32,0.0023337896,0.00231001,int8,Qwen_Qwen3-32B
33,0.002290524,0.002260199,int8,Qwen_Qwen3-32B
34,0.0024351387,0.0025232048,int8,Qwen_Qwen3-32B
35,0.002697086,0.002512042,int8,Qwen_Qwen3-32B
36,0.0028566106,0.0027195495,int8,Qwen_Qwen3-32B
37,0.0027290096,0.0023684525,int8,Qwen_Qwen3-32B
38,0.002889359,0.0030655025,int8,Qwen_Qwen3-32B
39,0.002900184,0.0033907695,int8,Qwen_Qwen3-32B
40,0.0029072233,0.0033181976,int8,Qwen_Qwen3-32B
41,0.0028745679,0.0027576534,int8,Qwen_Qwen3-32B
42,0.0031758533,0.003519912,int8,Qwen_Qwen3-32B
43,0.0033880277,0.0033425838,int8,Qwen_Qwen3-32B
44,0.0035908625,0.0035852287,int8,Qwen_Qwen3-32B
45,0.004002615,0.005359154,int8,Qwen_Qwen3-32B
46,0.004292537,0.005209,int8,Qwen_Qwen3-32B
47,0.0044049765,0.00673671,int8,Qwen_Qwen3-32B
48,0.005022807,0.013973009,int8,Qwen_Qwen3-32B
49,0.0054944847,0.014978975,int8,Qwen_Qwen3-32B
50,0.006116113,0.023654323,int8,Qwen_Qwen3-32B
51,0.0071921544,0.045829568,int8,Qwen_Qwen3-32B
52,0.007564452,0.03477326,int8,Qwen_Qwen3-32B
53,0.009048092,0.08894825,int8,Qwen_Qwen3-32B
54,0.009823697,0.072151475,int8,Qwen_Qwen3-32B
55,0.009481034,0.046775896,int8,Qwen_Qwen3-32B
56,0.009495008,0.030156886,int8,Qwen_Qwen3-32B
57,0.01033511,0.056706034,int8,Qwen_Qwen3-32B
58,0.011530481,0.09290394,int8,Qwen_Qwen3-32B
59,0.011719733,0.09994794,int8,Qwen_Qwen3-32B
60,0.010374512,0.04610565,int8,Qwen_Qwen3-32B
61,0.0084869955,0.039095744,int8,Qwen_Qwen3-32B
62,0.0048936787,0.0124014355,int8,Qwen_Qwen3-32B
63,0.0036735628,0.0072330926,int8,Qwen_Qwen3-32B
0,0.14253318,0.24805354,hqq,google_gemma-3-1b-it
1,0.12670772,0.23282094,hqq,google_gemma-3-1b-it
2,0.12931004,0.24298248,hqq,google_gemma-3-1b-it
3,0.09180224,0.13555072,hqq,google_gemma-3-1b-it
4,0.074403025,0.09745717,hqq,google_gemma-3-1b-it
5,0.066134766,0.08800123,hqq,google_gemma-3-1b-it
6,0.07184588,0.100360885,hqq,google_gemma-3-1b-it
7,0.07220566,0.1095494,hqq,google_gemma-3-1b-it
8,0.04676625,0.0719339,hqq,google_gemma-3-1b-it
9,0.04788233,0.07839257,hqq,google_gemma-3-1b-it
10,0.04681454,0.07409999,hqq,google_gemma-3-1b-it
11,0.058024865,0.08881638,hqq,google_gemma-3-1b-it
12,0.06699353,0.10702401,hqq,google_gemma-3-1b-it
13,0.08256044,0.119384244,hqq,google_gemma-3-1b-it
14,0.09017628,0.13145757,hqq,google_gemma-3-1b-it
15,0.10928528,0.17093182,hqq,google_gemma-3-1b-it
16,0.1718777,0.2970731,hqq,google_gemma-3-1b-it
17,0.26982144,0.52763194,hqq,google_gemma-3-1b-it
18,0.308101,0.6188891,hqq,google_gemma-3-1b-it
19,0.2763368,0.60860986,hqq,google_gemma-3-1b-it
20,0.28960615,0.6353353,hqq,google_gemma-3-1b-it
21,0.2752727,0.5976591,hqq,google_gemma-3-1b-it
22,0.25345314,0.54136246,hqq,google_gemma-3-1b-it
23,0.25999385,0.5923749,hqq,google_gemma-3-1b-it
24,0.21767163,0.4330378,hqq,google_gemma-3-1b-it
25,0.241839,0.5054279,hqq,google_gemma-3-1b-it
0,0.013986748,0.024356317,fp8,google_gemma-3-1b-it
1,0.013554504,0.024753977,fp8,google_gemma-3-1b-it
2,0.013695512,0.026615096,fp8,google_gemma-3-1b-it
3,0.008380624,0.012423921,fp8,google_gemma-3-1b-it
4,0.006525132,0.008680821,fp8,google_gemma-3-1b-it
5,0.005773702,0.009527198,fp8,google_gemma-3-1b-it
6,0.005915306,0.010925761,fp8,google_gemma-3-1b-it
7,0.005439375,0.00867834,fp8,google_gemma-3-1b-it
8,0.003696594,0.008024677,fp8,google_gemma-3-1b-it
9,0.0041316166,0.01711538,fp8,google_gemma-3-1b-it
10,0.0041197496,0.0114671085,fp8,google_gemma-3-1b-it
11,0.005327642,0.016107712,fp8,google_gemma-3-1b-it
12,0.0061078356,0.017808272,fp8,google_gemma-3-1b-it
13,0.0075148484,0.018035216,fp8,google_gemma-3-1b-it
14,0.008144049,0.016742088,fp8,google_gemma-3-1b-it
15,0.010558921,0.032700334,fp8,google_gemma-3-1b-it
16,0.017510045,0.05314562,fp8,google_gemma-3-1b-it
17,0.029036129,0.098764636,fp8,google_gemma-3-1b-it
18,0.030181408,0.09018649,fp8,google_gemma-3-1b-it
19,0.025794862,0.07056953,fp8,google_gemma-3-1b-it
20,0.02704095,0.07260224,fp8,google_gemma-3-1b-it
21,0.025650356,0.07371668,fp8,google_gemma-3-1b-it
22,0.023893762,0.06666878,fp8,google_gemma-3-1b-it
23,0.024503034,0.068063386,fp8,google_gemma-3-1b-it
24,0.020524958,0.05227885,fp8,google_gemma-3-1b-it
25,0.025833955,0.08564493,fp8,google_gemma-3-1b-it
0,0.10667549,0.20790188,int4,google_gemma-3-1b-it
1,0.10714339,0.20961788,int4,google_gemma-3-1b-it
2,0.10775842,0.21213612,int4,google_gemma-3-1b-it
3,0.08523099,0.13277842,int4,google_gemma-3-1b-it
4,0.068271935,0.10142198,int4,google_gemma-3-1b-it
5,0.06284931,0.08688237,int4,google_gemma-3-1b-it
6,0.0689439,0.102860466,int4,google_gemma-3-1b-it
7,0.06848416,0.101419285,int4,google_gemma-3-1b-it
8,0.0420783,0.07116924,int4,google_gemma-3-1b-it
9,0.04290297,0.073176466,int4,google_gemma-3-1b-it
10,0.042766087,0.07816974,int4,google_gemma-3-1b-it
11,0.052283376,0.103375554,int4,google_gemma-3-1b-it
12,0.06096714,0.12726824,int4,google_gemma-3-1b-it
13,0.07411674,0.124093495,int4,google_gemma-3-1b-it
14,0.07930274,0.1223113,int4,google_gemma-3-1b-it
15,0.10222867,0.1752523,int4,google_gemma-3-1b-it
16,0.16082531,0.2982164,int4,google_gemma-3-1b-it
17,0.25021902,0.53050613,int4,google_gemma-3-1b-it
18,0.2707363,0.56352407,int4,google_gemma-3-1b-it
19,0.24484655,0.5768988,int4,google_gemma-3-1b-it
20,0.24283578,0.5210058,int4,google_gemma-3-1b-it
21,0.23236829,0.4836628,int4,google_gemma-3-1b-it
22,0.21772389,0.4558911,int4,google_gemma-3-1b-it
23,0.22823553,0.52844006,int4,google_gemma-3-1b-it
24,0.18797584,0.38406375,int4,google_gemma-3-1b-it
25,0.22408235,0.51637375,int4,google_gemma-3-1b-it
0,7.1538864e-08,1.6671363e-06,float16,google_gemma-3-1b-it
1,0.00012593892,0.00085727917,float16,google_gemma-3-1b-it
2,0.0005632065,0.0019696993,float16,google_gemma-3-1b-it
3,0.00053758064,0.0012272365,float16,google_gemma-3-1b-it
4,0.00050666375,0.0008725124,float16,google_gemma-3-1b-it
5,0.00047907364,0.0006792634,float16,google_gemma-3-1b-it
6,0.00043407077,0.000463495,float16,google_gemma-3-1b-it
7,0.00041289104,0.00043349963,float16,google_gemma-3-1b-it
8,0.00022253863,0.00022575198,float16,google_gemma-3-1b-it
9,0.0002052345,0.0002737301,float16,google_gemma-3-1b-it
10,0.00020693612,0.00036786692,float16,google_gemma-3-1b-it
11,0.00024324955,0.00040059412,float16,google_gemma-3-1b-it
12,0.00029154491,0.00062162825,float16,google_gemma-3-1b-it
13,0.00037007802,0.0010349391,float16,google_gemma-3-1b-it
14,0.00039811697,0.0010657959,float16,google_gemma-3-1b-it
15,0.00046047274,0.00061047473,float16,google_gemma-3-1b-it
16,0.0006439967,0.001413113,float16,google_gemma-3-1b-it
17,0.0011611714,0.005837205,float16,google_gemma-3-1b-it
18,0.0011375926,0.0023891134,float16,google_gemma-3-1b-it
19,0.001000932,0.0016779578,float16,google_gemma-3-1b-it
20,0.0010044585,0.0018192816,float16,google_gemma-3-1b-it
21,0.0010144409,0.0023673503,float16,google_gemma-3-1b-it
22,0.0009319875,0.002680527,float16,google_gemma-3-1b-it
23,0.00093546644,0.0019863104,float16,google_gemma-3-1b-it
24,0.00082243094,0.0016600022,float16,google_gemma-3-1b-it
25,0.0010127496,0.0026988809,float16,google_gemma-3-1b-it
0,0.004419112,0.007318429,int8,google_gemma-3-1b-it
1,0.0046212752,0.007932771,int8,google_gemma-3-1b-it
2,0.004361281,0.0068183593,int8,google_gemma-3-1b-it
3,0.0028456154,0.003591127,int8,google_gemma-3-1b-it
4,0.002218175,0.0027099464,int8,google_gemma-3-1b-it
5,0.0019136105,0.0022968731,int8,google_gemma-3-1b-it
6,0.0018850081,0.00222891,int8,google_gemma-3-1b-it
7,0.001702667,0.0021189565,int8,google_gemma-3-1b-it
8,0.001035668,0.0013882476,int8,google_gemma-3-1b-it
9,0.0010330272,0.0020080796,int8,google_gemma-3-1b-it
10,0.0011035972,0.0022038554,int8,google_gemma-3-1b-it
11,0.0013799446,0.0031948683,int8,google_gemma-3-1b-it
12,0.0016539418,0.0038136023,int8,google_gemma-3-1b-it
13,0.0019096936,0.00405929,int8,google_gemma-3-1b-it
14,0.002047688,0.0039030255,int8,google_gemma-3-1b-it
15,0.0024961636,0.0048835054,int8,google_gemma-3-1b-it
16,0.00430446,0.0089852195,int8,google_gemma-3-1b-it
17,0.0072125685,0.021424802,int8,google_gemma-3-1b-it
18,0.008030663,0.02972876,int8,google_gemma-3-1b-it
19,0.006892105,0.02166789,int8,google_gemma-3-1b-it
20,0.006866065,0.019345243,int8,google_gemma-3-1b-it
21,0.0066790534,0.021810135,int8,google_gemma-3-1b-it
22,0.006323514,0.020973325,int8,google_gemma-3-1b-it
23,0.006362886,0.022186188,int8,google_gemma-3-1b-it
24,0.0053166184,0.016328415,int8,google_gemma-3-1b-it
25,0.00645996,0.025170268,int8,google_gemma-3-1b-it
0,0.13248676,0.27450562,gptq,google_gemma-3-1b-it
1,0.1382222,0.2850522,gptq,google_gemma-3-1b-it
2,0.13021691,0.269866,gptq,google_gemma-3-1b-it
3,0.10430379,0.1917002,gptq,google_gemma-3-1b-it
4,0.07963515,0.13419567,gptq,google_gemma-3-1b-it
5,0.07948829,0.13585044,gptq,google_gemma-3-1b-it
6,0.08354188,0.13606551,gptq,google_gemma-3-1b-it
7,0.07768834,0.14362337,gptq,google_gemma-3-1b-it
8,0.049953084,0.07941611,gptq,google_gemma-3-1b-it
9,0.051668297,0.09427365,gptq,google_gemma-3-1b-it
10,0.048933033,0.08429997,gptq,google_gemma-3-1b-it
11,0.062286556,0.123208545,gptq,google_gemma-3-1b-it
12,0.06960029,0.13506262,gptq,google_gemma-3-1b-it
13,0.08235011,0.13542156,gptq,google_gemma-3-1b-it
14,0.086051434,0.13634486,gptq,google_gemma-3-1b-it
15,0.10614302,0.15823305,gptq,google_gemma-3-1b-it
16,0.16549484,0.27386647,gptq,google_gemma-3-1b-it
17,0.25775397,0.48416552,gptq,google_gemma-3-1b-it
18,0.2796723,0.5283034,gptq,google_gemma-3-1b-it
19,0.25234497,0.47038135,gptq,google_gemma-3-1b-it
20,0.26622486,0.4882791,gptq,google_gemma-3-1b-it
21,0.2572815,0.5010369,gptq,google_gemma-3-1b-it
22,0.24214926,0.5107325,gptq,google_gemma-3-1b-it
23,0.25339332,0.64504105,gptq,google_gemma-3-1b-it
24,0.21487376,0.49886015,gptq,google_gemma-3-1b-it
25,0.2493486,0.54061395,gptq,google_gemma-3-1b-it
0,5.599970817565918,5.935726642608643,awq,google_gemma-3-1b-it
1,6.06900691986084,6.14345645904541,awq,google_gemma-3-1b-it
2,5.854916572570801,5.863351345062256,awq,google_gemma-3-1b-it
3,4.627083778381348,3.954510927200317,awq,google_gemma-3-1b-it
4,3.823331356048584,3.102525472640991,awq,google_gemma-3-1b-it
5,2.1783103942871094,1.6158249378204346,awq,google_gemma-3-1b-it
6,2.084951162338257,1.5340511798858645,awq,google_gemma-3-1b-it
7,1.1659905910491943,0.8586223721504211,awq,google_gemma-3-1b-it
8,0.7035315036773682,0.4940577149391174,awq,google_gemma-3-1b-it
9,0.6266047358512878,0.4141173362731933,awq,google_gemma-3-1b-it
10,0.6374148726463318,0.4306642413139343,awq,google_gemma-3-1b-it
11,0.9286199808120728,0.6494444608688354,awq,google_gemma-3-1b-it
12,0.915810763835907,0.6671026349067688,awq,google_gemma-3-1b-it
13,1.079816460609436,0.7676212787628174,awq,google_gemma-3-1b-it
14,1.1860898733139038,0.8805109858512878,awq,google_gemma-3-1b-it
15,1.3619725704193115,0.9156331419944764,awq,google_gemma-3-1b-it
16,2.315657138824463,1.614011287689209,awq,google_gemma-3-1b-it
17,2.5159006118774414,1.6143122911453247,awq,google_gemma-3-1b-it
18,2.4658291339874268,1.6140364408493042,awq,google_gemma-3-1b-it
19,2.73970365524292,1.8136513233184812,awq,google_gemma-3-1b-it
20,2.9468884468078613,1.9612857103347776,awq,google_gemma-3-1b-it
21,3.319584846496582,2.21772575378418,awq,google_gemma-3-1b-it
22,3.700929880142212,2.554185390472412,awq,google_gemma-3-1b-it
23,3.87134051322937,2.64449143409729,awq,google_gemma-3-1b-it
24,7.343095779418945,4.688162803649902,awq,google_gemma-3-1b-it
25,5.9964141845703125,4.038692951202393,awq,google_gemma-3-1b-it
0,0.3267556,1.0771924,hqq,google_gemma-3-270m-it
1,0.09159245,0.15477253,hqq,google_gemma-3-270m-it
2,0.17519799,0.33244583,hqq,google_gemma-3-270m-it
3,0.25316003,0.36665776,hqq,google_gemma-3-270m-it
4,0.27084473,0.36689797,hqq,google_gemma-3-270m-it
5,0.18775634,0.19918731,hqq,google_gemma-3-270m-it
6,0.22650962,0.2545799,hqq,google_gemma-3-270m-it
7,0.1514617,0.1803273,hqq,google_gemma-3-270m-it
8,0.15152998,0.1670387,hqq,google_gemma-3-270m-it
9,0.18711658,0.21332176,hqq,google_gemma-3-270m-it
10,0.24023347,0.24772376,hqq,google_gemma-3-270m-it
11,0.4708787,0.64089715,hqq,google_gemma-3-270m-it
12,0.6958889,1.0784941,hqq,google_gemma-3-270m-it
13,0.512973,0.63527584,hqq,google_gemma-3-270m-it
14,0.52262104,0.7015045,hqq,google_gemma-3-270m-it
15,0.5684279,0.7678635,hqq,google_gemma-3-270m-it
16,0.38353598,0.54073507,hqq,google_gemma-3-270m-it
17,0.48607057,0.7283997,hqq,google_gemma-3-270m-it
0,0.035603262,0.22973539,fp8,google_gemma-3-270m-it
1,0.008299369,0.012799639,fp8,google_gemma-3-270m-it
2,0.014472977,0.026041543,fp8,google_gemma-3-270m-it
3,0.019158447,0.032057445,fp8,google_gemma-3-270m-it
4,0.01700762,0.023596544,fp8,google_gemma-3-270m-it
5,0.012568685,0.01630999,fp8,google_gemma-3-270m-it
6,0.015828976,0.022941539,fp8,google_gemma-3-270m-it
7,0.008978579,0.019521972,fp8,google_gemma-3-270m-it
8,0.009265634,0.014899146,fp8,google_gemma-3-270m-it
9,0.010332389,0.012705945,fp8,google_gemma-3-270m-it
10,0.01199943,0.020938372,fp8,google_gemma-3-270m-it
11,0.026778111,0.067011,fp8,google_gemma-3-270m-it
12,0.043534994,0.19846156,fp8,google_gemma-3-270m-it
13,0.027316572,0.08510193,fp8,google_gemma-3-270m-it
14,0.030740794,0.17826378,fp8,google_gemma-3-270m-it
15,0.032896154,0.14049418,fp8,google_gemma-3-270m-it
16,0.021305477,0.05315997,fp8,google_gemma-3-270m-it
17,0.024034206,0.06697195,fp8,google_gemma-3-270m-it
0,0.37454835,1.2277483,int4,google_gemma-3-270m-it
1,0.0924339,0.12909533,int4,google_gemma-3-270m-it
2,0.17775062,0.30632246,int4,google_gemma-3-270m-it
3,0.251735,0.37704152,int4,google_gemma-3-270m-it
4,0.24567181,0.36982888,int4,google_gemma-3-270m-it
5,0.16895664,0.22455321,int4,google_gemma-3-270m-it
6,0.19653796,0.25757962,int4,google_gemma-3-270m-it
7,0.12106784,0.15741038,int4,google_gemma-3-270m-it
8,0.11662709,0.14017956,int4,google_gemma-3-270m-it
9,0.14540176,0.17804614,int4,google_gemma-3-270m-it
10,0.171208,0.16675155,int4,google_gemma-3-270m-it
11,0.37271047,0.5699249,int4,google_gemma-3-270m-it
12,0.55997086,0.98226684,int4,google_gemma-3-270m-it
13,0.39669788,0.5372291,int4,google_gemma-3-270m-it
14,0.41010484,0.6196038,int4,google_gemma-3-270m-it
15,0.443243,0.62646836,int4,google_gemma-3-270m-it
16,0.30634582,0.48664334,int4,google_gemma-3-270m-it
17,0.35570046,0.649903,int4,google_gemma-3-270m-it
0,0.0,0.0,float16,google_gemma-3-270m-it
1,9.132034e-05,0.00053717784,float16,google_gemma-3-270m-it
2,0.00033201138,0.0011262835,float16,google_gemma-3-270m-it
3,0.00065582886,0.0015975392,float16,google_gemma-3-270m-it
4,0.00069603947,0.0014245876,float16,google_gemma-3-270m-it
5,0.0007400043,0.0009871216,float16,google_gemma-3-270m-it
6,0.00089017773,0.001208041,float16,google_gemma-3-270m-it
7,0.00048366748,0.00054917927,float16,google_gemma-3-270m-it
8,0.00055072823,0.00061779027,float16,google_gemma-3-270m-it
9,0.0005785109,0.0006110196,float16,google_gemma-3-270m-it
10,0.0005913377,0.0005630485,float16,google_gemma-3-270m-it
11,0.0014478827,0.002492332,float16,google_gemma-3-270m-it
12,0.0022383414,0.0048179827,float16,google_gemma-3-270m-it
13,0.00132034,0.002239455,float16,google_gemma-3-270m-it
14,0.0012597957,0.0026567152,float16,google_gemma-3-270m-it
15,0.001361354,0.0024961268,float16,google_gemma-3-270m-it
16,0.0010569659,0.0017863589,float16,google_gemma-3-270m-it
17,0.0013861423,0.0023335589,float16,google_gemma-3-270m-it
0,0.015515273,0.06380852,int8,google_gemma-3-270m-it
1,0.0032486408,0.004425506,int8,google_gemma-3-270m-it
2,0.004958664,0.00778837,int8,google_gemma-3-270m-it
3,0.0058175297,0.008566926,int8,google_gemma-3-270m-it
4,0.00553131,0.007945034,int8,google_gemma-3-270m-it
5,0.004225823,0.004732315,int8,google_gemma-3-270m-it
6,0.0046521737,0.006470199,int8,google_gemma-3-270m-it
7,0.0026336254,0.0032649343,int8,google_gemma-3-270m-it
8,0.0027424325,0.0029905797,int8,google_gemma-3-270m-it
9,0.003173313,0.0033777554,int8,google_gemma-3-270m-it
10,0.0033331574,0.0036703234,int8,google_gemma-3-270m-it
11,0.008198013,0.015553099,int8,google_gemma-3-270m-it
12,0.011080017,0.021152051,int8,google_gemma-3-270m-it
13,0.008442488,0.014396155,int8,google_gemma-3-270m-it
14,0.008465729,0.019700384,int8,google_gemma-3-270m-it
15,0.009926265,0.017563684,int8,google_gemma-3-270m-it
16,0.0065170727,0.012880558,int8,google_gemma-3-270m-it
17,0.008077381,0.014726739,int8,google_gemma-3-270m-it
0,4.186791896820068,6.958020210266113,awq,google_gemma-3-270m-it
1,1.92635440826416,2.4905900955200195,awq,google_gemma-3-270m-it
2,3.1843981742858887,2.605919361114502,awq,google_gemma-3-270m-it
3,4.352545261383057,3.4993135929107666,awq,google_gemma-3-270m-it
4,1.4550163745880127,1.268556833267212,awq,google_gemma-3-270m-it
5,1.219272494316101,1.1269869804382324,awq,google_gemma-3-270m-it
6,1.6353857517242432,1.4259521961212158,awq,google_gemma-3-270m-it
7,1.3200664520263672,1.34801983833313,awq,google_gemma-3-270m-it
8,1.3738020658493042,1.388620138168335,awq,google_gemma-3-270m-it
9,1.1382958889007568,0.9379827976226808,awq,google_gemma-3-270m-it
10,0.9076417684555054,0.6892108917236328,awq,google_gemma-3-270m-it
11,1.7651653289794922,1.2631851434707642,awq,google_gemma-3-270m-it
12,2.506815195083618,1.6269571781158447,awq,google_gemma-3-270m-it
13,2.631276130676269,1.6286566257476809,awq,google_gemma-3-270m-it
14,2.7191898822784424,1.7968765497207642,awq,google_gemma-3-270m-it
15,3.45472264289856,2.450385808944702,awq,google_gemma-3-270m-it
16,4.244656085968018,3.137584924697876,awq,google_gemma-3-270m-it
17,4.734005451202393,3.7102975845336914,awq,google_gemma-3-270m-it
0,0.0015646386,0.0010477994,fp8,deepseek-ai_DeepSeek-R1-Distill-Llama-8B
1,0.0027946772,0.0018966006,fp8,deepseek-ai_DeepSeek-R1-Distill-Llama-8B
2,0.003988677,0.0027477844,fp8,deepseek-ai_DeepSeek-R1-Distill-Llama-8B
3,0.005837816,0.0040692636,fp8,deepseek-ai_DeepSeek-R1-Distill-Llama-8B
4,0.0067834104,0.004514782,fp8,deepseek-ai_DeepSeek-R1-Distill-Llama-8B
5,0.0081006875,0.005261703,fp8,deepseek-ai_DeepSeek-R1-Distill-Llama-8B
6,0.009432429,0.0062721903,fp8,deepseek-ai_DeepSeek-R1-Distill-Llama-8B
7,0.009784947,0.0069384677,fp8,deepseek-ai_DeepSeek-R1-Distill-Llama-8B
8,0.01122923,0.009985359,fp8,deepseek-ai_DeepSeek-R1-Distill-Llama-8B
9,0.011683025,0.008551018,fp8,deepseek-ai_DeepSeek-R1-Distill-Llama-8B
10,0.012440638,0.009356806,fp8,deepseek-ai_DeepSeek-R1-Distill-Llama-8B
11,0.013389959,0.010341022,fp8,deepseek-ai_DeepSeek-R1-Distill-Llama-8B
12,0.011401667,0.009577319,fp8,deepseek-ai_DeepSeek-R1-Distill-Llama-8B
13,0.011198844,0.008906066,fp8,deepseek-ai_DeepSeek-R1-Distill-Llama-8B
14,0.01086152,0.009188499,fp8,deepseek-ai_DeepSeek-R1-Distill-Llama-8B
15,0.009773871,0.008318532,fp8,deepseek-ai_DeepSeek-R1-Distill-Llama-8B
16,0.009169151,0.012423186,fp8,deepseek-ai_DeepSeek-R1-Distill-Llama-8B
17,0.009255261,0.015053332,fp8,deepseek-ai_DeepSeek-R1-Distill-Llama-8B
18,0.009360642,0.01530618,fp8,deepseek-ai_DeepSeek-R1-Distill-Llama-8B
19,0.009303021,0.017940417,fp8,deepseek-ai_DeepSeek-R1-Distill-Llama-8B
20,0.009733781,0.024195977,fp8,deepseek-ai_DeepSeek-R1-Distill-Llama-8B
21,0.011047169,0.033524413,fp8,deepseek-ai_DeepSeek-R1-Distill-Llama-8B
22,0.012019866,0.042408634,fp8,deepseek-ai_DeepSeek-R1-Distill-Llama-8B
23,0.013019166,0.052494008,fp8,deepseek-ai_DeepSeek-R1-Distill-Llama-8B
24,0.013354635,0.046884283,fp8,deepseek-ai_DeepSeek-R1-Distill-Llama-8B
25,0.013844249,0.07071035,fp8,deepseek-ai_DeepSeek-R1-Distill-Llama-8B
26,0.014133416,0.051627096,fp8,deepseek-ai_DeepSeek-R1-Distill-Llama-8B
27,0.013298711,0.03366152,fp8,deepseek-ai_DeepSeek-R1-Distill-Llama-8B
28,0.013649363,0.03870473,fp8,deepseek-ai_DeepSeek-R1-Distill-Llama-8B
29,0.014007654,0.050267458,fp8,deepseek-ai_DeepSeek-R1-Distill-Llama-8B
30,0.01093518,0.020382827,fp8,deepseek-ai_DeepSeek-R1-Distill-Llama-8B
31,0.007856475,0.017037498,fp8,deepseek-ai_DeepSeek-R1-Distill-Llama-8B
0,0.02560576,0.018561749,int4,deepseek-ai_DeepSeek-R1-Distill-Llama-8B
1,0.045211356,0.030454684,int4,deepseek-ai_DeepSeek-R1-Distill-Llama-8B
2,0.069412135,0.049044825,int4,deepseek-ai_DeepSeek-R1-Distill-Llama-8B
3,0.101290904,0.06798739,int4,deepseek-ai_DeepSeek-R1-Distill-Llama-8B
4,0.12664783,0.08943779,int4,deepseek-ai_DeepSeek-R1-Distill-Llama-8B
5,0.14034006,0.09799023,int4,deepseek-ai_DeepSeek-R1-Distill-Llama-8B
6,0.15055136,0.101651505,int4,deepseek-ai_DeepSeek-R1-Distill-Llama-8B
7,0.15245216,0.10059521,int4,deepseek-ai_DeepSeek-R1-Distill-Llama-8B
8,0.15996698,0.111527495,int4,deepseek-ai_DeepSeek-R1-Distill-Llama-8B
9,0.16802269,0.11440687,int4,deepseek-ai_DeepSeek-R1-Distill-Llama-8B
10,0.17325391,0.12836394,int4,deepseek-ai_DeepSeek-R1-Distill-Llama-8B
11,0.185599,0.13907787,int4,deepseek-ai_DeepSeek-R1-Distill-Llama-8B
12,0.15964249,0.12894598,int4,deepseek-ai_DeepSeek-R1-Distill-Llama-8B
13,0.15289506,0.1268703,int4,deepseek-ai_DeepSeek-R1-Distill-Llama-8B
14,0.14737064,0.12491814,int4,deepseek-ai_DeepSeek-R1-Distill-Llama-8B
15,0.13668664,0.12080958,int4,deepseek-ai_DeepSeek-R1-Distill-Llama-8B
16,0.12775536,0.11081659,int4,deepseek-ai_DeepSeek-R1-Distill-Llama-8B
17,0.1252794,0.15417902,int4,deepseek-ai_DeepSeek-R1-Distill-Llama-8B
18,0.12726438,0.16746044,int4,deepseek-ai_DeepSeek-R1-Distill-Llama-8B
19,0.13283117,0.2634955,int4,deepseek-ai_DeepSeek-R1-Distill-Llama-8B
20,0.13848963,0.25333038,int4,deepseek-ai_DeepSeek-R1-Distill-Llama-8B
21,0.14762951,0.2541259,int4,deepseek-ai_DeepSeek-R1-Distill-Llama-8B
22,0.15823755,0.2751373,int4,deepseek-ai_DeepSeek-R1-Distill-Llama-8B
23,0.17084317,0.29177445,int4,deepseek-ai_DeepSeek-R1-Distill-Llama-8B
24,0.17743255,0.3655165,int4,deepseek-ai_DeepSeek-R1-Distill-Llama-8B
25,0.17932966,0.3494496,int4,deepseek-ai_DeepSeek-R1-Distill-Llama-8B
26,0.18153545,0.31459105,int4,deepseek-ai_DeepSeek-R1-Distill-Llama-8B
27,0.17168704,0.26122984,int4,deepseek-ai_DeepSeek-R1-Distill-Llama-8B
28,0.17594454,0.32600293,int4,deepseek-ai_DeepSeek-R1-Distill-Llama-8B
29,0.17694452,0.44551516,int4,deepseek-ai_DeepSeek-R1-Distill-Llama-8B
30,0.14493851,0.2430286,int4,deepseek-ai_DeepSeek-R1-Distill-Llama-8B
31,0.099569835,0.18441315,int4,deepseek-ai_DeepSeek-R1-Distill-Llama-8B
0,6.1368926e-05,0.000109036344,float16,deepseek-ai_DeepSeek-R1-Distill-Llama-8B
1,0.0002149322,0.00020590251,float16,deepseek-ai_DeepSeek-R1-Distill-Llama-8B
2,0.0003400297,0.00026265753,float16,deepseek-ai_DeepSeek-R1-Distill-Llama-8B
3,0.00043666284,0.00030369812,float16,deepseek-ai_DeepSeek-R1-Distill-Llama-8B
4,0.000498368,0.00032829828,float16,deepseek-ai_DeepSeek-R1-Distill-Llama-8B
5,0.000566374,0.00036917801,float16,deepseek-ai_DeepSeek-R1-Distill-Llama-8B
6,0.00061951845,0.00038840226,float16,deepseek-ai_DeepSeek-R1-Distill-Llama-8B
7,0.00068247336,0.00044338303,float16,deepseek-ai_DeepSeek-R1-Distill-Llama-8B
8,0.00071847916,0.00045261192,float16,deepseek-ai_DeepSeek-R1-Distill-Llama-8B
9,0.0007427795,0.00048006838,float16,deepseek-ai_DeepSeek-R1-Distill-Llama-8B
10,0.0008067925,0.000535618,float16,deepseek-ai_DeepSeek-R1-Distill-Llama-8B
11,0.0008464408,0.0005805387,float16,deepseek-ai_DeepSeek-R1-Distill-Llama-8B
12,0.0007964543,0.0006002461,float16,deepseek-ai_DeepSeek-R1-Distill-Llama-8B
13,0.00077202305,0.0006331046,float16,deepseek-ai_DeepSeek-R1-Distill-Llama-8B
14,0.00079064537,0.0008240194,float16,deepseek-ai_DeepSeek-R1-Distill-Llama-8B
15,0.0007163329,0.0005683554,float16,deepseek-ai_DeepSeek-R1-Distill-Llama-8B
16,0.00069464336,0.0010415018,float16,deepseek-ai_DeepSeek-R1-Distill-Llama-8B
17,0.0007134769,0.0015713036,float16,deepseek-ai_DeepSeek-R1-Distill-Llama-8B
18,0.00070705713,0.0015903534,float16,deepseek-ai_DeepSeek-R1-Distill-Llama-8B
19,0.0007135169,0.0016219812,float16,deepseek-ai_DeepSeek-R1-Distill-Llama-8B
20,0.00075787026,0.0030826086,float16,deepseek-ai_DeepSeek-R1-Distill-Llama-8B
21,0.00086613355,0.005370263,float16,deepseek-ai_DeepSeek-R1-Distill-Llama-8B
22,0.0008650011,0.0045002643,float16,deepseek-ai_DeepSeek-R1-Distill-Llama-8B
23,0.0009588979,0.0066297343,float16,deepseek-ai_DeepSeek-R1-Distill-Llama-8B
24,0.0009329071,0.003977501,float16,deepseek-ai_DeepSeek-R1-Distill-Llama-8B
25,0.0010273275,0.00697107,float16,deepseek-ai_DeepSeek-R1-Distill-Llama-8B
26,0.0010381902,0.0053208075,float16,deepseek-ai_DeepSeek-R1-Distill-Llama-8B
27,0.00091995427,0.0021109213,float16,deepseek-ai_DeepSeek-R1-Distill-Llama-8B
28,0.00093411206,0.002224117,float16,deepseek-ai_DeepSeek-R1-Distill-Llama-8B
29,0.0008730377,0.0020703778,float16,deepseek-ai_DeepSeek-R1-Distill-Llama-8B
30,0.000785479,0.0017932584,float16,deepseek-ai_DeepSeek-R1-Distill-Llama-8B
31,0.000656904,0.0010017985,float16,deepseek-ai_DeepSeek-R1-Distill-Llama-8B
0,0.00079441105,0.00051205856,int8,deepseek-ai_DeepSeek-R1-Distill-Llama-8B
1,0.0014048476,0.00092730025,int8,deepseek-ai_DeepSeek-R1-Distill-Llama-8B
2,0.0029452275,0.0019170585,int8,deepseek-ai_DeepSeek-R1-Distill-Llama-8B
3,0.004578934,0.0030111426,int8,deepseek-ai_DeepSeek-R1-Distill-Llama-8B
4,0.0052799922,0.003474274,int8,deepseek-ai_DeepSeek-R1-Distill-Llama-8B
5,0.005795529,0.0039629876,int8,deepseek-ai_DeepSeek-R1-Distill-Llama-8B
6,0.005842659,0.0039639827,int8,deepseek-ai_DeepSeek-R1-Distill-Llama-8B
7,0.0061370083,0.0043427274,int8,deepseek-ai_DeepSeek-R1-Distill-Llama-8B
8,0.006390219,0.005307889,int8,deepseek-ai_DeepSeek-R1-Distill-Llama-8B
9,0.0064266864,0.0049932785,int8,deepseek-ai_DeepSeek-R1-Distill-Llama-8B
10,0.0065688053,0.005105122,int8,deepseek-ai_DeepSeek-R1-Distill-Llama-8B
11,0.006971178,0.0061610555,int8,deepseek-ai_DeepSeek-R1-Distill-Llama-8B
12,0.005898116,0.0057913125,int8,deepseek-ai_DeepSeek-R1-Distill-Llama-8B
13,0.005686064,0.005792512,int8,deepseek-ai_DeepSeek-R1-Distill-Llama-8B
14,0.0053167064,0.004849045,int8,deepseek-ai_DeepSeek-R1-Distill-Llama-8B
15,0.0049790903,0.0065814047,int8,deepseek-ai_DeepSeek-R1-Distill-Llama-8B
16,0.004609881,0.0051306877,int8,deepseek-ai_DeepSeek-R1-Distill-Llama-8B
17,0.0046334253,0.0063375435,int8,deepseek-ai_DeepSeek-R1-Distill-Llama-8B
18,0.004716966,0.007968867,int8,deepseek-ai_DeepSeek-R1-Distill-Llama-8B
19,0.004907824,0.0074203233,int8,deepseek-ai_DeepSeek-R1-Distill-Llama-8B
20,0.0052633127,0.011615789,int8,deepseek-ai_DeepSeek-R1-Distill-Llama-8B
21,0.005909249,0.01841902,int8,deepseek-ai_DeepSeek-R1-Distill-Llama-8B
22,0.006467188,0.019513097,int8,deepseek-ai_DeepSeek-R1-Distill-Llama-8B
23,0.0076892325,0.041243903,int8,deepseek-ai_DeepSeek-R1-Distill-Llama-8B
24,0.0070139803,0.017847707,int8,deepseek-ai_DeepSeek-R1-Distill-Llama-8B
25,0.007141703,0.021086859,int8,deepseek-ai_DeepSeek-R1-Distill-Llama-8B
26,0.007439795,0.021942433,int8,deepseek-ai_DeepSeek-R1-Distill-Llama-8B
27,0.006890148,0.013394079,int8,deepseek-ai_DeepSeek-R1-Distill-Llama-8B
28,0.007317713,0.01368838,int8,deepseek-ai_DeepSeek-R1-Distill-Llama-8B
29,0.0075328695,0.017216364,int8,deepseek-ai_DeepSeek-R1-Distill-Llama-8B
30,0.006407351,0.016305385,int8,deepseek-ai_DeepSeek-R1-Distill-Llama-8B
31,0.004507628,0.011022505,int8,deepseek-ai_DeepSeek-R1-Distill-Llama-8B
0,0.11457575,0.08130676,gptq,deepseek-ai_DeepSeek-R1-Distill-Llama-8B
1,0.13247988,0.08749554,gptq,deepseek-ai_DeepSeek-R1-Distill-Llama-8B
2,0.16339873,0.12240771,gptq,deepseek-ai_DeepSeek-R1-Distill-Llama-8B
3,0.19115016,0.14122246,gptq,deepseek-ai_DeepSeek-R1-Distill-Llama-8B
4,0.2104508,0.16102141,gptq,deepseek-ai_DeepSeek-R1-Distill-Llama-8B
5,0.2168144,0.1590586,gptq,deepseek-ai_DeepSeek-R1-Distill-Llama-8B
6,0.2261981,0.15934175,gptq,deepseek-ai_DeepSeek-R1-Distill-Llama-8B
7,0.23104122,0.1678859,gptq,deepseek-ai_DeepSeek-R1-Distill-Llama-8B
8,0.23763527,0.17300576,gptq,deepseek-ai_DeepSeek-R1-Distill-Llama-8B
9,0.23716246,0.17874143,gptq,deepseek-ai_DeepSeek-R1-Distill-Llama-8B
10,0.24699187,0.18113518,gptq,deepseek-ai_DeepSeek-R1-Distill-Llama-8B
11,0.24974605,0.19678494,gptq,deepseek-ai_DeepSeek-R1-Distill-Llama-8B
12,0.21716933,0.17943646,gptq,deepseek-ai_DeepSeek-R1-Distill-Llama-8B
13,0.20146678,0.16381039,gptq,deepseek-ai_DeepSeek-R1-Distill-Llama-8B
14,0.19157052,0.15549517,gptq,deepseek-ai_DeepSeek-R1-Distill-Llama-8B
15,0.17591472,0.14588486,gptq,deepseek-ai_DeepSeek-R1-Distill-Llama-8B
16,0.16730486,0.15280052,gptq,deepseek-ai_DeepSeek-R1-Distill-Llama-8B
17,0.16396452,0.16325442,gptq,deepseek-ai_DeepSeek-R1-Distill-Llama-8B
18,0.16716404,0.18554084,gptq,deepseek-ai_DeepSeek-R1-Distill-Llama-8B
19,0.16725837,0.19662873,gptq,deepseek-ai_DeepSeek-R1-Distill-Llama-8B
20,0.17169301,0.21126653,gptq,deepseek-ai_DeepSeek-R1-Distill-Llama-8B
21,0.18256436,0.27286607,gptq,deepseek-ai_DeepSeek-R1-Distill-Llama-8B
22,0.19467859,0.3036585,gptq,deepseek-ai_DeepSeek-R1-Distill-Llama-8B
23,0.21061972,0.35986453,gptq,deepseek-ai_DeepSeek-R1-Distill-Llama-8B
24,0.22445801,0.41496903,gptq,deepseek-ai_DeepSeek-R1-Distill-Llama-8B
25,0.23931654,0.42453924,gptq,deepseek-ai_DeepSeek-R1-Distill-Llama-8B
26,0.2494494,0.41241786,gptq,deepseek-ai_DeepSeek-R1-Distill-Llama-8B
27,0.24584769,0.5687867,gptq,deepseek-ai_DeepSeek-R1-Distill-Llama-8B
28,0.24179038,0.3958124,gptq,deepseek-ai_DeepSeek-R1-Distill-Llama-8B
29,0.2499902,0.7088248,gptq,deepseek-ai_DeepSeek-R1-Distill-Llama-8B
30,0.19221526,0.37231272,gptq,deepseek-ai_DeepSeek-R1-Distill-Llama-8B
31,0.13842683,0.25905362,gptq,deepseek-ai_DeepSeek-R1-Distill-Llama-8B
0,0.0188804753124713,0.0136472852900624,awq,deepseek-ai_DeepSeek-R1-Distill-Llama-8B
1,0.0355518423020839,0.0248801819980144,awq,deepseek-ai_DeepSeek-R1-Distill-Llama-8B
2,0.055319994688034,0.0387655012309551,awq,deepseek-ai_DeepSeek-R1-Distill-Llama-8B
3,0.083681546151638,0.0563253797590732,awq,deepseek-ai_DeepSeek-R1-Distill-Llama-8B
4,0.1057438030838966,0.0701367780566215,awq,deepseek-ai_DeepSeek-R1-Distill-Llama-8B
5,0.1227193176746368,0.081782579421997,awq,deepseek-ai_DeepSeek-R1-Distill-Llama-8B
6,0.1378416419029235,0.0895232856273651,awq,deepseek-ai_DeepSeek-R1-Distill-Llama-8B
7,0.1491906642913818,0.0987889841198921,awq,deepseek-ai_DeepSeek-R1-Distill-Llama-8B
8,0.1610470712184906,0.1171234101057052,awq,deepseek-ai_DeepSeek-R1-Distill-Llama-8B
9,0.1631536036729812,0.1118589118123054,awq,deepseek-ai_DeepSeek-R1-Distill-Llama-8B
10,0.1734986901283264,0.1214752942323684,awq,deepseek-ai_DeepSeek-R1-Distill-Llama-8B
11,0.1848236918449401,0.1362954825162887,awq,deepseek-ai_DeepSeek-R1-Distill-Llama-8B
12,0.1577439457178115,0.1171235218644142,awq,deepseek-ai_DeepSeek-R1-Distill-Llama-8B
13,0.1543100625276565,0.1137095987796783,awq,deepseek-ai_DeepSeek-R1-Distill-Llama-8B
14,0.1470885276794433,0.1093934029340744,awq,deepseek-ai_DeepSeek-R1-Distill-Llama-8B
15,0.1329025030136108,0.1049901321530342,awq,deepseek-ai_DeepSeek-R1-Distill-Llama-8B
16,0.1254236698150634,0.1093071922659874,awq,deepseek-ai_DeepSeek-R1-Distill-Llama-8B
17,0.1229669824242591,0.1239779517054557,awq,deepseek-ai_DeepSeek-R1-Distill-Llama-8B
18,0.1240250691771507,0.1443859338760376,awq,deepseek-ai_DeepSeek-R1-Distill-Llama-8B
19,0.1267482042312622,0.1506325751543045,awq,deepseek-ai_DeepSeek-R1-Distill-Llama-8B
20,0.1339786350727081,0.1748237013816833,awq,deepseek-ai_DeepSeek-R1-Distill-Llama-8B
21,0.1405529826879501,0.1982606649398803,awq,deepseek-ai_DeepSeek-R1-Distill-Llama-8B
22,0.1487582623958587,0.1987576633691787,awq,deepseek-ai_DeepSeek-R1-Distill-Llama-8B
23,0.1689440608024597,0.2858275473117828,awq,deepseek-ai_DeepSeek-R1-Distill-Llama-8B
24,0.1760011464357376,0.3038723468780517,awq,deepseek-ai_DeepSeek-R1-Distill-Llama-8B
25,0.1827818304300308,0.3299208581447601,awq,deepseek-ai_DeepSeek-R1-Distill-Llama-8B
26,0.1860325336456298,0.3595630526542663,awq,deepseek-ai_DeepSeek-R1-Distill-Llama-8B
27,0.1817796528339386,0.3058281242847442,awq,deepseek-ai_DeepSeek-R1-Distill-Llama-8B
28,0.1853313148021698,0.2799208164215088,awq,deepseek-ai_DeepSeek-R1-Distill-Llama-8B
29,0.1869360506534576,0.4007718861103058,awq,deepseek-ai_DeepSeek-R1-Distill-Llama-8B
30,0.1545450985431671,0.2190493941307068,awq,deepseek-ai_DeepSeek-R1-Distill-Llama-8B
31,0.1068878471851348,0.1891322880983352,awq,deepseek-ai_DeepSeek-R1-Distill-Llama-8B
0,0.0305463094264268,0.0215944163501262,hqq,deepseek-ai_DeepSeek-R1-Distill-Llama-8B
1,0.0546933189034462,0.0351155698299407,hqq,deepseek-ai_DeepSeek-R1-Distill-Llama-8B
2,0.0954182967543602,0.0649833679199218,hqq,deepseek-ai_DeepSeek-R1-Distill-Llama-8B
3,0.1553321331739425,0.1038980111479759,hqq,deepseek-ai_DeepSeek-R1-Distill-Llama-8B
4,0.1950258910655975,0.1339268684387207,hqq,deepseek-ai_DeepSeek-R1-Distill-Llama-8B
5,0.2060671895742416,0.1422646939754486,hqq,deepseek-ai_DeepSeek-R1-Distill-Llama-8B
6,0.2126704156398773,0.1425608396530151,hqq,deepseek-ai_DeepSeek-R1-Distill-Llama-8B
7,0.2202391475439071,0.1479450017213821,hqq,deepseek-ai_DeepSeek-R1-Distill-Llama-8B
8,0.2271856516599655,0.1610273420810699,hqq,deepseek-ai_DeepSeek-R1-Distill-Llama-8B
9,0.2261386513710022,0.1616891175508499,hqq,deepseek-ai_DeepSeek-R1-Distill-Llama-8B
10,0.2321408540010452,0.1735788136720657,hqq,deepseek-ai_DeepSeek-R1-Distill-Llama-8B
11,0.2411418408155441,0.1809712499380111,hqq,deepseek-ai_DeepSeek-R1-Distill-Llama-8B
12,0.2046536803245544,0.1495352983474731,hqq,deepseek-ai_DeepSeek-R1-Distill-Llama-8B
13,0.1986633241176605,0.1634874790906906,hqq,deepseek-ai_DeepSeek-R1-Distill-Llama-8B
14,0.1903554648160934,0.155146524310112,hqq,deepseek-ai_DeepSeek-R1-Distill-Llama-8B
15,0.1761266440153122,0.1515472829341888,hqq,deepseek-ai_DeepSeek-R1-Distill-Llama-8B
16,0.1650665402412414,0.1510115712881088,hqq,deepseek-ai_DeepSeek-R1-Distill-Llama-8B
17,0.1635748744010925,0.1601265668869018,hqq,deepseek-ai_DeepSeek-R1-Distill-Llama-8B
18,0.1651139855384826,0.1776123046875,hqq,deepseek-ai_DeepSeek-R1-Distill-Llama-8B
19,0.1683111786842346,0.2080395519733429,hqq,deepseek-ai_DeepSeek-R1-Distill-Llama-8B
20,0.1774392426013946,0.2461688667535781,hqq,deepseek-ai_DeepSeek-R1-Distill-Llama-8B
21,0.192836508154869,0.3059989809989929,hqq,deepseek-ai_DeepSeek-R1-Distill-Llama-8B
22,0.1957671344280243,0.2997925877571106,hqq,deepseek-ai_DeepSeek-R1-Distill-Llama-8B
23,0.2196673303842544,0.3861123025417328,hqq,deepseek-ai_DeepSeek-R1-Distill-Llama-8B
24,0.2319762110710144,0.3858241736888885,hqq,deepseek-ai_DeepSeek-R1-Distill-Llama-8B
25,0.2275383621454239,0.3509615063667297,hqq,deepseek-ai_DeepSeek-R1-Distill-Llama-8B
26,0.227210521697998,0.3429993987083435,hqq,deepseek-ai_DeepSeek-R1-Distill-Llama-8B
27,0.2325376272201538,0.3278107643127441,hqq,deepseek-ai_DeepSeek-R1-Distill-Llama-8B
28,0.2384251058101654,0.3002634346485138,hqq,deepseek-ai_DeepSeek-R1-Distill-Llama-8B
29,0.2293223440647125,0.4048269093036651,hqq,deepseek-ai_DeepSeek-R1-Distill-Llama-8B
30,0.2009884566068649,0.2762071788311004,hqq,deepseek-ai_DeepSeek-R1-Distill-Llama-8B
31,0.1407903134822845,0.2232989817857742,hqq,deepseek-ai_DeepSeek-R1-Distill-Llama-8B
0,0.0032089555,0.0045387605,fp8,deepseek-ai_DeepSeek-R1-Distill-Qwen-1.5B
1,0.0031041303,0.003184877,fp8,deepseek-ai_DeepSeek-R1-Distill-Qwen-1.5B
2,0.0038067403,0.0035331754,fp8,deepseek-ai_DeepSeek-R1-Distill-Qwen-1.5B
3,0.0045618564,0.004362157,fp8,deepseek-ai_DeepSeek-R1-Distill-Qwen-1.5B
4,0.0052714567,0.0047628717,fp8,deepseek-ai_DeepSeek-R1-Distill-Qwen-1.5B
5,0.0065158373,0.0056708823,fp8,deepseek-ai_DeepSeek-R1-Distill-Qwen-1.5B
6,0.0069549377,0.006757096,fp8,deepseek-ai_DeepSeek-R1-Distill-Qwen-1.5B
7,0.0072443173,0.00677102,fp8,deepseek-ai_DeepSeek-R1-Distill-Qwen-1.5B
8,0.0080369245,0.00797045,fp8,deepseek-ai_DeepSeek-R1-Distill-Qwen-1.5B
9,0.009135688,0.009595036,fp8,deepseek-ai_DeepSeek-R1-Distill-Qwen-1.5B
10,0.010123448,0.0099478895,fp8,deepseek-ai_DeepSeek-R1-Distill-Qwen-1.5B
11,0.010698985,0.0109514315,fp8,deepseek-ai_DeepSeek-R1-Distill-Qwen-1.5B
12,0.010698967,0.011312723,fp8,deepseek-ai_DeepSeek-R1-Distill-Qwen-1.5B
13,0.011233072,0.011406706,fp8,deepseek-ai_DeepSeek-R1-Distill-Qwen-1.5B
14,0.01211228,0.012354218,fp8,deepseek-ai_DeepSeek-R1-Distill-Qwen-1.5B
15,0.011640003,0.0127187725,fp8,deepseek-ai_DeepSeek-R1-Distill-Qwen-1.5B
16,0.011526717,0.012882338,fp8,deepseek-ai_DeepSeek-R1-Distill-Qwen-1.5B
17,0.01160209,0.0155609455,fp8,deepseek-ai_DeepSeek-R1-Distill-Qwen-1.5B
18,0.01131353,0.015200165,fp8,deepseek-ai_DeepSeek-R1-Distill-Qwen-1.5B
19,0.012678956,0.027411021,fp8,deepseek-ai_DeepSeek-R1-Distill-Qwen-1.5B
20,0.013117612,0.019216398,fp8,deepseek-ai_DeepSeek-R1-Distill-Qwen-1.5B
21,0.0117495665,0.01858575,fp8,deepseek-ai_DeepSeek-R1-Distill-Qwen-1.5B
22,0.011469306,0.016773563,fp8,deepseek-ai_DeepSeek-R1-Distill-Qwen-1.5B
23,0.013723269,0.04574669,fp8,deepseek-ai_DeepSeek-R1-Distill-Qwen-1.5B
24,0.014005422,0.057388976,fp8,deepseek-ai_DeepSeek-R1-Distill-Qwen-1.5B
25,0.014334347,0.039852608,fp8,deepseek-ai_DeepSeek-R1-Distill-Qwen-1.5B
26,0.01230167,0.030203125,fp8,deepseek-ai_DeepSeek-R1-Distill-Qwen-1.5B
27,0.010325427,0.017371332,fp8,deepseek-ai_DeepSeek-R1-Distill-Qwen-1.5B
0,0.03261108,0.028831664,int4,deepseek-ai_DeepSeek-R1-Distill-Qwen-1.5B
1,0.03936985,0.032740943,int4,deepseek-ai_DeepSeek-R1-Distill-Qwen-1.5B
2,0.049617052,0.042143255,int4,deepseek-ai_DeepSeek-R1-Distill-Qwen-1.5B
3,0.061603148,0.05229337,int4,deepseek-ai_DeepSeek-R1-Distill-Qwen-1.5B
4,0.0723028,0.06558777,int4,deepseek-ai_DeepSeek-R1-Distill-Qwen-1.5B
5,0.087870784,0.074802615,int4,deepseek-ai_DeepSeek-R1-Distill-Qwen-1.5B
6,0.09877147,0.093056515,int4,deepseek-ai_DeepSeek-R1-Distill-Qwen-1.5B
7,0.09951422,0.09322835,int4,deepseek-ai_DeepSeek-R1-Distill-Qwen-1.5B
8,0.10950571,0.10516568,int4,deepseek-ai_DeepSeek-R1-Distill-Qwen-1.5B
9,0.119923115,0.12063327,int4,deepseek-ai_DeepSeek-R1-Distill-Qwen-1.5B
10,0.12908456,0.123826146,int4,deepseek-ai_DeepSeek-R1-Distill-Qwen-1.5B
11,0.13247222,0.12811765,int4,deepseek-ai_DeepSeek-R1-Distill-Qwen-1.5B
12,0.13856266,0.13427371,int4,deepseek-ai_DeepSeek-R1-Distill-Qwen-1.5B
13,0.14158648,0.1327536,int4,deepseek-ai_DeepSeek-R1-Distill-Qwen-1.5B
14,0.15001668,0.13951674,int4,deepseek-ai_DeepSeek-R1-Distill-Qwen-1.5B
15,0.14235373,0.13728566,int4,deepseek-ai_DeepSeek-R1-Distill-Qwen-1.5B
16,0.1451162,0.13933975,int4,deepseek-ai_DeepSeek-R1-Distill-Qwen-1.5B
17,0.14537996,0.1533382,int4,deepseek-ai_DeepSeek-R1-Distill-Qwen-1.5B
18,0.14735688,0.1492486,int4,deepseek-ai_DeepSeek-R1-Distill-Qwen-1.5B
19,0.16957982,0.20551293,int4,deepseek-ai_DeepSeek-R1-Distill-Qwen-1.5B
20,0.1768356,0.20288947,int4,deepseek-ai_DeepSeek-R1-Distill-Qwen-1.5B
21,0.15383314,0.18226272,int4,deepseek-ai_DeepSeek-R1-Distill-Qwen-1.5B
22,0.15285192,0.20643039,int4,deepseek-ai_DeepSeek-R1-Distill-Qwen-1.5B
23,0.17283258,0.25039625,int4,deepseek-ai_DeepSeek-R1-Distill-Qwen-1.5B
24,0.17255469,0.2514763,int4,deepseek-ai_DeepSeek-R1-Distill-Qwen-1.5B
25,0.18188266,0.2553554,int4,deepseek-ai_DeepSeek-R1-Distill-Qwen-1.5B
26,0.15247287,0.23846501,int4,deepseek-ai_DeepSeek-R1-Distill-Qwen-1.5B
27,0.1359571,0.20667022,int4,deepseek-ai_DeepSeek-R1-Distill-Qwen-1.5B
0,1.4732699e-06,1.9724235e-05,float16,deepseek-ai_DeepSeek-R1-Distill-Qwen-1.5B
1,5.671609e-05,0.00013334992,float16,deepseek-ai_DeepSeek-R1-Distill-Qwen-1.5B
2,0.00013255204,0.00021613648,float16,deepseek-ai_DeepSeek-R1-Distill-Qwen-1.5B
3,0.0001917114,0.00025994863,float16,deepseek-ai_DeepSeek-R1-Distill-Qwen-1.5B
4,0.00025137863,0.00029366266,float16,deepseek-ai_DeepSeek-R1-Distill-Qwen-1.5B
5,0.00032050666,0.00034675715,float16,deepseek-ai_DeepSeek-R1-Distill-Qwen-1.5B
6,0.00033646374,0.00035384565,float16,deepseek-ai_DeepSeek-R1-Distill-Qwen-1.5B
7,0.00037489622,0.0003683272,float16,deepseek-ai_DeepSeek-R1-Distill-Qwen-1.5B
8,0.00040622058,0.0004300278,float16,deepseek-ai_DeepSeek-R1-Distill-Qwen-1.5B
9,0.00044884149,0.00045334606,float16,deepseek-ai_DeepSeek-R1-Distill-Qwen-1.5B
10,0.00047108234,0.00046411992,float16,deepseek-ai_DeepSeek-R1-Distill-Qwen-1.5B
11,0.000500201,0.00050527044,float16,deepseek-ai_DeepSeek-R1-Distill-Qwen-1.5B
12,0.00050661084,0.0004917939,float16,deepseek-ai_DeepSeek-R1-Distill-Qwen-1.5B
13,0.00053137203,0.0004930201,float16,deepseek-ai_DeepSeek-R1-Distill-Qwen-1.5B
14,0.00056830276,0.00054066296,float16,deepseek-ai_DeepSeek-R1-Distill-Qwen-1.5B
15,0.0005680473,0.00054423907,float16,deepseek-ai_DeepSeek-R1-Distill-Qwen-1.5B
16,0.00059134327,0.0006013251,float16,deepseek-ai_DeepSeek-R1-Distill-Qwen-1.5B
17,0.0005625431,0.0005302967,float16,deepseek-ai_DeepSeek-R1-Distill-Qwen-1.5B
18,0.000538368,0.00050083926,float16,deepseek-ai_DeepSeek-R1-Distill-Qwen-1.5B
19,0.0005771631,0.00064998306,float16,deepseek-ai_DeepSeek-R1-Distill-Qwen-1.5B
20,0.0006048794,0.0006384559,float16,deepseek-ai_DeepSeek-R1-Distill-Qwen-1.5B
21,0.00051546283,0.00054358033,float16,deepseek-ai_DeepSeek-R1-Distill-Qwen-1.5B
22,0.000530339,0.00060665136,float16,deepseek-ai_DeepSeek-R1-Distill-Qwen-1.5B
23,0.00055423466,0.000699574,float16,deepseek-ai_DeepSeek-R1-Distill-Qwen-1.5B
24,0.0005375917,0.0007232642,float16,deepseek-ai_DeepSeek-R1-Distill-Qwen-1.5B
25,0.00056555215,0.00075086654,float16,deepseek-ai_DeepSeek-R1-Distill-Qwen-1.5B
26,0.0005299474,0.00064999104,float16,deepseek-ai_DeepSeek-R1-Distill-Qwen-1.5B
27,0.000671825,0.0010119213,float16,deepseek-ai_DeepSeek-R1-Distill-Qwen-1.5B
0,0.020756396,0.0750632,int8,deepseek-ai_DeepSeek-R1-Distill-Qwen-1.5B
1,0.018659318,0.06912695,int8,deepseek-ai_DeepSeek-R1-Distill-Qwen-1.5B
2,0.020511344,0.07499744,int8,deepseek-ai_DeepSeek-R1-Distill-Qwen-1.5B
3,0.020082239,0.080621935,int8,deepseek-ai_DeepSeek-R1-Distill-Qwen-1.5B
4,0.018966777,0.06700478,int8,deepseek-ai_DeepSeek-R1-Distill-Qwen-1.5B
5,0.020143906,0.06851001,int8,deepseek-ai_DeepSeek-R1-Distill-Qwen-1.5B
6,0.018892681,0.059828024,int8,deepseek-ai_DeepSeek-R1-Distill-Qwen-1.5B
7,0.018383333,0.062805906,int8,deepseek-ai_DeepSeek-R1-Distill-Qwen-1.5B
8,0.018322848,0.049504485,int8,deepseek-ai_DeepSeek-R1-Distill-Qwen-1.5B
9,0.018730482,0.04195538,int8,deepseek-ai_DeepSeek-R1-Distill-Qwen-1.5B
10,0.020205071,0.05228972,int8,deepseek-ai_DeepSeek-R1-Distill-Qwen-1.5B
11,0.021824853,0.06011734,int8,deepseek-ai_DeepSeek-R1-Distill-Qwen-1.5B
12,0.021064783,0.051368922,int8,deepseek-ai_DeepSeek-R1-Distill-Qwen-1.5B
13,0.021224119,0.052698553,int8,deepseek-ai_DeepSeek-R1-Distill-Qwen-1.5B
14,0.02216229,0.053116415,int8,deepseek-ai_DeepSeek-R1-Distill-Qwen-1.5B
15,0.020338967,0.051410362,int8,deepseek-ai_DeepSeek-R1-Distill-Qwen-1.5B
16,0.02078127,0.054483447,int8,deepseek-ai_DeepSeek-R1-Distill-Qwen-1.5B
17,0.02032055,0.05661905,int8,deepseek-ai_DeepSeek-R1-Distill-Qwen-1.5B
18,0.019758796,0.059265252,int8,deepseek-ai_DeepSeek-R1-Distill-Qwen-1.5B
19,0.020337196,0.044670187,int8,deepseek-ai_DeepSeek-R1-Distill-Qwen-1.5B
20,0.02114861,0.04863442,int8,deepseek-ai_DeepSeek-R1-Distill-Qwen-1.5B
21,0.01923793,0.054758977,int8,deepseek-ai_DeepSeek-R1-Distill-Qwen-1.5B
22,0.017001146,0.04560058,int8,deepseek-ai_DeepSeek-R1-Distill-Qwen-1.5B
23,0.018381344,0.038765844,int8,deepseek-ai_DeepSeek-R1-Distill-Qwen-1.5B
24,0.02007328,0.06359787,int8,deepseek-ai_DeepSeek-R1-Distill-Qwen-1.5B
25,0.019845515,0.04312626,int8,deepseek-ai_DeepSeek-R1-Distill-Qwen-1.5B
26,0.01698147,0.039451886,int8,deepseek-ai_DeepSeek-R1-Distill-Qwen-1.5B
27,0.016884852,0.04999235,int8,deepseek-ai_DeepSeek-R1-Distill-Qwen-1.5B
0,0.02781595,0.032987297,gptq,deepseek-ai_DeepSeek-R1-Distill-Qwen-1.5B
1,0.026539579,0.026031608,gptq,deepseek-ai_DeepSeek-R1-Distill-Qwen-1.5B
2,0.041546375,0.039713107,gptq,deepseek-ai_DeepSeek-R1-Distill-Qwen-1.5B
3,0.053472906,0.05131804,gptq,deepseek-ai_DeepSeek-R1-Distill-Qwen-1.5B
4,0.06793027,0.06168585,gptq,deepseek-ai_DeepSeek-R1-Distill-Qwen-1.5B
5,0.078799605,0.07330274,gptq,deepseek-ai_DeepSeek-R1-Distill-Qwen-1.5B
6,0.08908231,0.08560981,gptq,deepseek-ai_DeepSeek-R1-Distill-Qwen-1.5B
7,0.096345775,0.09756013,gptq,deepseek-ai_DeepSeek-R1-Distill-Qwen-1.5B
8,0.102951124,0.10294907,gptq,deepseek-ai_DeepSeek-R1-Distill-Qwen-1.5B
9,0.1182751,0.116622955,gptq,deepseek-ai_DeepSeek-R1-Distill-Qwen-1.5B
10,0.12587245,0.12646332,gptq,deepseek-ai_DeepSeek-R1-Distill-Qwen-1.5B
11,0.12991358,0.12486316,gptq,deepseek-ai_DeepSeek-R1-Distill-Qwen-1.5B
12,0.13324688,0.13020772,gptq,deepseek-ai_DeepSeek-R1-Distill-Qwen-1.5B
13,0.13382158,0.12599015,gptq,deepseek-ai_DeepSeek-R1-Distill-Qwen-1.5B
14,0.14492065,0.13515952,gptq,deepseek-ai_DeepSeek-R1-Distill-Qwen-1.5B
15,0.13386655,0.124775454,gptq,deepseek-ai_DeepSeek-R1-Distill-Qwen-1.5B
16,0.13499235,0.12813543,gptq,deepseek-ai_DeepSeek-R1-Distill-Qwen-1.5B
17,0.13012128,0.12728454,gptq,deepseek-ai_DeepSeek-R1-Distill-Qwen-1.5B
18,0.12994765,0.13937388,gptq,deepseek-ai_DeepSeek-R1-Distill-Qwen-1.5B
19,0.1416014,0.16192473,gptq,deepseek-ai_DeepSeek-R1-Distill-Qwen-1.5B
20,0.1504745,0.16823629,gptq,deepseek-ai_DeepSeek-R1-Distill-Qwen-1.5B
21,0.13492966,0.155541,gptq,deepseek-ai_DeepSeek-R1-Distill-Qwen-1.5B
22,0.13765575,0.1799667,gptq,deepseek-ai_DeepSeek-R1-Distill-Qwen-1.5B
23,0.1557248,0.22296111,gptq,deepseek-ai_DeepSeek-R1-Distill-Qwen-1.5B
24,0.14881933,0.21147661,gptq,deepseek-ai_DeepSeek-R1-Distill-Qwen-1.5B
25,0.15184572,0.20599277,gptq,deepseek-ai_DeepSeek-R1-Distill-Qwen-1.5B
26,0.13788873,0.18270098,gptq,deepseek-ai_DeepSeek-R1-Distill-Qwen-1.5B
27,0.12977642,0.21304749,gptq,deepseek-ai_DeepSeek-R1-Distill-Qwen-1.5B
0,0.0477903299033641,0.0700498819351196,awq,deepseek-ai_DeepSeek-R1-Distill-Qwen-1.5B
1,0.0481635779142379,0.0632582902908325,awq,deepseek-ai_DeepSeek-R1-Distill-Qwen-1.5B
2,0.0578743629157543,0.0759539678692817,awq,deepseek-ai_DeepSeek-R1-Distill-Qwen-1.5B
3,0.0661745518445968,0.0753052681684494,awq,deepseek-ai_DeepSeek-R1-Distill-Qwen-1.5B
4,0.0803443044424057,0.0763468593358993,awq,deepseek-ai_DeepSeek-R1-Distill-Qwen-1.5B
5,0.0954099521040916,0.0986100360751152,awq,deepseek-ai_DeepSeek-R1-Distill-Qwen-1.5B
6,0.0968525633215904,0.0971308425068855,awq,deepseek-ai_DeepSeek-R1-Distill-Qwen-1.5B
7,0.1041849851608276,0.103929579257965,awq,deepseek-ai_DeepSeek-R1-Distill-Qwen-1.5B
8,0.1135428771376609,0.125971183180809,awq,deepseek-ai_DeepSeek-R1-Distill-Qwen-1.5B
9,0.1229003071784973,0.1216650977730751,awq,deepseek-ai_DeepSeek-R1-Distill-Qwen-1.5B
10,0.135930597782135,0.1367573887109756,awq,deepseek-ai_DeepSeek-R1-Distill-Qwen-1.5B
11,0.1399379819631576,0.1386714726686477,awq,deepseek-ai_DeepSeek-R1-Distill-Qwen-1.5B
12,0.1365163773298263,0.1279876083135604,awq,deepseek-ai_DeepSeek-R1-Distill-Qwen-1.5B
13,0.1457799524068832,0.1285235434770584,awq,deepseek-ai_DeepSeek-R1-Distill-Qwen-1.5B
14,0.1588602811098098,0.1471153348684311,awq,deepseek-ai_DeepSeek-R1-Distill-Qwen-1.5B
15,0.1505088657140731,0.1470073610544204,awq,deepseek-ai_DeepSeek-R1-Distill-Qwen-1.5B
16,0.1507468670606613,0.147987425327301,awq,deepseek-ai_DeepSeek-R1-Distill-Qwen-1.5B
17,0.1499025672674179,0.1517413556575775,awq,deepseek-ai_DeepSeek-R1-Distill-Qwen-1.5B
18,0.1496434360742569,0.1681519001722335,awq,deepseek-ai_DeepSeek-R1-Distill-Qwen-1.5B
19,0.1674207150936126,0.2063128352165222,awq,deepseek-ai_DeepSeek-R1-Distill-Qwen-1.5B
20,0.1698490232229232,0.2196868062019348,awq,deepseek-ai_DeepSeek-R1-Distill-Qwen-1.5B
21,0.1546097695827484,0.1962581276893615,awq,deepseek-ai_DeepSeek-R1-Distill-Qwen-1.5B
22,0.1572216004133224,0.2244861721992492,awq,deepseek-ai_DeepSeek-R1-Distill-Qwen-1.5B
23,0.1736890524625778,0.263957142829895,awq,deepseek-ai_DeepSeek-R1-Distill-Qwen-1.5B
24,0.1685712486505508,0.2716221213340759,awq,deepseek-ai_DeepSeek-R1-Distill-Qwen-1.5B
25,0.17517951130867,0.2605072557926178,awq,deepseek-ai_DeepSeek-R1-Distill-Qwen-1.5B
26,0.1521654427051544,0.2250514328479766,awq,deepseek-ai_DeepSeek-R1-Distill-Qwen-1.5B
27,0.1502265930175781,0.259805679321289,awq,deepseek-ai_DeepSeek-R1-Distill-Qwen-1.5B
0,0.0369539335370063,0.0422011502087116,hqq,deepseek-ai_DeepSeek-R1-Distill-Qwen-1.5B
1,0.0469162724912166,0.042593527585268,hqq,deepseek-ai_DeepSeek-R1-Distill-Qwen-1.5B
2,0.0573968291282653,0.0529232174158096,hqq,deepseek-ai_DeepSeek-R1-Distill-Qwen-1.5B
3,0.0692300647497177,0.0696540623903274,hqq,deepseek-ai_DeepSeek-R1-Distill-Qwen-1.5B
4,0.0805835202336311,0.0695512443780899,hqq,deepseek-ai_DeepSeek-R1-Distill-Qwen-1.5B
5,0.0892744436860084,0.0764707773923873,hqq,deepseek-ai_DeepSeek-R1-Distill-Qwen-1.5B
6,0.0946858301758766,0.0861720815300941,hqq,deepseek-ai_DeepSeek-R1-Distill-Qwen-1.5B
7,0.10089723020792,0.0905477181077003,hqq,deepseek-ai_DeepSeek-R1-Distill-Qwen-1.5B
8,0.1085693538188934,0.0988200381398201,hqq,deepseek-ai_DeepSeek-R1-Distill-Qwen-1.5B
9,0.1235605478286743,0.1188808158040046,hqq,deepseek-ai_DeepSeek-R1-Distill-Qwen-1.5B
10,0.1298884153366089,0.118570439517498,hqq,deepseek-ai_DeepSeek-R1-Distill-Qwen-1.5B
11,0.1368235051631927,0.1300840228796005,hqq,deepseek-ai_DeepSeek-R1-Distill-Qwen-1.5B
12,0.137268841266632,0.1357065886259079,hqq,deepseek-ai_DeepSeek-R1-Distill-Qwen-1.5B
13,0.1396092623472213,0.1358827650547027,hqq,deepseek-ai_DeepSeek-R1-Distill-Qwen-1.5B
14,0.1520969122648239,0.1540508866310119,hqq,deepseek-ai_DeepSeek-R1-Distill-Qwen-1.5B
15,0.1437275111675262,0.1434552520513534,hqq,deepseek-ai_DeepSeek-R1-Distill-Qwen-1.5B
16,0.1481455564498901,0.1480105221271515,hqq,deepseek-ai_DeepSeek-R1-Distill-Qwen-1.5B
17,0.1434015035629272,0.141696497797966,hqq,deepseek-ai_DeepSeek-R1-Distill-Qwen-1.5B
18,0.1392059475183487,0.1472957730293274,hqq,deepseek-ai_DeepSeek-R1-Distill-Qwen-1.5B
19,0.1575127691030502,0.1765644252300262,hqq,deepseek-ai_DeepSeek-R1-Distill-Qwen-1.5B
20,0.1706890612840652,0.1916848272085189,hqq,deepseek-ai_DeepSeek-R1-Distill-Qwen-1.5B
21,0.1601546853780746,0.1885817348957061,hqq,deepseek-ai_DeepSeek-R1-Distill-Qwen-1.5B
22,0.1570271104574203,0.2099143415689468,hqq,deepseek-ai_DeepSeek-R1-Distill-Qwen-1.5B
23,0.1787344515323639,0.2432148307561874,hqq,deepseek-ai_DeepSeek-R1-Distill-Qwen-1.5B
24,0.1800997704267501,0.2570979297161102,hqq,deepseek-ai_DeepSeek-R1-Distill-Qwen-1.5B
25,0.2082810699939727,0.271252691745758,hqq,deepseek-ai_DeepSeek-R1-Distill-Qwen-1.5B
26,0.1688961237668991,0.211489200592041,hqq,deepseek-ai_DeepSeek-R1-Distill-Qwen-1.5B
27,0.1452738493680954,0.2118335217237472,hqq,deepseek-ai_DeepSeek-R1-Distill-Qwen-1.5B
0,0.001284756,0.0009037525,fp8,deepseek-ai_DeepSeek-R1-Distill-Qwen-32B
1,0.0011424012,0.00081730186,fp8,deepseek-ai_DeepSeek-R1-Distill-Qwen-32B
2,0.0011562026,0.0008134543,fp8,deepseek-ai_DeepSeek-R1-Distill-Qwen-32B
3,0.0012252304,0.00087817403,fp8,deepseek-ai_DeepSeek-R1-Distill-Qwen-32B
4,0.0012920019,0.001000897,fp8,deepseek-ai_DeepSeek-R1-Distill-Qwen-32B
5,0.0015068057,0.0014005855,fp8,deepseek-ai_DeepSeek-R1-Distill-Qwen-32B
6,0.0016278508,0.0018284012,fp8,deepseek-ai_DeepSeek-R1-Distill-Qwen-32B
7,0.001850567,0.0016188694,fp8,deepseek-ai_DeepSeek-R1-Distill-Qwen-32B
8,0.0019855096,0.0015149289,fp8,deepseek-ai_DeepSeek-R1-Distill-Qwen-32B
9,0.0020689762,0.0016559149,fp8,deepseek-ai_DeepSeek-R1-Distill-Qwen-32B
10,0.0021648244,0.0017396676,fp8,deepseek-ai_DeepSeek-R1-Distill-Qwen-32B
11,0.0023248803,0.0018371675,fp8,deepseek-ai_DeepSeek-R1-Distill-Qwen-32B
12,0.0025487782,0.002101832,fp8,deepseek-ai_DeepSeek-R1-Distill-Qwen-32B
13,0.00271591,0.0021695723,fp8,deepseek-ai_DeepSeek-R1-Distill-Qwen-32B
14,0.0029029257,0.002288571,fp8,deepseek-ai_DeepSeek-R1-Distill-Qwen-32B
15,0.0031189586,0.0025746194,fp8,deepseek-ai_DeepSeek-R1-Distill-Qwen-32B
16,0.003217142,0.002669037,fp8,deepseek-ai_DeepSeek-R1-Distill-Qwen-32B
17,0.0033462476,0.0026750923,fp8,deepseek-ai_DeepSeek-R1-Distill-Qwen-32B
18,0.0035025608,0.0029022878,fp8,deepseek-ai_DeepSeek-R1-Distill-Qwen-32B
19,0.0035389238,0.0029020298,fp8,deepseek-ai_DeepSeek-R1-Distill-Qwen-32B
20,0.0036656477,0.0030210097,fp8,deepseek-ai_DeepSeek-R1-Distill-Qwen-32B
21,0.0036818106,0.0029840176,fp8,deepseek-ai_DeepSeek-R1-Distill-Qwen-32B
22,0.0038051994,0.0031710116,fp8,deepseek-ai_DeepSeek-R1-Distill-Qwen-32B
23,0.00383353,0.0038011814,fp8,deepseek-ai_DeepSeek-R1-Distill-Qwen-32B
24,0.0038996672,0.004275358,fp8,deepseek-ai_DeepSeek-R1-Distill-Qwen-32B
25,0.004045541,0.004120155,fp8,deepseek-ai_DeepSeek-R1-Distill-Qwen-32B
26,0.0041995966,0.0046399273,fp8,deepseek-ai_DeepSeek-R1-Distill-Qwen-32B
27,0.004350886,0.0042118607,fp8,deepseek-ai_DeepSeek-R1-Distill-Qwen-32B
28,0.004469731,0.003961238,fp8,deepseek-ai_DeepSeek-R1-Distill-Qwen-32B
29,0.004466444,0.004388301,fp8,deepseek-ai_DeepSeek-R1-Distill-Qwen-32B
30,0.004617123,0.004682118,fp8,deepseek-ai_DeepSeek-R1-Distill-Qwen-32B
31,0.0046515567,0.004445027,fp8,deepseek-ai_DeepSeek-R1-Distill-Qwen-32B
32,0.004437758,0.004538545,fp8,deepseek-ai_DeepSeek-R1-Distill-Qwen-32B
33,0.0044141053,0.004228944,fp8,deepseek-ai_DeepSeek-R1-Distill-Qwen-32B
34,0.0044816965,0.003750508,fp8,deepseek-ai_DeepSeek-R1-Distill-Qwen-32B
35,0.004560073,0.004834372,fp8,deepseek-ai_DeepSeek-R1-Distill-Qwen-32B
36,0.0045321267,0.0049125995,fp8,deepseek-ai_DeepSeek-R1-Distill-Qwen-32B
37,0.004653961,0.00622423,fp8,deepseek-ai_DeepSeek-R1-Distill-Qwen-32B
38,0.0048129084,0.0070873,fp8,deepseek-ai_DeepSeek-R1-Distill-Qwen-32B
39,0.004801852,0.008322691,fp8,deepseek-ai_DeepSeek-R1-Distill-Qwen-32B
40,0.0047957627,0.011972443,fp8,deepseek-ai_DeepSeek-R1-Distill-Qwen-32B
41,0.0051285657,0.011680575,fp8,deepseek-ai_DeepSeek-R1-Distill-Qwen-32B
42,0.0053433594,0.013191615,fp8,deepseek-ai_DeepSeek-R1-Distill-Qwen-32B
43,0.005248445,0.0114045795,fp8,deepseek-ai_DeepSeek-R1-Distill-Qwen-32B
44,0.0045315777,0.009202805,fp8,deepseek-ai_DeepSeek-R1-Distill-Qwen-32B
45,0.0044883643,0.0068693715,fp8,deepseek-ai_DeepSeek-R1-Distill-Qwen-32B
46,0.004717182,0.015504754,fp8,deepseek-ai_DeepSeek-R1-Distill-Qwen-32B
47,0.005018878,0.025316369,fp8,deepseek-ai_DeepSeek-R1-Distill-Qwen-32B
48,0.0057074092,0.040172856,fp8,deepseek-ai_DeepSeek-R1-Distill-Qwen-32B
49,0.00695893,0.07099731,fp8,deepseek-ai_DeepSeek-R1-Distill-Qwen-32B
50,0.00684614,0.068098135,fp8,deepseek-ai_DeepSeek-R1-Distill-Qwen-32B
51,0.007489176,0.10535074,fp8,deepseek-ai_DeepSeek-R1-Distill-Qwen-32B
52,0.00816697,0.12010607,fp8,deepseek-ai_DeepSeek-R1-Distill-Qwen-32B
53,0.0056596515,0.019886216,fp8,deepseek-ai_DeepSeek-R1-Distill-Qwen-32B
54,0.009251641,0.15136532,fp8,deepseek-ai_DeepSeek-R1-Distill-Qwen-32B
55,0.0068659396,0.04143624,fp8,deepseek-ai_DeepSeek-R1-Distill-Qwen-32B
56,0.009703178,0.14244847,fp8,deepseek-ai_DeepSeek-R1-Distill-Qwen-32B
57,0.008581784,0.07651838,fp8,deepseek-ai_DeepSeek-R1-Distill-Qwen-32B
58,0.011696696,0.18957174,fp8,deepseek-ai_DeepSeek-R1-Distill-Qwen-32B
59,0.014002105,0.27909246,fp8,deepseek-ai_DeepSeek-R1-Distill-Qwen-32B
60,0.014309839,0.23410694,fp8,deepseek-ai_DeepSeek-R1-Distill-Qwen-32B
61,0.008140923,0.098098285,fp8,deepseek-ai_DeepSeek-R1-Distill-Qwen-32B
62,0.006909453,0.11133421,fp8,deepseek-ai_DeepSeek-R1-Distill-Qwen-32B
63,0.004431813,0.03641051,fp8,deepseek-ai_DeepSeek-R1-Distill-Qwen-32B
0,0.012871106,0.009218413,int4,deepseek-ai_DeepSeek-R1-Distill-Qwen-32B
1,0.010382241,0.0074255797,int4,deepseek-ai_DeepSeek-R1-Distill-Qwen-32B
2,0.0095884185,0.0072968504,int4,deepseek-ai_DeepSeek-R1-Distill-Qwen-32B
3,0.01121136,0.0085230945,int4,deepseek-ai_DeepSeek-R1-Distill-Qwen-32B
4,0.011744918,0.011920404,int4,deepseek-ai_DeepSeek-R1-Distill-Qwen-32B
5,0.015627226,0.038848273,int4,deepseek-ai_DeepSeek-R1-Distill-Qwen-32B
6,0.017630981,0.037797213,int4,deepseek-ai_DeepSeek-R1-Distill-Qwen-32B
7,0.021944541,0.038511865,int4,deepseek-ai_DeepSeek-R1-Distill-Qwen-32B
8,0.0237012,0.038629852,int4,deepseek-ai_DeepSeek-R1-Distill-Qwen-32B
9,0.023464594,0.034510233,int4,deepseek-ai_DeepSeek-R1-Distill-Qwen-32B
10,0.0243143,0.037965342,int4,deepseek-ai_DeepSeek-R1-Distill-Qwen-32B
11,0.026174838,0.04005957,int4,deepseek-ai_DeepSeek-R1-Distill-Qwen-32B
12,0.03010897,0.044229392,int4,deepseek-ai_DeepSeek-R1-Distill-Qwen-32B
13,0.031635728,0.03101541,int4,deepseek-ai_DeepSeek-R1-Distill-Qwen-32B
14,0.032753058,0.030604497,int4,deepseek-ai_DeepSeek-R1-Distill-Qwen-32B
15,0.03431524,0.029738221,int4,deepseek-ai_DeepSeek-R1-Distill-Qwen-32B
16,0.036200095,0.03191726,int4,deepseek-ai_DeepSeek-R1-Distill-Qwen-32B
17,0.03741541,0.033486973,int4,deepseek-ai_DeepSeek-R1-Distill-Qwen-32B
18,0.039431997,0.034830045,int4,deepseek-ai_DeepSeek-R1-Distill-Qwen-32B
19,0.039732143,0.034199275,int4,deepseek-ai_DeepSeek-R1-Distill-Qwen-32B
20,0.040169213,0.03389287,int4,deepseek-ai_DeepSeek-R1-Distill-Qwen-32B
21,0.04145852,0.0339382,int4,deepseek-ai_DeepSeek-R1-Distill-Qwen-32B
22,0.042301465,0.033824097,int4,deepseek-ai_DeepSeek-R1-Distill-Qwen-32B
23,0.043880858,0.035715982,int4,deepseek-ai_DeepSeek-R1-Distill-Qwen-32B
24,0.043699756,0.034752913,int4,deepseek-ai_DeepSeek-R1-Distill-Qwen-32B
25,0.045700733,0.035534192,int4,deepseek-ai_DeepSeek-R1-Distill-Qwen-32B
26,0.04737725,0.0360153,int4,deepseek-ai_DeepSeek-R1-Distill-Qwen-32B
27,0.048842534,0.037293155,int4,deepseek-ai_DeepSeek-R1-Distill-Qwen-32B
28,0.049112517,0.03725615,int4,deepseek-ai_DeepSeek-R1-Distill-Qwen-32B
29,0.0510826,0.040302295,int4,deepseek-ai_DeepSeek-R1-Distill-Qwen-32B
30,0.053123333,0.042116486,int4,deepseek-ai_DeepSeek-R1-Distill-Qwen-32B
31,0.054221094,0.047464475,int4,deepseek-ai_DeepSeek-R1-Distill-Qwen-32B
32,0.052094903,0.060544778,int4,deepseek-ai_DeepSeek-R1-Distill-Qwen-32B
33,0.050916303,0.04895497,int4,deepseek-ai_DeepSeek-R1-Distill-Qwen-32B
34,0.05035612,0.044197354,int4,deepseek-ai_DeepSeek-R1-Distill-Qwen-32B
35,0.050676435,0.04433234,int4,deepseek-ai_DeepSeek-R1-Distill-Qwen-32B
36,0.049960952,0.046299525,int4,deepseek-ai_DeepSeek-R1-Distill-Qwen-32B
37,0.051033873,0.052973416,int4,deepseek-ai_DeepSeek-R1-Distill-Qwen-32B
38,0.05155303,0.06237034,int4,deepseek-ai_DeepSeek-R1-Distill-Qwen-32B
39,0.049230434,0.050589018,int4,deepseek-ai_DeepSeek-R1-Distill-Qwen-32B
40,0.04752786,0.048247144,int4,deepseek-ai_DeepSeek-R1-Distill-Qwen-32B
41,0.051128574,0.054830372,int4,deepseek-ai_DeepSeek-R1-Distill-Qwen-32B
42,0.054128703,0.05959816,int4,deepseek-ai_DeepSeek-R1-Distill-Qwen-32B
43,0.052577384,0.05930961,int4,deepseek-ai_DeepSeek-R1-Distill-Qwen-32B
44,0.048188105,0.06172544,int4,deepseek-ai_DeepSeek-R1-Distill-Qwen-32B
45,0.048565283,0.06091089,int4,deepseek-ai_DeepSeek-R1-Distill-Qwen-32B
46,0.048853274,0.062010508,int4,deepseek-ai_DeepSeek-R1-Distill-Qwen-32B
47,0.048539303,0.074031405,int4,deepseek-ai_DeepSeek-R1-Distill-Qwen-32B
48,0.051198244,0.09571393,int4,deepseek-ai_DeepSeek-R1-Distill-Qwen-32B
49,0.05603615,0.12667465,int4,deepseek-ai_DeepSeek-R1-Distill-Qwen-32B
50,0.056019712,0.13027377,int4,deepseek-ai_DeepSeek-R1-Distill-Qwen-32B
51,0.05413095,0.12714958,int4,deepseek-ai_DeepSeek-R1-Distill-Qwen-32B
52,0.059189267,0.16633496,int4,deepseek-ai_DeepSeek-R1-Distill-Qwen-32B
53,0.06740932,0.2990761,int4,deepseek-ai_DeepSeek-R1-Distill-Qwen-32B
54,0.070181705,0.19431704,int4,deepseek-ai_DeepSeek-R1-Distill-Qwen-32B
55,0.07781512,0.32275096,int4,deepseek-ai_DeepSeek-R1-Distill-Qwen-32B
56,0.07551073,0.24085234,int4,deepseek-ai_DeepSeek-R1-Distill-Qwen-32B
57,0.07987,0.29207686,int4,deepseek-ai_DeepSeek-R1-Distill-Qwen-32B
58,0.07954319,0.21003029,int4,deepseek-ai_DeepSeek-R1-Distill-Qwen-32B
59,0.08102626,0.25441462,int4,deepseek-ai_DeepSeek-R1-Distill-Qwen-32B
60,0.0874078,0.27686268,int4,deepseek-ai_DeepSeek-R1-Distill-Qwen-32B
61,0.070020415,0.18614204,int4,deepseek-ai_DeepSeek-R1-Distill-Qwen-32B
62,0.03938324,0.090379275,int4,deepseek-ai_DeepSeek-R1-Distill-Qwen-32B
63,0.03342879,0.075670935,int4,deepseek-ai_DeepSeek-R1-Distill-Qwen-32B
0,1.1004335e-05,5.933382e-05,float16,deepseek-ai_DeepSeek-R1-Distill-Qwen-32B
1,5.8603557e-05,0.00012252446,float16,deepseek-ai_DeepSeek-R1-Distill-Qwen-32B
2,0.00011366472,0.00016138585,float16,deepseek-ai_DeepSeek-R1-Distill-Qwen-32B
3,0.00016712428,0.00020019506,float16,deepseek-ai_DeepSeek-R1-Distill-Qwen-32B
4,0.00020069443,0.00021791419,float16,deepseek-ai_DeepSeek-R1-Distill-Qwen-32B
5,0.0002419669,0.00023573282,float16,deepseek-ai_DeepSeek-R1-Distill-Qwen-32B
6,0.0002777084,0.00024014327,float16,deepseek-ai_DeepSeek-R1-Distill-Qwen-32B
7,0.00030775127,0.0002651202,float16,deepseek-ai_DeepSeek-R1-Distill-Qwen-32B
8,0.0003339792,0.00027961054,float16,deepseek-ai_DeepSeek-R1-Distill-Qwen-32B
9,0.0003475574,0.00027715805,float16,deepseek-ai_DeepSeek-R1-Distill-Qwen-32B
10,0.00035721035,0.0002869455,float16,deepseek-ai_DeepSeek-R1-Distill-Qwen-32B
11,0.00039186137,0.0003010679,float16,deepseek-ai_DeepSeek-R1-Distill-Qwen-32B
12,0.00042064599,0.0003266408,float16,deepseek-ai_DeepSeek-R1-Distill-Qwen-32B
13,0.00043814213,0.0003249193,float16,deepseek-ai_DeepSeek-R1-Distill-Qwen-32B
14,0.0004708999,0.0003677292,float16,deepseek-ai_DeepSeek-R1-Distill-Qwen-32B
15,0.0004920219,0.00037391364,float16,deepseek-ai_DeepSeek-R1-Distill-Qwen-32B
16,0.0004980532,0.00036961187,float16,deepseek-ai_DeepSeek-R1-Distill-Qwen-32B
17,0.00051812636,0.0003926204,float16,deepseek-ai_DeepSeek-R1-Distill-Qwen-32B
18,0.00056630676,0.00044009188,float16,deepseek-ai_DeepSeek-R1-Distill-Qwen-32B
19,0.00056837464,0.000430342,float16,deepseek-ai_DeepSeek-R1-Distill-Qwen-32B
20,0.00058599625,0.00043508413,float16,deepseek-ai_DeepSeek-R1-Distill-Qwen-32B
21,0.0006053903,0.00046992832,float16,deepseek-ai_DeepSeek-R1-Distill-Qwen-32B
22,0.00060337974,0.00045242414,float16,deepseek-ai_DeepSeek-R1-Distill-Qwen-32B
23,0.0006061125,0.00046649063,float16,deepseek-ai_DeepSeek-R1-Distill-Qwen-32B
24,0.0006015682,0.00043797444,float16,deepseek-ai_DeepSeek-R1-Distill-Qwen-32B
25,0.0006350598,0.00046883308,float16,deepseek-ai_DeepSeek-R1-Distill-Qwen-32B
26,0.0006404356,0.00045774571,float16,deepseek-ai_DeepSeek-R1-Distill-Qwen-32B
27,0.00068180484,0.00048033113,float16,deepseek-ai_DeepSeek-R1-Distill-Qwen-32B
28,0.00067555805,0.00052381854,float16,deepseek-ai_DeepSeek-R1-Distill-Qwen-32B
29,0.0006897886,0.00050528353,float16,deepseek-ai_DeepSeek-R1-Distill-Qwen-32B
30,0.0007080981,0.0005314021,float16,deepseek-ai_DeepSeek-R1-Distill-Qwen-32B
31,0.0007097658,0.0006105616,float16,deepseek-ai_DeepSeek-R1-Distill-Qwen-32B
32,0.0007072658,0.00086898386,float16,deepseek-ai_DeepSeek-R1-Distill-Qwen-32B
33,0.0006930287,0.0006634581,float16,deepseek-ai_DeepSeek-R1-Distill-Qwen-32B
34,0.00071117125,0.00063731294,float16,deepseek-ai_DeepSeek-R1-Distill-Qwen-32B
35,0.00072280964,0.0006311967,float16,deepseek-ai_DeepSeek-R1-Distill-Qwen-32B
36,0.00069962704,0.0006178558,float16,deepseek-ai_DeepSeek-R1-Distill-Qwen-32B
37,0.00074310775,0.0006999959,float16,deepseek-ai_DeepSeek-R1-Distill-Qwen-32B
38,0.00072625285,0.00068230485,float16,deepseek-ai_DeepSeek-R1-Distill-Qwen-32B
39,0.00069566147,0.0007982795,float16,deepseek-ai_DeepSeek-R1-Distill-Qwen-32B
40,0.00069175026,0.0008063946,float16,deepseek-ai_DeepSeek-R1-Distill-Qwen-32B
41,0.0007660482,0.0011056564,float16,deepseek-ai_DeepSeek-R1-Distill-Qwen-32B
42,0.0007571231,0.00090434635,float16,deepseek-ai_DeepSeek-R1-Distill-Qwen-32B
43,0.0007820317,0.0011314444,float16,deepseek-ai_DeepSeek-R1-Distill-Qwen-32B
44,0.00069546944,0.0008517837,float16,deepseek-ai_DeepSeek-R1-Distill-Qwen-32B
45,0.0007118328,0.0010843442,float16,deepseek-ai_DeepSeek-R1-Distill-Qwen-32B
46,0.000717546,0.0013357189,float16,deepseek-ai_DeepSeek-R1-Distill-Qwen-32B
47,0.0007256784,0.001759355,float16,deepseek-ai_DeepSeek-R1-Distill-Qwen-32B
48,0.0007229317,0.0017761976,float16,deepseek-ai_DeepSeek-R1-Distill-Qwen-32B
49,0.0008348881,0.0063583427,float16,deepseek-ai_DeepSeek-R1-Distill-Qwen-32B
50,0.0007420738,0.0014519928,float16,deepseek-ai_DeepSeek-R1-Distill-Qwen-32B
51,0.0008013974,0.0043779104,float16,deepseek-ai_DeepSeek-R1-Distill-Qwen-32B
52,0.0010976531,0.017067013,float16,deepseek-ai_DeepSeek-R1-Distill-Qwen-32B
53,0.00077948434,0.0020510836,float16,deepseek-ai_DeepSeek-R1-Distill-Qwen-32B
54,0.001371617,0.026390841,float16,deepseek-ai_DeepSeek-R1-Distill-Qwen-32B
55,0.0009766661,0.006685763,float16,deepseek-ai_DeepSeek-R1-Distill-Qwen-32B
56,0.0013740321,0.022946646,float16,deepseek-ai_DeepSeek-R1-Distill-Qwen-32B
57,0.001178746,0.012941382,float16,deepseek-ai_DeepSeek-R1-Distill-Qwen-32B
58,0.000907902,0.0029897569,float16,deepseek-ai_DeepSeek-R1-Distill-Qwen-32B
59,0.0010293028,0.0062118876,float16,deepseek-ai_DeepSeek-R1-Distill-Qwen-32B
60,0.0008397036,0.002085471,float16,deepseek-ai_DeepSeek-R1-Distill-Qwen-32B
61,0.00081063027,0.0033464553,float16,deepseek-ai_DeepSeek-R1-Distill-Qwen-32B
62,0.000521137,0.0019301786,float16,deepseek-ai_DeepSeek-R1-Distill-Qwen-32B
63,0.0006377956,0.0010192016,float16,deepseek-ai_DeepSeek-R1-Distill-Qwen-32B
0,0.0005950169,0.0004351108,int8,deepseek-ai_DeepSeek-R1-Distill-Qwen-32B
1,0.0005762038,0.0003942325,int8,deepseek-ai_DeepSeek-R1-Distill-Qwen-32B
2,0.0005778725,0.00041256024,int8,deepseek-ai_DeepSeek-R1-Distill-Qwen-32B
3,0.0005956796,0.00043690266,int8,deepseek-ai_DeepSeek-R1-Distill-Qwen-32B
4,0.0006058758,0.00044590028,int8,deepseek-ai_DeepSeek-R1-Distill-Qwen-32B
5,0.00076145044,0.0019924066,int8,deepseek-ai_DeepSeek-R1-Distill-Qwen-32B
6,0.0008480777,0.0027543523,int8,deepseek-ai_DeepSeek-R1-Distill-Qwen-32B
7,0.00092628883,0.0021575326,int8,deepseek-ai_DeepSeek-R1-Distill-Qwen-32B
8,0.0009835317,0.0009836993,int8,deepseek-ai_DeepSeek-R1-Distill-Qwen-32B
9,0.0009907794,0.0011491623,int8,deepseek-ai_DeepSeek-R1-Distill-Qwen-32B
10,0.0010208858,0.0009432183,int8,deepseek-ai_DeepSeek-R1-Distill-Qwen-32B
11,0.0010919396,0.0012014298,int8,deepseek-ai_DeepSeek-R1-Distill-Qwen-32B
12,0.0011599166,0.0010576183,int8,deepseek-ai_DeepSeek-R1-Distill-Qwen-32B
13,0.0012365587,0.0010299812,int8,deepseek-ai_DeepSeek-R1-Distill-Qwen-32B
14,0.0012867709,0.0010764953,int8,deepseek-ai_DeepSeek-R1-Distill-Qwen-32B
15,0.0013492736,0.0010657696,int8,deepseek-ai_DeepSeek-R1-Distill-Qwen-32B
16,0.0013985877,0.00105039,int8,deepseek-ai_DeepSeek-R1-Distill-Qwen-32B
17,0.0014371572,0.0010592382,int8,deepseek-ai_DeepSeek-R1-Distill-Qwen-32B
18,0.0015376456,0.0012288722,int8,deepseek-ai_DeepSeek-R1-Distill-Qwen-32B
19,0.0015668672,0.0011980024,int8,deepseek-ai_DeepSeek-R1-Distill-Qwen-32B
20,0.0016167841,0.0012810101,int8,deepseek-ai_DeepSeek-R1-Distill-Qwen-32B
21,0.0016456558,0.0013202805,int8,deepseek-ai_DeepSeek-R1-Distill-Qwen-32B
22,0.0016713523,0.0013148721,int8,deepseek-ai_DeepSeek-R1-Distill-Qwen-32B
23,0.0016906058,0.0012886318,int8,deepseek-ai_DeepSeek-R1-Distill-Qwen-32B
24,0.0017149026,0.0013299434,int8,deepseek-ai_DeepSeek-R1-Distill-Qwen-32B
25,0.0018524654,0.0014190607,int8,deepseek-ai_DeepSeek-R1-Distill-Qwen-32B
26,0.0018911404,0.0014389412,int8,deepseek-ai_DeepSeek-R1-Distill-Qwen-32B
27,0.0019552524,0.0014913231,int8,deepseek-ai_DeepSeek-R1-Distill-Qwen-32B
28,0.0019599206,0.0015022515,int8,deepseek-ai_DeepSeek-R1-Distill-Qwen-32B
29,0.0020114395,0.0015251907,int8,deepseek-ai_DeepSeek-R1-Distill-Qwen-32B
30,0.002084708,0.0016503519,int8,deepseek-ai_DeepSeek-R1-Distill-Qwen-32B
31,0.0021311056,0.0018768166,int8,deepseek-ai_DeepSeek-R1-Distill-Qwen-32B
32,0.0021318356,0.004507042,int8,deepseek-ai_DeepSeek-R1-Distill-Qwen-32B
33,0.0020461415,0.0025136874,int8,deepseek-ai_DeepSeek-R1-Distill-Qwen-32B
34,0.0020762943,0.0018539837,int8,deepseek-ai_DeepSeek-R1-Distill-Qwen-32B
35,0.0021960575,0.0025811738,int8,deepseek-ai_DeepSeek-R1-Distill-Qwen-32B
36,0.0021435672,0.0020167073,int8,deepseek-ai_DeepSeek-R1-Distill-Qwen-32B
37,0.0022032144,0.0023770663,int8,deepseek-ai_DeepSeek-R1-Distill-Qwen-32B
38,0.002172857,0.0028454924,int8,deepseek-ai_DeepSeek-R1-Distill-Qwen-32B
39,0.0020824776,0.0023956602,int8,deepseek-ai_DeepSeek-R1-Distill-Qwen-32B
40,0.0021722114,0.0027949775,int8,deepseek-ai_DeepSeek-R1-Distill-Qwen-32B
41,0.0023368206,0.0031611018,int8,deepseek-ai_DeepSeek-R1-Distill-Qwen-32B
42,0.0024087923,0.003316013,int8,deepseek-ai_DeepSeek-R1-Distill-Qwen-32B
43,0.0024400013,0.0032915303,int8,deepseek-ai_DeepSeek-R1-Distill-Qwen-32B
44,0.002205633,0.0027906126,int8,deepseek-ai_DeepSeek-R1-Distill-Qwen-32B
45,0.0022833182,0.0036501829,int8,deepseek-ai_DeepSeek-R1-Distill-Qwen-32B
46,0.002414419,0.006497952,int8,deepseek-ai_DeepSeek-R1-Distill-Qwen-32B
47,0.0025572348,0.011722845,int8,deepseek-ai_DeepSeek-R1-Distill-Qwen-32B
48,0.0025262258,0.013392116,int8,deepseek-ai_DeepSeek-R1-Distill-Qwen-32B
49,0.003029531,0.031395726,int8,deepseek-ai_DeepSeek-R1-Distill-Qwen-32B
50,0.0025827454,0.009423973,int8,deepseek-ai_DeepSeek-R1-Distill-Qwen-32B
51,0.0031617132,0.04144957,int8,deepseek-ai_DeepSeek-R1-Distill-Qwen-32B
52,0.0039832774,0.07244495,int8,deepseek-ai_DeepSeek-R1-Distill-Qwen-32B
53,0.0026265637,0.0063216607,int8,deepseek-ai_DeepSeek-R1-Distill-Qwen-32B
54,0.0055064266,0.12122504,int8,deepseek-ai_DeepSeek-R1-Distill-Qwen-32B
55,0.0033215065,0.02228306,int8,deepseek-ai_DeepSeek-R1-Distill-Qwen-32B
56,0.0050374833,0.09150031,int8,deepseek-ai_DeepSeek-R1-Distill-Qwen-32B
57,0.0043286686,0.048707757,int8,deepseek-ai_DeepSeek-R1-Distill-Qwen-32B
58,0.004431458,0.047604784,int8,deepseek-ai_DeepSeek-R1-Distill-Qwen-32B
59,0.006631036,0.15113483,int8,deepseek-ai_DeepSeek-R1-Distill-Qwen-32B
60,0.0037368045,0.027773403,int8,deepseek-ai_DeepSeek-R1-Distill-Qwen-32B
61,0.0026482348,0.009019684,int8,deepseek-ai_DeepSeek-R1-Distill-Qwen-32B
62,0.0020204203,0.02415945,int8,deepseek-ai_DeepSeek-R1-Distill-Qwen-32B
63,0.0015786679,0.0026340869,int8,deepseek-ai_DeepSeek-R1-Distill-Qwen-32B
0,0.008605835,0.009614377,int4,Qwen_Qwen3-30B-A3B-Instruct-2507
1,0.02175449,0.024055175,int4,Qwen_Qwen3-30B-A3B-Instruct-2507
2,0.030311236,0.036553256,int4,Qwen_Qwen3-30B-A3B-Instruct-2507
3,0.04024927,0.041772515,int4,Qwen_Qwen3-30B-A3B-Instruct-2507
4,0.051131472,0.057491068,int4,Qwen_Qwen3-30B-A3B-Instruct-2507
5,0.055808347,0.071056545,int4,Qwen_Qwen3-30B-A3B-Instruct-2507
6,0.06291401,0.074174024,int4,Qwen_Qwen3-30B-A3B-Instruct-2507
7,0.06564303,0.07869049,int4,Qwen_Qwen3-30B-A3B-Instruct-2507
8,0.07114233,0.07908541,int4,Qwen_Qwen3-30B-A3B-Instruct-2507
9,0.07021999,0.07325516,int4,Qwen_Qwen3-30B-A3B-Instruct-2507
10,0.0728989,0.07126878,int4,Qwen_Qwen3-30B-A3B-Instruct-2507
11,0.072808184,0.067753226,int4,Qwen_Qwen3-30B-A3B-Instruct-2507
12,0.07814347,0.07133105,int4,Qwen_Qwen3-30B-A3B-Instruct-2507
13,0.08203407,0.0742008,int4,Qwen_Qwen3-30B-A3B-Instruct-2507
14,0.07963425,0.077263065,int4,Qwen_Qwen3-30B-A3B-Instruct-2507
15,0.08732494,0.0979823,int4,Qwen_Qwen3-30B-A3B-Instruct-2507
16,0.08806365,0.09334422,int4,Qwen_Qwen3-30B-A3B-Instruct-2507
17,0.09410385,0.10668844,int4,Qwen_Qwen3-30B-A3B-Instruct-2507
18,0.09958034,0.119732015,int4,Qwen_Qwen3-30B-A3B-Instruct-2507
19,0.097654276,0.11395775,int4,Qwen_Qwen3-30B-A3B-Instruct-2507
20,0.09978153,0.12395238,int4,Qwen_Qwen3-30B-A3B-Instruct-2507
21,0.095791176,0.1368301,int4,Qwen_Qwen3-30B-A3B-Instruct-2507
22,0.102681816,0.19139336,int4,Qwen_Qwen3-30B-A3B-Instruct-2507
23,0.099832915,0.176957,int4,Qwen_Qwen3-30B-A3B-Instruct-2507
24,0.10134231,0.17834577,int4,Qwen_Qwen3-30B-A3B-Instruct-2507
25,0.09127655,0.10984484,int4,Qwen_Qwen3-30B-A3B-Instruct-2507
26,0.09310809,0.12553117,int4,Qwen_Qwen3-30B-A3B-Instruct-2507
27,0.10112023,0.12875837,int4,Qwen_Qwen3-30B-A3B-Instruct-2507
28,0.09567858,0.1475954,int4,Qwen_Qwen3-30B-A3B-Instruct-2507
29,0.097580515,0.14105083,int4,Qwen_Qwen3-30B-A3B-Instruct-2507
30,0.10952175,0.16579293,int4,Qwen_Qwen3-30B-A3B-Instruct-2507
31,0.112480864,0.18958823,int4,Qwen_Qwen3-30B-A3B-Instruct-2507
32,0.11341202,0.16515088,int4,Qwen_Qwen3-30B-A3B-Instruct-2507
33,0.117931105,0.23896722,int4,Qwen_Qwen3-30B-A3B-Instruct-2507
34,0.11772549,0.25024354,int4,Qwen_Qwen3-30B-A3B-Instruct-2507
35,0.11019028,0.23584078,int4,Qwen_Qwen3-30B-A3B-Instruct-2507
36,0.11878655,0.25424838,int4,Qwen_Qwen3-30B-A3B-Instruct-2507
37,0.10104985,0.14274395,int4,Qwen_Qwen3-30B-A3B-Instruct-2507
38,0.10524626,0.17791158,int4,Qwen_Qwen3-30B-A3B-Instruct-2507
39,0.12631008,0.22838424,int4,Qwen_Qwen3-30B-A3B-Instruct-2507
40,0.13846354,0.29002824,int4,Qwen_Qwen3-30B-A3B-Instruct-2507
41,0.15014873,0.3119385,int4,Qwen_Qwen3-30B-A3B-Instruct-2507
42,0.16998714,0.3239206,int4,Qwen_Qwen3-30B-A3B-Instruct-2507
43,0.18475755,0.41672465,int4,Qwen_Qwen3-30B-A3B-Instruct-2507
44,0.20527494,0.42487878,int4,Qwen_Qwen3-30B-A3B-Instruct-2507
45,0.1961099,0.43857032,int4,Qwen_Qwen3-30B-A3B-Instruct-2507
46,0.14751418,0.36731577,int4,Qwen_Qwen3-30B-A3B-Instruct-2507
47,0.085915975,0.23738618,int4,Qwen_Qwen3-30B-A3B-Instruct-2507
0,2.1952346e-05,8.816413e-05,float16,Qwen_Qwen3-30B-A3B-Instruct-2507
1,0.00021761339,0.0007700397,float16,Qwen_Qwen3-30B-A3B-Instruct-2507
2,0.000549849,0.002568804,float16,Qwen_Qwen3-30B-A3B-Instruct-2507
3,0.00075590133,0.0022192635,float16,Qwen_Qwen3-30B-A3B-Instruct-2507
4,0.0011616537,0.0038776458,float16,Qwen_Qwen3-30B-A3B-Instruct-2507
5,0.001400025,0.004915394,float16,Qwen_Qwen3-30B-A3B-Instruct-2507
6,0.001759826,0.0046537453,float16,Qwen_Qwen3-30B-A3B-Instruct-2507
7,0.0019578552,0.004559311,float16,Qwen_Qwen3-30B-A3B-Instruct-2507
8,0.0022235366,0.0064442335,float16,Qwen_Qwen3-30B-A3B-Instruct-2507
9,0.0023794295,0.005856651,float16,Qwen_Qwen3-30B-A3B-Instruct-2507
10,0.0025443377,0.0061881864,float16,Qwen_Qwen3-30B-A3B-Instruct-2507
11,0.0027324096,0.006864198,float16,Qwen_Qwen3-30B-A3B-Instruct-2507
12,0.0030025712,0.0069454038,float16,Qwen_Qwen3-30B-A3B-Instruct-2507
13,0.003069825,0.006191246,float16,Qwen_Qwen3-30B-A3B-Instruct-2507
14,0.0034357759,0.01255537,float16,Qwen_Qwen3-30B-A3B-Instruct-2507
15,0.0036652908,0.009545234,float16,Qwen_Qwen3-30B-A3B-Instruct-2507
16,0.0037901786,0.008473109,float16,Qwen_Qwen3-30B-A3B-Instruct-2507
17,0.0039026965,0.008858667,float16,Qwen_Qwen3-30B-A3B-Instruct-2507
18,0.004552365,0.012118593,float16,Qwen_Qwen3-30B-A3B-Instruct-2507
19,0.00481304,0.011572105,float16,Qwen_Qwen3-30B-A3B-Instruct-2507
20,0.004669616,0.009385527,float16,Qwen_Qwen3-30B-A3B-Instruct-2507
21,0.004708344,0.010596228,float16,Qwen_Qwen3-30B-A3B-Instruct-2507
22,0.005204663,0.021133559,float16,Qwen_Qwen3-30B-A3B-Instruct-2507
23,0.0053327177,0.021612454,float16,Qwen_Qwen3-30B-A3B-Instruct-2507
24,0.0056696534,0.020201731,float16,Qwen_Qwen3-30B-A3B-Instruct-2507
25,0.005150511,0.013942725,float16,Qwen_Qwen3-30B-A3B-Instruct-2507
26,0.0053654783,0.012327421,float16,Qwen_Qwen3-30B-A3B-Instruct-2507
27,0.005887473,0.014072392,float16,Qwen_Qwen3-30B-A3B-Instruct-2507
28,0.005733139,0.012784904,float16,Qwen_Qwen3-30B-A3B-Instruct-2507
29,0.0056767715,0.01215566,float16,Qwen_Qwen3-30B-A3B-Instruct-2507
30,0.0061858357,0.013791668,float16,Qwen_Qwen3-30B-A3B-Instruct-2507
31,0.0065461057,0.01750969,float16,Qwen_Qwen3-30B-A3B-Instruct-2507
32,0.0066555375,0.018463062,float16,Qwen_Qwen3-30B-A3B-Instruct-2507
33,0.009171302,0.07095458,float16,Qwen_Qwen3-30B-A3B-Instruct-2507
34,0.011488766,0.1540735,float16,Qwen_Qwen3-30B-A3B-Instruct-2507
35,0.010555575,0.1392438,float16,Qwen_Qwen3-30B-A3B-Instruct-2507
36,0.0110160075,0.13933645,float16,Qwen_Qwen3-30B-A3B-Instruct-2507
37,0.0062443456,0.018742723,float16,Qwen_Qwen3-30B-A3B-Instruct-2507
38,0.005960237,0.014322286,float16,Qwen_Qwen3-30B-A3B-Instruct-2507
39,0.0071264943,0.016557734,float16,Qwen_Qwen3-30B-A3B-Instruct-2507
40,0.0076306504,0.019108644,float16,Qwen_Qwen3-30B-A3B-Instruct-2507
41,0.008229328,0.023147197,float16,Qwen_Qwen3-30B-A3B-Instruct-2507
42,0.009744795,0.033239666,float16,Qwen_Qwen3-30B-A3B-Instruct-2507
43,0.0119067915,0.06662765,float16,Qwen_Qwen3-30B-A3B-Instruct-2507
44,0.010952234,0.047248274,float16,Qwen_Qwen3-30B-A3B-Instruct-2507
45,0.010001763,0.04319745,float16,Qwen_Qwen3-30B-A3B-Instruct-2507
46,0.006501413,0.02274615,float16,Qwen_Qwen3-30B-A3B-Instruct-2507
47,0.003795418,0.012702906,float16,Qwen_Qwen3-30B-A3B-Instruct-2507
0,0.000726036,0.0015840924,int8,Qwen_Qwen3-30B-A3B-Instruct-2507
1,0.0014351689,0.0032505584,int8,Qwen_Qwen3-30B-A3B-Instruct-2507
2,0.002305669,0.005016668,int8,Qwen_Qwen3-30B-A3B-Instruct-2507
3,0.0031981599,0.0063773515,int8,Qwen_Qwen3-30B-A3B-Instruct-2507
4,0.0042089843,0.007986422,int8,Qwen_Qwen3-30B-A3B-Instruct-2507
5,0.004978866,0.010085785,int8,Qwen_Qwen3-30B-A3B-Instruct-2507
6,0.0064971484,0.013865655,int8,Qwen_Qwen3-30B-A3B-Instruct-2507
7,0.0072681224,0.019398307,int8,Qwen_Qwen3-30B-A3B-Instruct-2507
8,0.007199127,0.015171042,int8,Qwen_Qwen3-30B-A3B-Instruct-2507
9,0.007854744,0.0155873345,int8,Qwen_Qwen3-30B-A3B-Instruct-2507
10,0.008285846,0.015830677,int8,Qwen_Qwen3-30B-A3B-Instruct-2507
11,0.008596879,0.013495942,int8,Qwen_Qwen3-30B-A3B-Instruct-2507
12,0.009482627,0.014412916,int8,Qwen_Qwen3-30B-A3B-Instruct-2507
13,0.00986178,0.01370638,int8,Qwen_Qwen3-30B-A3B-Instruct-2507
14,0.00980064,0.013808256,int8,Qwen_Qwen3-30B-A3B-Instruct-2507
15,0.010291881,0.014703928,int8,Qwen_Qwen3-30B-A3B-Instruct-2507
16,0.010183908,0.01282972,int8,Qwen_Qwen3-30B-A3B-Instruct-2507
17,0.010983622,0.016257305,int8,Qwen_Qwen3-30B-A3B-Instruct-2507
18,0.013736404,0.036443625,int8,Qwen_Qwen3-30B-A3B-Instruct-2507
19,0.013291819,0.028043795,int8,Qwen_Qwen3-30B-A3B-Instruct-2507
20,0.012896586,0.020710224,int8,Qwen_Qwen3-30B-A3B-Instruct-2507
21,0.014682536,0.06334086,int8,Qwen_Qwen3-30B-A3B-Instruct-2507
22,0.015194007,0.074434415,int8,Qwen_Qwen3-30B-A3B-Instruct-2507
23,0.015315263,0.07171263,int8,Qwen_Qwen3-30B-A3B-Instruct-2507
24,0.015846567,0.07058543,int8,Qwen_Qwen3-30B-A3B-Instruct-2507
25,0.013518739,0.028760178,int8,Qwen_Qwen3-30B-A3B-Instruct-2507
26,0.0135591775,0.023697464,int8,Qwen_Qwen3-30B-A3B-Instruct-2507
27,0.014905858,0.035286095,int8,Qwen_Qwen3-30B-A3B-Instruct-2507
28,0.014634114,0.041558262,int8,Qwen_Qwen3-30B-A3B-Instruct-2507
29,0.013614635,0.030755341,int8,Qwen_Qwen3-30B-A3B-Instruct-2507
30,0.015641456,0.037750285,int8,Qwen_Qwen3-30B-A3B-Instruct-2507
31,0.016738007,0.064950734,int8,Qwen_Qwen3-30B-A3B-Instruct-2507
32,0.018003372,0.090823345,int8,Qwen_Qwen3-30B-A3B-Instruct-2507
33,0.021138744,0.13148957,int8,Qwen_Qwen3-30B-A3B-Instruct-2507
34,0.022500483,0.14750265,int8,Qwen_Qwen3-30B-A3B-Instruct-2507
35,0.023270557,0.1921078,int8,Qwen_Qwen3-30B-A3B-Instruct-2507
36,0.024891362,0.24666938,int8,Qwen_Qwen3-30B-A3B-Instruct-2507
37,0.014545941,0.048475426,int8,Qwen_Qwen3-30B-A3B-Instruct-2507
38,0.013962107,0.028255308,int8,Qwen_Qwen3-30B-A3B-Instruct-2507
39,0.016672283,0.045422617,int8,Qwen_Qwen3-30B-A3B-Instruct-2507
40,0.017283943,0.039604895,int8,Qwen_Qwen3-30B-A3B-Instruct-2507
41,0.018013658,0.041078478,int8,Qwen_Qwen3-30B-A3B-Instruct-2507
42,0.021814903,0.067559175,int8,Qwen_Qwen3-30B-A3B-Instruct-2507
43,0.025267983,0.10474843,int8,Qwen_Qwen3-30B-A3B-Instruct-2507
44,0.023931889,0.0832484,int8,Qwen_Qwen3-30B-A3B-Instruct-2507
45,0.02228224,0.07276391,int8,Qwen_Qwen3-30B-A3B-Instruct-2507
46,0.014849609,0.042789523,int8,Qwen_Qwen3-30B-A3B-Instruct-2507
47,0.014348635,0.09095049,int8,Qwen_Qwen3-30B-A3B-Instruct-2507
0,0.0018750308,0.0017358862,fp8,deepseek-ai_DeepSeek-R1-Distill-Qwen-14B
1,0.0016598308,0.0014509301,fp8,deepseek-ai_DeepSeek-R1-Distill-Qwen-14B
2,0.0017232733,0.0014658135,fp8,deepseek-ai_DeepSeek-R1-Distill-Qwen-14B
3,0.0018566402,0.0015792368,fp8,deepseek-ai_DeepSeek-R1-Distill-Qwen-14B
4,0.002228944,0.0035323875,fp8,deepseek-ai_DeepSeek-R1-Distill-Qwen-14B
5,0.004063891,0.06287063,fp8,deepseek-ai_DeepSeek-R1-Distill-Qwen-14B
6,0.0041256053,0.045853697,fp8,deepseek-ai_DeepSeek-R1-Distill-Qwen-14B
7,0.0041340296,0.02413962,fp8,deepseek-ai_DeepSeek-R1-Distill-Qwen-14B
8,0.007137876,0.1480902,fp8,deepseek-ai_DeepSeek-R1-Distill-Qwen-14B
9,0.0053024692,0.04259591,fp8,deepseek-ai_DeepSeek-R1-Distill-Qwen-14B
10,0.0067667924,0.08616112,fp8,deepseek-ai_DeepSeek-R1-Distill-Qwen-14B
11,0.00707618,0.08049142,fp8,deepseek-ai_DeepSeek-R1-Distill-Qwen-14B
12,0.008648042,0.10838072,fp8,deepseek-ai_DeepSeek-R1-Distill-Qwen-14B
13,0.008693128,0.085629426,fp8,deepseek-ai_DeepSeek-R1-Distill-Qwen-14B
14,0.008292537,0.043830495,fp8,deepseek-ai_DeepSeek-R1-Distill-Qwen-14B
15,0.008999537,0.06765007,fp8,deepseek-ai_DeepSeek-R1-Distill-Qwen-14B
16,0.009447613,0.07641065,fp8,deepseek-ai_DeepSeek-R1-Distill-Qwen-14B
17,0.009613442,0.067891106,fp8,deepseek-ai_DeepSeek-R1-Distill-Qwen-14B
18,0.009439122,0.03968063,fp8,deepseek-ai_DeepSeek-R1-Distill-Qwen-14B
19,0.0097584985,0.041883267,fp8,deepseek-ai_DeepSeek-R1-Distill-Qwen-14B
20,0.010034202,0.03221037,fp8,deepseek-ai_DeepSeek-R1-Distill-Qwen-14B
21,0.010414558,0.030893236,fp8,deepseek-ai_DeepSeek-R1-Distill-Qwen-14B
22,0.011191142,0.03991126,fp8,deepseek-ai_DeepSeek-R1-Distill-Qwen-14B
23,0.012077131,0.03523028,fp8,deepseek-ai_DeepSeek-R1-Distill-Qwen-14B
24,0.012918616,0.053968605,fp8,deepseek-ai_DeepSeek-R1-Distill-Qwen-14B
25,0.013681294,0.043436944,fp8,deepseek-ai_DeepSeek-R1-Distill-Qwen-14B
26,0.014611576,0.05406416,fp8,deepseek-ai_DeepSeek-R1-Distill-Qwen-14B
27,0.015147348,0.060100876,fp8,deepseek-ai_DeepSeek-R1-Distill-Qwen-14B
28,0.013568292,0.05641682,fp8,deepseek-ai_DeepSeek-R1-Distill-Qwen-14B
29,0.012218049,0.04069116,fp8,deepseek-ai_DeepSeek-R1-Distill-Qwen-14B
30,0.012316773,0.051999018,fp8,deepseek-ai_DeepSeek-R1-Distill-Qwen-14B
31,0.0115020685,0.049677487,fp8,deepseek-ai_DeepSeek-R1-Distill-Qwen-14B
32,0.012760095,0.06170358,fp8,deepseek-ai_DeepSeek-R1-Distill-Qwen-14B
33,0.012719895,0.057950996,fp8,deepseek-ai_DeepSeek-R1-Distill-Qwen-14B
34,0.01311251,0.055570353,fp8,deepseek-ai_DeepSeek-R1-Distill-Qwen-14B
35,0.012399483,0.05093193,fp8,deepseek-ai_DeepSeek-R1-Distill-Qwen-14B
36,0.014714354,0.093034275,fp8,deepseek-ai_DeepSeek-R1-Distill-Qwen-14B
37,0.015865715,0.11355209,fp8,deepseek-ai_DeepSeek-R1-Distill-Qwen-14B
38,0.017846325,0.12884796,fp8,deepseek-ai_DeepSeek-R1-Distill-Qwen-14B
39,0.021236023,0.15055853,fp8,deepseek-ai_DeepSeek-R1-Distill-Qwen-14B
40,0.026297426,0.28372112,fp8,deepseek-ai_DeepSeek-R1-Distill-Qwen-14B
41,0.026550528,0.21551791,fp8,deepseek-ai_DeepSeek-R1-Distill-Qwen-14B
42,0.026141053,0.2165407,fp8,deepseek-ai_DeepSeek-R1-Distill-Qwen-14B
43,0.030477904,0.29536888,fp8,deepseek-ai_DeepSeek-R1-Distill-Qwen-14B
44,0.03137362,0.293165,fp8,deepseek-ai_DeepSeek-R1-Distill-Qwen-14B
45,0.017861526,0.08956267,fp8,deepseek-ai_DeepSeek-R1-Distill-Qwen-14B
46,0.0080416985,0.02607133,fp8,deepseek-ai_DeepSeek-R1-Distill-Qwen-14B
47,0.006752626,0.024850793,fp8,deepseek-ai_DeepSeek-R1-Distill-Qwen-14B
0,0.018786687,0.017297987,int4,deepseek-ai_DeepSeek-R1-Distill-Qwen-14B
1,0.01648047,0.014997,int4,deepseek-ai_DeepSeek-R1-Distill-Qwen-14B
2,0.017322596,0.014996375,int4,deepseek-ai_DeepSeek-R1-Distill-Qwen-14B
3,0.020764502,0.017583827,int4,deepseek-ai_DeepSeek-R1-Distill-Qwen-14B
4,0.027256249,0.07993243,int4,deepseek-ai_DeepSeek-R1-Distill-Qwen-14B
5,0.03439485,0.049919557,int4,deepseek-ai_DeepSeek-R1-Distill-Qwen-14B
6,0.04033707,0.042070057,int4,deepseek-ai_DeepSeek-R1-Distill-Qwen-14B
7,0.04693124,0.040679555,int4,deepseek-ai_DeepSeek-R1-Distill-Qwen-14B
8,0.05307417,0.066967666,int4,deepseek-ai_DeepSeek-R1-Distill-Qwen-14B
9,0.056135546,0.088054806,int4,deepseek-ai_DeepSeek-R1-Distill-Qwen-14B
10,0.061029278,0.079720855,int4,deepseek-ai_DeepSeek-R1-Distill-Qwen-14B
11,0.06577816,0.071395,int4,deepseek-ai_DeepSeek-R1-Distill-Qwen-14B
12,0.07300595,0.088656925,int4,deepseek-ai_DeepSeek-R1-Distill-Qwen-14B
13,0.07917956,0.088087775,int4,deepseek-ai_DeepSeek-R1-Distill-Qwen-14B
14,0.08353833,0.084357895,int4,deepseek-ai_DeepSeek-R1-Distill-Qwen-14B
15,0.0870764,0.08965184,int4,deepseek-ai_DeepSeek-R1-Distill-Qwen-14B
16,0.0884095,0.09311504,int4,deepseek-ai_DeepSeek-R1-Distill-Qwen-14B
17,0.09059245,0.11333233,int4,deepseek-ai_DeepSeek-R1-Distill-Qwen-14B
18,0.09261513,0.117999196,int4,deepseek-ai_DeepSeek-R1-Distill-Qwen-14B
19,0.09337899,0.0959613,int4,deepseek-ai_DeepSeek-R1-Distill-Qwen-14B
20,0.097845666,0.101134695,int4,deepseek-ai_DeepSeek-R1-Distill-Qwen-14B
21,0.103822924,0.13326198,int4,deepseek-ai_DeepSeek-R1-Distill-Qwen-14B
22,0.10847252,0.110432014,int4,deepseek-ai_DeepSeek-R1-Distill-Qwen-14B
23,0.1080098,0.11441332,int4,deepseek-ai_DeepSeek-R1-Distill-Qwen-14B
24,0.1060913,0.117854215,int4,deepseek-ai_DeepSeek-R1-Distill-Qwen-14B
25,0.114762545,0.12576804,int4,deepseek-ai_DeepSeek-R1-Distill-Qwen-14B
26,0.122426875,0.14281452,int4,deepseek-ai_DeepSeek-R1-Distill-Qwen-14B
27,0.12235424,0.13590543,int4,deepseek-ai_DeepSeek-R1-Distill-Qwen-14B
28,0.109366536,0.12343799,int4,deepseek-ai_DeepSeek-R1-Distill-Qwen-14B
29,0.1097794,0.14357726,int4,deepseek-ai_DeepSeek-R1-Distill-Qwen-14B
30,0.10572266,0.11981358,int4,deepseek-ai_DeepSeek-R1-Distill-Qwen-14B
31,0.10622161,0.13397625,int4,deepseek-ai_DeepSeek-R1-Distill-Qwen-14B
32,0.11006246,0.15987493,int4,deepseek-ai_DeepSeek-R1-Distill-Qwen-14B
33,0.10823829,0.17445982,int4,deepseek-ai_DeepSeek-R1-Distill-Qwen-14B
34,0.11122015,0.18779989,int4,deepseek-ai_DeepSeek-R1-Distill-Qwen-14B
35,0.11067462,0.20355904,int4,deepseek-ai_DeepSeek-R1-Distill-Qwen-14B
36,0.11361448,0.20016359,int4,deepseek-ai_DeepSeek-R1-Distill-Qwen-14B
37,0.117388375,0.20019153,int4,deepseek-ai_DeepSeek-R1-Distill-Qwen-14B
38,0.1256774,0.23124774,int4,deepseek-ai_DeepSeek-R1-Distill-Qwen-14B
39,0.13961478,0.30340353,int4,deepseek-ai_DeepSeek-R1-Distill-Qwen-14B
40,0.17440155,0.5404464,int4,deepseek-ai_DeepSeek-R1-Distill-Qwen-14B
41,0.17611088,0.50240177,int4,deepseek-ai_DeepSeek-R1-Distill-Qwen-14B
42,0.1718,0.44000104,int4,deepseek-ai_DeepSeek-R1-Distill-Qwen-14B
43,0.19471008,0.5606211,int4,deepseek-ai_DeepSeek-R1-Distill-Qwen-14B
44,0.18732443,0.56205434,int4,deepseek-ai_DeepSeek-R1-Distill-Qwen-14B
45,0.16397016,0.56885976,int4,deepseek-ai_DeepSeek-R1-Distill-Qwen-14B
46,0.07910098,0.18059126,int4,deepseek-ai_DeepSeek-R1-Distill-Qwen-14B
47,0.06771712,0.20279428,int4,deepseek-ai_DeepSeek-R1-Distill-Qwen-14B
0,1.1592919e-05,7.560878e-05,float16,deepseek-ai_DeepSeek-R1-Distill-Qwen-14B
1,6.182263e-05,0.0001323494,float16,deepseek-ai_DeepSeek-R1-Distill-Qwen-14B
2,0.00013510621,0.00020848047,float16,deepseek-ai_DeepSeek-R1-Distill-Qwen-14B
3,0.00020046442,0.00024151117,float16,deepseek-ai_DeepSeek-R1-Distill-Qwen-14B
4,0.00025662224,0.00030937357,float16,deepseek-ai_DeepSeek-R1-Distill-Qwen-14B
5,0.00031291277,0.00029955333,float16,deepseek-ai_DeepSeek-R1-Distill-Qwen-14B
6,0.0003716067,0.0003327252,float16,deepseek-ai_DeepSeek-R1-Distill-Qwen-14B
7,0.00043010063,0.00040617323,float16,deepseek-ai_DeepSeek-R1-Distill-Qwen-14B
8,0.00045571735,0.00041398386,float16,deepseek-ai_DeepSeek-R1-Distill-Qwen-14B
9,0.00047802625,0.00041659488,float16,deepseek-ai_DeepSeek-R1-Distill-Qwen-14B
10,0.00049821555,0.00044405626,float16,deepseek-ai_DeepSeek-R1-Distill-Qwen-14B
11,0.00054159935,0.000463839,float16,deepseek-ai_DeepSeek-R1-Distill-Qwen-14B
12,0.00058672525,0.0004953911,float16,deepseek-ai_DeepSeek-R1-Distill-Qwen-14B
13,0.0006347944,0.00057512155,float16,deepseek-ai_DeepSeek-R1-Distill-Qwen-14B
14,0.00068201724,0.0006102066,float16,deepseek-ai_DeepSeek-R1-Distill-Qwen-14B
15,0.00069462234,0.0006041115,float16,deepseek-ai_DeepSeek-R1-Distill-Qwen-14B
16,0.0007346851,0.00065334555,float16,deepseek-ai_DeepSeek-R1-Distill-Qwen-14B
17,0.0007536597,0.00066686963,float16,deepseek-ai_DeepSeek-R1-Distill-Qwen-14B
18,0.00081986916,0.00070183777,float16,deepseek-ai_DeepSeek-R1-Distill-Qwen-14B
19,0.0008746361,0.0008427697,float16,deepseek-ai_DeepSeek-R1-Distill-Qwen-14B
20,0.0008548027,0.00076035556,float16,deepseek-ai_DeepSeek-R1-Distill-Qwen-14B
21,0.00088742806,0.00076223596,float16,deepseek-ai_DeepSeek-R1-Distill-Qwen-14B
22,0.0009473209,0.0012602101,float16,deepseek-ai_DeepSeek-R1-Distill-Qwen-14B
23,0.0009458686,0.0021699634,float16,deepseek-ai_DeepSeek-R1-Distill-Qwen-14B
24,0.0009535734,0.002337602,float16,deepseek-ai_DeepSeek-R1-Distill-Qwen-14B
25,0.001115533,0.005050885,float16,deepseek-ai_DeepSeek-R1-Distill-Qwen-14B
26,0.0011364825,0.0044053053,float16,deepseek-ai_DeepSeek-R1-Distill-Qwen-14B
27,0.0010987225,0.0020865453,float16,deepseek-ai_DeepSeek-R1-Distill-Qwen-14B
28,0.0010027197,0.001859488,float16,deepseek-ai_DeepSeek-R1-Distill-Qwen-14B
29,0.0009878981,0.0014826659,float16,deepseek-ai_DeepSeek-R1-Distill-Qwen-14B
30,0.00096634746,0.0021867335,float16,deepseek-ai_DeepSeek-R1-Distill-Qwen-14B
31,0.00099799,0.0035441795,float16,deepseek-ai_DeepSeek-R1-Distill-Qwen-14B
32,0.0010131244,0.003130913,float16,deepseek-ai_DeepSeek-R1-Distill-Qwen-14B
33,0.0010705866,0.0033020144,float16,deepseek-ai_DeepSeek-R1-Distill-Qwen-14B
34,0.0010935928,0.0034830072,float16,deepseek-ai_DeepSeek-R1-Distill-Qwen-14B
35,0.0010561394,0.0024505835,float16,deepseek-ai_DeepSeek-R1-Distill-Qwen-14B
36,0.0013002526,0.011185572,float16,deepseek-ai_DeepSeek-R1-Distill-Qwen-14B
37,0.0013165454,0.009895771,float16,deepseek-ai_DeepSeek-R1-Distill-Qwen-14B
38,0.0012206635,0.0028843002,float16,deepseek-ai_DeepSeek-R1-Distill-Qwen-14B
39,0.0013776423,0.0038179772,float16,deepseek-ai_DeepSeek-R1-Distill-Qwen-14B
40,0.0024445415,0.055172816,float16,deepseek-ai_DeepSeek-R1-Distill-Qwen-14B
41,0.002404514,0.041280475,float16,deepseek-ai_DeepSeek-R1-Distill-Qwen-14B
42,0.0025921352,0.045214437,float16,deepseek-ai_DeepSeek-R1-Distill-Qwen-14B
43,0.0018469061,0.01747753,float16,deepseek-ai_DeepSeek-R1-Distill-Qwen-14B
44,0.0016693963,0.016493304,float16,deepseek-ai_DeepSeek-R1-Distill-Qwen-14B
45,0.0012436394,0.0067455457,float16,deepseek-ai_DeepSeek-R1-Distill-Qwen-14B
46,0.00068076473,0.0013985324,float16,deepseek-ai_DeepSeek-R1-Distill-Qwen-14B
47,0.000744246,0.0011028647,float16,deepseek-ai_DeepSeek-R1-Distill-Qwen-14B
0,0.0008164095,0.0006479355,int8,deepseek-ai_DeepSeek-R1-Distill-Qwen-14B
1,0.0007644182,0.0006014712,int8,deepseek-ai_DeepSeek-R1-Distill-Qwen-14B
2,0.00081836333,0.00065758696,int8,deepseek-ai_DeepSeek-R1-Distill-Qwen-14B
3,0.0008760107,0.00070184114,int8,deepseek-ai_DeepSeek-R1-Distill-Qwen-14B
4,0.0010810617,0.005920251,int8,deepseek-ai_DeepSeek-R1-Distill-Qwen-14B
5,0.0032803642,0.090586804,int8,deepseek-ai_DeepSeek-R1-Distill-Qwen-14B
6,0.0031947452,0.067786805,int8,deepseek-ai_DeepSeek-R1-Distill-Qwen-14B
7,0.0032146748,0.05258349,int8,deepseek-ai_DeepSeek-R1-Distill-Qwen-14B
8,0.00611423,0.17881355,int8,deepseek-ai_DeepSeek-R1-Distill-Qwen-14B
9,0.004598289,0.10035216,int8,deepseek-ai_DeepSeek-R1-Distill-Qwen-14B
10,0.0059528397,0.14998779,int8,deepseek-ai_DeepSeek-R1-Distill-Qwen-14B
11,0.005892231,0.13178706,int8,deepseek-ai_DeepSeek-R1-Distill-Qwen-14B
12,0.0074343784,0.17716964,int8,deepseek-ai_DeepSeek-R1-Distill-Qwen-14B
13,0.007374903,0.15964366,int8,deepseek-ai_DeepSeek-R1-Distill-Qwen-14B
14,0.0053546545,0.06809525,int8,deepseek-ai_DeepSeek-R1-Distill-Qwen-14B
15,0.006727872,0.11677302,int8,deepseek-ai_DeepSeek-R1-Distill-Qwen-14B
16,0.0074729547,0.1396961,int8,deepseek-ai_DeepSeek-R1-Distill-Qwen-14B
17,0.0061547942,0.07581919,int8,deepseek-ai_DeepSeek-R1-Distill-Qwen-14B
18,0.005556361,0.04331532,int8,deepseek-ai_DeepSeek-R1-Distill-Qwen-14B
19,0.006259803,0.050237894,int8,deepseek-ai_DeepSeek-R1-Distill-Qwen-14B
20,0.0072554355,0.062922254,int8,deepseek-ai_DeepSeek-R1-Distill-Qwen-14B
21,0.006916211,0.047273524,int8,deepseek-ai_DeepSeek-R1-Distill-Qwen-14B
22,0.00767049,0.05408279,int8,deepseek-ai_DeepSeek-R1-Distill-Qwen-14B
23,0.0077044223,0.043047108,int8,deepseek-ai_DeepSeek-R1-Distill-Qwen-14B
24,0.008946351,0.06826859,int8,deepseek-ai_DeepSeek-R1-Distill-Qwen-14B
25,0.009029852,0.06558235,int8,deepseek-ai_DeepSeek-R1-Distill-Qwen-14B
26,0.009796848,0.07867718,int8,deepseek-ai_DeepSeek-R1-Distill-Qwen-14B
27,0.0109355915,0.09026817,int8,deepseek-ai_DeepSeek-R1-Distill-Qwen-14B
28,0.008798987,0.0721045,int8,deepseek-ai_DeepSeek-R1-Distill-Qwen-14B
29,0.008718417,0.06390901,int8,deepseek-ai_DeepSeek-R1-Distill-Qwen-14B
30,0.0093408795,0.072588734,int8,deepseek-ai_DeepSeek-R1-Distill-Qwen-14B
31,0.008876607,0.07514163,int8,deepseek-ai_DeepSeek-R1-Distill-Qwen-14B
32,0.009089915,0.0708574,int8,deepseek-ai_DeepSeek-R1-Distill-Qwen-14B
33,0.009368765,0.06061314,int8,deepseek-ai_DeepSeek-R1-Distill-Qwen-14B
34,0.009179971,0.054425698,int8,deepseek-ai_DeepSeek-R1-Distill-Qwen-14B
35,0.008289743,0.0451187,int8,deepseek-ai_DeepSeek-R1-Distill-Qwen-14B
36,0.009408613,0.060968887,int8,deepseek-ai_DeepSeek-R1-Distill-Qwen-14B
37,0.010248317,0.09018055,int8,deepseek-ai_DeepSeek-R1-Distill-Qwen-14B
38,0.012681733,0.13258779,int8,deepseek-ai_DeepSeek-R1-Distill-Qwen-14B
39,0.013148016,0.10502822,int8,deepseek-ai_DeepSeek-R1-Distill-Qwen-14B
40,0.016402943,0.14111263,int8,deepseek-ai_DeepSeek-R1-Distill-Qwen-14B
41,0.018971084,0.16483498,int8,deepseek-ai_DeepSeek-R1-Distill-Qwen-14B
42,0.021824824,0.21908043,int8,deepseek-ai_DeepSeek-R1-Distill-Qwen-14B
43,0.023845322,0.22950858,int8,deepseek-ai_DeepSeek-R1-Distill-Qwen-14B
44,0.027207926,0.37200576,int8,deepseek-ai_DeepSeek-R1-Distill-Qwen-14B
45,0.013505943,0.09526207,int8,deepseek-ai_DeepSeek-R1-Distill-Qwen-14B
46,0.0066584265,0.046068065,int8,deepseek-ai_DeepSeek-R1-Distill-Qwen-14B
47,0.004766625,0.03534648,int8,deepseek-ai_DeepSeek-R1-Distill-Qwen-14B
0,0.016042579,0.016408404,gptq,deepseek-ai_DeepSeek-R1-Distill-Qwen-14B
1,0.013948207,0.014173734,gptq,deepseek-ai_DeepSeek-R1-Distill-Qwen-14B
2,0.013298118,0.013405452,gptq,deepseek-ai_DeepSeek-R1-Distill-Qwen-14B
3,0.015370612,0.015097034,gptq,deepseek-ai_DeepSeek-R1-Distill-Qwen-14B
4,0.019847402,0.02264556,gptq,deepseek-ai_DeepSeek-R1-Distill-Qwen-14B
5,0.031266477,0.05491478,gptq,deepseek-ai_DeepSeek-R1-Distill-Qwen-14B
6,0.042264678,0.108663976,gptq,deepseek-ai_DeepSeek-R1-Distill-Qwen-14B
7,0.053286746,0.078948066,gptq,deepseek-ai_DeepSeek-R1-Distill-Qwen-14B
8,0.05800598,0.09167076,gptq,deepseek-ai_DeepSeek-R1-Distill-Qwen-14B
9,0.06804951,0.25719064,gptq,deepseek-ai_DeepSeek-R1-Distill-Qwen-14B
10,0.07702117,0.23931721,gptq,deepseek-ai_DeepSeek-R1-Distill-Qwen-14B
11,0.08283593,0.15574934,gptq,deepseek-ai_DeepSeek-R1-Distill-Qwen-14B
12,0.0937242,0.17315483,gptq,deepseek-ai_DeepSeek-R1-Distill-Qwen-14B
13,0.09942551,0.114276044,gptq,deepseek-ai_DeepSeek-R1-Distill-Qwen-14B
14,0.1065826,0.16169412,gptq,deepseek-ai_DeepSeek-R1-Distill-Qwen-14B
15,0.112759456,0.18461071,gptq,deepseek-ai_DeepSeek-R1-Distill-Qwen-14B
16,0.118089765,0.15396024,gptq,deepseek-ai_DeepSeek-R1-Distill-Qwen-14B
17,0.12002403,0.16499954,gptq,deepseek-ai_DeepSeek-R1-Distill-Qwen-14B
18,0.124254264,0.16212775,gptq,deepseek-ai_DeepSeek-R1-Distill-Qwen-14B
19,0.12601899,0.158784,gptq,deepseek-ai_DeepSeek-R1-Distill-Qwen-14B
20,0.12610927,0.14061104,gptq,deepseek-ai_DeepSeek-R1-Distill-Qwen-14B
21,0.13250144,0.1554479,gptq,deepseek-ai_DeepSeek-R1-Distill-Qwen-14B
22,0.13712987,0.1838878,gptq,deepseek-ai_DeepSeek-R1-Distill-Qwen-14B
23,0.1402341,0.19962572,gptq,deepseek-ai_DeepSeek-R1-Distill-Qwen-14B
24,0.13729008,0.19929796,gptq,deepseek-ai_DeepSeek-R1-Distill-Qwen-14B
25,0.14968623,0.20028965,gptq,deepseek-ai_DeepSeek-R1-Distill-Qwen-14B
26,0.16039492,0.22384822,gptq,deepseek-ai_DeepSeek-R1-Distill-Qwen-14B
27,0.15976082,0.23580183,gptq,deepseek-ai_DeepSeek-R1-Distill-Qwen-14B
28,0.1422681,0.21743597,gptq,deepseek-ai_DeepSeek-R1-Distill-Qwen-14B
29,0.1383656,0.22035399,gptq,deepseek-ai_DeepSeek-R1-Distill-Qwen-14B
30,0.14073282,0.24493383,gptq,deepseek-ai_DeepSeek-R1-Distill-Qwen-14B
31,0.13325763,0.21966408,gptq,deepseek-ai_DeepSeek-R1-Distill-Qwen-14B
32,0.13572234,0.23147249,gptq,deepseek-ai_DeepSeek-R1-Distill-Qwen-14B
33,0.14265355,0.25963134,gptq,deepseek-ai_DeepSeek-R1-Distill-Qwen-14B
34,0.14158912,0.23259144,gptq,deepseek-ai_DeepSeek-R1-Distill-Qwen-14B
35,0.13901457,0.22954555,gptq,deepseek-ai_DeepSeek-R1-Distill-Qwen-14B
36,0.14627357,0.2847254,gptq,deepseek-ai_DeepSeek-R1-Distill-Qwen-14B
37,0.14760096,0.26901746,gptq,deepseek-ai_DeepSeek-R1-Distill-Qwen-14B
38,0.16732939,0.3678876,gptq,deepseek-ai_DeepSeek-R1-Distill-Qwen-14B
39,0.18590997,0.42742875,gptq,deepseek-ai_DeepSeek-R1-Distill-Qwen-14B
40,0.18988048,0.3921069,gptq,deepseek-ai_DeepSeek-R1-Distill-Qwen-14B
41,0.20272323,0.6149821,gptq,deepseek-ai_DeepSeek-R1-Distill-Qwen-14B
42,0.21395211,0.64305365,gptq,deepseek-ai_DeepSeek-R1-Distill-Qwen-14B
43,0.22669622,0.68177813,gptq,deepseek-ai_DeepSeek-R1-Distill-Qwen-14B
44,0.22483538,0.613636,gptq,deepseek-ai_DeepSeek-R1-Distill-Qwen-14B
45,0.1742149,0.44153938,gptq,deepseek-ai_DeepSeek-R1-Distill-Qwen-14B
46,0.09500217,0.19953366,gptq,deepseek-ai_DeepSeek-R1-Distill-Qwen-14B
47,0.074574634,0.15968326,gptq,deepseek-ai_DeepSeek-R1-Distill-Qwen-14B
0,0.0228080376982688,0.0204536858946084,awq,deepseek-ai_DeepSeek-R1-Distill-Qwen-14B
1,0.0197842419147491,0.0178018789738416,awq,deepseek-ai_DeepSeek-R1-Distill-Qwen-14B
2,0.0184241849929094,0.0171542987227439,awq,deepseek-ai_DeepSeek-R1-Distill-Qwen-14B
3,0.0202150754630565,0.0185461733490228,awq,deepseek-ai_DeepSeek-R1-Distill-Qwen-14B
4,0.0296076387166976,0.0294022727757692,awq,deepseek-ai_DeepSeek-R1-Distill-Qwen-14B
5,0.0327564887702465,0.0302630178630352,awq,deepseek-ai_DeepSeek-R1-Distill-Qwen-14B
6,0.0368742309510707,0.0347756072878837,awq,deepseek-ai_DeepSeek-R1-Distill-Qwen-14B
7,0.0436820238828659,0.0429471135139465,awq,deepseek-ai_DeepSeek-R1-Distill-Qwen-14B
8,0.0449211932718753,0.0410082712769508,awq,deepseek-ai_DeepSeek-R1-Distill-Qwen-14B
9,0.0483653396368026,0.043785136193037,awq,deepseek-ai_DeepSeek-R1-Distill-Qwen-14B
10,0.0564484745264053,0.0518963374197483,awq,deepseek-ai_DeepSeek-R1-Distill-Qwen-14B
11,0.0619215816259384,0.0563561432063579,awq,deepseek-ai_DeepSeek-R1-Distill-Qwen-14B
12,0.0689562261104583,0.0641210153698921,awq,deepseek-ai_DeepSeek-R1-Distill-Qwen-14B
13,0.0757530480623245,0.0692535266280174,awq,deepseek-ai_DeepSeek-R1-Distill-Qwen-14B
14,0.0805429369211196,0.0717688128352165,awq,deepseek-ai_DeepSeek-R1-Distill-Qwen-14B
15,0.0866851210594177,0.0796833857893943,awq,deepseek-ai_DeepSeek-R1-Distill-Qwen-14B
16,0.085721880197525,0.0809951350092887,awq,deepseek-ai_DeepSeek-R1-Distill-Qwen-14B
17,0.0893386602401733,0.0890998616814613,awq,deepseek-ai_DeepSeek-R1-Distill-Qwen-14B
18,0.0949252918362617,0.0879004821181297,awq,deepseek-ai_DeepSeek-R1-Distill-Qwen-14B
19,0.0986046195030212,0.0916472449898719,awq,deepseek-ai_DeepSeek-R1-Distill-Qwen-14B
20,0.1003743261098861,0.0917010605335235,awq,deepseek-ai_DeepSeek-R1-Distill-Qwen-14B
21,0.0998682826757431,0.0920270532369613,awq,deepseek-ai_DeepSeek-R1-Distill-Qwen-14B
22,0.1041702032089233,0.0935270935297012,awq,deepseek-ai_DeepSeek-R1-Distill-Qwen-14B
23,0.1082806140184402,0.0997036695480346,awq,deepseek-ai_DeepSeek-R1-Distill-Qwen-14B
24,0.1045819222927093,0.0980453193187713,awq,deepseek-ai_DeepSeek-R1-Distill-Qwen-14B
25,0.1154701933264732,0.1132152453064918,awq,deepseek-ai_DeepSeek-R1-Distill-Qwen-14B
26,0.1222804188728332,0.1269729733467102,awq,deepseek-ai_DeepSeek-R1-Distill-Qwen-14B
27,0.123886153101921,0.1224183365702629,awq,deepseek-ai_DeepSeek-R1-Distill-Qwen-14B
28,0.11131551861763,0.1310829222202301,awq,deepseek-ai_DeepSeek-R1-Distill-Qwen-14B
29,0.1119859889149665,0.1244232878088951,awq,deepseek-ai_DeepSeek-R1-Distill-Qwen-14B
30,0.1112732961773872,0.1183520928025245,awq,deepseek-ai_DeepSeek-R1-Distill-Qwen-14B
31,0.1061693951487541,0.1194236874580383,awq,deepseek-ai_DeepSeek-R1-Distill-Qwen-14B
32,0.1113268807530403,0.146286591887474,awq,deepseek-ai_DeepSeek-R1-Distill-Qwen-14B
33,0.1120177879929542,0.180801123380661,awq,deepseek-ai_DeepSeek-R1-Distill-Qwen-14B
34,0.1148983240127563,0.1871713548898697,awq,deepseek-ai_DeepSeek-R1-Distill-Qwen-14B
35,0.1182026863098144,0.2227398753166198,awq,deepseek-ai_DeepSeek-R1-Distill-Qwen-14B
36,0.1235861629247665,0.2143936604261398,awq,deepseek-ai_DeepSeek-R1-Distill-Qwen-14B
37,0.1242088824510574,0.1972156167030334,awq,deepseek-ai_DeepSeek-R1-Distill-Qwen-14B
38,0.1390916407108307,0.2722516059875488,awq,deepseek-ai_DeepSeek-R1-Distill-Qwen-14B
39,0.1488149911165237,0.302774965763092,awq,deepseek-ai_DeepSeek-R1-Distill-Qwen-14B
40,0.1531529873609542,0.4056670069694519,awq,deepseek-ai_DeepSeek-R1-Distill-Qwen-14B
41,0.1590747833251953,0.380008190870285,awq,deepseek-ai_DeepSeek-R1-Distill-Qwen-14B
42,0.1723211854696273,0.5011902451515198,awq,deepseek-ai_DeepSeek-R1-Distill-Qwen-14B
43,0.1709727644920349,0.4831492006778717,awq,deepseek-ai_DeepSeek-R1-Distill-Qwen-14B
44,0.169405460357666,0.4456309378147125,awq,deepseek-ai_DeepSeek-R1-Distill-Qwen-14B
45,0.1392890214920044,0.3972410261631012,awq,deepseek-ai_DeepSeek-R1-Distill-Qwen-14B
46,0.0759111270308494,0.1531570702791214,awq,deepseek-ai_DeepSeek-R1-Distill-Qwen-14B
47,0.0639195367693901,0.151576742529869,awq,deepseek-ai_DeepSeek-R1-Distill-Qwen-14B
0,0.0198940690606832,0.0161599069833755,hqq,deepseek-ai_DeepSeek-R1-Distill-Qwen-14B
1,0.0176844801753759,0.0146591197699308,hqq,deepseek-ai_DeepSeek-R1-Distill-Qwen-14B
2,0.0186663679778575,0.0165403597056865,hqq,deepseek-ai_DeepSeek-R1-Distill-Qwen-14B
3,0.0214071124792099,0.0186950210481882,hqq,deepseek-ai_DeepSeek-R1-Distill-Qwen-14B
4,0.0271966867148876,0.0226856395602226,hqq,deepseek-ai_DeepSeek-R1-Distill-Qwen-14B
5,0.0377844683825969,0.0366034284234046,hqq,deepseek-ai_DeepSeek-R1-Distill-Qwen-14B
6,0.0443030297756195,0.0523442924022674,hqq,deepseek-ai_DeepSeek-R1-Distill-Qwen-14B
7,0.0514659844338893,0.0475801192224025,hqq,deepseek-ai_DeepSeek-R1-Distill-Qwen-14B
8,0.0588323809206485,0.0799421146512031,hqq,deepseek-ai_DeepSeek-R1-Distill-Qwen-14B
9,0.0587495118379592,0.0506548210978508,hqq,deepseek-ai_DeepSeek-R1-Distill-Qwen-14B
10,0.063079610466957,0.0640148222446441,hqq,deepseek-ai_DeepSeek-R1-Distill-Qwen-14B
11,0.0694790631532669,0.0695294737815857,hqq,deepseek-ai_DeepSeek-R1-Distill-Qwen-14B
12,0.0788066610693931,0.0830578804016113,hqq,deepseek-ai_DeepSeek-R1-Distill-Qwen-14B
13,0.0837070643901825,0.0773105546832084,hqq,deepseek-ai_DeepSeek-R1-Distill-Qwen-14B
14,0.0888742431998252,0.0830401703715324,hqq,deepseek-ai_DeepSeek-R1-Distill-Qwen-14B
15,0.0904584825038909,0.0873546600341796,hqq,deepseek-ai_DeepSeek-R1-Distill-Qwen-14B
16,0.0917588770389556,0.0883496478199958,hqq,deepseek-ai_DeepSeek-R1-Distill-Qwen-14B
17,0.0931538194417953,0.0916618481278419,hqq,deepseek-ai_DeepSeek-R1-Distill-Qwen-14B
18,0.0961512476205825,0.0924082398414611,hqq,deepseek-ai_DeepSeek-R1-Distill-Qwen-14B
19,0.0985596776008606,0.1008707731962204,hqq,deepseek-ai_DeepSeek-R1-Distill-Qwen-14B
20,0.1024864763021469,0.0990889817476272,hqq,deepseek-ai_DeepSeek-R1-Distill-Qwen-14B
21,0.1089515388011932,0.1059906184673309,hqq,deepseek-ai_DeepSeek-R1-Distill-Qwen-14B
22,0.1102342307567596,0.1060013547539711,hqq,deepseek-ai_DeepSeek-R1-Distill-Qwen-14B
23,0.1118911132216453,0.1223899871110916,hqq,deepseek-ai_DeepSeek-R1-Distill-Qwen-14B
24,0.1076831668615341,0.1136745736002922,hqq,deepseek-ai_DeepSeek-R1-Distill-Qwen-14B
25,0.1171023398637771,0.1227479800581932,hqq,deepseek-ai_DeepSeek-R1-Distill-Qwen-14B
26,0.1238943710923194,0.1398633569478988,hqq,deepseek-ai_DeepSeek-R1-Distill-Qwen-14B
27,0.1273375898599624,0.1523381322622299,hqq,deepseek-ai_DeepSeek-R1-Distill-Qwen-14B
28,0.116614818572998,0.1687873750925064,hqq,deepseek-ai_DeepSeek-R1-Distill-Qwen-14B
29,0.1178888604044914,0.1919768452644348,hqq,deepseek-ai_DeepSeek-R1-Distill-Qwen-14B
30,0.119642361998558,0.2069241404533386,hqq,deepseek-ai_DeepSeek-R1-Distill-Qwen-14B
31,0.1190966516733169,0.2511163353919983,hqq,deepseek-ai_DeepSeek-R1-Distill-Qwen-14B
32,0.1197986081242561,0.2006074488162994,hqq,deepseek-ai_DeepSeek-R1-Distill-Qwen-14B
33,0.1269370913505554,0.2635789811611175,hqq,deepseek-ai_DeepSeek-R1-Distill-Qwen-14B
34,0.131526231765747,0.2882362902164459,hqq,deepseek-ai_DeepSeek-R1-Distill-Qwen-14B
35,0.1293398588895797,0.2810840308666229,hqq,deepseek-ai_DeepSeek-R1-Distill-Qwen-14B
36,0.1312894523143768,0.2485801130533218,hqq,deepseek-ai_DeepSeek-R1-Distill-Qwen-14B
37,0.1413362622261047,0.3776058852672577,hqq,deepseek-ai_DeepSeek-R1-Distill-Qwen-14B
38,0.152814581990242,0.4180868566036224,hqq,deepseek-ai_DeepSeek-R1-Distill-Qwen-14B
39,0.1707729697227478,0.5483313798904419,hqq,deepseek-ai_DeepSeek-R1-Distill-Qwen-14B
40,0.1569204628467559,0.3783651292324066,hqq,deepseek-ai_DeepSeek-R1-Distill-Qwen-14B
41,0.1633017659187317,0.4103953838348388,hqq,deepseek-ai_DeepSeek-R1-Distill-Qwen-14B
42,0.1648247241973877,0.456029325723648,hqq,deepseek-ai_DeepSeek-R1-Distill-Qwen-14B
43,0.1594133973121643,0.3731439709663391,hqq,deepseek-ai_DeepSeek-R1-Distill-Qwen-14B
44,0.1798937767744064,0.5468301773071289,hqq,deepseek-ai_DeepSeek-R1-Distill-Qwen-14B
45,0.1458962857723236,0.3953404724597931,hqq,deepseek-ai_DeepSeek-R1-Distill-Qwen-14B
46,0.0818485841155052,0.3099536597728729,hqq,deepseek-ai_DeepSeek-R1-Distill-Qwen-14B
47,0.0626069530844688,0.1270763725042343,hqq,deepseek-ai_DeepSeek-R1-Distill-Qwen-14B
0,0.001591611,0.0011617793,fp8,meta-llama_Llama-3.1-8B-Instruct
1,0.0030345926,0.0021564357,fp8,meta-llama_Llama-3.1-8B-Instruct
2,0.0037914058,0.002838737,fp8,meta-llama_Llama-3.1-8B-Instruct
3,0.0053551216,0.0040845126,fp8,meta-llama_Llama-3.1-8B-Instruct
4,0.006033248,0.0047210734,fp8,meta-llama_Llama-3.1-8B-Instruct
5,0.0071193776,0.0051857815,fp8,meta-llama_Llama-3.1-8B-Instruct
6,0.007723158,0.006108106,fp8,meta-llama_Llama-3.1-8B-Instruct
7,0.008312445,0.0069659273,fp8,meta-llama_Llama-3.1-8B-Instruct
8,0.009357304,0.008857997,fp8,meta-llama_Llama-3.1-8B-Instruct
9,0.009658107,0.008886778,fp8,meta-llama_Llama-3.1-8B-Instruct
10,0.010190383,0.010228695,fp8,meta-llama_Llama-3.1-8B-Instruct
11,0.0109951105,0.010897415,fp8,meta-llama_Llama-3.1-8B-Instruct
12,0.009790641,0.009516686,fp8,meta-llama_Llama-3.1-8B-Instruct
13,0.009640666,0.011401692,fp8,meta-llama_Llama-3.1-8B-Instruct
14,0.009358858,0.013805071,fp8,meta-llama_Llama-3.1-8B-Instruct
15,0.008549113,0.017246101,fp8,meta-llama_Llama-3.1-8B-Instruct
16,0.007522465,0.014510497,fp8,meta-llama_Llama-3.1-8B-Instruct
17,0.007127757,0.014904523,fp8,meta-llama_Llama-3.1-8B-Instruct
18,0.007178464,0.020400839,fp8,meta-llama_Llama-3.1-8B-Instruct
19,0.007098723,0.021945061,fp8,meta-llama_Llama-3.1-8B-Instruct
20,0.0075345696,0.027778547,fp8,meta-llama_Llama-3.1-8B-Instruct
21,0.007098251,0.021190818,fp8,meta-llama_Llama-3.1-8B-Instruct
22,0.007319641,0.018773163,fp8,meta-llama_Llama-3.1-8B-Instruct
23,0.007999922,0.01585179,fp8,meta-llama_Llama-3.1-8B-Instruct
24,0.008743598,0.027440079,fp8,meta-llama_Llama-3.1-8B-Instruct
25,0.010876472,0.10042642,fp8,meta-llama_Llama-3.1-8B-Instruct
26,0.009200921,0.03557326,fp8,meta-llama_Llama-3.1-8B-Instruct
27,0.008927265,0.026522012,fp8,meta-llama_Llama-3.1-8B-Instruct
28,0.009341371,0.029196795,fp8,meta-llama_Llama-3.1-8B-Instruct
29,0.01302969,0.21569945,fp8,meta-llama_Llama-3.1-8B-Instruct
30,0.008628743,0.040711768,fp8,meta-llama_Llama-3.1-8B-Instruct
31,0.004266145,0.01252901,fp8,meta-llama_Llama-3.1-8B-Instruct
0,0.025064709,0.01777446,int4,meta-llama_Llama-3.1-8B-Instruct
1,0.044615768,0.031587634,int4,meta-llama_Llama-3.1-8B-Instruct
2,0.05919205,0.044682343,int4,meta-llama_Llama-3.1-8B-Instruct
3,0.08807101,0.063567236,int4,meta-llama_Llama-3.1-8B-Instruct
4,0.105139874,0.08230083,int4,meta-llama_Llama-3.1-8B-Instruct
5,0.11113072,0.08876111,int4,meta-llama_Llama-3.1-8B-Instruct
6,0.11589735,0.09272631,int4,meta-llama_Llama-3.1-8B-Instruct
7,0.12233285,0.0924966,int4,meta-llama_Llama-3.1-8B-Instruct
8,0.13353291,0.1274066,int4,meta-llama_Llama-3.1-8B-Instruct
9,0.13358495,0.12603801,int4,meta-llama_Llama-3.1-8B-Instruct
10,0.14234886,0.13035437,int4,meta-llama_Llama-3.1-8B-Instruct
11,0.148477,0.14613904,int4,meta-llama_Llama-3.1-8B-Instruct
12,0.13560474,0.13682707,int4,meta-llama_Llama-3.1-8B-Instruct
13,0.13085371,0.11905225,int4,meta-llama_Llama-3.1-8B-Instruct
14,0.12452973,0.1373006,int4,meta-llama_Llama-3.1-8B-Instruct
15,0.10821423,0.104263194,int4,meta-llama_Llama-3.1-8B-Instruct
16,0.09945797,0.1069757,int4,meta-llama_Llama-3.1-8B-Instruct
17,0.09187725,0.11591553,int4,meta-llama_Llama-3.1-8B-Instruct
18,0.08929924,0.12143332,int4,meta-llama_Llama-3.1-8B-Instruct
19,0.08652675,0.12033664,int4,meta-llama_Llama-3.1-8B-Instruct
20,0.08886679,0.1437862,int4,meta-llama_Llama-3.1-8B-Instruct
21,0.0946624,0.17022951,int4,meta-llama_Llama-3.1-8B-Instruct
22,0.09985841,0.19116393,int4,meta-llama_Llama-3.1-8B-Instruct
23,0.104771964,0.19507447,int4,meta-llama_Llama-3.1-8B-Instruct
24,0.113288976,0.26101324,int4,meta-llama_Llama-3.1-8B-Instruct
25,0.106352575,0.19029143,int4,meta-llama_Llama-3.1-8B-Instruct
26,0.109854504,0.1982159,int4,meta-llama_Llama-3.1-8B-Instruct
27,0.11516513,0.2754406,int4,meta-llama_Llama-3.1-8B-Instruct
28,0.12271823,0.37608773,int4,meta-llama_Llama-3.1-8B-Instruct
29,0.12498911,0.39528203,int4,meta-llama_Llama-3.1-8B-Instruct
30,0.09997199,0.20579411,int4,meta-llama_Llama-3.1-8B-Instruct
31,0.05869298,0.15290925,int4,meta-llama_Llama-3.1-8B-Instruct
0,6.108943e-05,0.000113790884,float16,meta-llama_Llama-3.1-8B-Instruct
1,0.00022857552,0.00020663204,float16,meta-llama_Llama-3.1-8B-Instruct
2,0.00031631562,0.00025321805,float16,meta-llama_Llama-3.1-8B-Instruct
3,0.0004172023,0.00029090184,float16,meta-llama_Llama-3.1-8B-Instruct
4,0.00048081428,0.00033795618,float16,meta-llama_Llama-3.1-8B-Instruct
5,0.0005241658,0.00035694343,float16,meta-llama_Llama-3.1-8B-Instruct
6,0.00058623933,0.00038203306,float16,meta-llama_Llama-3.1-8B-Instruct
7,0.0006255042,0.00046465115,float16,meta-llama_Llama-3.1-8B-Instruct
8,0.00069519406,0.0011557243,float16,meta-llama_Llama-3.1-8B-Instruct
9,0.00068634655,0.0007504179,float16,meta-llama_Llama-3.1-8B-Instruct
10,0.00071660505,0.00093109114,float16,meta-llama_Llama-3.1-8B-Instruct
11,0.00076773006,0.0009133804,float16,meta-llama_Llama-3.1-8B-Instruct
12,0.00070207706,0.0008560799,float16,meta-llama_Llama-3.1-8B-Instruct
13,0.00068372017,0.0008215275,float16,meta-llama_Llama-3.1-8B-Instruct
14,0.0007116605,0.0014877615,float16,meta-llama_Llama-3.1-8B-Instruct
15,0.00067543547,0.0014353482,float16,meta-llama_Llama-3.1-8B-Instruct
16,0.00060974143,0.000858742,float16,meta-llama_Llama-3.1-8B-Instruct
17,0.0006146928,0.0021083206,float16,meta-llama_Llama-3.1-8B-Instruct
18,0.0006661986,0.0034381924,float16,meta-llama_Llama-3.1-8B-Instruct
19,0.0006024419,0.0025312868,float16,meta-llama_Llama-3.1-8B-Instruct
20,0.000644159,0.0026047167,float16,meta-llama_Llama-3.1-8B-Instruct
21,0.00062442897,0.0019569972,float16,meta-llama_Llama-3.1-8B-Instruct
22,0.00066122337,0.0028734636,float16,meta-llama_Llama-3.1-8B-Instruct
23,0.00070992415,0.003778645,float16,meta-llama_Llama-3.1-8B-Instruct
24,0.0008689004,0.008065112,float16,meta-llama_Llama-3.1-8B-Instruct
25,0.0012126165,0.02312757,float16,meta-llama_Llama-3.1-8B-Instruct
26,0.00078866637,0.003510909,float16,meta-llama_Llama-3.1-8B-Instruct
27,0.00077897066,0.0033650205,float16,meta-llama_Llama-3.1-8B-Instruct
28,0.00071103475,0.002178352,float16,meta-llama_Llama-3.1-8B-Instruct
29,0.0022979442,0.076826155,float16,meta-llama_Llama-3.1-8B-Instruct
30,0.00086517836,0.011208274,float16,meta-llama_Llama-3.1-8B-Instruct
31,0.0005626604,0.0007769281,float16,meta-llama_Llama-3.1-8B-Instruct
0,0.00071125996,0.00047261905,int8,meta-llama_Llama-3.1-8B-Instruct
1,0.0012162988,0.0008007569,int8,meta-llama_Llama-3.1-8B-Instruct
2,0.001982893,0.001345625,int8,meta-llama_Llama-3.1-8B-Instruct
3,0.002872864,0.002055023,int8,meta-llama_Llama-3.1-8B-Instruct
4,0.0031953128,0.0024768377,int8,meta-llama_Llama-3.1-8B-Instruct
5,0.003545955,0.002807084,int8,meta-llama_Llama-3.1-8B-Instruct
6,0.0036121525,0.0028915415,int8,meta-llama_Llama-3.1-8B-Instruct
7,0.0038121664,0.0034630732,int8,meta-llama_Llama-3.1-8B-Instruct
8,0.004051113,0.0076926057,int8,meta-llama_Llama-3.1-8B-Instruct
9,0.0040340084,0.009520869,int8,meta-llama_Llama-3.1-8B-Instruct
10,0.004139327,0.008758023,int8,meta-llama_Llama-3.1-8B-Instruct
11,0.0045357575,0.019513296,int8,meta-llama_Llama-3.1-8B-Instruct
12,0.004051264,0.015229494,int8,meta-llama_Llama-3.1-8B-Instruct
13,0.0038153897,0.011394022,int8,meta-llama_Llama-3.1-8B-Instruct
14,0.003532193,0.0050995643,int8,meta-llama_Llama-3.1-8B-Instruct
15,0.0030600496,0.0040906128,int8,meta-llama_Llama-3.1-8B-Instruct
16,0.0027055868,0.0028928337,int8,meta-llama_Llama-3.1-8B-Instruct
17,0.0026130264,0.0037365921,int8,meta-llama_Llama-3.1-8B-Instruct
18,0.0026289923,0.0054233107,int8,meta-llama_Llama-3.1-8B-Instruct
19,0.0024605216,0.0039685857,int8,meta-llama_Llama-3.1-8B-Instruct
20,0.002742481,0.006182828,int8,meta-llama_Llama-3.1-8B-Instruct
21,0.0027479166,0.0054848166,int8,meta-llama_Llama-3.1-8B-Instruct
22,0.002873052,0.0074727014,int8,meta-llama_Llama-3.1-8B-Instruct
23,0.0030554025,0.0063883676,int8,meta-llama_Llama-3.1-8B-Instruct
24,0.0032184296,0.008959722,int8,meta-llama_Llama-3.1-8B-Instruct
25,0.0033863604,0.00887186,int8,meta-llama_Llama-3.1-8B-Instruct
26,0.0036433146,0.012100088,int8,meta-llama_Llama-3.1-8B-Instruct
27,0.0034279525,0.008759193,int8,meta-llama_Llama-3.1-8B-Instruct
28,0.0035491255,0.012084719,int8,meta-llama_Llama-3.1-8B-Instruct
29,0.0031399513,0.007001232,int8,meta-llama_Llama-3.1-8B-Instruct
30,0.0029065544,0.0067400453,int8,meta-llama_Llama-3.1-8B-Instruct
31,0.0018351023,0.004395191,int8,meta-llama_Llama-3.1-8B-Instruct
0,0.0530854240059852,0.0429734736680984,awq,meta-llama_Llama-3.1-8B-Instruct
1,0.1049001663923263,0.0759161934256553,awq,meta-llama_Llama-3.1-8B-Instruct
2,0.1229611411690712,0.0903761610388755,awq,meta-llama_Llama-3.1-8B-Instruct
3,0.1575084626674652,0.1161606609821319,awq,meta-llama_Llama-3.1-8B-Instruct
4,0.1724182814359665,0.1330276578664779,awq,meta-llama_Llama-3.1-8B-Instruct
5,0.1877503991127014,0.1524979472160339,awq,meta-llama_Llama-3.1-8B-Instruct
6,0.1940324306488037,0.1475578248500824,awq,meta-llama_Llama-3.1-8B-Instruct
7,0.2070640623569488,0.1596668362617492,awq,meta-llama_Llama-3.1-8B-Instruct
8,0.2219708412885666,0.184533879160881,awq,meta-llama_Llama-3.1-8B-Instruct
9,0.2267536222934723,0.1892470121383667,awq,meta-llama_Llama-3.1-8B-Instruct
10,0.2319702953100204,0.1809193789958953,awq,meta-llama_Llama-3.1-8B-Instruct
11,0.2499209195375442,0.2297265380620956,awq,meta-llama_Llama-3.1-8B-Instruct
12,0.2166560590267181,0.1806612610816955,awq,meta-llama_Llama-3.1-8B-Instruct
13,0.2072714120149612,0.202125072479248,awq,meta-llama_Llama-3.1-8B-Instruct
14,0.1982776671648025,0.1913389712572097,awq,meta-llama_Llama-3.1-8B-Instruct
15,0.1815317273139953,0.1830672323703766,awq,meta-llama_Llama-3.1-8B-Instruct
16,0.1619754135608673,0.1461275666952133,awq,meta-llama_Llama-3.1-8B-Instruct
17,0.1538046151399612,0.1759382039308548,awq,meta-llama_Llama-3.1-8B-Instruct
18,0.1544539034366607,0.2973932325839996,awq,meta-llama_Llama-3.1-8B-Instruct
19,0.1530818492174148,0.2824710309505462,awq,meta-llama_Llama-3.1-8B-Instruct
20,0.1503596156835556,0.2514042556285858,awq,meta-llama_Llama-3.1-8B-Instruct
21,0.1526343077421188,0.2778799831867218,awq,meta-llama_Llama-3.1-8B-Instruct
22,0.1588367074728012,0.2608057260513305,awq,meta-llama_Llama-3.1-8B-Instruct
23,0.1737893521785736,0.2935312986373901,awq,meta-llama_Llama-3.1-8B-Instruct
24,0.1775870025157928,0.3172677159309387,awq,meta-llama_Llama-3.1-8B-Instruct
25,0.1798538565635681,0.3756096363067627,awq,meta-llama_Llama-3.1-8B-Instruct
26,0.1782130300998687,0.3562255203723907,awq,meta-llama_Llama-3.1-8B-Instruct
27,0.1818094551563263,0.4356972575187683,awq,meta-llama_Llama-3.1-8B-Instruct
28,0.1888235658407211,0.4474354982376098,awq,meta-llama_Llama-3.1-8B-Instruct
29,0.1955593526363372,0.4971157908439636,awq,meta-llama_Llama-3.1-8B-Instruct
30,0.1596376299858093,0.3130496144294739,awq,meta-llama_Llama-3.1-8B-Instruct
31,0.0841923952102661,0.2041044384241104,awq,meta-llama_Llama-3.1-8B-Instruct
0,0.0306924935430288,0.022028911858797,hqq,meta-llama_Llama-3.1-8B-Instruct
1,0.054956953972578,0.0393229275941848,hqq,meta-llama_Llama-3.1-8B-Instruct
2,0.0771449133753776,0.0535375960171222,hqq,meta-llama_Llama-3.1-8B-Instruct
3,0.1173518225550651,0.086710125207901,hqq,meta-llama_Llama-3.1-8B-Instruct
4,0.1304156333208084,0.0981669425964355,hqq,meta-llama_Llama-3.1-8B-Instruct
5,0.1388006955385208,0.1045363023877143,hqq,meta-llama_Llama-3.1-8B-Instruct
6,0.1444961428642273,0.115817442536354,hqq,meta-llama_Llama-3.1-8B-Instruct
7,0.1428062915802002,0.1089231595396995,hqq,meta-llama_Llama-3.1-8B-Instruct
8,0.1541462987661361,0.143593892455101,hqq,meta-llama_Llama-3.1-8B-Instruct
9,0.150922879576683,0.131286472082138,hqq,meta-llama_Llama-3.1-8B-Instruct
10,0.1526477336883545,0.1374505013227462,hqq,meta-llama_Llama-3.1-8B-Instruct
11,0.1659311950206756,0.1705226600170135,hqq,meta-llama_Llama-3.1-8B-Instruct
12,0.1458819955587387,0.1434183120727539,hqq,meta-llama_Llama-3.1-8B-Instruct
13,0.1395973414182663,0.1412744671106338,hqq,meta-llama_Llama-3.1-8B-Instruct
14,0.1351061016321182,0.1552987098693847,hqq,meta-llama_Llama-3.1-8B-Instruct
15,0.1185758337378501,0.1187139526009559,hqq,meta-llama_Llama-3.1-8B-Instruct
16,0.1083484143018722,0.1318767219781875,hqq,meta-llama_Llama-3.1-8B-Instruct
17,0.1053647026419639,0.175506591796875,hqq,meta-llama_Llama-3.1-8B-Instruct
18,0.1088715642690658,0.3086287677288055,hqq,meta-llama_Llama-3.1-8B-Instruct
19,0.1041842848062515,0.3080667555332184,hqq,meta-llama_Llama-3.1-8B-Instruct
20,0.1068241894245147,0.2440523356199264,hqq,meta-llama_Llama-3.1-8B-Instruct
21,0.1119237765669822,0.2550590932369232,hqq,meta-llama_Llama-3.1-8B-Instruct
22,0.1143782660365104,0.2845933437347412,hqq,meta-llama_Llama-3.1-8B-Instruct
23,0.1228476017713546,0.2957203984260559,hqq,meta-llama_Llama-3.1-8B-Instruct
24,0.1218742579221725,0.2560603320598602,hqq,meta-llama_Llama-3.1-8B-Instruct
25,0.1268089264631271,0.2834272682666778,hqq,meta-llama_Llama-3.1-8B-Instruct
26,0.1304104626178741,0.3023431897163391,hqq,meta-llama_Llama-3.1-8B-Instruct
27,0.1305624395608902,0.2937999367713928,hqq,meta-llama_Llama-3.1-8B-Instruct
28,0.1296860575675964,0.2790509462356567,hqq,meta-llama_Llama-3.1-8B-Instruct
29,0.1409178972244262,0.4131693243980407,hqq,meta-llama_Llama-3.1-8B-Instruct
30,0.1198807582259178,0.2722674608230591,hqq,meta-llama_Llama-3.1-8B-Instruct
31,0.0713195875287056,0.1826392561197281,hqq,meta-llama_Llama-3.1-8B-Instruct
0,14.236085,5.665191,awq,google_gemma-3-27b-it
1,16.9585,5.5623655,awq,google_gemma-3-27b-it
2,15.819018,5.526515,awq,google_gemma-3-27b-it
3,14.178383,7.3117228,awq,google_gemma-3-27b-it
4,13.832029,6.987306,awq,google_gemma-3-27b-it
5,13.259098,8.0968075,awq,google_gemma-3-27b-it
6,12.9792,7.9175386,awq,google_gemma-3-27b-it
7,13.158913,8.004351,awq,google_gemma-3-27b-it
8,13.165778,8.220105,awq,google_gemma-3-27b-it
9,13.255765,8.249251,awq,google_gemma-3-27b-it
10,12.943598,7.7765417,awq,google_gemma-3-27b-it
11,13.306599,7.3187065,awq,google_gemma-3-27b-it
12,13.494368,7.1718755,awq,google_gemma-3-27b-it
13,13.127524,7.2320385,awq,google_gemma-3-27b-it
14,13.045259,7.273241,awq,google_gemma-3-27b-it
15,13.050121,7.2159243,awq,google_gemma-3-27b-it
16,12.767824,7.7058806,awq,google_gemma-3-27b-it
17,13.102204,7.9800158,awq,google_gemma-3-27b-it
18,13.4618435,7.6344333,awq,google_gemma-3-27b-it
19,13.267864,7.903302,awq,google_gemma-3-27b-it
20,13.164237,7.992194,awq,google_gemma-3-27b-it
21,13.432571,7.714303,awq,google_gemma-3-27b-it
22,13.567039,7.5409727,awq,google_gemma-3-27b-it
23,13.685552,7.3691936,awq,google_gemma-3-27b-it
24,13.933111,7.105136,awq,google_gemma-3-27b-it
25,13.993215,7.131316,awq,google_gemma-3-27b-it
26,13.994459,6.956345,awq,google_gemma-3-27b-it
27,13.716658,6.8574033,awq,google_gemma-3-27b-it
28,13.65082,6.9672165,awq,google_gemma-3-27b-it
29,13.034098,7.680909,awq,google_gemma-3-27b-it
30,11.876229,7.858108,awq,google_gemma-3-27b-it
31,11.659423,7.6688194,awq,google_gemma-3-27b-it
32,11.270365,6.818937,awq,google_gemma-3-27b-it
33,10.441409,6.084868,awq,google_gemma-3-27b-it
34,11.254895,7.289753,awq,google_gemma-3-27b-it
35,12.724274,5.237599,awq,google_gemma-3-27b-it
36,13.189926,5.144717,awq,google_gemma-3-27b-it
37,11.200071,4.6234326,awq,google_gemma-3-27b-it
38,11.667053,4.8685417,awq,google_gemma-3-27b-it
39,11.38943,4.9658437,awq,google_gemma-3-27b-it
40,11.744842,4.780022,awq,google_gemma-3-27b-it
41,12.419996,4.8403244,awq,google_gemma-3-27b-it
42,12.866789,4.7148523,awq,google_gemma-3-27b-it
43,12.150951,4.8614607,awq,google_gemma-3-27b-it
44,11.575761,4.612707,awq,google_gemma-3-27b-it
45,13.356519,4.8972487,awq,google_gemma-3-27b-it
46,13.188049,5.113309,awq,google_gemma-3-27b-it
47,8.540642,5.300494,awq,google_gemma-3-27b-it
48,7.5369725,5.3291974,awq,google_gemma-3-27b-it
49,7.557855,5.3809934,awq,google_gemma-3-27b-it
50,7.465356,5.1071568,awq,google_gemma-3-27b-it
51,7.6303263,4.894255,awq,google_gemma-3-27b-it
52,8.714103,4.8189797,awq,google_gemma-3-27b-it
53,8.873782,4.217741,awq,google_gemma-3-27b-it
54,11.82831,4.256085,awq,google_gemma-3-27b-it
55,13.965952,6.061319,awq,google_gemma-3-27b-it
56,15.33463,6.0735283,awq,google_gemma-3-27b-it
57,13.835838,6.570362,awq,google_gemma-3-27b-it
58,15.060178,6.475087,awq,google_gemma-3-27b-it
59,14.949024,6.108388,awq,google_gemma-3-27b-it
60,14.240664,5.4623594,awq,google_gemma-3-27b-it
61,14.624744,5.2958446,awq,google_gemma-3-27b-it
0,16.866966,5.1640596,gptq,google_gemma-3-27b-it
1,16.424068,5.5502167,gptq,google_gemma-3-27b-it
2,15.849471,5.4477725,gptq,google_gemma-3-27b-it
3,15.475799,6.434131,gptq,google_gemma-3-27b-it
4,15.357812,6.126304,gptq,google_gemma-3-27b-it
5,15.348628,6.7542486,gptq,google_gemma-3-27b-it
6,15.061284,6.525882,gptq,google_gemma-3-27b-it
7,14.687032,6.935954,gptq,google_gemma-3-27b-it
8,14.973479,6.980486,gptq,google_gemma-3-27b-it
9,15.098061,7.1367416,gptq,google_gemma-3-27b-it
10,14.486276,6.830968,gptq,google_gemma-3-27b-it
11,14.813713,6.5622168,gptq,google_gemma-3-27b-it
12,14.851426,6.6008015,gptq,google_gemma-3-27b-it
13,13.807564,6.663363,gptq,google_gemma-3-27b-it
14,13.620634,6.6147046,gptq,google_gemma-3-27b-it
15,13.4921465,6.4907813,gptq,google_gemma-3-27b-it
16,13.703125,6.9399657,gptq,google_gemma-3-27b-it
17,15.190217,7.1854744,gptq,google_gemma-3-27b-it
18,15.290941,7.0247884,gptq,google_gemma-3-27b-it
19,15.23983,7.1370296,gptq,google_gemma-3-27b-it
20,15.262813,7.0884748,gptq,google_gemma-3-27b-it
21,15.354009,6.920995,gptq,google_gemma-3-27b-it
22,15.369019,6.757497,gptq,google_gemma-3-27b-it
23,15.185111,6.73571,gptq,google_gemma-3-27b-it
24,15.0364065,6.567887,gptq,google_gemma-3-27b-it
25,14.741963,6.7684813,gptq,google_gemma-3-27b-it
26,14.294682,6.4883256,gptq,google_gemma-3-27b-it
27,13.190163,5.9379277,gptq,google_gemma-3-27b-it
28,11.457149,5.537891,gptq,google_gemma-3-27b-it
29,11.325853,5.896296,gptq,google_gemma-3-27b-it
30,9.466814,5.317833,gptq,google_gemma-3-27b-it
31,9.744112,5.3041043,gptq,google_gemma-3-27b-it
32,9.209876,4.980876,gptq,google_gemma-3-27b-it
33,9.606572,5.1696763,gptq,google_gemma-3-27b-it
34,8.073054,4.682871,gptq,google_gemma-3-27b-it
35,11.555656,4.829264,gptq,google_gemma-3-27b-it
36,12.387394,5.0125837,gptq,google_gemma-3-27b-it
37,9.856585,3.8031068,gptq,google_gemma-3-27b-it
38,11.441516,4.339355,gptq,google_gemma-3-27b-it
39,11.250912,4.580064,gptq,google_gemma-3-27b-it
40,11.96083,4.7560616,gptq,google_gemma-3-27b-it
41,12.919874,4.878168,gptq,google_gemma-3-27b-it
42,13.432087,4.762933,gptq,google_gemma-3-27b-it
43,12.801145,4.880984,gptq,google_gemma-3-27b-it
44,11.835485,4.5333414,gptq,google_gemma-3-27b-it
45,14.434167,5.005665,gptq,google_gemma-3-27b-it
46,13.7821865,5.225674,gptq,google_gemma-3-27b-it
47,9.1827965,4.5704136,gptq,google_gemma-3-27b-it
48,8.225008,4.5551496,gptq,google_gemma-3-27b-it
49,7.7669926,4.465691,gptq,google_gemma-3-27b-it
50,7.960427,4.298449,gptq,google_gemma-3-27b-it
51,8.013778,4.165536,gptq,google_gemma-3-27b-it
52,9.048998,4.348449,gptq,google_gemma-3-27b-it
53,8.748984,4.4146056,gptq,google_gemma-3-27b-it
54,11.653714,4.8564773,gptq,google_gemma-3-27b-it
55,13.629168,6.2393723,gptq,google_gemma-3-27b-it
56,15.020604,6.313965,gptq,google_gemma-3-27b-it
57,13.560134,6.6919937,gptq,google_gemma-3-27b-it
58,14.92635,6.506468,gptq,google_gemma-3-27b-it
59,14.890256,5.9885626,gptq,google_gemma-3-27b-it
60,14.336246,5.343545,gptq,google_gemma-3-27b-it
61,14.8521385,5.229241,gptq,google_gemma-3-27b-it
0,0.0019286975,0.001671089,fp8,Qwen_Qwen3-8B
1,0.002201355,0.0019068796,fp8,Qwen_Qwen3-8B
2,0.002723444,0.0023782852,fp8,Qwen_Qwen3-8B
3,0.003324497,0.0028677133,fp8,Qwen_Qwen3-8B
4,0.0035849903,0.0033539373,fp8,Qwen_Qwen3-8B
5,0.0035996141,0.0032850967,fp8,Qwen_Qwen3-8B
6,0.0043335813,0.0040180995,fp8,Qwen_Qwen3-8B
7,0.005782574,0.006397563,fp8,Qwen_Qwen3-8B
8,0.007376068,0.007820244,fp8,Qwen_Qwen3-8B
9,0.00831012,0.008134379,fp8,Qwen_Qwen3-8B
10,0.0085634375,0.008487331,fp8,Qwen_Qwen3-8B
11,0.009386804,0.00927097,fp8,Qwen_Qwen3-8B
12,0.009643496,0.010218511,fp8,Qwen_Qwen3-8B
13,0.0111024985,0.011471971,fp8,Qwen_Qwen3-8B
14,0.011848224,0.029709741,fp8,Qwen_Qwen3-8B
15,0.013338206,0.033237625,fp8,Qwen_Qwen3-8B
16,0.013557886,0.042057753,fp8,Qwen_Qwen3-8B
17,0.0145720355,0.0604506,fp8,Qwen_Qwen3-8B
18,0.014144234,0.019424185,fp8,Qwen_Qwen3-8B
19,0.014436255,0.023504438,fp8,Qwen_Qwen3-8B
20,0.014831936,0.01887043,fp8,Qwen_Qwen3-8B
21,0.015997905,0.02076362,fp8,Qwen_Qwen3-8B
22,0.01540459,0.028236339,fp8,Qwen_Qwen3-8B
23,0.015895,0.032598093,fp8,Qwen_Qwen3-8B
24,0.01599927,0.0449825,fp8,Qwen_Qwen3-8B
25,0.015822172,0.039334442,fp8,Qwen_Qwen3-8B
26,0.016685518,0.043897167,fp8,Qwen_Qwen3-8B
27,0.017100023,0.044964153,fp8,Qwen_Qwen3-8B
28,0.01839958,0.064308986,fp8,Qwen_Qwen3-8B
29,0.021573171,0.090758786,fp8,Qwen_Qwen3-8B
30,0.02166417,0.07116951,fp8,Qwen_Qwen3-8B
31,0.021643898,0.075764686,fp8,Qwen_Qwen3-8B
32,0.021518804,0.09399539,fp8,Qwen_Qwen3-8B
33,0.01848695,0.06563394,fp8,Qwen_Qwen3-8B
34,0.00954012,0.028321164,fp8,Qwen_Qwen3-8B
35,0.0073105088,0.027714824,fp8,Qwen_Qwen3-8B
0,0.017360589,0.0171177,int4,Qwen_Qwen3-8B
1,0.02264857,0.019298078,int4,Qwen_Qwen3-8B
2,0.03624601,0.028863726,int4,Qwen_Qwen3-8B
3,0.048096444,0.04135298,int4,Qwen_Qwen3-8B
4,0.054632667,0.047097456,int4,Qwen_Qwen3-8B
5,0.054742426,0.052090745,int4,Qwen_Qwen3-8B
6,0.066174656,0.05934053,int4,Qwen_Qwen3-8B
7,0.0831568,0.0746165,int4,Qwen_Qwen3-8B
8,0.1003468,0.089293286,int4,Qwen_Qwen3-8B
9,0.113146365,0.11030312,int4,Qwen_Qwen3-8B
10,0.11426208,0.11597855,int4,Qwen_Qwen3-8B
11,0.12022145,0.116711915,int4,Qwen_Qwen3-8B
12,0.12404565,0.12617838,int4,Qwen_Qwen3-8B
13,0.1329194,0.13737363,int4,Qwen_Qwen3-8B
14,0.13672511,0.15371756,int4,Qwen_Qwen3-8B
15,0.14540273,0.14920516,int4,Qwen_Qwen3-8B
16,0.14403167,0.15860166,int4,Qwen_Qwen3-8B
17,0.14788224,0.17524786,int4,Qwen_Qwen3-8B
18,0.1600338,0.17868789,int4,Qwen_Qwen3-8B
19,0.15892938,0.18184784,int4,Qwen_Qwen3-8B
20,0.16465345,0.18149143,int4,Qwen_Qwen3-8B
21,0.17953351,0.2289193,int4,Qwen_Qwen3-8B
22,0.16735396,0.2205175,int4,Qwen_Qwen3-8B
23,0.17455563,0.25187662,int4,Qwen_Qwen3-8B
24,0.1569219,0.2462039,int4,Qwen_Qwen3-8B
25,0.1647655,0.3189141,int4,Qwen_Qwen3-8B
26,0.1717559,0.36279348,int4,Qwen_Qwen3-8B
27,0.17312397,0.37349248,int4,Qwen_Qwen3-8B
28,0.19212937,0.42108086,int4,Qwen_Qwen3-8B
29,0.20407777,0.420226,int4,Qwen_Qwen3-8B
30,0.20678975,0.38369256,int4,Qwen_Qwen3-8B
31,0.20995693,0.40898684,int4,Qwen_Qwen3-8B
32,0.20584027,0.38439208,int4,Qwen_Qwen3-8B
33,0.18964873,0.38850537,int4,Qwen_Qwen3-8B
34,0.11649673,0.46644825,int4,Qwen_Qwen3-8B
35,0.084181875,0.22209653,int4,Qwen_Qwen3-8B
0,5.4587804e-06,5.694309e-05,float16,Qwen_Qwen3-8B
1,0.00012474143,0.00030957442,float16,Qwen_Qwen3-8B
2,0.00024023236,0.00037296157,float16,Qwen_Qwen3-8B
3,0.00031617656,0.00042205106,float16,Qwen_Qwen3-8B
4,0.0003272257,0.0003406658,float16,Qwen_Qwen3-8B
5,0.00033644272,0.00031142094,float16,Qwen_Qwen3-8B
6,0.0003915739,0.00034417267,float16,Qwen_Qwen3-8B
7,0.00048050753,0.00040577244,float16,Qwen_Qwen3-8B
8,0.00059253647,0.0005357697,float16,Qwen_Qwen3-8B
9,0.00066339865,0.000565962,float16,Qwen_Qwen3-8B
10,0.0007109679,0.00064871705,float16,Qwen_Qwen3-8B
11,0.00072866364,0.00065737835,float16,Qwen_Qwen3-8B
12,0.00076176244,0.0006801104,float16,Qwen_Qwen3-8B
13,0.0008119934,0.0007253144,float16,Qwen_Qwen3-8B
14,0.0008920634,0.0011628908,float16,Qwen_Qwen3-8B
15,0.00096990546,0.0025984985,float16,Qwen_Qwen3-8B
16,0.0010201631,0.0029624528,float16,Qwen_Qwen3-8B
17,0.001072237,0.0037048263,float16,Qwen_Qwen3-8B
18,0.001051736,0.0010771598,float16,Qwen_Qwen3-8B
19,0.0010781075,0.0013900052,float16,Qwen_Qwen3-8B
20,0.0011587426,0.0017482776,float16,Qwen_Qwen3-8B
21,0.0011771183,0.0013882895,float16,Qwen_Qwen3-8B
22,0.0011734997,0.0022574952,float16,Qwen_Qwen3-8B
23,0.0012491212,0.0020349605,float16,Qwen_Qwen3-8B
24,0.0011796685,0.0026063793,float16,Qwen_Qwen3-8B
25,0.0013115173,0.003757055,float16,Qwen_Qwen3-8B
26,0.0013110796,0.0040403623,float16,Qwen_Qwen3-8B
27,0.0013028018,0.0027337822,float16,Qwen_Qwen3-8B
28,0.0014423865,0.0040047206,float16,Qwen_Qwen3-8B
29,0.0015197978,0.004804583,float16,Qwen_Qwen3-8B
30,0.0016324546,0.004963698,float16,Qwen_Qwen3-8B
31,0.0016784032,0.0054394673,float16,Qwen_Qwen3-8B
32,0.0015620188,0.0041118143,float16,Qwen_Qwen3-8B
33,0.001427722,0.0058882996,float16,Qwen_Qwen3-8B
34,0.0007620599,0.0012686428,float16,Qwen_Qwen3-8B
35,0.0009585036,0.002433044,float16,Qwen_Qwen3-8B
0,0.0007240777,0.0007031869,int8,Qwen_Qwen3-8B
1,0.0009802363,0.00084162015,int8,Qwen_Qwen3-8B
2,0.00128383,0.0010011422,int8,Qwen_Qwen3-8B
3,0.0014978076,0.0012104951,int8,Qwen_Qwen3-8B
4,0.0014992452,0.0012406365,int8,Qwen_Qwen3-8B
5,0.0015918213,0.0014365815,int8,Qwen_Qwen3-8B
6,0.0018628091,0.0015357656,int8,Qwen_Qwen3-8B
7,0.0023928275,0.0020529032,int8,Qwen_Qwen3-8B
8,0.0028993958,0.0025457866,int8,Qwen_Qwen3-8B
9,0.0033414592,0.003601808,int8,Qwen_Qwen3-8B
10,0.0035987238,0.0044173277,int8,Qwen_Qwen3-8B
11,0.003498185,0.0033980028,int8,Qwen_Qwen3-8B
12,0.003727889,0.0038065005,int8,Qwen_Qwen3-8B
13,0.003944791,0.004483345,int8,Qwen_Qwen3-8B
14,0.0041485527,0.0066770003,int8,Qwen_Qwen3-8B
15,0.004399242,0.005899704,int8,Qwen_Qwen3-8B
16,0.0044963113,0.006661379,int8,Qwen_Qwen3-8B
17,0.0047974978,0.0075604343,int8,Qwen_Qwen3-8B
18,0.0052097933,0.00915575,int8,Qwen_Qwen3-8B
19,0.0051815733,0.008620387,int8,Qwen_Qwen3-8B
20,0.005820911,0.01825103,int8,Qwen_Qwen3-8B
21,0.0058651976,0.010951604,int8,Qwen_Qwen3-8B
22,0.005746069,0.014639381,int8,Qwen_Qwen3-8B
23,0.0059455177,0.012292508,int8,Qwen_Qwen3-8B
24,0.0055741547,0.01429309,int8,Qwen_Qwen3-8B
25,0.0054876674,0.010762816,int8,Qwen_Qwen3-8B
26,0.0058367853,0.018344553,int8,Qwen_Qwen3-8B
27,0.005684457,0.011278766,int8,Qwen_Qwen3-8B
28,0.006253927,0.013562868,int8,Qwen_Qwen3-8B
29,0.006634528,0.016547374,int8,Qwen_Qwen3-8B
30,0.0071222424,0.022834731,int8,Qwen_Qwen3-8B
31,0.0077312137,0.024052413,int8,Qwen_Qwen3-8B
32,0.00790718,0.02201954,int8,Qwen_Qwen3-8B
33,0.006603773,0.016585406,int8,Qwen_Qwen3-8B
34,0.004108871,0.01069992,int8,Qwen_Qwen3-8B
35,0.0031612916,0.0073882444,int8,Qwen_Qwen3-8B
0,0.019020988,0.0199778,gptq,Qwen_Qwen3-8B
1,0.019069115,0.018870605,gptq,Qwen_Qwen3-8B
2,0.023224393,0.021804608,gptq,Qwen_Qwen3-8B
3,0.028481381,0.026444135,gptq,Qwen_Qwen3-8B
4,0.03659406,0.03603135,gptq,Qwen_Qwen3-8B
5,0.041373394,0.04484834,gptq,Qwen_Qwen3-8B
6,0.05459208,0.057724036,gptq,Qwen_Qwen3-8B
7,0.07088648,0.07800496,gptq,Qwen_Qwen3-8B
8,0.091945514,0.09831579,gptq,Qwen_Qwen3-8B
9,0.10945256,0.11634869,gptq,Qwen_Qwen3-8B
10,0.11757811,0.12727392,gptq,Qwen_Qwen3-8B
11,0.13056415,0.14338674,gptq,Qwen_Qwen3-8B
12,0.13262077,0.15524411,gptq,Qwen_Qwen3-8B
13,0.14796026,0.15687358,gptq,Qwen_Qwen3-8B
14,0.15204167,0.16939631,gptq,Qwen_Qwen3-8B
15,0.16627826,0.20277807,gptq,Qwen_Qwen3-8B
16,0.16913481,0.20074764,gptq,Qwen_Qwen3-8B
17,0.17808147,0.22524074,gptq,Qwen_Qwen3-8B
18,0.18952894,0.23431781,gptq,Qwen_Qwen3-8B
19,0.19034505,0.25542843,gptq,Qwen_Qwen3-8B
20,0.19764048,0.29678884,gptq,Qwen_Qwen3-8B
21,0.2139666,0.2640296,gptq,Qwen_Qwen3-8B
22,0.2005925,0.28291735,gptq,Qwen_Qwen3-8B
23,0.21000503,0.3357789,gptq,Qwen_Qwen3-8B
24,0.2103874,0.37350067,gptq,Qwen_Qwen3-8B
25,0.21213792,0.37915042,gptq,Qwen_Qwen3-8B
26,0.2190463,0.412282,gptq,Qwen_Qwen3-8B
27,0.23203799,0.5765993,gptq,Qwen_Qwen3-8B
28,0.24659324,0.5989347,gptq,Qwen_Qwen3-8B
29,0.26250193,0.6618395,gptq,Qwen_Qwen3-8B
30,0.26510856,0.590678,gptq,Qwen_Qwen3-8B
31,0.27874446,0.5503876,gptq,Qwen_Qwen3-8B
32,0.28457385,0.71361655,gptq,Qwen_Qwen3-8B
33,0.25585878,0.58609766,gptq,Qwen_Qwen3-8B
34,0.15802915,0.5174761,gptq,Qwen_Qwen3-8B
35,0.10615881,0.30457526,gptq,Qwen_Qwen3-8B
0,0.0216721482574939,0.0209083352237939,awq,Qwen_Qwen3-8B
1,0.0220311973243951,0.0203297100961208,awq,Qwen_Qwen3-8B
2,0.0258116535842418,0.023310063406825,awq,Qwen_Qwen3-8B
3,0.0317374132573604,0.0286538638174533,awq,Qwen_Qwen3-8B
4,0.0367488414049148,0.0354377068579196,awq,Qwen_Qwen3-8B
5,0.040261123329401,0.0429765060544014,awq,Qwen_Qwen3-8B
6,0.0517547242343425,0.0565927438437938,awq,Qwen_Qwen3-8B
7,0.0659192353487014,0.0736421272158622,awq,Qwen_Qwen3-8B
8,0.0834009945392608,0.0893935486674308,awq,Qwen_Qwen3-8B
9,0.094581551849842,0.0952937602996826,awq,Qwen_Qwen3-8B
10,0.1013987064361572,0.0997935831546783,awq,Qwen_Qwen3-8B
11,0.109229139983654,0.105653591454029,awq,Qwen_Qwen3-8B
12,0.1114271134138107,0.1147119849920272,awq,Qwen_Qwen3-8B
13,0.1212819889187812,0.1205397173762321,awq,Qwen_Qwen3-8B
14,0.1296365112066269,0.1599760055541992,awq,Qwen_Qwen3-8B
15,0.1367292255163192,0.1498381197452545,awq,Qwen_Qwen3-8B
16,0.139448806643486,0.1532194912433624,awq,Qwen_Qwen3-8B
17,0.1453734934329986,0.173418715596199,awq,Qwen_Qwen3-8B
18,0.1517165303230285,0.1525560170412063,awq,Qwen_Qwen3-8B
19,0.1523160487413406,0.1653122305870056,awq,Qwen_Qwen3-8B
20,0.1624312847852707,0.1918914318084716,awq,Qwen_Qwen3-8B
21,0.1721172779798507,0.2051903754472732,awq,Qwen_Qwen3-8B
22,0.16372612118721,0.2519621551036834,awq,Qwen_Qwen3-8B
23,0.1720990091562271,0.2976579368114471,awq,Qwen_Qwen3-8B
24,0.1689543426036834,0.3149667084217071,awq,Qwen_Qwen3-8B
25,0.1696588546037674,0.3210962414741516,awq,Qwen_Qwen3-8B
26,0.1827023029327392,0.4304870367050171,awq,Qwen_Qwen3-8B
27,0.1869050562381744,0.4961283504962921,awq,Qwen_Qwen3-8B
28,0.1956882029771804,0.5479539632797241,awq,Qwen_Qwen3-8B
29,0.2213263064622879,0.6148203015327454,awq,Qwen_Qwen3-8B
30,0.2112591564655304,0.4858634173870086,awq,Qwen_Qwen3-8B
31,0.202052816748619,0.4240245521068573,awq,Qwen_Qwen3-8B
32,0.2118196934461593,0.5288528800010681,awq,Qwen_Qwen3-8B
33,0.1974626332521438,0.5003055334091187,awq,Qwen_Qwen3-8B
34,0.1161048412322998,0.4620506465435028,awq,Qwen_Qwen3-8B
35,0.0780348926782608,0.2025332897901535,awq,Qwen_Qwen3-8B
0,0.0165689904242753,0.0158586706966161,hqq,Qwen_Qwen3-8B
1,0.0247727800160646,0.0213285963982343,hqq,Qwen_Qwen3-8B
2,0.0460256449878215,0.0347766578197479,hqq,Qwen_Qwen3-8B
3,0.0568179078400135,0.0452672094106674,hqq,Qwen_Qwen3-8B
4,0.0647598505020141,0.053958885371685,hqq,Qwen_Qwen3-8B
5,0.0655223801732063,0.0610125251114368,hqq,Qwen_Qwen3-8B
6,0.0821616053581237,0.0724548995494842,hqq,Qwen_Qwen3-8B
7,0.1018779799342155,0.0842884182929992,hqq,Qwen_Qwen3-8B
8,0.1227050349116325,0.1155894994735717,hqq,Qwen_Qwen3-8B
9,0.1360979676246643,0.1214943453669548,hqq,Qwen_Qwen3-8B
10,0.1436610370874405,0.1352339833974838,hqq,Qwen_Qwen3-8B
11,0.149244025349617,0.1334300190210342,hqq,Qwen_Qwen3-8B
12,0.1466845422983169,0.1406097114086151,hqq,Qwen_Qwen3-8B
13,0.1599887460470199,0.1602070778608322,hqq,Qwen_Qwen3-8B
14,0.1647925823926925,0.1826643794775009,hqq,Qwen_Qwen3-8B
15,0.1834123432636261,0.2024827152490615,hqq,Qwen_Qwen3-8B
16,0.1876719892024994,0.206790804862976,hqq,Qwen_Qwen3-8B
17,0.1964690387248993,0.2334513217210769,hqq,Qwen_Qwen3-8B
18,0.2070226818323135,0.2407725900411605,hqq,Qwen_Qwen3-8B
19,0.1986596286296844,0.2082903087139129,hqq,Qwen_Qwen3-8B
20,0.2090342789888382,0.2460820376873016,hqq,Qwen_Qwen3-8B
21,0.2293829023838043,0.2958839833736419,hqq,Qwen_Qwen3-8B
22,0.2259088307619094,0.3474170565605163,hqq,Qwen_Qwen3-8B
23,0.22837595641613,0.3901192545890808,hqq,Qwen_Qwen3-8B
24,0.2053307443857193,0.3295720517635345,hqq,Qwen_Qwen3-8B
25,0.2043468058109283,0.3139156103134155,hqq,Qwen_Qwen3-8B
26,0.2016279548406601,0.3418177366256714,hqq,Qwen_Qwen3-8B
27,0.2290723621845245,0.622834324836731,hqq,Qwen_Qwen3-8B
28,0.241839200258255,0.6469182968139648,hqq,Qwen_Qwen3-8B
29,0.2521192729473114,0.5281915068626404,hqq,Qwen_Qwen3-8B
30,0.2638620436191559,0.546761155128479,hqq,Qwen_Qwen3-8B
31,0.2807680964469909,0.6334413886070251,hqq,Qwen_Qwen3-8B
32,0.2773555219173431,0.635088324546814,hqq,Qwen_Qwen3-8B
33,0.251085489988327,0.5761027932167053,hqq,Qwen_Qwen3-8B
34,0.1256651282310485,0.291086882352829,hqq,Qwen_Qwen3-8B
35,0.0855206698179245,0.1919802278280258,hqq,Qwen_Qwen3-8B
