scope,layer,mean,std,low_entropy_frac,method,model
global,-1,0.1364826,0.1991464793682098,0.9908854166666666,bfloat16,google_gemma-3-12b-it
layer,0,0.014798436,,1.0,bfloat16,google_gemma-3-12b-it
layer,1,0.01860904,,1.0,bfloat16,google_gemma-3-12b-it
layer,2,0.038857765,,1.0,bfloat16,google_gemma-3-12b-it
layer,3,0.015963148,,1.0,bfloat16,google_gemma-3-12b-it
layer,4,0.01780459,,1.0,bfloat16,google_gemma-3-12b-it
layer,5,0.032782875,,1.0,bfloat16,google_gemma-3-12b-it
layer,6,0.016684115,,1.0,bfloat16,google_gemma-3-12b-it
layer,7,0.019676138,,1.0,bfloat16,google_gemma-3-12b-it
layer,8,0.013063703,,1.0,bfloat16,google_gemma-3-12b-it
layer,9,0.02811579,,1.0,bfloat16,google_gemma-3-12b-it
layer,10,0.026681202,,1.0,bfloat16,google_gemma-3-12b-it
layer,11,0.050522838,,1.0,bfloat16,google_gemma-3-12b-it
layer,12,0.02698458,,1.0,bfloat16,google_gemma-3-12b-it
layer,13,0.03598933,,1.0,bfloat16,google_gemma-3-12b-it
layer,14,0.024100073,,1.0,bfloat16,google_gemma-3-12b-it
layer,15,0.025176704,,1.0,bfloat16,google_gemma-3-12b-it
layer,16,0.044605028,,1.0,bfloat16,google_gemma-3-12b-it
layer,17,0.15294267,,1.0,bfloat16,google_gemma-3-12b-it
layer,18,0.15134443,,1.0,bfloat16,google_gemma-3-12b-it
layer,19,0.09673935,,1.0,bfloat16,google_gemma-3-12b-it
layer,20,0.07090237,,1.0,bfloat16,google_gemma-3-12b-it
layer,21,0.060534142,,1.0,bfloat16,google_gemma-3-12b-it
layer,22,0.12192753,,1.0,bfloat16,google_gemma-3-12b-it
layer,23,0.753766,,1.0,bfloat16,google_gemma-3-12b-it
layer,24,0.20094644,,1.0,bfloat16,google_gemma-3-12b-it
layer,25,0.1030528,,1.0,bfloat16,google_gemma-3-12b-it
layer,26,0.12418422,,1.0,bfloat16,google_gemma-3-12b-it
layer,27,0.16890019,,1.0,bfloat16,google_gemma-3-12b-it
layer,28,0.15115258,,1.0,bfloat16,google_gemma-3-12b-it
layer,29,0.95249337,,0.625,bfloat16,google_gemma-3-12b-it
layer,30,0.1367549,,1.0,bfloat16,google_gemma-3-12b-it
layer,31,0.08497741,,1.0,bfloat16,google_gemma-3-12b-it
layer,32,0.104126796,,1.0,bfloat16,google_gemma-3-12b-it
layer,33,0.1554157,,1.0,bfloat16,google_gemma-3-12b-it
layer,34,0.10269262,,1.0,bfloat16,google_gemma-3-12b-it
layer,35,0.38963038,,1.0,bfloat16,google_gemma-3-12b-it
layer,36,0.07739476,,1.0,bfloat16,google_gemma-3-12b-it
layer,37,0.07059487,,1.0,bfloat16,google_gemma-3-12b-it
layer,38,0.09051989,,1.0,bfloat16,google_gemma-3-12b-it
layer,39,0.081540965,,1.0,bfloat16,google_gemma-3-12b-it
layer,40,0.075399786,,1.0,bfloat16,google_gemma-3-12b-it
layer,41,0.77547497,,0.9375,bfloat16,google_gemma-3-12b-it
layer,42,0.08500255,,1.0,bfloat16,google_gemma-3-12b-it
layer,43,0.3128392,,1.0,bfloat16,google_gemma-3-12b-it
layer,44,0.09552212,,1.0,bfloat16,google_gemma-3-12b-it
layer,45,0.047957446,,1.0,bfloat16,google_gemma-3-12b-it
layer,46,0.16151111,,1.0,bfloat16,google_gemma-3-12b-it
layer,47,0.14450723,,1.0,bfloat16,google_gemma-3-12b-it
global,-1,0.15587096,0.2390620857477188,0.97265625,awq,google_gemma-3-12b-it
layer,0,0.016387217,,1.0,awq,google_gemma-3-12b-it
layer,1,0.046913497,,1.0,awq,google_gemma-3-12b-it
layer,2,0.031546853,,1.0,awq,google_gemma-3-12b-it
layer,3,0.06454514,,1.0,awq,google_gemma-3-12b-it
layer,4,0.013071647,,1.0,awq,google_gemma-3-12b-it
layer,5,0.025942994,,1.0,awq,google_gemma-3-12b-it
layer,6,0.013416188,,1.0,awq,google_gemma-3-12b-it
layer,7,0.01996555,,1.0,awq,google_gemma-3-12b-it
layer,8,0.011828322,,1.0,awq,google_gemma-3-12b-it
layer,9,0.028753262,,1.0,awq,google_gemma-3-12b-it
layer,10,0.02489109,,1.0,awq,google_gemma-3-12b-it
layer,11,0.037805635,,1.0,awq,google_gemma-3-12b-it
layer,12,0.034182224,,1.0,awq,google_gemma-3-12b-it
layer,13,0.046031322,,1.0,awq,google_gemma-3-12b-it
layer,14,0.023341227,,1.0,awq,google_gemma-3-12b-it
layer,15,0.03371238,,1.0,awq,google_gemma-3-12b-it
layer,16,0.067724235,,1.0,awq,google_gemma-3-12b-it
layer,17,0.18779339,,1.0,awq,google_gemma-3-12b-it
layer,18,0.13910547,,1.0,awq,google_gemma-3-12b-it
layer,19,0.10971236,,1.0,awq,google_gemma-3-12b-it
layer,20,0.096140295,,1.0,awq,google_gemma-3-12b-it
layer,21,0.097504936,,1.0,awq,google_gemma-3-12b-it
layer,22,0.14860983,,1.0,awq,google_gemma-3-12b-it
layer,23,0.7747412,,0.875,awq,google_gemma-3-12b-it
layer,24,0.17881417,,1.0,awq,google_gemma-3-12b-it
layer,25,0.108786955,,1.0,awq,google_gemma-3-12b-it
layer,26,0.14995924,,1.0,awq,google_gemma-3-12b-it
layer,27,0.18256465,,1.0,awq,google_gemma-3-12b-it
layer,28,0.14530163,,1.0,awq,google_gemma-3-12b-it
layer,29,0.9351547,,0.5625,awq,google_gemma-3-12b-it
layer,30,0.12942511,,1.0,awq,google_gemma-3-12b-it
layer,31,0.073800206,,1.0,awq,google_gemma-3-12b-it
layer,32,0.106601395,,1.0,awq,google_gemma-3-12b-it
layer,33,0.12136794,,1.0,awq,google_gemma-3-12b-it
layer,34,0.12014681,,1.0,awq,google_gemma-3-12b-it
layer,35,0.47547597,,1.0,awq,google_gemma-3-12b-it
layer,36,0.10575166,,1.0,awq,google_gemma-3-12b-it
layer,37,0.06712706,,1.0,awq,google_gemma-3-12b-it
layer,38,0.114282906,,1.0,awq,google_gemma-3-12b-it
layer,39,0.072551444,,1.0,awq,google_gemma-3-12b-it
layer,40,0.07128832,,1.0,awq,google_gemma-3-12b-it
layer,41,1.114287,,0.25,awq,google_gemma-3-12b-it
layer,42,0.081927985,,1.0,awq,google_gemma-3-12b-it
layer,43,0.34908134,,1.0,awq,google_gemma-3-12b-it
layer,44,0.08956425,,1.0,awq,google_gemma-3-12b-it
layer,45,0.05425343,,1.0,awq,google_gemma-3-12b-it
layer,46,0.21212548,,1.0,awq,google_gemma-3-12b-it
layer,47,0.32850024,,1.0,awq,google_gemma-3-12b-it
global,-1,0.13976349,0.2097712457180023,0.9856770833333334,hqq,google_gemma-3-12b-it
layer,0,0.013226806,,1.0,hqq,google_gemma-3-12b-it
layer,1,0.019285673,,1.0,hqq,google_gemma-3-12b-it
layer,2,0.041766383,,1.0,hqq,google_gemma-3-12b-it
layer,3,0.016455736,,1.0,hqq,google_gemma-3-12b-it
layer,4,0.017328784,,1.0,hqq,google_gemma-3-12b-it
layer,5,0.03338564,,1.0,hqq,google_gemma-3-12b-it
layer,6,0.018593028,,1.0,hqq,google_gemma-3-12b-it
layer,7,0.019873112,,1.0,hqq,google_gemma-3-12b-it
layer,8,0.014066383,,1.0,hqq,google_gemma-3-12b-it
layer,9,0.029202426,,1.0,hqq,google_gemma-3-12b-it
layer,10,0.027981889,,1.0,hqq,google_gemma-3-12b-it
layer,11,0.04967653,,1.0,hqq,google_gemma-3-12b-it
layer,12,0.028725997,,1.0,hqq,google_gemma-3-12b-it
layer,13,0.03467039,,1.0,hqq,google_gemma-3-12b-it
layer,14,0.020891562,,1.0,hqq,google_gemma-3-12b-it
layer,15,0.024824081,,1.0,hqq,google_gemma-3-12b-it
layer,16,0.04530569,,1.0,hqq,google_gemma-3-12b-it
layer,17,0.14812596,,1.0,hqq,google_gemma-3-12b-it
layer,18,0.16103071,,1.0,hqq,google_gemma-3-12b-it
layer,19,0.097742476,,1.0,hqq,google_gemma-3-12b-it
layer,20,0.07273123,,1.0,hqq,google_gemma-3-12b-it
layer,21,0.063615106,,1.0,hqq,google_gemma-3-12b-it
layer,22,0.12545256,,1.0,hqq,google_gemma-3-12b-it
layer,23,0.7751484,,1.0,hqq,google_gemma-3-12b-it
layer,24,0.20871595,,1.0,hqq,google_gemma-3-12b-it
layer,25,0.10805326,,1.0,hqq,google_gemma-3-12b-it
layer,26,0.11568171,,1.0,hqq,google_gemma-3-12b-it
layer,27,0.18378076,,1.0,hqq,google_gemma-3-12b-it
layer,28,0.1588512,,1.0,hqq,google_gemma-3-12b-it
layer,29,1.0543054,,0.375,hqq,google_gemma-3-12b-it
layer,30,0.14281997,,1.0,hqq,google_gemma-3-12b-it
layer,31,0.08673154,,1.0,hqq,google_gemma-3-12b-it
layer,32,0.10738678,,1.0,hqq,google_gemma-3-12b-it
layer,33,0.14591393,,1.0,hqq,google_gemma-3-12b-it
layer,34,0.10146371,,1.0,hqq,google_gemma-3-12b-it
layer,35,0.41694057,,1.0,hqq,google_gemma-3-12b-it
layer,36,0.07918522,,1.0,hqq,google_gemma-3-12b-it
layer,37,0.06977911,,1.0,hqq,google_gemma-3-12b-it
layer,38,0.09118571,,1.0,hqq,google_gemma-3-12b-it
layer,39,0.0796371,,1.0,hqq,google_gemma-3-12b-it
layer,40,0.07557589,,1.0,hqq,google_gemma-3-12b-it
layer,41,0.76666236,,0.9375,hqq,google_gemma-3-12b-it
layer,42,0.08038186,,1.0,hqq,google_gemma-3-12b-it
layer,43,0.29964143,,1.0,hqq,google_gemma-3-12b-it
layer,44,0.08251491,,1.0,hqq,google_gemma-3-12b-it
layer,45,0.047503017,,1.0,hqq,google_gemma-3-12b-it
layer,46,0.1596367,,1.0,hqq,google_gemma-3-12b-it
layer,47,0.1471926,,1.0,hqq,google_gemma-3-12b-it
global,-1,0.14083596,0.2044687867164611,0.9869791666666666,fp8,google_gemma-3-12b-it
layer,0,0.015446959,,1.0,fp8,google_gemma-3-12b-it
layer,1,0.018382803,,1.0,fp8,google_gemma-3-12b-it
layer,2,0.03901474,,1.0,fp8,google_gemma-3-12b-it
layer,3,0.016615927,,1.0,fp8,google_gemma-3-12b-it
layer,4,0.016620383,,1.0,fp8,google_gemma-3-12b-it
layer,5,0.033491477,,1.0,fp8,google_gemma-3-12b-it
layer,6,0.018629823,,1.0,fp8,google_gemma-3-12b-it
layer,7,0.018808367,,1.0,fp8,google_gemma-3-12b-it
layer,8,0.0155155435,,1.0,fp8,google_gemma-3-12b-it
layer,9,0.031371597,,1.0,fp8,google_gemma-3-12b-it
layer,10,0.028392598,,1.0,fp8,google_gemma-3-12b-it
layer,11,0.04890036,,1.0,fp8,google_gemma-3-12b-it
layer,12,0.029623486,,1.0,fp8,google_gemma-3-12b-it
layer,13,0.037470393,,1.0,fp8,google_gemma-3-12b-it
layer,14,0.024806023,,1.0,fp8,google_gemma-3-12b-it
layer,15,0.022822382,,1.0,fp8,google_gemma-3-12b-it
layer,16,0.04494248,,1.0,fp8,google_gemma-3-12b-it
layer,17,0.15475136,,1.0,fp8,google_gemma-3-12b-it
layer,18,0.15375131,,1.0,fp8,google_gemma-3-12b-it
layer,19,0.10030836,,1.0,fp8,google_gemma-3-12b-it
layer,20,0.07466968,,1.0,fp8,google_gemma-3-12b-it
layer,21,0.05794753,,1.0,fp8,google_gemma-3-12b-it
layer,22,0.123925455,,1.0,fp8,google_gemma-3-12b-it
layer,23,0.75649405,,1.0,fp8,google_gemma-3-12b-it
layer,24,0.19446939,,1.0,fp8,google_gemma-3-12b-it
layer,25,0.10750439,,1.0,fp8,google_gemma-3-12b-it
layer,26,0.120526955,,1.0,fp8,google_gemma-3-12b-it
layer,27,0.17978147,,1.0,fp8,google_gemma-3-12b-it
layer,28,0.14842324,,1.0,fp8,google_gemma-3-12b-it
layer,29,1.009721,,0.4375,fp8,google_gemma-3-12b-it
layer,30,0.14478509,,1.0,fp8,google_gemma-3-12b-it
layer,31,0.08944259,,1.0,fp8,google_gemma-3-12b-it
layer,32,0.11297365,,1.0,fp8,google_gemma-3-12b-it
layer,33,0.15976715,,1.0,fp8,google_gemma-3-12b-it
layer,34,0.10072917,,1.0,fp8,google_gemma-3-12b-it
layer,35,0.43847382,,1.0,fp8,google_gemma-3-12b-it
layer,36,0.07914317,,1.0,fp8,google_gemma-3-12b-it
layer,37,0.08082983,,1.0,fp8,google_gemma-3-12b-it
layer,38,0.092693865,,1.0,fp8,google_gemma-3-12b-it
layer,39,0.08850782,,1.0,fp8,google_gemma-3-12b-it
layer,40,0.083366655,,1.0,fp8,google_gemma-3-12b-it
layer,41,0.7743163,,0.9375,fp8,google_gemma-3-12b-it
layer,42,0.086687505,,1.0,fp8,google_gemma-3-12b-it
layer,43,0.3183022,,1.0,fp8,google_gemma-3-12b-it
layer,44,0.09832111,,1.0,fp8,google_gemma-3-12b-it
layer,45,0.05084142,,1.0,fp8,google_gemma-3-12b-it
layer,46,0.16447602,,1.0,fp8,google_gemma-3-12b-it
layer,47,0.15333909,,1.0,fp8,google_gemma-3-12b-it
global,-1,3.6167133,7.152557373046875e-07,0.0,int4,google_gemma-3-12b-it
layer,0,3.6167126,,0.0,int4,google_gemma-3-12b-it
layer,1,3.6167126,,0.0,int4,google_gemma-3-12b-it
layer,2,3.6167126,,0.0,int4,google_gemma-3-12b-it
layer,3,3.6167126,,0.0,int4,google_gemma-3-12b-it
layer,4,3.6167126,,0.0,int4,google_gemma-3-12b-it
layer,5,3.6167126,,0.0,int4,google_gemma-3-12b-it
layer,6,3.6167126,,0.0,int4,google_gemma-3-12b-it
layer,7,3.6167126,,0.0,int4,google_gemma-3-12b-it
layer,8,3.6167126,,0.0,int4,google_gemma-3-12b-it
layer,9,3.6167126,,0.0,int4,google_gemma-3-12b-it
layer,10,3.6167126,,0.0,int4,google_gemma-3-12b-it
layer,11,3.6167126,,0.0,int4,google_gemma-3-12b-it
layer,12,3.6167126,,0.0,int4,google_gemma-3-12b-it
layer,13,3.6167126,,0.0,int4,google_gemma-3-12b-it
layer,14,3.6167126,,0.0,int4,google_gemma-3-12b-it
layer,15,3.6167126,,0.0,int4,google_gemma-3-12b-it
layer,16,3.6167126,,0.0,int4,google_gemma-3-12b-it
layer,17,3.6167126,,0.0,int4,google_gemma-3-12b-it
layer,18,3.6167126,,0.0,int4,google_gemma-3-12b-it
layer,19,3.6167126,,0.0,int4,google_gemma-3-12b-it
layer,20,3.6167126,,0.0,int4,google_gemma-3-12b-it
layer,21,3.6167126,,0.0,int4,google_gemma-3-12b-it
layer,22,3.6167126,,0.0,int4,google_gemma-3-12b-it
layer,23,3.6167126,,0.0,int4,google_gemma-3-12b-it
layer,24,3.6167126,,0.0,int4,google_gemma-3-12b-it
layer,25,3.6167126,,0.0,int4,google_gemma-3-12b-it
layer,26,3.6167126,,0.0,int4,google_gemma-3-12b-it
layer,27,3.6167126,,0.0,int4,google_gemma-3-12b-it
layer,28,3.6167126,,0.0,int4,google_gemma-3-12b-it
layer,29,3.6167126,,0.0,int4,google_gemma-3-12b-it
layer,30,3.6167126,,0.0,int4,google_gemma-3-12b-it
layer,31,3.6167126,,0.0,int4,google_gemma-3-12b-it
layer,32,3.6167126,,0.0,int4,google_gemma-3-12b-it
layer,33,3.6167126,,0.0,int4,google_gemma-3-12b-it
layer,34,3.6167126,,0.0,int4,google_gemma-3-12b-it
layer,35,3.6167126,,0.0,int4,google_gemma-3-12b-it
layer,36,3.6167126,,0.0,int4,google_gemma-3-12b-it
layer,37,3.6167126,,0.0,int4,google_gemma-3-12b-it
layer,38,3.6167126,,0.0,int4,google_gemma-3-12b-it
layer,39,3.6167126,,0.0,int4,google_gemma-3-12b-it
layer,40,3.6167126,,0.0,int4,google_gemma-3-12b-it
layer,41,3.6167126,,0.0,int4,google_gemma-3-12b-it
layer,42,3.6167126,,0.0,int4,google_gemma-3-12b-it
layer,43,3.6167126,,0.0,int4,google_gemma-3-12b-it
layer,44,3.6167126,,0.0,int4,google_gemma-3-12b-it
layer,45,3.6167126,,0.0,int4,google_gemma-3-12b-it
layer,46,3.6167126,,0.0,int4,google_gemma-3-12b-it
layer,47,3.6167126,,0.0,int4,google_gemma-3-12b-it
global,-1,0.13418053,0.1945046335458755,0.98828125,float16,google_gemma-3-12b-it
layer,0,0.015998794,,1.0,float16,google_gemma-3-12b-it
layer,1,0.02020656,,1.0,float16,google_gemma-3-12b-it
layer,2,0.038380053,,1.0,float16,google_gemma-3-12b-it
layer,3,0.015560026,,1.0,float16,google_gemma-3-12b-it
layer,4,0.016749661,,1.0,float16,google_gemma-3-12b-it
layer,5,0.031218078,,1.0,float16,google_gemma-3-12b-it
layer,6,0.018533507,,1.0,float16,google_gemma-3-12b-it
layer,7,0.020411264,,1.0,float16,google_gemma-3-12b-it
layer,8,0.014128332,,1.0,float16,google_gemma-3-12b-it
layer,9,0.03101258,,1.0,float16,google_gemma-3-12b-it
layer,10,0.0272462,,1.0,float16,google_gemma-3-12b-it
layer,11,0.048048995,,1.0,float16,google_gemma-3-12b-it
layer,12,0.0257259,,1.0,float16,google_gemma-3-12b-it
layer,13,0.036172986,,1.0,float16,google_gemma-3-12b-it
layer,14,0.021646593,,1.0,float16,google_gemma-3-12b-it
layer,15,0.024722008,,1.0,float16,google_gemma-3-12b-it
layer,16,0.045260165,,1.0,float16,google_gemma-3-12b-it
layer,17,0.14865135,,1.0,float16,google_gemma-3-12b-it
layer,18,0.15605104,,1.0,float16,google_gemma-3-12b-it
layer,19,0.0983984,,1.0,float16,google_gemma-3-12b-it
layer,20,0.0714529,,1.0,float16,google_gemma-3-12b-it
layer,21,0.061213143,,1.0,float16,google_gemma-3-12b-it
layer,22,0.12374693,,1.0,float16,google_gemma-3-12b-it
layer,23,0.740079,,1.0,float16,google_gemma-3-12b-it
layer,24,0.1920965,,1.0,float16,google_gemma-3-12b-it
layer,25,0.09935625,,1.0,float16,google_gemma-3-12b-it
layer,26,0.12065087,,1.0,float16,google_gemma-3-12b-it
layer,27,0.17146394,,1.0,float16,google_gemma-3-12b-it
layer,28,0.14791837,,1.0,float16,google_gemma-3-12b-it
layer,29,0.9843568,,0.5,float16,google_gemma-3-12b-it
layer,30,0.1402362,,1.0,float16,google_gemma-3-12b-it
layer,31,0.086411744,,1.0,float16,google_gemma-3-12b-it
layer,32,0.099225834,,1.0,float16,google_gemma-3-12b-it
layer,33,0.15479141,,1.0,float16,google_gemma-3-12b-it
layer,34,0.10073449,,1.0,float16,google_gemma-3-12b-it
layer,35,0.428816,,1.0,float16,google_gemma-3-12b-it
layer,36,0.08206959,,1.0,float16,google_gemma-3-12b-it
layer,37,0.07382872,,1.0,float16,google_gemma-3-12b-it
layer,38,0.08606486,,1.0,float16,google_gemma-3-12b-it
layer,39,0.076957226,,1.0,float16,google_gemma-3-12b-it
layer,40,0.07262706,,1.0,float16,google_gemma-3-12b-it
layer,41,0.6744621,,0.9375,float16,google_gemma-3-12b-it
layer,42,0.08157709,,1.0,float16,google_gemma-3-12b-it
layer,43,0.27977368,,1.0,float16,google_gemma-3-12b-it
layer,44,0.08736205,,1.0,float16,google_gemma-3-12b-it
layer,45,0.049131997,,1.0,float16,google_gemma-3-12b-it
layer,46,0.1609297,,1.0,float16,google_gemma-3-12b-it
layer,47,0.13920829,,1.0,float16,google_gemma-3-12b-it
global,-1,3.6167133,7.152557373046875e-07,0.0,int8,google_gemma-3-12b-it
layer,0,3.6167126,,0.0,int8,google_gemma-3-12b-it
layer,1,3.6167126,,0.0,int8,google_gemma-3-12b-it
layer,2,3.6167126,,0.0,int8,google_gemma-3-12b-it
layer,3,3.6167126,,0.0,int8,google_gemma-3-12b-it
layer,4,3.6167126,,0.0,int8,google_gemma-3-12b-it
layer,5,3.6167126,,0.0,int8,google_gemma-3-12b-it
layer,6,3.6167126,,0.0,int8,google_gemma-3-12b-it
layer,7,3.6167126,,0.0,int8,google_gemma-3-12b-it
layer,8,3.6167126,,0.0,int8,google_gemma-3-12b-it
layer,9,3.6167126,,0.0,int8,google_gemma-3-12b-it
layer,10,3.6167126,,0.0,int8,google_gemma-3-12b-it
layer,11,3.6167126,,0.0,int8,google_gemma-3-12b-it
layer,12,3.6167126,,0.0,int8,google_gemma-3-12b-it
layer,13,3.6167126,,0.0,int8,google_gemma-3-12b-it
layer,14,3.6167126,,0.0,int8,google_gemma-3-12b-it
layer,15,3.6167126,,0.0,int8,google_gemma-3-12b-it
layer,16,3.6167126,,0.0,int8,google_gemma-3-12b-it
layer,17,3.6167126,,0.0,int8,google_gemma-3-12b-it
layer,18,3.6167126,,0.0,int8,google_gemma-3-12b-it
layer,19,3.6167126,,0.0,int8,google_gemma-3-12b-it
layer,20,3.6167126,,0.0,int8,google_gemma-3-12b-it
layer,21,3.6167126,,0.0,int8,google_gemma-3-12b-it
layer,22,3.6167126,,0.0,int8,google_gemma-3-12b-it
layer,23,3.6167126,,0.0,int8,google_gemma-3-12b-it
layer,24,3.6167126,,0.0,int8,google_gemma-3-12b-it
layer,25,3.6167126,,0.0,int8,google_gemma-3-12b-it
layer,26,3.6167126,,0.0,int8,google_gemma-3-12b-it
layer,27,3.6167126,,0.0,int8,google_gemma-3-12b-it
layer,28,3.6167126,,0.0,int8,google_gemma-3-12b-it
layer,29,3.6167126,,0.0,int8,google_gemma-3-12b-it
layer,30,3.6167126,,0.0,int8,google_gemma-3-12b-it
layer,31,3.6167126,,0.0,int8,google_gemma-3-12b-it
layer,32,3.6167126,,0.0,int8,google_gemma-3-12b-it
layer,33,3.6167126,,0.0,int8,google_gemma-3-12b-it
layer,34,3.6167126,,0.0,int8,google_gemma-3-12b-it
layer,35,3.6167126,,0.0,int8,google_gemma-3-12b-it
layer,36,3.6167126,,0.0,int8,google_gemma-3-12b-it
layer,37,3.6167126,,0.0,int8,google_gemma-3-12b-it
layer,38,3.6167126,,0.0,int8,google_gemma-3-12b-it
layer,39,3.6167126,,0.0,int8,google_gemma-3-12b-it
layer,40,3.6167126,,0.0,int8,google_gemma-3-12b-it
layer,41,3.6167126,,0.0,int8,google_gemma-3-12b-it
layer,42,3.6167126,,0.0,int8,google_gemma-3-12b-it
layer,43,3.6167126,,0.0,int8,google_gemma-3-12b-it
layer,44,3.6167126,,0.0,int8,google_gemma-3-12b-it
layer,45,3.6167126,,0.0,int8,google_gemma-3-12b-it
layer,46,3.6167126,,0.0,int8,google_gemma-3-12b-it
layer,47,3.6167126,,0.0,int8,google_gemma-3-12b-it
global,-1,0.16790895,0.23666912317276,0.9765625,gptq,google_gemma-3-12b-it
layer,0,0.014714873,,1.0,gptq,google_gemma-3-12b-it
layer,1,0.019248277,,1.0,gptq,google_gemma-3-12b-it
layer,2,0.037172586,,1.0,gptq,google_gemma-3-12b-it
layer,3,0.015968274,,1.0,gptq,google_gemma-3-12b-it
layer,4,0.020244358,,1.0,gptq,google_gemma-3-12b-it
layer,5,0.03415838,,1.0,gptq,google_gemma-3-12b-it
layer,6,0.018638603,,1.0,gptq,google_gemma-3-12b-it
layer,7,0.020359144,,1.0,gptq,google_gemma-3-12b-it
layer,8,0.0145216305,,1.0,gptq,google_gemma-3-12b-it
layer,9,0.030423727,,1.0,gptq,google_gemma-3-12b-it
layer,10,0.028532293,,1.0,gptq,google_gemma-3-12b-it
layer,11,0.051470697,,1.0,gptq,google_gemma-3-12b-it
layer,12,0.029325169,,1.0,gptq,google_gemma-3-12b-it
layer,13,0.03661207,,1.0,gptq,google_gemma-3-12b-it
layer,14,0.022698266,,1.0,gptq,google_gemma-3-12b-it
layer,15,0.025717068,,1.0,gptq,google_gemma-3-12b-it
layer,16,0.048139147,,1.0,gptq,google_gemma-3-12b-it
layer,17,0.15328443,,1.0,gptq,google_gemma-3-12b-it
layer,18,0.16110408,,1.0,gptq,google_gemma-3-12b-it
layer,19,0.105692685,,1.0,gptq,google_gemma-3-12b-it
layer,20,0.078372136,,1.0,gptq,google_gemma-3-12b-it
layer,21,0.06792529,,1.0,gptq,google_gemma-3-12b-it
layer,22,0.13318089,,1.0,gptq,google_gemma-3-12b-it
layer,23,0.83412194,,0.9375,gptq,google_gemma-3-12b-it
layer,24,0.22422476,,1.0,gptq,google_gemma-3-12b-it
layer,25,0.11227621,,1.0,gptq,google_gemma-3-12b-it
layer,26,0.15028173,,1.0,gptq,google_gemma-3-12b-it
layer,27,0.20804092,,1.0,gptq,google_gemma-3-12b-it
layer,28,0.18379182,,1.0,gptq,google_gemma-3-12b-it
layer,29,1.1385486,,0.25,gptq,google_gemma-3-12b-it
layer,30,0.1609244,,1.0,gptq,google_gemma-3-12b-it
layer,31,0.11637145,,1.0,gptq,google_gemma-3-12b-it
layer,32,0.13323206,,1.0,gptq,google_gemma-3-12b-it
layer,33,0.20586976,,1.0,gptq,google_gemma-3-12b-it
layer,34,0.14688139,,1.0,gptq,google_gemma-3-12b-it
layer,35,0.6171724,,1.0,gptq,google_gemma-3-12b-it
layer,36,0.108896025,,1.0,gptq,google_gemma-3-12b-it
layer,37,0.10413361,,1.0,gptq,google_gemma-3-12b-it
layer,38,0.12323569,,1.0,gptq,google_gemma-3-12b-it
layer,39,0.11423902,,1.0,gptq,google_gemma-3-12b-it
layer,40,0.10625401,,1.0,gptq,google_gemma-3-12b-it
layer,41,0.8215626,,0.6875,gptq,google_gemma-3-12b-it
layer,42,0.12198724,,1.0,gptq,google_gemma-3-12b-it
layer,43,0.40309924,,1.0,gptq,google_gemma-3-12b-it
layer,44,0.13668919,,1.0,gptq,google_gemma-3-12b-it
layer,45,0.07913509,,1.0,gptq,google_gemma-3-12b-it
layer,46,0.27219278,,1.0,gptq,google_gemma-3-12b-it
layer,47,0.26896366,,1.0,gptq,google_gemma-3-12b-it
global,-1,0.21800439,0.2588100731372833,0.9705882352941176,bfloat16,google_gemma-3-4b-it
layer,0,0.029548086,,1.0,bfloat16,google_gemma-3-4b-it
layer,1,0.020985628,,1.0,bfloat16,google_gemma-3-4b-it
layer,2,0.022264093,,1.0,bfloat16,google_gemma-3-4b-it
layer,3,0.021899365,,1.0,bfloat16,google_gemma-3-4b-it
layer,4,0.03479654,,1.0,bfloat16,google_gemma-3-4b-it
layer,5,0.08287198,,1.0,bfloat16,google_gemma-3-4b-it
layer,6,0.034518354,,1.0,bfloat16,google_gemma-3-4b-it
layer,7,0.022569641,,1.0,bfloat16,google_gemma-3-4b-it
layer,8,0.024914365,,1.0,bfloat16,google_gemma-3-4b-it
layer,9,0.04997167,,1.0,bfloat16,google_gemma-3-4b-it
layer,10,0.042958282,,1.0,bfloat16,google_gemma-3-4b-it
layer,11,0.27630776,,1.0,bfloat16,google_gemma-3-4b-it
layer,12,0.09347818,,1.0,bfloat16,google_gemma-3-4b-it
layer,13,0.117061846,,1.0,bfloat16,google_gemma-3-4b-it
layer,14,0.1379258,,1.0,bfloat16,google_gemma-3-4b-it
layer,15,0.26404828,,1.0,bfloat16,google_gemma-3-4b-it
layer,16,0.18996933,,1.0,bfloat16,google_gemma-3-4b-it
layer,17,0.65921664,,1.0,bfloat16,google_gemma-3-4b-it
layer,18,0.19305393,,1.0,bfloat16,google_gemma-3-4b-it
layer,19,0.26130074,,1.0,bfloat16,google_gemma-3-4b-it
layer,20,0.26842588,,1.0,bfloat16,google_gemma-3-4b-it
layer,21,0.2948932,,1.0,bfloat16,google_gemma-3-4b-it
layer,22,0.3566659,,1.0,bfloat16,google_gemma-3-4b-it
layer,23,1.4340192,,0.0,bfloat16,google_gemma-3-4b-it
layer,24,0.19120294,,1.0,bfloat16,google_gemma-3-4b-it
layer,25,0.218308,,1.0,bfloat16,google_gemma-3-4b-it
layer,26,0.2592524,,1.0,bfloat16,google_gemma-3-4b-it
layer,27,0.23653457,,1.0,bfloat16,google_gemma-3-4b-it
layer,28,0.12964986,,1.0,bfloat16,google_gemma-3-4b-it
layer,29,0.451981,,1.0,bfloat16,google_gemma-3-4b-it
layer,30,0.35798866,,1.0,bfloat16,google_gemma-3-4b-it
layer,31,0.11908646,,1.0,bfloat16,google_gemma-3-4b-it
layer,32,0.14344397,,1.0,bfloat16,google_gemma-3-4b-it
layer,33,0.37103683,,1.0,bfloat16,google_gemma-3-4b-it
global,-1,0.21877281,0.2270866334438324,0.9742647058823528,awq,google_gemma-3-4b-it
layer,0,0.0272002,,1.0,awq,google_gemma-3-4b-it
layer,1,0.016151622,,1.0,awq,google_gemma-3-4b-it
layer,2,0.023134936,,1.0,awq,google_gemma-3-4b-it
layer,3,0.026965346,,1.0,awq,google_gemma-3-4b-it
layer,4,0.03697083,,1.0,awq,google_gemma-3-4b-it
layer,5,0.10189096,,1.0,awq,google_gemma-3-4b-it
layer,6,0.040563516,,1.0,awq,google_gemma-3-4b-it
layer,7,0.033312272,,1.0,awq,google_gemma-3-4b-it
layer,8,0.042973753,,1.0,awq,google_gemma-3-4b-it
layer,9,0.055371016,,1.0,awq,google_gemma-3-4b-it
layer,10,0.061022077,,1.0,awq,google_gemma-3-4b-it
layer,11,0.37131166,,1.0,awq,google_gemma-3-4b-it
layer,12,0.11392462,,1.0,awq,google_gemma-3-4b-it
layer,13,0.14027846,,1.0,awq,google_gemma-3-4b-it
layer,14,0.17406899,,1.0,awq,google_gemma-3-4b-it
layer,15,0.17485616,,1.0,awq,google_gemma-3-4b-it
layer,16,0.19765174,,1.0,awq,google_gemma-3-4b-it
layer,17,0.46817744,,1.0,awq,google_gemma-3-4b-it
layer,18,0.1762298,,1.0,awq,google_gemma-3-4b-it
layer,19,0.24028373,,1.0,awq,google_gemma-3-4b-it
layer,20,0.23686342,,1.0,awq,google_gemma-3-4b-it
layer,21,0.2507748,,1.0,awq,google_gemma-3-4b-it
layer,22,0.29406658,,1.0,awq,google_gemma-3-4b-it
layer,23,1.1161996,,0.125,awq,google_gemma-3-4b-it
layer,24,0.22492018,,1.0,awq,google_gemma-3-4b-it
layer,25,0.23943254,,1.0,awq,google_gemma-3-4b-it
layer,26,0.33345407,,1.0,awq,google_gemma-3-4b-it
layer,27,0.19302274,,1.0,awq,google_gemma-3-4b-it
layer,28,0.15891649,,1.0,awq,google_gemma-3-4b-it
layer,29,0.64437735,,1.0,awq,google_gemma-3-4b-it
layer,30,0.54612356,,1.0,awq,google_gemma-3-4b-it
layer,31,0.13439772,,1.0,awq,google_gemma-3-4b-it
layer,32,0.16353594,,1.0,awq,google_gemma-3-4b-it
layer,33,0.37985122,,1.0,awq,google_gemma-3-4b-it
global,-1,0.21672148,0.2538502514362335,0.9705882352941176,hqq,google_gemma-3-4b-it
layer,0,0.027887076,,1.0,hqq,google_gemma-3-4b-it
layer,1,0.023854565,,1.0,hqq,google_gemma-3-4b-it
layer,2,0.026425572,,1.0,hqq,google_gemma-3-4b-it
layer,3,0.021145653,,1.0,hqq,google_gemma-3-4b-it
layer,4,0.036672704,,1.0,hqq,google_gemma-3-4b-it
layer,5,0.090319395,,1.0,hqq,google_gemma-3-4b-it
layer,6,0.0362645,,1.0,hqq,google_gemma-3-4b-it
layer,7,0.02183959,,1.0,hqq,google_gemma-3-4b-it
layer,8,0.025262102,,1.0,hqq,google_gemma-3-4b-it
layer,9,0.051553328,,1.0,hqq,google_gemma-3-4b-it
layer,10,0.04431492,,1.0,hqq,google_gemma-3-4b-it
layer,11,0.27635348,,1.0,hqq,google_gemma-3-4b-it
layer,12,0.092372864,,1.0,hqq,google_gemma-3-4b-it
layer,13,0.11969103,,1.0,hqq,google_gemma-3-4b-it
layer,14,0.13284278,,1.0,hqq,google_gemma-3-4b-it
layer,15,0.27970138,,1.0,hqq,google_gemma-3-4b-it
layer,16,0.17188643,,1.0,hqq,google_gemma-3-4b-it
layer,17,0.6272583,,1.0,hqq,google_gemma-3-4b-it
layer,18,0.18654928,,1.0,hqq,google_gemma-3-4b-it
layer,19,0.2780523,,1.0,hqq,google_gemma-3-4b-it
layer,20,0.2725662,,1.0,hqq,google_gemma-3-4b-it
layer,21,0.28605974,,1.0,hqq,google_gemma-3-4b-it
layer,22,0.3448693,,1.0,hqq,google_gemma-3-4b-it
layer,23,1.3997881,,0.0,hqq,google_gemma-3-4b-it
layer,24,0.18561101,,1.0,hqq,google_gemma-3-4b-it
layer,25,0.21553528,,1.0,hqq,google_gemma-3-4b-it
layer,26,0.25760394,,1.0,hqq,google_gemma-3-4b-it
layer,27,0.2181393,,1.0,hqq,google_gemma-3-4b-it
layer,28,0.13177599,,1.0,hqq,google_gemma-3-4b-it
layer,29,0.477108,,1.0,hqq,google_gemma-3-4b-it
layer,30,0.38979667,,1.0,hqq,google_gemma-3-4b-it
layer,31,0.12096135,,1.0,hqq,google_gemma-3-4b-it
layer,32,0.1348398,,1.0,hqq,google_gemma-3-4b-it
layer,33,0.36362806,,1.0,hqq,google_gemma-3-4b-it
global,-1,0.21433334,0.2478804588317871,0.9705882352941176,fp8,google_gemma-3-4b-it
layer,0,0.028711367,,1.0,fp8,google_gemma-3-4b-it
layer,1,0.024506398,,1.0,fp8,google_gemma-3-4b-it
layer,2,0.025293902,,1.0,fp8,google_gemma-3-4b-it
layer,3,0.019438999,,1.0,fp8,google_gemma-3-4b-it
layer,4,0.03917878,,1.0,fp8,google_gemma-3-4b-it
layer,5,0.08998975,,1.0,fp8,google_gemma-3-4b-it
layer,6,0.035429057,,1.0,fp8,google_gemma-3-4b-it
layer,7,0.019506048,,1.0,fp8,google_gemma-3-4b-it
layer,8,0.029136872,,1.0,fp8,google_gemma-3-4b-it
layer,9,0.050837494,,1.0,fp8,google_gemma-3-4b-it
layer,10,0.042187672,,1.0,fp8,google_gemma-3-4b-it
layer,11,0.2629969,,1.0,fp8,google_gemma-3-4b-it
layer,12,0.09369443,,1.0,fp8,google_gemma-3-4b-it
layer,13,0.11465896,,1.0,fp8,google_gemma-3-4b-it
layer,14,0.13133514,,1.0,fp8,google_gemma-3-4b-it
layer,15,0.27689046,,1.0,fp8,google_gemma-3-4b-it
layer,16,0.17889594,,1.0,fp8,google_gemma-3-4b-it
layer,17,0.6140442,,1.0,fp8,google_gemma-3-4b-it
layer,18,0.18733752,,1.0,fp8,google_gemma-3-4b-it
layer,19,0.27493498,,1.0,fp8,google_gemma-3-4b-it
layer,20,0.2632093,,1.0,fp8,google_gemma-3-4b-it
layer,21,0.2786556,,1.0,fp8,google_gemma-3-4b-it
layer,22,0.3483826,,1.0,fp8,google_gemma-3-4b-it
layer,23,1.3651116,,0.0,fp8,google_gemma-3-4b-it
layer,24,0.18662578,,1.0,fp8,google_gemma-3-4b-it
layer,25,0.22424734,,1.0,fp8,google_gemma-3-4b-it
layer,26,0.2547559,,1.0,fp8,google_gemma-3-4b-it
layer,27,0.20845637,,1.0,fp8,google_gemma-3-4b-it
layer,28,0.12452929,,1.0,fp8,google_gemma-3-4b-it
layer,29,0.4704293,,1.0,fp8,google_gemma-3-4b-it
layer,30,0.38721973,,1.0,fp8,google_gemma-3-4b-it
layer,31,0.123290695,,1.0,fp8,google_gemma-3-4b-it
layer,32,0.1405196,,1.0,fp8,google_gemma-3-4b-it
layer,33,0.37289524,,1.0,fp8,google_gemma-3-4b-it
global,-1,3.6167126,0.0,0.0,int4,google_gemma-3-4b-it
layer,0,3.6167126,,0.0,int4,google_gemma-3-4b-it
layer,1,3.6167126,,0.0,int4,google_gemma-3-4b-it
layer,2,3.6167126,,0.0,int4,google_gemma-3-4b-it
layer,3,3.6167126,,0.0,int4,google_gemma-3-4b-it
layer,4,3.6167126,,0.0,int4,google_gemma-3-4b-it
layer,5,3.6167126,,0.0,int4,google_gemma-3-4b-it
layer,6,3.6167126,,0.0,int4,google_gemma-3-4b-it
layer,7,3.6167126,,0.0,int4,google_gemma-3-4b-it
layer,8,3.6167126,,0.0,int4,google_gemma-3-4b-it
layer,9,3.6167126,,0.0,int4,google_gemma-3-4b-it
layer,10,3.6167126,,0.0,int4,google_gemma-3-4b-it
layer,11,3.6167126,,0.0,int4,google_gemma-3-4b-it
layer,12,3.6167126,,0.0,int4,google_gemma-3-4b-it
layer,13,3.6167126,,0.0,int4,google_gemma-3-4b-it
layer,14,3.6167126,,0.0,int4,google_gemma-3-4b-it
layer,15,3.6167126,,0.0,int4,google_gemma-3-4b-it
layer,16,3.6167126,,0.0,int4,google_gemma-3-4b-it
layer,17,3.6167126,,0.0,int4,google_gemma-3-4b-it
layer,18,3.6167126,,0.0,int4,google_gemma-3-4b-it
layer,19,3.6167126,,0.0,int4,google_gemma-3-4b-it
layer,20,3.6167126,,0.0,int4,google_gemma-3-4b-it
layer,21,3.6167126,,0.0,int4,google_gemma-3-4b-it
layer,22,3.6167126,,0.0,int4,google_gemma-3-4b-it
layer,23,3.6167126,,0.0,int4,google_gemma-3-4b-it
layer,24,3.6167126,,0.0,int4,google_gemma-3-4b-it
layer,25,3.6167126,,0.0,int4,google_gemma-3-4b-it
layer,26,3.6167126,,0.0,int4,google_gemma-3-4b-it
layer,27,3.6167126,,0.0,int4,google_gemma-3-4b-it
layer,28,3.6167126,,0.0,int4,google_gemma-3-4b-it
layer,29,3.6167126,,0.0,int4,google_gemma-3-4b-it
layer,30,3.6167126,,0.0,int4,google_gemma-3-4b-it
layer,31,3.6167126,,0.0,int4,google_gemma-3-4b-it
layer,32,3.6167126,,0.0,int4,google_gemma-3-4b-it
layer,33,3.6167126,,0.0,int4,google_gemma-3-4b-it
global,-1,0.21451423,0.2501295506954193,0.9705882352941176,float16,google_gemma-3-4b-it
layer,0,0.029596835,,1.0,float16,google_gemma-3-4b-it
layer,1,0.020796563,,1.0,float16,google_gemma-3-4b-it
layer,2,0.02500257,,1.0,float16,google_gemma-3-4b-it
layer,3,0.022740738,,1.0,float16,google_gemma-3-4b-it
layer,4,0.03317285,,1.0,float16,google_gemma-3-4b-it
layer,5,0.08931277,,1.0,float16,google_gemma-3-4b-it
layer,6,0.038593158,,1.0,float16,google_gemma-3-4b-it
layer,7,0.023631297,,1.0,float16,google_gemma-3-4b-it
layer,8,0.029698374,,1.0,float16,google_gemma-3-4b-it
layer,9,0.05516641,,1.0,float16,google_gemma-3-4b-it
layer,10,0.044927895,,1.0,float16,google_gemma-3-4b-it
layer,11,0.28470182,,1.0,float16,google_gemma-3-4b-it
layer,12,0.09834107,,1.0,float16,google_gemma-3-4b-it
layer,13,0.117578775,,1.0,float16,google_gemma-3-4b-it
layer,14,0.14562577,,1.0,float16,google_gemma-3-4b-it
layer,15,0.2880531,,1.0,float16,google_gemma-3-4b-it
layer,16,0.18118589,,1.0,float16,google_gemma-3-4b-it
layer,17,0.67106116,,1.0,float16,google_gemma-3-4b-it
layer,18,0.18856847,,1.0,float16,google_gemma-3-4b-it
layer,19,0.28289855,,1.0,float16,google_gemma-3-4b-it
layer,20,0.26097947,,1.0,float16,google_gemma-3-4b-it
layer,21,0.29671347,,1.0,float16,google_gemma-3-4b-it
layer,22,0.37676042,,1.0,float16,google_gemma-3-4b-it
layer,23,1.3680041,,0.0,float16,google_gemma-3-4b-it
layer,24,0.18608764,,1.0,float16,google_gemma-3-4b-it
layer,25,0.21315783,,1.0,float16,google_gemma-3-4b-it
layer,26,0.25265503,,1.0,float16,google_gemma-3-4b-it
layer,27,0.20901343,,1.0,float16,google_gemma-3-4b-it
layer,28,0.121764876,,1.0,float16,google_gemma-3-4b-it
layer,29,0.4021989,,1.0,float16,google_gemma-3-4b-it
layer,30,0.33489108,,1.0,float16,google_gemma-3-4b-it
layer,31,0.11957595,,1.0,float16,google_gemma-3-4b-it
layer,32,0.1274232,,1.0,float16,google_gemma-3-4b-it
layer,33,0.35360408,,1.0,float16,google_gemma-3-4b-it
global,-1,3.6167126,0.0,0.0,int8,google_gemma-3-4b-it
layer,0,3.6167126,,0.0,int8,google_gemma-3-4b-it
layer,1,3.6167126,,0.0,int8,google_gemma-3-4b-it
layer,2,3.6167126,,0.0,int8,google_gemma-3-4b-it
layer,3,3.6167126,,0.0,int8,google_gemma-3-4b-it
layer,4,3.6167126,,0.0,int8,google_gemma-3-4b-it
layer,5,3.6167126,,0.0,int8,google_gemma-3-4b-it
layer,6,3.6167126,,0.0,int8,google_gemma-3-4b-it
layer,7,3.6167126,,0.0,int8,google_gemma-3-4b-it
layer,8,3.6167126,,0.0,int8,google_gemma-3-4b-it
layer,9,3.6167126,,0.0,int8,google_gemma-3-4b-it
layer,10,3.6167126,,0.0,int8,google_gemma-3-4b-it
layer,11,3.6167126,,0.0,int8,google_gemma-3-4b-it
layer,12,3.6167126,,0.0,int8,google_gemma-3-4b-it
layer,13,3.6167126,,0.0,int8,google_gemma-3-4b-it
layer,14,3.6167126,,0.0,int8,google_gemma-3-4b-it
layer,15,3.6167126,,0.0,int8,google_gemma-3-4b-it
layer,16,3.6167126,,0.0,int8,google_gemma-3-4b-it
layer,17,3.6167126,,0.0,int8,google_gemma-3-4b-it
layer,18,3.6167126,,0.0,int8,google_gemma-3-4b-it
layer,19,3.6167126,,0.0,int8,google_gemma-3-4b-it
layer,20,3.6167126,,0.0,int8,google_gemma-3-4b-it
layer,21,3.6167126,,0.0,int8,google_gemma-3-4b-it
layer,22,3.6167126,,0.0,int8,google_gemma-3-4b-it
layer,23,3.6167126,,0.0,int8,google_gemma-3-4b-it
layer,24,3.6167126,,0.0,int8,google_gemma-3-4b-it
layer,25,3.6167126,,0.0,int8,google_gemma-3-4b-it
layer,26,3.6167126,,0.0,int8,google_gemma-3-4b-it
layer,27,3.6167126,,0.0,int8,google_gemma-3-4b-it
layer,28,3.6167126,,0.0,int8,google_gemma-3-4b-it
layer,29,3.6167126,,0.0,int8,google_gemma-3-4b-it
layer,30,3.6167126,,0.0,int8,google_gemma-3-4b-it
layer,31,3.6167126,,0.0,int8,google_gemma-3-4b-it
layer,32,3.6167126,,0.0,int8,google_gemma-3-4b-it
layer,33,3.6167126,,0.0,int8,google_gemma-3-4b-it
global,-1,0.251939,0.2924914360046386,0.9705882352941176,gptq,google_gemma-3-4b-it
layer,0,0.030049905,,1.0,gptq,google_gemma-3-4b-it
layer,1,0.020477345,,1.0,gptq,google_gemma-3-4b-it
layer,2,0.024529913,,1.0,gptq,google_gemma-3-4b-it
layer,3,0.022250384,,1.0,gptq,google_gemma-3-4b-it
layer,4,0.038082812,,1.0,gptq,google_gemma-3-4b-it
layer,5,0.09012322,,1.0,gptq,google_gemma-3-4b-it
layer,6,0.03827288,,1.0,gptq,google_gemma-3-4b-it
layer,7,0.020505197,,1.0,gptq,google_gemma-3-4b-it
layer,8,0.02747871,,1.0,gptq,google_gemma-3-4b-it
layer,9,0.05290852,,1.0,gptq,google_gemma-3-4b-it
layer,10,0.04415398,,1.0,gptq,google_gemma-3-4b-it
layer,11,0.26586398,,1.0,gptq,google_gemma-3-4b-it
layer,12,0.088605635,,1.0,gptq,google_gemma-3-4b-it
layer,13,0.11802584,,1.0,gptq,google_gemma-3-4b-it
layer,14,0.14300159,,1.0,gptq,google_gemma-3-4b-it
layer,15,0.27984074,,1.0,gptq,google_gemma-3-4b-it
layer,16,0.17532963,,1.0,gptq,google_gemma-3-4b-it
layer,17,0.6756668,,1.0,gptq,google_gemma-3-4b-it
layer,18,0.20790863,,1.0,gptq,google_gemma-3-4b-it
layer,19,0.30003342,,1.0,gptq,google_gemma-3-4b-it
layer,20,0.29288128,,1.0,gptq,google_gemma-3-4b-it
layer,21,0.3183019,,1.0,gptq,google_gemma-3-4b-it
layer,22,0.4071007,,1.0,gptq,google_gemma-3-4b-it
layer,23,1.5385938,,0.0,gptq,google_gemma-3-4b-it
layer,24,0.23814331,,1.0,gptq,google_gemma-3-4b-it
layer,25,0.24177891,,1.0,gptq,google_gemma-3-4b-it
layer,26,0.3126663,,1.0,gptq,google_gemma-3-4b-it
layer,27,0.26068604,,1.0,gptq,google_gemma-3-4b-it
layer,28,0.16084905,,1.0,gptq,google_gemma-3-4b-it
layer,29,0.65212786,,1.0,gptq,google_gemma-3-4b-it
layer,30,0.55358386,,1.0,gptq,google_gemma-3-4b-it
layer,31,0.17408463,,1.0,gptq,google_gemma-3-4b-it
layer,32,0.19352716,,1.0,gptq,google_gemma-3-4b-it
layer,33,0.55849135,,1.0,gptq,google_gemma-3-4b-it
global,-1,2.7891147,1.131450057029724,0.14625,bfloat16,Qwen_Qwen3-14B
layer,0,3.6253674,,0.0,bfloat16,Qwen_Qwen3-14B
layer,1,3.625356,,0.0,bfloat16,Qwen_Qwen3-14B
layer,2,3.6253228,,0.0,bfloat16,Qwen_Qwen3-14B
layer,3,3.6252754,,0.0,bfloat16,Qwen_Qwen3-14B
layer,4,3.6249428,,0.0,bfloat16,Qwen_Qwen3-14B
layer,5,3.624736,,0.0,bfloat16,Qwen_Qwen3-14B
layer,6,3.6240077,,0.0,bfloat16,Qwen_Qwen3-14B
layer,7,3.568795,,0.0,bfloat16,Qwen_Qwen3-14B
layer,8,3.5849814,,0.0,bfloat16,Qwen_Qwen3-14B
layer,9,3.6216416,,0.0,bfloat16,Qwen_Qwen3-14B
layer,10,3.6137855,,0.0,bfloat16,Qwen_Qwen3-14B
layer,11,3.609858,,0.0,bfloat16,Qwen_Qwen3-14B
layer,12,3.6156723,,0.0,bfloat16,Qwen_Qwen3-14B
layer,13,3.5658467,,0.0,bfloat16,Qwen_Qwen3-14B
layer,14,3.596864,,0.0,bfloat16,Qwen_Qwen3-14B
layer,15,3.6088624,,0.0,bfloat16,Qwen_Qwen3-14B
layer,16,3.5913014,,0.0,bfloat16,Qwen_Qwen3-14B
layer,17,3.5982208,,0.0,bfloat16,Qwen_Qwen3-14B
layer,18,3.5663116,,0.0,bfloat16,Qwen_Qwen3-14B
layer,19,3.5195777,,0.0,bfloat16,Qwen_Qwen3-14B
layer,20,3.3757923,,0.0,bfloat16,Qwen_Qwen3-14B
layer,21,3.4343448,,0.0,bfloat16,Qwen_Qwen3-14B
layer,22,3.3288567,,0.0,bfloat16,Qwen_Qwen3-14B
layer,23,3.220789,,0.0,bfloat16,Qwen_Qwen3-14B
layer,24,2.9331837,,0.0,bfloat16,Qwen_Qwen3-14B
layer,25,3.111078,,0.0,bfloat16,Qwen_Qwen3-14B
layer,26,3.013533,,0.0,bfloat16,Qwen_Qwen3-14B
layer,27,2.503448,,0.0,bfloat16,Qwen_Qwen3-14B
layer,28,2.432172,,0.0,bfloat16,Qwen_Qwen3-14B
layer,29,2.181192,,0.0,bfloat16,Qwen_Qwen3-14B
layer,30,1.8652519,,0.025,bfloat16,Qwen_Qwen3-14B
layer,31,1.9057834,,0.0,bfloat16,Qwen_Qwen3-14B
layer,32,1.3965073,,0.0,bfloat16,Qwen_Qwen3-14B
layer,33,1.2290741,,0.2,bfloat16,Qwen_Qwen3-14B
layer,34,0.86299783,,0.725,bfloat16,Qwen_Qwen3-14B
layer,35,0.69734955,,0.975,bfloat16,Qwen_Qwen3-14B
layer,36,0.65251434,,0.925,bfloat16,Qwen_Qwen3-14B
layer,37,0.5557374,,1.0,bfloat16,Qwen_Qwen3-14B
layer,38,0.52326405,,1.0,bfloat16,Qwen_Qwen3-14B
layer,39,0.30498266,,1.0,bfloat16,Qwen_Qwen3-14B
global,-1,2.7502668,1.1750432252883911,0.1525,awq,Qwen_Qwen3-14B
layer,0,3.6253674,,0.0,awq,Qwen_Qwen3-14B
layer,1,3.625354,,0.0,awq,Qwen_Qwen3-14B
layer,2,3.6253247,,0.0,awq,Qwen_Qwen3-14B
layer,3,3.625297,,0.0,awq,Qwen_Qwen3-14B
layer,4,3.6250832,,0.0,awq,Qwen_Qwen3-14B
layer,5,3.6248238,,0.0,awq,Qwen_Qwen3-14B
layer,6,3.6243653,,0.0,awq,Qwen_Qwen3-14B
layer,7,3.5786812,,0.0,awq,Qwen_Qwen3-14B
layer,8,3.5891995,,0.0,awq,Qwen_Qwen3-14B
layer,9,3.6219318,,0.0,awq,Qwen_Qwen3-14B
layer,10,3.6156425,,0.0,awq,Qwen_Qwen3-14B
layer,11,3.6117752,,0.0,awq,Qwen_Qwen3-14B
layer,12,3.6168609,,0.0,awq,Qwen_Qwen3-14B
layer,13,3.5711815,,0.0,awq,Qwen_Qwen3-14B
layer,14,3.597735,,0.0,awq,Qwen_Qwen3-14B
layer,15,3.6102226,,0.0,awq,Qwen_Qwen3-14B
layer,16,3.5953155,,0.0,awq,Qwen_Qwen3-14B
layer,17,3.5977683,,0.0,awq,Qwen_Qwen3-14B
layer,18,3.5681148,,0.0,awq,Qwen_Qwen3-14B
layer,19,3.5267525,,0.0,awq,Qwen_Qwen3-14B
layer,20,3.3814704,,0.0,awq,Qwen_Qwen3-14B
layer,21,3.4335163,,0.0,awq,Qwen_Qwen3-14B
layer,22,3.306419,,0.0,awq,Qwen_Qwen3-14B
layer,23,3.1890163,,0.0,awq,Qwen_Qwen3-14B
layer,24,2.906765,,0.0,awq,Qwen_Qwen3-14B
layer,25,3.0665467,,0.0,awq,Qwen_Qwen3-14B
layer,26,2.964679,,0.0,awq,Qwen_Qwen3-14B
layer,27,2.4009593,,0.0,awq,Qwen_Qwen3-14B
layer,28,2.3521676,,0.0,awq,Qwen_Qwen3-14B
layer,29,2.0461473,,0.0,awq,Qwen_Qwen3-14B
layer,30,1.7305956,,0.025,awq,Qwen_Qwen3-14B
layer,31,1.7629219,,0.0,awq,Qwen_Qwen3-14B
layer,32,1.27086,,0.075,awq,Qwen_Qwen3-14B
layer,33,1.1172105,,0.25,awq,Qwen_Qwen3-14B
layer,34,0.7506874,,0.8,awq,Qwen_Qwen3-14B
layer,35,0.57094115,,0.975,awq,Qwen_Qwen3-14B
layer,36,0.5479611,,0.975,awq,Qwen_Qwen3-14B
layer,37,0.46924466,,1.0,awq,Qwen_Qwen3-14B
layer,38,0.41684657,,1.0,awq,Qwen_Qwen3-14B
layer,39,0.2489198,,1.0,awq,Qwen_Qwen3-14B
global,-1,2.7737005,1.148251175880432,0.1525,hqq,Qwen_Qwen3-14B
layer,0,3.6253674,,0.0,hqq,Qwen_Qwen3-14B
layer,1,3.6253562,,0.0,hqq,Qwen_Qwen3-14B
layer,2,3.625316,,0.0,hqq,Qwen_Qwen3-14B
layer,3,3.6252723,,0.0,hqq,Qwen_Qwen3-14B
layer,4,3.6248176,,0.0,hqq,Qwen_Qwen3-14B
layer,5,3.6245904,,0.0,hqq,Qwen_Qwen3-14B
layer,6,3.6217492,,0.0,hqq,Qwen_Qwen3-14B
layer,7,3.567685,,0.0,hqq,Qwen_Qwen3-14B
layer,8,3.5887809,,0.0,hqq,Qwen_Qwen3-14B
layer,9,3.6216729,,0.0,hqq,Qwen_Qwen3-14B
layer,10,3.611033,,0.0,hqq,Qwen_Qwen3-14B
layer,11,3.6039414,,0.0,hqq,Qwen_Qwen3-14B
layer,12,3.6114094,,0.0,hqq,Qwen_Qwen3-14B
layer,13,3.5478752,,0.0,hqq,Qwen_Qwen3-14B
layer,14,3.589342,,0.0,hqq,Qwen_Qwen3-14B
layer,15,3.6069648,,0.0,hqq,Qwen_Qwen3-14B
layer,16,3.5873265,,0.0,hqq,Qwen_Qwen3-14B
layer,17,3.5978367,,0.0,hqq,Qwen_Qwen3-14B
layer,18,3.559848,,0.0,hqq,Qwen_Qwen3-14B
layer,19,3.5286536,,0.0,hqq,Qwen_Qwen3-14B
layer,20,3.3510406,,0.0,hqq,Qwen_Qwen3-14B
layer,21,3.417289,,0.0,hqq,Qwen_Qwen3-14B
layer,22,3.3133805,,0.0,hqq,Qwen_Qwen3-14B
layer,23,3.1783001,,0.0,hqq,Qwen_Qwen3-14B
layer,24,2.9221127,,0.0,hqq,Qwen_Qwen3-14B
layer,25,3.0676682,,0.0,hqq,Qwen_Qwen3-14B
layer,26,2.9936075,,0.0,hqq,Qwen_Qwen3-14B
layer,27,2.530007,,0.0,hqq,Qwen_Qwen3-14B
layer,28,2.4165192,,0.0,hqq,Qwen_Qwen3-14B
layer,29,2.1839924,,0.0,hqq,Qwen_Qwen3-14B
layer,30,1.898297,,0.0,hqq,Qwen_Qwen3-14B
layer,31,1.9347721,,0.0,hqq,Qwen_Qwen3-14B
layer,32,1.4370737,,0.025,hqq,Qwen_Qwen3-14B
layer,33,1.1774937,,0.3,hqq,Qwen_Qwen3-14B
layer,34,0.74269915,,0.825,hqq,Qwen_Qwen3-14B
layer,35,0.60230076,,1.0,hqq,Qwen_Qwen3-14B
layer,36,0.5796019,,0.95,hqq,Qwen_Qwen3-14B
layer,37,0.4912433,,1.0,hqq,Qwen_Qwen3-14B
layer,38,0.42484275,,1.0,hqq,Qwen_Qwen3-14B
layer,39,0.29094625,,1.0,hqq,Qwen_Qwen3-14B
global,-1,2.79764,1.1136484146118164,0.1375,fp8,Qwen_Qwen3-14B
layer,0,3.6253674,,0.0,fp8,Qwen_Qwen3-14B
layer,1,3.6253562,,0.0,fp8,Qwen_Qwen3-14B
layer,2,3.6253228,,0.0,fp8,Qwen_Qwen3-14B
layer,3,3.6252732,,0.0,fp8,Qwen_Qwen3-14B
layer,4,3.6249313,,0.0,fp8,Qwen_Qwen3-14B
layer,5,3.624736,,0.0,fp8,Qwen_Qwen3-14B
layer,6,3.6239097,,0.0,fp8,Qwen_Qwen3-14B
layer,7,3.570551,,0.0,fp8,Qwen_Qwen3-14B
layer,8,3.588115,,0.0,fp8,Qwen_Qwen3-14B
layer,9,3.6212375,,0.0,fp8,Qwen_Qwen3-14B
layer,10,3.6144257,,0.0,fp8,Qwen_Qwen3-14B
layer,11,3.6107094,,0.0,fp8,Qwen_Qwen3-14B
layer,12,3.616136,,0.0,fp8,Qwen_Qwen3-14B
layer,13,3.5697236,,0.0,fp8,Qwen_Qwen3-14B
layer,14,3.59703,,0.0,fp8,Qwen_Qwen3-14B
layer,15,3.609427,,0.0,fp8,Qwen_Qwen3-14B
layer,16,3.5915704,,0.0,fp8,Qwen_Qwen3-14B
layer,17,3.5987937,,0.0,fp8,Qwen_Qwen3-14B
layer,18,3.5669549,,0.0,fp8,Qwen_Qwen3-14B
layer,19,3.527446,,0.0,fp8,Qwen_Qwen3-14B
layer,20,3.3803067,,0.0,fp8,Qwen_Qwen3-14B
layer,21,3.4388726,,0.0,fp8,Qwen_Qwen3-14B
layer,22,3.321886,,0.0,fp8,Qwen_Qwen3-14B
layer,23,3.2055275,,0.0,fp8,Qwen_Qwen3-14B
layer,24,2.9125564,,0.0,fp8,Qwen_Qwen3-14B
layer,25,3.0748417,,0.0,fp8,Qwen_Qwen3-14B
layer,26,2.9786706,,0.0,fp8,Qwen_Qwen3-14B
layer,27,2.4732895,,0.0,fp8,Qwen_Qwen3-14B
layer,28,2.4204698,,0.0,fp8,Qwen_Qwen3-14B
layer,29,2.1923802,,0.0,fp8,Qwen_Qwen3-14B
layer,30,1.8944782,,0.0,fp8,Qwen_Qwen3-14B
layer,31,1.9502205,,0.0,fp8,Qwen_Qwen3-14B
layer,32,1.4651687,,0.0,fp8,Qwen_Qwen3-14B
layer,33,1.2941191,,0.125,fp8,Qwen_Qwen3-14B
layer,34,0.91498625,,0.625,fp8,Qwen_Qwen3-14B
layer,35,0.7588361,,0.9,fp8,Qwen_Qwen3-14B
layer,36,0.7059611,,0.875,fp8,Qwen_Qwen3-14B
layer,37,0.58860415,,0.975,fp8,Qwen_Qwen3-14B
layer,38,0.5564593,,1.0,fp8,Qwen_Qwen3-14B
layer,39,0.32095188,,1.0,fp8,Qwen_Qwen3-14B
global,-1,3.6254084,4.76837158203125e-07,0.0,int4,Qwen_Qwen3-14B
layer,0,3.625409,,0.0,int4,Qwen_Qwen3-14B
layer,1,3.625409,,0.0,int4,Qwen_Qwen3-14B
layer,2,3.625409,,0.0,int4,Qwen_Qwen3-14B
layer,3,3.625409,,0.0,int4,Qwen_Qwen3-14B
layer,4,3.625409,,0.0,int4,Qwen_Qwen3-14B
layer,5,3.625409,,0.0,int4,Qwen_Qwen3-14B
layer,6,3.625409,,0.0,int4,Qwen_Qwen3-14B
layer,7,3.625409,,0.0,int4,Qwen_Qwen3-14B
layer,8,3.625409,,0.0,int4,Qwen_Qwen3-14B
layer,9,3.625409,,0.0,int4,Qwen_Qwen3-14B
layer,10,3.625409,,0.0,int4,Qwen_Qwen3-14B
layer,11,3.625409,,0.0,int4,Qwen_Qwen3-14B
layer,12,3.625409,,0.0,int4,Qwen_Qwen3-14B
layer,13,3.625409,,0.0,int4,Qwen_Qwen3-14B
layer,14,3.625409,,0.0,int4,Qwen_Qwen3-14B
layer,15,3.625409,,0.0,int4,Qwen_Qwen3-14B
layer,16,3.625409,,0.0,int4,Qwen_Qwen3-14B
layer,17,3.625409,,0.0,int4,Qwen_Qwen3-14B
layer,18,3.625409,,0.0,int4,Qwen_Qwen3-14B
layer,19,3.625409,,0.0,int4,Qwen_Qwen3-14B
layer,20,3.625409,,0.0,int4,Qwen_Qwen3-14B
layer,21,3.625409,,0.0,int4,Qwen_Qwen3-14B
layer,22,3.625409,,0.0,int4,Qwen_Qwen3-14B
layer,23,3.625409,,0.0,int4,Qwen_Qwen3-14B
layer,24,3.625409,,0.0,int4,Qwen_Qwen3-14B
layer,25,3.625409,,0.0,int4,Qwen_Qwen3-14B
layer,26,3.625409,,0.0,int4,Qwen_Qwen3-14B
layer,27,3.625409,,0.0,int4,Qwen_Qwen3-14B
layer,28,3.625409,,0.0,int4,Qwen_Qwen3-14B
layer,29,3.625409,,0.0,int4,Qwen_Qwen3-14B
layer,30,3.625409,,0.0,int4,Qwen_Qwen3-14B
layer,31,3.625409,,0.0,int4,Qwen_Qwen3-14B
layer,32,3.625409,,0.0,int4,Qwen_Qwen3-14B
layer,33,3.625409,,0.0,int4,Qwen_Qwen3-14B
layer,34,3.625409,,0.0,int4,Qwen_Qwen3-14B
layer,35,3.625409,,0.0,int4,Qwen_Qwen3-14B
layer,36,3.625409,,0.0,int4,Qwen_Qwen3-14B
layer,37,3.625409,,0.0,int4,Qwen_Qwen3-14B
layer,38,3.625409,,0.0,int4,Qwen_Qwen3-14B
layer,39,3.625409,,0.0,int4,Qwen_Qwen3-14B
global,-1,2.788502,1.1316756010055542,0.1475,float16,Qwen_Qwen3-14B
layer,0,3.6253674,,0.0,float16,Qwen_Qwen3-14B
layer,1,3.6253562,,0.0,float16,Qwen_Qwen3-14B
layer,2,3.6253228,,0.0,float16,Qwen_Qwen3-14B
layer,3,3.6252759,,0.0,float16,Qwen_Qwen3-14B
layer,4,3.6249428,,0.0,float16,Qwen_Qwen3-14B
layer,5,3.6247356,,0.0,float16,Qwen_Qwen3-14B
layer,6,3.623999,,0.0,float16,Qwen_Qwen3-14B
layer,7,3.568709,,0.0,float16,Qwen_Qwen3-14B
layer,8,3.5850143,,0.0,float16,Qwen_Qwen3-14B
layer,9,3.6216397,,0.0,float16,Qwen_Qwen3-14B
layer,10,3.613788,,0.0,float16,Qwen_Qwen3-14B
layer,11,3.6098678,,0.0,float16,Qwen_Qwen3-14B
layer,12,3.6157036,,0.0,float16,Qwen_Qwen3-14B
layer,13,3.5660577,,0.0,float16,Qwen_Qwen3-14B
layer,14,3.5969558,,0.0,float16,Qwen_Qwen3-14B
layer,15,3.6088653,,0.0,float16,Qwen_Qwen3-14B
layer,16,3.5913093,,0.0,float16,Qwen_Qwen3-14B
layer,17,3.59825,,0.0,float16,Qwen_Qwen3-14B
layer,18,3.566236,,0.0,float16,Qwen_Qwen3-14B
layer,19,3.5166068,,0.0,float16,Qwen_Qwen3-14B
layer,20,3.3730514,,0.0,float16,Qwen_Qwen3-14B
layer,21,3.4334755,,0.0,float16,Qwen_Qwen3-14B
layer,22,3.3308342,,0.0,float16,Qwen_Qwen3-14B
layer,23,3.219216,,0.0,float16,Qwen_Qwen3-14B
layer,24,2.9311016,,0.0,float16,Qwen_Qwen3-14B
layer,25,3.1114295,,0.0,float16,Qwen_Qwen3-14B
layer,26,3.0096326,,0.0,float16,Qwen_Qwen3-14B
layer,27,2.501595,,0.0,float16,Qwen_Qwen3-14B
layer,28,2.430855,,0.0,float16,Qwen_Qwen3-14B
layer,29,2.17627,,0.0,float16,Qwen_Qwen3-14B
layer,30,1.8619373,,0.025,float16,Qwen_Qwen3-14B
layer,31,1.9068768,,0.0,float16,Qwen_Qwen3-14B
layer,32,1.3967901,,0.025,float16,Qwen_Qwen3-14B
layer,33,1.224926,,0.225,float16,Qwen_Qwen3-14B
layer,34,0.8606623,,0.725,float16,Qwen_Qwen3-14B
layer,35,0.69542915,,0.975,float16,Qwen_Qwen3-14B
layer,36,0.656417,,0.925,float16,Qwen_Qwen3-14B
layer,37,0.5660836,,1.0,float16,Qwen_Qwen3-14B
layer,38,0.5163672,,1.0,float16,Qwen_Qwen3-14B
layer,39,0.30312753,,1.0,float16,Qwen_Qwen3-14B
global,-1,3.6254084,4.76837158203125e-07,0.0,int8,Qwen_Qwen3-14B
layer,0,3.625409,,0.0,int8,Qwen_Qwen3-14B
layer,1,3.625409,,0.0,int8,Qwen_Qwen3-14B
layer,2,3.625409,,0.0,int8,Qwen_Qwen3-14B
layer,3,3.625409,,0.0,int8,Qwen_Qwen3-14B
layer,4,3.625409,,0.0,int8,Qwen_Qwen3-14B
layer,5,3.625409,,0.0,int8,Qwen_Qwen3-14B
layer,6,3.625409,,0.0,int8,Qwen_Qwen3-14B
layer,7,3.625409,,0.0,int8,Qwen_Qwen3-14B
layer,8,3.625409,,0.0,int8,Qwen_Qwen3-14B
layer,9,3.625409,,0.0,int8,Qwen_Qwen3-14B
layer,10,3.625409,,0.0,int8,Qwen_Qwen3-14B
layer,11,3.625409,,0.0,int8,Qwen_Qwen3-14B
layer,12,3.625409,,0.0,int8,Qwen_Qwen3-14B
layer,13,3.625409,,0.0,int8,Qwen_Qwen3-14B
layer,14,3.625409,,0.0,int8,Qwen_Qwen3-14B
layer,15,3.625409,,0.0,int8,Qwen_Qwen3-14B
layer,16,3.625409,,0.0,int8,Qwen_Qwen3-14B
layer,17,3.625409,,0.0,int8,Qwen_Qwen3-14B
layer,18,3.625409,,0.0,int8,Qwen_Qwen3-14B
layer,19,3.625409,,0.0,int8,Qwen_Qwen3-14B
layer,20,3.625409,,0.0,int8,Qwen_Qwen3-14B
layer,21,3.625409,,0.0,int8,Qwen_Qwen3-14B
layer,22,3.625409,,0.0,int8,Qwen_Qwen3-14B
layer,23,3.625409,,0.0,int8,Qwen_Qwen3-14B
layer,24,3.625409,,0.0,int8,Qwen_Qwen3-14B
layer,25,3.625409,,0.0,int8,Qwen_Qwen3-14B
layer,26,3.625409,,0.0,int8,Qwen_Qwen3-14B
layer,27,3.625409,,0.0,int8,Qwen_Qwen3-14B
layer,28,3.625409,,0.0,int8,Qwen_Qwen3-14B
layer,29,3.625409,,0.0,int8,Qwen_Qwen3-14B
layer,30,3.625409,,0.0,int8,Qwen_Qwen3-14B
layer,31,3.625409,,0.0,int8,Qwen_Qwen3-14B
layer,32,3.625409,,0.0,int8,Qwen_Qwen3-14B
layer,33,3.625409,,0.0,int8,Qwen_Qwen3-14B
layer,34,3.625409,,0.0,int8,Qwen_Qwen3-14B
layer,35,3.625409,,0.0,int8,Qwen_Qwen3-14B
layer,36,3.625409,,0.0,int8,Qwen_Qwen3-14B
layer,37,3.625409,,0.0,int8,Qwen_Qwen3-14B
layer,38,3.625409,,0.0,int8,Qwen_Qwen3-14B
layer,39,3.625409,,0.0,int8,Qwen_Qwen3-14B
global,-1,2.7928357,1.119970679283142,0.135,gptq,Qwen_Qwen3-14B
layer,0,3.6253674,,0.0,gptq,Qwen_Qwen3-14B
layer,1,3.6253562,,0.0,gptq,Qwen_Qwen3-14B
layer,2,3.6253257,,0.0,gptq,Qwen_Qwen3-14B
layer,3,3.625291,,0.0,gptq,Qwen_Qwen3-14B
layer,4,3.6250458,,0.0,gptq,Qwen_Qwen3-14B
layer,5,3.6248431,,0.0,gptq,Qwen_Qwen3-14B
layer,6,3.6242995,,0.0,gptq,Qwen_Qwen3-14B
layer,7,3.5823905,,0.0,gptq,Qwen_Qwen3-14B
layer,8,3.584673,,0.0,gptq,Qwen_Qwen3-14B
layer,9,3.6219113,,0.0,gptq,Qwen_Qwen3-14B
layer,10,3.6146252,,0.0,gptq,Qwen_Qwen3-14B
layer,11,3.60928,,0.0,gptq,Qwen_Qwen3-14B
layer,12,3.6148582,,0.0,gptq,Qwen_Qwen3-14B
layer,13,3.5629086,,0.0,gptq,Qwen_Qwen3-14B
layer,14,3.5983233,,0.0,gptq,Qwen_Qwen3-14B
layer,15,3.6103604,,0.0,gptq,Qwen_Qwen3-14B
layer,16,3.5933623,,0.0,gptq,Qwen_Qwen3-14B
layer,17,3.601818,,0.0,gptq,Qwen_Qwen3-14B
layer,18,3.5691566,,0.0,gptq,Qwen_Qwen3-14B
layer,19,3.5303159,,0.0,gptq,Qwen_Qwen3-14B
layer,20,3.3767345,,0.0,gptq,Qwen_Qwen3-14B
layer,21,3.4292862,,0.0,gptq,Qwen_Qwen3-14B
layer,22,3.3329608,,0.0,gptq,Qwen_Qwen3-14B
layer,23,3.1847863,,0.0,gptq,Qwen_Qwen3-14B
layer,24,2.9007075,,0.0,gptq,Qwen_Qwen3-14B
layer,25,3.0761883,,0.0,gptq,Qwen_Qwen3-14B
layer,26,2.983711,,0.0,gptq,Qwen_Qwen3-14B
layer,27,2.5003614,,0.0,gptq,Qwen_Qwen3-14B
layer,28,2.3999686,,0.0,gptq,Qwen_Qwen3-14B
layer,29,2.1453226,,0.0,gptq,Qwen_Qwen3-14B
layer,30,1.8930845,,0.0,gptq,Qwen_Qwen3-14B
layer,31,1.9370539,,0.0,gptq,Qwen_Qwen3-14B
layer,32,1.4685671,,0.0,gptq,Qwen_Qwen3-14B
layer,33,1.2932757,,0.125,gptq,Qwen_Qwen3-14B
layer,34,0.8821424,,0.65,gptq,Qwen_Qwen3-14B
layer,35,0.7479147,,0.875,gptq,Qwen_Qwen3-14B
layer,36,0.67633617,,0.775,gptq,Qwen_Qwen3-14B
layer,37,0.5701442,,0.975,gptq,Qwen_Qwen3-14B
layer,38,0.5438868,,1.0,gptq,Qwen_Qwen3-14B
layer,39,0.3014869,,1.0,gptq,Qwen_Qwen3-14B
global,-1,1.9899762,0.5524768829345703,0.0420918367346938,bfloat16,deepseek-ai_DeepSeek-R1-Distill-Qwen-7B
layer,0,2.33831,,0.1428571428571428,bfloat16,deepseek-ai_DeepSeek-R1-Distill-Qwen-7B
layer,1,2.6493642,,0.0,bfloat16,deepseek-ai_DeepSeek-R1-Distill-Qwen-7B
layer,2,2.8192554,,0.0,bfloat16,deepseek-ai_DeepSeek-R1-Distill-Qwen-7B
layer,3,2.7319558,,0.0,bfloat16,deepseek-ai_DeepSeek-R1-Distill-Qwen-7B
layer,4,1.3998731,,0.25,bfloat16,deepseek-ai_DeepSeek-R1-Distill-Qwen-7B
layer,5,1.4062586,,0.1785714285714285,bfloat16,deepseek-ai_DeepSeek-R1-Distill-Qwen-7B
layer,6,1.6507581,,0.0,bfloat16,deepseek-ai_DeepSeek-R1-Distill-Qwen-7B
layer,7,1.9745543,,0.0,bfloat16,deepseek-ai_DeepSeek-R1-Distill-Qwen-7B
layer,8,1.9133915,,0.0714285714285714,bfloat16,deepseek-ai_DeepSeek-R1-Distill-Qwen-7B
layer,9,1.9952906,,0.0,bfloat16,deepseek-ai_DeepSeek-R1-Distill-Qwen-7B
layer,10,1.8377342,,0.0,bfloat16,deepseek-ai_DeepSeek-R1-Distill-Qwen-7B
layer,11,1.9313778,,0.0,bfloat16,deepseek-ai_DeepSeek-R1-Distill-Qwen-7B
layer,12,1.9432497,,0.0,bfloat16,deepseek-ai_DeepSeek-R1-Distill-Qwen-7B
layer,13,2.041778,,0.0357142857142857,bfloat16,deepseek-ai_DeepSeek-R1-Distill-Qwen-7B
layer,14,1.6420337,,0.1071428571428571,bfloat16,deepseek-ai_DeepSeek-R1-Distill-Qwen-7B
layer,15,1.9737958,,0.0,bfloat16,deepseek-ai_DeepSeek-R1-Distill-Qwen-7B
layer,16,1.9407345,,0.0,bfloat16,deepseek-ai_DeepSeek-R1-Distill-Qwen-7B
layer,17,1.9235803,,0.0,bfloat16,deepseek-ai_DeepSeek-R1-Distill-Qwen-7B
layer,18,2.0782406,,0.0357142857142857,bfloat16,deepseek-ai_DeepSeek-R1-Distill-Qwen-7B
layer,19,1.9580928,,0.0357142857142857,bfloat16,deepseek-ai_DeepSeek-R1-Distill-Qwen-7B
layer,20,1.9712778,,0.0,bfloat16,deepseek-ai_DeepSeek-R1-Distill-Qwen-7B
layer,21,1.970934,,0.0357142857142857,bfloat16,deepseek-ai_DeepSeek-R1-Distill-Qwen-7B
layer,22,1.8464887,,0.0357142857142857,bfloat16,deepseek-ai_DeepSeek-R1-Distill-Qwen-7B
layer,23,1.9325029,,0.0,bfloat16,deepseek-ai_DeepSeek-R1-Distill-Qwen-7B
layer,24,1.8095349,,0.0357142857142857,bfloat16,deepseek-ai_DeepSeek-R1-Distill-Qwen-7B
layer,25,1.9098785,,0.0,bfloat16,deepseek-ai_DeepSeek-R1-Distill-Qwen-7B
layer,26,1.8875723,,0.0714285714285714,bfloat16,deepseek-ai_DeepSeek-R1-Distill-Qwen-7B
layer,27,2.241514,,0.1428571428571428,bfloat16,deepseek-ai_DeepSeek-R1-Distill-Qwen-7B
global,-1,1.985405,0.5498031973838806,0.0408163265306122,awq,deepseek-ai_DeepSeek-R1-Distill-Qwen-7B
layer,0,2.337416,,0.1428571428571428,awq,deepseek-ai_DeepSeek-R1-Distill-Qwen-7B
layer,1,2.6499257,,0.0,awq,deepseek-ai_DeepSeek-R1-Distill-Qwen-7B
layer,2,2.8109868,,0.0,awq,deepseek-ai_DeepSeek-R1-Distill-Qwen-7B
layer,3,2.7284796,,0.0,awq,deepseek-ai_DeepSeek-R1-Distill-Qwen-7B
layer,4,1.385441,,0.25,awq,deepseek-ai_DeepSeek-R1-Distill-Qwen-7B
layer,5,1.4031135,,0.1428571428571428,awq,deepseek-ai_DeepSeek-R1-Distill-Qwen-7B
layer,6,1.675079,,0.0,awq,deepseek-ai_DeepSeek-R1-Distill-Qwen-7B
layer,7,1.9723626,,0.0,awq,deepseek-ai_DeepSeek-R1-Distill-Qwen-7B
layer,8,1.9208803,,0.0714285714285714,awq,deepseek-ai_DeepSeek-R1-Distill-Qwen-7B
layer,9,2.0009654,,0.0,awq,deepseek-ai_DeepSeek-R1-Distill-Qwen-7B
layer,10,1.8640325,,0.0,awq,deepseek-ai_DeepSeek-R1-Distill-Qwen-7B
layer,11,1.9234285,,0.0,awq,deepseek-ai_DeepSeek-R1-Distill-Qwen-7B
layer,12,1.9517028,,0.0,awq,deepseek-ai_DeepSeek-R1-Distill-Qwen-7B
layer,13,2.0661566,,0.0357142857142857,awq,deepseek-ai_DeepSeek-R1-Distill-Qwen-7B
layer,14,1.6450269,,0.1071428571428571,awq,deepseek-ai_DeepSeek-R1-Distill-Qwen-7B
layer,15,1.9732758,,0.0,awq,deepseek-ai_DeepSeek-R1-Distill-Qwen-7B
layer,16,1.9604446,,0.0,awq,deepseek-ai_DeepSeek-R1-Distill-Qwen-7B
layer,17,1.9462359,,0.0,awq,deepseek-ai_DeepSeek-R1-Distill-Qwen-7B
layer,18,2.091973,,0.0357142857142857,awq,deepseek-ai_DeepSeek-R1-Distill-Qwen-7B
layer,19,1.9495167,,0.0357142857142857,awq,deepseek-ai_DeepSeek-R1-Distill-Qwen-7B
layer,20,1.9607445,,0.0,awq,deepseek-ai_DeepSeek-R1-Distill-Qwen-7B
layer,21,1.9487562,,0.0357142857142857,awq,deepseek-ai_DeepSeek-R1-Distill-Qwen-7B
layer,22,1.8468043,,0.0357142857142857,awq,deepseek-ai_DeepSeek-R1-Distill-Qwen-7B
layer,23,1.9062366,,0.0,awq,deepseek-ai_DeepSeek-R1-Distill-Qwen-7B
layer,24,1.7894357,,0.0357142857142857,awq,deepseek-ai_DeepSeek-R1-Distill-Qwen-7B
layer,25,1.8693066,,0.0,awq,deepseek-ai_DeepSeek-R1-Distill-Qwen-7B
layer,26,1.8066636,,0.0714285714285714,awq,deepseek-ai_DeepSeek-R1-Distill-Qwen-7B
layer,27,2.2069468,,0.1428571428571428,awq,deepseek-ai_DeepSeek-R1-Distill-Qwen-7B
global,-1,2.0008874,0.5463168621063232,0.0395408163265306,hqq,deepseek-ai_DeepSeek-R1-Distill-Qwen-7B
layer,0,2.335594,,0.1428571428571428,hqq,deepseek-ai_DeepSeek-R1-Distill-Qwen-7B
layer,1,2.6432834,,0.0,hqq,deepseek-ai_DeepSeek-R1-Distill-Qwen-7B
layer,2,2.814995,,0.0,hqq,deepseek-ai_DeepSeek-R1-Distill-Qwen-7B
layer,3,2.733154,,0.0,hqq,deepseek-ai_DeepSeek-R1-Distill-Qwen-7B
layer,4,1.3996238,,0.25,hqq,deepseek-ai_DeepSeek-R1-Distill-Qwen-7B
layer,5,1.4325321,,0.1071428571428571,hqq,deepseek-ai_DeepSeek-R1-Distill-Qwen-7B
layer,6,1.6651189,,0.0,hqq,deepseek-ai_DeepSeek-R1-Distill-Qwen-7B
layer,7,1.9685179,,0.0,hqq,deepseek-ai_DeepSeek-R1-Distill-Qwen-7B
layer,8,1.9209205,,0.0714285714285714,hqq,deepseek-ai_DeepSeek-R1-Distill-Qwen-7B
layer,9,2.0323195,,0.0,hqq,deepseek-ai_DeepSeek-R1-Distill-Qwen-7B
layer,10,1.8484243,,0.0,hqq,deepseek-ai_DeepSeek-R1-Distill-Qwen-7B
layer,11,1.9582826,,0.0,hqq,deepseek-ai_DeepSeek-R1-Distill-Qwen-7B
layer,12,1.9217875,,0.0,hqq,deepseek-ai_DeepSeek-R1-Distill-Qwen-7B
layer,13,2.0568182,,0.0357142857142857,hqq,deepseek-ai_DeepSeek-R1-Distill-Qwen-7B
layer,14,1.6543418,,0.1071428571428571,hqq,deepseek-ai_DeepSeek-R1-Distill-Qwen-7B
layer,15,1.9814302,,0.0,hqq,deepseek-ai_DeepSeek-R1-Distill-Qwen-7B
layer,16,1.9552433,,0.0,hqq,deepseek-ai_DeepSeek-R1-Distill-Qwen-7B
layer,17,1.9384422,,0.0,hqq,deepseek-ai_DeepSeek-R1-Distill-Qwen-7B
layer,18,2.0791352,,0.0357142857142857,hqq,deepseek-ai_DeepSeek-R1-Distill-Qwen-7B
layer,19,1.9582008,,0.0357142857142857,hqq,deepseek-ai_DeepSeek-R1-Distill-Qwen-7B
layer,20,1.9791003,,0.0,hqq,deepseek-ai_DeepSeek-R1-Distill-Qwen-7B
layer,21,1.9734633,,0.0357142857142857,hqq,deepseek-ai_DeepSeek-R1-Distill-Qwen-7B
layer,22,1.8708689,,0.0357142857142857,hqq,deepseek-ai_DeepSeek-R1-Distill-Qwen-7B
layer,23,1.964434,,0.0,hqq,deepseek-ai_DeepSeek-R1-Distill-Qwen-7B
layer,24,1.8190624,,0.0357142857142857,hqq,deepseek-ai_DeepSeek-R1-Distill-Qwen-7B
layer,25,1.9221146,,0.0,hqq,deepseek-ai_DeepSeek-R1-Distill-Qwen-7B
layer,26,1.9433225,,0.0714285714285714,hqq,deepseek-ai_DeepSeek-R1-Distill-Qwen-7B
layer,27,2.254316,,0.1428571428571428,hqq,deepseek-ai_DeepSeek-R1-Distill-Qwen-7B
global,-1,1.9863465,0.5524607300758362,0.0433673469387755,fp8,deepseek-ai_DeepSeek-R1-Distill-Qwen-7B
layer,0,2.3367445,,0.1428571428571428,fp8,deepseek-ai_DeepSeek-R1-Distill-Qwen-7B
layer,1,2.6489475,,0.0,fp8,deepseek-ai_DeepSeek-R1-Distill-Qwen-7B
layer,2,2.8174574,,0.0,fp8,deepseek-ai_DeepSeek-R1-Distill-Qwen-7B
layer,3,2.730022,,0.0,fp8,deepseek-ai_DeepSeek-R1-Distill-Qwen-7B
layer,4,1.3953506,,0.25,fp8,deepseek-ai_DeepSeek-R1-Distill-Qwen-7B
layer,5,1.4105338,,0.1785714285714285,fp8,deepseek-ai_DeepSeek-R1-Distill-Qwen-7B
layer,6,1.6517347,,0.0,fp8,deepseek-ai_DeepSeek-R1-Distill-Qwen-7B
layer,7,1.9762892,,0.0,fp8,deepseek-ai_DeepSeek-R1-Distill-Qwen-7B
layer,8,1.9180715,,0.0714285714285714,fp8,deepseek-ai_DeepSeek-R1-Distill-Qwen-7B
layer,9,1.9885619,,0.0,fp8,deepseek-ai_DeepSeek-R1-Distill-Qwen-7B
layer,10,1.8330058,,0.0,fp8,deepseek-ai_DeepSeek-R1-Distill-Qwen-7B
layer,11,1.9445721,,0.0,fp8,deepseek-ai_DeepSeek-R1-Distill-Qwen-7B
layer,12,1.937987,,0.0,fp8,deepseek-ai_DeepSeek-R1-Distill-Qwen-7B
layer,13,2.0173285,,0.0357142857142857,fp8,deepseek-ai_DeepSeek-R1-Distill-Qwen-7B
layer,14,1.6332303,,0.1428571428571428,fp8,deepseek-ai_DeepSeek-R1-Distill-Qwen-7B
layer,15,1.9768986,,0.0,fp8,deepseek-ai_DeepSeek-R1-Distill-Qwen-7B
layer,16,1.9224479,,0.0,fp8,deepseek-ai_DeepSeek-R1-Distill-Qwen-7B
layer,17,1.9094325,,0.0,fp8,deepseek-ai_DeepSeek-R1-Distill-Qwen-7B
layer,18,2.0730674,,0.0357142857142857,fp8,deepseek-ai_DeepSeek-R1-Distill-Qwen-7B
layer,19,1.9415785,,0.0357142857142857,fp8,deepseek-ai_DeepSeek-R1-Distill-Qwen-7B
layer,20,1.9716171,,0.0,fp8,deepseek-ai_DeepSeek-R1-Distill-Qwen-7B
layer,21,1.967373,,0.0357142857142857,fp8,deepseek-ai_DeepSeek-R1-Distill-Qwen-7B
layer,22,1.8396155,,0.0357142857142857,fp8,deepseek-ai_DeepSeek-R1-Distill-Qwen-7B
layer,23,1.9359604,,0.0,fp8,deepseek-ai_DeepSeek-R1-Distill-Qwen-7B
layer,24,1.7984679,,0.0357142857142857,fp8,deepseek-ai_DeepSeek-R1-Distill-Qwen-7B
layer,25,1.9115437,,0.0,fp8,deepseek-ai_DeepSeek-R1-Distill-Qwen-7B
layer,26,1.8943055,,0.0714285714285714,fp8,deepseek-ai_DeepSeek-R1-Distill-Qwen-7B
layer,27,2.2355568,,0.1428571428571428,fp8,deepseek-ai_DeepSeek-R1-Distill-Qwen-7B
global,-1,1.9895402,0.5526262521743774,0.0420918367346938,float16,deepseek-ai_DeepSeek-R1-Distill-Qwen-7B
layer,0,2.33831,,0.1428571428571428,float16,deepseek-ai_DeepSeek-R1-Distill-Qwen-7B
layer,1,2.6493669,,0.0,float16,deepseek-ai_DeepSeek-R1-Distill-Qwen-7B
layer,2,2.8192801,,0.0,float16,deepseek-ai_DeepSeek-R1-Distill-Qwen-7B
layer,3,2.7318401,,0.0,float16,deepseek-ai_DeepSeek-R1-Distill-Qwen-7B
layer,4,1.3998898,,0.25,float16,deepseek-ai_DeepSeek-R1-Distill-Qwen-7B
layer,5,1.4048082,,0.1785714285714285,float16,deepseek-ai_DeepSeek-R1-Distill-Qwen-7B
layer,6,1.649712,,0.0,float16,deepseek-ai_DeepSeek-R1-Distill-Qwen-7B
layer,7,1.973329,,0.0,float16,deepseek-ai_DeepSeek-R1-Distill-Qwen-7B
layer,8,1.9125031,,0.0714285714285714,float16,deepseek-ai_DeepSeek-R1-Distill-Qwen-7B
layer,9,1.9949604,,0.0,float16,deepseek-ai_DeepSeek-R1-Distill-Qwen-7B
layer,10,1.8366979,,0.0,float16,deepseek-ai_DeepSeek-R1-Distill-Qwen-7B
layer,11,1.9305613,,0.0,float16,deepseek-ai_DeepSeek-R1-Distill-Qwen-7B
layer,12,1.942531,,0.0,float16,deepseek-ai_DeepSeek-R1-Distill-Qwen-7B
layer,13,2.0415962,,0.0357142857142857,float16,deepseek-ai_DeepSeek-R1-Distill-Qwen-7B
layer,14,1.6413006,,0.1071428571428571,float16,deepseek-ai_DeepSeek-R1-Distill-Qwen-7B
layer,15,1.9732577,,0.0,float16,deepseek-ai_DeepSeek-R1-Distill-Qwen-7B
layer,16,1.9415472,,0.0,float16,deepseek-ai_DeepSeek-R1-Distill-Qwen-7B
layer,17,1.9238359,,0.0,float16,deepseek-ai_DeepSeek-R1-Distill-Qwen-7B
layer,18,2.0782194,,0.0357142857142857,float16,deepseek-ai_DeepSeek-R1-Distill-Qwen-7B
layer,19,1.958213,,0.0357142857142857,float16,deepseek-ai_DeepSeek-R1-Distill-Qwen-7B
layer,20,1.9718522,,0.0,float16,deepseek-ai_DeepSeek-R1-Distill-Qwen-7B
layer,21,1.9705251,,0.0357142857142857,float16,deepseek-ai_DeepSeek-R1-Distill-Qwen-7B
layer,22,1.8451813,,0.0357142857142857,float16,deepseek-ai_DeepSeek-R1-Distill-Qwen-7B
layer,23,1.931154,,0.0,float16,deepseek-ai_DeepSeek-R1-Distill-Qwen-7B
layer,24,1.8092043,,0.0357142857142857,float16,deepseek-ai_DeepSeek-R1-Distill-Qwen-7B
layer,25,1.908918,,0.0,float16,deepseek-ai_DeepSeek-R1-Distill-Qwen-7B
layer,26,1.8868493,,0.0714285714285714,float16,deepseek-ai_DeepSeek-R1-Distill-Qwen-7B
layer,27,2.2416804,,0.1428571428571428,float16,deepseek-ai_DeepSeek-R1-Distill-Qwen-7B
global,-1,0.12585385,0.1485756635665893,0.9974489795918368,int8,deepseek-ai_DeepSeek-R1-Distill-Qwen-7B
layer,0,0.13412642,,1.0,int8,deepseek-ai_DeepSeek-R1-Distill-Qwen-7B
layer,1,0.31763658,,1.0,int8,deepseek-ai_DeepSeek-R1-Distill-Qwen-7B
layer,2,0.14064008,,1.0,int8,deepseek-ai_DeepSeek-R1-Distill-Qwen-7B
layer,3,0.10581755,,1.0,int8,deepseek-ai_DeepSeek-R1-Distill-Qwen-7B
layer,4,0.28299096,,1.0,int8,deepseek-ai_DeepSeek-R1-Distill-Qwen-7B
layer,5,0.2000906,,1.0,int8,deepseek-ai_DeepSeek-R1-Distill-Qwen-7B
layer,6,0.083797924,,1.0,int8,deepseek-ai_DeepSeek-R1-Distill-Qwen-7B
layer,7,0.111848,,1.0,int8,deepseek-ai_DeepSeek-R1-Distill-Qwen-7B
layer,8,0.10785244,,1.0,int8,deepseek-ai_DeepSeek-R1-Distill-Qwen-7B
layer,9,0.14217082,,1.0,int8,deepseek-ai_DeepSeek-R1-Distill-Qwen-7B
layer,10,0.08433111,,1.0,int8,deepseek-ai_DeepSeek-R1-Distill-Qwen-7B
layer,11,0.053809077,,1.0,int8,deepseek-ai_DeepSeek-R1-Distill-Qwen-7B
layer,12,0.08683412,,1.0,int8,deepseek-ai_DeepSeek-R1-Distill-Qwen-7B
layer,13,0.050896887,,1.0,int8,deepseek-ai_DeepSeek-R1-Distill-Qwen-7B
layer,14,0.081868574,,1.0,int8,deepseek-ai_DeepSeek-R1-Distill-Qwen-7B
layer,15,0.052351177,,1.0,int8,deepseek-ai_DeepSeek-R1-Distill-Qwen-7B
layer,16,0.08089744,,1.0,int8,deepseek-ai_DeepSeek-R1-Distill-Qwen-7B
layer,17,0.08291205,,1.0,int8,deepseek-ai_DeepSeek-R1-Distill-Qwen-7B
layer,18,0.034118507,,1.0,int8,deepseek-ai_DeepSeek-R1-Distill-Qwen-7B
layer,19,0.07061302,,1.0,int8,deepseek-ai_DeepSeek-R1-Distill-Qwen-7B
layer,20,0.050466932,,1.0,int8,deepseek-ai_DeepSeek-R1-Distill-Qwen-7B
layer,21,0.050966617,,1.0,int8,deepseek-ai_DeepSeek-R1-Distill-Qwen-7B
layer,22,0.090021804,,1.0,int8,deepseek-ai_DeepSeek-R1-Distill-Qwen-7B
layer,23,0.06511665,,1.0,int8,deepseek-ai_DeepSeek-R1-Distill-Qwen-7B
layer,24,0.055163477,,1.0,int8,deepseek-ai_DeepSeek-R1-Distill-Qwen-7B
layer,25,0.35960537,,1.0,int8,deepseek-ai_DeepSeek-R1-Distill-Qwen-7B
layer,26,0.2569071,,1.0,int8,deepseek-ai_DeepSeek-R1-Distill-Qwen-7B
layer,27,0.29005668,,0.9285714285714286,int8,deepseek-ai_DeepSeek-R1-Distill-Qwen-7B
global,-1,1.9963229,0.6138033270835876,,bfloat16,google_gemma-3-1b-it
layer,0,2.3859375,,,bfloat16,google_gemma-3-1b-it
layer,1,1.6621583,,,bfloat16,google_gemma-3-1b-it
layer,2,1.5568359,,,bfloat16,google_gemma-3-1b-it
layer,3,2.1960938,,,bfloat16,google_gemma-3-1b-it
layer,4,2.445703,,,bfloat16,google_gemma-3-1b-it
layer,5,1.3069823,,,bfloat16,google_gemma-3-1b-it
layer,6,2.6001954,,,bfloat16,google_gemma-3-1b-it
layer,7,2.0958984,,,bfloat16,google_gemma-3-1b-it
layer,8,2.4617186,,,bfloat16,google_gemma-3-1b-it
layer,9,2.464258,,,bfloat16,google_gemma-3-1b-it
layer,10,2.0382812,,,bfloat16,google_gemma-3-1b-it
layer,11,2.1447268,,,bfloat16,google_gemma-3-1b-it
layer,12,2.3544922,,,bfloat16,google_gemma-3-1b-it
layer,13,2.3501954,,,bfloat16,google_gemma-3-1b-it
layer,14,2.2626953,,,bfloat16,google_gemma-3-1b-it
layer,15,2.4851563,,,bfloat16,google_gemma-3-1b-it
layer,16,1.9076171,,,bfloat16,google_gemma-3-1b-it
layer,17,1.2908204,,,bfloat16,google_gemma-3-1b-it
layer,18,1.6383789,,,bfloat16,google_gemma-3-1b-it
layer,19,1.3327148,,,bfloat16,google_gemma-3-1b-it
layer,20,2.15625,,,bfloat16,google_gemma-3-1b-it
layer,21,1.7617188,,,bfloat16,google_gemma-3-1b-it
layer,22,1.3103516,,,bfloat16,google_gemma-3-1b-it
layer,23,1.1860352,,,bfloat16,google_gemma-3-1b-it
layer,24,1.8591797,,,bfloat16,google_gemma-3-1b-it
layer,25,2.65,,,bfloat16,google_gemma-3-1b-it
global,-1,2.0121827,0.6091158986091614,,hqq,google_gemma-3-1b-it
layer,0,2.3874998,,,hqq,google_gemma-3-1b-it
layer,1,1.6548829,,,hqq,google_gemma-3-1b-it
layer,2,1.5920899,,,hqq,google_gemma-3-1b-it
layer,3,2.181836,,,hqq,google_gemma-3-1b-it
layer,4,2.4363282,,,hqq,google_gemma-3-1b-it
layer,5,1.365088,,,hqq,google_gemma-3-1b-it
layer,6,2.6285157,,,hqq,google_gemma-3-1b-it
layer,7,2.088672,,,hqq,google_gemma-3-1b-it
layer,8,2.4339843,,,hqq,google_gemma-3-1b-it
layer,9,2.477539,,,hqq,google_gemma-3-1b-it
layer,10,2.0234375,,,hqq,google_gemma-3-1b-it
layer,11,2.1591797,,,hqq,google_gemma-3-1b-it
layer,12,2.3835936,,,hqq,google_gemma-3-1b-it
layer,13,2.3658204,,,hqq,google_gemma-3-1b-it
layer,14,2.302539,,,hqq,google_gemma-3-1b-it
layer,15,2.5091796,,,hqq,google_gemma-3-1b-it
layer,16,1.9423828,,,hqq,google_gemma-3-1b-it
layer,17,1.3409667,,,hqq,google_gemma-3-1b-it
layer,18,1.6358398,,,hqq,google_gemma-3-1b-it
layer,19,1.3370118,,,hqq,google_gemma-3-1b-it
layer,20,2.1638672,,,hqq,google_gemma-3-1b-it
layer,21,1.7617188,,,hqq,google_gemma-3-1b-it
layer,22,1.3065919,,,hqq,google_gemma-3-1b-it
layer,23,1.2227539,,,hqq,google_gemma-3-1b-it
layer,24,1.9542968,,,hqq,google_gemma-3-1b-it
layer,25,2.6611328,,,hqq,google_gemma-3-1b-it
global,-1,1.9965012,0.610584557056427,,fp8,google_gemma-3-1b-it
layer,0,2.386914,,,fp8,google_gemma-3-1b-it
layer,1,1.6644043,,,fp8,google_gemma-3-1b-it
layer,2,1.5601562,,,fp8,google_gemma-3-1b-it
layer,3,2.201758,,,fp8,google_gemma-3-1b-it
layer,4,2.4498048,,,fp8,google_gemma-3-1b-it
layer,5,1.288379,,,fp8,google_gemma-3-1b-it
layer,6,2.6097658,,,fp8,google_gemma-3-1b-it
layer,7,2.1033204,,,fp8,google_gemma-3-1b-it
layer,8,2.4535155,,,fp8,google_gemma-3-1b-it
layer,9,2.445117,,,fp8,google_gemma-3-1b-it
layer,10,2.0429688,,,fp8,google_gemma-3-1b-it
layer,11,2.12334,,,fp8,google_gemma-3-1b-it
layer,12,2.3507812,,,fp8,google_gemma-3-1b-it
layer,13,2.3640625,,,fp8,google_gemma-3-1b-it
layer,14,2.2484374,,,fp8,google_gemma-3-1b-it
layer,15,2.4871094,,,fp8,google_gemma-3-1b-it
layer,16,1.8978517,,,fp8,google_gemma-3-1b-it
layer,17,1.2882812,,,fp8,google_gemma-3-1b-it
layer,18,1.656543,,,fp8,google_gemma-3-1b-it
layer,19,1.3323243,,,fp8,google_gemma-3-1b-it
layer,20,2.1482422,,,fp8,google_gemma-3-1b-it
layer,21,1.7673829,,,fp8,google_gemma-3-1b-it
layer,22,1.332129,,,fp8,google_gemma-3-1b-it
layer,23,1.1951172,,,fp8,google_gemma-3-1b-it
layer,24,1.8662109,,,fp8,google_gemma-3-1b-it
layer,25,2.6451173,,,fp8,google_gemma-3-1b-it
global,-1,2.0010123,0.613845705986023,,int4,google_gemma-3-1b-it
layer,0,2.3861327,,,int4,google_gemma-3-1b-it
layer,1,1.6229005,,,int4,google_gemma-3-1b-it
layer,2,1.5367187,,,int4,google_gemma-3-1b-it
layer,3,2.2199218,,,int4,google_gemma-3-1b-it
layer,4,2.4572265,,,int4,google_gemma-3-1b-it
layer,5,1.3731933,,,int4,google_gemma-3-1b-it
layer,6,2.6123047,,,int4,google_gemma-3-1b-it
layer,7,2.043164,,,int4,google_gemma-3-1b-it
layer,8,2.4580078,,,int4,google_gemma-3-1b-it
layer,9,2.4873047,,,int4,google_gemma-3-1b-it
layer,10,2.0636718,,,int4,google_gemma-3-1b-it
layer,11,2.2163086,,,int4,google_gemma-3-1b-it
layer,12,2.338086,,,int4,google_gemma-3-1b-it
layer,13,2.3183594,,,int4,google_gemma-3-1b-it
layer,14,2.2375002,,,int4,google_gemma-3-1b-it
layer,15,2.4947267,,,int4,google_gemma-3-1b-it
layer,16,1.9412109,,,int4,google_gemma-3-1b-it
layer,17,1.169873,,,int4,google_gemma-3-1b-it
layer,18,1.7124023,,,int4,google_gemma-3-1b-it
layer,19,1.3625,,,int4,google_gemma-3-1b-it
layer,20,2.156836,,,int4,google_gemma-3-1b-it
layer,21,1.7597656,,,int4,google_gemma-3-1b-it
layer,22,1.3293945,,,int4,google_gemma-3-1b-it
layer,23,1.1981444,,,int4,google_gemma-3-1b-it
layer,24,1.8875,,,int4,google_gemma-3-1b-it
layer,25,2.6431642,,,int4,google_gemma-3-1b-it
global,-1,1.9964467,0.6138443946838379,,float16,google_gemma-3-1b-it
layer,0,2.3859375,,,float16,google_gemma-3-1b-it
layer,1,1.6620605,,,float16,google_gemma-3-1b-it
layer,2,1.5569336,,,float16,google_gemma-3-1b-it
layer,3,2.1964846,,,float16,google_gemma-3-1b-it
layer,4,2.4453125,,,float16,google_gemma-3-1b-it
layer,5,1.3069336,,,float16,google_gemma-3-1b-it
layer,6,2.6003904,,,float16,google_gemma-3-1b-it
layer,7,2.0966797,,,float16,google_gemma-3-1b-it
layer,8,2.4623048,,,float16,google_gemma-3-1b-it
layer,9,2.4654298,,,float16,google_gemma-3-1b-it
layer,10,2.038086,,,float16,google_gemma-3-1b-it
layer,11,2.1444335,,,float16,google_gemma-3-1b-it
layer,12,2.3550782,,,float16,google_gemma-3-1b-it
layer,13,2.3490233,,,float16,google_gemma-3-1b-it
layer,14,2.2623048,,,float16,google_gemma-3-1b-it
layer,15,2.4855468,,,float16,google_gemma-3-1b-it
layer,16,1.9078125,,,float16,google_gemma-3-1b-it
layer,17,1.2900391,,,float16,google_gemma-3-1b-it
layer,18,1.6379883,,,float16,google_gemma-3-1b-it
layer,19,1.3325195,,,float16,google_gemma-3-1b-it
layer,20,2.1564453,,,float16,google_gemma-3-1b-it
layer,21,1.7624999,,,float16,google_gemma-3-1b-it
layer,22,1.3108888,,,float16,google_gemma-3-1b-it
layer,23,1.186914,,,float16,google_gemma-3-1b-it
layer,24,1.8597656,,,float16,google_gemma-3-1b-it
layer,25,2.6498048,,,float16,google_gemma-3-1b-it
global,-1,1.9964036,0.6149801015853882,,int8,google_gemma-3-1b-it
layer,0,2.3874998,,,int8,google_gemma-3-1b-it
layer,1,1.6586425,,,int8,google_gemma-3-1b-it
layer,2,1.5576172,,,int8,google_gemma-3-1b-it
layer,3,2.195703,,,int8,google_gemma-3-1b-it
layer,4,2.444336,,,int8,google_gemma-3-1b-it
layer,5,1.2993164,,,int8,google_gemma-3-1b-it
layer,6,2.608594,,,int8,google_gemma-3-1b-it
layer,7,2.0996094,,,int8,google_gemma-3-1b-it
layer,8,2.4658203,,,int8,google_gemma-3-1b-it
layer,9,2.4550781,,,int8,google_gemma-3-1b-it
layer,10,2.0404296,,,int8,google_gemma-3-1b-it
layer,11,2.145703,,,int8,google_gemma-3-1b-it
layer,12,2.3572266,,,int8,google_gemma-3-1b-it
layer,13,2.3457031,,,int8,google_gemma-3-1b-it
layer,14,2.2660155,,,int8,google_gemma-3-1b-it
layer,15,2.4876955,,,int8,google_gemma-3-1b-it
layer,16,1.9109375,,,int8,google_gemma-3-1b-it
layer,17,1.2925782,,,int8,google_gemma-3-1b-it
layer,18,1.6345702,,,int8,google_gemma-3-1b-it
layer,19,1.3293946,,,int8,google_gemma-3-1b-it
layer,20,2.1552734,,,int8,google_gemma-3-1b-it
layer,21,1.7585938,,,int8,google_gemma-3-1b-it
layer,22,1.3101562,,,int8,google_gemma-3-1b-it
layer,23,1.1869141,,,int8,google_gemma-3-1b-it
layer,24,1.856836,,,int8,google_gemma-3-1b-it
layer,25,2.65625,,,int8,google_gemma-3-1b-it
global,-1,,,,gptq,google_gemma-3-1b-it
layer,0,,,,gptq,google_gemma-3-1b-it
layer,1,,,,gptq,google_gemma-3-1b-it
layer,2,,,,gptq,google_gemma-3-1b-it
layer,3,,,,gptq,google_gemma-3-1b-it
layer,4,,,,gptq,google_gemma-3-1b-it
layer,5,,,,gptq,google_gemma-3-1b-it
layer,6,,,,gptq,google_gemma-3-1b-it
layer,7,,,,gptq,google_gemma-3-1b-it
layer,8,,,,gptq,google_gemma-3-1b-it
layer,9,,,,gptq,google_gemma-3-1b-it
layer,10,,,,gptq,google_gemma-3-1b-it
layer,11,,,,gptq,google_gemma-3-1b-it
layer,12,,,,gptq,google_gemma-3-1b-it
layer,13,,,,gptq,google_gemma-3-1b-it
layer,14,,,,gptq,google_gemma-3-1b-it
layer,15,,,,gptq,google_gemma-3-1b-it
layer,16,,,,gptq,google_gemma-3-1b-it
layer,17,,,,gptq,google_gemma-3-1b-it
layer,18,,,,gptq,google_gemma-3-1b-it
layer,19,,,,gptq,google_gemma-3-1b-it
layer,20,,,,gptq,google_gemma-3-1b-it
layer,21,,,,gptq,google_gemma-3-1b-it
layer,22,,,,gptq,google_gemma-3-1b-it
layer,23,,,,gptq,google_gemma-3-1b-it
layer,24,,,,gptq,google_gemma-3-1b-it
layer,25,,,,gptq,google_gemma-3-1b-it
global,-1,1.7758313,0.6075387597084045,,bfloat16,google_gemma-3-270m-it
layer,0,1.9341797,,,bfloat16,google_gemma-3-270m-it
layer,1,0.9921387,,,bfloat16,google_gemma-3-270m-it
layer,2,1.6351562,,,bfloat16,google_gemma-3-270m-it
layer,3,2.0365236,,,bfloat16,google_gemma-3-270m-it
layer,4,2.2525392,,,bfloat16,google_gemma-3-270m-it
layer,5,1.236841,,,bfloat16,google_gemma-3-270m-it
layer,6,2.5351562,,,bfloat16,google_gemma-3-270m-it
layer,7,2.40625,,,bfloat16,google_gemma-3-270m-it
layer,8,2.0066407,,,bfloat16,google_gemma-3-270m-it
layer,9,2.3630857,,,bfloat16,google_gemma-3-270m-it
layer,10,2.219922,,,bfloat16,google_gemma-3-270m-it
layer,11,1.7675781,,,bfloat16,google_gemma-3-270m-it
layer,12,1.4339843,,,bfloat16,google_gemma-3-270m-it
layer,13,1.3548828,,,bfloat16,google_gemma-3-270m-it
layer,14,1.4036133,,,bfloat16,google_gemma-3-270m-it
layer,15,1.6999999,,,bfloat16,google_gemma-3-270m-it
layer,16,1.4701173,,,bfloat16,google_gemma-3-270m-it
layer,17,1.2163575,,,bfloat16,google_gemma-3-270m-it
global,-1,1.8279052,0.5904300808906555,,hqq,google_gemma-3-270m-it
layer,0,1.9484375,,,hqq,google_gemma-3-270m-it
layer,1,1.0279297,,,hqq,google_gemma-3-270m-it
layer,2,1.5800781,,,hqq,google_gemma-3-270m-it
layer,3,2.0564454,,,hqq,google_gemma-3-270m-it
layer,4,2.2507813,,,hqq,google_gemma-3-270m-it
layer,5,1.4146972,,,hqq,google_gemma-3-270m-it
layer,6,2.466406,,,hqq,google_gemma-3-270m-it
layer,7,2.453125,,,hqq,google_gemma-3-270m-it
layer,8,1.9847655,,,hqq,google_gemma-3-270m-it
layer,9,2.2767577,,,hqq,google_gemma-3-270m-it
layer,10,2.3675783,,,hqq,google_gemma-3-270m-it
layer,11,1.9185548,,,hqq,google_gemma-3-270m-it
layer,12,1.3706055,,,hqq,google_gemma-3-270m-it
layer,13,1.4441406,,,hqq,google_gemma-3-270m-it
layer,14,1.5083007,,,hqq,google_gemma-3-270m-it
layer,15,1.7537109,,,hqq,google_gemma-3-270m-it
layer,16,1.6316407,,,hqq,google_gemma-3-270m-it
layer,17,1.4483398,,,hqq,google_gemma-3-270m-it
global,-1,1.7764229,0.6058075428009033,,fp8,google_gemma-3-270m-it
layer,0,1.9390625,,,fp8,google_gemma-3-270m-it
layer,1,1.002539,,,fp8,google_gemma-3-270m-it
layer,2,1.6322267,,,fp8,google_gemma-3-270m-it
layer,3,2.036914,,,fp8,google_gemma-3-270m-it
layer,4,2.2636719,,,fp8,google_gemma-3-270m-it
layer,5,1.2453859,,,fp8,google_gemma-3-270m-it
layer,6,2.5496094,,,fp8,google_gemma-3-270m-it
layer,7,2.4050782,,,fp8,google_gemma-3-270m-it
layer,8,2.005664,,,fp8,google_gemma-3-270m-it
layer,9,2.3802733,,,fp8,google_gemma-3-270m-it
layer,10,2.2152343,,,fp8,google_gemma-3-270m-it
layer,11,1.7692382,,,fp8,google_gemma-3-270m-it
layer,12,1.4154297,,,fp8,google_gemma-3-270m-it
layer,13,1.3331056,,,fp8,google_gemma-3-270m-it
layer,14,1.4070313,,,fp8,google_gemma-3-270m-it
layer,15,1.6527344,,,fp8,google_gemma-3-270m-it
layer,16,1.4808594,,,fp8,google_gemma-3-270m-it
layer,17,1.2415527,,,fp8,google_gemma-3-270m-it
global,-1,1.8092692,0.609239399433136,,int4,google_gemma-3-270m-it
layer,0,1.9558594,,,int4,google_gemma-3-270m-it
layer,1,0.9654785,,,int4,google_gemma-3-270m-it
layer,2,1.6570313,,,int4,google_gemma-3-270m-it
layer,3,2.036914,,,int4,google_gemma-3-270m-it
layer,4,2.2455077,,,int4,google_gemma-3-270m-it
layer,5,1.4009765,,,int4,google_gemma-3-270m-it
layer,6,2.5810547,,,int4,google_gemma-3-270m-it
layer,7,2.4015625,,,int4,google_gemma-3-270m-it
layer,8,2.109375,,,int4,google_gemma-3-270m-it
layer,9,2.2927735,,,int4,google_gemma-3-270m-it
layer,10,2.2748046,,,int4,google_gemma-3-270m-it
layer,11,2.0035157,,,int4,google_gemma-3-270m-it
layer,12,1.5022461,,,int4,google_gemma-3-270m-it
layer,13,1.2928711,,,int4,google_gemma-3-270m-it
layer,14,1.3171875,,,int4,google_gemma-3-270m-it
layer,15,1.6990234,,,int4,google_gemma-3-270m-it
layer,16,1.4656249,,,int4,google_gemma-3-270m-it
layer,17,1.3650391,,,int4,google_gemma-3-270m-it
global,-1,1.775971,0.6076030135154724,,float16,google_gemma-3-270m-it
layer,0,1.9341797,,,float16,google_gemma-3-270m-it
layer,1,0.99208987,,,float16,google_gemma-3-270m-it
layer,2,1.6349609,,,float16,google_gemma-3-270m-it
layer,3,2.0359375,,,float16,google_gemma-3-270m-it
layer,4,2.2523437,,,float16,google_gemma-3-270m-it
layer,5,1.236914,,,float16,google_gemma-3-270m-it
layer,6,2.5353515,,,float16,google_gemma-3-270m-it
layer,7,2.4078126,,,float16,google_gemma-3-270m-it
layer,8,2.0060546,,,float16,google_gemma-3-270m-it
layer,9,2.3636718,,,float16,google_gemma-3-270m-it
layer,10,2.2203126,,,float16,google_gemma-3-270m-it
layer,11,1.7673829,,,float16,google_gemma-3-270m-it
layer,12,1.4344727,,,float16,google_gemma-3-270m-it
layer,13,1.3544922,,,float16,google_gemma-3-270m-it
layer,14,1.4045899,,,float16,google_gemma-3-270m-it
layer,15,1.7,,,float16,google_gemma-3-270m-it
layer,16,1.4697266,,,float16,google_gemma-3-270m-it
layer,17,1.2171875,,,float16,google_gemma-3-270m-it
global,-1,1.7755792,0.6068995594978333,,int8,google_gemma-3-270m-it
layer,0,1.9359375,,,int8,google_gemma-3-270m-it
layer,1,0.99350584,,,int8,google_gemma-3-270m-it
layer,2,1.6353517,,,int8,google_gemma-3-270m-it
layer,3,2.0359375,,,int8,google_gemma-3-270m-it
layer,4,2.256836,,,int8,google_gemma-3-270m-it
layer,5,1.2187744,,,int8,google_gemma-3-270m-it
layer,6,2.5277343,,,int8,google_gemma-3-270m-it
layer,7,2.409961,,,int8,google_gemma-3-270m-it
layer,8,2.0046873,,,int8,google_gemma-3-270m-it
layer,9,2.3597658,,,int8,google_gemma-3-270m-it
layer,10,2.2158203,,,int8,google_gemma-3-270m-it
layer,11,1.7781249,,,int8,google_gemma-3-270m-it
layer,12,1.4322267,,,int8,google_gemma-3-270m-it
layer,13,1.3393555,,,int8,google_gemma-3-270m-it
layer,14,1.4141603,,,int8,google_gemma-3-270m-it
layer,15,1.7054688,,,int8,google_gemma-3-270m-it
layer,16,1.4591798,,,int8,google_gemma-3-270m-it
layer,17,1.2375977,,,int8,google_gemma-3-270m-it
global,-1,1.4322194,0.6600554585456848,0.2919921875,bfloat16,deepseek-ai_DeepSeek-R1-Distill-Llama-8B
layer,0,1.1400757,,0.46875,bfloat16,deepseek-ai_DeepSeek-R1-Distill-Llama-8B
layer,1,0.6097156,,0.9375,bfloat16,deepseek-ai_DeepSeek-R1-Distill-Llama-8B
layer,2,0.5001932,,0.9375,bfloat16,deepseek-ai_DeepSeek-R1-Distill-Llama-8B
layer,3,1.0857165,,0.4375,bfloat16,deepseek-ai_DeepSeek-R1-Distill-Llama-8B
layer,4,0.96012896,,0.5625,bfloat16,deepseek-ai_DeepSeek-R1-Distill-Llama-8B
layer,5,1.0135703,,0.5625,bfloat16,deepseek-ai_DeepSeek-R1-Distill-Llama-8B
layer,6,1.772892,,0.0,bfloat16,deepseek-ai_DeepSeek-R1-Distill-Llama-8B
layer,7,1.8916571,,0.0,bfloat16,deepseek-ai_DeepSeek-R1-Distill-Llama-8B
layer,8,1.9199129,,0.03125,bfloat16,deepseek-ai_DeepSeek-R1-Distill-Llama-8B
layer,9,1.4930403,,0.03125,bfloat16,deepseek-ai_DeepSeek-R1-Distill-Llama-8B
layer,10,1.8654933,,0.0,bfloat16,deepseek-ai_DeepSeek-R1-Distill-Llama-8B
layer,11,2.0857656,,0.0,bfloat16,deepseek-ai_DeepSeek-R1-Distill-Llama-8B
layer,12,2.327999,,0.0,bfloat16,deepseek-ai_DeepSeek-R1-Distill-Llama-8B
layer,13,1.7016323,,0.03125,bfloat16,deepseek-ai_DeepSeek-R1-Distill-Llama-8B
layer,14,2.0557408,,0.0,bfloat16,deepseek-ai_DeepSeek-R1-Distill-Llama-8B
layer,15,1.6735849,,0.125,bfloat16,deepseek-ai_DeepSeek-R1-Distill-Llama-8B
layer,16,1.1897801,,0.25,bfloat16,deepseek-ai_DeepSeek-R1-Distill-Llama-8B
layer,17,1.8534386,,0.0,bfloat16,deepseek-ai_DeepSeek-R1-Distill-Llama-8B
layer,18,1.1608711,,0.34375,bfloat16,deepseek-ai_DeepSeek-R1-Distill-Llama-8B
layer,19,1.5526841,,0.0,bfloat16,deepseek-ai_DeepSeek-R1-Distill-Llama-8B
layer,20,0.72176707,,0.90625,bfloat16,deepseek-ai_DeepSeek-R1-Distill-Llama-8B
layer,21,1.4495962,,0.09375,bfloat16,deepseek-ai_DeepSeek-R1-Distill-Llama-8B
layer,22,1.2648671,,0.09375,bfloat16,deepseek-ai_DeepSeek-R1-Distill-Llama-8B
layer,23,0.6621523,,1.0,bfloat16,deepseek-ai_DeepSeek-R1-Distill-Llama-8B
layer,24,1.2522179,,0.125,bfloat16,deepseek-ai_DeepSeek-R1-Distill-Llama-8B
layer,25,1.3334273,,0.0625,bfloat16,deepseek-ai_DeepSeek-R1-Distill-Llama-8B
layer,26,0.8434942,,0.75,bfloat16,deepseek-ai_DeepSeek-R1-Distill-Llama-8B
layer,27,0.8558516,,0.78125,bfloat16,deepseek-ai_DeepSeek-R1-Distill-Llama-8B
layer,28,0.96164066,,0.75,bfloat16,deepseek-ai_DeepSeek-R1-Distill-Llama-8B
layer,29,1.6278328,,0.0625,bfloat16,deepseek-ai_DeepSeek-R1-Distill-Llama-8B
layer,30,2.1969926,,0.0,bfloat16,deepseek-ai_DeepSeek-R1-Distill-Llama-8B
layer,31,2.8072891,,0.0,bfloat16,deepseek-ai_DeepSeek-R1-Distill-Llama-8B
global,-1,1.4439427,0.6489164233207703,0.291015625,awq,deepseek-ai_DeepSeek-R1-Distill-Llama-8B
layer,0,1.1557151,,0.46875,awq,deepseek-ai_DeepSeek-R1-Distill-Llama-8B
layer,1,0.6166874,,0.9375,awq,deepseek-ai_DeepSeek-R1-Distill-Llama-8B
layer,2,0.5401183,,0.9375,awq,deepseek-ai_DeepSeek-R1-Distill-Llama-8B
layer,3,1.0314331,,0.5,awq,deepseek-ai_DeepSeek-R1-Distill-Llama-8B
layer,4,0.97674584,,0.5625,awq,deepseek-ai_DeepSeek-R1-Distill-Llama-8B
layer,5,0.95301086,,0.71875,awq,deepseek-ai_DeepSeek-R1-Distill-Llama-8B
layer,6,1.7437606,,0.0,awq,deepseek-ai_DeepSeek-R1-Distill-Llama-8B
layer,7,1.8441337,,0.0,awq,deepseek-ai_DeepSeek-R1-Distill-Llama-8B
layer,8,1.895306,,0.03125,awq,deepseek-ai_DeepSeek-R1-Distill-Llama-8B
layer,9,1.4306458,,0.03125,awq,deepseek-ai_DeepSeek-R1-Distill-Llama-8B
layer,10,1.8882377,,0.0,awq,deepseek-ai_DeepSeek-R1-Distill-Llama-8B
layer,11,2.1049652,,0.0,awq,deepseek-ai_DeepSeek-R1-Distill-Llama-8B
layer,12,2.3203797,,0.0,awq,deepseek-ai_DeepSeek-R1-Distill-Llama-8B
layer,13,1.8276268,,0.0,awq,deepseek-ai_DeepSeek-R1-Distill-Llama-8B
layer,14,2.0880718,,0.0,awq,deepseek-ai_DeepSeek-R1-Distill-Llama-8B
layer,15,1.7336171,,0.125,awq,deepseek-ai_DeepSeek-R1-Distill-Llama-8B
layer,16,1.2088304,,0.28125,awq,deepseek-ai_DeepSeek-R1-Distill-Llama-8B
layer,17,1.8240285,,0.0,awq,deepseek-ai_DeepSeek-R1-Distill-Llama-8B
layer,18,1.1882277,,0.3125,awq,deepseek-ai_DeepSeek-R1-Distill-Llama-8B
layer,19,1.479037,,0.0625,awq,deepseek-ai_DeepSeek-R1-Distill-Llama-8B
layer,20,0.8563482,,0.78125,awq,deepseek-ai_DeepSeek-R1-Distill-Llama-8B
layer,21,1.4660971,,0.09375,awq,deepseek-ai_DeepSeek-R1-Distill-Llama-8B
layer,22,1.3543642,,0.09375,awq,deepseek-ai_DeepSeek-R1-Distill-Llama-8B
layer,23,0.66723424,,1.0,awq,deepseek-ai_DeepSeek-R1-Distill-Llama-8B
layer,24,1.2727678,,0.125,awq,deepseek-ai_DeepSeek-R1-Distill-Llama-8B
layer,25,1.3266623,,0.09375,awq,deepseek-ai_DeepSeek-R1-Distill-Llama-8B
layer,26,0.91896737,,0.6875,awq,deepseek-ai_DeepSeek-R1-Distill-Llama-8B
layer,27,0.9279866,,0.6875,awq,deepseek-ai_DeepSeek-R1-Distill-Llama-8B
layer,28,0.97394955,,0.71875,awq,deepseek-ai_DeepSeek-R1-Distill-Llama-8B
layer,29,1.6675873,,0.0625,awq,deepseek-ai_DeepSeek-R1-Distill-Llama-8B
layer,30,2.1613433,,0.0,awq,deepseek-ai_DeepSeek-R1-Distill-Llama-8B
layer,31,2.7622788,,0.0,awq,deepseek-ai_DeepSeek-R1-Distill-Llama-8B
global,-1,1.4469976,0.6705339550971985,0.2978515625,hqq,deepseek-ai_DeepSeek-R1-Distill-Llama-8B
layer,0,1.1361783,,0.46875,hqq,deepseek-ai_DeepSeek-R1-Distill-Llama-8B
layer,1,0.6266386,,0.875,hqq,deepseek-ai_DeepSeek-R1-Distill-Llama-8B
layer,2,0.54781544,,0.90625,hqq,deepseek-ai_DeepSeek-R1-Distill-Llama-8B
layer,3,0.9538306,,0.625,hqq,deepseek-ai_DeepSeek-R1-Distill-Llama-8B
layer,4,0.92451805,,0.625,hqq,deepseek-ai_DeepSeek-R1-Distill-Llama-8B
layer,5,0.9823258,,0.71875,hqq,deepseek-ai_DeepSeek-R1-Distill-Llama-8B
layer,6,1.7985221,,0.0,hqq,deepseek-ai_DeepSeek-R1-Distill-Llama-8B
layer,7,1.9197536,,0.0,hqq,deepseek-ai_DeepSeek-R1-Distill-Llama-8B
layer,8,1.8707087,,0.03125,hqq,deepseek-ai_DeepSeek-R1-Distill-Llama-8B
layer,9,1.5200965,,0.03125,hqq,deepseek-ai_DeepSeek-R1-Distill-Llama-8B
layer,10,1.9710157,,0.0,hqq,deepseek-ai_DeepSeek-R1-Distill-Llama-8B
layer,11,2.1292682,,0.0,hqq,deepseek-ai_DeepSeek-R1-Distill-Llama-8B
layer,12,2.3346002,,0.0,hqq,deepseek-ai_DeepSeek-R1-Distill-Llama-8B
layer,13,1.8646736,,0.0,hqq,deepseek-ai_DeepSeek-R1-Distill-Llama-8B
layer,14,2.1024747,,0.0,hqq,deepseek-ai_DeepSeek-R1-Distill-Llama-8B
layer,15,1.7005401,,0.125,hqq,deepseek-ai_DeepSeek-R1-Distill-Llama-8B
layer,16,1.1447923,,0.28125,hqq,deepseek-ai_DeepSeek-R1-Distill-Llama-8B
layer,17,1.8616292,,0.0,hqq,deepseek-ai_DeepSeek-R1-Distill-Llama-8B
layer,18,1.2090931,,0.3125,hqq,deepseek-ai_DeepSeek-R1-Distill-Llama-8B
layer,19,1.4652894,,0.0625,hqq,deepseek-ai_DeepSeek-R1-Distill-Llama-8B
layer,20,0.80088234,,0.8125,hqq,deepseek-ai_DeepSeek-R1-Distill-Llama-8B
layer,21,1.4348326,,0.125,hqq,deepseek-ai_DeepSeek-R1-Distill-Llama-8B
layer,22,1.3005764,,0.125,hqq,deepseek-ai_DeepSeek-R1-Distill-Llama-8B
layer,23,0.6200953,,1.0,hqq,deepseek-ai_DeepSeek-R1-Distill-Llama-8B
layer,24,1.2821716,,0.125,hqq,deepseek-ai_DeepSeek-R1-Distill-Llama-8B
layer,25,1.3750436,,0.0625,hqq,deepseek-ai_DeepSeek-R1-Distill-Llama-8B
layer,26,0.8916626,,0.71875,hqq,deepseek-ai_DeepSeek-R1-Distill-Llama-8B
layer,27,0.89779675,,0.71875,hqq,deepseek-ai_DeepSeek-R1-Distill-Llama-8B
layer,28,0.94585705,,0.71875,hqq,deepseek-ai_DeepSeek-R1-Distill-Llama-8B
layer,29,1.6508744,,0.0625,hqq,deepseek-ai_DeepSeek-R1-Distill-Llama-8B
layer,30,2.203668,,0.0,hqq,deepseek-ai_DeepSeek-R1-Distill-Llama-8B
layer,31,2.8366985,,0.0,hqq,deepseek-ai_DeepSeek-R1-Distill-Llama-8B
global,-1,1.4291447,0.6601453423500061,0.2919921875,fp8,deepseek-ai_DeepSeek-R1-Distill-Llama-8B
layer,0,1.1424352,,0.46875,fp8,deepseek-ai_DeepSeek-R1-Distill-Llama-8B
layer,1,0.6132366,,0.90625,fp8,deepseek-ai_DeepSeek-R1-Distill-Llama-8B
layer,2,0.502473,,0.9375,fp8,deepseek-ai_DeepSeek-R1-Distill-Llama-8B
layer,3,1.081075,,0.40625,fp8,deepseek-ai_DeepSeek-R1-Distill-Llama-8B
layer,4,0.9634191,,0.59375,fp8,deepseek-ai_DeepSeek-R1-Distill-Llama-8B
layer,5,0.9981117,,0.5625,fp8,deepseek-ai_DeepSeek-R1-Distill-Llama-8B
layer,6,1.7789676,,0.0,fp8,deepseek-ai_DeepSeek-R1-Distill-Llama-8B
layer,7,1.8983945,,0.0,fp8,deepseek-ai_DeepSeek-R1-Distill-Llama-8B
layer,8,1.9353749,,0.03125,fp8,deepseek-ai_DeepSeek-R1-Distill-Llama-8B
layer,9,1.4776354,,0.03125,fp8,deepseek-ai_DeepSeek-R1-Distill-Llama-8B
layer,10,1.8609561,,0.0,fp8,deepseek-ai_DeepSeek-R1-Distill-Llama-8B
layer,11,2.0926576,,0.0,fp8,deepseek-ai_DeepSeek-R1-Distill-Llama-8B
layer,12,2.3080451,,0.0,fp8,deepseek-ai_DeepSeek-R1-Distill-Llama-8B
layer,13,1.6918228,,0.03125,fp8,deepseek-ai_DeepSeek-R1-Distill-Llama-8B
layer,14,2.0428274,,0.0,fp8,deepseek-ai_DeepSeek-R1-Distill-Llama-8B
layer,15,1.6783273,,0.125,fp8,deepseek-ai_DeepSeek-R1-Distill-Llama-8B
layer,16,1.2063425,,0.25,fp8,deepseek-ai_DeepSeek-R1-Distill-Llama-8B
layer,17,1.8462498,,0.0,fp8,deepseek-ai_DeepSeek-R1-Distill-Llama-8B
layer,18,1.1441904,,0.34375,fp8,deepseek-ai_DeepSeek-R1-Distill-Llama-8B
layer,19,1.542861,,0.0,fp8,deepseek-ai_DeepSeek-R1-Distill-Llama-8B
layer,20,0.7179656,,0.90625,fp8,deepseek-ai_DeepSeek-R1-Distill-Llama-8B
layer,21,1.4526875,,0.09375,fp8,deepseek-ai_DeepSeek-R1-Distill-Llama-8B
layer,22,1.2300861,,0.125,fp8,deepseek-ai_DeepSeek-R1-Distill-Llama-8B
layer,23,0.6412175,,1.0,fp8,deepseek-ai_DeepSeek-R1-Distill-Llama-8B
layer,24,1.2532195,,0.125,fp8,deepseek-ai_DeepSeek-R1-Distill-Llama-8B
layer,25,1.3305019,,0.0625,fp8,deepseek-ai_DeepSeek-R1-Distill-Llama-8B
layer,26,0.8438188,,0.75,fp8,deepseek-ai_DeepSeek-R1-Distill-Llama-8B
layer,27,0.87671983,,0.75,fp8,deepseek-ai_DeepSeek-R1-Distill-Llama-8B
layer,28,0.9414265,,0.78125,fp8,deepseek-ai_DeepSeek-R1-Distill-Llama-8B
layer,29,1.6526802,,0.0625,fp8,deepseek-ai_DeepSeek-R1-Distill-Llama-8B
layer,30,2.1793878,,0.0,fp8,deepseek-ai_DeepSeek-R1-Distill-Llama-8B
layer,31,2.8075159,,0.0,fp8,deepseek-ai_DeepSeek-R1-Distill-Llama-8B
global,-1,3.6104043,4.76837158203125e-07,0.0,int4,deepseek-ai_DeepSeek-R1-Distill-Llama-8B
layer,0,3.6104038,,0.0,int4,deepseek-ai_DeepSeek-R1-Distill-Llama-8B
layer,1,3.6104038,,0.0,int4,deepseek-ai_DeepSeek-R1-Distill-Llama-8B
layer,2,3.6104038,,0.0,int4,deepseek-ai_DeepSeek-R1-Distill-Llama-8B
layer,3,3.6104038,,0.0,int4,deepseek-ai_DeepSeek-R1-Distill-Llama-8B
layer,4,3.6104038,,0.0,int4,deepseek-ai_DeepSeek-R1-Distill-Llama-8B
layer,5,3.6104038,,0.0,int4,deepseek-ai_DeepSeek-R1-Distill-Llama-8B
layer,6,3.6104038,,0.0,int4,deepseek-ai_DeepSeek-R1-Distill-Llama-8B
layer,7,3.6104038,,0.0,int4,deepseek-ai_DeepSeek-R1-Distill-Llama-8B
layer,8,3.6104038,,0.0,int4,deepseek-ai_DeepSeek-R1-Distill-Llama-8B
layer,9,3.6104038,,0.0,int4,deepseek-ai_DeepSeek-R1-Distill-Llama-8B
layer,10,3.6104038,,0.0,int4,deepseek-ai_DeepSeek-R1-Distill-Llama-8B
layer,11,3.6104038,,0.0,int4,deepseek-ai_DeepSeek-R1-Distill-Llama-8B
layer,12,3.6104038,,0.0,int4,deepseek-ai_DeepSeek-R1-Distill-Llama-8B
layer,13,3.6104038,,0.0,int4,deepseek-ai_DeepSeek-R1-Distill-Llama-8B
layer,14,3.6104038,,0.0,int4,deepseek-ai_DeepSeek-R1-Distill-Llama-8B
layer,15,3.6104038,,0.0,int4,deepseek-ai_DeepSeek-R1-Distill-Llama-8B
layer,16,3.6104038,,0.0,int4,deepseek-ai_DeepSeek-R1-Distill-Llama-8B
layer,17,3.6104038,,0.0,int4,deepseek-ai_DeepSeek-R1-Distill-Llama-8B
layer,18,3.6104038,,0.0,int4,deepseek-ai_DeepSeek-R1-Distill-Llama-8B
layer,19,3.6104038,,0.0,int4,deepseek-ai_DeepSeek-R1-Distill-Llama-8B
layer,20,3.6104038,,0.0,int4,deepseek-ai_DeepSeek-R1-Distill-Llama-8B
layer,21,3.6104038,,0.0,int4,deepseek-ai_DeepSeek-R1-Distill-Llama-8B
layer,22,3.6104038,,0.0,int4,deepseek-ai_DeepSeek-R1-Distill-Llama-8B
layer,23,3.6104038,,0.0,int4,deepseek-ai_DeepSeek-R1-Distill-Llama-8B
layer,24,3.6104038,,0.0,int4,deepseek-ai_DeepSeek-R1-Distill-Llama-8B
layer,25,3.6104038,,0.0,int4,deepseek-ai_DeepSeek-R1-Distill-Llama-8B
layer,26,3.6104038,,0.0,int4,deepseek-ai_DeepSeek-R1-Distill-Llama-8B
layer,27,3.6104038,,0.0,int4,deepseek-ai_DeepSeek-R1-Distill-Llama-8B
layer,28,3.6104038,,0.0,int4,deepseek-ai_DeepSeek-R1-Distill-Llama-8B
layer,29,3.6104038,,0.0,int4,deepseek-ai_DeepSeek-R1-Distill-Llama-8B
layer,30,3.6104038,,0.0,int4,deepseek-ai_DeepSeek-R1-Distill-Llama-8B
layer,31,3.6104038,,0.0,int4,deepseek-ai_DeepSeek-R1-Distill-Llama-8B
global,-1,1.4323516,0.6601486206054688,0.291015625,float16,deepseek-ai_DeepSeek-R1-Distill-Llama-8B
layer,0,1.1400757,,0.46875,float16,deepseek-ai_DeepSeek-R1-Distill-Llama-8B
layer,1,0.6097107,,0.9375,float16,deepseek-ai_DeepSeek-R1-Distill-Llama-8B
layer,2,0.50024265,,0.9375,float16,deepseek-ai_DeepSeek-R1-Distill-Llama-8B
layer,3,1.0854685,,0.4375,float16,deepseek-ai_DeepSeek-R1-Distill-Llama-8B
layer,4,0.96009684,,0.5625,float16,deepseek-ai_DeepSeek-R1-Distill-Llama-8B
layer,5,1.0137454,,0.5625,float16,deepseek-ai_DeepSeek-R1-Distill-Llama-8B
layer,6,1.7727507,,0.0,float16,deepseek-ai_DeepSeek-R1-Distill-Llama-8B
layer,7,1.8916366,,0.0,float16,deepseek-ai_DeepSeek-R1-Distill-Llama-8B
layer,8,1.9194432,,0.03125,float16,deepseek-ai_DeepSeek-R1-Distill-Llama-8B
layer,9,1.4930611,,0.03125,float16,deepseek-ai_DeepSeek-R1-Distill-Llama-8B
layer,10,1.8648956,,0.0,float16,deepseek-ai_DeepSeek-R1-Distill-Llama-8B
layer,11,2.0857196,,0.0,float16,deepseek-ai_DeepSeek-R1-Distill-Llama-8B
layer,12,2.3279924,,0.0,float16,deepseek-ai_DeepSeek-R1-Distill-Llama-8B
layer,13,1.7021139,,0.03125,float16,deepseek-ai_DeepSeek-R1-Distill-Llama-8B
layer,14,2.0555315,,0.0,float16,deepseek-ai_DeepSeek-R1-Distill-Llama-8B
layer,15,1.6731021,,0.125,float16,deepseek-ai_DeepSeek-R1-Distill-Llama-8B
layer,16,1.1899892,,0.25,float16,deepseek-ai_DeepSeek-R1-Distill-Llama-8B
layer,17,1.8546493,,0.0,float16,deepseek-ai_DeepSeek-R1-Distill-Llama-8B
layer,18,1.1610998,,0.34375,float16,deepseek-ai_DeepSeek-R1-Distill-Llama-8B
layer,19,1.5537692,,0.0,float16,deepseek-ai_DeepSeek-R1-Distill-Llama-8B
layer,20,0.72150266,,0.90625,float16,deepseek-ai_DeepSeek-R1-Distill-Llama-8B
layer,21,1.4501519,,0.09375,float16,deepseek-ai_DeepSeek-R1-Distill-Llama-8B
layer,22,1.2641926,,0.09375,float16,deepseek-ai_DeepSeek-R1-Distill-Llama-8B
layer,23,0.66313803,,1.0,float16,deepseek-ai_DeepSeek-R1-Distill-Llama-8B
layer,24,1.251956,,0.125,float16,deepseek-ai_DeepSeek-R1-Distill-Llama-8B
layer,25,1.334435,,0.0625,float16,deepseek-ai_DeepSeek-R1-Distill-Llama-8B
layer,26,0.842893,,0.75,float16,deepseek-ai_DeepSeek-R1-Distill-Llama-8B
layer,27,0.85628295,,0.75,float16,deepseek-ai_DeepSeek-R1-Distill-Llama-8B
layer,28,0.9619527,,0.75,float16,deepseek-ai_DeepSeek-R1-Distill-Llama-8B
layer,29,1.6282964,,0.0625,float16,deepseek-ai_DeepSeek-R1-Distill-Llama-8B
layer,30,2.1963305,,0.0,float16,deepseek-ai_DeepSeek-R1-Distill-Llama-8B
layer,31,2.8090253,,0.0,float16,deepseek-ai_DeepSeek-R1-Distill-Llama-8B
global,-1,3.6104043,4.76837158203125e-07,0.0,int8,deepseek-ai_DeepSeek-R1-Distill-Llama-8B
layer,0,3.6104038,,0.0,int8,deepseek-ai_DeepSeek-R1-Distill-Llama-8B
layer,1,3.6104038,,0.0,int8,deepseek-ai_DeepSeek-R1-Distill-Llama-8B
layer,2,3.6104038,,0.0,int8,deepseek-ai_DeepSeek-R1-Distill-Llama-8B
layer,3,3.6104038,,0.0,int8,deepseek-ai_DeepSeek-R1-Distill-Llama-8B
layer,4,3.6104038,,0.0,int8,deepseek-ai_DeepSeek-R1-Distill-Llama-8B
layer,5,3.6104038,,0.0,int8,deepseek-ai_DeepSeek-R1-Distill-Llama-8B
layer,6,3.6104038,,0.0,int8,deepseek-ai_DeepSeek-R1-Distill-Llama-8B
layer,7,3.6104038,,0.0,int8,deepseek-ai_DeepSeek-R1-Distill-Llama-8B
layer,8,3.6104038,,0.0,int8,deepseek-ai_DeepSeek-R1-Distill-Llama-8B
layer,9,3.6104038,,0.0,int8,deepseek-ai_DeepSeek-R1-Distill-Llama-8B
layer,10,3.6104038,,0.0,int8,deepseek-ai_DeepSeek-R1-Distill-Llama-8B
layer,11,3.6104038,,0.0,int8,deepseek-ai_DeepSeek-R1-Distill-Llama-8B
layer,12,3.6104038,,0.0,int8,deepseek-ai_DeepSeek-R1-Distill-Llama-8B
layer,13,3.6104038,,0.0,int8,deepseek-ai_DeepSeek-R1-Distill-Llama-8B
layer,14,3.6104038,,0.0,int8,deepseek-ai_DeepSeek-R1-Distill-Llama-8B
layer,15,3.6104038,,0.0,int8,deepseek-ai_DeepSeek-R1-Distill-Llama-8B
layer,16,3.6104038,,0.0,int8,deepseek-ai_DeepSeek-R1-Distill-Llama-8B
layer,17,3.6104038,,0.0,int8,deepseek-ai_DeepSeek-R1-Distill-Llama-8B
layer,18,3.6104038,,0.0,int8,deepseek-ai_DeepSeek-R1-Distill-Llama-8B
layer,19,3.6104038,,0.0,int8,deepseek-ai_DeepSeek-R1-Distill-Llama-8B
layer,20,3.6104038,,0.0,int8,deepseek-ai_DeepSeek-R1-Distill-Llama-8B
layer,21,3.6104038,,0.0,int8,deepseek-ai_DeepSeek-R1-Distill-Llama-8B
layer,22,3.6104038,,0.0,int8,deepseek-ai_DeepSeek-R1-Distill-Llama-8B
layer,23,3.6104038,,0.0,int8,deepseek-ai_DeepSeek-R1-Distill-Llama-8B
layer,24,3.6104038,,0.0,int8,deepseek-ai_DeepSeek-R1-Distill-Llama-8B
layer,25,3.6104038,,0.0,int8,deepseek-ai_DeepSeek-R1-Distill-Llama-8B
layer,26,3.6104038,,0.0,int8,deepseek-ai_DeepSeek-R1-Distill-Llama-8B
layer,27,3.6104038,,0.0,int8,deepseek-ai_DeepSeek-R1-Distill-Llama-8B
layer,28,3.6104038,,0.0,int8,deepseek-ai_DeepSeek-R1-Distill-Llama-8B
layer,29,3.6104038,,0.0,int8,deepseek-ai_DeepSeek-R1-Distill-Llama-8B
layer,30,3.6104038,,0.0,int8,deepseek-ai_DeepSeek-R1-Distill-Llama-8B
layer,31,3.6104038,,0.0,int8,deepseek-ai_DeepSeek-R1-Distill-Llama-8B
global,-1,1.7773664,0.6504184603691101,0.1130952380952381,bfloat16,deepseek-ai_DeepSeek-R1-Distill-Qwen-1.5B
layer,0,1.1773618,,0.5,bfloat16,deepseek-ai_DeepSeek-R1-Distill-Qwen-1.5B
layer,1,2.5335946,,0.0833333333333333,bfloat16,deepseek-ai_DeepSeek-R1-Distill-Qwen-1.5B
layer,2,1.5957435,,0.1666666666666666,bfloat16,deepseek-ai_DeepSeek-R1-Distill-Qwen-1.5B
layer,3,2.3578224,,0.0,bfloat16,deepseek-ai_DeepSeek-R1-Distill-Qwen-1.5B
layer,4,1.4866905,,0.0833333333333333,bfloat16,deepseek-ai_DeepSeek-R1-Distill-Qwen-1.5B
layer,5,1.6929318,,0.1666666666666666,bfloat16,deepseek-ai_DeepSeek-R1-Distill-Qwen-1.5B
layer,6,1.2995574,,0.3333333333333333,bfloat16,deepseek-ai_DeepSeek-R1-Distill-Qwen-1.5B
layer,7,2.303805,,0.0833333333333333,bfloat16,deepseek-ai_DeepSeek-R1-Distill-Qwen-1.5B
layer,8,1.5882777,,0.1666666666666666,bfloat16,deepseek-ai_DeepSeek-R1-Distill-Qwen-1.5B
layer,9,1.7693363,,0.0833333333333333,bfloat16,deepseek-ai_DeepSeek-R1-Distill-Qwen-1.5B
layer,10,1.8665577,,0.0,bfloat16,deepseek-ai_DeepSeek-R1-Distill-Qwen-1.5B
layer,11,2.099148,,0.0,bfloat16,deepseek-ai_DeepSeek-R1-Distill-Qwen-1.5B
layer,12,1.5086254,,0.1666666666666666,bfloat16,deepseek-ai_DeepSeek-R1-Distill-Qwen-1.5B
layer,13,2.1818943,,0.0833333333333333,bfloat16,deepseek-ai_DeepSeek-R1-Distill-Qwen-1.5B
layer,14,1.5168728,,0.25,bfloat16,deepseek-ai_DeepSeek-R1-Distill-Qwen-1.5B
layer,15,2.1099892,,0.0833333333333333,bfloat16,deepseek-ai_DeepSeek-R1-Distill-Qwen-1.5B
layer,16,1.9741553,,0.0,bfloat16,deepseek-ai_DeepSeek-R1-Distill-Qwen-1.5B
layer,17,2.0313597,,0.0,bfloat16,deepseek-ai_DeepSeek-R1-Distill-Qwen-1.5B
layer,18,2.2198002,,0.0,bfloat16,deepseek-ai_DeepSeek-R1-Distill-Qwen-1.5B
layer,19,1.5917987,,0.1666666666666666,bfloat16,deepseek-ai_DeepSeek-R1-Distill-Qwen-1.5B
layer,20,1.8041829,,0.0,bfloat16,deepseek-ai_DeepSeek-R1-Distill-Qwen-1.5B
layer,21,1.9179674,,0.0,bfloat16,deepseek-ai_DeepSeek-R1-Distill-Qwen-1.5B
layer,22,1.7817329,,0.0833333333333333,bfloat16,deepseek-ai_DeepSeek-R1-Distill-Qwen-1.5B
layer,23,1.0818319,,0.4166666666666667,bfloat16,deepseek-ai_DeepSeek-R1-Distill-Qwen-1.5B
layer,24,1.4061099,,0.1666666666666666,bfloat16,deepseek-ai_DeepSeek-R1-Distill-Qwen-1.5B
layer,25,1.3560805,,0.0833333333333333,bfloat16,deepseek-ai_DeepSeek-R1-Distill-Qwen-1.5B
layer,26,1.5093933,,0.0,bfloat16,deepseek-ai_DeepSeek-R1-Distill-Qwen-1.5B
layer,27,2.0036392,,0.0,bfloat16,deepseek-ai_DeepSeek-R1-Distill-Qwen-1.5B
global,-1,1.8045456,0.6445993185043335,0.1041666666666666,awq,deepseek-ai_DeepSeek-R1-Distill-Qwen-1.5B
layer,0,1.1849254,,0.5,awq,deepseek-ai_DeepSeek-R1-Distill-Qwen-1.5B
layer,1,2.5358043,,0.0833333333333333,awq,deepseek-ai_DeepSeek-R1-Distill-Qwen-1.5B
layer,2,1.5882449,,0.1666666666666666,awq,deepseek-ai_DeepSeek-R1-Distill-Qwen-1.5B
layer,3,2.4011064,,0.0,awq,deepseek-ai_DeepSeek-R1-Distill-Qwen-1.5B
layer,4,1.5111781,,0.0833333333333333,awq,deepseek-ai_DeepSeek-R1-Distill-Qwen-1.5B
layer,5,1.7112881,,0.1666666666666666,awq,deepseek-ai_DeepSeek-R1-Distill-Qwen-1.5B
layer,6,1.3003829,,0.3333333333333333,awq,deepseek-ai_DeepSeek-R1-Distill-Qwen-1.5B
layer,7,2.314265,,0.0833333333333333,awq,deepseek-ai_DeepSeek-R1-Distill-Qwen-1.5B
layer,8,1.6031672,,0.1666666666666666,awq,deepseek-ai_DeepSeek-R1-Distill-Qwen-1.5B
layer,9,1.826653,,0.0833333333333333,awq,deepseek-ai_DeepSeek-R1-Distill-Qwen-1.5B
layer,10,1.896001,,0.0,awq,deepseek-ai_DeepSeek-R1-Distill-Qwen-1.5B
layer,11,2.1113758,,0.0,awq,deepseek-ai_DeepSeek-R1-Distill-Qwen-1.5B
layer,12,1.521633,,0.1666666666666666,awq,deepseek-ai_DeepSeek-R1-Distill-Qwen-1.5B
layer,13,2.1687157,,0.0833333333333333,awq,deepseek-ai_DeepSeek-R1-Distill-Qwen-1.5B
layer,14,1.556764,,0.1666666666666666,awq,deepseek-ai_DeepSeek-R1-Distill-Qwen-1.5B
layer,15,2.079519,,0.0833333333333333,awq,deepseek-ai_DeepSeek-R1-Distill-Qwen-1.5B
layer,16,2.0210755,,0.0,awq,deepseek-ai_DeepSeek-R1-Distill-Qwen-1.5B
layer,17,2.0456002,,0.0,awq,deepseek-ai_DeepSeek-R1-Distill-Qwen-1.5B
layer,18,2.2366416,,0.0833333333333333,awq,deepseek-ai_DeepSeek-R1-Distill-Qwen-1.5B
layer,19,1.6439215,,0.1666666666666666,awq,deepseek-ai_DeepSeek-R1-Distill-Qwen-1.5B
layer,20,1.7998098,,0.0,awq,deepseek-ai_DeepSeek-R1-Distill-Qwen-1.5B
layer,21,2.012196,,0.0,awq,deepseek-ai_DeepSeek-R1-Distill-Qwen-1.5B
layer,22,1.7901835,,0.0833333333333333,awq,deepseek-ai_DeepSeek-R1-Distill-Qwen-1.5B
layer,23,1.127773,,0.3333333333333333,awq,deepseek-ai_DeepSeek-R1-Distill-Qwen-1.5B
layer,24,1.424571,,0.0833333333333333,awq,deepseek-ai_DeepSeek-R1-Distill-Qwen-1.5B
layer,25,1.4114686,,0.0,awq,deepseek-ai_DeepSeek-R1-Distill-Qwen-1.5B
layer,26,1.574967,,0.0,awq,deepseek-ai_DeepSeek-R1-Distill-Qwen-1.5B
layer,27,2.1280453,,0.0,awq,deepseek-ai_DeepSeek-R1-Distill-Qwen-1.5B
global,-1,1.7825866,0.6583637595176697,0.119047619047619,hqq,deepseek-ai_DeepSeek-R1-Distill-Qwen-1.5B
layer,0,1.1828698,,0.5,hqq,deepseek-ai_DeepSeek-R1-Distill-Qwen-1.5B
layer,1,2.5327733,,0.0833333333333333,hqq,deepseek-ai_DeepSeek-R1-Distill-Qwen-1.5B
layer,2,1.573219,,0.1666666666666666,hqq,deepseek-ai_DeepSeek-R1-Distill-Qwen-1.5B
layer,3,2.3590305,,0.0,hqq,deepseek-ai_DeepSeek-R1-Distill-Qwen-1.5B
layer,4,1.5179152,,0.0833333333333333,hqq,deepseek-ai_DeepSeek-R1-Distill-Qwen-1.5B
layer,5,1.7275048,,0.1666666666666666,hqq,deepseek-ai_DeepSeek-R1-Distill-Qwen-1.5B
layer,6,1.3023764,,0.3333333333333333,hqq,deepseek-ai_DeepSeek-R1-Distill-Qwen-1.5B
layer,7,2.3251607,,0.0833333333333333,hqq,deepseek-ai_DeepSeek-R1-Distill-Qwen-1.5B
layer,8,1.6370381,,0.1666666666666666,hqq,deepseek-ai_DeepSeek-R1-Distill-Qwen-1.5B
layer,9,1.8131403,,0.0833333333333333,hqq,deepseek-ai_DeepSeek-R1-Distill-Qwen-1.5B
layer,10,1.9268517,,0.0,hqq,deepseek-ai_DeepSeek-R1-Distill-Qwen-1.5B
layer,11,2.1070395,,0.0,hqq,deepseek-ai_DeepSeek-R1-Distill-Qwen-1.5B
layer,12,1.549342,,0.1666666666666666,hqq,deepseek-ai_DeepSeek-R1-Distill-Qwen-1.5B
layer,13,2.2032566,,0.0833333333333333,hqq,deepseek-ai_DeepSeek-R1-Distill-Qwen-1.5B
layer,14,1.5315413,,0.1666666666666666,hqq,deepseek-ai_DeepSeek-R1-Distill-Qwen-1.5B
layer,15,2.125116,,0.0833333333333333,hqq,deepseek-ai_DeepSeek-R1-Distill-Qwen-1.5B
layer,16,1.9427623,,0.0,hqq,deepseek-ai_DeepSeek-R1-Distill-Qwen-1.5B
layer,17,2.0662673,,0.0,hqq,deepseek-ai_DeepSeek-R1-Distill-Qwen-1.5B
layer,18,2.2129555,,0.0833333333333333,hqq,deepseek-ai_DeepSeek-R1-Distill-Qwen-1.5B
layer,19,1.5939765,,0.1666666666666666,hqq,deepseek-ai_DeepSeek-R1-Distill-Qwen-1.5B
layer,20,1.8533007,,0.0,hqq,deepseek-ai_DeepSeek-R1-Distill-Qwen-1.5B
layer,21,2.0579255,,0.0,hqq,deepseek-ai_DeepSeek-R1-Distill-Qwen-1.5B
layer,22,1.7964368,,0.0833333333333333,hqq,deepseek-ai_DeepSeek-R1-Distill-Qwen-1.5B
layer,23,1.0715554,,0.4166666666666667,hqq,deepseek-ai_DeepSeek-R1-Distill-Qwen-1.5B
layer,24,1.294297,,0.25,hqq,deepseek-ai_DeepSeek-R1-Distill-Qwen-1.5B
layer,25,1.2509327,,0.1666666666666666,hqq,deepseek-ai_DeepSeek-R1-Distill-Qwen-1.5B
layer,26,1.4500092,,0.0,hqq,deepseek-ai_DeepSeek-R1-Distill-Qwen-1.5B
layer,27,1.9078289,,0.0,hqq,deepseek-ai_DeepSeek-R1-Distill-Qwen-1.5B
global,-1,1.7805665,0.6511402726173401,0.1071428571428571,fp8,deepseek-ai_DeepSeek-R1-Distill-Qwen-1.5B
layer,0,1.177828,,0.5,fp8,deepseek-ai_DeepSeek-R1-Distill-Qwen-1.5B
layer,1,2.5357935,,0.0833333333333333,fp8,deepseek-ai_DeepSeek-R1-Distill-Qwen-1.5B
layer,2,1.605337,,0.1666666666666666,fp8,deepseek-ai_DeepSeek-R1-Distill-Qwen-1.5B
layer,3,2.3725593,,0.0,fp8,deepseek-ai_DeepSeek-R1-Distill-Qwen-1.5B
layer,4,1.4932294,,0.0833333333333333,fp8,deepseek-ai_DeepSeek-R1-Distill-Qwen-1.5B
layer,5,1.6977779,,0.1666666666666666,fp8,deepseek-ai_DeepSeek-R1-Distill-Qwen-1.5B
layer,6,1.3161651,,0.3333333333333333,fp8,deepseek-ai_DeepSeek-R1-Distill-Qwen-1.5B
layer,7,2.302944,,0.0833333333333333,fp8,deepseek-ai_DeepSeek-R1-Distill-Qwen-1.5B
layer,8,1.6071631,,0.1666666666666666,fp8,deepseek-ai_DeepSeek-R1-Distill-Qwen-1.5B
layer,9,1.7654314,,0.0833333333333333,fp8,deepseek-ai_DeepSeek-R1-Distill-Qwen-1.5B
layer,10,1.8805143,,0.0,fp8,deepseek-ai_DeepSeek-R1-Distill-Qwen-1.5B
layer,11,2.0833156,,0.0,fp8,deepseek-ai_DeepSeek-R1-Distill-Qwen-1.5B
layer,12,1.4929379,,0.1666666666666666,fp8,deepseek-ai_DeepSeek-R1-Distill-Qwen-1.5B
layer,13,2.1901462,,0.0833333333333333,fp8,deepseek-ai_DeepSeek-R1-Distill-Qwen-1.5B
layer,14,1.5436741,,0.1666666666666666,fp8,deepseek-ai_DeepSeek-R1-Distill-Qwen-1.5B
layer,15,2.1099968,,0.0833333333333333,fp8,deepseek-ai_DeepSeek-R1-Distill-Qwen-1.5B
layer,16,1.933979,,0.0,fp8,deepseek-ai_DeepSeek-R1-Distill-Qwen-1.5B
layer,17,2.021361,,0.0,fp8,deepseek-ai_DeepSeek-R1-Distill-Qwen-1.5B
layer,18,2.2154152,,0.0,fp8,deepseek-ai_DeepSeek-R1-Distill-Qwen-1.5B
layer,19,1.6006218,,0.1666666666666666,fp8,deepseek-ai_DeepSeek-R1-Distill-Qwen-1.5B
layer,20,1.8298715,,0.0,fp8,deepseek-ai_DeepSeek-R1-Distill-Qwen-1.5B
layer,21,1.9484234,,0.0,fp8,deepseek-ai_DeepSeek-R1-Distill-Qwen-1.5B
layer,22,1.7733055,,0.0833333333333333,fp8,deepseek-ai_DeepSeek-R1-Distill-Qwen-1.5B
layer,23,1.0748609,,0.4166666666666667,fp8,deepseek-ai_DeepSeek-R1-Distill-Qwen-1.5B
layer,24,1.3965131,,0.1666666666666666,fp8,deepseek-ai_DeepSeek-R1-Distill-Qwen-1.5B
layer,25,1.4026839,,0.0,fp8,deepseek-ai_DeepSeek-R1-Distill-Qwen-1.5B
layer,26,1.4638864,,0.0,fp8,deepseek-ai_DeepSeek-R1-Distill-Qwen-1.5B
layer,27,2.0201223,,0.0,fp8,deepseek-ai_DeepSeek-R1-Distill-Qwen-1.5B
global,-1,1.7772137,0.6504371166229248,0.1130952380952381,float16,deepseek-ai_DeepSeek-R1-Distill-Qwen-1.5B
layer,0,1.1773618,,0.5,float16,deepseek-ai_DeepSeek-R1-Distill-Qwen-1.5B
layer,1,2.5335944,,0.0833333333333333,float16,deepseek-ai_DeepSeek-R1-Distill-Qwen-1.5B
layer,2,1.5957257,,0.1666666666666666,float16,deepseek-ai_DeepSeek-R1-Distill-Qwen-1.5B
layer,3,2.3578358,,0.0,float16,deepseek-ai_DeepSeek-R1-Distill-Qwen-1.5B
layer,4,1.4867896,,0.0833333333333333,float16,deepseek-ai_DeepSeek-R1-Distill-Qwen-1.5B
layer,5,1.6928449,,0.1666666666666666,float16,deepseek-ai_DeepSeek-R1-Distill-Qwen-1.5B
layer,6,1.2995346,,0.3333333333333333,float16,deepseek-ai_DeepSeek-R1-Distill-Qwen-1.5B
layer,7,2.303764,,0.0833333333333333,float16,deepseek-ai_DeepSeek-R1-Distill-Qwen-1.5B
layer,8,1.5882114,,0.1666666666666666,float16,deepseek-ai_DeepSeek-R1-Distill-Qwen-1.5B
layer,9,1.7692174,,0.0833333333333333,float16,deepseek-ai_DeepSeek-R1-Distill-Qwen-1.5B
layer,10,1.8663602,,0.0,float16,deepseek-ai_DeepSeek-R1-Distill-Qwen-1.5B
layer,11,2.099287,,0.0,float16,deepseek-ai_DeepSeek-R1-Distill-Qwen-1.5B
layer,12,1.508861,,0.1666666666666666,float16,deepseek-ai_DeepSeek-R1-Distill-Qwen-1.5B
layer,13,2.1817005,,0.0833333333333333,float16,deepseek-ai_DeepSeek-R1-Distill-Qwen-1.5B
layer,14,1.5164636,,0.25,float16,deepseek-ai_DeepSeek-R1-Distill-Qwen-1.5B
layer,15,2.1096022,,0.0833333333333333,float16,deepseek-ai_DeepSeek-R1-Distill-Qwen-1.5B
layer,16,1.9742904,,0.0,float16,deepseek-ai_DeepSeek-R1-Distill-Qwen-1.5B
layer,17,2.031179,,0.0,float16,deepseek-ai_DeepSeek-R1-Distill-Qwen-1.5B
layer,18,2.2198074,,0.0,float16,deepseek-ai_DeepSeek-R1-Distill-Qwen-1.5B
layer,19,1.5913104,,0.1666666666666666,float16,deepseek-ai_DeepSeek-R1-Distill-Qwen-1.5B
layer,20,1.803166,,0.0,float16,deepseek-ai_DeepSeek-R1-Distill-Qwen-1.5B
layer,21,1.9178834,,0.0,float16,deepseek-ai_DeepSeek-R1-Distill-Qwen-1.5B
layer,22,1.7809943,,0.0833333333333333,float16,deepseek-ai_DeepSeek-R1-Distill-Qwen-1.5B
layer,23,1.0818418,,0.4166666666666667,float16,deepseek-ai_DeepSeek-R1-Distill-Qwen-1.5B
layer,24,1.4057021,,0.1666666666666666,float16,deepseek-ai_DeepSeek-R1-Distill-Qwen-1.5B
layer,25,1.3558893,,0.0833333333333333,float16,deepseek-ai_DeepSeek-R1-Distill-Qwen-1.5B
layer,26,1.5090309,,0.0,float16,deepseek-ai_DeepSeek-R1-Distill-Qwen-1.5B
layer,27,2.0037355,,0.0,float16,deepseek-ai_DeepSeek-R1-Distill-Qwen-1.5B
global,-1,1.6965138,0.5026475191116333,0.04375,bfloat16,deepseek-ai_DeepSeek-R1-Distill-Qwen-14B
layer,0,1.8695065,,0.125,bfloat16,deepseek-ai_DeepSeek-R1-Distill-Qwen-14B
layer,1,2.490069,,0.05,bfloat16,deepseek-ai_DeepSeek-R1-Distill-Qwen-14B
layer,2,2.4704454,,0.05,bfloat16,deepseek-ai_DeepSeek-R1-Distill-Qwen-14B
layer,3,2.6997535,,0.0,bfloat16,deepseek-ai_DeepSeek-R1-Distill-Qwen-14B
layer,4,2.6853166,,0.0,bfloat16,deepseek-ai_DeepSeek-R1-Distill-Qwen-14B
layer,5,1.2691939,,0.05,bfloat16,deepseek-ai_DeepSeek-R1-Distill-Qwen-14B
layer,6,1.3482559,,0.1,bfloat16,deepseek-ai_DeepSeek-R1-Distill-Qwen-14B
layer,7,1.2568533,,0.15,bfloat16,deepseek-ai_DeepSeek-R1-Distill-Qwen-14B
layer,8,1.2526166,,0.25,bfloat16,deepseek-ai_DeepSeek-R1-Distill-Qwen-14B
layer,9,1.3963015,,0.1,bfloat16,deepseek-ai_DeepSeek-R1-Distill-Qwen-14B
layer,10,1.37938,,0.025,bfloat16,deepseek-ai_DeepSeek-R1-Distill-Qwen-14B
layer,11,1.3447493,,0.025,bfloat16,deepseek-ai_DeepSeek-R1-Distill-Qwen-14B
layer,12,1.3944525,,0.1,bfloat16,deepseek-ai_DeepSeek-R1-Distill-Qwen-14B
layer,13,1.4119698,,0.125,bfloat16,deepseek-ai_DeepSeek-R1-Distill-Qwen-14B
layer,14,1.4814694,,0.025,bfloat16,deepseek-ai_DeepSeek-R1-Distill-Qwen-14B
layer,15,1.5847977,,0.0,bfloat16,deepseek-ai_DeepSeek-R1-Distill-Qwen-14B
layer,16,1.6784719,,0.025,bfloat16,deepseek-ai_DeepSeek-R1-Distill-Qwen-14B
layer,17,1.649011,,0.075,bfloat16,deepseek-ai_DeepSeek-R1-Distill-Qwen-14B
layer,18,1.5716708,,0.1,bfloat16,deepseek-ai_DeepSeek-R1-Distill-Qwen-14B
layer,19,1.6435578,,0.075,bfloat16,deepseek-ai_DeepSeek-R1-Distill-Qwen-14B
layer,20,1.6303074,,0.05,bfloat16,deepseek-ai_DeepSeek-R1-Distill-Qwen-14B
layer,21,1.908926,,0.0,bfloat16,deepseek-ai_DeepSeek-R1-Distill-Qwen-14B
layer,22,1.8068626,,0.0,bfloat16,deepseek-ai_DeepSeek-R1-Distill-Qwen-14B
layer,23,1.8882599,,0.0,bfloat16,deepseek-ai_DeepSeek-R1-Distill-Qwen-14B
layer,24,1.825647,,0.0,bfloat16,deepseek-ai_DeepSeek-R1-Distill-Qwen-14B
layer,25,1.5863619,,0.1,bfloat16,deepseek-ai_DeepSeek-R1-Distill-Qwen-14B
layer,26,2.0343926,,0.0,bfloat16,deepseek-ai_DeepSeek-R1-Distill-Qwen-14B
layer,27,1.9022528,,0.025,bfloat16,deepseek-ai_DeepSeek-R1-Distill-Qwen-14B
layer,28,2.0410302,,0.025,bfloat16,deepseek-ai_DeepSeek-R1-Distill-Qwen-14B
layer,29,1.7693117,,0.025,bfloat16,deepseek-ai_DeepSeek-R1-Distill-Qwen-14B
layer,30,1.7543955,,0.0,bfloat16,deepseek-ai_DeepSeek-R1-Distill-Qwen-14B
layer,31,1.8879894,,0.0,bfloat16,deepseek-ai_DeepSeek-R1-Distill-Qwen-14B
layer,32,1.7271564,,0.0,bfloat16,deepseek-ai_DeepSeek-R1-Distill-Qwen-14B
layer,33,1.7443666,,0.0,bfloat16,deepseek-ai_DeepSeek-R1-Distill-Qwen-14B
layer,34,1.7555397,,0.0,bfloat16,deepseek-ai_DeepSeek-R1-Distill-Qwen-14B
layer,35,1.760915,,0.0,bfloat16,deepseek-ai_DeepSeek-R1-Distill-Qwen-14B
layer,36,1.5251567,,0.1,bfloat16,deepseek-ai_DeepSeek-R1-Distill-Qwen-14B
layer,37,1.3739147,,0.05,bfloat16,deepseek-ai_DeepSeek-R1-Distill-Qwen-14B
layer,38,1.3733034,,0.0,bfloat16,deepseek-ai_DeepSeek-R1-Distill-Qwen-14B
layer,39,1.4126786,,0.0,bfloat16,deepseek-ai_DeepSeek-R1-Distill-Qwen-14B
layer,40,1.4396346,,0.0,bfloat16,deepseek-ai_DeepSeek-R1-Distill-Qwen-14B
layer,41,1.3745167,,0.05,bfloat16,deepseek-ai_DeepSeek-R1-Distill-Qwen-14B
layer,42,1.4106886,,0.025,bfloat16,deepseek-ai_DeepSeek-R1-Distill-Qwen-14B
layer,43,1.3701118,,0.125,bfloat16,deepseek-ai_DeepSeek-R1-Distill-Qwen-14B
layer,44,1.6339557,,0.0,bfloat16,deepseek-ai_DeepSeek-R1-Distill-Qwen-14B
layer,45,1.6209275,,0.0,bfloat16,deepseek-ai_DeepSeek-R1-Distill-Qwen-14B
layer,46,1.702972,,0.075,bfloat16,deepseek-ai_DeepSeek-R1-Distill-Qwen-14B
layer,47,2.293239,,0.0,bfloat16,deepseek-ai_DeepSeek-R1-Distill-Qwen-14B
global,-1,1.6846602,0.5059971809387207,0.0432291666666666,awq,deepseek-ai_DeepSeek-R1-Distill-Qwen-14B
layer,0,1.8703121,,0.125,awq,deepseek-ai_DeepSeek-R1-Distill-Qwen-14B
layer,1,2.5004275,,0.05,awq,deepseek-ai_DeepSeek-R1-Distill-Qwen-14B
layer,2,2.4763985,,0.05,awq,deepseek-ai_DeepSeek-R1-Distill-Qwen-14B
layer,3,2.706019,,0.0,awq,deepseek-ai_DeepSeek-R1-Distill-Qwen-14B
layer,4,2.6899903,,0.0,awq,deepseek-ai_DeepSeek-R1-Distill-Qwen-14B
layer,5,1.2771995,,0.05,awq,deepseek-ai_DeepSeek-R1-Distill-Qwen-14B
layer,6,1.3448908,,0.1,awq,deepseek-ai_DeepSeek-R1-Distill-Qwen-14B
layer,7,1.2560394,,0.125,awq,deepseek-ai_DeepSeek-R1-Distill-Qwen-14B
layer,8,1.2507609,,0.225,awq,deepseek-ai_DeepSeek-R1-Distill-Qwen-14B
layer,9,1.3977439,,0.1,awq,deepseek-ai_DeepSeek-R1-Distill-Qwen-14B
layer,10,1.3767722,,0.05,awq,deepseek-ai_DeepSeek-R1-Distill-Qwen-14B
layer,11,1.3454548,,0.025,awq,deepseek-ai_DeepSeek-R1-Distill-Qwen-14B
layer,12,1.4000294,,0.1,awq,deepseek-ai_DeepSeek-R1-Distill-Qwen-14B
layer,13,1.4181668,,0.1,awq,deepseek-ai_DeepSeek-R1-Distill-Qwen-14B
layer,14,1.4811729,,0.025,awq,deepseek-ai_DeepSeek-R1-Distill-Qwen-14B
layer,15,1.5952936,,0.0,awq,deepseek-ai_DeepSeek-R1-Distill-Qwen-14B
layer,16,1.68184,,0.025,awq,deepseek-ai_DeepSeek-R1-Distill-Qwen-14B
layer,17,1.6566327,,0.05,awq,deepseek-ai_DeepSeek-R1-Distill-Qwen-14B
layer,18,1.5781945,,0.1,awq,deepseek-ai_DeepSeek-R1-Distill-Qwen-14B
layer,19,1.6512781,,0.075,awq,deepseek-ai_DeepSeek-R1-Distill-Qwen-14B
layer,20,1.6346947,,0.05,awq,deepseek-ai_DeepSeek-R1-Distill-Qwen-14B
layer,21,1.9068743,,0.0,awq,deepseek-ai_DeepSeek-R1-Distill-Qwen-14B
layer,22,1.8097321,,0.0,awq,deepseek-ai_DeepSeek-R1-Distill-Qwen-14B
layer,23,1.8805034,,0.0,awq,deepseek-ai_DeepSeek-R1-Distill-Qwen-14B
layer,24,1.8368915,,0.0,awq,deepseek-ai_DeepSeek-R1-Distill-Qwen-14B
layer,25,1.6078002,,0.1,awq,deepseek-ai_DeepSeek-R1-Distill-Qwen-14B
layer,26,2.0130973,,0.0,awq,deepseek-ai_DeepSeek-R1-Distill-Qwen-14B
layer,27,1.9058679,,0.025,awq,deepseek-ai_DeepSeek-R1-Distill-Qwen-14B
layer,28,2.0481648,,0.025,awq,deepseek-ai_DeepSeek-R1-Distill-Qwen-14B
layer,29,1.7717934,,0.025,awq,deepseek-ai_DeepSeek-R1-Distill-Qwen-14B
layer,30,1.7644567,,0.0,awq,deepseek-ai_DeepSeek-R1-Distill-Qwen-14B
layer,31,1.8741795,,0.0,awq,deepseek-ai_DeepSeek-R1-Distill-Qwen-14B
layer,32,1.703886,,0.0,awq,deepseek-ai_DeepSeek-R1-Distill-Qwen-14B
layer,33,1.7137665,,0.0,awq,deepseek-ai_DeepSeek-R1-Distill-Qwen-14B
layer,34,1.7237793,,0.0,awq,deepseek-ai_DeepSeek-R1-Distill-Qwen-14B
layer,35,1.7269399,,0.0,awq,deepseek-ai_DeepSeek-R1-Distill-Qwen-14B
layer,36,1.5058861,,0.1,awq,deepseek-ai_DeepSeek-R1-Distill-Qwen-14B
layer,37,1.3365742,,0.05,awq,deepseek-ai_DeepSeek-R1-Distill-Qwen-14B
layer,38,1.3395711,,0.025,awq,deepseek-ai_DeepSeek-R1-Distill-Qwen-14B
layer,39,1.3631696,,0.0,awq,deepseek-ai_DeepSeek-R1-Distill-Qwen-14B
layer,40,1.391118,,0.0,awq,deepseek-ai_DeepSeek-R1-Distill-Qwen-14B
layer,41,1.3248173,,0.05,awq,deepseek-ai_DeepSeek-R1-Distill-Qwen-14B
layer,42,1.3472478,,0.05,awq,deepseek-ai_DeepSeek-R1-Distill-Qwen-14B
layer,43,1.3244051,,0.125,awq,deepseek-ai_DeepSeek-R1-Distill-Qwen-14B
layer,44,1.5799799,,0.0,awq,deepseek-ai_DeepSeek-R1-Distill-Qwen-14B
layer,45,1.5683168,,0.0,awq,deepseek-ai_DeepSeek-R1-Distill-Qwen-14B
layer,46,1.6486933,,0.075,awq,deepseek-ai_DeepSeek-R1-Distill-Qwen-14B
layer,47,2.256869,,0.0,awq,deepseek-ai_DeepSeek-R1-Distill-Qwen-14B
global,-1,1.6895212,0.5062510371208191,0.04375,hqq,deepseek-ai_DeepSeek-R1-Distill-Qwen-14B
layer,0,1.8703392,,0.125,hqq,deepseek-ai_DeepSeek-R1-Distill-Qwen-14B
layer,1,2.494032,,0.05,hqq,deepseek-ai_DeepSeek-R1-Distill-Qwen-14B
layer,2,2.4737344,,0.05,hqq,deepseek-ai_DeepSeek-R1-Distill-Qwen-14B
layer,3,2.7124164,,0.0,hqq,deepseek-ai_DeepSeek-R1-Distill-Qwen-14B
layer,4,2.6998878,,0.0,hqq,deepseek-ai_DeepSeek-R1-Distill-Qwen-14B
layer,5,1.3019671,,0.05,hqq,deepseek-ai_DeepSeek-R1-Distill-Qwen-14B
layer,6,1.347303,,0.1,hqq,deepseek-ai_DeepSeek-R1-Distill-Qwen-14B
layer,7,1.24072,,0.175,hqq,deepseek-ai_DeepSeek-R1-Distill-Qwen-14B
layer,8,1.235945,,0.25,hqq,deepseek-ai_DeepSeek-R1-Distill-Qwen-14B
layer,9,1.3701595,,0.1,hqq,deepseek-ai_DeepSeek-R1-Distill-Qwen-14B
layer,10,1.3778214,,0.025,hqq,deepseek-ai_DeepSeek-R1-Distill-Qwen-14B
layer,11,1.3399264,,0.025,hqq,deepseek-ai_DeepSeek-R1-Distill-Qwen-14B
layer,12,1.3868688,,0.1,hqq,deepseek-ai_DeepSeek-R1-Distill-Qwen-14B
layer,13,1.4094489,,0.125,hqq,deepseek-ai_DeepSeek-R1-Distill-Qwen-14B
layer,14,1.4791031,,0.025,hqq,deepseek-ai_DeepSeek-R1-Distill-Qwen-14B
layer,15,1.5814524,,0.0,hqq,deepseek-ai_DeepSeek-R1-Distill-Qwen-14B
layer,16,1.6620941,,0.025,hqq,deepseek-ai_DeepSeek-R1-Distill-Qwen-14B
layer,17,1.6356976,,0.05,hqq,deepseek-ai_DeepSeek-R1-Distill-Qwen-14B
layer,18,1.5650313,,0.1,hqq,deepseek-ai_DeepSeek-R1-Distill-Qwen-14B
layer,19,1.6471784,,0.075,hqq,deepseek-ai_DeepSeek-R1-Distill-Qwen-14B
layer,20,1.6446327,,0.05,hqq,deepseek-ai_DeepSeek-R1-Distill-Qwen-14B
layer,21,1.9317261,,0.0,hqq,deepseek-ai_DeepSeek-R1-Distill-Qwen-14B
layer,22,1.7966354,,0.0,hqq,deepseek-ai_DeepSeek-R1-Distill-Qwen-14B
layer,23,1.8965762,,0.0,hqq,deepseek-ai_DeepSeek-R1-Distill-Qwen-14B
layer,24,1.8010519,,0.0,hqq,deepseek-ai_DeepSeek-R1-Distill-Qwen-14B
layer,25,1.6018419,,0.1,hqq,deepseek-ai_DeepSeek-R1-Distill-Qwen-14B
layer,26,2.0317721,,0.0,hqq,deepseek-ai_DeepSeek-R1-Distill-Qwen-14B
layer,27,1.9211594,,0.025,hqq,deepseek-ai_DeepSeek-R1-Distill-Qwen-14B
layer,28,2.0458097,,0.025,hqq,deepseek-ai_DeepSeek-R1-Distill-Qwen-14B
layer,29,1.7821417,,0.025,hqq,deepseek-ai_DeepSeek-R1-Distill-Qwen-14B
layer,30,1.7317938,,0.0,hqq,deepseek-ai_DeepSeek-R1-Distill-Qwen-14B
layer,31,1.9019327,,0.0,hqq,deepseek-ai_DeepSeek-R1-Distill-Qwen-14B
layer,32,1.7252954,,0.0,hqq,deepseek-ai_DeepSeek-R1-Distill-Qwen-14B
layer,33,1.7533939,,0.0,hqq,deepseek-ai_DeepSeek-R1-Distill-Qwen-14B
layer,34,1.7506062,,0.0,hqq,deepseek-ai_DeepSeek-R1-Distill-Qwen-14B
layer,35,1.7276512,,0.0,hqq,deepseek-ai_DeepSeek-R1-Distill-Qwen-14B
layer,36,1.5105965,,0.1,hqq,deepseek-ai_DeepSeek-R1-Distill-Qwen-14B
layer,37,1.3641524,,0.05,hqq,deepseek-ai_DeepSeek-R1-Distill-Qwen-14B
layer,38,1.3397636,,0.025,hqq,deepseek-ai_DeepSeek-R1-Distill-Qwen-14B
layer,39,1.3778588,,0.0,hqq,deepseek-ai_DeepSeek-R1-Distill-Qwen-14B
layer,40,1.4048836,,0.0,hqq,deepseek-ai_DeepSeek-R1-Distill-Qwen-14B
layer,41,1.3376102,,0.05,hqq,deepseek-ai_DeepSeek-R1-Distill-Qwen-14B
layer,42,1.3595338,,0.025,hqq,deepseek-ai_DeepSeek-R1-Distill-Qwen-14B
layer,43,1.3594433,,0.1,hqq,deepseek-ai_DeepSeek-R1-Distill-Qwen-14B
layer,44,1.6197052,,0.0,hqq,deepseek-ai_DeepSeek-R1-Distill-Qwen-14B
layer,45,1.615216,,0.0,hqq,deepseek-ai_DeepSeek-R1-Distill-Qwen-14B
layer,46,1.6675577,,0.075,hqq,deepseek-ai_DeepSeek-R1-Distill-Qwen-14B
layer,47,2.2655501,,0.0,hqq,deepseek-ai_DeepSeek-R1-Distill-Qwen-14B
global,-1,1.694931,0.5033826231956482,0.04375,fp8,deepseek-ai_DeepSeek-R1-Distill-Qwen-14B
layer,0,1.8699814,,0.125,fp8,deepseek-ai_DeepSeek-R1-Distill-Qwen-14B
layer,1,2.4896271,,0.05,fp8,deepseek-ai_DeepSeek-R1-Distill-Qwen-14B
layer,2,2.4710228,,0.05,fp8,deepseek-ai_DeepSeek-R1-Distill-Qwen-14B
layer,3,2.700806,,0.0,fp8,deepseek-ai_DeepSeek-R1-Distill-Qwen-14B
layer,4,2.6852474,,0.0,fp8,deepseek-ai_DeepSeek-R1-Distill-Qwen-14B
layer,5,1.2699019,,0.05,fp8,deepseek-ai_DeepSeek-R1-Distill-Qwen-14B
layer,6,1.3458235,,0.1,fp8,deepseek-ai_DeepSeek-R1-Distill-Qwen-14B
layer,7,1.25368,,0.15,fp8,deepseek-ai_DeepSeek-R1-Distill-Qwen-14B
layer,8,1.2502435,,0.25,fp8,deepseek-ai_DeepSeek-R1-Distill-Qwen-14B
layer,9,1.4024218,,0.1,fp8,deepseek-ai_DeepSeek-R1-Distill-Qwen-14B
layer,10,1.3717293,,0.05,fp8,deepseek-ai_DeepSeek-R1-Distill-Qwen-14B
layer,11,1.3497431,,0.025,fp8,deepseek-ai_DeepSeek-R1-Distill-Qwen-14B
layer,12,1.3904374,,0.1,fp8,deepseek-ai_DeepSeek-R1-Distill-Qwen-14B
layer,13,1.4201939,,0.125,fp8,deepseek-ai_DeepSeek-R1-Distill-Qwen-14B
layer,14,1.493758,,0.025,fp8,deepseek-ai_DeepSeek-R1-Distill-Qwen-14B
layer,15,1.5823752,,0.0,fp8,deepseek-ai_DeepSeek-R1-Distill-Qwen-14B
layer,16,1.6762594,,0.025,fp8,deepseek-ai_DeepSeek-R1-Distill-Qwen-14B
layer,17,1.6443031,,0.05,fp8,deepseek-ai_DeepSeek-R1-Distill-Qwen-14B
layer,18,1.5827888,,0.1,fp8,deepseek-ai_DeepSeek-R1-Distill-Qwen-14B
layer,19,1.6369812,,0.075,fp8,deepseek-ai_DeepSeek-R1-Distill-Qwen-14B
layer,20,1.626997,,0.05,fp8,deepseek-ai_DeepSeek-R1-Distill-Qwen-14B
layer,21,1.9174321,,0.0,fp8,deepseek-ai_DeepSeek-R1-Distill-Qwen-14B
layer,22,1.8028576,,0.0,fp8,deepseek-ai_DeepSeek-R1-Distill-Qwen-14B
layer,23,1.8845476,,0.0,fp8,deepseek-ai_DeepSeek-R1-Distill-Qwen-14B
layer,24,1.8174328,,0.0,fp8,deepseek-ai_DeepSeek-R1-Distill-Qwen-14B
layer,25,1.5800369,,0.1,fp8,deepseek-ai_DeepSeek-R1-Distill-Qwen-14B
layer,26,2.0315852,,0.0,fp8,deepseek-ai_DeepSeek-R1-Distill-Qwen-14B
layer,27,1.8958212,,0.025,fp8,deepseek-ai_DeepSeek-R1-Distill-Qwen-14B
layer,28,2.0269563,,0.025,fp8,deepseek-ai_DeepSeek-R1-Distill-Qwen-14B
layer,29,1.7649248,,0.025,fp8,deepseek-ai_DeepSeek-R1-Distill-Qwen-14B
layer,30,1.7517163,,0.0,fp8,deepseek-ai_DeepSeek-R1-Distill-Qwen-14B
layer,31,1.8829559,,0.0,fp8,deepseek-ai_DeepSeek-R1-Distill-Qwen-14B
layer,32,1.7254566,,0.0,fp8,deepseek-ai_DeepSeek-R1-Distill-Qwen-14B
layer,33,1.7493938,,0.0,fp8,deepseek-ai_DeepSeek-R1-Distill-Qwen-14B
layer,34,1.7611691,,0.0,fp8,deepseek-ai_DeepSeek-R1-Distill-Qwen-14B
layer,35,1.765295,,0.0,fp8,deepseek-ai_DeepSeek-R1-Distill-Qwen-14B
layer,36,1.523531,,0.1,fp8,deepseek-ai_DeepSeek-R1-Distill-Qwen-14B
layer,37,1.3815731,,0.05,fp8,deepseek-ai_DeepSeek-R1-Distill-Qwen-14B
layer,38,1.3675911,,0.0,fp8,deepseek-ai_DeepSeek-R1-Distill-Qwen-14B
layer,39,1.400841,,0.0,fp8,deepseek-ai_DeepSeek-R1-Distill-Qwen-14B
layer,40,1.4350086,,0.0,fp8,deepseek-ai_DeepSeek-R1-Distill-Qwen-14B
layer,41,1.363919,,0.05,fp8,deepseek-ai_DeepSeek-R1-Distill-Qwen-14B
layer,42,1.40192,,0.025,fp8,deepseek-ai_DeepSeek-R1-Distill-Qwen-14B
layer,43,1.373654,,0.125,fp8,deepseek-ai_DeepSeek-R1-Distill-Qwen-14B
layer,44,1.6203086,,0.0,fp8,deepseek-ai_DeepSeek-R1-Distill-Qwen-14B
layer,45,1.6156406,,0.0,fp8,deepseek-ai_DeepSeek-R1-Distill-Qwen-14B
layer,46,1.7085311,,0.075,fp8,deepseek-ai_DeepSeek-R1-Distill-Qwen-14B
layer,47,2.2922668,,0.0,fp8,deepseek-ai_DeepSeek-R1-Distill-Qwen-14B
global,-1,0.004372211,0.1169923245906829,0.9989583333333332,int4,deepseek-ai_DeepSeek-R1-Distill-Qwen-14B
layer,0,7.2476686e-10,,1.0,int4,deepseek-ai_DeepSeek-R1-Distill-Qwen-14B
layer,1,2.1765905e-05,,1.0,int4,deepseek-ai_DeepSeek-R1-Distill-Qwen-14B
layer,2,1.2742875e-05,,1.0,int4,deepseek-ai_DeepSeek-R1-Distill-Qwen-14B
layer,3,1.4327543e-06,,1.0,int4,deepseek-ai_DeepSeek-R1-Distill-Qwen-14B
layer,4,5.2385632e-05,,1.0,int4,deepseek-ai_DeepSeek-R1-Distill-Qwen-14B
layer,5,0.0915384,,0.975,int4,deepseek-ai_DeepSeek-R1-Distill-Qwen-14B
layer,6,0.0034327738,,1.0,int4,deepseek-ai_DeepSeek-R1-Distill-Qwen-14B
layer,7,0.0009233945,,1.0,int4,deepseek-ai_DeepSeek-R1-Distill-Qwen-14B
layer,8,0.0008897685,,1.0,int4,deepseek-ai_DeepSeek-R1-Distill-Qwen-14B
layer,9,0.00081594865,,1.0,int4,deepseek-ai_DeepSeek-R1-Distill-Qwen-14B
layer,10,0.0013402611,,1.0,int4,deepseek-ai_DeepSeek-R1-Distill-Qwen-14B
layer,11,0.0001246536,,1.0,int4,deepseek-ai_DeepSeek-R1-Distill-Qwen-14B
layer,12,0.0002104671,,1.0,int4,deepseek-ai_DeepSeek-R1-Distill-Qwen-14B
layer,13,0.0005477401,,1.0,int4,deepseek-ai_DeepSeek-R1-Distill-Qwen-14B
layer,14,0.0023551788,,1.0,int4,deepseek-ai_DeepSeek-R1-Distill-Qwen-14B
layer,15,0.00017648193,,1.0,int4,deepseek-ai_DeepSeek-R1-Distill-Qwen-14B
layer,16,0.00012919617,,1.0,int4,deepseek-ai_DeepSeek-R1-Distill-Qwen-14B
layer,17,0.0006408484,,1.0,int4,deepseek-ai_DeepSeek-R1-Distill-Qwen-14B
layer,18,0.0025427963,,1.0,int4,deepseek-ai_DeepSeek-R1-Distill-Qwen-14B
layer,19,0.0032893314,,1.0,int4,deepseek-ai_DeepSeek-R1-Distill-Qwen-14B
layer,20,0.09150837,,0.975,int4,deepseek-ai_DeepSeek-R1-Distill-Qwen-14B
layer,21,5.9410588e-05,,1.0,int4,deepseek-ai_DeepSeek-R1-Distill-Qwen-14B
layer,22,0.00029397765,,1.0,int4,deepseek-ai_DeepSeek-R1-Distill-Qwen-14B
layer,23,9.2269045e-05,,1.0,int4,deepseek-ai_DeepSeek-R1-Distill-Qwen-14B
layer,24,0.0032129753,,1.0,int4,deepseek-ai_DeepSeek-R1-Distill-Qwen-14B
layer,25,0.0005130726,,1.0,int4,deepseek-ai_DeepSeek-R1-Distill-Qwen-14B
layer,26,0.0003977308,,1.0,int4,deepseek-ai_DeepSeek-R1-Distill-Qwen-14B
layer,27,5.3725315e-05,,1.0,int4,deepseek-ai_DeepSeek-R1-Distill-Qwen-14B
layer,28,3.5719702e-05,,1.0,int4,deepseek-ai_DeepSeek-R1-Distill-Qwen-14B
layer,29,8.413552e-05,,1.0,int4,deepseek-ai_DeepSeek-R1-Distill-Qwen-14B
layer,30,5.6326615e-05,,1.0,int4,deepseek-ai_DeepSeek-R1-Distill-Qwen-14B
layer,31,7.824405e-06,,1.0,int4,deepseek-ai_DeepSeek-R1-Distill-Qwen-14B
layer,32,0.00012926233,,1.0,int4,deepseek-ai_DeepSeek-R1-Distill-Qwen-14B
layer,33,5.5788078e-05,,1.0,int4,deepseek-ai_DeepSeek-R1-Distill-Qwen-14B
layer,34,0.00035222416,,1.0,int4,deepseek-ai_DeepSeek-R1-Distill-Qwen-14B
layer,35,0.00013521864,,1.0,int4,deepseek-ai_DeepSeek-R1-Distill-Qwen-14B
layer,36,9.71105e-05,,1.0,int4,deepseek-ai_DeepSeek-R1-Distill-Qwen-14B
layer,37,0.0009246175,,1.0,int4,deepseek-ai_DeepSeek-R1-Distill-Qwen-14B
layer,38,3.1805055e-05,,1.0,int4,deepseek-ai_DeepSeek-R1-Distill-Qwen-14B
layer,39,6.227696e-05,,1.0,int4,deepseek-ai_DeepSeek-R1-Distill-Qwen-14B
layer,40,0.00028370327,,1.0,int4,deepseek-ai_DeepSeek-R1-Distill-Qwen-14B
layer,41,4.121999e-05,,1.0,int4,deepseek-ai_DeepSeek-R1-Distill-Qwen-14B
layer,42,0.0002428166,,1.0,int4,deepseek-ai_DeepSeek-R1-Distill-Qwen-14B
layer,43,0.00028722995,,1.0,int4,deepseek-ai_DeepSeek-R1-Distill-Qwen-14B
layer,44,0.00020711934,,1.0,int4,deepseek-ai_DeepSeek-R1-Distill-Qwen-14B
layer,45,0.00027423305,,1.0,int4,deepseek-ai_DeepSeek-R1-Distill-Qwen-14B
layer,46,0.0013760797,,1.0,int4,deepseek-ai_DeepSeek-R1-Distill-Qwen-14B
layer,47,4.333547e-06,,1.0,int4,deepseek-ai_DeepSeek-R1-Distill-Qwen-14B
global,-1,1.6964732,0.5026222467422485,0.04375,float16,deepseek-ai_DeepSeek-R1-Distill-Qwen-14B
layer,0,1.8695065,,0.125,float16,deepseek-ai_DeepSeek-R1-Distill-Qwen-14B
layer,1,2.4900684,,0.05,float16,deepseek-ai_DeepSeek-R1-Distill-Qwen-14B
layer,2,2.4704711,,0.05,float16,deepseek-ai_DeepSeek-R1-Distill-Qwen-14B
layer,3,2.6997876,,0.0,float16,deepseek-ai_DeepSeek-R1-Distill-Qwen-14B
layer,4,2.6853828,,0.0,float16,deepseek-ai_DeepSeek-R1-Distill-Qwen-14B
layer,5,1.2692047,,0.05,float16,deepseek-ai_DeepSeek-R1-Distill-Qwen-14B
layer,6,1.3483293,,0.1,float16,deepseek-ai_DeepSeek-R1-Distill-Qwen-14B
layer,7,1.2570043,,0.15,float16,deepseek-ai_DeepSeek-R1-Distill-Qwen-14B
layer,8,1.252617,,0.25,float16,deepseek-ai_DeepSeek-R1-Distill-Qwen-14B
layer,9,1.3963554,,0.1,float16,deepseek-ai_DeepSeek-R1-Distill-Qwen-14B
layer,10,1.3793108,,0.025,float16,deepseek-ai_DeepSeek-R1-Distill-Qwen-14B
layer,11,1.3448464,,0.025,float16,deepseek-ai_DeepSeek-R1-Distill-Qwen-14B
layer,12,1.3944767,,0.1,float16,deepseek-ai_DeepSeek-R1-Distill-Qwen-14B
layer,13,1.4119221,,0.125,float16,deepseek-ai_DeepSeek-R1-Distill-Qwen-14B
layer,14,1.4812663,,0.025,float16,deepseek-ai_DeepSeek-R1-Distill-Qwen-14B
layer,15,1.5851285,,0.0,float16,deepseek-ai_DeepSeek-R1-Distill-Qwen-14B
layer,16,1.6787113,,0.025,float16,deepseek-ai_DeepSeek-R1-Distill-Qwen-14B
layer,17,1.6490736,,0.075,float16,deepseek-ai_DeepSeek-R1-Distill-Qwen-14B
layer,18,1.5715584,,0.1,float16,deepseek-ai_DeepSeek-R1-Distill-Qwen-14B
layer,19,1.6434368,,0.075,float16,deepseek-ai_DeepSeek-R1-Distill-Qwen-14B
layer,20,1.6300108,,0.05,float16,deepseek-ai_DeepSeek-R1-Distill-Qwen-14B
layer,21,1.9089941,,0.0,float16,deepseek-ai_DeepSeek-R1-Distill-Qwen-14B
layer,22,1.8065058,,0.0,float16,deepseek-ai_DeepSeek-R1-Distill-Qwen-14B
layer,23,1.8882856,,0.0,float16,deepseek-ai_DeepSeek-R1-Distill-Qwen-14B
layer,24,1.8257831,,0.0,float16,deepseek-ai_DeepSeek-R1-Distill-Qwen-14B
layer,25,1.5868529,,0.1,float16,deepseek-ai_DeepSeek-R1-Distill-Qwen-14B
layer,26,2.0346212,,0.0,float16,deepseek-ai_DeepSeek-R1-Distill-Qwen-14B
layer,27,1.9023964,,0.025,float16,deepseek-ai_DeepSeek-R1-Distill-Qwen-14B
layer,28,2.0409677,,0.025,float16,deepseek-ai_DeepSeek-R1-Distill-Qwen-14B
layer,29,1.7689499,,0.025,float16,deepseek-ai_DeepSeek-R1-Distill-Qwen-14B
layer,30,1.7544972,,0.0,float16,deepseek-ai_DeepSeek-R1-Distill-Qwen-14B
layer,31,1.8877447,,0.0,float16,deepseek-ai_DeepSeek-R1-Distill-Qwen-14B
layer,32,1.726875,,0.0,float16,deepseek-ai_DeepSeek-R1-Distill-Qwen-14B
layer,33,1.7443304,,0.0,float16,deepseek-ai_DeepSeek-R1-Distill-Qwen-14B
layer,34,1.7558609,,0.0,float16,deepseek-ai_DeepSeek-R1-Distill-Qwen-14B
layer,35,1.7608694,,0.0,float16,deepseek-ai_DeepSeek-R1-Distill-Qwen-14B
layer,36,1.5249057,,0.1,float16,deepseek-ai_DeepSeek-R1-Distill-Qwen-14B
layer,37,1.3738406,,0.05,float16,deepseek-ai_DeepSeek-R1-Distill-Qwen-14B
layer,38,1.3734119,,0.0,float16,deepseek-ai_DeepSeek-R1-Distill-Qwen-14B
layer,39,1.4124761,,0.0,float16,deepseek-ai_DeepSeek-R1-Distill-Qwen-14B
layer,40,1.4394672,,0.0,float16,deepseek-ai_DeepSeek-R1-Distill-Qwen-14B
layer,41,1.3742204,,0.05,float16,deepseek-ai_DeepSeek-R1-Distill-Qwen-14B
layer,42,1.4107416,,0.025,float16,deepseek-ai_DeepSeek-R1-Distill-Qwen-14B
layer,43,1.3698292,,0.125,float16,deepseek-ai_DeepSeek-R1-Distill-Qwen-14B
layer,44,1.633783,,0.0,float16,deepseek-ai_DeepSeek-R1-Distill-Qwen-14B
layer,45,1.620562,,0.0,float16,deepseek-ai_DeepSeek-R1-Distill-Qwen-14B
layer,46,1.702375,,0.075,float16,deepseek-ai_DeepSeek-R1-Distill-Qwen-14B
layer,47,2.2930984,,0.0,float16,deepseek-ai_DeepSeek-R1-Distill-Qwen-14B
global,-1,0.19546312,0.4021291434764862,0.9645833333333332,int8,deepseek-ai_DeepSeek-R1-Distill-Qwen-14B
layer,0,0.10568552,,1.0,int8,deepseek-ai_DeepSeek-R1-Distill-Qwen-14B
layer,1,1.2855828,,0.225,int8,deepseek-ai_DeepSeek-R1-Distill-Qwen-14B
layer,2,0.3793351,,0.975,int8,deepseek-ai_DeepSeek-R1-Distill-Qwen-14B
layer,3,0.20467253,,1.0,int8,deepseek-ai_DeepSeek-R1-Distill-Qwen-14B
layer,4,0.18180493,,1.0,int8,deepseek-ai_DeepSeek-R1-Distill-Qwen-14B
layer,5,0.6943899,,0.9,int8,deepseek-ai_DeepSeek-R1-Distill-Qwen-14B
layer,6,0.5952665,,0.925,int8,deepseek-ai_DeepSeek-R1-Distill-Qwen-14B
layer,7,0.53763694,,0.9,int8,deepseek-ai_DeepSeek-R1-Distill-Qwen-14B
layer,8,0.40704936,,0.95,int8,deepseek-ai_DeepSeek-R1-Distill-Qwen-14B
layer,9,0.27040976,,0.95,int8,deepseek-ai_DeepSeek-R1-Distill-Qwen-14B
layer,10,0.23797509,,0.975,int8,deepseek-ai_DeepSeek-R1-Distill-Qwen-14B
layer,11,0.13714284,,1.0,int8,deepseek-ai_DeepSeek-R1-Distill-Qwen-14B
layer,12,0.14194486,,1.0,int8,deepseek-ai_DeepSeek-R1-Distill-Qwen-14B
layer,13,0.18363777,,1.0,int8,deepseek-ai_DeepSeek-R1-Distill-Qwen-14B
layer,14,0.15281779,,1.0,int8,deepseek-ai_DeepSeek-R1-Distill-Qwen-14B
layer,15,0.13194668,,1.0,int8,deepseek-ai_DeepSeek-R1-Distill-Qwen-14B
layer,16,0.18890245,,0.975,int8,deepseek-ai_DeepSeek-R1-Distill-Qwen-14B
layer,17,0.116626635,,1.0,int8,deepseek-ai_DeepSeek-R1-Distill-Qwen-14B
layer,18,0.1458348,,1.0,int8,deepseek-ai_DeepSeek-R1-Distill-Qwen-14B
layer,19,0.17080157,,1.0,int8,deepseek-ai_DeepSeek-R1-Distill-Qwen-14B
layer,20,0.6056811,,0.825,int8,deepseek-ai_DeepSeek-R1-Distill-Qwen-14B
layer,21,0.08677791,,1.0,int8,deepseek-ai_DeepSeek-R1-Distill-Qwen-14B
layer,22,0.18717924,,0.975,int8,deepseek-ai_DeepSeek-R1-Distill-Qwen-14B
layer,23,0.07835136,,1.0,int8,deepseek-ai_DeepSeek-R1-Distill-Qwen-14B
layer,24,0.12036586,,1.0,int8,deepseek-ai_DeepSeek-R1-Distill-Qwen-14B
layer,25,0.12319784,,1.0,int8,deepseek-ai_DeepSeek-R1-Distill-Qwen-14B
layer,26,0.0939023,,1.0,int8,deepseek-ai_DeepSeek-R1-Distill-Qwen-14B
layer,27,0.031139921,,1.0,int8,deepseek-ai_DeepSeek-R1-Distill-Qwen-14B
layer,28,0.056491993,,1.0,int8,deepseek-ai_DeepSeek-R1-Distill-Qwen-14B
layer,29,0.11698679,,1.0,int8,deepseek-ai_DeepSeek-R1-Distill-Qwen-14B
layer,30,0.0667123,,1.0,int8,deepseek-ai_DeepSeek-R1-Distill-Qwen-14B
layer,31,0.042902954,,1.0,int8,deepseek-ai_DeepSeek-R1-Distill-Qwen-14B
layer,32,0.084152445,,1.0,int8,deepseek-ai_DeepSeek-R1-Distill-Qwen-14B
layer,33,0.064542994,,1.0,int8,deepseek-ai_DeepSeek-R1-Distill-Qwen-14B
layer,34,0.09051541,,1.0,int8,deepseek-ai_DeepSeek-R1-Distill-Qwen-14B
layer,35,0.073145345,,1.0,int8,deepseek-ai_DeepSeek-R1-Distill-Qwen-14B
layer,36,0.08599361,,1.0,int8,deepseek-ai_DeepSeek-R1-Distill-Qwen-14B
layer,37,0.057243377,,1.0,int8,deepseek-ai_DeepSeek-R1-Distill-Qwen-14B
layer,38,0.060786784,,1.0,int8,deepseek-ai_DeepSeek-R1-Distill-Qwen-14B
layer,39,0.06643958,,1.0,int8,deepseek-ai_DeepSeek-R1-Distill-Qwen-14B
layer,40,0.10287221,,0.975,int8,deepseek-ai_DeepSeek-R1-Distill-Qwen-14B
layer,41,0.06619445,,1.0,int8,deepseek-ai_DeepSeek-R1-Distill-Qwen-14B
layer,42,0.06932064,,1.0,int8,deepseek-ai_DeepSeek-R1-Distill-Qwen-14B
layer,43,0.06631921,,1.0,int8,deepseek-ai_DeepSeek-R1-Distill-Qwen-14B
layer,44,0.24698405,,0.9,int8,deepseek-ai_DeepSeek-R1-Distill-Qwen-14B
layer,45,0.1127681,,0.975,int8,deepseek-ai_DeepSeek-R1-Distill-Qwen-14B
layer,46,0.22096515,,0.875,int8,deepseek-ai_DeepSeek-R1-Distill-Qwen-14B
layer,47,0.034832977,,1.0,int8,deepseek-ai_DeepSeek-R1-Distill-Qwen-14B
global,-1,1.6922631,0.6601073741912842,0.16796875,bfloat16,meta-llama_Llama-3.1-8B-Instruct
layer,0,1.2952715,,0.3125,bfloat16,meta-llama_Llama-3.1-8B-Instruct
layer,1,0.7377849,,0.875,bfloat16,meta-llama_Llama-3.1-8B-Instruct
layer,2,0.54610133,,0.875,bfloat16,meta-llama_Llama-3.1-8B-Instruct
layer,3,1.2163887,,0.34375,bfloat16,meta-llama_Llama-3.1-8B-Instruct
layer,4,1.1300921,,0.34375,bfloat16,meta-llama_Llama-3.1-8B-Instruct
layer,5,1.2109718,,0.28125,bfloat16,meta-llama_Llama-3.1-8B-Instruct
layer,6,2.0034623,,0.0,bfloat16,meta-llama_Llama-3.1-8B-Instruct
layer,7,2.2677293,,0.0,bfloat16,meta-llama_Llama-3.1-8B-Instruct
layer,8,2.203936,,0.03125,bfloat16,meta-llama_Llama-3.1-8B-Instruct
layer,9,1.8000089,,0.0,bfloat16,meta-llama_Llama-3.1-8B-Instruct
layer,10,2.0193157,,0.03125,bfloat16,meta-llama_Llama-3.1-8B-Instruct
layer,11,2.4528208,,0.0,bfloat16,meta-llama_Llama-3.1-8B-Instruct
layer,12,2.6745677,,0.0,bfloat16,meta-llama_Llama-3.1-8B-Instruct
layer,13,2.4560108,,0.0,bfloat16,meta-llama_Llama-3.1-8B-Instruct
layer,14,2.155583,,0.0,bfloat16,meta-llama_Llama-3.1-8B-Instruct
layer,15,2.0167546,,0.09375,bfloat16,meta-llama_Llama-3.1-8B-Instruct
layer,16,1.793952,,0.0625,bfloat16,meta-llama_Llama-3.1-8B-Instruct
layer,17,2.1714468,,0.0,bfloat16,meta-llama_Llama-3.1-8B-Instruct
layer,18,1.5751357,,0.0625,bfloat16,meta-llama_Llama-3.1-8B-Instruct
layer,19,1.7835827,,0.0,bfloat16,meta-llama_Llama-3.1-8B-Instruct
layer,20,1.1055007,,0.46875,bfloat16,meta-llama_Llama-3.1-8B-Instruct
layer,21,1.7639942,,0.0,bfloat16,meta-llama_Llama-3.1-8B-Instruct
layer,22,1.5615798,,0.0,bfloat16,meta-llama_Llama-3.1-8B-Instruct
layer,23,1.0059047,,0.5625,bfloat16,meta-llama_Llama-3.1-8B-Instruct
layer,24,1.5049059,,0.0,bfloat16,meta-llama_Llama-3.1-8B-Instruct
layer,25,1.43399,,0.03125,bfloat16,meta-llama_Llama-3.1-8B-Instruct
layer,26,1.3841703,,0.125,bfloat16,meta-llama_Llama-3.1-8B-Instruct
layer,27,1.172725,,0.3125,bfloat16,meta-llama_Llama-3.1-8B-Instruct
layer,28,1.0113837,,0.5625,bfloat16,meta-llama_Llama-3.1-8B-Instruct
layer,29,1.6921146,,0.0,bfloat16,meta-llama_Llama-3.1-8B-Instruct
layer,30,2.4610047,,0.0,bfloat16,meta-llama_Llama-3.1-8B-Instruct
layer,31,2.5442297,,0.0,bfloat16,meta-llama_Llama-3.1-8B-Instruct
global,-1,1.7500061,0.6407683491706848,0.130859375,awq,meta-llama_Llama-3.1-8B-Instruct
layer,0,1.3802066,,0.28125,awq,meta-llama_Llama-3.1-8B-Instruct
layer,1,0.79009885,,0.8125,awq,meta-llama_Llama-3.1-8B-Instruct
layer,2,0.5564258,,0.875,awq,meta-llama_Llama-3.1-8B-Instruct
layer,3,1.1852559,,0.34375,awq,meta-llama_Llama-3.1-8B-Instruct
layer,4,1.1652123,,0.3125,awq,meta-llama_Llama-3.1-8B-Instruct
layer,5,1.2235706,,0.28125,awq,meta-llama_Llama-3.1-8B-Instruct
layer,6,1.9833304,,0.0,awq,meta-llama_Llama-3.1-8B-Instruct
layer,7,2.2567863,,0.0,awq,meta-llama_Llama-3.1-8B-Instruct
layer,8,2.223449,,0.03125,awq,meta-llama_Llama-3.1-8B-Instruct
layer,9,1.7873029,,0.0,awq,meta-llama_Llama-3.1-8B-Instruct
layer,10,2.0643196,,0.03125,awq,meta-llama_Llama-3.1-8B-Instruct
layer,11,2.5148268,,0.0,awq,meta-llama_Llama-3.1-8B-Instruct
layer,12,2.652183,,0.0,awq,meta-llama_Llama-3.1-8B-Instruct
layer,13,2.501531,,0.0,awq,meta-llama_Llama-3.1-8B-Instruct
layer,14,2.201543,,0.0,awq,meta-llama_Llama-3.1-8B-Instruct
layer,15,2.0738966,,0.09375,awq,meta-llama_Llama-3.1-8B-Instruct
layer,16,1.8602474,,0.0625,awq,meta-llama_Llama-3.1-8B-Instruct
layer,17,2.1962311,,0.0,awq,meta-llama_Llama-3.1-8B-Instruct
layer,18,1.7172683,,0.0,awq,meta-llama_Llama-3.1-8B-Instruct
layer,19,1.8044065,,0.0,awq,meta-llama_Llama-3.1-8B-Instruct
layer,20,1.2142041,,0.34375,awq,meta-llama_Llama-3.1-8B-Instruct
layer,21,1.8131313,,0.03125,awq,meta-llama_Llama-3.1-8B-Instruct
layer,22,1.7292243,,0.0,awq,meta-llama_Llama-3.1-8B-Instruct
layer,23,1.1325637,,0.21875,awq,meta-llama_Llama-3.1-8B-Instruct
layer,24,1.5945169,,0.0,awq,meta-llama_Llama-3.1-8B-Instruct
layer,25,1.4815667,,0.0,awq,meta-llama_Llama-3.1-8B-Instruct
layer,26,1.4675196,,0.09375,awq,meta-llama_Llama-3.1-8B-Instruct
layer,27,1.3404758,,0.15625,awq,meta-llama_Llama-3.1-8B-Instruct
layer,28,1.306171,,0.21875,awq,meta-llama_Llama-3.1-8B-Instruct
layer,29,1.7174208,,0.0,awq,meta-llama_Llama-3.1-8B-Instruct
layer,30,2.4887953,,0.0,awq,meta-llama_Llama-3.1-8B-Instruct
layer,31,2.576516,,0.0,awq,meta-llama_Llama-3.1-8B-Instruct
global,-1,1.7194433,0.6580782532691956,0.150390625,hqq,meta-llama_Llama-3.1-8B-Instruct
layer,0,1.3008817,,0.3125,hqq,meta-llama_Llama-3.1-8B-Instruct
layer,1,0.7921141,,0.78125,hqq,meta-llama_Llama-3.1-8B-Instruct
layer,2,0.58759284,,0.875,hqq,meta-llama_Llama-3.1-8B-Instruct
layer,3,1.0916574,,0.4375,hqq,meta-llama_Llama-3.1-8B-Instruct
layer,4,1.0986269,,0.34375,hqq,meta-llama_Llama-3.1-8B-Instruct
layer,5,1.2071444,,0.28125,hqq,meta-llama_Llama-3.1-8B-Instruct
layer,6,2.0106025,,0.0,hqq,meta-llama_Llama-3.1-8B-Instruct
layer,7,2.3019795,,0.0,hqq,meta-llama_Llama-3.1-8B-Instruct
layer,8,2.1866634,,0.03125,hqq,meta-llama_Llama-3.1-8B-Instruct
layer,9,1.7996013,,0.0,hqq,meta-llama_Llama-3.1-8B-Instruct
layer,10,2.0202339,,0.03125,hqq,meta-llama_Llama-3.1-8B-Instruct
layer,11,2.4450917,,0.0,hqq,meta-llama_Llama-3.1-8B-Instruct
layer,12,2.6797097,,0.0,hqq,meta-llama_Llama-3.1-8B-Instruct
layer,13,2.4789808,,0.0,hqq,meta-llama_Llama-3.1-8B-Instruct
layer,14,2.2287016,,0.0,hqq,meta-llama_Llama-3.1-8B-Instruct
layer,15,2.060093,,0.09375,hqq,meta-llama_Llama-3.1-8B-Instruct
layer,16,1.7301791,,0.09375,hqq,meta-llama_Llama-3.1-8B-Instruct
layer,17,2.1826768,,0.0,hqq,meta-llama_Llama-3.1-8B-Instruct
layer,18,1.6049356,,0.0,hqq,meta-llama_Llama-3.1-8B-Instruct
layer,19,1.7817132,,0.0,hqq,meta-llama_Llama-3.1-8B-Instruct
layer,20,1.1476268,,0.46875,hqq,meta-llama_Llama-3.1-8B-Instruct
layer,21,1.7963349,,0.0,hqq,meta-llama_Llama-3.1-8B-Instruct
layer,22,1.5950594,,0.0,hqq,meta-llama_Llama-3.1-8B-Instruct
layer,23,1.1210886,,0.28125,hqq,meta-llama_Llama-3.1-8B-Instruct
layer,24,1.4984775,,0.03125,hqq,meta-llama_Llama-3.1-8B-Instruct
layer,25,1.5171967,,0.0,hqq,meta-llama_Llama-3.1-8B-Instruct
layer,26,1.4605037,,0.0625,hqq,meta-llama_Llama-3.1-8B-Instruct
layer,27,1.2512345,,0.1875,hqq,meta-llama_Llama-3.1-8B-Instruct
layer,28,1.1022356,,0.5,hqq,meta-llama_Llama-3.1-8B-Instruct
layer,29,1.7830247,,0.0,hqq,meta-llama_Llama-3.1-8B-Instruct
layer,30,2.53556,,0.0,hqq,meta-llama_Llama-3.1-8B-Instruct
layer,31,2.6246676,,0.0,hqq,meta-llama_Llama-3.1-8B-Instruct
global,-1,1.6912024,0.6606805324554443,0.169921875,fp8,meta-llama_Llama-3.1-8B-Instruct
layer,0,1.2880526,,0.375,fp8,meta-llama_Llama-3.1-8B-Instruct
layer,1,0.73281956,,0.875,fp8,meta-llama_Llama-3.1-8B-Instruct
layer,2,0.55110425,,0.875,fp8,meta-llama_Llama-3.1-8B-Instruct
layer,3,1.2175494,,0.34375,fp8,meta-llama_Llama-3.1-8B-Instruct
layer,4,1.136516,,0.34375,fp8,meta-llama_Llama-3.1-8B-Instruct
layer,5,1.2089639,,0.28125,fp8,meta-llama_Llama-3.1-8B-Instruct
layer,6,2.006607,,0.0,fp8,meta-llama_Llama-3.1-8B-Instruct
layer,7,2.2796693,,0.0,fp8,meta-llama_Llama-3.1-8B-Instruct
layer,8,2.2015219,,0.03125,fp8,meta-llama_Llama-3.1-8B-Instruct
layer,9,1.79628,,0.0,fp8,meta-llama_Llama-3.1-8B-Instruct
layer,10,2.0172043,,0.03125,fp8,meta-llama_Llama-3.1-8B-Instruct
layer,11,2.4542608,,0.0,fp8,meta-llama_Llama-3.1-8B-Instruct
layer,12,2.6761773,,0.0,fp8,meta-llama_Llama-3.1-8B-Instruct
layer,13,2.4534657,,0.0,fp8,meta-llama_Llama-3.1-8B-Instruct
layer,14,2.172006,,0.0,fp8,meta-llama_Llama-3.1-8B-Instruct
layer,15,2.0160913,,0.09375,fp8,meta-llama_Llama-3.1-8B-Instruct
layer,16,1.807124,,0.0625,fp8,meta-llama_Llama-3.1-8B-Instruct
layer,17,2.1611369,,0.0,fp8,meta-llama_Llama-3.1-8B-Instruct
layer,18,1.5585468,,0.0625,fp8,meta-llama_Llama-3.1-8B-Instruct
layer,19,1.7799658,,0.0,fp8,meta-llama_Llama-3.1-8B-Instruct
layer,20,1.0998881,,0.46875,fp8,meta-llama_Llama-3.1-8B-Instruct
layer,21,1.7540641,,0.0,fp8,meta-llama_Llama-3.1-8B-Instruct
layer,22,1.5605599,,0.0,fp8,meta-llama_Llama-3.1-8B-Instruct
layer,23,0.99485004,,0.625,fp8,meta-llama_Llama-3.1-8B-Instruct
layer,24,1.495315,,0.03125,fp8,meta-llama_Llama-3.1-8B-Instruct
layer,25,1.4400845,,0.03125,fp8,meta-llama_Llama-3.1-8B-Instruct
layer,26,1.3701994,,0.125,fp8,meta-llama_Llama-3.1-8B-Instruct
layer,27,1.18703,,0.25,fp8,meta-llama_Llama-3.1-8B-Instruct
layer,28,1.0126758,,0.53125,fp8,meta-llama_Llama-3.1-8B-Instruct
layer,29,1.6902456,,0.0,fp8,meta-llama_Llama-3.1-8B-Instruct
layer,30,2.4525394,,0.0,fp8,meta-llama_Llama-3.1-8B-Instruct
layer,31,2.5459642,,0.0,fp8,meta-llama_Llama-3.1-8B-Instruct
global,-1,3.6104043,4.76837158203125e-07,0.0,int4,meta-llama_Llama-3.1-8B-Instruct
layer,0,3.6104038,,0.0,int4,meta-llama_Llama-3.1-8B-Instruct
layer,1,3.6104038,,0.0,int4,meta-llama_Llama-3.1-8B-Instruct
layer,2,3.6104038,,0.0,int4,meta-llama_Llama-3.1-8B-Instruct
layer,3,3.6104038,,0.0,int4,meta-llama_Llama-3.1-8B-Instruct
layer,4,3.6104038,,0.0,int4,meta-llama_Llama-3.1-8B-Instruct
layer,5,3.6104038,,0.0,int4,meta-llama_Llama-3.1-8B-Instruct
layer,6,3.6104038,,0.0,int4,meta-llama_Llama-3.1-8B-Instruct
layer,7,3.6104038,,0.0,int4,meta-llama_Llama-3.1-8B-Instruct
layer,8,3.6104038,,0.0,int4,meta-llama_Llama-3.1-8B-Instruct
layer,9,3.6104038,,0.0,int4,meta-llama_Llama-3.1-8B-Instruct
layer,10,3.6104038,,0.0,int4,meta-llama_Llama-3.1-8B-Instruct
layer,11,3.6104038,,0.0,int4,meta-llama_Llama-3.1-8B-Instruct
layer,12,3.6104038,,0.0,int4,meta-llama_Llama-3.1-8B-Instruct
layer,13,3.6104038,,0.0,int4,meta-llama_Llama-3.1-8B-Instruct
layer,14,3.6104038,,0.0,int4,meta-llama_Llama-3.1-8B-Instruct
layer,15,3.6104038,,0.0,int4,meta-llama_Llama-3.1-8B-Instruct
layer,16,3.6104038,,0.0,int4,meta-llama_Llama-3.1-8B-Instruct
layer,17,3.6104038,,0.0,int4,meta-llama_Llama-3.1-8B-Instruct
layer,18,3.6104038,,0.0,int4,meta-llama_Llama-3.1-8B-Instruct
layer,19,3.6104038,,0.0,int4,meta-llama_Llama-3.1-8B-Instruct
layer,20,3.6104038,,0.0,int4,meta-llama_Llama-3.1-8B-Instruct
layer,21,3.6104038,,0.0,int4,meta-llama_Llama-3.1-8B-Instruct
layer,22,3.6104038,,0.0,int4,meta-llama_Llama-3.1-8B-Instruct
layer,23,3.6104038,,0.0,int4,meta-llama_Llama-3.1-8B-Instruct
layer,24,3.6104038,,0.0,int4,meta-llama_Llama-3.1-8B-Instruct
layer,25,3.6104038,,0.0,int4,meta-llama_Llama-3.1-8B-Instruct
layer,26,3.6104038,,0.0,int4,meta-llama_Llama-3.1-8B-Instruct
layer,27,3.6104038,,0.0,int4,meta-llama_Llama-3.1-8B-Instruct
layer,28,3.6104038,,0.0,int4,meta-llama_Llama-3.1-8B-Instruct
layer,29,3.6104038,,0.0,int4,meta-llama_Llama-3.1-8B-Instruct
layer,30,3.6104038,,0.0,int4,meta-llama_Llama-3.1-8B-Instruct
layer,31,3.6104038,,0.0,int4,meta-llama_Llama-3.1-8B-Instruct
global,-1,1.691616,0.6599663496017456,0.166015625,float16,meta-llama_Llama-3.1-8B-Instruct
layer,0,1.2952714,,0.3125,float16,meta-llama_Llama-3.1-8B-Instruct
layer,1,0.737787,,0.875,float16,meta-llama_Llama-3.1-8B-Instruct
layer,2,0.5459004,,0.875,float16,meta-llama_Llama-3.1-8B-Instruct
layer,3,1.2167377,,0.34375,float16,meta-llama_Llama-3.1-8B-Instruct
layer,4,1.1296501,,0.34375,float16,meta-llama_Llama-3.1-8B-Instruct
layer,5,1.2113409,,0.28125,float16,meta-llama_Llama-3.1-8B-Instruct
layer,6,2.0031958,,0.0,float16,meta-llama_Llama-3.1-8B-Instruct
layer,7,2.26786,,0.0,float16,meta-llama_Llama-3.1-8B-Instruct
layer,8,2.2041357,,0.03125,float16,meta-llama_Llama-3.1-8B-Instruct
layer,9,1.8001916,,0.0,float16,meta-llama_Llama-3.1-8B-Instruct
layer,10,2.0186055,,0.03125,float16,meta-llama_Llama-3.1-8B-Instruct
layer,11,2.4522564,,0.0,float16,meta-llama_Llama-3.1-8B-Instruct
layer,12,2.674136,,0.0,float16,meta-llama_Llama-3.1-8B-Instruct
layer,13,2.4553032,,0.0,float16,meta-llama_Llama-3.1-8B-Instruct
layer,14,2.155109,,0.0,float16,meta-llama_Llama-3.1-8B-Instruct
layer,15,2.015794,,0.09375,float16,meta-llama_Llama-3.1-8B-Instruct
layer,16,1.7921402,,0.0625,float16,meta-llama_Llama-3.1-8B-Instruct
layer,17,2.170642,,0.0,float16,meta-llama_Llama-3.1-8B-Instruct
layer,18,1.574324,,0.0625,float16,meta-llama_Llama-3.1-8B-Instruct
layer,19,1.7823386,,0.0,float16,meta-llama_Llama-3.1-8B-Instruct
layer,20,1.1044898,,0.46875,float16,meta-llama_Llama-3.1-8B-Instruct
layer,21,1.7618952,,0.0,float16,meta-llama_Llama-3.1-8B-Instruct
layer,22,1.5601981,,0.0,float16,meta-llama_Llama-3.1-8B-Instruct
layer,23,1.0050919,,0.5625,float16,meta-llama_Llama-3.1-8B-Instruct
layer,24,1.5037378,,0.0,float16,meta-llama_Llama-3.1-8B-Instruct
layer,25,1.4334275,,0.03125,float16,meta-llama_Llama-3.1-8B-Instruct
layer,26,1.3827938,,0.125,float16,meta-llama_Llama-3.1-8B-Instruct
layer,27,1.1722704,,0.25,float16,meta-llama_Llama-3.1-8B-Instruct
layer,28,1.0113869,,0.5625,float16,meta-llama_Llama-3.1-8B-Instruct
layer,29,1.6906228,,0.0,float16,meta-llama_Llama-3.1-8B-Instruct
layer,30,2.4588568,,0.0,float16,meta-llama_Llama-3.1-8B-Instruct
layer,31,2.5442238,,0.0,float16,meta-llama_Llama-3.1-8B-Instruct
global,-1,3.6104043,4.76837158203125e-07,0.0,int8,meta-llama_Llama-3.1-8B-Instruct
layer,0,3.6104038,,0.0,int8,meta-llama_Llama-3.1-8B-Instruct
layer,1,3.6104038,,0.0,int8,meta-llama_Llama-3.1-8B-Instruct
layer,2,3.6104038,,0.0,int8,meta-llama_Llama-3.1-8B-Instruct
layer,3,3.6104038,,0.0,int8,meta-llama_Llama-3.1-8B-Instruct
layer,4,3.6104038,,0.0,int8,meta-llama_Llama-3.1-8B-Instruct
layer,5,3.6104038,,0.0,int8,meta-llama_Llama-3.1-8B-Instruct
layer,6,3.6104038,,0.0,int8,meta-llama_Llama-3.1-8B-Instruct
layer,7,3.6104038,,0.0,int8,meta-llama_Llama-3.1-8B-Instruct
layer,8,3.6104038,,0.0,int8,meta-llama_Llama-3.1-8B-Instruct
layer,9,3.6104038,,0.0,int8,meta-llama_Llama-3.1-8B-Instruct
layer,10,3.6104038,,0.0,int8,meta-llama_Llama-3.1-8B-Instruct
layer,11,3.6104038,,0.0,int8,meta-llama_Llama-3.1-8B-Instruct
layer,12,3.6104038,,0.0,int8,meta-llama_Llama-3.1-8B-Instruct
layer,13,3.6104038,,0.0,int8,meta-llama_Llama-3.1-8B-Instruct
layer,14,3.6104038,,0.0,int8,meta-llama_Llama-3.1-8B-Instruct
layer,15,3.6104038,,0.0,int8,meta-llama_Llama-3.1-8B-Instruct
layer,16,3.6104038,,0.0,int8,meta-llama_Llama-3.1-8B-Instruct
layer,17,3.6104038,,0.0,int8,meta-llama_Llama-3.1-8B-Instruct
layer,18,3.6104038,,0.0,int8,meta-llama_Llama-3.1-8B-Instruct
layer,19,3.6104038,,0.0,int8,meta-llama_Llama-3.1-8B-Instruct
layer,20,3.6104038,,0.0,int8,meta-llama_Llama-3.1-8B-Instruct
layer,21,3.6104038,,0.0,int8,meta-llama_Llama-3.1-8B-Instruct
layer,22,3.6104038,,0.0,int8,meta-llama_Llama-3.1-8B-Instruct
layer,23,3.6104038,,0.0,int8,meta-llama_Llama-3.1-8B-Instruct
layer,24,3.6104038,,0.0,int8,meta-llama_Llama-3.1-8B-Instruct
layer,25,3.6104038,,0.0,int8,meta-llama_Llama-3.1-8B-Instruct
layer,26,3.6104038,,0.0,int8,meta-llama_Llama-3.1-8B-Instruct
layer,27,3.6104038,,0.0,int8,meta-llama_Llama-3.1-8B-Instruct
layer,28,3.6104038,,0.0,int8,meta-llama_Llama-3.1-8B-Instruct
layer,29,3.6104038,,0.0,int8,meta-llama_Llama-3.1-8B-Instruct
layer,30,3.6104038,,0.0,int8,meta-llama_Llama-3.1-8B-Instruct
layer,31,3.6104038,,0.0,int8,meta-llama_Llama-3.1-8B-Instruct
global,-1,1.7139611,0.6541160345077515,0.1611328125,gptq,meta-llama_Llama-3.1-8B-Instruct
layer,0,1.3075061,,0.3125,gptq,meta-llama_Llama-3.1-8B-Instruct
layer,1,0.7393395,,0.875,gptq,meta-llama_Llama-3.1-8B-Instruct
layer,2,0.560915,,0.875,gptq,meta-llama_Llama-3.1-8B-Instruct
layer,3,1.1997702,,0.34375,gptq,meta-llama_Llama-3.1-8B-Instruct
layer,4,1.1103382,,0.40625,gptq,meta-llama_Llama-3.1-8B-Instruct
layer,5,1.2510238,,0.25,gptq,meta-llama_Llama-3.1-8B-Instruct
layer,6,1.9973111,,0.0,gptq,meta-llama_Llama-3.1-8B-Instruct
layer,7,2.2532108,,0.0,gptq,meta-llama_Llama-3.1-8B-Instruct
layer,8,2.187471,,0.03125,gptq,meta-llama_Llama-3.1-8B-Instruct
layer,9,1.7828368,,0.0,gptq,meta-llama_Llama-3.1-8B-Instruct
layer,10,2.029857,,0.03125,gptq,meta-llama_Llama-3.1-8B-Instruct
layer,11,2.5019784,,0.0,gptq,meta-llama_Llama-3.1-8B-Instruct
layer,12,2.6842015,,0.0,gptq,meta-llama_Llama-3.1-8B-Instruct
layer,13,2.5077815,,0.0,gptq,meta-llama_Llama-3.1-8B-Instruct
layer,14,2.1829326,,0.0,gptq,meta-llama_Llama-3.1-8B-Instruct
layer,15,2.0594354,,0.09375,gptq,meta-llama_Llama-3.1-8B-Instruct
layer,16,1.7866538,,0.09375,gptq,meta-llama_Llama-3.1-8B-Instruct
layer,17,2.1547027,,0.0,gptq,meta-llama_Llama-3.1-8B-Instruct
layer,18,1.6032702,,0.0625,gptq,meta-llama_Llama-3.1-8B-Instruct
layer,19,1.7974002,,0.0,gptq,meta-llama_Llama-3.1-8B-Instruct
layer,20,1.1761394,,0.40625,gptq,meta-llama_Llama-3.1-8B-Instruct
layer,21,1.7970403,,0.0,gptq,meta-llama_Llama-3.1-8B-Instruct
layer,22,1.5937164,,0.0,gptq,meta-llama_Llama-3.1-8B-Instruct
layer,23,1.0167236,,0.59375,gptq,meta-llama_Llama-3.1-8B-Instruct
layer,24,1.545828,,0.0,gptq,meta-llama_Llama-3.1-8B-Instruct
layer,25,1.4471478,,0.03125,gptq,meta-llama_Llama-3.1-8B-Instruct
layer,26,1.4160267,,0.125,gptq,meta-llama_Llama-3.1-8B-Instruct
layer,27,1.2280395,,0.1875,gptq,meta-llama_Llama-3.1-8B-Instruct
layer,28,1.1474115,,0.4375,gptq,meta-llama_Llama-3.1-8B-Instruct
layer,29,1.7446287,,0.0,gptq,meta-llama_Llama-3.1-8B-Instruct
layer,30,2.4720922,,0.0,gptq,meta-llama_Llama-3.1-8B-Instruct
layer,31,2.5640302,,0.0,gptq,meta-llama_Llama-3.1-8B-Instruct
global,-1,0.21102992,0.2100444734096527,0.9899193548387096,bfloat16,google_gemma-3-27b-it
layer,0,0.01719758,,1.0,bfloat16,google_gemma-3-27b-it
layer,1,0.0755761,,1.0,bfloat16,google_gemma-3-27b-it
layer,2,0.023572525,,1.0,bfloat16,google_gemma-3-27b-it
layer,3,0.07030757,,1.0,bfloat16,google_gemma-3-27b-it
layer,4,0.1302776,,1.0,bfloat16,google_gemma-3-27b-it
layer,5,0.08331654,,1.0,bfloat16,google_gemma-3-27b-it
layer,6,0.04694271,,1.0,bfloat16,google_gemma-3-27b-it
layer,7,0.073801205,,1.0,bfloat16,google_gemma-3-27b-it
layer,8,0.078557804,,1.0,bfloat16,google_gemma-3-27b-it
layer,9,0.08033351,,1.0,bfloat16,google_gemma-3-27b-it
layer,10,0.07386079,,1.0,bfloat16,google_gemma-3-27b-it
layer,11,0.02941455,,1.0,bfloat16,google_gemma-3-27b-it
layer,12,0.049742073,,1.0,bfloat16,google_gemma-3-27b-it
layer,13,0.087998964,,1.0,bfloat16,google_gemma-3-27b-it
layer,14,0.04785338,,1.0,bfloat16,google_gemma-3-27b-it
layer,15,0.04471937,,1.0,bfloat16,google_gemma-3-27b-it
layer,16,0.040910497,,1.0,bfloat16,google_gemma-3-27b-it
layer,17,0.06758958,,1.0,bfloat16,google_gemma-3-27b-it
layer,18,0.05441136,,1.0,bfloat16,google_gemma-3-27b-it
layer,19,0.09323385,,1.0,bfloat16,google_gemma-3-27b-it
layer,20,0.056694634,,1.0,bfloat16,google_gemma-3-27b-it
layer,21,0.088350326,,1.0,bfloat16,google_gemma-3-27b-it
layer,22,0.14971332,,1.0,bfloat16,google_gemma-3-27b-it
layer,23,0.17888413,,1.0,bfloat16,google_gemma-3-27b-it
layer,24,0.17183682,,1.0,bfloat16,google_gemma-3-27b-it
layer,25,0.16423473,,1.0,bfloat16,google_gemma-3-27b-it
layer,26,0.2026881,,1.0,bfloat16,google_gemma-3-27b-it
layer,27,0.27413747,,1.0,bfloat16,google_gemma-3-27b-it
layer,28,0.2085829,,1.0,bfloat16,google_gemma-3-27b-it
layer,29,0.85580117,,0.84375,bfloat16,google_gemma-3-27b-it
layer,30,0.20145951,,1.0,bfloat16,google_gemma-3-27b-it
layer,31,0.3049001,,1.0,bfloat16,google_gemma-3-27b-it
layer,32,0.45895663,,1.0,bfloat16,google_gemma-3-27b-it
layer,33,0.39066654,,1.0,bfloat16,google_gemma-3-27b-it
layer,34,0.17761604,,1.0,bfloat16,google_gemma-3-27b-it
layer,35,0.9049625,,0.71875,bfloat16,google_gemma-3-27b-it
layer,36,0.3185009,,1.0,bfloat16,google_gemma-3-27b-it
layer,37,0.21422604,,1.0,bfloat16,google_gemma-3-27b-it
layer,38,0.35817713,,1.0,bfloat16,google_gemma-3-27b-it
layer,39,0.21707715,,1.0,bfloat16,google_gemma-3-27b-it
layer,40,0.11907993,,1.0,bfloat16,google_gemma-3-27b-it
layer,41,0.3256244,,1.0,bfloat16,google_gemma-3-27b-it
layer,42,0.27506593,,1.0,bfloat16,google_gemma-3-27b-it
layer,43,0.16106632,,1.0,bfloat16,google_gemma-3-27b-it
layer,44,0.13743691,,1.0,bfloat16,google_gemma-3-27b-it
layer,45,0.11209752,,1.0,bfloat16,google_gemma-3-27b-it
layer,46,0.19099997,,1.0,bfloat16,google_gemma-3-27b-it
layer,47,0.6809574,,0.9375,bfloat16,google_gemma-3-27b-it
layer,48,0.090545714,,1.0,bfloat16,google_gemma-3-27b-it
layer,49,0.1231965,,1.0,bfloat16,google_gemma-3-27b-it
layer,50,0.109925285,,1.0,bfloat16,google_gemma-3-27b-it
layer,51,0.21881658,,1.0,bfloat16,google_gemma-3-27b-it
layer,52,0.1428884,,1.0,bfloat16,google_gemma-3-27b-it
layer,53,0.56331193,,0.96875,bfloat16,google_gemma-3-27b-it
layer,54,0.20126985,,1.0,bfloat16,google_gemma-3-27b-it
layer,55,0.14842105,,1.0,bfloat16,google_gemma-3-27b-it
layer,56,0.3261404,,1.0,bfloat16,google_gemma-3-27b-it
layer,57,0.12658954,,1.0,bfloat16,google_gemma-3-27b-it
layer,58,0.23996422,,1.0,bfloat16,google_gemma-3-27b-it
layer,59,0.75355315,,0.90625,bfloat16,google_gemma-3-27b-it
layer,60,0.31128532,,1.0,bfloat16,google_gemma-3-27b-it
layer,61,0.55853564,,1.0,bfloat16,google_gemma-3-27b-it
global,-1,0.39452854,0.4742475748062134,0.9284274193548387,awq,google_gemma-3-27b-it
layer,0,0.032324057,,1.0,awq,google_gemma-3-27b-it
layer,1,0.045537114,,1.0,awq,google_gemma-3-27b-it
layer,2,0.008579183,,1.0,awq,google_gemma-3-27b-it
layer,3,0.07209025,,1.0,awq,google_gemma-3-27b-it
layer,4,0.17770737,,1.0,awq,google_gemma-3-27b-it
layer,5,0.22836769,,1.0,awq,google_gemma-3-27b-it
layer,6,0.026075868,,1.0,awq,google_gemma-3-27b-it
layer,7,0.5041321,,0.96875,awq,google_gemma-3-27b-it
layer,8,0.8566913,,0.71875,awq,google_gemma-3-27b-it
layer,9,0.15646407,,1.0,awq,google_gemma-3-27b-it
layer,10,0.046812624,,1.0,awq,google_gemma-3-27b-it
layer,11,0.039388917,,1.0,awq,google_gemma-3-27b-it
layer,12,0.059387133,,1.0,awq,google_gemma-3-27b-it
layer,13,0.1119431,,1.0,awq,google_gemma-3-27b-it
layer,14,0.017578404,,1.0,awq,google_gemma-3-27b-it
layer,15,0.3787375,,1.0,awq,google_gemma-3-27b-it
layer,16,0.2855841,,1.0,awq,google_gemma-3-27b-it
layer,17,0.17427449,,1.0,awq,google_gemma-3-27b-it
layer,18,0.13382936,,1.0,awq,google_gemma-3-27b-it
layer,19,0.24258052,,1.0,awq,google_gemma-3-27b-it
layer,20,0.14016482,,1.0,awq,google_gemma-3-27b-it
layer,21,0.17458725,,1.0,awq,google_gemma-3-27b-it
layer,22,0.2167189,,1.0,awq,google_gemma-3-27b-it
layer,23,0.57539093,,0.96875,awq,google_gemma-3-27b-it
layer,24,0.19690855,,1.0,awq,google_gemma-3-27b-it
layer,25,0.25407594,,1.0,awq,google_gemma-3-27b-it
layer,26,0.42639595,,1.0,awq,google_gemma-3-27b-it
layer,27,0.54715705,,0.9375,awq,google_gemma-3-27b-it
layer,28,0.6013616,,0.875,awq,google_gemma-3-27b-it
layer,29,2.093073,,0.0,awq,google_gemma-3-27b-it
layer,30,0.5821074,,0.90625,awq,google_gemma-3-27b-it
layer,31,0.5867603,,0.96875,awq,google_gemma-3-27b-it
layer,32,0.75147146,,0.875,awq,google_gemma-3-27b-it
layer,33,0.5591047,,0.96875,awq,google_gemma-3-27b-it
layer,34,0.33790195,,0.96875,awq,google_gemma-3-27b-it
layer,35,0.61304426,,0.96875,awq,google_gemma-3-27b-it
layer,36,0.3684275,,0.96875,awq,google_gemma-3-27b-it
layer,37,0.20714396,,1.0,awq,google_gemma-3-27b-it
layer,38,0.33852607,,1.0,awq,google_gemma-3-27b-it
layer,39,0.28734702,,1.0,awq,google_gemma-3-27b-it
layer,40,0.18391389,,1.0,awq,google_gemma-3-27b-it
layer,41,0.25578934,,1.0,awq,google_gemma-3-27b-it
layer,42,0.17878777,,1.0,awq,google_gemma-3-27b-it
layer,43,0.1923562,,1.0,awq,google_gemma-3-27b-it
layer,44,0.20917085,,1.0,awq,google_gemma-3-27b-it
layer,45,0.22097456,,1.0,awq,google_gemma-3-27b-it
layer,46,0.41619074,,1.0,awq,google_gemma-3-27b-it
layer,47,0.9097609,,0.71875,awq,google_gemma-3-27b-it
layer,48,0.32011956,,1.0,awq,google_gemma-3-27b-it
layer,49,0.06253399,,1.0,awq,google_gemma-3-27b-it
layer,50,0.33445165,,1.0,awq,google_gemma-3-27b-it
layer,51,0.16460088,,1.0,awq,google_gemma-3-27b-it
layer,52,0.11194451,,1.0,awq,google_gemma-3-27b-it
layer,53,0.6830805,,0.875,awq,google_gemma-3-27b-it
layer,54,0.16480787,,1.0,awq,google_gemma-3-27b-it
layer,55,0.5056789,,1.0,awq,google_gemma-3-27b-it
layer,56,0.92067885,,0.65625,awq,google_gemma-3-27b-it
layer,57,0.078819744,,1.0,awq,google_gemma-3-27b-it
layer,58,0.759248,,0.78125,awq,google_gemma-3-27b-it
layer,59,2.56491,,0.0625,awq,google_gemma-3-27b-it
layer,60,0.68140924,,0.90625,awq,google_gemma-3-27b-it
layer,61,1.0857875,,0.46875,awq,google_gemma-3-27b-it
global,-1,0.23630336,0.261991947889328,0.969758064516129,gptq,google_gemma-3-27b-it
layer,0,0.017787917,,1.0,gptq,google_gemma-3-27b-it
layer,1,0.06893598,,1.0,gptq,google_gemma-3-27b-it
layer,2,0.02085599,,1.0,gptq,google_gemma-3-27b-it
layer,3,0.06388468,,1.0,gptq,google_gemma-3-27b-it
layer,4,0.11148352,,1.0,gptq,google_gemma-3-27b-it
layer,5,0.07430524,,1.0,gptq,google_gemma-3-27b-it
layer,6,0.039525837,,1.0,gptq,google_gemma-3-27b-it
layer,7,0.06507674,,1.0,gptq,google_gemma-3-27b-it
layer,8,0.07280025,,1.0,gptq,google_gemma-3-27b-it
layer,9,0.08104949,,1.0,gptq,google_gemma-3-27b-it
layer,10,0.06080272,,1.0,gptq,google_gemma-3-27b-it
layer,11,0.02689952,,1.0,gptq,google_gemma-3-27b-it
layer,12,0.04603637,,1.0,gptq,google_gemma-3-27b-it
layer,13,0.07853657,,1.0,gptq,google_gemma-3-27b-it
layer,14,0.04414825,,1.0,gptq,google_gemma-3-27b-it
layer,15,0.039347574,,1.0,gptq,google_gemma-3-27b-it
layer,16,0.039579846,,1.0,gptq,google_gemma-3-27b-it
layer,17,0.06338158,,1.0,gptq,google_gemma-3-27b-it
layer,18,0.048651554,,1.0,gptq,google_gemma-3-27b-it
layer,19,0.08258438,,1.0,gptq,google_gemma-3-27b-it
layer,20,0.04975106,,1.0,gptq,google_gemma-3-27b-it
layer,21,0.0806247,,1.0,gptq,google_gemma-3-27b-it
layer,22,0.12793675,,1.0,gptq,google_gemma-3-27b-it
layer,23,0.1625376,,1.0,gptq,google_gemma-3-27b-it
layer,24,0.14172228,,1.0,gptq,google_gemma-3-27b-it
layer,25,0.14884508,,1.0,gptq,google_gemma-3-27b-it
layer,26,0.17288898,,1.0,gptq,google_gemma-3-27b-it
layer,27,0.27306795,,1.0,gptq,google_gemma-3-27b-it
layer,28,0.18674012,,1.0,gptq,google_gemma-3-27b-it
layer,29,0.8395877,,0.84375,gptq,google_gemma-3-27b-it
layer,30,0.19615321,,1.0,gptq,google_gemma-3-27b-it
layer,31,0.31672534,,1.0,gptq,google_gemma-3-27b-it
layer,32,0.43165457,,1.0,gptq,google_gemma-3-27b-it
layer,33,0.37485185,,1.0,gptq,google_gemma-3-27b-it
layer,34,0.20162623,,1.0,gptq,google_gemma-3-27b-it
layer,35,0.81757796,,0.75,gptq,google_gemma-3-27b-it
layer,36,0.30495417,,1.0,gptq,google_gemma-3-27b-it
layer,37,0.19340414,,1.0,gptq,google_gemma-3-27b-it
layer,38,0.398219,,1.0,gptq,google_gemma-3-27b-it
layer,39,0.24647012,,1.0,gptq,google_gemma-3-27b-it
layer,40,0.12307282,,1.0,gptq,google_gemma-3-27b-it
layer,41,0.3732251,,1.0,gptq,google_gemma-3-27b-it
layer,42,0.2800883,,1.0,gptq,google_gemma-3-27b-it
layer,43,0.1670798,,1.0,gptq,google_gemma-3-27b-it
layer,44,0.14275794,,1.0,gptq,google_gemma-3-27b-it
layer,45,0.13561702,,1.0,gptq,google_gemma-3-27b-it
layer,46,0.22996919,,1.0,gptq,google_gemma-3-27b-it
layer,47,0.9703709,,0.5,gptq,google_gemma-3-27b-it
layer,48,0.09419955,,1.0,gptq,google_gemma-3-27b-it
layer,49,0.12055028,,1.0,gptq,google_gemma-3-27b-it
layer,50,0.1351615,,1.0,gptq,google_gemma-3-27b-it
layer,51,0.26224038,,1.0,gptq,google_gemma-3-27b-it
layer,52,0.21267542,,1.0,gptq,google_gemma-3-27b-it
layer,53,0.70693123,,0.96875,gptq,google_gemma-3-27b-it
layer,54,0.28922004,,1.0,gptq,google_gemma-3-27b-it
layer,55,0.21250167,,1.0,gptq,google_gemma-3-27b-it
layer,56,0.44659185,,0.96875,gptq,google_gemma-3-27b-it
layer,57,0.17696364,,1.0,gptq,google_gemma-3-27b-it
layer,58,0.33570695,,1.0,gptq,google_gemma-3-27b-it
layer,59,0.96473503,,0.5625,gptq,google_gemma-3-27b-it
layer,60,0.4686896,,1.0,gptq,google_gemma-3-27b-it
layer,61,0.9914472,,0.53125,gptq,google_gemma-3-27b-it
global,-1,2.817701,1.1256221532821655,0.1345486111111111,bfloat16,Qwen_Qwen3-8B
layer,0,3.625384,,0.0,bfloat16,Qwen_Qwen3-8B
layer,1,3.6253526,,0.0,bfloat16,Qwen_Qwen3-8B
layer,2,3.6253712,,0.0,bfloat16,Qwen_Qwen3-8B
layer,3,3.6252532,,0.0,bfloat16,Qwen_Qwen3-8B
layer,4,3.6247687,,0.0,bfloat16,Qwen_Qwen3-8B
layer,5,3.6242595,,0.0,bfloat16,Qwen_Qwen3-8B
layer,6,3.6203246,,0.0,bfloat16,Qwen_Qwen3-8B
layer,7,3.6192694,,0.0,bfloat16,Qwen_Qwen3-8B
layer,8,3.6121912,,0.0,bfloat16,Qwen_Qwen3-8B
layer,9,3.616755,,0.0,bfloat16,Qwen_Qwen3-8B
layer,10,3.5704036,,0.0,bfloat16,Qwen_Qwen3-8B
layer,11,3.6104755,,0.0,bfloat16,Qwen_Qwen3-8B
layer,12,3.6059432,,0.0,bfloat16,Qwen_Qwen3-8B
layer,13,3.6135106,,0.0,bfloat16,Qwen_Qwen3-8B
layer,14,3.6001804,,0.0,bfloat16,Qwen_Qwen3-8B
layer,15,3.5781722,,0.0,bfloat16,Qwen_Qwen3-8B
layer,16,3.5137305,,0.0,bfloat16,Qwen_Qwen3-8B
layer,17,3.5467296,,0.0,bfloat16,Qwen_Qwen3-8B
layer,18,3.5175018,,0.0,bfloat16,Qwen_Qwen3-8B
layer,19,3.3302774,,0.0,bfloat16,Qwen_Qwen3-8B
layer,20,3.3800306,,0.0,bfloat16,Qwen_Qwen3-8B
layer,21,3.2097392,,0.0,bfloat16,Qwen_Qwen3-8B
layer,22,2.7777438,,0.0,bfloat16,Qwen_Qwen3-8B
layer,23,2.6637337,,0.0,bfloat16,Qwen_Qwen3-8B
layer,24,2.513018,,0.0,bfloat16,Qwen_Qwen3-8B
layer,25,2.6999202,,0.0,bfloat16,Qwen_Qwen3-8B
layer,26,2.5578928,,0.0,bfloat16,Qwen_Qwen3-8B
layer,27,2.4032474,,0.0,bfloat16,Qwen_Qwen3-8B
layer,28,2.3036847,,0.0,bfloat16,Qwen_Qwen3-8B
layer,29,1.5854765,,0.0,bfloat16,Qwen_Qwen3-8B
layer,30,1.230953,,0.34375,bfloat16,Qwen_Qwen3-8B
layer,31,0.82854414,,0.65625,bfloat16,Qwen_Qwen3-8B
layer,32,0.63585114,,0.84375,bfloat16,Qwen_Qwen3-8B
layer,33,0.39522952,,1.0,bfloat16,Qwen_Qwen3-8B
layer,34,0.4191265,,1.0,bfloat16,Qwen_Qwen3-8B
layer,35,0.12719129,,1.0,bfloat16,Qwen_Qwen3-8B
global,-1,2.9129095,1.078312635421753,0.1232638888888889,hqq,Qwen_Qwen3-8B
layer,0,3.6253843,,0.0,hqq,Qwen_Qwen3-8B
layer,1,3.6253529,,0.0,hqq,Qwen_Qwen3-8B
layer,2,3.625371,,0.0,hqq,Qwen_Qwen3-8B
layer,3,3.6252606,,0.0,hqq,Qwen_Qwen3-8B
layer,4,3.624751,,0.0,hqq,Qwen_Qwen3-8B
layer,5,3.624534,,0.0,hqq,Qwen_Qwen3-8B
layer,6,3.6222653,,0.0,hqq,Qwen_Qwen3-8B
layer,7,3.6220555,,0.0,hqq,Qwen_Qwen3-8B
layer,8,3.615683,,0.0,hqq,Qwen_Qwen3-8B
layer,9,3.6188593,,0.0,hqq,Qwen_Qwen3-8B
layer,10,3.5817494,,0.0,hqq,Qwen_Qwen3-8B
layer,11,3.614216,,0.0,hqq,Qwen_Qwen3-8B
layer,12,3.6082118,,0.0,hqq,Qwen_Qwen3-8B
layer,13,3.6161716,,0.0,hqq,Qwen_Qwen3-8B
layer,14,3.6038365,,0.0,hqq,Qwen_Qwen3-8B
layer,15,3.5901718,,0.0,hqq,Qwen_Qwen3-8B
layer,16,3.5440278,,0.0,hqq,Qwen_Qwen3-8B
layer,17,3.5689957,,0.0,hqq,Qwen_Qwen3-8B
layer,18,3.5489755,,0.0,hqq,Qwen_Qwen3-8B
layer,19,3.4174662,,0.0,hqq,Qwen_Qwen3-8B
layer,20,3.4614778,,0.0,hqq,Qwen_Qwen3-8B
layer,21,3.3503408,,0.0,hqq,Qwen_Qwen3-8B
layer,22,3.0542006,,0.0,hqq,Qwen_Qwen3-8B
layer,23,2.9477944,,0.0,hqq,Qwen_Qwen3-8B
layer,24,2.8226423,,0.0,hqq,Qwen_Qwen3-8B
layer,25,2.9554622,,0.0,hqq,Qwen_Qwen3-8B
layer,26,2.8325176,,0.0,hqq,Qwen_Qwen3-8B
layer,27,2.6999602,,0.0,hqq,Qwen_Qwen3-8B
layer,28,2.59653,,0.0,hqq,Qwen_Qwen3-8B
layer,29,1.8662626,,0.0,hqq,Qwen_Qwen3-8B
layer,30,1.4697163,,0.28125,hqq,Qwen_Qwen3-8B
layer,31,1.0560834,,0.40625,hqq,Qwen_Qwen3-8B
layer,32,0.77286625,,0.75,hqq,Qwen_Qwen3-8B
layer,33,0.44612315,,1.0,hqq,Qwen_Qwen3-8B
layer,34,0.40817332,,1.0,hqq,Qwen_Qwen3-8B
layer,35,0.20125201,,1.0,hqq,Qwen_Qwen3-8B
global,-1,3.6254086,2.384185791015625e-07,0.0,int4,Qwen_Qwen3-8B
layer,0,3.625409,,0.0,int4,Qwen_Qwen3-8B
layer,1,3.625409,,0.0,int4,Qwen_Qwen3-8B
layer,2,3.625409,,0.0,int4,Qwen_Qwen3-8B
layer,3,3.625409,,0.0,int4,Qwen_Qwen3-8B
layer,4,3.625409,,0.0,int4,Qwen_Qwen3-8B
layer,5,3.625409,,0.0,int4,Qwen_Qwen3-8B
layer,6,3.625409,,0.0,int4,Qwen_Qwen3-8B
layer,7,3.625409,,0.0,int4,Qwen_Qwen3-8B
layer,8,3.625409,,0.0,int4,Qwen_Qwen3-8B
layer,9,3.625409,,0.0,int4,Qwen_Qwen3-8B
layer,10,3.625409,,0.0,int4,Qwen_Qwen3-8B
layer,11,3.625409,,0.0,int4,Qwen_Qwen3-8B
layer,12,3.625409,,0.0,int4,Qwen_Qwen3-8B
layer,13,3.625409,,0.0,int4,Qwen_Qwen3-8B
layer,14,3.625409,,0.0,int4,Qwen_Qwen3-8B
layer,15,3.625409,,0.0,int4,Qwen_Qwen3-8B
layer,16,3.625409,,0.0,int4,Qwen_Qwen3-8B
layer,17,3.625409,,0.0,int4,Qwen_Qwen3-8B
layer,18,3.625409,,0.0,int4,Qwen_Qwen3-8B
layer,19,3.625409,,0.0,int4,Qwen_Qwen3-8B
layer,20,3.625409,,0.0,int4,Qwen_Qwen3-8B
layer,21,3.625409,,0.0,int4,Qwen_Qwen3-8B
layer,22,3.625409,,0.0,int4,Qwen_Qwen3-8B
layer,23,3.625409,,0.0,int4,Qwen_Qwen3-8B
layer,24,3.625409,,0.0,int4,Qwen_Qwen3-8B
layer,25,3.625409,,0.0,int4,Qwen_Qwen3-8B
layer,26,3.625409,,0.0,int4,Qwen_Qwen3-8B
layer,27,3.625409,,0.0,int4,Qwen_Qwen3-8B
layer,28,3.625409,,0.0,int4,Qwen_Qwen3-8B
layer,29,3.625409,,0.0,int4,Qwen_Qwen3-8B
layer,30,3.625409,,0.0,int4,Qwen_Qwen3-8B
layer,31,3.625409,,0.0,int4,Qwen_Qwen3-8B
layer,32,3.625409,,0.0,int4,Qwen_Qwen3-8B
layer,33,3.625409,,0.0,int4,Qwen_Qwen3-8B
layer,34,3.625409,,0.0,int4,Qwen_Qwen3-8B
layer,35,3.625409,,0.0,int4,Qwen_Qwen3-8B
global,-1,3.6254086,2.384185791015625e-07,0.0,int8,Qwen_Qwen3-8B
layer,0,3.625409,,0.0,int8,Qwen_Qwen3-8B
layer,1,3.625409,,0.0,int8,Qwen_Qwen3-8B
layer,2,3.625409,,0.0,int8,Qwen_Qwen3-8B
layer,3,3.625409,,0.0,int8,Qwen_Qwen3-8B
layer,4,3.625409,,0.0,int8,Qwen_Qwen3-8B
layer,5,3.625409,,0.0,int8,Qwen_Qwen3-8B
layer,6,3.625409,,0.0,int8,Qwen_Qwen3-8B
layer,7,3.625409,,0.0,int8,Qwen_Qwen3-8B
layer,8,3.625409,,0.0,int8,Qwen_Qwen3-8B
layer,9,3.625409,,0.0,int8,Qwen_Qwen3-8B
layer,10,3.625409,,0.0,int8,Qwen_Qwen3-8B
layer,11,3.625409,,0.0,int8,Qwen_Qwen3-8B
layer,12,3.625409,,0.0,int8,Qwen_Qwen3-8B
layer,13,3.625409,,0.0,int8,Qwen_Qwen3-8B
layer,14,3.625409,,0.0,int8,Qwen_Qwen3-8B
layer,15,3.625409,,0.0,int8,Qwen_Qwen3-8B
layer,16,3.625409,,0.0,int8,Qwen_Qwen3-8B
layer,17,3.625409,,0.0,int8,Qwen_Qwen3-8B
layer,18,3.625409,,0.0,int8,Qwen_Qwen3-8B
layer,19,3.625409,,0.0,int8,Qwen_Qwen3-8B
layer,20,3.625409,,0.0,int8,Qwen_Qwen3-8B
layer,21,3.625409,,0.0,int8,Qwen_Qwen3-8B
layer,22,3.625409,,0.0,int8,Qwen_Qwen3-8B
layer,23,3.625409,,0.0,int8,Qwen_Qwen3-8B
layer,24,3.625409,,0.0,int8,Qwen_Qwen3-8B
layer,25,3.625409,,0.0,int8,Qwen_Qwen3-8B
layer,26,3.625409,,0.0,int8,Qwen_Qwen3-8B
layer,27,3.625409,,0.0,int8,Qwen_Qwen3-8B
layer,28,3.625409,,0.0,int8,Qwen_Qwen3-8B
layer,29,3.625409,,0.0,int8,Qwen_Qwen3-8B
layer,30,3.625409,,0.0,int8,Qwen_Qwen3-8B
layer,31,3.625409,,0.0,int8,Qwen_Qwen3-8B
layer,32,3.625409,,0.0,int8,Qwen_Qwen3-8B
layer,33,3.625409,,0.0,int8,Qwen_Qwen3-8B
layer,34,3.625409,,0.0,int8,Qwen_Qwen3-8B
layer,35,3.625409,,0.0,int8,Qwen_Qwen3-8B
